"run_ID"	"psi_z0_row1"	"psi_z1_row1"	"nu_row1"	"rho_row1"	"estimYs_row1"	"sd_row1"	"quantile025_row1"	"quantile975_row1"	"CIlength95_row1"	"psi_z0_row2"	"psi_z1_row2"	"nu_row2"	"rho_row2"	"estimYs_row2"	"sd_row2"	"quantile025_row2"	"quantile975_row2"	"CIlength95_row2"	"psi_z0_row3"	"psi_z1_row3"	"nu_row3"	"rho_row3"	"estimYs_row3"	"sd_row3"	"quantile025_row3"	"quantile975_row3"	"CIlength95_row3"	"psi_z0_row4"	"psi_z1_row4"	"nu_row4"	"rho_row4"	"estimYs_row4"	"sd_row4"	"quantile025_row4"	"quantile975_row4"	"CIlength95_row4"	"psi_z0_row5"	"psi_z1_row5"	"nu_row5"	"rho_row5"	"estimYs_row5"	"sd_row5"	"quantile025_row5"	"quantile975_row5"	"CIlength95_row5"	"psi_z0_row6"	"psi_z1_row6"	"nu_row6"	"rho_row6"	"estimYs_row6"	"sd_row6"	"quantile025_row6"	"quantile975_row6"	"CIlength95_row6"	"psi_z0_row7"	"psi_z1_row7"	"nu_row7"	"rho_row7"	"estimYs_row7"	"sd_row7"	"quantile025_row7"	"quantile975_row7"	"CIlength95_row7"	"psi_z0_row8"	"psi_z1_row8"	"nu_row8"	"rho_row8"	"estimYs_row8"	"sd_row8"	"quantile025_row8"	"quantile975_row8"	"CIlength95_row8"
1	0	0	0	0.1	0.163923996894534	0.0285814788773367	0.110418270856057	0.217756618496614	0.107338347640556	0	0	0	0.2	0.300558911369292	0.0519807536865715	0.201812184404077	0.40164822784496	0.199836043440883	0	0	1	0.1	0.141481076935045	0.024336807732253	0.0958523363577824	0.18946056815386	0.0936082317960778	0	0	1	0.2	0.300661725389843	0.0514604088943776	0.202042716880898	0.402979903010322	0.200937186129424	0	0	2	0.1	0.146850132387294	0.025126394881511	0.0988242602553009	0.196771236514011	0.0979469762587106	0	0	2	0.2	0.321274953792883	0.0548370230893858	0.217013009283422	0.429592437657138	0.212579428373715	0	0	3	0.1	0.155940643584157	0.0266691554182132	0.105250088536292	0.208779285038412	0.10352919650212	0	0	3	0.2	0.344206970534336	0.0588039608196989	0.232605816486252	0.459013149637911	0.226407333151659
23	0	0	0	0.1	0.205782148494888	0.0280379983308654	0.154331990897754	0.260290169829478	0.105958178931724	0	0	0	0.2	0.377200848777857	0.0509458697219266	0.284202395720088	0.475957950450631	0.191755554730544	0	0	1	0.1	0.17524598652837	0.0238624900910555	0.131510631705974	0.22127241922952	0.0897617875235462	0	0	1	0.2	0.373893110700072	0.0506146811890015	0.280983883228724	0.473409320587422	0.192425437358698	0	0	2	0.1	0.182180996338001	0.0246693623199046	0.136475336866871	0.230657108625692	0.0941817717588212	0	0	2	0.2	0.399512545943658	0.0540030458088169	0.299249582127073	0.50743440462092	0.208184822493846	0	0	3	0.1	0.193671172412028	0.0262138428892248	0.145005683033264	0.245608580721276	0.100602897688013	0	0	3	0.2	0.428315156279538	0.0580147783106514	0.321533883972428	0.54483429051228	0.223300406539852
25	0	0	0	0.1	0.252351560603106	0.0300854967593786	0.193625976324284	0.315696907984337	0.122070931660053	0	0	0	0.2	0.465306197494409	0.0549115516558158	0.355581569866179	0.578037580887286	0.222456011021106	0	0	1	0.1	0.217495701230042	0.0260108333063525	0.166798260344129	0.27042157624632	0.103623315902191	0	0	1	0.2	0.464119708636896	0.0551727754293563	0.355576212398295	0.576525668032551	0.220949455634255	0	0	2	0.1	0.225836792223283	0.0270175937803638	0.173871795559122	0.280309673077425	0.106437877518303	0	0	2	0.2	0.495411057962108	0.0591700785391425	0.382901907141665	0.614736787037419	0.231834879895754	0	0	3	0.1	0.239778251104306	0.0287453324680302	0.185154718510747	0.298688447068358	0.113533728557611	0	0	3	0.2	0.530515751123033	0.063510823536756	0.411175793841077	0.657752945372642	0.246577151531565
40	0	0	0	0.1	0.221897610173653	0.0308368337126608	0.161864384414393	0.276937452443549	0.115073068029155	0	0	0	0.2	0.409066768877514	0.0563835041163413	0.297783283201364	0.509092671113546	0.211309387912182	0	0	1	0.1	0.194307195995922	0.0270014984015577	0.140291754405043	0.244177917879691	0.103886163474649	0	0	1	0.2	0.413675073168941	0.0572392775889827	0.29773914526138	0.519938902692478	0.222199757431099	0	0	2	0.1	0.202576628384259	0.0281164111023788	0.146369666382228	0.255516642366424	0.109146975984195	0	0	2	0.2	0.443743784647558	0.0615043675859807	0.320322932177467	0.559442174083538	0.239119241906071	0	0	3	0.1	0.215649332305021	0.0299622034326559	0.156609053764259	0.271938142903218	0.115329089138959	0	0	3	0.2	0.476545249760944	0.0661170941550488	0.345392103616176	0.601264329866137	0.255872226249961
66	0	0	0	0.1	0.224839099890459	0.0276036072538545	0.171541929482724	0.27868958390458	0.107147654421856	0	0	0	0.2	0.416705492675124	0.0505879172050323	0.318736093723127	0.51352426567506	0.194788171951933	0	0	1	0.1	0.197190611818213	0.0240735667378304	0.150844111778413	0.244540144144046	0.0936960323656331	0	0	1	0.2	0.423592778850474	0.0514207279653411	0.324030561584287	0.529453510131127	0.20542294854684	0	0	2	0.1	0.208279869330087	0.0253066301978872	0.160073071244361	0.260661611162637	0.100588539918276	0	0	2	0.2	0.458655470926145	0.0556488801877918	0.35193827433954	0.573866922883754	0.221928648544214	0	0	3	0.1	0.223290537552558	0.0271122660865588	0.171130757420527	0.27914687747907	0.108016120058543	0	0	3	0.2	0.495350740770743	0.0601792305573676	0.3810040331706	0.619211149041061	0.238207115870461
2	0	0	0	0.1	0.205805042736467	0.0279959843561549	0.15459174309796	0.263957853758533	0.109366110660574	0	0	0	0.2	0.383636797301601	0.0515811937887413	0.289175570248472	0.489533469814259	0.200357899565787	0	0	1	0.1	0.183689725561272	0.0247611394531793	0.138476980480433	0.233008266446993	0.0945312859665597	0	0	1	0.2	0.394943465224357	0.0529183410713423	0.297838162327023	0.500030974555236	0.202192812228212	0	0	2	0.1	0.194753072148702	0.0261166737968565	0.145956355991343	0.244780149769539	0.0988237937781956	0	0	2	0.2	0.429158644980739	0.0575016381797734	0.321972616023721	0.539299862337823	0.217327246314102	0	0	3	0.1	0.209069469914272	0.0280329169671477	0.157144218316905	0.262675903493508	0.105531685176603	0	0	3	0.2	0.464352205143799	0.0622686032218133	0.34845550517709	0.5831355367772	0.23468003160011
19	0	0	0	0.1	0.221766391979314	0.0286770344866762	0.167738317474593	0.277640621881925	0.109902304407332	0	0	0	0.2	0.410992832247909	0.052584818983936	0.310839853480502	0.512372331817742	0.201532478337239	0	0	1	0.1	0.193464960780771	0.024829513185268	0.145943870653339	0.242078316564685	0.0961344459113466	0	0	1	0.2	0.414188473300141	0.0528699847341187	0.313399071771384	0.518195001081946	0.204795929310563	0	0	2	0.1	0.202273621872554	0.0258655596204446	0.152669686040961	0.253356746697363	0.100687060656403	0	0	2	0.2	0.444732366903017	0.0567843069415688	0.335719786919045	0.557520390823817	0.221800603904772	0	0	3	0.1	0.215631575544456	0.0276022977966602	0.163598365042843	0.268965209037218	0.105366843994375	0	0	3	0.2	0.477773266093236	0.0610674807706	0.363940888033853	0.597366338254165	0.233425450220313
81	0	0	0	0.1	0.222493018101653	0.0301097793133037	0.162952701332276	0.280730871933267	0.117778170600991	0	0	0	0.2	0.404713827504859	0.0543152356215918	0.299644620150886	0.50786843902559	0.208223818874704	0	0	1	0.1	0.185751121480183	0.0249720783586516	0.137892051708936	0.233406352798177	0.0955143010892415	0	0	1	0.2	0.393285559641642	0.0526815837576034	0.292945753131368	0.493553457507986	0.200607704376618	0	0	2	0.1	0.189660521124672	0.0255130886496412	0.140909997140929	0.24025935852981	0.0993493613888811	0	0	2	0.2	0.414121088181358	0.0556396938603021	0.307580101392892	0.524271874209976	0.216691772817084	0	0	3	0.1	0.199686767268518	0.0269171644300517	0.14813959263579	0.254758906446739	0.106619313810949	0	0	3	0.2	0.440171596351279	0.0594251113923638	0.326571275001343	0.561993517748654	0.235422242747311
70	0	0	0	0.1	0.21428751526168	0.0297443537702822	0.154888057789844	0.272349881799321	0.117461824009476	0	0	0	0.2	0.391777652949237	0.053921802462396	0.285221460760493	0.496190698743698	0.210969237983205	0	0	1	0.1	0.181421640882709	0.0250364271562364	0.132388731203551	0.229342960904287	0.0969542297007357	0	0	1	0.2	0.385378091047303	0.0529247828280135	0.281052415979785	0.485991497754082	0.204939081774297	0	0	2	0.1	0.1868067390785	0.025707000185866	0.136583204093943	0.235380883768105	0.0987976796741618	0	0	2	0.2	0.408627303272057	0.0561364671683527	0.299435857100663	0.515371052838661	0.215935195737998	0	0	3	0.1	0.19753649973686	0.0272150192750913	0.145083229800856	0.249134378967268	0.104051149166412	0	0	3	0.2	0.436068164589579	0.0600113258887853	0.320877602383394	0.550106517099568	0.229228914716174
87	0	0	0	0.1	0.253158705557141	0.028799391276714	0.19627478177534	0.308717838896149	0.112443057120809	0	0	0	0.2	0.472156532223791	0.0532104135740957	0.367648928767089	0.573945234427948	0.206296305660859	0	0	1	0.1	0.227891882370733	0.0259554030157169	0.176970657252359	0.27898963350947	0.102018976257111	0	0	1	0.2	0.488934276171167	0.0554631097729533	0.380292138621118	0.600449447115056	0.220157308493938	0	0	2	0.1	0.241465621619351	0.0275781022978761	0.187748400762618	0.296931021354731	0.109182620592113	0	0	2	0.2	0.531468696001669	0.0607059630509091	0.415623315161266	0.654549884981599	0.238926569820333	0	0	3	0.1	0.259169663006106	0.0297518620885424	0.201885601267146	0.319083006010309	0.117197404743163	0	0	3	0.2	0.574938122040451	0.0660846255291999	0.447356493816927	0.709528760533786	0.262172266716858
68	0	0	0	0.1	0.237097462250876	0.028636015538906	0.180902634866624	0.292895577041546	0.111992942174922	0	0	0	0.2	0.433800841573949	0.0518687771854926	0.3311081692684	0.533870825163628	0.202762655895229	0	0	1	0.1	0.201460135693842	0.0244216733938031	0.154675892738335	0.248828983398418	0.0941530906600831	0	0	1	0.2	0.42922350522433	0.0517366979742853	0.327796829111611	0.529507568410083	0.201710739298471	0	0	2	0.1	0.208945478091078	0.0253480987494561	0.159268281978734	0.257873935046001	0.0986056530672666	0	0	2	0.2	0.457793231584579	0.0553352895577543	0.349839800980395	0.564535898171902	0.214696097191507	0	0	3	0.1	0.221923715006314	0.0268847472442391	0.169484373344985	0.275121330356899	0.105636957011913	0	0	3	0.2	0.490325752290596	0.0594215421940124	0.373499674188251	0.607458042723542	0.233958368535291
47	0	0	0	0.1	0.197533177889355	0.0273967731043366	0.143655274841959	0.250290935013038	0.106635660171079	0	0	0	0.2	0.363154311539558	0.0501193242086692	0.262859036296154	0.460878684801184	0.19801964850503	0	0	1	0.1	0.168932511858558	0.0234961174912487	0.12359701940111	0.214707760445492	0.091110741044382	0	0	1	0.2	0.361287512788909	0.050238484207316	0.263135434104139	0.458298798549979	0.19516336444584	0	0	2	0.1	0.17628904452758	0.0246087710491678	0.127558190050922	0.223243953904623	0.0956857638537018	0	0	2	0.2	0.387056453083438	0.0541023667532884	0.280264775149103	0.490780874781116	0.210516099632013	0	0	3	0.1	0.18779255699374	0.0263294908136807	0.135758155381703	0.238043493907873	0.10228533852617	0	0	3	0.2	0.415665529964357	0.0583327279634168	0.29945113600986	0.526760218825975	0.227309082816115
13	0	0	0	0.1	0.172427551955882	0.0285938137221557	0.118336533460368	0.229010831300487	0.110674297840118	0	0	0	0.2	0.317528078762988	0.0523611666099374	0.219961906050228	0.420909997027749	0.20094809097752	0	0	1	0.1	0.148093939649841	0.0244821376714879	0.10288738081848	0.196549375933346	0.0936619951148664	0	0	1	0.2	0.316372566564486	0.0521850081196586	0.220733836616306	0.420612934415533	0.199879097799227	0	0	2	0.1	0.154154112989031	0.0255195757104399	0.106787022354236	0.204990057765225	0.0982030354109888	0	0	2	0.2	0.338476190343477	0.0559534097810239	0.234658875608208	0.449131274820373	0.214472399212165	0	0	3	0.1	0.164020103746321	0.0271773607295166	0.113008477384284	0.21821484507232	0.105206367688036	0	0	3	0.2	0.363159341148252	0.060204736424303	0.251137914018139	0.484767847985483	0.233629933967343
94	0	0	0	0.1	0.204479782569433	0.0296252306670989	0.149149585408155	0.264093312593588	0.114943727185433	0	0	0	0.2	0.378384518236778	0.0542306594951354	0.279111164961256	0.489622736350794	0.210511571389538	0	0	1	0.1	0.180618486086497	0.0258653159658414	0.134239125677862	0.234970296090467	0.100731170412605	0	0	1	0.2	0.385981076099924	0.0550365146639917	0.286696957758905	0.500863745005457	0.214166787246553	0	0	2	0.1	0.18988121441255	0.0271818205042235	0.140660761280697	0.246446919305549	0.105786158024852	0	0	2	0.2	0.416806045032134	0.0596095805945814	0.30953427588907	0.53809892299281	0.228564647103739	0	0	3	0.1	0.202939595401735	0.0291338081030526	0.149891405063627	0.262393223815922	0.112501818752294	0	0	3	0.2	0.449290066837577	0.0645333634440802	0.332668913708037	0.581547755975258	0.248878842267221
37	0	0	0	0.1	0.261456493743482	0.0293678498853263	0.202604588658154	0.319092723275419	0.116488134617266	0	0	0	0.2	0.476798620420865	0.0527632917503106	0.369909692324331	0.58149585277524	0.211586160450909	0	0	1	0.1	0.220409685762915	0.024593114112055	0.172060857842323	0.267629961273983	0.0955691034316596	0	0	1	0.2	0.468291765626215	0.0518059163424238	0.365289359646833	0.56673177115139	0.201442411504557	0	0	2	0.1	0.227173679776652	0.0252913572663377	0.177616236015356	0.276254562834761	0.0986383268194057	0	0	2	0.2	0.496933535579026	0.0552104721904399	0.387617458169835	0.604426397520591	0.216808939350756	0	0	3	0.1	0.24046908275012	0.0268580632195572	0.186728343098459	0.291421833831351	0.104693490732891	0	0	3	0.2	0.530640908113736	0.0591847414252374	0.412951902886108	0.644617044825656	0.231665141939548
83	0	0	0	0.1	0.179298066505472	0.0267437738527414	0.129423339234748	0.232862352399209	0.10343901316446	0	0	0	0.2	0.329574254208199	0.0486409091794872	0.239487995469164	0.426410327002532	0.186922331533368	0	0	1	0.1	0.153552269791044	0.0226928633679212	0.112027202734657	0.199168344367415	0.0871411416327583	0	0	1	0.2	0.328449305517615	0.0483321445850189	0.238894685141639	0.427951749469759	0.189057064328121	0	0	2	0.1	0.160454559142613	0.0236703508284458	0.116663928218668	0.209835006070032	0.0931710778513647	0	0	2	0.2	0.352326230857981	0.0519201495876568	0.256334849771462	0.460364213344389	0.204029363572927	0	0	3	0.1	0.171092254268205	0.0252697938107009	0.124697593731415	0.224098131160357	0.0994005374289412	0	0	3	0.2	0.378748064254666	0.0559610760037888	0.274380844490067	0.494786511811753	0.220405667321686
71	0	0	0	0.1	0.258459224465136	0.0293099216301038	0.202445898644942	0.318063544448954	0.115617645804012	0	0	0	0.2	0.474615149357113	0.0531321936398523	0.37198084906085	0.583188420180118	0.211207571119268	0	0	1	0.1	0.224903720455778	0.0254179665130726	0.175722708239031	0.274445048079553	0.0987223398405226	0	0	1	0.2	0.478395199323746	0.0536531071371777	0.373101398986655	0.583859923947562	0.210758524960908	0	0	2	0.1	0.234372879738941	0.0264375386572437	0.18230822655378	0.285915605671558	0.103607379117778	0	0	2	0.2	0.512977523844962	0.0577063639347339	0.398937717577357	0.626371997413958	0.227434279836601	0	0	3	0.1	0.249409211099537	0.0281302468769675	0.193825369818648	0.304891784769468	0.111066414950819	0	0	3	0.2	0.550680870678296	0.0621986444435927	0.4284485772625	0.672779224389631	0.244330647127131
16	0	0	0	0.1	0.202435102317967	0.028656691389607	0.147709021007879	0.256495630930427	0.108786609922547	0	0	0	0.2	0.374112195012993	0.0524464641049523	0.27307785010474	0.473403849807234	0.200325999702494	0	0	1	0.1	0.176745162927196	0.025045374262289	0.130167290836212	0.226529191588055	0.0963619007518432	0	0	1	0.2	0.377952823512249	0.0532937404397014	0.278890202867587	0.482381113223157	0.20349091035557	0	0	2	0.1	0.185145545131118	0.0262401120364937	0.136280950116991	0.237250780743464	0.100969830626472	0	0	2	0.2	0.406708138451402	0.0576005538060827	0.301436874786479	0.520423880931255	0.218987006144776	0	0	3	0.1	0.197600050535469	0.0280956090982631	0.145899634388754	0.253043962372308	0.107144327983554	0	0	3	0.2	0.437711879533176	0.0622417807356859	0.324181881914249	0.560214577838633	0.236032695924384
79	0	0	0	0.1	0.237932652965783	0.0281361389469253	0.180642577339178	0.290256416003962	0.109613838664784	0	0	0	0.2	0.435920470835478	0.050967344514951	0.33254337418063	0.533074585593469	0.200531211412839	0	0	1	0.1	0.201060790330007	0.02376162859439	0.152376687292918	0.245901828667502	0.0935251413745846	0	0	1	0.2	0.429248271342268	0.0504296843286331	0.326950503884205	0.523035714159071	0.196085210274866	0	0	2	0.1	0.208570546380254	0.0246419690389459	0.157481657408998	0.254859363056679	0.0973777056476808	0	0	2	0.2	0.45748087170462	0.0539871864070762	0.34525406135517	0.560106244733661	0.214852183378491	0	0	3	0.1	0.221458057520719	0.0263030823907966	0.167306900488836	0.27156355361939	0.104256653130554	0	0	3	0.2	0.4899015213484	0.058096337761112	0.368924525745683	0.600341953686928	0.231417427941245
46	0	0	0	0.1	0.170222031359669	0.0278448918537508	0.120577372199652	0.226827454568733	0.106250082369081	0	0	0	0.2	0.318040187384437	0.0518562805444478	0.225095201852108	0.422445902174114	0.197350700322006	0	0	1	0.1	0.154396766416802	0.0251775319357692	0.108634112472186	0.205691098406472	0.0970569859342852	0	0	1	0.2	0.331807458502499	0.0541202112987243	0.233594815514976	0.444311774578534	0.210716959063558	0	0	2	0.1	0.164497132666202	0.0268403940790008	0.116285428224194	0.218464226766786	0.102178798542592	0	0	2	0.2	0.362391790068016	0.0592410038944023	0.255973295453168	0.48254765484548	0.226574359392313	0	0	3	0.1	0.177087017201877	0.0289398108963324	0.124985850761481	0.235703232574838	0.110717381813357	0	0	3	0.2	0.393233280127304	0.0644265892503956	0.278084521273106	0.526815353784355	0.248730832511249
77	0	0	0	0.1	0.24974864837329	0.0292973176363345	0.194390223304922	0.30681067545457	0.112420452149648	0	0	0	0.2	0.4638884295388	0.054071464841938	0.361821212911287	0.567902310823198	0.206081097911911	0	0	1	0.1	0.216809542055295	0.025594065087023	0.169301939621852	0.265758673518317	0.0964567338964652	0	0	1	0.2	0.465321249340922	0.054809793363861	0.363253350127712	0.571170028917154	0.207916678789441	0	0	2	0.1	0.226662416070607	0.0268999990233696	0.176557859305579	0.278653924366195	0.102096065060616	0	0	2	0.2	0.499180399195104	0.059246398466662	0.388593206967806	0.613817730248946	0.225224523281139	0	0	3	0.1	0.24157743536291	0.028824248635096	0.188561790961037	0.298050564070756	0.109488773109719	0	0	3	0.2	0.536249071222733	0.0640364592222587	0.418765496953115	0.660481326748548	0.241715829795434
3	0	0	0	0.1	0.177470677242461	0.0297591996592669	0.120374619455119	0.235938127865975	0.115563508410855	0	0	0	0.2	0.326552477334539	0.0543273736927702	0.221044568365067	0.433543953544945	0.212499385179878	0	0	1	0.1	0.15341461747332	0.0255067946807784	0.104467509262613	0.203467541707229	0.0990000324446159	0	0	1	0.2	0.327212686572422	0.0542251303406823	0.222064194774595	0.433998584201747	0.211934389427152	0	0	2	0.1	0.159927682261628	0.0265036827696741	0.10874805086235	0.213349124187643	0.104601073325293	0	0	2	0.2	0.350638885393407	0.0580653826484925	0.238329753013267	0.468846042658213	0.230516289644946	0	0	3	0.1	0.17026071307057	0.0282757875878492	0.115605719941822	0.228376985936063	0.112771265994241	0	0	3	0.2	0.376591025095481	0.0624083140801974	0.255492978325407	0.50393895573661	0.248445977411203
18	0	0	0	0.1	0.211416822054904	0.0298069247395238	0.156277982966928	0.274365485721615	0.118087502754687	0	0	0	0.2	0.391770415064199	0.0547235831565086	0.291425464979884	0.499346524502047	0.207921059522163	0	0	1	0.1	0.187713272240195	0.0261659762364642	0.139463718450151	0.237592022851409	0.0981283044012577	0	0	1	0.2	0.401649232288763	0.0557650790088581	0.297934350347088	0.507103994649479	0.209169644302391	0	0	2	0.1	0.197909001069591	0.0274501260426821	0.146663933894022	0.250066874912093	0.103402941018071	0	0	2	0.2	0.434815656409686	0.0602094528133849	0.321971049584896	0.547944218385701	0.225973168800805	0	0	3	0.1	0.211972327553366	0.0293152282474747	0.157669469163627	0.26758285338787	0.109913384224242	0	0	3	0.2	0.469419751431522	0.0649562179195018	0.348010612149871	0.591764428269701	0.24375381611983
59	0	0	0	0.1	0.213632369750098	0.02705478306124	0.164083293021669	0.265092343975046	0.101009050953377	0	0	0	0.2	0.397831974911093	0.0499990875271	0.305810705350303	0.499568808353278	0.193758103002976	0	0	1	0.1	0.187060395191778	0.0235561543792139	0.14328245247893	0.235097292981189	0.0918148405022597	0	0	1	0.2	0.402702146970847	0.050564344892578	0.307237339843535	0.507480064336153	0.200242724492618	0	0	2	0.1	0.197163095471867	0.0247345826856936	0.150977329159463	0.248699958116087	0.0977226289566235	0	0	2	0.2	0.435090875988683	0.054591859142284	0.333641598280646	0.549536014262912	0.215894415982266	0	0	3	0.1	0.211097331162143	0.0265477650797758	0.161623088433963	0.266552831849778	0.104929743415815	0	0	3	0.2	0.469311322846694	0.0589764885647289	0.36122121969293	0.594982781360851	0.233761561667921
75	0	0	0	0.1	0.243200287935355	0.0271321528754696	0.190973391576228	0.296826251781095	0.105852860204867	0	0	0	0.2	0.447256865901671	0.0492674438625866	0.351442362084369	0.54475525757716	0.193312895492791	0	0	1	0.1	0.210098759303244	0.0232601860436211	0.16501684253935	0.254919377298397	0.0899025347590473	0	0	1	0.2	0.448062236284073	0.0493007900766562	0.352454465750211	0.545503095130123	0.193048629379912	0	0	2	0.1	0.218857819598557	0.0241894365267656	0.170829260528093	0.265421904207778	0.0945926436796845	0	0	2	0.2	0.479856529720597	0.0530086633017156	0.374870081707659	0.58150204218219	0.206631960474531	0	0	3	0.1	0.232900574003531	0.0258532920739746	0.18181356685721	0.28188468758235	0.10007112072514	0	0	3	0.2	0.515050929637181	0.0572057730135601	0.400828691758411	0.624809911634141	0.22398121987573
21	0	0	0	0.1	0.17042626341521	0.0279136764494784	0.115332776491047	0.229674658558211	0.114341882067165	0	0	0	0.2	0.315317827413227	0.0512607462207891	0.215684897368401	0.423730327450972	0.208045430082572	0	0	1	0.1	0.148612903554886	0.0242533767267096	0.101630661801373	0.197820059881525	0.0961893980801528	0	0	1	0.2	0.31904423373495	0.0519197026159953	0.217109255790766	0.424710618117336	0.20760136232657	0	0	2	0.1	0.156653771369088	0.0255820898847661	0.107066182871014	0.208929667218975	0.101863484347961	0	0	2	0.2	0.344885637649922	0.0562473593040903	0.237987125886756	0.459609749957448	0.221622624070692	0	0	3	0.1	0.167818366912733	0.0274251914831565	0.115761281580124	0.223496502562827	0.107735220982703	0	0	3	0.2	0.372256795521057	0.0608470844991206	0.256585943374104	0.496112442850039	0.239526499475935
60	0	0	0	0.1	0.24387043254988	0.028521715266593	0.19124326713016	0.299251752466286	0.108008485336126	0	0	0	0.2	0.45135734400887	0.0521953162028563	0.355421314960568	0.551948238316834	0.196526923356266	0	0	1	0.1	0.213497539428682	0.0250079838175978	0.168129546358914	0.262646033029368	0.0945164866704542	0	0	1	0.2	0.45693220112149	0.0531494790566678	0.361623450512297	0.560129086921108	0.19850563640881	0	0	2	0.1	0.223922153533489	0.026250701223805	0.17534176174032	0.275335163072045	0.0999934013317254	0	0	2	0.2	0.492061250768505	0.0576145808965465	0.387311868475704	0.602024435498089	0.214712567022385	0	0	3	0.1	0.239056188678218	0.0281290117652069	0.187538494925191	0.294660960474029	0.107122465548838	0	0	3	0.2	0.529700468160784	0.0623507550189942	0.41366836713377	0.647784513798262	0.234116146664492
15	0	0	0	0.1	0.185408971432241	0.0279248745017041	0.133479841389168	0.241281088558093	0.107801247168926	0	0	0	0.2	0.341385013972109	0.0512309731960369	0.243336580253034	0.44411359651857	0.200777016265536	0	0	1	0.1	0.162343227608798	0.0244987233408831	0.115244300212533	0.211959683913987	0.0967153837014537	0	0	1	0.2	0.346654438659763	0.0521979694380266	0.246558410297976	0.44947629332559	0.202917883027614	0	0	2	0.1	0.170676707746862	0.0257113225330394	0.122221901478897	0.221671039170912	0.0994491376920145	0	0	2	0.2	0.37430359735205	0.0564482995056431	0.267584064342585	0.48775784609778	0.220173781755195	0	0	3	0.1	0.182498288062858	0.0275596254714896	0.130507367506715	0.238777385213983	0.108270017707268	0	0	3	0.2	0.403605096162755	0.060925195235312	0.287883570651705	0.525483303066588	0.237599732414884
17	0	0	0	0.1	0.216353475363387	0.0276425262367984	0.164094092257288	0.268905859979551	0.104811767722264	0	0	0	0.2	0.398855303102129	0.0506057372746153	0.302800132688672	0.495279331224341	0.192479198535668	0	0	1	0.1	0.188173004820741	0.0239576632849397	0.141389162133533	0.234676324896271	0.0932871627627376	0	0	1	0.2	0.402166881163254	0.051060396243445	0.303261273570525	0.501389108885759	0.198127835315234	0	0	2	0.1	0.197108747693811	0.025095063666021	0.147175998263844	0.245064220548185	0.0978882222843405	0	0	2	0.2	0.432662464851056	0.0550087428715681	0.324491799479205	0.538868930090948	0.214377130611742	0	0	3	0.1	0.210340185301725	0.0268164234485263	0.156557699752859	0.263397576310467	0.106839876557608	0	0	3	0.2	0.465556964420633	0.0592884644686661	0.347329702587723	0.580869934451858	0.233540231864134
93	0	0	0	0.1	0.272142935732164	0.0286591408060576	0.219826648428308	0.329125845820231	0.109299197391924	0	0	0	0.2	0.498346111582942	0.0518231355722592	0.402393243081303	0.59853913809758	0.196145895016278	0	0	1	0.1	0.235570449850279	0.0249809755968629	0.188276414903572	0.285343030106964	0.0970666152033921	0	0	1	0.2	0.500936651216062	0.0528350937168531	0.402771497583971	0.60394488477996	0.201173387195989	0	0	2	0.1	0.245403428151935	0.0261894868601474	0.197819276374431	0.296929476874133	0.0991102004997024	0	0	2	0.2	0.536876586683799	0.0573815037544031	0.433405294817499	0.645844614058058	0.212439319240559	0	0	3	0.1	0.261080788254526	0.028184596467847	0.210353803015687	0.313562764166177	0.10320896115049	0	0	3	0.2	0.576425022654922	0.062162859382517	0.464114053490522	0.693878602011834	0.229764548521312
89	0	0	0	0.1	0.265166375810569	0.0306251677361892	0.207291666278962	0.322877130026453	0.115585463747491	0	0	0	0.2	0.483247207225541	0.0551593434926224	0.379996574364152	0.588854701038555	0.208858126674403	0	0	1	0.1	0.223174387590181	0.0257734725888184	0.174635970909833	0.272896750584111	0.0982607796742777	0	0	1	0.2	0.473664022892809	0.0543133096365823	0.372198406520982	0.576005993580009	0.203807587059027	0	0	2	0.1	0.229514319373304	0.0264162744166043	0.18016301272955	0.280337792537943	0.100174779808393	0	0	2	0.2	0.501668222857574	0.0576148912678913	0.394499742909163	0.613201204515275	0.218701461606112	0	0	3	0.1	0.242591293611447	0.0278861198835939	0.19033805585692	0.298566244515877	0.108228188658958	0	0	3	0.2	0.535172647864672	0.0616244049412338	0.419677440457161	0.658195541622329	0.238518101165167
86	0	0	0	0.1	0.226180557895627	0.0288483665842954	0.16884774994739	0.277614984366119	0.108767234418729	0	0	0	0.2	0.415234189658795	0.0524388704215608	0.312119645784421	0.510436996443685	0.198317350659264	0	0	1	0.1	0.193754100254158	0.0246070774439518	0.145616722425461	0.239705494667519	0.0940887722420582	0	0	1	0.2	0.413321378159351	0.0522210069170004	0.310484262754483	0.511894424329355	0.201410161574873	0	0	2	0.1	0.201587202149861	0.0255152366571151	0.151166166001111	0.251702871348312	0.100536705347201	0	0	2	0.2	0.442068909927531	0.0559368834485659	0.330364702363292	0.551437451488483	0.221072749125191	0	0	3	0.1	0.214412482835231	0.0271693673464969	0.161256794857974	0.267579259439565	0.10632246458159	0	0	3	0.2	0.474169734417138	0.0600713638023915	0.354998233613839	0.592197213697058	0.237198980083218
51	0	0	0	0.1	0.225316788011949	0.0273361450895159	0.172780676808406	0.280911458733668	0.108130781925262	0	0	0	0.2	0.411940642352339	0.0496921059886297	0.317171736843502	0.512808347140193	0.195636610296691	0	0	1	0.1	0.191654389215924	0.023298259092152	0.146016462256226	0.238441814455686	0.0924253521994593	0	0	1	0.2	0.408226413447214	0.0494536827850985	0.31076550035241	0.507122588703478	0.196357088351068	0	0	2	0.1	0.198968899012072	0.0242063994792026	0.15234780682843	0.247260609120166	0.0949128022917355	0	0	2	0.2	0.435726717997379	0.0530810102374782	0.332704628269415	0.542792011261695	0.210087382992281	0	0	3	0.1	0.211455329088983	0.025808454244011	0.161069872032428	0.263933856395393	0.102863984362965	0	0	3	0.2	0.467005112775001	0.0572430919695753	0.356594735607903	0.584497033178997	0.227902297571094
78	0	0	0	0.1	0.229938627294168	0.0289452203927424	0.177530617150855	0.289213649449204	0.111683032298349	0	0	0	0.2	0.425062877186979	0.0529576602760753	0.326678016847936	0.533804640876317	0.207126624028381	0	0	1	0.1	0.206799363127444	0.0259154345271173	0.157310154657356	0.261154170533183	0.103844015875827	0	0	1	0.2	0.440617464252419	0.0548320741140014	0.335313017146409	0.555758688507259	0.22044567136085	0	0	2	0.1	0.21839601710472	0.0273091975656163	0.165625838475027	0.274071098674794	0.108445260199767	0	0	2	0.2	0.478277233994009	0.0597754719971901	0.362927948326586	0.599649593349218	0.236721645022632	0	0	3	0.1	0.233984304591505	0.0293365707557425	0.177982623481533	0.292003489750734	0.114020866269201	0	0	3	0.2	0.517002869911156	0.0648669870489531	0.390662785486933	0.645327718988076	0.254664933501143
29	0	0	0	0.1	0.233689770329489	0.0277090959974313	0.181038798646663	0.289287464073821	0.108248665427158	0	0	0	0.2	0.434074800802271	0.0509146482956338	0.337643237734021	0.536807987003322	0.199164749269301	0	0	1	0.1	0.20727129870403	0.0245532376711324	0.160116342429388	0.257763579083398	0.09764723665401	0	0	1	0.2	0.445079398187892	0.0524176925756173	0.343721600055299	0.551514526968347	0.207792926913048	0	0	2	0.1	0.219266942610003	0.025950895226433	0.169192086750825	0.272062781143667	0.102870694392842	0	0	2	0.2	0.48275600528904	0.0571188147595285	0.373194750471665	0.59921032881011	0.226015578338444	0	0	3	0.1	0.235255623625313	0.0279208477224205	0.181440355356641	0.29262523158105	0.111184876224409	0	0	3	0.2	0.521818054434967	0.0619858933762194	0.403193999139193	0.648706036858239	0.245512037719047
36	0	0	0	0.1	0.194772441268856	0.0278172842279296	0.141973226428784	0.251113948826222	0.109140722397438	0	0	0	0.2	0.358235100802085	0.0506990956640413	0.261852371825003	0.458322770421637	0.196470398596634	0	0	1	0.1	0.168320106333306	0.0238645743198813	0.123148448968158	0.216702320873242	0.0935538719050836	0	0	1	0.2	0.359180787419045	0.0506998527594617	0.2628527189389	0.462141433234438	0.199288714295538	0	0	2	0.1	0.175602946209889	0.0248063678541015	0.128577494971425	0.226596388658661	0.0980188936872367	0	0	2	0.2	0.385155833701858	0.0543789889199484	0.282908671172883	0.49648057468082	0.213571903507936	0	0	3	0.1	0.187071429393484	0.0264701437119284	0.137421017255872	0.241688634185169	0.104267616929297	0	0	3	0.2	0.413806400845427	0.0585363473062721	0.303166921378363	0.531871417044687	0.228704495666324
27	0	0	0	0.1	0.19332890439027	0.0286083594569224	0.134856584559199	0.250581867408491	0.115725282849292	0	0	0	0.2	0.352915141799291	0.0516991676695677	0.24690667756655	0.454842444041616	0.207935766475065	0	0	1	0.1	0.161917665508487	0.023760417983259	0.114114064266309	0.20858946594296	0.0944754016766515	0	0	1	0.2	0.344128516772658	0.0502250884037951	0.243479793551882	0.440762908616151	0.197283115064269	0	0	2	0.1	0.166298206003406	0.024286146860513	0.117908788381123	0.21353499041265	0.0956262020315274	0	0	2	0.2	0.363891082792951	0.0530743361010991	0.259239033724846	0.468380826962481	0.209141793237635	0	0	3	0.1	0.175711949486586	0.0256928210042958	0.124782945465267	0.227399184623523	0.102616239158256	0	0	3	0.2	0.387990315170836	0.0566553128335401	0.277364197596574	0.500008413076922	0.222644215480348
34	0	0	0	0.1	0.217945610285066	0.0284405540328255	0.162352404308714	0.277132383648459	0.114779979339745	0	0	0	0.2	0.399691806268958	0.0517609935920043	0.299381301490503	0.5051459709892	0.205764669498697	0	0	1	0.1	0.188821162447405	0.0247150291401476	0.141143948586858	0.23822218727658	0.0970782386897214	0	0	1	0.2	0.40250242480295	0.0524420716106594	0.299260508629537	0.506059993994141	0.206799485364604	0	0	2	0.1	0.197529678748056	0.0258953415698358	0.146378177974413	0.248582812891647	0.102204634917234	0	0	2	0.2	0.432764353780377	0.056711365198378	0.319937588217946	0.545516694094263	0.225579105876318	0	0	3	0.1	0.21073210233176	0.027676915362581	0.156782991216755	0.265632138504568	0.108849147287813	0	0	3	0.2	0.465698217361214	0.061219656281698	0.344001712937253	0.587855130992689	0.243853418055436
50	0	0	0	0.1	0.192042267537847	0.027015378329969	0.14039976360316	0.246890572109911	0.10649080850675	0	0	0	0.2	0.354197186463851	0.0494717496633902	0.259480860273928	0.452993819169284	0.193512958895356	0	0	1	0.1	0.170355148173613	0.0237947977138622	0.12482221482126	0.218509151466522	0.0936869366452615	0	0	1	0.2	0.363755050870891	0.0506718428348458	0.26607359869559	0.467601900907062	0.201528302211471	0	0	2	0.1	0.179891555050113	0.0251712708503191	0.132271458672586	0.231303442983832	0.0990319843112462	0	0	2	0.2	0.394594416408687	0.0552042561009053	0.290050821692161	0.509491581521276	0.219440759829116	0	0	3	0.1	0.192892251058552	0.0270660758029464	0.141644338905234	0.247702683926238	0.106058345021004	0	0	3	0.2	0.426512121879442	0.0599434918958456	0.314026383565802	0.550671151633937	0.236644768068135
98	0	0	0	0.1	0.195995214219818	0.0284515112895947	0.143083176762009	0.253454932555363	0.110371755793354	0	0	0	0.2	0.359820833669482	0.051915647150621	0.26320948326349	0.463059826163769	0.199850342900279	0	0	1	0.1	0.168168069175642	0.0245069397798443	0.122584104052338	0.216593792455535	0.0940096884031961	0	0	1	0.2	0.358698123588503	0.0520871893097674	0.261618427891827	0.462873193019618	0.201254765127791	0	0	2	0.1	0.175116308453855	0.0255667671227981	0.126813196439425	0.225182843683874	0.0983696472444487	0	0	2	0.2	0.383919334231536	0.0560583500948723	0.278826829128908	0.493820032138237	0.214993203009329	0	0	3	0.1	0.186320384371316	0.0273587835999527	0.135603326131991	0.239346246352663	0.103742920220672	0	0	3	0.2	0.411965824963545	0.0604504344203377	0.299913726261721	0.529333416279664	0.229419690017943
6	0	0	0	0.1	0.224850339832075	0.0287406659130837	0.169694956906676	0.282126994762785	0.112432037856109	0	0	0	0.2	0.417095041708691	0.0528628158552719	0.315871728013054	0.520574807063156	0.204703079050102	0	0	1	0.1	0.198763267300636	0.0253361261226882	0.150985017997027	0.249574069286899	0.0985890512898721	0	0	1	0.2	0.425150689863439	0.0539457764534675	0.322951366278653	0.533055605041967	0.210104238763313	0	0	2	0.1	0.208737787017704	0.0265728864158245	0.157806521736155	0.260739105216064	0.102932583479909	0	0	2	0.2	0.4585696055866	0.0584593799592178	0.345336435737624	0.572411644780528	0.227075209042904	0	0	3	0.1	0.222937684656058	0.0284985528225467	0.167910921967993	0.277659682760866	0.109748760792873	0	0	3	0.2	0.493843824134037	0.0631664851970623	0.37233513406048	0.616125747180518	0.243790613120038
10	0	0	0	0.1	0.264904272337116	0.0316362595507765	0.205844785852645	0.330872476026514	0.125027690173869	0	0	0	0.2	0.485202030594311	0.0572537112053514	0.37966149502332	0.603288396784982	0.223626901761662	0	0	1	0.1	0.225968150974947	0.0269585248910045	0.175771770655853	0.284489046315097	0.108717275659244	0	0	1	0.2	0.479730113835501	0.0567636297472644	0.371411288479978	0.602165818791897	0.230754530311919	0	0	2	0.1	0.232687486023619	0.0276166009296173	0.180282041279044	0.292347257470333	0.112065216191288	0	0	2	0.2	0.508922320448178	0.0603123317204847	0.394860059108009	0.636294774198157	0.241434715090148	0	0	3	0.1	0.24598534966064	0.0292253037955639	0.191772133316059	0.309152685254858	0.117380551938799	0	0	3	0.2	0.543131850697898	0.06460173640783	0.421726625916627	0.680569698682304	0.258843072765676
80	0	0	0	0.1	0.218730390726947	0.0275925363730465	0.165044527835209	0.272877237040402	0.107832709205193	0	0	0	0.2	0.402916746734502	0.0501970009356424	0.305229002917237	0.497966878169226	0.192737875251989	0	0	1	0.1	0.188450517707245	0.0235273006235019	0.143453396910651	0.234608026560547	0.0911546296498958	0	0	1	0.2	0.402573045836611	0.0499814983250935	0.30694953082349	0.499347642497463	0.192398111673974	0	0	2	0.1	0.196357585075567	0.0244136659927959	0.14934391278652	0.243429103087329	0.0940851903008088	0	0	2	0.2	0.43105611004527	0.0535082657415865	0.329550385188553	0.53472031770526	0.205169932516707	0	0	3	0.1	0.208982401211328	0.0259988920291891	0.159466031582386	0.259746428321304	0.100280396738917	0	0	3	0.2	0.46270103031035	0.0575358179936392	0.352560065388328	0.572778881166661	0.220218815778333
9	0	0	0	0.1	0.199671914118195	0.0289969581927533	0.142664456476811	0.254143479171654	0.111479022694843	0	0	0	0.2	0.367678339596762	0.0528522319241664	0.262099138378908	0.46650660420526	0.204407465826352	0	0	1	0.1	0.171168279391532	0.0245719895735736	0.122057631537321	0.217310211564598	0.0952525800272768	0	0	1	0.2	0.365803397145272	0.0522475579093324	0.260776248571878	0.464425451585653	0.203649203013774	0	0	2	0.1	0.178190737558454	0.0254334497196172	0.126242420298586	0.22528105025142	0.0990386299528338	0	0	2	0.2	0.391235402262457	0.0558153770079727	0.278878950917283	0.495418099198134	0.216539148280851	0	0	3	0.1	0.189612102779303	0.0270676789133058	0.136009241733068	0.240512229545934	0.104502987812866	0	0	3	0.2	0.41977148945454	0.0599795551076083	0.298251660308154	0.53233401125717	0.234082350949016
8	0	0	0	0.1	0.22318884547981	0.0293498030926134	0.165294329367321	0.282195957398118	0.116901628030797	0	0	0	0.2	0.410089197261132	0.0531468763880954	0.304251317919496	0.516957652717938	0.212706334798442	0	0	1	0.1	0.19255826111058	0.0247798205882542	0.143231901219938	0.242234404952816	0.0990025037328784	0	0	1	0.2	0.411015366130529	0.0524353791589367	0.305821591541732	0.515197621604997	0.209376030063265	0	0	2	0.1	0.201142306468136	0.0255417655458385	0.150637171706597	0.251304173020857	0.10066700131426	0	0	2	0.2	0.441204178903787	0.0559754249656743	0.328944686684105	0.550815918413093	0.221871231728988	0	0	3	0.1	0.214383170019451	0.0272435386488837	0.159899130793755	0.267868857916986	0.107969727123231	0	0	3	0.2	0.47430634881313	0.060093527959442	0.356162402878991	0.592700548173639	0.236538145294648
95	0	0	0	0.1	0.250408501978617	0.0297568456798756	0.191029107960624	0.305221990608829	0.114192882648206	0	0	0	0.2	0.45894919880613	0.0539629608303698	0.351313061394552	0.556777190329546	0.205464128934993	0	0	1	0.1	0.213596532152911	0.0253190609511251	0.163171190875223	0.261814566032212	0.0986433751569886	0	0	1	0.2	0.454731784717431	0.0535807800548306	0.349353426194551	0.555001336705244	0.205647910510693	0	0	2	0.1	0.22118307501304	0.0262301889454272	0.169440167990019	0.270826193349391	0.101386025359372	0	0	2	0.2	0.484442610859045	0.0573318325412498	0.370325929883627	0.592822783740169	0.222496853856541	0	0	3	0.1	0.234647249733583	0.0279071760596752	0.178635370497783	0.28740545205472	0.108770081556938	0	0	3	0.2	0.518388858975763	0.0617283998724387	0.394580511415449	0.637799868003273	0.243219356587824
97	0	0	0	0.1	0.151352467839652	0.0276193777610493	0.100582475458665	0.207341553788104	0.106759078329439	0	0	0	0.2	0.280838485983451	0.0509917069766719	0.187153534647783	0.383628316402328	0.196474781754545	0	0	1	0.1	0.134297016778028	0.0244482523390577	0.0897593943448729	0.184145180291559	0.0943857859466861	0	0	1	0.2	0.288211510899185	0.0523301600408881	0.193253827050991	0.395249975428997	0.201996148378006	0	0	2	0.1	0.142309569135109	0.025905522959907	0.094888375869225	0.195487665112978	0.100599289243753	0	0	2	0.2	0.313084547738511	0.0570512980219445	0.208221869708918	0.430125576240719	0.221903706531801	0	0	3	0.1	0.152866541251605	0.0278537297863872	0.101602722592288	0.21012502593846	0.108522303346172	0	0	3	0.2	0.338875356394451	0.0617869807690959	0.224313803795372	0.465617529564288	0.241303725768916
90	0	0	0	0.1	0.234372689524962	0.0277036712059232	0.181887742654727	0.28885604908796	0.106968306433232	0	0	0	0.2	0.424608085786736	0.0496453401135267	0.330617446076509	0.52164976223012	0.191032316153611	0	0	1	0.1	0.195963423897284	0.0231478437452959	0.152628499910452	0.241583141275726	0.0889546413652734	0	0	1	0.2	0.41545583185964	0.048800079153766	0.32489677082645	0.511752720643595	0.186855949817145	0	0	2	0.1	0.201843074220866	0.0238184029594149	0.157620394785837	0.248485780292104	0.0908653855062662	0	0	2	0.2	0.440637913686659	0.0518885080078166	0.343920273639859	0.542127957056575	0.198207683416716	0	0	3	0.1	0.213643094039421	0.0252944346833143	0.165475948133282	0.265232968672089	0.0997570205388072	0	0	3	0.2	0.470649881704322	0.055617522785026	0.364803575872906	0.58408777073186	0.219284194858954
7	0	0	0	0.1	0.271605761878203	0.0290762805529627	0.215297191275821	0.32744813290821	0.112150941632389	0	0	0	0.2	0.497039252970158	0.0526169057191221	0.397667634416298	0.598559961720618	0.20089232730432	0	0	1	0.1	0.229184204572777	0.0247324555906048	0.18222429797996	0.277991463170382	0.0957671651904219	0	0	1	0.2	0.487946115293626	0.0524019555540249	0.388713704987914	0.591206532206131	0.202492827218216	0	0	2	0.1	0.236355094756808	0.0255954349408521	0.18717274402743	0.286150004299907	0.0989772602724763	0	0	2	0.2	0.517681586809096	0.0560775079744697	0.41120651825413	0.628155747530969	0.216949229276839	0	0	3	0.1	0.250180164618416	0.027257273577987	0.199871838121225	0.304859224106875	0.10498738598565	0	0	3	0.2	0.55281242856042	0.0601631432055756	0.439049884457676	0.66922704094272	0.230177156485044
41	0	0	0	0.1	0.231402725773692	0.0281591937293082	0.178655058524202	0.288281924440856	0.109626865916654	0	0	0	0.2	0.431605310853803	0.0517141132330431	0.335130101830471	0.534287003541506	0.199156901711035	0	0	1	0.1	0.210819989115136	0.0252306145890647	0.162602170762792	0.260834499056685	0.0982323282938932	0	0	1	0.2	0.452422585017324	0.053721592594566	0.350296523745972	0.55704165440338	0.206745130657408	0	0	2	0.1	0.224824817038985	0.0267662196137999	0.172393731786191	0.276988489440179	0.104594757653988	0	0	2	0.2	0.494796573329763	0.0587582779717037	0.38106722961734	0.607759021008396	0.226691791391056	0	0	3	0.1	0.242098387084967	0.0288228671403128	0.185471054344592	0.297202906879878	0.111731852535286	0	0	3	0.2	0.536931479118592	0.0639396175657908	0.411712322181565	0.658093637579847	0.246381315398282
30	0	0	0	0.1	0.208441966981095	0.0269767103238122	0.155810218846215	0.262122253061168	0.106312034214953	0	0	0	0.2	0.386946422117075	0.0497158177832046	0.289218807934152	0.486807234072198	0.197588426138046	0	0	1	0.1	0.184750256317675	0.0239286857767269	0.137736819176937	0.234390728157575	0.0966539089806385	0	0	1	0.2	0.396851526969025	0.0511950063026663	0.296969384804915	0.501786725646948	0.204817340842033	0	0	2	0.1	0.195791681582274	0.0253640391812069	0.147200126896604	0.247103989152968	0.0999038622563644	0	0	2	0.2	0.431093189549919	0.0558630411788479	0.32412446074605	0.54593107854787	0.22180661780182	0	0	3	0.1	0.210257994040325	0.027370840593659	0.157007414898663	0.265487132358762	0.108479717460099	0	0	3	0.2	0.466503365082411	0.0606027533598423	0.349186684561706	0.589425397363284	0.240238712801578
45	0	0	0	0.1	0.257680639636302	0.0295446856492028	0.19945228449681	0.311791787198054	0.112339502701244	0	0	0	0.2	0.483331298361222	0.0544346027683293	0.37579363027938	0.586652929358379	0.210859299078999	0	0	1	0.1	0.237454655243112	0.02655259442901	0.185633319905585	0.288469542701415	0.10283622279583	0	0	1	0.2	0.510697229597881	0.0566439249863458	0.399771875006809	0.619646944981195	0.219875069974386	0	0	2	0.1	0.254007579579509	0.0281955727225285	0.198906376965909	0.308483994302655	0.109577617336746	0	0	2	0.2	0.559856301982431	0.0620404674859783	0.438607039368357	0.678341354917669	0.239734315549312	0	0	3	0.1	0.273956810411228	0.0304269671251896	0.214950338251573	0.33233819911545	0.117387860863877	0	0	3	0.2	0.608483730342876	0.0677137255429173	0.477295708105074	0.736880417661572	0.259584709556498
73	0	0	0	0.1	0.208582876309159	0.0272540173226913	0.157171328344353	0.263843326596108	0.106671998251755	0	0	0	0.2	0.379200250542216	0.0488745072079451	0.288452903748026	0.475721744726912	0.187268840978886	0	0	1	0.1	0.176595009356885	0.0228583126250119	0.133310615831896	0.221812480386829	0.0885018645549327	0	0	1	0.2	0.374660233733248	0.0481600532383793	0.284191863206465	0.469944470871772	0.185752607665307	0	0	2	0.1	0.182610830886728	0.0235031803102829	0.138087834535664	0.228682959830155	0.0905951252944913	0	0	2	0.2	0.398883153853651	0.0512751219780901	0.302074503060451	0.49907223989327	0.196997736832819	0	0	3	0.1	0.193753811260897	0.0249401143257294	0.146716253208483	0.242722291296164	0.0960060380876815	0	0	3	0.2	0.427020753902322	0.0549577886315065	0.323093045163013	0.536063827131479	0.212970781968466
24	0	0	0	0.1	0.280436549103526	0.0290001421293574	0.223769718795319	0.336756799236086	0.112987080440767	0	0	0	0.2	0.518626437182193	0.0526736796178968	0.416910906059432	0.620483270780565	0.203572364721133	0	0	1	0.1	0.248591005454119	0.0252955993646356	0.20200408373755	0.299514470096322	0.0975103863587725	0	0	1	0.2	0.53127282049425	0.0536454860243281	0.43455746674956	0.639617937934347	0.205060471184787	0	0	2	0.1	0.261764763899326	0.026473593313946	0.212976464699768	0.315189547919798	0.10221308322003	0	0	2	0.2	0.574585628365267	0.0581204021451524	0.466720074350263	0.691101233989464	0.2243811596392	0	0	3	0.1	0.280058872473912	0.0284247582426472	0.227509253882388	0.337631606255837	0.110122352373449	0	0	3	0.2	0.619954140565241	0.062778163832379	0.504745437955418	0.745561898754722	0.240816460799304
85	0	0	0	0.1	0.198592570613037	0.0278578628116701	0.146623077655202	0.253300555867686	0.106677478212484	0	0	0	0.2	0.360358684543946	0.050117040470554	0.266740709151208	0.457291505597385	0.190550796446177	0	0	1	0.1	0.168307021386878	0.0234939971079493	0.125615153344007	0.213299649112017	0.0876844957680097	0	0	1	0.2	0.357151156043145	0.0496600770204083	0.266326324562939	0.453534359132626	0.187208034569687	0	0	2	0.1	0.174696367956209	0.0243291654540641	0.129671144247391	0.222591468771965	0.092920324524574	0	0	2	0.2	0.381532363521942	0.0530974453790335	0.282859050163502	0.487515530944919	0.204656480781417	0	0	3	0.1	0.185641588979662	0.0259055207917025	0.137414917672475	0.238849690462582	0.101434772790107	0	0	3	0.2	0.409088306675582	0.0570982579582102	0.303886787029159	0.526015766684978	0.222128979655819
49	0	0	0	0.1	0.18544463885193	0.0291910411659399	0.127524310827709	0.243068253069822	0.115543942242113	0	0	0	0.2	0.344065082989901	0.0537193761813909	0.239194192525715	0.449663935087876	0.210469742562161	0	0	1	0.1	0.16246437490419	0.0254282674322225	0.113740803370518	0.212383993943598	0.09864319057308	0	0	1	0.2	0.348551617419579	0.0543649057411192	0.244349312300987	0.45599986428944	0.211650551988453	0	0	2	0.1	0.17090825492035	0.0266972775099442	0.120317033373725	0.224967627400277	0.104650594026552	0	0	2	0.2	0.376082227514928	0.0587265297100605	0.26437139807795	0.492382377321999	0.22801097924405	0	0	3	0.1	0.182730334857673	0.0285603625470218	0.12887088734503	0.240103477429972	0.111232590084942	0	0	3	0.2	0.4054907034986	0.0633120570179049	0.286249150993554	0.532139467238697	0.245890316245143
42	0	0	0	0.1	0.216032480124262	0.0276141857071785	0.162785521560661	0.271948401382772	0.109162879822111	0	0	0	0.2	0.394578751926819	0.0496326782952787	0.297934395328888	0.493315326723072	0.195380931394184	0	0	1	0.1	0.18574657755148	0.023222879138528	0.140392327114838	0.229594933514214	0.0892026063993755	0	0	1	0.2	0.395073790213626	0.0489976093272197	0.300432874966145	0.485553104391255	0.18512022942511	0	0	2	0.1	0.193708969610671	0.0239753201966096	0.146558200933107	0.237812318582669	0.0912541176495624	0	0	2	0.2	0.423823930450589	0.0523841165799408	0.320122058346344	0.5197707857224	0.199648727376056	0	0	3	0.1	0.20635538482892	0.0255371616840324	0.156799693498813	0.253464170769502	0.0966644772706891	0	0	3	0.2	0.455514791755398	0.056263806435448	0.343815199399233	0.55880221728876	0.214987017889528
11	0	0	0	0.1	0.236328255690428	0.0298762876356865	0.177939275485353	0.295955433035205	0.118016157549852	0	0	0	0.2	0.436013962346068	0.0547298894457874	0.327624104736528	0.548655777427605	0.221031672691077	0	0	1	0.1	0.20240869589424	0.0255361381977324	0.152891455178873	0.254023358667524	0.101131903488652	0	0	1	0.2	0.432342744195189	0.0543567217140481	0.325151084822794	0.540027088561953	0.214876003739159	0	0	2	0.1	0.209808497954701	0.026440091701723	0.158123676609162	0.262245334028174	0.104121657419012	0	0	2	0.2	0.460655509589255	0.058044722210087	0.349411519191918	0.575449212257252	0.226037693065334	0	0	3	0.1	0.222595048542811	0.0280772473281312	0.168342335298802	0.277180461463817	0.108838126165015	0	0	3	0.2	0.492860727479901	0.062185676852342	0.373836648470346	0.612914963123472	0.239078314653126
12	0	0	0	0.1	0.208290170163846	0.0276292877006849	0.152862727218324	0.260363135712329	0.107500408494005	0	0	0	0.2	0.385027621714784	0.0505773437367983	0.281714921734529	0.482044530498305	0.200329608763776	0	0	1	0.1	0.184448935303259	0.0241696709314808	0.135795405482166	0.23113002595258	0.0953346204704148	0	0	1	0.2	0.394803327063018	0.0515703035524057	0.29174003144174	0.494120497531754	0.202380466090014	0	0	2	0.1	0.194897340582326	0.0254971753949509	0.145503537567657	0.244419020645545	0.0989154830778879	0	0	2	0.2	0.428069291143822	0.0559512132996612	0.319387625563186	0.538713688281908	0.219326062718722	0	0	3	0.1	0.208991491748957	0.0273445516897297	0.154689340171674	0.262817027079869	0.108127686908195	0	0	3	0.2	0.462750155399063	0.0605697796059257	0.34359839238843	0.584160049847	0.240561657458569
100	0	0	0	0.1	0.198731870844612	0.0293050490951192	0.139121608486243	0.255572246259075	0.116450637772832	0	0	0	0.2	0.368595491263753	0.0537984271493515	0.25794587662472	0.472846392765659	0.21490051614094	0	0	1	0.1	0.173438616867621	0.0251858597439958	0.122193948535202	0.223252117220477	0.101058168685275	0	0	1	0.2	0.371618665615991	0.0537250464024255	0.261489432211633	0.478394859192194	0.216905426980562	0	0	2	0.1	0.18157581953443	0.0261984387370624	0.128729452147363	0.234286991758161	0.105557539610798	0	0	2	0.2	0.399392263175212	0.0576300914749751	0.285130916810777	0.515255831579946	0.230124914769169	0	0	3	0.1	0.19365431067341	0.0279137803304513	0.137967083045267	0.25007128275982	0.112104199714553	0	0	3	0.2	0.42938148613455	0.0619680849878024	0.30671957902577	0.552171824077568	0.245452245051798
48	0	0	0	0.1	0.189821627077014	0.0304579642625384	0.129358915875805	0.243926401423702	0.114567485547896	0	0	0	0.2	0.353128960996117	0.0561430062604178	0.241546022816876	0.452344183451429	0.210798160634553	0	0	1	0.1	0.165847362888156	0.0262276896980484	0.11428911544423	0.213764116214852	0.099475000770622	0	0	1	0.2	0.355807108650681	0.0560086918156767	0.24359047812695	0.457018694049447	0.213428215922497	0	0	2	0.1	0.173611994334303	0.027257754446157	0.119244331170009	0.222953087737252	0.103708756567244	0	0	2	0.2	0.382291052027787	0.0599703030068905	0.262596360381959	0.490517687707483	0.227921327325524	0	0	3	0.1	0.185165040263143	0.0290206243032263	0.126961031338895	0.238889430449405	0.11192839911051	0	0	3	0.2	0.410916336108482	0.0644039613028669	0.281593230976366	0.529352330669833	0.247759099693468
92	0	0	0	0.1	0.212792983538651	0.0287589074719125	0.161035228671165	0.272319920467601	0.111284691796436	0	0	0	0.2	0.39851336040298	0.0533886015541322	0.301648358310721	0.510756636160844	0.209108277850124	0	0	1	0.1	0.197743806222861	0.0265162543059005	0.148932973128774	0.252307822700522	0.103374849571747	0	0	1	0.2	0.425120730892205	0.0568519033113985	0.321063592140266	0.542989420861693	0.221925828721428	0	0	2	0.1	0.212711340071427	0.0285246390616615	0.16089106574987	0.271189365639174	0.110298299889304	0	0	2	0.2	0.468570604369138	0.0627999802983328	0.355262013577425	0.59839153032529	0.243129516747865	0	0	3	0.1	0.230205146161285	0.0309338841907308	0.173745646460996	0.293178346740519	0.119432700279523	0	0	3	0.2	0.51080531272336	0.0687579006755977	0.384126015165099	0.650737545539039	0.266611530373939
96	0	0	0	0.1	0.163704410170967	0.0282890109561325	0.106293350172872	0.218617573100057	0.112324222927185	0	0	0	0.2	0.300126672329756	0.0515283875294545	0.194941559851921	0.39897040801717	0.204028848165249	0	0	1	0.1	0.139619543782566	0.024038523874852	0.0903576976506872	0.186094168348674	0.0957364706979871	0	0	1	0.2	0.297519406820253	0.0510199195981287	0.193094187906084	0.396442642660096	0.203348454754012	0	0	2	0.1	0.144854840774103	0.0248748989517029	0.0931127739106545	0.192801578635954	0.0996888047252999	0	0	2	0.2	0.317410843361738	0.0543386427523528	0.20423198263555	0.422277557483489	0.218045574847939	0	0	3	0.1	0.153808438357226	0.0263765758374369	0.0992255814365838	0.204018204707802	0.104792623271219	0	0	3	0.2	0.340011028357953	0.0582576800761473	0.218742150216057	0.452636890988074	0.233894740772017
44	0	0	0	0.1	0.208526033465878	0.0286038099439119	0.153564975721572	0.264359269108815	0.110794293387243	0	0	0	0.2	0.385080034448575	0.0524646685719089	0.284427648144029	0.487784955145709	0.20335730700168	0	0	1	0.1	0.181927204485469	0.024842825437477	0.135345425539581	0.228672156824395	0.0933267312848144	0	0	1	0.2	0.38853086339203	0.0529097125430789	0.28840539594592	0.488679289086803	0.200273893140882	0	0	2	0.1	0.190172346315775	0.0259249951939527	0.140587882312053	0.239222472726078	0.0986345904140247	0	0	2	0.2	0.417286187306002	0.0569348754493855	0.308051520421065	0.524476417760115	0.21642489733905	0	0	3	0.1	0.202607399537409	0.0276744944099661	0.148781492920809	0.253774306935349	0.104992814014541	0	0	3	0.2	0.448395932125924	0.0612568130302034	0.329282437756679	0.560254055275144	0.230971617518465
43	0	0	0	0.1	0.211339972041742	0.0305133848127745	0.148601103018703	0.269631020983712	0.121029917965009	0	0	0	0.2	0.387670855425692	0.0556921792496227	0.274642313328593	0.493895529858489	0.219253216529895	0	0	1	0.1	0.180775838442351	0.0260180678844607	0.12783193445804	0.230546448980183	0.102714514522144	0	0	1	0.2	0.384647328346731	0.0552206570614063	0.271641580006866	0.489609059965052	0.217967479958186	0	0	2	0.1	0.18704621385443	0.0268207787461063	0.132563787459567	0.238622069333004	0.106058281873437	0	0	2	0.2	0.409601763382197	0.0588016550848052	0.290251149777194	0.521307088190768	0.231055938413573	0	0	3	0.1	0.198339012501589	0.028516710742498	0.141368800437268	0.253065544257795	0.111696743820527	0	0	3	0.2	0.438196720024778	0.0630592214384014	0.311883022014488	0.557549540660828	0.245666518646341
116	0	0	0	0.1	0.207559440977534	0.0280165178859664	0.153508928818406	0.265599448181734	0.112090519363329	0	0	0	0.2	0.381628102224296	0.0510272276325083	0.28397833717221	0.484433346815315	0.200455009643104	0	0	1	0.1	0.179816879904344	0.0240808123755324	0.135393889894911	0.226835997198506	0.0914421073035949	0	0	1	0.2	0.38359601697236	0.051128518966978	0.288259676391102	0.482127716197031	0.193868039805929	0	0	2	0.1	0.187841158551117	0.0250230335401183	0.140759119148833	0.236550599196765	0.0957914800479319	0	0	2	0.2	0.411771118322801	0.0548076955507025	0.307992443456963	0.517650039662686	0.209657596205723	0	0	3	0.1	0.200131001949149	0.0266424296881408	0.149379599247702	0.252285003023317	0.102905403775615	0	0	3	0.2	0.442585371090656	0.0589577258171657	0.331224290537424	0.557794727785325	0.2265704372479
134	0	0	0	0.1	0.191750158887349	0.0283097934366835	0.136930257770933	0.247685926164442	0.11075566839351	0	0	0	0.2	0.356458724651736	0.052269690707904	0.25500405821929	0.460842130048928	0.205838071829638	0	0	1	0.1	0.169432855740163	0.0249741427875316	0.121776244785621	0.219991394078374	0.098215149292753	0	0	1	0.2	0.36383684079747	0.0533906235744629	0.261219189628555	0.472856650853302	0.211637461224746	0	0	2	0.1	0.178893021184065	0.0262900102137306	0.129768907153078	0.229564487945354	0.0997955807922757	0	0	2	0.2	0.393909918628075	0.0579213792471065	0.287335951465946	0.505452964117557	0.218117012651611	0	0	3	0.1	0.191718174701686	0.028211117149337	0.139531567692709	0.247467877140687	0.107936309447978	0	0	3	0.2	0.425386397431296	0.062646151516955	0.309055110552182	0.548626154132461	0.239571043580279
149	0	0	0	0.1	0.133869131772437	0.025775446497931	0.0822732840029074	0.182247401696975	0.0999741176940673	0	0	0	0.2	0.249266480098652	0.0477068999421342	0.152374849610655	0.337688285860724	0.185313436250069	0	0	1	0.1	0.119161623973709	0.0226796507231304	0.0732911051251068	0.160463847717747	0.0871727425926406	0	0	1	0.2	0.256423392974477	0.048701229432824	0.156341443699451	0.346944451470646	0.190603007771195	0	0	2	0.1	0.126632402937495	0.0240082383592791	0.0780498100488943	0.170924680691346	0.0928748706424516	0	0	2	0.2	0.279181796089322	0.0529226174809382	0.171679929012862	0.377215551119518	0.205535622106656	0	0	3	0.1	0.136271131450739	0.0258620850234348	0.0836202172024626	0.183903177017419	0.100282959814956	0	0	3	0.2	0.302521815999711	0.0574049017088416	0.184826449120079	0.408740677706763	0.223914228586684
140	0	0	0	0.1	0.242090223802089	0.0291292123512842	0.187327384247881	0.299945625195969	0.112618240948088	0	0	0	0.2	0.447312104166854	0.0531443028705688	0.346208177714347	0.55148033697087	0.205272159256523	0	0	1	0.1	0.21028410283939	0.0250660185447397	0.163120811477821	0.259718041633945	0.0965972301561236	0	0	1	0.2	0.449472232292578	0.053188559189685	0.350008125676096	0.555679565131057	0.205671439454961	0	0	2	0.1	0.219504833506481	0.0260133176601428	0.171258524936682	0.270669837817451	0.0994113128807694	0	0	2	0.2	0.48203675400593	0.0570088909790989	0.374945584612007	0.595564466528506	0.220618881916499	0	0	3	0.1	0.233688544161231	0.0276813048844289	0.181440355356641	0.28786763003216	0.106427274675519	0	0	3	0.2	0.51761992061799	0.0612086421648139	0.402107262297459	0.639059363876741	0.236952101579282
157	0	0	0	0.1	0.216940793550722	0.0287540863066514	0.160369882127402	0.273389496946277	0.113019614818875	0	0	0	0.2	0.399929820674564	0.0523033888798698	0.298273487059372	0.502409629992668	0.204136142933295	0	0	1	0.1	0.191016817814851	0.0249648434373891	0.14297201885117	0.241029910247585	0.0980578913964149	0	0	1	0.2	0.407296350023658	0.0528881001379613	0.30574763958269	0.513929363010681	0.208181723427991	0	0	2	0.1	0.200447317389354	0.0261013655560577	0.151220826157499	0.252639920627254	0.101419094469755	0	0	2	0.2	0.439332293835791	0.0569772729996317	0.331653771041619	0.552652344397541	0.220998573355922	0	0	3	0.1	0.214117077170769	0.0278614423330476	0.161097385406047	0.270268565475904	0.109171180069857	0	0	3	0.2	0.473410720789034	0.0615273965381796	0.358292618640777	0.598047774305107	0.23975515566433
121	0	0	0	0.1	0.252765739358683	0.0307830438407679	0.194983152307042	0.315361148814477	0.120377996507435	0	0	0	0.2	0.46750908778839	0.0562571054620607	0.362299612103948	0.580823068241383	0.218523456137435	0	0	1	0.1	0.220767538941461	0.0267891216358455	0.170801388786344	0.275972857515184	0.105171468728839	0	0	1	0.2	0.47196161061283	0.0567957881958428	0.365543579743687	0.589722320926194	0.224178741182507	0	0	2	0.1	0.230862518234855	0.0278213533226892	0.178917586059999	0.287767284724321	0.108849698664322	0	0	2	0.2	0.507057982836624	0.0609469218032999	0.392538819473017	0.628964943487167	0.236426124014151	0	0	3	0.1	0.246107200590287	0.0296880174964382	0.19065267406301	0.304909753594079	0.114257079531069	0	0	3	0.2	0.544989144652031	0.0655693850627676	0.421900233329682	0.676123140666151	0.254222907336469
189	0	0	0	0.1	0.188367484845587	0.0292602239386907	0.132224265061047	0.244273163560576	0.112048898499529	0	0	0	0.2	0.347969876514284	0.0535821902420033	0.243980998662749	0.450281592646979	0.20630059398423	0	0	1	0.1	0.161454750035917	0.0248086752669385	0.113051066353274	0.208690196944664	0.0956391305913896	0	0	1	0.2	0.344950594025028	0.0528814668742708	0.240643075345669	0.444844757626496	0.204201682280827	0	0	2	0.1	0.167303146289724	0.0256952969935696	0.116569061999712	0.216557753020716	0.0999886910210039	0	0	2	0.2	0.367502297308481	0.0563594568028726	0.255593134789177	0.474231635256973	0.218638500467795	0	0	3	0.1	0.177511001253167	0.0272188905025619	0.12352749178415	0.229122005044083	0.105594513259933	0	0	3	0.2	0.393174901972966	0.0604108476947183	0.27313466570778	0.508658092563979	0.235523426856198
101	0	0	0	0.1	0.238629382725507	0.0299856440976814	0.182387689037953	0.2983438112017	0.115956122163747	0	0	0	0.2	0.439760933870809	0.0547067650938215	0.336365565810801	0.548316966449549	0.211951400638748	0	0	1	0.1	0.209820246402428	0.0263228301472406	0.161499881702442	0.261356320744432	0.0998564390419904	0	0	1	0.2	0.447627646065058	0.0558981479225936	0.347230272685826	0.560446693230879	0.213216420545053	0	0	2	0.1	0.220263514442661	0.0276487721236843	0.170833666083203	0.275688155819591	0.104854489736387	0	0	2	0.2	0.482934241203364	0.0605796398460721	0.374063001939201	0.606794764765121	0.23273176282592	0	0	3	0.1	0.235331675673234	0.0296423368600592	0.18193071907212	0.29492564618276	0.112994927110639	0	0	3	0.2	0.520523729224262	0.0655431081015046	0.403128698196135	0.655203301747069	0.252074603550935
274	0	0	0	0.1	0.21390631602145	0.0284543466929703	0.15723612823318	0.271299218292611	0.114063090059431	0	0	0	0.2	0.399511918771928	0.0528060364946356	0.29569485144578	0.507557726345582	0.211862874899802	0	0	1	0.1	0.18829124997252	0.0250969286134905	0.140805105184031	0.238436815295587	0.0976317101115569	0	0	1	0.2	0.405470238962184	0.0538452011338569	0.304170314073035	0.51187377134211	0.207703457269075	0	0	2	0.1	0.19843598486567	0.0264296590086967	0.14781618736241	0.249773652962263	0.101957465599852	0	0	2	0.2	0.438023621802852	0.0583522454958941	0.326403295640935	0.551894955413951	0.225491659773016	0	0	3	0.1	0.212355447466012	0.0283871297417817	0.157495961131633	0.268358826200618	0.110862865068985	0	0	3	0.2	0.472239162922537	0.0631233940742407	0.352188254437581	0.596897949430042	0.244709694992461
201	0	0	0	0.1	0.198970996723837	0.0282672694761999	0.142842457433596	0.255582142965384	0.112739685531789	0	0	0	0.2	0.365122189991289	0.0516369987404518	0.26222509114341	0.466272772184976	0.204047681041565	0	0	1	0.1	0.171997654446531	0.0245192013207189	0.122908270515845	0.217394566739511	0.0944862962236665	0	0	1	0.2	0.366101931766967	0.052083313245772	0.261994028848987	0.464432670621605	0.202438641772618	0	0	2	0.1	0.179100763856395	0.0255557034688916	0.127710324783895	0.228289592421677	0.100579267637782	0	0	2	0.2	0.392111155785539	0.0560463714995858	0.279895161989093	0.501111471184588	0.221216309195495	0	0	3	0.1	0.190556390462208	0.0272646421900207	0.136346402112613	0.244036747603583	0.107690345490969	0	0	3	0.2	0.420788745077754	0.06033828213272	0.300522149733756	0.541145072653	0.240622922919244
138	0	0	0	0.1	0.246663923752612	0.0320300562537174	0.18506551908841	0.308859801326819	0.123794282238409	0	0	0	0.2	0.450932702174027	0.0580693650468588	0.339176908030595	0.565647907143236	0.226470999112641	0	0	1	0.1	0.208807693819524	0.0269756152211637	0.158010654386322	0.261727675631609	0.103717021245287	0	0	1	0.2	0.44304843826697	0.0569689436149609	0.335702345579531	0.553638988448856	0.217936642869325	0	0	2	0.1	0.214415671525137	0.0276303944629119	0.16361964315242	0.267647394776211	0.104027751623792	0	0	2	0.2	0.468624794544599	0.0603603541122878	0.357686339821685	0.583444803273148	0.225758463451464	0	0	3	0.1	0.226258440044986	0.0291853237743937	0.17307718894814	0.281102819401856	0.108025630453716	0	0	3	0.2	0.499326470116793	0.0644645655250559	0.381112466955608	0.618886499861851	0.237774032906243
193	0	0	0	0.1	0.185408130020652	0.028131619565948	0.131017124182812	0.238651594464035	0.107634470281223	0	0	0	0.2	0.342341074102198	0.0515762584621701	0.244077901444525	0.439068432648502	0.194990531203977	0	0	1	0.1	0.160768015645358	0.0242997263857476	0.114350299640944	0.208181991939104	0.0938316922981605	0	0	1	0.2	0.343945999329538	0.0518368560899932	0.245147347542158	0.444844159070701	0.199696811528543	0	0	2	0.1	0.168186593576341	0.0254276245336833	0.118916575842021	0.218677045991274	0.099760470149253	0	0	2	0.2	0.36950440645269	0.0557910685401738	0.261700170072607	0.481404589001392	0.219704418928784	0	0	3	0.1	0.179371822829812	0.0271792945747958	0.127208140700808	0.234258099999488	0.10704995929868	0	0	3	0.2	0.397257452428508	0.0600950642211002	0.281528685828652	0.519505589299945	0.237976903471293
120	0	0	0	0.1	0.277681304955629	0.0317160364806477	0.216598494629486	0.341683197824896	0.12508470319541	0	0	0	0.2	0.508144070512727	0.0572854701024043	0.397370147823307	0.621488419624165	0.224118271800858	0	0	1	0.1	0.236437307769163	0.026816888009409	0.183361370615741	0.289611381391683	0.106250010775942	0	0	1	0.2	0.501849601539701	0.0564639504438547	0.389750374662675	0.610712151585831	0.220961776923156	0	0	2	0.1	0.243411130327855	0.0274159146773094	0.189339585989123	0.298204085494071	0.108864499504947	0	0	2	0.2	0.5322665526794	0.0598315989448428	0.413808534339004	0.65199393233938	0.238185398000375	0	0	3	0.1	0.257261281729405	0.0290256433940425	0.200052698376301	0.316703709326933	0.116651010950633	0	0	3	0.2	0.567793531462439	0.0639919808473616	0.443536186507254	0.698003513012633	0.254467326505378
122	0	0	0	0.1	0.193715814311763	0.0279971310813681	0.140682824918837	0.248135520702883	0.107452695784046	0	0	0	0.2	0.357626707559521	0.0509255988173691	0.261106764926398	0.453919082861407	0.19281231793501	0	0	1	0.1	0.169817839284008	0.0239542952070976	0.123750222661181	0.21482304081796	0.0910728181567782	0	0	1	0.2	0.363073571634072	0.0508005933467704	0.265735980485889	0.460070721096651	0.194334740610762	0	0	2	0.1	0.178472414922881	0.0249336935966541	0.130186419886233	0.226694486963739	0.0965080670775062	0	0	2	0.2	0.391886242881326	0.0545314750167439	0.287028115134316	0.495072607155526	0.20804449202121	0	0	3	0.1	0.19085198894204	0.0265838912785331	0.139435296750652	0.242475434467077	0.103040137716425	0	0	3	0.2	0.422489030747924	0.0587699025268699	0.309333530622641	0.53696360349489	0.227630072872249
150	0	0	0	0.1	0.240660248526975	0.0292218834340124	0.184754625902216	0.298863738067475	0.114109112165259	0	0	0	0.2	0.438027366645435	0.0525844880756041	0.33641322213089	0.545741459352244	0.209328237221354	0	0	1	0.1	0.204557715818888	0.0246770868205769	0.157697741869375	0.253204955655034	0.0955072137856586	0	0	1	0.2	0.433262585052326	0.0519091827010689	0.332515727887356	0.53355771009122	0.201041982203864	0	0	2	0.1	0.210903386713239	0.0252992617356992	0.162936070472546	0.259957830941934	0.0970217604693875	0	0	2	0.2	0.460257177178702	0.0550958030792706	0.35501660238303	0.566684353167579	0.211667750784549	0	0	3	0.1	0.223127167141809	0.0267578498872099	0.171612263089386	0.274242794995945	0.102630531906559	0	0	3	0.2	0.491728411787827	0.0590319755330077	0.379073158614465	0.603681810158544	0.224608651544079
105	0	0	0	0.1	0.229004813538527	0.0300700787335269	0.172824708776662	0.287583070157525	0.114758361380863	0	0	0	0.2	0.423011376081148	0.0546687871695983	0.318924166111459	0.529704972437927	0.210780806326468	0	0	1	0.1	0.202422002146716	0.0260525649189265	0.153628958496465	0.253427335248412	0.0997983767519472	0	0	1	0.2	0.431873917598876	0.0551078715203609	0.328539872465096	0.539151926184533	0.210612053719437	0	0	2	0.1	0.21254019233495	0.0271178241784451	0.161412556416753	0.265124624167644	0.103712067750892	0	0	2	0.2	0.466097845973741	0.0593340774711339	0.353609175708729	0.580978109436079	0.227368933727349	0	0	3	0.1	0.227062724717134	0.0289788118278726	0.173334889647131	0.282916104358118	0.109581214710987	0	0	3	0.2	0.502344043798846	0.0640861105548753	0.381239911529348	0.624555108513967	0.243315196984619
102	0	0	0	0.1	0.162712405465656	0.0276475539052414	0.110027990354848	0.216664253942603	0.106636263587756	0	0	0	0.2	0.301315925683135	0.0510390447765217	0.205292000927161	0.400450833102452	0.195158832175291	0	0	1	0.1	0.141759574347745	0.0240419789616852	0.0944791520467192	0.188403824804791	0.0939246727580715	0	0	1	0.2	0.303865958495033	0.051564359302146	0.204086971101656	0.403313218050456	0.1992262469488	0	0	2	0.1	0.148781467258509	0.0252382021334809	0.10091639041071	0.197848476233729	0.096932085823019	0	0	2	0.2	0.327273855722528	0.055552447725693	0.222875571571523	0.434253441261553	0.21137786969003	0	0	3	0.1	0.158924908805953	0.0270153881629861	0.107262614872905	0.211329769671493	0.104067154798588	0	0	3	0.2	0.352469886488908	0.0600561203768474	0.238610457626329	0.46763381769217	0.229023360065841
182	0	0	0	0.1	0.223975247059593	0.0298522481162105	0.163497661787159	0.284745162476855	0.121247500689696	0	0	0	0.2	0.407043462850923	0.0537613211756827	0.298333091484935	0.517173640904381	0.218840549419445	0	0	1	0.1	0.18819434824898	0.0248838866904694	0.138097378364906	0.238204904472328	0.100107526107423	0	0	1	0.2	0.398656531694992	0.0524953664609809	0.293269601754196	0.5011538241582	0.207884222404003	0	0	2	0.1	0.193282424435389	0.0255161371405473	0.14330007491495	0.242382103748769	0.0990820288338194	0	0	2	0.2	0.421870767394681	0.0556199512087138	0.310632680518538	0.528992495547625	0.218359815029087	0	0	3	0.1	0.204148943692825	0.0269696992660911	0.151218515131556	0.256959997608032	0.105741482476476	0	0	3	0.2	0.449936424313069	0.0593916753492595	0.33133726201219	0.56508212092606	0.23374485891387
144	0	0	0	0.1	0.212643083999455	0.0303246166799456	0.154264041048323	0.268674236946915	0.114410195898593	0	0	0	0.2	0.394591314336552	0.0556258848296008	0.286260384785111	0.502740569241962	0.216480184456851	0	0	1	0.1	0.191584375594299	0.0269569529514482	0.139095412601079	0.242060266016919	0.10296485341584	0	0	1	0.2	0.408583375226247	0.057216120933842	0.296111173365648	0.514586346228964	0.218475172863316	0	0	2	0.1	0.201962598887325	0.0283266618844202	0.146452880707054	0.25455729355962	0.108104412852567	0	0	2	0.2	0.442751345328645	0.062124464941919	0.320728687737509	0.557927205024481	0.237198517286972	0	0	3	0.1	0.216124347429475	0.0304024454786456	0.156612149627673	0.272955152913817	0.116343003286144	0	0	3	0.2	0.478023198924291	0.0671728075266363	0.346172837285643	0.603472458758638	0.257299621472996
190	0	0	0	0.1	0.2461385999211	0.0281709719510159	0.191883302159476	0.303180948359907	0.111297646200431	0	0	0	0.2	0.453337680652773	0.0512277032184123	0.349696683951733	0.553487150618583	0.203790466666849	0	0	1	0.1	0.213942103270179	0.0244503665726949	0.164646132798801	0.261532540355266	0.0968864075564648	0	0	1	0.2	0.456712438572432	0.0518460794930636	0.352694255796839	0.558660378129477	0.205966122332637	0	0	2	0.1	0.223672414590977	0.0255465401249756	0.172938850297954	0.275014182022721	0.102075331724768	0	0	2	0.2	0.490699036206338	0.0560024346941398	0.377109783560367	0.604072960719067	0.2269631771587	0	0	3	0.1	0.238336952671169	0.0272985259046034	0.18427664264635	0.294453113681097	0.110176471034746	0	0	3	0.2	0.527499072013525	0.0604646502165847	0.408595598888198	0.65061738199564	0.242021783107442
318	0	0	0	0.1	0.247003229378605	0.0296347959515295	0.192363148804397	0.3069644587329	0.114601309928503	0	0	0	0.2	0.452821199043114	0.0536478497514803	0.351943947033165	0.56000163527844	0.208057688245276	0	0	1	0.1	0.21306508400247	0.0253128925324346	0.166618388425686	0.263828410783804	0.0972100223581181	0	0	1	0.2	0.452374663653407	0.0534685010048985	0.353541531630248	0.558939833264755	0.205398301634507	0	0	2	0.1	0.220600803128982	0.0262015897320458	0.171997509025916	0.274073650124118	0.102076141098202	0	0	2	0.2	0.482267352098591	0.0572169472876583	0.376826288754836	0.598825793318716	0.22199950456388	0	0	3	0.1	0.233889057505452	0.0278853695352321	0.182317300225391	0.290672440290574	0.108355140065183	0	0	3	0.2	0.516200964151788	0.061499788643402	0.401917368974133	0.642837594144004	0.240920225169871
192	0	0	0	0.1	0.169747914847624	0.0295890541850427	0.113252606869991	0.228878953384287	0.115626346514296	0	0	0	0.2	0.312049078940413	0.0540535498705341	0.20871923832502	0.419213097360905	0.210493859035885	0	0	1	0.1	0.145783192852491	0.0253652626077018	0.0961254115461817	0.195988783547912	0.0998633720017307	0	0	1	0.2	0.31065065504693	0.0538203729382531	0.206217235742402	0.415097214551031	0.208879978808629	0	0	2	0.1	0.151296956133692	0.0262504241507386	0.0990545098297962	0.203817941401548	0.104763431571752	0	0	2	0.2	0.331657166257292	0.0575240266582925	0.218551327151123	0.446867965989481	0.228316638838357	0	0	3	0.1	0.16076513612002	0.0278918804495055	0.105049449607688	0.215493675697259	0.110444226089571	0	0	3	0.2	0.35541223502454	0.0616759707177875	0.233879790868335	0.475386158369915	0.24150636750158
195	0	0	0	0.1	0.180078901840006	0.0296411749727199	0.124431637532702	0.237308894145612	0.11287725661291	0	0	0	0.2	0.329038895541972	0.053797869422304	0.227874810829584	0.434844079121491	0.206969268291907	0	0	1	0.1	0.153674329001986	0.0251651653362679	0.106714131855396	0.203978760971728	0.0972646291163311	0	0	1	0.2	0.32633064455985	0.0532339288731958	0.227483012614108	0.433091416667157	0.205608404053049	0	0	2	0.1	0.158879631307772	0.0259107524382488	0.111152906210312	0.21140458164008	0.100251675429768	0	0	2	0.2	0.347398427495095	0.0565453736628446	0.242150087591004	0.462334584082312	0.220184496491308	0	0	3	0.1	0.168421571253768	0.0274504718308323	0.117762715151683	0.224696064410965	0.106933349259283	0	0	3	0.2	0.371577254983532	0.0605325426018704	0.25931717596731	0.494252864634096	0.234935688666787
103	0	0	0	0.1	0.245983933259438	0.0303616719581841	0.188232090806222	0.304931504854772	0.11669941404855	0	0	0	0.2	0.45578481166089	0.055685352878017	0.349317487580061	0.562490589914176	0.213173102334115	0	0	1	0.1	0.2144013555245	0.0265901686629063	0.16208014079455	0.266120949509806	0.104040808715256	0	0	1	0.2	0.458983984974965	0.056605410083749	0.346786535889547	0.568525743463957	0.22173920757441	0	0	2	0.1	0.224205068824296	0.0278823867550065	0.167436496379793	0.278369104075302	0.110932607695509	0	0	2	0.2	0.492992422540117	0.0611910054942267	0.369081797176036	0.613389817745138	0.244308020569102	0	0	3	0.1	0.238918460901604	0.0298302399767823	0.179108396473396	0.296582232883891	0.117473836410495	0	0	3	0.2	0.529758675770186	0.0661460049445771	0.395949695480489	0.658437168288439	0.262487472807949
203	0	0	0	0.1	0.205982721882485	0.0280766665397257	0.149908443147042	0.261689654851282	0.11178121170424	0	0	0	0.2	0.381796561550051	0.0514079000898686	0.276572363341059	0.484616167708732	0.208043804367674	0	0	1	0.1	0.180416221004516	0.0242166084344412	0.130011268811731	0.227366797792157	0.0973555289804263	0	0	1	0.2	0.38682338681232	0.0515836121215374	0.279314068343847	0.486845014083082	0.207530945739235	0	0	2	0.1	0.189691772635855	0.0252371619894216	0.137171347733972	0.238579615218152	0.10140826748418	0	0	2	0.2	0.417262701136337	0.0554017429258169	0.302323372520064	0.523990173396907	0.221666800876843	0	0	3	0.1	0.202821165773795	0.0269017917731453	0.147662958078884	0.254467009651907	0.106804051573023	0	0	3	0.2	0.449700396160555	0.0596974473470647	0.327185416364228	0.563331246997344	0.236145830633115
427	0	0	0	0.1	0.184822259209412	0.0272636051329443	0.132599025548736	0.238902330470404	0.106303304921668	0	0	0	0.2	0.342513134513958	0.0503297890183043	0.245834112306197	0.442075976490369	0.196241864184171	0	0	1	0.1	0.163010999657364	0.0240524646306394	0.117174147559089	0.211839350138114	0.0946652025790252	0	0	1	0.2	0.349583776296923	0.0515018690973683	0.252114017109144	0.453319450417603	0.201205433308459	0	0	2	0.1	0.172144925149384	0.0254166135919903	0.125148920779468	0.222954140305799	0.0978052195263312	0	0	2	0.2	0.378684316641164	0.0559333319602315	0.273858805315857	0.491035404524442	0.217176599208584	0	0	3	0.1	0.184523200752339	0.0273467208469572	0.133470794849129	0.23937173784596	0.105900942996831	0	0	3	0.2	0.409101333091729	0.0606050760996351	0.29666746882355	0.531855927100104	0.235188458276554
361	0	0	0	0.1	0.207378002646251	0.0296984928875472	0.149862168904662	0.267003427906298	0.117141259001636	0	0	0	0.2	0.385642080901916	0.0547216214851922	0.278892599576532	0.495657200622489	0.216764601045956	0	0	1	0.1	0.187176697903365	0.0265716150671838	0.136491141948048	0.239227321955081	0.102736180007033	0	0	1	0.2	0.400694798529014	0.0567273646645175	0.291490630128611	0.51176292916667	0.220272299038059	0	0	2	0.1	0.198483311141336	0.0281995039136953	0.143814139662378	0.253413216392046	0.109599076729668	0	0	2	0.2	0.436116988375368	0.0618945669236865	0.315658270027749	0.556730154007603	0.241071883979854	0	0	3	0.1	0.213048421886683	0.0302959118183054	0.153704503993617	0.271782436847699	0.118077932854082	0	0	3	0.2	0.472031296628127	0.0672718479929314	0.340237022429427	0.603428702796932	0.263191680367505
128	0	0	0	0.1	0.195102347695954	0.0280922264629934	0.14165046643103	0.251114286418365	0.109463819987336	0	0	0	0.2	0.358181076087129	0.0510016480802247	0.258322558297274	0.458177485097839	0.199854926800565	0	0	1	0.1	0.168643766882488	0.0239646044950911	0.121214616247352	0.214931857881922	0.0937172416345699	0	0	1	0.2	0.359622856833447	0.0508337487960944	0.25724797271307	0.458999194877429	0.201751222164359	0	0	2	0.1	0.176152486203704	0.0249224424377411	0.127146748908614	0.224320685294361	0.0971739363857474	0	0	2	0.2	0.386152195813709	0.0545884118675257	0.279096183248311	0.491747517813521	0.21265133456521	0	0	3	0.1	0.187880761781559	0.0265373583146817	0.136020937985693	0.238841932349384	0.102820994363691	0	0	3	0.2	0.41526811653982	0.0587481468579519	0.301492191533961	0.529815847032899	0.228323655498939
146	0	0	0	0.1	0.25770319363944	0.0287001277880624	0.20267220100078	0.313359868411729	0.110687667410949	0	0	0	0.2	0.472086799703713	0.0520308718868748	0.370469865413102	0.573995026233224	0.203525160820122	0	0	1	0.1	0.220667874972098	0.0246343191095175	0.171227665491117	0.269693316574795	0.0984656510836775	0	0	1	0.2	0.470200094879684	0.0522109575498145	0.36604016071936	0.573491038828649	0.207450878109289	0	0	2	0.1	0.229481502605136	0.0257023919475048	0.17793914936019	0.280305138942263	0.102365989582074	0	0	2	0.2	0.502603060542396	0.0563178063709661	0.389177066630633	0.610239419867309	0.221062353236676	0	0	3	0.1	0.243975511247197	0.0274349160642291	0.188604967409014	0.29748611590355	0.108881148494535	0	0	3	0.2	0.539008022035553	0.0608362558819349	0.415956003219642	0.655710409738761	0.239754406519119
132	0	0	0	0.1	0.2107355108533	0.0281931211558453	0.155772255846245	0.266513464834996	0.110741208988751	0	0	0	0.2	0.387339657945257	0.0513118261459506	0.287084063475108	0.490879867184081	0.203795803708973	0	0	1	0.1	0.183683022243228	0.0246060230976613	0.135980562165598	0.232984242334335	0.0970036801687369	0	0	1	0.2	0.391665940118835	0.0521526889762226	0.290560757597076	0.4953302219576	0.204769464360524	0	0	2	0.1	0.192366873859746	0.025781270365304	0.142279097377437	0.243067858062939	0.100788760685502	0	0	2	0.2	0.421534515797997	0.0563844038417009	0.311305581825449	0.534181118019127	0.222875536193678	0	0	3	0.1	0.205338934968029	0.0275582087716242	0.151330955883377	0.260024859954987	0.10869390407161	0	0	3	0.2	0.45370149325511	0.06086952538425	0.335219710873426	0.576067520136515	0.240847809263088
181	0	0	0	0.1	0.226923158244056	0.0279130679947974	0.173545526130973	0.281910559820673	0.1083650336897	0	0	0	0.2	0.417896618116468	0.0505004289104726	0.320629557276933	0.515380418644629	0.194750861367696	0	0	1	0.1	0.197999495106401	0.0237991406902348	0.151737847991868	0.245281597084893	0.0935437490930245	0	0	1	0.2	0.422967030694748	0.0503807301736081	0.325018087063096	0.521249862731552	0.196231775668456	0	0	2	0.1	0.207758802316087	0.0247242705861683	0.158670047067875	0.256174585205485	0.0975045381376103	0	0	2	0.2	0.455862201490633	0.0540664423729846	0.347001796869426	0.561573910247751	0.214572113378325	0	0	3	0.1	0.222005799917351	0.0263791178746195	0.169976756761679	0.274509204478627	0.104532447716948	0	0	3	0.2	0.491139256543854	0.0583656230391081	0.374499866441633	0.605342100308065	0.230842233866432
417	0	0	0	0.1	0.176218101088916	0.0258680273006667	0.125961946782601	0.224214573392987	0.0982526266103867	0	0	0	0.2	0.323895229373316	0.0473424363042215	0.232042485114942	0.410797246894514	0.178754761779572	0	0	1	0.1	0.154164242433607	0.0225072377232793	0.110834518833348	0.196088126748972	0.085253607915624	0	0	1	0.2	0.329261146379744	0.0479853873459869	0.236130580165148	0.418363646714815	0.182233066549667	0	0	2	0.1	0.162367318610609	0.0237084716898954	0.116592433291732	0.206901859448311	0.0903094261565794	0	0	2	0.2	0.356087308530289	0.0520179630273273	0.256296350221679	0.454984738409283	0.198688388187605	0	0	3	0.1	0.173885642143458	0.025398257053713	0.124900350613421	0.223212153203389	0.0983118025899673	0	0	3	0.2	0.384405384206903	0.0563418273634888	0.275345086580176	0.494038460932372	0.218693374352196
165	0	0	0	0.1	0.228739621312351	0.0282937254659881	0.17427229986899	0.285429600941238	0.111157301072247	0	0	0	0.2	0.424618291310915	0.0519388147195651	0.324106078091045	0.528909204159223	0.204803126068178	0	0	1	0.1	0.203634698901029	0.0248815537033383	0.156271891466413	0.252189336013363	0.09591744454695	0	0	1	0.2	0.436100900824564	0.0530892127043209	0.333775869330526	0.539800325061	0.206024455730474	0	0	2	0.1	0.215006307583371	0.0262188522447736	0.164737496074297	0.266568125958624	0.101830629884327	0	0	2	0.2	0.472583692501835	0.0575941706331572	0.363773335808528	0.584071895025916	0.220298559217388	0	0	3	0.1	0.230346984904703	0.0281076551029549	0.176175533335121	0.284535081373063	0.108359548037942	0	0	3	0.2	0.510439283110316	0.0623480350661854	0.390048488529903	0.628835787806646	0.238787299276743
126	0	0	0	0.1	0.161879983757336	0.0290013571511581	0.107118854419946	0.225661943513187	0.118543089093241	0	0	0	0.2	0.29747803491772	0.0528543788183186	0.198175185910655	0.412153890744953	0.213978704834297	0	0	1	0.1	0.140076003704104	0.0247605148288153	0.0942273094274595	0.192720294940159	0.0984929855126999	0	0	1	0.2	0.298826922008512	0.0525572620436767	0.201063949113422	0.41017186532885	0.209107916215428	0	0	2	0.1	0.146399683881034	0.0257023686982238	0.0980475910453719	0.201955688196736	0.103908097151365	0	0	2	0.2	0.32088518933795	0.0562036280304951	0.214746568337401	0.441143922101082	0.226397353763681	0	0	3	0.1	0.156015193974535	0.0273518558321301	0.104265288072073	0.213374739443531	0.109109451371457	0	0	3	0.2	0.344909226898457	0.0604385903919212	0.230623073206771	0.473761157362972	0.2431380841562
236	0	0	0	0.1	0.190817577499799	0.0280372412230091	0.13237258821649	0.24462787733491	0.11225528911842	0	0	0	0.2	0.353631012249605	0.0516553867274851	0.245520324245154	0.452009035481387	0.206488711236233	0	0	1	0.1	0.165410648012463	0.0241888366401465	0.115942494814288	0.210890762369363	0.0949482675550753	0	0	1	0.2	0.354659922779013	0.051800198529254	0.249677275049054	0.454408059952573	0.204730784903519	0	0	2	0.1	0.173029718558804	0.0252912934129122	0.122520518174473	0.220973037661246	0.0984525194867725	0	0	2	0.2	0.380815547040994	0.0556740914906578	0.268475933784509	0.488833256766984	0.220357322982474	0	0	3	0.1	0.184530344892806	0.0270087122342989	0.130752497893537	0.236339627588497	0.10558712969496	0	0	3	0.2	0.40930613506556	0.0600519982451506	0.290040587855528	0.524786059454891	0.234745471599363
310	0	0	0	0.1	0.145494271861377	0.0273182615443112	0.0932732634461106	0.199589166550078	0.106315903103967	0	0	0	0.2	0.266150881547351	0.04962267236812	0.171797567076674	0.365078970494211	0.193281403417536	0	0	1	0.1	0.125240669781007	0.0232994358786271	0.0810564894349993	0.171416571488981	0.0903600820539817	0	0	1	0.2	0.266490335451828	0.0494288163618584	0.171455076636669	0.364813001521688	0.193357924885019	0	0	2	0.1	0.130557996535429	0.0241564630974829	0.0841729783008592	0.178085392115967	0.0939124138151078	0	0	2	0.2	0.285688020386892	0.0528656739721341	0.183657319657944	0.389671399107955	0.206014079450011	0	0	3	0.1	0.138992951399616	0.0257440624039294	0.0898058170978995	0.189513683683542	0.0997078665856428	0	0	3	0.2	0.30700540901186	0.0568050391554839	0.197056843534058	0.41967897210545	0.222622128571392
259	0	0	0	0.1	0.146784052596782	0.0280757297997164	0.0926908251451954	0.20426636083846	0.111575535693265	0	0	0	0.2	0.270639984425262	0.0515478216868692	0.172806299516025	0.376003057786329	0.203196758270304	0	0	1	0.1	0.128652007961077	0.0245813182682298	0.0820922190798745	0.178192170721621	0.0960999516417462	0	0	1	0.2	0.274697212801132	0.0524043289610898	0.174931943786105	0.378163143872126	0.203231200086021	0	0	2	0.1	0.135058083176068	0.0258624749136575	0.0861255230991025	0.186563902660315	0.100438379561213	0	0	2	0.2	0.296294459721285	0.0566234963123421	0.188156162002258	0.408212396915416	0.220056234913158	0	0	3	0.1	0.144358520667123	0.0276556401690725	0.0914665326179125	0.199537556951498	0.108071024333586	0	0	3	0.2	0.319301636847882	0.0611745074178712	0.201595035263792	0.443514191673701	0.241919156409909
155	0	0	0	0.1	0.20101504051285	0.026845347791367	0.148580824882162	0.251986363677498	0.103405538795336	0	0	0	0.2	0.369717296222764	0.0489771653394506	0.275251737566673	0.461721815393017	0.186470077826344	0	0	1	0.1	0.171661385073166	0.0227775286531967	0.128012617778963	0.21583640517019	0.0878237873912266	0	0	1	0.2	0.367329778913806	0.0486210989214251	0.274382220620827	0.460490185734439	0.186107965113613	0	0	2	0.1	0.179031559311783	0.0237348783885908	0.134243156970698	0.224269312991654	0.090026156020956	0	0	2	0.2	0.393360038184721	0.0521712915830227	0.295166277641499	0.492324796394728	0.197158518753229	0	0	3	0.1	0.190769291751098	0.0253684434758602	0.142671881751663	0.23948449101777	0.0968126092661069	0	0	3	0.2	0.422464260281589	0.0561664014910394	0.315659202445817	0.530779624201126	0.215120421755309
131	0	0	0	0.1	0.163194932427051	0.0285364005420325	0.108421009429225	0.218392900079531	0.109971890650306	0	0	0	0.2	0.299303450140206	0.0520298581203242	0.197815073810585	0.400433519437969	0.202618445627384	0	0	1	0.1	0.14087721299178	0.0244734455594377	0.0918556721391479	0.189125155505129	0.097269483365981	0	0	1	0.2	0.299668530768688	0.0519081516086047	0.19659283279358	0.402334845289694	0.205742012496113	0	0	2	0.1	0.146502921332384	0.0254001580478266	0.0968094981299821	0.196167024177024	0.0993575260470421	0	0	2	0.2	0.320684600106509	0.0555232689026801	0.211997035309726	0.428514283528518	0.216517248218792	0	0	3	0.1	0.155801934449991	0.0270715851550302	0.102177705697108	0.207610066264756	0.105432360567648	0	0	3	0.2	0.344080402093802	0.0596116055413139	0.227667553783907	0.459117475840864	0.231449922056957
561	0	0	0	0.1	0.188754449781531	0.0289222824488388	0.135272895975296	0.248256683860868	0.112983787885572	0	0	0	0.2	0.35205584944745	0.0534344563131598	0.253625306848357	0.458474305023063	0.204848998174706	0	0	1	0.1	0.170361055561832	0.0258956385398002	0.121789286767657	0.22039615303025	0.0986068662625936	0	0	1	0.2	0.36561894391892	0.0553253373898997	0.261782714587932	0.47156952204061	0.209786807452678	0	0	2	0.1	0.180928396327354	0.0274176101645662	0.129976711833753	0.234412863298241	0.104436151464489	0	0	2	0.2	0.398259178728266	0.0602557681354756	0.284247718624334	0.514082237700974	0.229834519076641	0	0	3	0.1	0.194463950023841	0.0295063098563112	0.138562884993024	0.252172433973651	0.113609548980627	0	0	3	0.2	0.431385657913354	0.065433328554181	0.308360655497696	0.557245218516141	0.248884563018444
104	0	0	0	0.1	0.207214666709396	0.0286261460385741	0.152620743373276	0.264740596574482	0.112119853201207	0	0	0	0.2	0.378401938262994	0.0516525453283356	0.280880233333119	0.480261640348938	0.199381407015819	0	0	1	0.1	0.175890086690925	0.0240052469168788	0.129494025329516	0.222317236911368	0.0928232115818512	0	0	1	0.2	0.373786182140952	0.0507293869783463	0.276138276075637	0.470119597040713	0.193981320965077	0	0	2	0.1	0.181876113508573	0.0246869382365742	0.134042810246753	0.228451197305093	0.0944083870583397	0	0	2	0.2	0.397848224465433	0.0539661526771192	0.294123089790142	0.500084302227988	0.205961212437846	0	0	3	0.1	0.192860076342406	0.0262183242066036	0.14179007031887	0.241689598496372	0.0998995281775018	0	0	3	0.2	0.42559059070914	0.0578732038413904	0.312944129970198	0.532648885350675	0.219704755380477
141	0	0	0	0.1	0.185909346742823	0.0271309528715525	0.130056307691727	0.239425772870945	0.109369465179218	0	0	0	0.2	0.344045628945673	0.0497690980579198	0.243034454952209	0.443043274777218	0.200008819825009	0	0	1	0.1	0.162519612232718	0.0236070185648724	0.115689014053818	0.211027772786836	0.0953387587330172	0	0	1	0.2	0.348677537205718	0.0504278475411818	0.247161222380591	0.450504297757373	0.203343075376782	0	0	2	0.1	0.171293429014224	0.0248910914499816	0.122207189999752	0.221295824090179	0.0990886340904276	0	0	2	0.2	0.376931714163284	0.0546474527187148	0.26886552605538	0.484903511816418	0.216037985761037	0	0	3	0.1	0.183471550226949	0.0267303480593477	0.129872152483754	0.237158793173918	0.107286640690163	0	0	3	0.2	0.406911683143789	0.0592231263932368	0.288989624484019	0.525842695333304	0.236853070849285
194	0	0	0	0.1	0.281215686606524	0.030453300980624	0.222234477212637	0.339730969687476	0.117496492474839	0	0	0	0.2	0.514151582039679	0.0552317470252438	0.404430626649872	0.621489200138205	0.217058573488333	0	0	1	0.1	0.237391962835456	0.0259447031397287	0.186701416064977	0.287422753714606	0.100721337649628	0	0	1	0.2	0.503451758131211	0.0547395411914202	0.397114801724666	0.609757042232382	0.212642240507716	0	0	2	0.1	0.243037536452182	0.0265921121534764	0.191901829669086	0.29431625480309	0.102414425134004	0	0	2	0.2	0.531241437619473	0.058114807005117	0.422011930111652	0.641013816730565	0.219001886618914	0	0	3	0.1	0.256102051506908	0.0281010783055364	0.202153139541192	0.309269724847767	0.107116585306575	0	0	3	0.2	0.56512098852174	0.0621650948149936	0.447806041934455	0.683409387106151	0.235603345171696
636	0	0	0	0.1	0.240828228294566	0.0302779677258661	0.185046133068196	0.301351876308408	0.116305743240212	0	0	0	0.2	0.443969829256283	0.0552723975726897	0.341326605369187	0.552584732111503	0.211258126742316	0	0	1	0.1	0.205619313315627	0.0259038870484288	0.157215055160496	0.258028200957668	0.100813145797172	0	0	1	0.2	0.439680226148732	0.0550423922069139	0.335781441446454	0.550073642627221	0.214292201180766	0	0	2	0.1	0.213441478977542	0.0268283991831827	0.162912079849815	0.266992401730396	0.104080321880581	0	0	2	0.2	0.468860840476975	0.0589545527886861	0.356748360932495	0.586803499633757	0.230055138701262	0	0	3	0.1	0.226722720342259	0.0286301184433462	0.171418824911793	0.284429289026723	0.11301046411493	0	0	3	0.2	0.502086717337715	0.0633620491062969	0.380292343598776	0.630284175960566	0.24999183236179
113	0	0	0	0.1	0.200305151242311	0.0279721696179862	0.145238950088885	0.255270171932782	0.110031221843897	0	0	0	0.2	0.37089604924563	0.0514652357860399	0.267557141696802	0.472124256617631	0.204567114920829	0	0	1	0.1	0.175618004904619	0.0245956367016524	0.125906125493485	0.226228656595127	0.100322531101642	0	0	1	0.2	0.376296610001959	0.052586460636309	0.269206069545976	0.48190029002822	0.212694220482245	0	0	2	0.1	0.184731680646576	0.025916322318427	0.131639543037058	0.236322798834657	0.104683255797599	0	0	2	0.2	0.406218522560496	0.0570879926586818	0.289852633895018	0.521138191811098	0.23128555791608	0	0	3	0.1	0.197533626351679	0.0278584387638304	0.140347655153672	0.253596850768604	0.113249195614932	0	0	3	0.2	0.437815641874551	0.0618240466740704	0.310761528420873	0.562649868813656	0.251888340392783
156	0	0	0	0.1	0.207803346725465	0.0291651022432173	0.150081105233862	0.263284861560811	0.113203756326949	0	0	0	0.2	0.383706512516133	0.0533196709733446	0.27689323910408	0.486959069954179	0.210065830850099	0	0	1	0.1	0.179155802404347	0.0249389739403764	0.130827290135999	0.228727876937476	0.0979005868014768	0	0	1	0.2	0.383516115291078	0.0531863111479286	0.280047499952379	0.490206878121738	0.210159378169359	0	0	2	0.1	0.187059457573702	0.0260060159325839	0.137306091696047	0.239265972612755	0.101959880916708	0	0	2	0.2	0.411185393314478	0.0571208949435375	0.304008526041592	0.526163991099906	0.222155465058314	0	0	3	0.1	0.199243164232243	0.0277725112861238	0.146810094116701	0.254737849234543	0.107927755117842	0	0	3	0.2	0.441644579254539	0.0615926152918138	0.32669770762115	0.564088561909631	0.23739085428848
297	0	0	0	0.1	0.207150168458793	0.0306909682210906	0.150736468118129	0.266610499763044	0.115874031644915	0	0	0	0.2	0.381838819380691	0.0560912317014434	0.277453326498097	0.490121912831313	0.212668586333216	0	0	1	0.1	0.180545705416971	0.026824520633896	0.131339204200083	0.231784091907507	0.100444887707424	0	0	1	0.2	0.384793510091693	0.0569191028697318	0.279799566408041	0.493639556347774	0.213839989939733	0	0	2	0.1	0.188196626217213	0.0280457755343008	0.136557656200601	0.241177566424079	0.104619910223478	0	0	2	0.2	0.412507932452051	0.0612406789618996	0.298559904619571	0.529578842683462	0.231018938063891	0	0	3	0.1	0.200296176804035	0.0298913518980322	0.144837636171403	0.259062623826969	0.114224987655566	0	0	3	0.2	0.442881975689638	0.0659559393099725	0.319191368102209	0.570278760506999	0.25108739240479
370	0	0	0	0.1	0.216121610043737	0.0289565255867492	0.156596068451206	0.272192395347029	0.115596326895823	0	0	0	0.2	0.402178001811931	0.0533240083696281	0.291659893553886	0.504397676781266	0.21273778322738	0	0	1	0.1	0.190073688532659	0.025367897491638	0.13841006569142	0.239118455214303	0.100708389522883	0	0	1	0.2	0.408401992617404	0.054214374421186	0.299312522662388	0.511105095005816	0.211792572343428	0	0	2	0.1	0.200091129660786	0.0266623573085698	0.146502221639394	0.250389231457835	0.10388700981844	0	0	2	0.2	0.440911923838729	0.0586629954234847	0.323395755337934	0.553710512586427	0.230314757248493	0	0	3	0.1	0.214026902871653	0.0285684427984565	0.156981802060703	0.269507165191977	0.112525363131274	0	0	3	0.2	0.475171474877975	0.0633531362513213	0.350789511728287	0.597516962922585	0.246727451194298
133	0	0	0	0.1	0.228192450488777	0.0276747623909698	0.178143830497111	0.284611184109886	0.106467353612774	0	0	0	0.2	0.419977531461271	0.0504950604508147	0.328975939478741	0.520979620086679	0.192003680607938	0	0	1	0.1	0.197506786441195	0.0239044220812713	0.1539583618516	0.247386855063564	0.0934284932119637	0	0	1	0.2	0.422029753332521	0.050882249770749	0.327364192785003	0.52979591068116	0.202431717896158	0	0	2	0.1	0.206648834803425	0.0250499602044314	0.16116875918771	0.259075469472964	0.0979067102852543	0	0	2	0.2	0.453644384471439	0.0549971654983594	0.354019738900663	0.56924370815416	0.215223969253497	0	0	3	0.1	0.220515049152863	0.0268538658654982	0.171985973941255	0.2761606638523	0.104174689911046	0	0	3	0.2	0.487980669284488	0.0594468308773058	0.38021737259409	0.611383108171604	0.231165735577514
127	0	0	0	0.1	0.155054993467285	0.0286743771662633	0.0987746573675354	0.21054896265647	0.111774305288935	0	0	0	0.2	0.288095837674682	0.0530442590568626	0.183382161383281	0.395281546836964	0.211899385453684	0	0	1	0.1	0.135086527198479	0.0248174759439811	0.0862831708595734	0.183564572101261	0.0972814012416879	0	0	1	0.2	0.290049596156932	0.053208085631787	0.186068502832178	0.393809997090629	0.207741494258451	0	0	2	0.1	0.141732518340353	0.0260190467090242	0.0908568995809365	0.192493664302227	0.10163676472129	0	0	2	0.2	0.3121542130399	0.0572486811847455	0.20052236513688	0.425163050880151	0.224640685743271	0	0	3	0.1	0.151380796935866	0.0277788797928025	0.0968654469476553	0.205754523795227	0.108889076847571	0	0	3	0.2	0.335864536068623	0.0617007491757291	0.215508179369659	0.454414715817846	0.238906536448187
115	0	0	0	0.1	0.242667268974934	0.0299101148232069	0.184022659794589	0.30202929994347	0.118006640148882	0	0	0	0.2	0.448502463477096	0.0545193074130399	0.342893677015797	0.55842570578389	0.215532028768093	0	0	1	0.1	0.210335342693682	0.0255314973428173	0.161155648244747	0.261144233545679	0.0999885853009319	0	0	1	0.2	0.449973159028636	0.0543426460846115	0.346383146557752	0.559542760308402	0.21315961375065	0	0	2	0.1	0.219655051727751	0.0265729377716028	0.170054940839937	0.27282635203269	0.102771411192753	0	0	2	0.2	0.482707456476804	0.058338038284642	0.371710889578262	0.599356221021883	0.227645331443621	0	0	3	0.1	0.233999220534876	0.0282849236537535	0.180562226659726	0.290622742537237	0.110060515877511	0	0	3	0.2	0.518550633303439	0.0627894884140746	0.399547398870808	0.646004886091467	0.246457487220659
135	0	0	0	0.1	0.239102857128951	0.0291267045981602	0.184407264558636	0.296569067125712	0.112161802567076	0	0	0	0.2	0.437423469088366	0.0526862842653528	0.338842260886235	0.54188153202266	0.203039271136425	0	0	1	0.1	0.202920181886753	0.0244987854063346	0.156608963883579	0.253092112505716	0.0964831486221371	0	0	1	0.2	0.432054846291234	0.051733767851355	0.335069785203169	0.536934149949148	0.201864364745979	0	0	2	0.1	0.210095380137975	0.0251309422880818	0.162664501545422	0.260753243677588	0.0980887421321658	0	0	2	0.2	0.460154180944946	0.0549466379041201	0.355565591314592	0.570022518562439	0.214456927247847	0	0	3	0.1	0.222867220381146	0.0265728715273136	0.17244406043428	0.276019667565729	0.103575607131449	0	0	3	0.2	0.492330922738225	0.058704881235931	0.378804121783414	0.60823832435049	0.229434202567076
316	0	0	0	0.1	0.197550769504356	0.0291735510264542	0.14387637768131	0.254041220461207	0.110164842779897	0	0	0	0.2	0.364110141783618	0.0531680305114974	0.265530736073651	0.462769057534391	0.197238321460739	0	0	1	0.1	0.170268235446674	0.0248246301079895	0.124919110122064	0.216809301146001	0.0918901910239378	0	0	1	0.2	0.364153306134276	0.0527492840034754	0.268924037402199	0.463268970068622	0.194344932666423	0	0	2	0.1	0.177799538243831	0.0258118936019698	0.131099577411162	0.226713361867137	0.0956137844559754	0	0	2	0.2	0.390579921186405	0.0566052366220967	0.288720220560787	0.498156717020667	0.209436496459881	0	0	3	0.1	0.189499452265826	0.0274943817626528	0.140276048663135	0.242355024405977	0.102078975742842	0	0	3	0.2	0.419650897340387	0.0608136428537713	0.310392454409743	0.536862163000531	0.226469708590788
183	0	0	0	0.1	0.166575417329233	0.028498189605884	0.111881355391329	0.222814706237536	0.110933350846208	0	0	0	0.2	0.309400847738415	0.0525570244907049	0.209391307863599	0.412458792875007	0.203067485011409	0	0	1	0.1	0.146301363500467	0.0248540256125885	0.0994882101306888	0.195102043207091	0.0956138330764023	0	0	1	0.2	0.313829143278798	0.0531335522151844	0.213241050995489	0.415919965067172	0.202678914071684	0	0	2	0.1	0.15383313129288	0.0260857169977012	0.104721880434738	0.203309671725945	0.0985877912912065	0	0	2	0.2	0.338584735354921	0.0572994168335386	0.231657877717679	0.446901265105161	0.215243387387482	0	0	3	0.1	0.164506451761877	0.0278374496855565	0.111325377931994	0.217757263852928	0.106431885920933	0	0	3	0.2	0.364874771571894	0.0617212102340177	0.249085842142826	0.485253236285902	0.236167394143076
323	0	0	0	0.1	0.174747922590294	0.0287186561653612	0.117935488022311	0.229194653498833	0.111259165476522	0	0	0	0.2	0.322700703149565	0.0525826495858454	0.216122546651374	0.421481467078438	0.205358920427064	0	0	1	0.1	0.152637472336825	0.0248069218109184	0.103734191717268	0.198966927520062	0.0952327358027941	0	0	1	0.2	0.326709380650761	0.0528819491521821	0.223035762240586	0.427666785751632	0.204631023511046	0	0	2	0.1	0.1603957828758	0.0259643723113132	0.109551327996525	0.210606493623061	0.101055165626535	0	0	2	0.2	0.35241627865044	0.0570142970389913	0.24027838961397	0.463596149561592	0.223317759947622	0	0	3	0.1	0.171561045565461	0.0277957656695183	0.116734892640686	0.225331781195224	0.108596888554538	0	0	3	0.2	0.380003222338026	0.0615514641536009	0.259913446629144	0.500818699475697	0.240905252846553
143	0	0	0	0.1	0.264481345050915	0.0286704002881749	0.209038477107962	0.319711031966202	0.11067255485824	0	0	0	0.2	0.488470588863189	0.0519795645651879	0.38746986959953	0.590151422901496	0.202681553301966	0	0	1	0.1	0.225729853619513	0.0238854594944708	0.18087434494603	0.272385033114017	0.0915106881679874	0	0	1	0.2	0.483731147015632	0.0507739834783351	0.386841149930866	0.583116555099011	0.196275405168145	0	0	2	0.1	0.234829043344832	0.0246026589015497	0.188934384369004	0.283295384673356	0.0943610003043522	0	0	2	0.2	0.51671637232864	0.0539713087218913	0.415653156456517	0.624134644487746	0.208481488031229	0	0	3	0.1	0.249719688770881	0.0261187888201503	0.20030708271066	0.302623059606538	0.102315976895878	0	0	3	0.2	0.553726091470555	0.0579202435108457	0.443464477252472	0.671547729892822	0.22808325264035
657	0	0	0	0.1	0.213317118480169	0.0305393666264531	0.156050396693445	0.272603863892219	0.116553467198775	0	0	0	0.2	0.392200684690179	0.055865257780677	0.285512708307272	0.501327609929616	0.215814901622344	0	0	1	0.1	0.184015709821403	0.026377417117341	0.133568128290327	0.235905794766147	0.10233766647582	0	0	1	0.2	0.392377677669198	0.0560934107983716	0.285782852221975	0.500773217133543	0.214990364911569	0	0	2	0.1	0.191603257993524	0.0274822672444889	0.139384122224119	0.243211995515983	0.103827873291864	0	0	2	0.2	0.420134698640406	0.0602801848086478	0.306160422542925	0.534161963706597	0.228001541163672	0	0	3	0.1	0.203902505149328	0.0292998414907528	0.147980543749706	0.259049081457931	0.111068537708225	0	0	3	0.2	0.450851528062571	0.0648787857674927	0.32787058772576	0.572704848332976	0.244834260607217
272	0	0	0	0.1	0.216010074981496	0.0316541089073816	0.156004921909541	0.277038915212081	0.12103399330254	0	0	0	0.2	0.398780975958515	0.0579900385949953	0.290973957821842	0.513821336446831	0.222847378624989	0	0	1	0.1	0.184974039026197	0.0270378700522669	0.13519097399223	0.239759529502197	0.104568555509966	0	0	1	0.2	0.394924801034338	0.0575382183803495	0.287165686571774	0.50929103606979	0.222125349498015	0	0	2	0.1	0.19136595231952	0.0279503096595101	0.139387396987964	0.247253806718973	0.107866409731009	0	0	2	0.2	0.420155638065875	0.0613658625685027	0.3077943815627	0.543453923466523	0.235659541903822	0	0	3	0.1	0.202803410786008	0.0297156266045946	0.147906300141859	0.264407978046998	0.116501677905139	0	0	3	0.2	0.44906792615571	0.065770397803352	0.328917708556618	0.586602175441541	0.257684466884923
191	0	0	0	0.1	0.228219322525393	0.029893967642253	0.171866616403251	0.290903062265894	0.119036445862643	0	0	0	0.2	0.418334890757163	0.0542361480722706	0.314927056182004	0.527924449043971	0.212997392861967	0	0	1	0.1	0.197233874869469	0.0258120128367108	0.147673923448815	0.248904559040011	0.101230635591196	0	0	1	0.2	0.419731090192325	0.0545776393455657	0.316012009178862	0.528769650139533	0.212757640960671	0	0	2	0.1	0.205437492517107	0.0268086113391103	0.154746153974536	0.258101847575904	0.103355693601368	0	0	2	0.2	0.449747040248752	0.0584674033382166	0.339056653993369	0.565024880716017	0.225968226722647	0	0	3	0.1	0.218670365039754	0.0285124970779677	0.163621633140147	0.275106996237501	0.111485363097354	0	0	3	0.2	0.482979479238615	0.0628888128881008	0.361288006624252	0.606191693321535	0.244903686697283
212	0	0	0	0.1	0.236007160120904	0.0286931179813844	0.180686092309249	0.294419224360142	0.113733132050892	0	0	0	0.2	0.434393305423957	0.0520282880696834	0.335400580350519	0.53658307086867	0.201182490518151	0	0	1	0.1	0.203637683150763	0.024340094014792	0.157430676819431	0.249868456839156	0.0924377800197241	0	0	1	0.2	0.434973308210879	0.0516338314388899	0.338058622255444	0.53212412091276	0.194065498657316	0	0	2	0.1	0.212552985545438	0.0253001418424084	0.16549472708814	0.260959330413738	0.0954646033255974	0	0	2	0.2	0.466447521373842	0.055398130122605	0.363329165245258	0.573197044457744	0.209867879212485	0	0	3	0.1	0.226435656491828	0.0269932625206011	0.176101029794205	0.279589524731849	0.103488494937643	0	0	3	0.2	0.501124538361065	0.0596398715971577	0.391773680058654	0.616130434282127	0.224356754223473
129	0	0	0	0.1	0.171614325380043	0.0281964464656974	0.116875854941272	0.226006677631697	0.109130822690425	0	0	0	0.2	0.316640590547549	0.0517476661993243	0.214790344545255	0.418546147706325	0.203755803161071	0	0	1	0.1	0.149066924652634	0.0245059742032529	0.100910456614933	0.196404434339287	0.0954939777243544	0	0	1	0.2	0.318480808137456	0.0522668003797766	0.215647917256337	0.419567887414895	0.203919970158558	0	0	2	0.1	0.155811542733922	0.0256517687787091	0.10644081767355	0.205251232650113	0.0988104149765625	0	0	2	0.2	0.341937055643356	0.0562816497206484	0.233662103104666	0.450323973894383	0.216661870789717	0	0	3	0.1	0.166058914223191	0.0273420361661966	0.113708327041291	0.219268311304557	0.105559984263266	0	0	3	0.2	0.367688815291475	0.0605682826388075	0.251118135571712	0.483317594287508	0.232199458715795
107	0	0	0	0.1	0.202142225181796	0.0278653429759349	0.146192019046765	0.256169415626608	0.109977396579843	0	0	0	0.2	0.369962338952135	0.0504012072108466	0.267907718419111	0.468244455973732	0.200336737554621	0	0	1	0.1	0.173637152645822	0.0236014337468585	0.126868244055914	0.219024261302256	0.0921560172463421	0	0	1	0.2	0.369470441278152	0.049886450254148	0.270166567541765	0.464864082066914	0.194697514525148	0	0	2	0.1	0.180625434282001	0.0243323308349463	0.132382064829978	0.227182926565857	0.0948008617358788	0	0	2	0.2	0.395333218340946	0.0530478237394192	0.291183200440339	0.496619303331893	0.205436102891555	0	0	3	0.1	0.192066655975909	0.0258540736111863	0.141866247550841	0.240649263877001	0.0987830163261597	0	0	3	0.2	0.424176649349301	0.0569497253371717	0.312603005206991	0.531358592995461	0.21875558778847
329	0	0	0	0.1	0.216474404256467	0.0275284198593869	0.163086755504524	0.274499459739461	0.111412704234937	0	0	0	0.2	0.400319021032197	0.0503926046374039	0.302088383712184	0.505256502813336	0.203168119101152	0	0	1	0.1	0.187630000812904	0.0237139225437542	0.141528623168994	0.237141923218306	0.0956133000493117	0	0	1	0.2	0.4020421440918	0.050599329593658	0.304233285722118	0.503916655866419	0.199683370144301	0	0	2	0.1	0.196417159704187	0.0247934937681753	0.148162354714943	0.246281576557974	0.0981192218430307	0	0	2	0.2	0.431928762037438	0.0544702587798404	0.325510096653476	0.539864342368678	0.214354245715202	0	0	3	0.1	0.209500546248795	0.0265421944508941	0.156799693498813	0.263685400504939	0.106885707006127	0	0	3	0.2	0.464434567724006	0.0587127827146209	0.349048904042507	0.584696345222551	0.235647441180044
167	0	0	0	0.1	0.146579920687762	0.0293777314719097	0.0870739706595002	0.20595769618973	0.11888372553023	0	0	0	0.2	0.271215783372762	0.0542299024717348	0.161619244621922	0.380192774646668	0.218573530024747	0	0	1	0.1	0.128373435287153	0.0257062779744188	0.0755351870851544	0.1816953699212	0.106160182836046	0	0	1	0.2	0.274560142408121	0.0548481839119698	0.162122209753948	0.386552414690355	0.224430204936406	0	0	2	0.1	0.134576877722767	0.026937004550886	0.0801927972474407	0.190523866319486	0.110331069072045	0	0	2	0.2	0.295507002791338	0.0591002805863856	0.173583793935203	0.418481759019492	0.24489796508429	0	0	3	0.1	0.143642004847098	0.0287327736166188	0.0853494488622365	0.203131552800458	0.117782103938221	0	0	3	0.2	0.318071302545889	0.0636353182054675	0.190860670696179	0.449604932473528	0.258744261777349
257	0	0	0	0.1	0.233976766204523	0.0282567436111026	0.178092561147471	0.289329829683043	0.111237268535572	0	0	0	0.2	0.436486550410698	0.0523637677827355	0.33350969961552	0.536960113227517	0.203450413611997	0	0	1	0.1	0.21215001900945	0.0257275959235284	0.161497393408592	0.263928073363609	0.102430679955017	0	0	1	0.2	0.454989571792567	0.0551224806599912	0.347283719888001	0.564380941532183	0.217097221644182	0	0	2	0.1	0.225366895220093	0.0275058063180555	0.172001214118114	0.278947200631515	0.1069459865134	0	0	2	0.2	0.495803349106841	0.0605804428745761	0.374761520205383	0.614301937605391	0.239540417400009	0	0	3	0.1	0.242166449120861	0.0296924474116911	0.183498650827369	0.299668683681369	0.116170032854	0	0	3	0.2	0.537019578128658	0.0660322404834534	0.406016582710323	0.666864966168355	0.260848383458032
124	0	0	0	0.1	0.191530294944143	0.0281907213166707	0.136941487082745	0.245387808975339	0.108446321892594	0	0	0	0.2	0.351034008392269	0.0511660568381748	0.253746268844999	0.449575551872144	0.195829283027146	0	0	1	0.1	0.162831355833423	0.0237919116245622	0.117726944793983	0.209707505478902	0.091980560684919	0	0	1	0.2	0.347040600374657	0.0505295598611692	0.250416042397683	0.447346159311872	0.196930116914189	0	0	2	0.1	0.16873304908305	0.0246272681471773	0.121366637061981	0.217324284869803	0.0959576478078226	0	0	2	0.2	0.369786556140727	0.0539619361813878	0.266117665898498	0.476504728612528	0.210387062714029	0	0	3	0.1	0.179094570203295	0.0262197835327699	0.127757903266557	0.231301233266371	0.103543329999815	0	0	3	0.2	0.395849751871763	0.0579408808500818	0.281511496291873	0.511468854817172	0.229957358525299
142	0	0	0	0.1	0.175222156224056	0.0277792381076612	0.121402666155976	0.228269045164962	0.106866379008986	0	0	0	0.2	0.324134088210941	0.0509935737137078	0.224708917878873	0.422397517923333	0.19768860004446	0	0	1	0.1	0.154839705494399	0.0243426385193737	0.107640491379808	0.202559652429081	0.0949191610492733	0	0	1	0.2	0.33153454865563	0.0519501417818252	0.230594764676176	0.43517647804726	0.204581713371084	0	0	2	0.1	0.163435593748608	0.0255872139188856	0.114185364912443	0.215064110324012	0.100878745411569	0	0	2	0.2	0.359176911219613	0.0563082973692878	0.251385522418529	0.47235413486501	0.220968612446482	0	0	3	0.1	0.175135903375097	0.0274545752545013	0.122475402920386	0.230462234586404	0.107986831666018	0	0	3	0.2	0.387997638413518	0.0609151949896476	0.271787167740329	0.511157214378727	0.239370046638398
125	0	0	0	0.1	0.246749299097413	0.0290559255374514	0.193158592675981	0.305217903802351	0.11205931112637	0	0	0	0.2	0.450499067913566	0.0526598898999463	0.353917939433176	0.555621783740444	0.201703844307268	0	0	1	0.1	0.206758024518905	0.0245387901671719	0.160852877329077	0.257148577191479	0.0962956998624024	0	0	1	0.2	0.440034775208566	0.0519164422013111	0.342589229062274	0.546069388740151	0.203480159677877	0	0	2	0.1	0.212905372823755	0.0252644351375916	0.165937431930437	0.263554845988357	0.09761741405792	0	0	2	0.2	0.466287821909528	0.0552611129895379	0.363957622551298	0.580010951965496	0.216053329414199	0	0	3	0.1	0.225240094198182	0.0268292545768634	0.175688907439597	0.281509498607953	0.105820591168355	0	0	3	0.2	0.497556199295869	0.059308473688491	0.388430482372146	0.622199841450788	0.233769359078642
289	0	0	0	0.1	0.161327344492224	0.0288204862221642	0.103618729297804	0.217770423976851	0.114151694679048	0	0	0	0.2	0.299371254351584	0.0531509976692081	0.191719101790838	0.40301391564965	0.211294813858812	0	0	1	0.1	0.139136283225618	0.0246595674374647	0.0901400067503874	0.185958651904229	0.0958186451538417	0	0	1	0.2	0.298601673646001	0.0529023254911237	0.191074990574753	0.398518407751475	0.207443417176722	0	0	2	0.1	0.145208406745708	0.0257818478785565	0.0933396978410325	0.194270634142021	0.100930936300988	0	0	2	0.2	0.31994675469613	0.0567902076590561	0.204659564142715	0.427739725400786	0.223080161258071	0	0	3	0.1	0.154687019264355	0.0275407279966174	0.0993280844819081	0.206206801262217	0.106878716780309	0	0	3	0.2	0.343385089398735	0.0611346417014493	0.220279801127588	0.458694215611484	0.238414414483896
186	0	0	0	0.1	0.255059082262929	0.0312153122084869	0.198543533965514	0.319281919394704	0.12073838542919	0	0	0	0.2	0.468199553937241	0.0570798192966713	0.363862012418476	0.585832621963036	0.22197060954456	0	0	1	0.1	0.215240352619242	0.0265872119337295	0.167366019009953	0.268060655843153	0.1006946368332	0	0	1	0.2	0.458035136440633	0.0564454823569839	0.35608562217818	0.570174012651407	0.214088390473227	0	0	2	0.1	0.220900118863714	0.0273676997926264	0.169798146523741	0.275258025177578	0.105459878653836	0	0	2	0.2	0.483947513222318	0.0599652588078125	0.371723619374706	0.603624280710217	0.231900661335511	0	0	3	0.1	0.233025750981487	0.0289440656311539	0.178738349943868	0.290393186153433	0.111654836209565	0	0	3	0.2	0.515279164531227	0.0640627291961877	0.393425469189192	0.640463073204632	0.24703760401544
117	0	0	0	0.1	0.291240625935082	0.0322870902215732	0.228205404013503	0.351833661114536	0.123628257101033	0	0	0	0.2	0.533925847180947	0.0590219080193335	0.42037079406098	0.648095771277757	0.227724977216777	0	0	1	0.1	0.25040944831598	0.0283539019377121	0.197005011933749	0.304953854764713	0.107948842830964	0	0	1	0.2	0.531101976945908	0.0600361466205536	0.418240864914014	0.644529386170425	0.22628852125641	0	0	2	0.1	0.258117970391312	0.0294904404325573	0.203403662433906	0.315018544443804	0.111614882009898	0	0	2	0.2	0.564085841747133	0.0643942841939109	0.444991844371584	0.688138029194137	0.243146184822552	0	0	3	0.1	0.272844282772506	0.0313302897339794	0.214858234623407	0.333209323669101	0.118351089045694	0	0	3	0.2	0.602034098395198	0.0692526506379303	0.474214842472655	0.736052294172172	0.261837451699517
159	0	0	0	0.1	0.235872957473009	0.0295924390357995	0.178168228809234	0.294149924628999	0.115981695819765	0	0	0	0.2	0.434125311783569	0.0539032330564231	0.329135463391844	0.542775539866679	0.213640076474835	0	0	1	0.1	0.205542102168604	0.0254949276937291	0.15676891137553	0.255687959821058	0.0989190484455285	0	0	1	0.2	0.438163660672941	0.0540028577627381	0.335692929075637	0.541872712004027	0.20617978292839	0	0	2	0.1	0.214685398221443	0.0264131162200839	0.164628145269643	0.268303637423405	0.103675492153762	0	0	2	0.2	0.470523029216458	0.057939249528155	0.359622549044143	0.585965429975426	0.226342880931283	0	0	3	0.1	0.228751047281386	0.0281753968978431	0.174126403528148	0.286434413201032	0.112308009672885	0	0	3	0.2	0.505693010481743	0.0623513785123395	0.386592744414644	0.630927455101868	0.244334710687224
353	0	0	0	0.1	0.204357897986679	0.0283459598106984	0.148069555040832	0.262482929757643	0.114413374716811	0	0	0	0.2	0.375808206409478	0.0516813084352543	0.277808889960679	0.479909319092938	0.202100429132259	0	0	1	0.1	0.178551116444032	0.0246706430296269	0.130134769670272	0.226880843975838	0.096746074305566	0	0	1	0.2	0.380558414791673	0.0524100986448083	0.278069207067118	0.482627282452803	0.204558075385686	0	0	2	0.1	0.186979293906983	0.0258749952888638	0.136570584811514	0.237538190043007	0.100967605231493	0	0	2	0.2	0.409736463014495	0.0566193591555269	0.297541533437639	0.521717111826666	0.224175578389027	0	0	3	0.1	0.199530513195292	0.0277014748103202	0.145081283392006	0.254218992606468	0.109137709214461	0	0	3	0.2	0.441054488587913	0.0612179458873801	0.321104776084216	0.563005539905622	0.241900763821407
209	0	0	0	0.1	0.207324844683864	0.0287685178010372	0.150748084098881	0.264555485125345	0.113807401026464	0	0	0	0.2	0.382940942511953	0.0527564234227895	0.279892967695241	0.489172910462521	0.20927994276728	0	0	1	0.1	0.180054278802441	0.0248984274969351	0.13216990414027	0.22949937803467	0.0973294738943999	0	0	1	0.2	0.384558505560543	0.0529821238643727	0.282937509383831	0.491832787856391	0.20889527847256	0	0	2	0.1	0.187773222646607	0.0259373169357224	0.137392181598488	0.238417454091949	0.101025272493461	0	0	2	0.2	0.41217949610275	0.0568344763618077	0.302954201374643	0.523148469810739	0.220194268436096	0	0	3	0.1	0.199889636943941	0.0275766179279801	0.146642639792995	0.254823851839482	0.108181212046487	0	0	3	0.2	0.442540755730658	0.0611781483441649	0.323732992448359	0.562060686346148	0.23832769389779
205	0	0	0	0.1	0.229213662772139	0.0265400736622584	0.177838849910954	0.282433845078064	0.10459499516711	0	0	0	0.2	0.426101718490407	0.0488484877090933	0.331294740764968	0.526668826726296	0.195374085961328	0	0	1	0.1	0.203367127840543	0.023503868401669	0.156517964553631	0.250802743013412	0.0942847784597806	0	0	1	0.2	0.437247244936445	0.0505174918381544	0.337251351992679	0.540075831998083	0.202824480005404	0	0	2	0.1	0.215593512548095	0.0251263164733511	0.167083388417021	0.267047683944778	0.0999642955277567	0	0	2	0.2	0.475039998087948	0.0554270757375372	0.369014876619459	0.588489618010942	0.219474741391483	0	0	3	0.1	0.231567385403372	0.0271869191974509	0.180761889516518	0.287179915402945	0.106418025886427	0	0	3	0.2	0.514071177645792	0.0604724899424929	0.401420980845046	0.638442121722165	0.237021140877119
443	0	0	0	0.1	0.26778721747096	0.0308867187102001	0.206113050859065	0.328364340233226	0.122251289374161	0	0	0	0.2	0.490860586637956	0.055788036109035	0.381544258323693	0.60076141674301	0.219217158419317	0	0	1	0.1	0.228176073845174	0.0258289661985148	0.178793923341063	0.279073427073432	0.10027950373237	0	0	1	0.2	0.485785073673458	0.0545457578631703	0.382187072098114	0.594011802329975	0.211824730231861	0	0	2	0.1	0.236030878988123	0.0265254006094294	0.186315811739453	0.288887578998416	0.102571767258963	0	0	2	0.2	0.517111954156097	0.0579783513439703	0.407723951796354	0.631851403068529	0.224127451272175	0	0	3	0.1	0.250221770207008	0.0280666458731314	0.198656977172557	0.306171145064087	0.10751416789153	0	0	3	0.2	0.553061144261557	0.0619900520393893	0.436925724005731	0.675927274511244	0.239001550505513
158	0	0	0	0.1	0.221519271849431	0.0257917941382879	0.170068322940541	0.269434912354743	0.0993665894142021	0	0	0	0.2	0.409981857780448	0.0471907222736917	0.315315615070722	0.499145444897687	0.183829829826965	0	0	1	0.1	0.198109823155962	0.0229785427896527	0.152602641938125	0.241927476403099	0.0893248344649737	0	0	1	0.2	0.424878953879898	0.0490686042549427	0.327486410435579	0.519977461987803	0.192491051552224	0	0	2	0.1	0.210942637768081	0.0245331970709566	0.162965342989248	0.258892527146202	0.0959271841569549	0	0	2	0.2	0.463773385592673	0.0539446400773808	0.357642307916335	0.57214310939047	0.214500801474135	0	0	3	0.1	0.227196906715151	0.026615332880488	0.174755263439202	0.281383237099422	0.10662797366022	0	0	3	0.2	0.503282783372773	0.0588865454831661	0.388426107979389	0.62417945963483	0.235753351655442
416	0	0	0	0.1	0.234290117592976	0.0282210787238084	0.183249807513398	0.291300114517875	0.108050307004478	0	0	0	0.2	0.426031524592699	0.050983766234156	0.334705113912758	0.525834557225799	0.191129443313041	0	0	1	0.1	0.197422412672645	0.0239156707491982	0.155361342689837	0.243623964607366	0.0882626219175288	0	0	1	0.2	0.418752522509021	0.0504842284130355	0.330161824018444	0.515833477105995	0.185671653087551	0	0	2	0.1	0.203456545943736	0.0246378104661665	0.159680212958311	0.250885032111248	0.0912048191529366	0	0	2	0.2	0.444474180424828	0.0538363603131469	0.346000078530201	0.546431823743938	0.200431745213737	0	0	3	0.1	0.215324449988024	0.0261764777195703	0.167263103588727	0.265867317104108	0.0986042135153812	0	0	3	0.2	0.474832898752935	0.057747588146851	0.368677154321443	0.588278883278536	0.219601728957093
317	0	0	0	0.1	0.188300423703859	0.0286125608838367	0.135071337926905	0.246926560273817	0.111855222346912	0	0	0	0.2	0.348001222530731	0.0524287329184643	0.248878088037969	0.454893834336026	0.206015746298057	0	0	1	0.1	0.16387890126924	0.0245910037131704	0.118053817473801	0.215319673853297	0.0972658563794955	0	0	1	0.2	0.350434605220788	0.0523923488557284	0.252270131010185	0.458093476463771	0.205823345453586	0	0	2	0.1	0.171334522213977	0.0255300615615846	0.123731083270308	0.224446244026276	0.100715160755968	0	0	2	0.2	0.37643895169397	0.0559997542284729	0.272690165122644	0.492395377537308	0.219705212414665	0	0	3	0.1	0.182655302704767	0.0272037514148657	0.132842836695928	0.238827662861354	0.105984826165426	0	0	3	0.2	0.404640425470715	0.0601915909894459	0.294699067439654	0.530099140684438	0.235400073244784
656	0	0	0	0.1	0.237799032626299	0.0301363421191072	0.180730378233415	0.295898978411388	0.115168600177973	0	0	0	0.2	0.439966261933208	0.0549966982263066	0.333795978702053	0.547516791045053	0.213720812342999	0	0	1	0.1	0.205872686342159	0.0260514993153918	0.157283392495207	0.257454230948698	0.100170838453491	0	0	1	0.2	0.440082095532905	0.0552508349507264	0.338004042188442	0.553399123363847	0.215395081175405	0	0	2	0.1	0.214219285305379	0.0270505090426951	0.163887061793989	0.269237574576867	0.105350512782878	0	0	2	0.2	0.470662183977431	0.0593184255909967	0.360223400541575	0.590092469522599	0.229869068981024	0	0	3	0.1	0.227733932570373	0.0287823357388006	0.173465691310594	0.285860776366238	0.112395085055644	0	0	3	0.2	0.50454091373886	0.063675357689118	0.385148658358404	0.629561976885308	0.244413318526904
145	0	0	0	0.1	0.235543579054177	0.028024341642884	0.180728545887139	0.291270018169299	0.110541472282159	0	0	0	0.2	0.431026524381817	0.0508477913847262	0.330498943818344	0.529301448082704	0.19880250426436	0	0	1	0.1	0.202436666283202	0.0238661225837164	0.15536570690263	0.247552148052917	0.0921864411502873	0	0	1	0.2	0.431108934913355	0.0507171869339283	0.330666589402159	0.529143291450194	0.198476702048035	0	0	2	0.1	0.21103362981197	0.024926584731119	0.160126278351092	0.259305721998512	0.0991794436474199	0	0	2	0.2	0.46208133414694	0.0545256341448999	0.352844437306744	0.569232786908867	0.216388349602123	0	0	3	0.1	0.224749015203109	0.0265797616901523	0.170514302124749	0.27810325112064	0.107588948995891	0	0	3	0.2	0.496372526890765	0.0588553850317679	0.37876445938443	0.610092835282178	0.231328375897748
372	0	0	0	0.1	0.2059859743276	0.0283902920838727	0.150227364727972	0.261369219163017	0.111141854435045	0	0	0	0.2	0.380844931935202	0.0520562799164698	0.278815721498353	0.478770561916813	0.19995484041846	0	0	1	0.1	0.180586541010571	0.0248036600877934	0.132723320487029	0.225788351659431	0.0930650311724025	0	0	1	0.2	0.386735567970537	0.0528907959173337	0.284426009807825	0.482944822965638	0.198518813157812	0	0	2	0.1	0.190027713189998	0.0260527585535947	0.139351895359369	0.237436686020333	0.0980847906609637	0	0	2	0.2	0.417635543372589	0.0571422875821934	0.30877543573564	0.521140239882837	0.212364804147197	0	0	3	0.1	0.203292294621115	0.0278765033710299	0.148857430723126	0.254486551871915	0.105629121148789	0	0	3	0.2	0.450248706958874	0.0618052514666457	0.330373056922927	0.56443716951132	0.234064112588393
202	0	0	0	0.1	0.234274511501772	0.0290416556126497	0.178858768421457	0.291764208095987	0.11290543967453	0	0	0	0.2	0.42586123188921	0.0523954634632425	0.327850213759712	0.530513235584641	0.202663021824929	0	0	1	0.1	0.195054852387408	0.0241887580874097	0.150204512694358	0.243991891542968	0.0937873788486097	0	0	1	0.2	0.413100832352227	0.0510347117295682	0.317725102722906	0.517735026474762	0.200009923751856	0	0	2	0.1	0.199163056572822	0.0247223028183475	0.152240616704952	0.25008175154211	0.0978411348371585	0	0	2	0.2	0.434961792474714	0.0539801523256263	0.334971972744147	0.546927974563547	0.2119560018194	0	0	3	0.1	0.20967352460424	0.0261070455060064	0.159562403293199	0.263314034830515	0.103751631537316	0	0	3	0.2	0.462306494964672	0.0576134032842744	0.354981125686994	0.579671581508506	0.224690455821512
154	0	0	0	0.1	0.244143389318913	0.0293949723063838	0.189118598133394	0.301175474943684	0.11205687681029	0	0	0	0.2	0.448931254094595	0.0535448272232199	0.348944919276446	0.553801681383618	0.204856762107172	0	0	1	0.1	0.210933706169065	0.0254662613190327	0.164021221089399	0.262029729406986	0.0980085083175869	0	0	1	0.2	0.449546274470231	0.0539450208270934	0.351395782597249	0.55927828694811	0.207882504350861	0	0	2	0.1	0.219496622435953	0.0264561414595076	0.171916567468575	0.273231493340733	0.101314925872158	0	0	2	0.2	0.481084191333393	0.0579411974543894	0.379404502845404	0.598150907951777	0.218746405106373	0	0	3	0.1	0.233485704237893	0.0282628656865438	0.182905793959632	0.289355292008033	0.106449498048401	0	0	3	0.2	0.516098875580105	0.0624379679858237	0.40451177764111	0.640042836609103	0.235531058967993
431	0	0	0	0.1	0.226218119484311	0.0273885415856334	0.172562704996364	0.279295388356738	0.106732683360375	0	0	0	0.2	0.418093762858201	0.0502391456494231	0.318468097844698	0.518745303798745	0.200277205954046	0	0	1	0.1	0.201836936411356	0.0244183056149642	0.152637862164559	0.249332867640414	0.0966950054758556	0	0	1	0.2	0.430956596410125	0.0519549069209419	0.328720282295795	0.532747052688246	0.204026770392451	0	0	2	0.1	0.213146018937763	0.0257945423695621	0.16304856187254	0.263156892435364	0.100108330562824	0	0	2	0.2	0.467463858787877	0.0565635375970679	0.357523248725503	0.581573594301029	0.224050345575526	0	0	3	0.1	0.228449028329715	0.0277232400568585	0.175120687033866	0.283969140271799	0.108848453237932	0	0	3	0.2	0.505227592307059	0.0613778572338625	0.38697431508006	0.628817592881838	0.241843277801778
110	0	0	0	0.1	0.194251945124151	0.0285259579874612	0.140246786035484	0.250539249538003	0.110292463502519	0	0	0	0.2	0.357345614241767	0.051961844417548	0.257355714167077	0.458222160881776	0.200866446714699	0	0	1	0.1	0.167948907888553	0.0245356865317703	0.121263499234373	0.21424326648465	0.0929797672502773	0	0	1	0.2	0.358543373536949	0.0520958529322272	0.259019984015054	0.456624641743169	0.197604657728115	0	0	2	0.1	0.17542631782433	0.0255730431030546	0.126872698216254	0.224199244904736	0.0973265466884813	0	0	2	0.2	0.38491704713987	0.056099840432048	0.278644176693173	0.492137740572027	0.213493563878855	0	0	3	0.1	0.187030737808853	0.02731340516261	0.135608108435051	0.23914058777913	0.103532479344079	0	0	3	0.2	0.41370906713876	0.060464482807116	0.298954642606501	0.530109157017651	0.23115451441115
506	0	0	0	0.1	0.203984818077642	0.0283599708156043	0.151005984338546	0.261060793806376	0.11005480946783	0	0	0	0.2	0.377668218314077	0.0519128176471019	0.279022618320619	0.480277287347752	0.201254669027133	0	0	1	0.1	0.178055637915092	0.0245635546269088	0.131165781293838	0.226409007869567	0.0952432265757289	0	0	1	0.2	0.381549142532051	0.0523312243933966	0.279687492009173	0.484743943365255	0.205056451356082	0	0	2	0.1	0.18686795749033	0.0256754159031868	0.13687291938086	0.237128767443329	0.100255848062469	0	0	2	0.2	0.410950024105724	0.0563649861754686	0.299733929698443	0.521592455299463	0.221858525601019	0	0	3	0.1	0.199613883371743	0.0274258606326308	0.146162999600124	0.253196932171311	0.107033932571187	0	0	3	0.2	0.442499630282123	0.0607790537276349	0.321628723238315	0.563680433422603	0.242051710184288
210	0	0	0	0.1	0.232643375197596	0.0286945452046591	0.17832849302767	0.289201522562854	0.110873029535183	0	0	0	0.2	0.430605558297582	0.0525371588933533	0.32998905975361	0.535383067160407	0.205394007406797	0	0	1	0.1	0.203215925151733	0.0250120425124765	0.153378542863337	0.254419952532703	0.101041409669366	0	0	1	0.2	0.434232098464007	0.0531862920181163	0.329754035459046	0.54420291850205	0.214448883043004	0	0	2	0.1	0.212190051051931	0.0261336557993	0.162183803054187	0.264903776300073	0.102719973245886	0	0	2	0.2	0.465957975587273	0.0573593468674124	0.356167522157872	0.581925808255403	0.225758286097531	0	0	3	0.1	0.225925780285087	0.0279280510257176	0.172302943303287	0.283663211722637	0.11136026841935	0	0	3	0.2	0.500464110449681	0.0618333940689888	0.383673739983673	0.626268877414913	0.242595137431239
319	0	0	0	0.1	0.254311698814006	0.0282650376997149	0.1994043313637	0.310806602744466	0.111402271380766	0	0	0	0.2	0.466956856792216	0.0514458718125448	0.368421004062682	0.568374023153023	0.199953019090341	0	0	1	0.1	0.218089109919557	0.0242306457314901	0.171269458767853	0.267570413288927	0.096300954521074	0	0	1	0.2	0.465488936650923	0.0514528799605399	0.365830976758514	0.567608249761382	0.201777273002868	0	0	2	0.1	0.227127891728274	0.0252248142153011	0.177771313926242	0.27749290872327	0.099721594797028	0	0	2	0.2	0.498270017541882	0.0553231027202673	0.388932436986425	0.608595623043316	0.219663186056891	0	0	3	0.1	0.24174924761544	0.0269071778540139	0.189112678096739	0.296819428325936	0.107706750229197	0	0	3	0.2	0.5347969713807	0.0596129305359533	0.420187303193389	0.656913176952651	0.236725873759262
136	0	0	0	0.1	0.224571602372727	0.0294310324117852	0.170390765753313	0.280787990248694	0.110397224495381	0	0	0	0.2	0.419656539972853	0.0545585331158675	0.320330943098393	0.524716197176379	0.204385254077986	0	0	1	0.1	0.204198330315358	0.026565576997174	0.156070831109542	0.257410558216901	0.101339727107359	0	0	1	0.2	0.438830144375184	0.0569002348589648	0.335919373947746	0.552391585730558	0.216472211782811	0	0	2	0.1	0.217664014010258	0.0283115426030909	0.167215800302788	0.274119960392317	0.106904160089529	0	0	2	0.2	0.479478785026273	0.0623093673165546	0.367023543882276	0.600860694139371	0.233837150257096	0	0	3	0.1	0.234317003187197	0.0305211466606685	0.178987120847781	0.295457320861278	0.116470200013497	0	0	3	0.2	0.520222516574595	0.0678993297222589	0.39769945429847	0.655305507549712	0.257606053251241
214	0	0	0	0.1	0.255563916002544	0.0302888911654641	0.197922225052683	0.311606205909737	0.113683980857054	0	0	0	0.2	0.462353255875895	0.0538654876231507	0.361811202084794	0.567242559828732	0.205431357743937	0	0	1	0.1	0.211927582972862	0.0248638420983138	0.165445979356324	0.260673503902528	0.0952275245462042	0	0	1	0.2	0.447342231262565	0.051927424473372	0.350333770085961	0.547523447482659	0.197189677396697	0	0	2	0.1	0.21557450658487	0.0250602546202149	0.168997495743877	0.264577400333731	0.0955799045898541	0	0	2	0.2	0.469653205468047	0.0543442042860712	0.367722232855858	0.57426312143476	0.206540888578902	0	0	3	0.1	0.226555976243204	0.0262827564958947	0.177534244096632	0.278259905327475	0.100725661230843	0	0	3	0.2	0.498514413705521	0.0577373119858539	0.390226145198633	0.610218043535073	0.21999189833644
112	0	0	0	0.1	0.261204547946075	0.0288677853625224	0.207472224022396	0.321110055772994	0.113637831750599	0	0	0	0.2	0.483380962737718	0.052582072884258	0.386845394183947	0.59278396786962	0.205938573685673	0	0	1	0.1	0.228084323933511	0.0246119126774869	0.183021966359309	0.277520967727049	0.0944990013677404	0	0	1	0.2	0.488061932222228	0.0523158027374003	0.392073659655278	0.594401605867009	0.202327946211731	0	0	2	0.1	0.238754939628139	0.0255763460975568	0.191118404631349	0.290416749774988	0.0992983451436391	0	0	2	0.2	0.52475308520034	0.0561322122390208	0.420090006426694	0.639007944428381	0.218917938001686	0	0	3	0.1	0.254638381511101	0.0272594925551159	0.204605464182293	0.310533551714031	0.105928087531738	0	0	3	0.2	0.564192279947062	0.0604071036038501	0.452218404870797	0.686900313976523	0.234681909105726
336	0	0	0	0.1	0.216464623829708	0.0292737430178717	0.157939090775929	0.274242175114476	0.116303084338547	0	0	0	0.2	0.397629778362481	0.0534680890107887	0.290598013522672	0.500206297386642	0.20960828386397	0	0	1	0.1	0.184421250116752	0.0250708290542118	0.133676294057764	0.232937609617466	0.0992613155597022	0	0	1	0.2	0.392936855650639	0.0532559123475795	0.283963217631487	0.495287772129023	0.211324554497536	0	0	2	0.1	0.190622904858889	0.0259631819980104	0.137525018960769	0.241870762994779	0.104345744034009	0	0	2	0.2	0.417809004107546	0.0569411751295436	0.300807819815716	0.53073668436583	0.229928864550114	0	0	3	0.1	0.201967826826092	0.0276563404378251	0.144525212166763	0.257374378241105	0.112849166074341	0	0	3	0.2	0.446626385987885	0.0611887135507291	0.32326729960209	0.568664649324724	0.245397349722633
130	0	0	0	0.1	0.222484111805694	0.0284745301194129	0.16795394215534	0.277247936364874	0.109293994209534	0	0	0	0.2	0.408958432773058	0.0518923554598548	0.306930422753068	0.510918085211276	0.203987662458208	0	0	1	0.1	0.192366699411606	0.0245638260078034	0.145401846756812	0.240919688258579	0.0955178415017671	0	0	1	0.2	0.410120157667033	0.0521798141422764	0.312173991775971	0.513783848255684	0.201609856479713	0	0	2	0.1	0.200531887364001	0.0256554131966043	0.152344078919403	0.251699488920938	0.0993554100015343	0	0	2	0.2	0.439484077979793	0.0562019800219609	0.332275097867778	0.55234661878138	0.220071520913602	0	0	3	0.1	0.213458876941367	0.0273994383040599	0.162270397800822	0.268539426531416	0.106269028730594	0	0	3	0.2	0.471943143598293	0.0606321868164114	0.358304983710287	0.594165499649989	0.235860515939702
367	0	0	0	0.1	0.220359266519451	0.0293299912550158	0.162541377343683	0.277957298378264	0.11541592103458	0	0	0	0.2	0.404008159897186	0.0533581827072976	0.29880651361262	0.509489272212444	0.210682758599824	0	0	1	0.1	0.188740976091489	0.0250555081580754	0.141226345301064	0.239514989766207	0.0982886444651434	0	0	1	0.2	0.401499073816029	0.0531335121646812	0.30076678286577	0.509850244966092	0.209083462100321	0	0	2	0.1	0.195468618287119	0.0259304810942769	0.146779676692251	0.248415260103782	0.101635583411531	0	0	2	0.2	0.427916860957375	0.0567426182508119	0.322178407409729	0.544115626336589	0.221937218926859	0	0	3	0.1	0.207370526910466	0.0275667497245345	0.155394183559459	0.264096429920448	0.108702246360989	0	0	3	0.2	0.458019841928271	0.0609861779742388	0.341778720091105	0.583536922068764	0.241758201977659
328	0	0	0	0.1	0.245000699196679	0.0293472784441332	0.189872235237644	0.302385322933934	0.11251308769629	0	0	0	0.2	0.454956984895545	0.0538425721713939	0.353028624279744	0.561419507141332	0.208390882861588	0	0	1	0.1	0.216062455915676	0.0257551766654514	0.167896294907442	0.264993889821593	0.0970975949141509	0	0	1	0.2	0.463271472335244	0.0548378006316575	0.360391056114204	0.56973046632043	0.209339410206226	0	0	2	0.1	0.227376529458712	0.0269958850794446	0.176701502859861	0.277775918218548	0.101074415358687	0	0	2	0.2	0.500406774020679	0.0592906918784265	0.38979681866375	0.615446635806013	0.225649817142263	0	0	3	0.1	0.243249866377471	0.0289242326639686	0.188347531935733	0.299935691282161	0.111588159346429	0	0	3	0.2	0.539506553711322	0.0640892342203192	0.419417606270464	0.664975665319727	0.245558059049262
603	0	0	0	0.1	0.271687908360813	0.0308411314082109	0.210074147889429	0.332301152130726	0.122227004241296	0	0	0	0.2	0.491345302367152	0.0550582106792	0.380738763990835	0.601408091970511	0.220669327979677	0	0	1	0.1	0.226694256386741	0.0256781196399031	0.176020063983966	0.275735577811408	0.0997155138274419	0	0	1	0.2	0.477718064037889	0.0537104758617905	0.372045379194111	0.582755834807537	0.210710455613425	0	0	2	0.1	0.230566163295928	0.0260373254893032	0.179303750891479	0.281977244279859	0.10267349338838	0	0	2	0.2	0.501834420809617	0.0565308213897377	0.391022287091403	0.616124325841982	0.225102038750579	0	0	3	0.1	0.242248682897594	0.0273722281264	0.188289070785279	0.297469411127378	0.109180340342099	0	0	3	0.2	0.532557375091479	0.0601599169021977	0.412848724982198	0.654483175420791	0.241634450438594
119	0	0	0	0.1	0.235970627253811	0.0298997139083854	0.176705859387328	0.292725465414672	0.116019606027344	0	0	0	0.2	0.434889766715987	0.0545930893297606	0.327220235210591	0.536586428045141	0.209366192834551	0	0	1	0.1	0.20292167736581	0.0255124907469601	0.15206604123369	0.253472574480677	0.101406533246988	0	0	1	0.2	0.433186103192641	0.0542501791438572	0.325708363398147	0.539495935698379	0.213787572300232	0	0	2	0.1	0.210802175387686	0.0264521010151919	0.156698923513841	0.262603638455953	0.105904714942112	0	0	2	0.2	0.4625923423273	0.0580387487887693	0.343471339551973	0.578787255287939	0.235315915735966	0	0	3	0.1	0.223963530446562	0.0281322361301183	0.167146895829218	0.279289345679928	0.112142449850709	0	0	3	0.2	0.495640550631166	0.0623795593413755	0.367364007466216	0.619763059007005	0.252399051540789
211	0	0	0	0.1	0.229117090861393	0.0279889720011202	0.173123598702046	0.282323051967345	0.109199453265299	0	0	0	0.2	0.423176838133284	0.0512707720262209	0.321230023284881	0.520086421291587	0.198856398006706	0	0	1	0.1	0.203333162173061	0.0249405698438316	0.152960001838102	0.250855053820186	0.0978950519820839	0	0	1	0.2	0.434670868306753	0.053241931391921	0.326325200809989	0.536020552822935	0.209695352012946	0	0	2	0.1	0.214747723816941	0.026529563595366	0.161417744263982	0.264969169119705	0.103551424855723	0	0	2	0.2	0.471292378402519	0.0581884421268201	0.352891632609993	0.583158789371122	0.230267156761129	0	0	3	0.1	0.230131980685964	0.0285437284082797	0.172120249257764	0.284638928543856	0.112518679286092	0	0	3	0.2	0.50927836185839	0.0632515221901479	0.38171827000748	0.62993507602023	0.24821680601275
237	0	0	0	0.1	0.201216245337749	0.0279987440808229	0.147241731550366	0.256073763386967	0.108832031836601	0	0	0	0.2	0.372858789003522	0.0516871694253738	0.27316272274293	0.473903824190772	0.200741101447842	0	0	1	0.1	0.176329801829874	0.0247165380990075	0.129585441372604	0.226073111189502	0.0964876698168976	0	0	1	0.2	0.377809116786685	0.0528385724612605	0.277322035415332	0.482422927066046	0.205100891650714	0	0	2	0.1	0.185223910366223	0.0260241182294716	0.136638302510213	0.23662720987857	0.0999889073683562	0	0	2	0.2	0.407283748742283	0.0573595363131263	0.299120465617121	0.518464668449568	0.219344202832447	0	0	3	0.1	0.197953498237734	0.0279211489152011	0.145305151000023	0.253092539409688	0.107787388409666	0	0	3	0.2	0.438766319311466	0.0619530069611562	0.322297529064909	0.560050468010986	0.237752938946076
258	0	0	0	0.1	0.222578549404597	0.0293589961643425	0.16764239176997	0.28030166369035	0.112659271920381	0	0	0	0.2	0.41275852421716	0.0539702957227332	0.310716148859192	0.520724631179233	0.210008482320041	0	0	1	0.1	0.194574152072802	0.0255579029778197	0.146002698515286	0.246009220198237	0.100006521682952	0	0	1	0.2	0.416782948673079	0.0543829300149526	0.312908730500502	0.522692578779651	0.20978384827915	0	0	2	0.1	0.203841997804296	0.0266032914667766	0.153417345439427	0.253881431187741	0.100464085748314	0	0	2	0.2	0.448262243599976	0.0584605712500043	0.336716255118373	0.558058388963064	0.22134213384469	0	0	3	0.1	0.217488005966733	0.0283658539993577	0.163368632650384	0.270551777609353	0.107183144958969	0	0	3	0.2	0.482260833335944	0.0629156783644896	0.363098796691007	0.60060694553153	0.237508148840522
269	0	0	0	0.1	0.218573992531047	0.0292070707678139	0.162825430496305	0.278390586984276	0.115565156487971	0	0	0	0.2	0.404561803303045	0.0536056943087862	0.302013094715977	0.514589868736039	0.212576774020062	0	0	1	0.1	0.192876922238962	0.0257193892296685	0.144070783663205	0.247295622383511	0.103224838720305	0	0	1	0.2	0.412771579792462	0.054845368219724	0.309467289281127	0.528133290211977	0.218666000930849	0	0	2	0.1	0.203063298123427	0.0270791633965246	0.152029116187343	0.259242193657494	0.10721307747015	0	0	2	0.2	0.446195898772912	0.0593889222347999	0.334992695332418	0.568076173587501	0.233083478255083	0	0	3	0.1	0.217401022363184	0.0290434485308379	0.16301853733594	0.278637261323079	0.115618723987139	0	0	3	0.2	0.48126479355297	0.0642273363927031	0.360704850132521	0.617139018114843	0.256434167982322
208	0	0	0	0.1	0.208398475185492	0.0280189154168141	0.155489822998398	0.262414099995516	0.106924276997117	0	0	0	0.2	0.384408585849917	0.0511869677587569	0.287096800423352	0.486583385695398	0.199486585272046	0	0	1	0.1	0.179177835098591	0.023955101012299	0.133532757607568	0.228482705112061	0.0949499475044926	0	0	1	0.2	0.383423191258538	0.0510704792904147	0.284835279846227	0.488712462862244	0.203877183016017	0	0	2	0.1	0.186934987377946	0.0250087400317231	0.140290023607221	0.239519235054149	0.0992292114469283	0	0	2	0.2	0.410862771037502	0.0549639080425387	0.306590159721648	0.527043754142146	0.220453594420499	0	0	3	0.1	0.19906312212825	0.0268220538515443	0.148620746313015	0.254026416759676	0.105405670446661	0	0	3	0.2	0.441270032229281	0.059324442737691	0.328511653604623	0.564660121307267	0.236148467702644
291	0	0	0	0.1	0.254292562615114	0.0296179212389864	0.198341852965025	0.311732535087835	0.113390682122811	0	0	0	0.2	0.466758324369939	0.0538056782332478	0.364823235943946	0.568590019853774	0.203766783909828	0	0	1	0.1	0.216228191727445	0.0250872785612717	0.169953484243865	0.264932613369353	0.0949791291254882	0	0	1	0.2	0.460968192990597	0.0531535962965541	0.361273784010286	0.563972140110921	0.202698356100635	0	0	2	0.1	0.223785684931902	0.0259201297527315	0.175401794228948	0.275079970838241	0.0996781766092933	0	0	2	0.2	0.490686241162297	0.0567280761606824	0.38498154808821	0.603020695950732	0.218039147862523	0	0	3	0.1	0.237301639067213	0.0275522934457742	0.185337870638594	0.291291306046124	0.10595343540753	0	0	3	0.2	0.524898298502225	0.0608881867308951	0.412374044536681	0.644553478556568	0.232179434019887
168	0	0	0	0.1	0.277512056296083	0.0291930395484364	0.220402559407899	0.335847476330751	0.115444916922852	0	0	0	0.2	0.509628501332377	0.0528131139425466	0.407397948786948	0.614398773596101	0.207000824809153	0	0	1	0.1	0.23797397923424	0.0249041401328995	0.189758060763218	0.286357582794323	0.096599522031105	0	0	1	0.2	0.507274814014929	0.0526946569677424	0.406126902105896	0.613396649499411	0.207269747393516	0	0	2	0.1	0.247126289653873	0.0258723179296478	0.198214286092228	0.29884977872989	0.100635492637662	0	0	2	0.2	0.541650362146762	0.0565710466884152	0.434759867051534	0.652128557957816	0.217368690906283	0	0	3	0.1	0.262388857940787	0.0275106088769798	0.210715043274084	0.317176923246755	0.106461879972671	0	0	3	0.2	0.580255646696365	0.0608746610822593	0.465641142474769	0.700825733637919	0.235184591163151
352	0	0	0	0.1	0.235334381370692	0.0294848130511006	0.172858246887641	0.294295965913885	0.121437719026244	0	0	0	0.2	0.435461691906773	0.0540568913312777	0.320624468810972	0.543399820941189	0.222775352130216	0	0	1	0.1	0.203763524880356	0.025532395010683	0.151011418780439	0.256109337115167	0.105097918334728	0	0	1	0.2	0.436246864946042	0.054383111253819	0.324624327626811	0.547965070065329	0.223340742438519	0	0	2	0.1	0.212652367112714	0.026610556319149	0.157212210093495	0.268286160615664	0.111073950522169	0	0	2	0.2	0.467537875934598	0.0584626092630377	0.34848876160413	0.590657700742223	0.242168939138093	0	0	3	0.1	0.226389000538179	0.0283949430787118	0.167188894712863	0.285930290662657	0.118741395949794	0	0	3	0.2	0.501835237154365	0.0629326839251168	0.372331711269616	0.633662982302026	0.261331271032409
123	0	0	0	0.1	0.252669594553692	0.029801979264751	0.195012497651985	0.310972191078429	0.115959693426444	0	0	0	0.2	0.467751092540661	0.0544707231490271	0.364114462298135	0.574768915345597	0.210654453047462	0	0	1	0.1	0.220213342055058	0.0257540460581932	0.170470043676749	0.270271608371839	0.0998015646950905	0	0	1	0.2	0.471245250338432	0.0546830551609067	0.365962704696883	0.574924885721834	0.20896218102495	0	0	2	0.1	0.230193596043839	0.026731408317618	0.178987941950417	0.283167567322385	0.104179625371968	0	0	2	0.2	0.505958777216429	0.058597245391077	0.394674908834582	0.622475210056193	0.227800301221611	0	0	3	0.1	0.24532364966972	0.0284165606568868	0.190951911769193	0.302457157201283	0.111505245432089	0	0	3	0.2	0.543678665349274	0.0630525699355913	0.423944907126543	0.668697003674849	0.244752096548306
184	0	0	0	0.1	0.247568022629689	0.0294269552539465	0.192827038670679	0.30522782901253	0.11240079034185	0	0	0	0.2	0.461736985462978	0.0543361355326528	0.360827785021065	0.572252060452543	0.211424275431478	0	0	1	0.1	0.222135234590607	0.0262925721038568	0.173943084123668	0.27387084437245	0.0999277602487816	0	0	1	0.2	0.476658735188458	0.0562162278001867	0.374085331397165	0.587442323225604	0.213356991828439	0	0	2	0.1	0.234998690824637	0.0278272429298371	0.182815111528721	0.288906244962488	0.106091133433766	0	0	2	0.2	0.517315269324698	0.0612158401706012	0.402597998644563	0.638336880350664	0.235738881706101	0	0	3	0.1	0.25192017833193	0.0299446234365898	0.196260676739757	0.310006685059172	0.113746008319415	0	0	3	0.2	0.558998225309363	0.0665134853979274	0.434150543700995	0.689648372131044	0.255497828430049
294	0	0	0	0.1	0.243635119512106	0.027504466680153	0.189488008439249	0.296983035970896	0.107495027531647	0	0	0	0.2	0.452705411468015	0.0505492694053635	0.35291900268175	0.551265884789779	0.19834688210803	0	0	1	0.1	0.213577633568112	0.024017729170958	0.165848966965794	0.260753623128142	0.0949046561623477	0	0	1	0.2	0.459443533850995	0.0513989237289109	0.357694054908764	0.561531069284019	0.203837014375255	0	0	2	0.1	0.225453663658386	0.0253541235243763	0.174965455304256	0.274516028813877	0.0995505735096212	0	0	2	0.2	0.497130501989037	0.0558424240067108	0.383927270855194	0.604265696390723	0.220338425535529	0	0	3	0.1	0.24162362429328	0.0272057580731957	0.187682737129291	0.294655805000683	0.106973067871392	0	0	3	0.2	0.536746625784924	0.060682025983883	0.415002062852126	0.65668007124894	0.241678008396814
526	0	0	0	0.1	0.212713205490232	0.028890777408163	0.155264885445706	0.2704048171876	0.115139931741893	0	0	0	0.2	0.392864271879514	0.0530239177481122	0.288631346068051	0.499603982469212	0.210972636401161	0	0	1	0.1	0.185244638553456	0.0251808980018087	0.136450085242047	0.235403404037139	0.0989533187950922	0	0	1	0.2	0.395383621401205	0.0535734473557348	0.292131236917918	0.501354211173056	0.209222974255138	0	0	2	0.1	0.193147195814176	0.0262676702044831	0.142010937899963	0.246451913811029	0.104440975911066	0	0	2	0.2	0.423720118470309	0.0575957239407255	0.312498805932992	0.540569507527056	0.228070701594064	0	0	3	0.1	0.205494799083673	0.02803937240239	0.151204071861797	0.261998786684356	0.110794714822559	0	0	3	0.2	0.454717349253681	0.0621291293811769	0.335654975557797	0.58014762268594	0.244492647128143
243	0	0	0	0.1	0.223116238909191	0.028120247532761	0.172157468153817	0.283498148750546	0.111340680596729	0	0	0	0.2	0.414386516208007	0.0518042129134147	0.320392848787126	0.524650470553413	0.204257621766286	0	0	1	0.1	0.197789698933818	0.0250031039290948	0.15203176992944	0.250273278183934	0.0982415082544946	0	0	1	0.2	0.423756747711237	0.0534202005902294	0.325736199630591	0.536177919437056	0.210441719806464	0	0	2	0.1	0.208343472758511	0.0264038576624746	0.159777253107535	0.265000794838403	0.105223541730868	0	0	2	0.2	0.458171249256196	0.0581094968453274	0.350830827646069	0.584419607240308	0.233588779594239	0	0	3	0.1	0.222939104682657	0.0284151609875793	0.17056305149126	0.284474158050795	0.113911106559536	0	0	3	0.2	0.494255028383626	0.063034506058833	0.378649147025177	0.631420937944008	0.252771790918831
557	0	0	0	0.1	0.171010149168251	0.0297519539783076	0.112458351959169	0.229765808353791	0.117307456394623	0	0	0	0.2	0.316141017609294	0.0547084585163711	0.208795294028195	0.425637328030842	0.216842034002647	0	0	1	0.1	0.145044872270069	0.025117520857544	0.0952805386158988	0.196252132297286	0.100971593681388	0	0	1	0.2	0.310893012051883	0.0537026933305795	0.204469506594008	0.420679143308488	0.21620963671448	0	0	2	0.1	0.150370026327134	0.0259354729511227	0.0983095527154022	0.204152116359593	0.105842563644191	0	0	2	0.2	0.330950441917258	0.0570703350382649	0.216950846104662	0.447625960036466	0.230675113931804	0	0	3	0.1	0.159614897732867	0.0274975876179997	0.104714266893899	0.216110058051808	0.111395791157908	0	0	3	0.2	0.354101621858913	0.0611418591387128	0.23240217205796	0.479602164973972	0.247199992916012
459	0	0	0	0.1	0.216832480738127	0.0293247961889858	0.160848782654379	0.273316249067082	0.112467466412703	0	0	0	0.2	0.396657568599283	0.053217851772967	0.294387372223051	0.497483925136379	0.203096552913328	0	0	1	0.1	0.184536874131403	0.0248645335160379	0.135997858089705	0.231764943861833	0.0957670857721278	0	0	1	0.2	0.392397974191785	0.0525729044481632	0.290595099631269	0.494444074620701	0.203848974989432	0	0	2	0.1	0.190776199938375	0.0256148332773444	0.140900550393196	0.240959698026606	0.10005914763341	0	0	2	0.2	0.417497241575832	0.0559297092605765	0.31005371498901	0.527080059617462	0.217026344628451	0	0	3	0.1	0.202173976263546	0.0270505198714381	0.149698868427694	0.255315628310365	0.105616759882671	0	0	3	0.2	0.446465456254186	0.0598676187078784	0.329040649053918	0.565639394893097	0.236598745839179
170	0	0	0	0.1	0.191360212219365	0.0269815883353503	0.139022792044883	0.244316599220664	0.105293807175781	0	0	0	0.2	0.352024987598846	0.0490630153530854	0.256626946133933	0.447750685454967	0.191123739321034	0	0	1	0.1	0.167829295957222	0.0234053923481347	0.123204318937759	0.214632308916778	0.0914279899790189	0	0	1	0.2	0.358624061187362	0.0498019372870444	0.262661636222213	0.458533965822505	0.195872329600293	0	0	2	0.1	0.176992689662718	0.0246970182195211	0.129292320623571	0.226754732910825	0.0974624122872543	0	0	2	0.2	0.388268615737497	0.0541319214221753	0.283830566572445	0.498186888940865	0.21435632236842	0	0	3	0.1	0.189573610357844	0.0265776133354033	0.13800169451891	0.2445492917961	0.10654759727719	0	0	3	0.2	0.419483611834376	0.058883557205397	0.306267033496183	0.542166751211128	0.235899717714944
505	0	0	0	0.1	0.240462004766893	0.028505647015304	0.184414002935657	0.296893966543997	0.11247996360834	0	0	0	0.2	0.445670809121475	0.0524112195161372	0.34226561734852	0.548115605247002	0.205849987898482	0	0	1	0.1	0.212319544692767	0.0252016245687859	0.163422359782133	0.263006797414743	0.0995844376326095	0	0	1	0.2	0.454776550491566	0.0537589529445294	0.350261353318037	0.565412177730992	0.215150824412954	0	0	2	0.1	0.223632169589048	0.026548239806578	0.173093938767708	0.277162829204924	0.104068890437216	0	0	2	0.2	0.491657629930666	0.0583723261396135	0.381222490955587	0.60894378170131	0.227721290745723	0	0	3	0.1	0.239359722287458	0.0284942781822217	0.185773850002683	0.295496197561326	0.109722347558643	0	0	3	0.2	0.530361414923117	0.0632510514251965	0.41343632531629	0.655483956958411	0.242047631642121
315	0	0	0	0.1	0.172218780915367	0.0283325728394372	0.115967671944835	0.229426207581564	0.113458535636729	0	0	0	0.2	0.317370916116772	0.051839409558937	0.214877990972856	0.421674974680511	0.206796983707654	0	0	1	0.1	0.15081432550636	0.0246758075609955	0.102572213933752	0.200989728227645	0.0984175142938935	0	0	1	0.2	0.322370983792941	0.0525238555347796	0.220491711773672	0.426661323751038	0.206169611977366	0	0	2	0.1	0.158696289675078	0.0258966661144783	0.108382480890742	0.21152427582831	0.103141794937568	0	0	2	0.2	0.348392873627838	0.0567159452394521	0.239407282670272	0.464674072105061	0.22526678943479	0	0	3	0.1	0.1698521070917	0.0277171247341393	0.116204869781436	0.229101834547976	0.11289696476654	0	0	3	0.2	0.375831947830308	0.0613358803372671	0.255754388260858	0.502856136682154	0.247101748421296
264	0	0	0	0.1	0.229942925099933	0.0270492635173805	0.17943541647188	0.288046165569266	0.108610749097386	0	0	0	0.2	0.42546974538542	0.0492921267542261	0.332081013771828	0.52885301451453	0.196772000742702	0	0	1	0.1	0.20315256812874	0.0234945956341634	0.158551391914675	0.251665958580597	0.0931145666659213	0	0	1	0.2	0.435017042392054	0.0499879180874903	0.339282239516428	0.535885767510683	0.196603527994254	0	0	2	0.1	0.214348255368111	0.0246792583615635	0.166691959301141	0.26613020559794	0.099438246296799	0	0	2	0.2	0.471036175964871	0.0541961329652807	0.366186369136876	0.583181549648231	0.216995180511355	0	0	3	0.1	0.229668270342521	0.0264638412167351	0.179402189101355	0.283829406068847	0.104427216967491	0	0	3	0.2	0.508722649425331	0.0587045780876432	0.39693118729172	0.626916999316264	0.229985812024543
341	0	0	0	0.1	0.226423996435248	0.0285874336431395	0.171000956074821	0.284985250627253	0.113984294552432	0	0	0	0.2	0.419845893142443	0.0526218064720721	0.318088097715811	0.528603115470353	0.210515017754542	0	0	1	0.1	0.198700564761393	0.0250087491085945	0.150211415335723	0.248739916542701	0.0985285012069775	0	0	1	0.2	0.425459945629658	0.0533787283432349	0.322137440586666	0.530788589994256	0.20865114940759	0	0	2	0.1	0.208345599700032	0.0262263390472478	0.156374129617841	0.259992843296177	0.103618713678336	0	0	2	0.2	0.458072457900855	0.0577067647089428	0.344616471864054	0.571762540327674	0.227146068463621	0	0	3	0.1	0.222528598045034	0.0280814893684215	0.166987371634319	0.27810694098783	0.111119569353511	0	0	3	0.2	0.493060204557447	0.0622137132254829	0.370052726690629	0.615464248711179	0.24541152202055
415	0	0	0	0.1	0.218181903623115	0.0286966875248774	0.160405522441876	0.270622195933057	0.110216673491181	0	0	0	0.2	0.403213709551131	0.0524573720319445	0.299147080541109	0.499121879180496	0.199974798639387	0	0	1	0.1	0.186881457122765	0.0245347583484641	0.139949691623739	0.233399054935028	0.0934493633112889	0	0	1	0.2	0.400590026447525	0.0522355590059882	0.30134452298271	0.500670209728517	0.199325686745806	0	0	2	0.1	0.194816216048797	0.0254704321889738	0.146621091819757	0.245533862982036	0.0989127711622784	0	0	2	0.2	0.428678670051337	0.0559732555998305	0.324069234706671	0.538924567974803	0.214855333268132	0	0	3	0.1	0.207444137199288	0.0271587056899939	0.157244497574933	0.259787987241134	0.102543489666201	0	0	3	0.2	0.459975988051402	0.060199259278878	0.348110959389268	0.579784696104245	0.231673736714977
632	0	0	0	0.1	0.195913203565185	0.0271329882470309	0.140830495797403	0.2472802673315	0.106449771534097	0	0	0	0.2	0.365792399545467	0.0504390821499656	0.263267372546832	0.464000141656648	0.200732769109816	0	0	1	0.1	0.173800118731812	0.0241781307611945	0.124682537867278	0.221766390499109	0.0970838526318309	0	0	1	0.2	0.374263219562929	0.0519875408857015	0.270390796779992	0.477595861807855	0.207205065027863	0	0	2	0.1	0.183952398987963	0.0256963648130272	0.133178071159046	0.235766033374617	0.102587962215571	0	0	2	0.2	0.405853565973877	0.0567240247505813	0.294310522512157	0.518645864197271	0.224335341685114	0	0	3	0.1	0.197334530853973	0.0276403731784439	0.143736156984585	0.251960347095641	0.108224190111056	0	0	3	0.2	0.438573327891425	0.061691696393493	0.316640313386162	0.560519353396272	0.24387904001011
633	0	0	0	0.1	0.259499949972165	0.0293018783887978	0.200154827175912	0.318304855926847	0.118150028750935	0	0	0	0.2	0.475099518648777	0.0528518470643097	0.367753682128157	0.581714528988057	0.2139608468599	0	0	1	0.1	0.22254951970764	0.0248328659581231	0.172830268006218	0.273629416274757	0.100799148268539	0	0	1	0.2	0.472899735506784	0.0523100293359031	0.369826098668623	0.582899074213815	0.213072975545192	0	0	2	0.1	0.230466656033181	0.0254712688264417	0.17940008248504	0.284662560196168	0.105262477711128	0	0	2	0.2	0.50416860885281	0.0556337085996007	0.396808029821634	0.621444153663925	0.224636123842291	0	0	3	0.1	0.244424399394644	0.0269640946785993	0.192582460587567	0.30246733568082	0.109884875093253	0	0	3	0.2	0.539618210993318	0.0596093166916494	0.425451027900579	0.668664330468081	0.243213302567502
360	0	0	0	0.1	0.198413897561919	0.0290725302283921	0.143667935331192	0.258488719178805	0.114820783847613	0	0	0	0.2	0.367104481166479	0.0533980468764133	0.266993700489308	0.478391619090773	0.211397918601465	0	0	1	0.1	0.173746477624244	0.0253191318101063	0.126297341073767	0.226370700996372	0.100073359922604	0	0	1	0.2	0.37248543442437	0.0540031703306743	0.270515239428456	0.485672336401861	0.215157096973405	0	0	2	0.1	0.183050366274438	0.0265427146601195	0.133564362213904	0.237566012913015	0.104001650699111	0	0	2	0.2	0.402616649978416	0.0582961344560342	0.29306964061497	0.523398041771307	0.230328401156337	0	0	3	0.1	0.196013637380894	0.0284185950531416	0.142781825913167	0.254477290173005	0.111695464259838	0	0	3	0.2	0.434543822239515	0.0630165539802739	0.316647576007968	0.566480477567324	0.249832901559356
166	0	0	0	0.1	0.245864048246105	0.0296896658508079	0.189161211672431	0.304879070702662	0.115717859030232	0	0	0	0.2	0.455039612156868	0.0543577611382498	0.352846990106864	0.561772615748142	0.208925625641277	0	0	1	0.1	0.214814062208355	0.0259216755093572	0.168007749926068	0.265980745721587	0.0979729957955186	0	0	1	0.2	0.459917767165205	0.055121195192733	0.360964716138774	0.569010516784489	0.208045800645715	0	0	2	0.1	0.225192311954215	0.0271562768129771	0.176682569918208	0.27750015999996	0.100817590081752	0	0	2	0.2	0.495012740460014	0.0595327968664464	0.388133030291908	0.609855019341381	0.221721989049473	0	0	3	0.1	0.240374446467516	0.0290528457641003	0.188514673332007	0.296010064651667	0.107495391319659	0	0	3	0.2	0.532716064485143	0.064521188565355	0.416661864254157	0.65729004709802	0.240628182843863
536	0	0	0	0.1	0.193263700648476	0.0280272470160592	0.137345925109925	0.24729620563515	0.109950280525225	0	0	0	0.2	0.352450676864321	0.0508272711311654	0.249482298366275	0.44989137388714	0.200409075520866	0	0	1	0.1	0.162374659993877	0.0235559686695453	0.115673973508877	0.206780056634063	0.0911060831251864	0	0	1	0.2	0.345457676641482	0.0499913362974122	0.245807437615386	0.44133532468043	0.195527887065044	0	0	2	0.1	0.1676316800775	0.0243298846211829	0.119368562154699	0.214255850589059	0.0948872884343601	0	0	2	0.2	0.366896817710466	0.0532645326012002	0.260878524695778	0.468774703618751	0.207896178922973	0	0	3	0.1	0.177563280157998	0.0258353344529769	0.125668608407701	0.226554855908662	0.10088624750096	0	0	3	0.2	0.392215132431472	0.0571662902575237	0.277881118340272	0.501897546050476	0.224016427710204
213	0	0	0	0.1	0.194805191505112	0.0281668443579119	0.144760952235693	0.256920615215321	0.112159662979628	0	0	0	0.2	0.359662262583717	0.051630054596399	0.266830344947644	0.467450750305836	0.200620405358192	0	0	1	0.1	0.168892436587352	0.0245318362755357	0.124380501450584	0.220883923125178	0.0965034216745941	0	0	1	0.2	0.361213824488779	0.0522966330053187	0.265398377531547	0.472730313591808	0.207331936060261	0	0	2	0.1	0.176614562887705	0.0256952738880561	0.129212882261012	0.230375690159634	0.101162807898621	0	0	2	0.2	0.387929429370114	0.0563876222978548	0.283373297841042	0.505458021925859	0.222084724084817	0	0	3	0.1	0.188289793106748	0.0274536856370991	0.136194538474969	0.246132341384294	0.109937802909324	0	0	3	0.2	0.416987239463774	0.0607282222052224	0.303047439845843	0.54362580291127	0.240578363065426
172	0	0	0	0.1	0.179231904880108	0.0279489900493104	0.124595361114204	0.233559988850382	0.108964627736179	0	0	0	0.2	0.328783089937653	0.0509394284862715	0.229676451016063	0.427261069750897	0.197584618734834	0	0	1	0.1	0.153493064828897	0.0238280350130925	0.107378595815717	0.199750995682388	0.092372399866671	0	0	1	0.2	0.327139531831777	0.0506895001922605	0.228464276268946	0.425565075093066	0.19710079882412	0	0	2	0.1	0.159540987840178	0.024787402717243	0.111039512950967	0.208176119088852	0.0971366061378849	0	0	2	0.2	0.349588173152663	0.0542694971777089	0.243741900430236	0.455957020184196	0.21221511975396	0	0	3	0.1	0.16963231626498	0.0264018172841812	0.117368100236112	0.221537431694409	0.104169331458297	0	0	3	0.2	0.37486974098063	0.0582966018165435	0.260528979494094	0.489505916704216	0.228976937210123
227	0	0	0	0.1	0.220303137235695	0.0274088284049518	0.165986620681032	0.275328144550451	0.109341523869419	0	0	0	0.2	0.410116234001709	0.0503250483076854	0.3123552051166	0.510840921810728	0.198485716694128	0	0	1	0.1	0.197141281638543	0.0242866665145431	0.150826135766525	0.245664707079932	0.0948385713134076	0	0	1	0.2	0.423182325365972	0.0517949123696508	0.323807109703977	0.52714312825047	0.203336018546494	0	0	2	0.1	0.208921662244036	0.025651266286862	0.160290380808935	0.260142723163297	0.0998523423543625	0	0	2	0.2	0.459971628473908	0.0563851851501017	0.352311731588877	0.572424881487941	0.220113149899064	0	0	3	0.1	0.224312064672718	0.0275811339201159	0.171574988792859	0.279590346292773	0.108015357499914	0	0	3	0.2	0.497673260849814	0.0612048211960515	0.381220443843336	0.620247762573722	0.239027318730386
326	0	0	0	0.1	0.250849172049703	0.0296780678088539	0.197031317614689	0.309859192256721	0.112827874642032	0	0	0	0.2	0.459654874237256	0.0538668162402821	0.360407799733381	0.568734174317887	0.208326374584506	0	0	1	0.1	0.21579169378684	0.0255222022053066	0.16779269771111	0.267344354185755	0.0995516564746448	0	0	1	0.2	0.458802859237742	0.0539432864444694	0.357659845740135	0.569716540892734	0.212056695152599	0	0	2	0.1	0.223815553187386	0.0264225080940362	0.174269303650629	0.277928300244092	0.103658996593463	0	0	2	0.2	0.489778515478489	0.0578195479566695	0.378933751250743	0.609645441294615	0.230711690043872	0	0	3	0.1	0.237593523613845	0.0280914093033663	0.183508496660398	0.295226887243544	0.111718390583146	0	0	3	0.2	0.524555686794956	0.0621338334923123	0.40598448751777	0.654396810959422	0.248412323441653
371	0	0	0	0.1	0.161260119304554	0.0281677788971476	0.109076151350869	0.216381587948752	0.107305436597883	0	0	0	0.2	0.297325644887793	0.0516799677968109	0.200216402479182	0.39693070349968	0.196714301020498	0	0	1	0.1	0.141110219072511	0.0246233636830409	0.0958906084757054	0.18941965920535	0.0935290507296451	0	0	1	0.2	0.301649186006888	0.0524957484761029	0.203940004599506	0.403481066305212	0.199541061705707	0	0	2	0.1	0.148340926999739	0.0258925812514741	0.100678103199362	0.198761681839504	0.0980835786401416	0	0	2	0.2	0.325615812984899	0.0568102576786068	0.221635865823342	0.434782939769486	0.213147073946144	0	0	3	0.1	0.158704398580829	0.0276903450889749	0.107396420008055	0.212228900997028	0.104832480988972	0	0	3	0.2	0.351074894309377	0.0613854506330653	0.238629317772884	0.46779732135314	0.229168003580255
467	0	0	0	0.1	0.250924320542331	0.0309800089455607	0.193806475666617	0.312993155722272	0.119186680055655	0	0	0	0.2	0.466424643735867	0.0571334431559187	0.361272987927104	0.580642362807698	0.219369374880594	0	0	1	0.1	0.220217961123541	0.0272228673304712	0.17018661590761	0.274383299412804	0.104196683505194	0	0	1	0.2	0.471585749362605	0.0579965012008266	0.364134267441988	0.58924157589416	0.225107308452172	0	0	2	0.1	0.230296037741416	0.0283688329851879	0.17767165933285	0.288399802198962	0.110728142866112	0	0	2	0.2	0.506517146684059	0.0624149613749385	0.391313572336292	0.633644403757861	0.242330831421568	0	0	3	0.1	0.245374177598871	0.0303520672819677	0.188752619833574	0.307218391653909	0.118465771820335	0	0	3	0.2	0.544128568415976	0.0672365445196624	0.418596273885429	0.682431941514178	0.263835667628749
197	0	0	0	0.1	0.174412519385745	0.0282363661804418	0.121606931332915	0.228362385685322	0.106755454352408	0	0	0	0.2	0.318979727779341	0.0512341927660517	0.223936601408775	0.419908749460918	0.195972148052143	0	0	1	0.1	0.148897416337185	0.0238892536548806	0.104878227021234	0.196541692379576	0.0916634653583424	0	0	1	0.2	0.316345560220253	0.0505786885953631	0.223246298475896	0.418502124879415	0.19525582640352	0	0	2	0.1	0.15404823308789	0.0246652955643574	0.108007812725007	0.202803127985356	0.0947953152603494	0	0	2	0.2	0.33697277607488	0.0539276297459815	0.238446855925319	0.445073645993633	0.206626790068315	0	0	3	0.1	0.163330643971948	0.0261967982848231	0.114814528182927	0.215439807335873	0.100625279152947	0	0	3	0.2	0.360519450215904	0.0577618844876967	0.255591823007909	0.477313184342521	0.221721361334611
445	0	0	0	0.1	0.237714538125037	0.0300139824010027	0.183105007818593	0.296083665975807	0.112978658157214	0	0	0	0.2	0.435960757558694	0.0546122350861777	0.334716554551297	0.54139521730962	0.206678662758324	0	0	1	0.1	0.202154905271052	0.0254863669406075	0.155720568859789	0.253359648176566	0.0976390793167774	0	0	1	0.2	0.430264667872061	0.0540247075630441	0.330208968710618	0.538044617768089	0.207835649057471	0	0	2	0.1	0.208749216490316	0.0263209374362045	0.159362399759307	0.260988427386008	0.101626027626701	0	0	2	0.2	0.457215877954614	0.0576819759440883	0.348035594630646	0.573389094078029	0.225353499447382	0	0	3	0.1	0.221023777264532	0.0279467978496853	0.167640293830281	0.277772156977871	0.11013186314759	0	0	3	0.2	0.48859894344761	0.0619267824977869	0.370691673902579	0.61516886419253	0.244477190289951
302	0	0	0	0.1	0.199999643205989	0.026727861526873	0.14623068789443	0.251397417759098	0.105166729864668	0	0	0	0.2	0.368447908543567	0.048616413976753	0.269844336712044	0.460953898740804	0.19110956202876	0	0	1	0.1	0.174791633418308	0.0231324152430384	0.128025598671215	0.218152792433572	0.0901271937623566	0	0	1	0.2	0.373718572386827	0.0492078804723314	0.27305892128	0.464801135877037	0.191742214597037	0	0	2	0.1	0.183845824964093	0.0242457737426302	0.134474048029251	0.229325136010248	0.0948510879809974	0	0	2	0.2	0.403549175262343	0.0531668033751748	0.294029642634527	0.503820907547766	0.20979126491324	0	0	3	0.1	0.19669897014272	0.0260235884906351	0.143746823445605	0.246475631638136	0.102728808192531	0	0	3	0.2	0.435129070485499	0.0575089497220203	0.316275464989457	0.543069760587516	0.226794295598058
338	0	0	0	0.1	0.19021370588829	0.027148398383953	0.136194854943607	0.24233170892435	0.106136853980743	0	0	0	0.2	0.349356795935814	0.0493334623976151	0.249207432631304	0.446011144553162	0.196803711921857	0	0	1	0.1	0.16655334885887	0.0233542850025799	0.120162350829161	0.211043976349524	0.0908816255203633	0	0	1	0.2	0.35498216399201	0.0495695154812172	0.255110168336349	0.448662890226237	0.193552721889888	0	0	2	0.1	0.174895442646669	0.0243460816068349	0.126654383792215	0.221464065147742	0.0948096813555268	0	0	2	0.2	0.38304106507527	0.0532564960154208	0.277172704398958	0.484145583973458	0.2069728795745	0	0	3	0.1	0.1869362805081	0.0259999712294815	0.135393903557151	0.236917991014626	0.101524087457475	0	0	3	0.2	0.412945893601047	0.0573783071684442	0.298633505064312	0.522716228273091	0.224082723208779
147	0	0	0	0.1	0.223788782311118	0.0276836346877454	0.16900808489767	0.276028618587122	0.107020533689452	0	0	0	0.2	0.409845841276747	0.0504279330427118	0.307215601294396	0.505598698589443	0.198383097295047	0	0	1	0.1	0.194402950866094	0.0243449480000975	0.14576073056212	0.242751310657722	0.0969905800956022	0	0	1	0.2	0.413197812374305	0.0516140186552678	0.307313600405665	0.515370565109277	0.208056964703611	0	0	2	0.1	0.202761773297312	0.0255847726413321	0.151851881064098	0.253454997997468	0.101603116933371	0	0	2	0.2	0.443353915925501	0.0560381073993052	0.335722417525526	0.554730402517726	0.2190079849922	0	0	3	0.1	0.215911592354278	0.0274275403319566	0.163136400652083	0.270786747470262	0.107650346818179	0	0	3	0.2	0.476297947365197	0.0606279669005899	0.358472817505683	0.59641739836484	0.237944580859158
235	0	0	0	0.1	0.217260481138021	0.0284222432365598	0.164978715585706	0.273032261475238	0.108053545889532	0	0	0	0.2	0.40213598759534	0.0521722804997877	0.305026994970946	0.503396676061022	0.198369681090076	0	0	1	0.1	0.192024638608232	0.0250551869292781	0.144550172884688	0.240276393550275	0.0957262206655871	0	0	1	0.2	0.410826120615563	0.0534003455487146	0.310603456339057	0.5144701662273	0.203866709888243	0	0	2	0.1	0.202276067343645	0.0263528352286109	0.152116914043157	0.252521556697579	0.100404642654421	0	0	2	0.2	0.444334158098436	0.057805289057883	0.33474594105585	0.553732600154176	0.218986659098326	0	0	3	0.1	0.21649858468929	0.0281796515174877	0.163493009844668	0.268306066000008	0.10481305615534	0	0	3	0.2	0.479551186178289	0.0625436578168034	0.361978726339761	0.59513491170086	0.233156185361099
362	0	0	0	0.1	0.247224136752702	0.0302195602294699	0.18722893421248	0.305542538506577	0.118313604294097	0	0	0	0.2	0.456224489521997	0.0553015272596449	0.346856314246736	0.563235510165702	0.216379195918966	0	0	1	0.1	0.215909286341453	0.0263100305085293	0.162431255910826	0.267396662922985	0.104965407012159	0	0	1	0.2	0.461130545892811	0.0558234569243793	0.347526122377392	0.568544839123952	0.22101871674656	0	0	2	0.1	0.225960049855232	0.0273721984273807	0.171415984313409	0.277616132426594	0.106200148113185	0	0	2	0.2	0.495839725776689	0.059891822308612	0.376364422492505	0.607773322848701	0.231408900356196	0	0	3	0.1	0.240963222953268	0.029096117413617	0.184071573076463	0.295841652770457	0.111770079693994	0	0	3	0.2	0.533219799094603	0.0644147208927819	0.408155957762726	0.654124067889185	0.245968110126459
349	0	0	0	0.1	0.235597077198267	0.0290143640833234	0.181034294896668	0.293792302730543	0.112758007833875	0	0	0	0.2	0.435463447489289	0.0529187288082118	0.33772195459708	0.541918543871394	0.204196589274314	0	0	1	0.1	0.20530195567785	0.0251309037751566	0.158752621328341	0.255365882193767	0.0966132608654264	0	0	1	0.2	0.439036921938652	0.0533721879198119	0.339967533219093	0.547248964307787	0.207281431088695	0	0	2	0.1	0.21480323854642	0.0262477678123306	0.165271463382465	0.266927947278663	0.101656483896197	0	0	2	0.2	0.471811317556993	0.057533136032524	0.364395796669752	0.588587696801949	0.224191900132197	0	0	3	0.1	0.229030490877674	0.0281286185400721	0.176196156288008	0.285034974012103	0.108838817724095	0	0	3	0.2	0.507298689247289	0.0621693601750055	0.390939848253703	0.630268946052063	0.239329097798359
625	0	0	0	0.1	0.185685879753165	0.0277373034122757	0.132676452334911	0.236906149650076	0.104229697315166	0	0	0	0.2	0.342637572309275	0.0508595502694248	0.2466893644898	0.435645862805122	0.188956498315322	0	0	1	0.1	0.16092094524583	0.0240006051317932	0.114870517169398	0.206079670556337	0.0912091533869383	0	0	1	0.2	0.344056206590253	0.0511636250276256	0.245696379644681	0.442043617728044	0.196347238083363	0	0	2	0.1	0.168198982465862	0.0250136652742782	0.119007182540543	0.215538142929039	0.0965309603884958	0	0	2	0.2	0.369439693645752	0.0549335463315019	0.261764518038487	0.474533713460682	0.212769195422195	0	0	3	0.1	0.179380319014597	0.0267228883653192	0.1270241419623	0.230807932101411	0.103783790139111	0	0	3	0.2	0.397171859196297	0.0591551139136163	0.279019669107854	0.510976254237024	0.23195658512917
253	0	0	0	0.1	0.21385043733787	0.0266833208027862	0.162511772272388	0.268598864944837	0.106087092672449	0	0	0	0.2	0.391844576458099	0.0485157672437304	0.298787584831647	0.492182707422333	0.193395122590686	0	0	1	0.1	0.184497784672034	0.0230103439416168	0.140934246877957	0.231785579919349	0.0908513330413917	0	0	1	0.2	0.393775102220125	0.0489808277510235	0.301489638054161	0.491914959984184	0.190425321930023	0	0	2	0.1	0.193267302070314	0.0241853333721386	0.146900516707865	0.240528513185962	0.0936279964780963	0	0	2	0.2	0.423711731121072	0.0530350339682996	0.323554138501262	0.527221628135356	0.203667489634095	0	0	3	0.1	0.206380301942798	0.0259781267778778	0.156838845146294	0.258247172397071	0.101408327250777	0	0	3	0.2	0.456367132253815	0.0574340994736475	0.347538358837746	0.571668884023227	0.224130525185481
251	0	0	0	0.1	0.186695409503575	0.0270187578500465	0.135347726912347	0.238372736147892	0.103025009235545	0	0	0	0.2	0.342379000709687	0.0491469279612257	0.246959820913569	0.435859806518203	0.188899985604633	0	0	1	0.1	0.16124959480808	0.0231875195970128	0.114921571456361	0.205176473120437	0.0902549016640755	0	0	1	0.2	0.343739558662243	0.0492443658833571	0.245536599135134	0.437180970841596	0.191644371706462	0	0	2	0.1	0.168463596795373	0.0242002054970572	0.120588321753487	0.215108894504089	0.0945205727506023	0	0	2	0.2	0.369152964564901	0.0528702883629191	0.264440315721943	0.469538776268319	0.205098460546376	0	0	3	0.1	0.179658426066373	0.0257836482922525	0.129360427996997	0.229967632380495	0.100607204383498	0	0	3	0.2	0.396922616109694	0.0568846569789402	0.284270314638878	0.50761661610151	0.223346301462632
354	0	0	0	0.1	0.186186725780131	0.0264405372700289	0.135219527737901	0.238784066571054	0.103564538833153	0	0	0	0.2	0.344098398616964	0.0486209200331118	0.251627633504428	0.441064092418785	0.189436458914357	0	0	1	0.1	0.164540609961163	0.023445396469034	0.119573740730772	0.2119273315791	0.0923535908483283	0	0	1	0.2	0.352467368882944	0.0500487957773655	0.25646919243977	0.452762665246657	0.196293472806887	0	0	2	0.1	0.174019335835989	0.0247967773808546	0.126386446092464	0.224721855008286	0.0983354089158219	0	0	2	0.2	0.382415253988413	0.0545343327237574	0.277538856474476	0.493896815856149	0.216357959381673	0	0	3	0.1	0.186796285321095	0.026649029972889	0.135380555657061	0.24086624721392	0.10548569155686	0	0	3	0.2	0.413669721877668	0.0591161811178797	0.299762432178901	0.532224843814194	0.232462411635294
162	0	0	0	0.1	0.245373848030911	0.0286089760187971	0.192718490810677	0.303724924922096	0.111006434111419	0	0	0	0.2	0.457251508027759	0.0529150689927417	0.357979688988986	0.562041655341614	0.204061966352627	0	0	1	0.1	0.217933128653868	0.0253694442379541	0.170747545772562	0.267793378790572	0.0970458330180106	0	0	1	0.2	0.468418154625507	0.054373794848443	0.366882266986665	0.574356743993488	0.207474477006823	0	0	2	0.1	0.230348936029663	0.0268675327053868	0.178726310151294	0.28258310680268	0.103856796651386	0	0	2	0.2	0.507697572795582	0.0592203751958646	0.395975127332308	0.621970071739995	0.225994944407688	0	0	3	0.1	0.246970990101844	0.0288561926155651	0.19330788818882	0.30296340861321	0.109655520424389	0	0	3	0.2	0.548422291793131	0.0643426366885311	0.425162702712195	0.67215483783299	0.246992135120796
537	0	0	0	0.1	0.22467354182805	0.0285552924971703	0.169709949802451	0.278240679072105	0.108530729269653	0	0	0	0.2	0.414955634345299	0.0524944484289237	0.313832740608217	0.516897648051596	0.203064907443379	0	0	1	0.1	0.197455927006729	0.0252434700469612	0.148553106463469	0.24754032238039	0.0989872159169211	0	0	1	0.2	0.422065198080436	0.0537814227101309	0.320393990773603	0.5256213123993	0.205227321625697	0	0	2	0.1	0.207540756239666	0.0265577982700667	0.157307071024431	0.258890702838843	0.101583631814412	0	0	2	0.2	0.455561122059132	0.0582822644427606	0.346010788573119	0.56777847293233	0.221767684359212	0	0	3	0.1	0.221897847419443	0.0284158935640963	0.168975460400024	0.277204642398678	0.108229181998654	0	0	3	0.2	0.491079056861683	0.0630883318787949	0.374592216017886	0.614808137496845	0.240215921478959
543	0	0	0	0.1	0.181748527476126	0.0278987756274523	0.130383614231384	0.234851365893213	0.104467751661829	0	0	0	0.2	0.334977763587661	0.0509847236024972	0.238698914501067	0.432858621105873	0.194159706604807	0	0	1	0.1	0.158823156216097	0.0242513264892112	0.113299780374558	0.205960384962763	0.0926606045882045	0	0	1	0.2	0.338767481251783	0.0515758282938882	0.241988564366065	0.438667666369707	0.196679102003642	0	0	2	0.1	0.16621980551445	0.0253919212294296	0.117666413826322	0.215868273712728	0.0982018598864054	0	0	2	0.2	0.364427252660699	0.0555616365606711	0.25679175507095	0.472132124409367	0.215340369338417	0	0	3	0.1	0.17725572115823	0.0271001115823627	0.125457406878594	0.230719240556996	0.105261833678402	0	0	3	0.2	0.392059471695858	0.0599345063908771	0.276723236888025	0.509459209450015	0.232735972561989
350	0	0	0	0.1	0.231934359300095	0.029988587425863	0.172272286052979	0.290028211176488	0.117755925123508	0	0	0	0.2	0.428493597542367	0.0548267563795484	0.320733262156584	0.535234230035959	0.214500967879376	0	0	1	0.1	0.198495851672698	0.0255013275566958	0.149039447891767	0.248472685181193	0.0994332372894257	0	0	1	0.2	0.425458415713609	0.054293809335037	0.320226481273135	0.529441112319971	0.209214631046837	0	0	2	0.1	0.206862659470588	0.0263927997910726	0.154695156127646	0.256619409726916	0.10192425359927	0	0	2	0.2	0.455107070850806	0.057976634430658	0.340055487464149	0.565777752776757	0.225722265312608	0	0	3	0.1	0.220119204135037	0.028094253775882	0.164939345990609	0.273627503400299	0.10868815740969	0	0	3	0.2	0.488063603402121	0.0622920528090348	0.366147071537755	0.608128768126839	0.241981696589084
164	0	0	0	0.1	0.249640054306558	0.0286106648645046	0.194591401826743	0.305844708620375	0.111253306793632	0	0	0	0.2	0.453212966135282	0.0516929216964234	0.357245039692678	0.554077553973278	0.1968325142806	0	0	1	0.1	0.213262419203195	0.024726004796639	0.167742070378881	0.261718705058446	0.0939766346795652	0	0	1	0.2	0.450829406099013	0.0520471062967606	0.35229585909979	0.551556970981816	0.199261111882026	0	0	2	0.1	0.220284757990504	0.0256268083249226	0.172308656957877	0.270393311785314	0.0980846548274373	0	0	2	0.2	0.480089439624255	0.0558209467807019	0.373570720943812	0.588798583978544	0.215227863034732	0	0	3	0.1	0.233377202338964	0.0272576338624181	0.181935785069609	0.286804993043753	0.104869207974144	0	0	3	0.2	0.513630126758334	0.0600911334585248	0.401902743194401	0.632042480040376	0.230139736845975
298	0	0	0	0.1	0.173661972688362	0.0286770665278515	0.116482919883424	0.231534197346895	0.115051277463471	0	0	0	0.2	0.324083044133678	0.0531826662940966	0.218626802910536	0.429387260569889	0.210760457659354	0	0	1	0.1	0.15435516466677	0.0252566045825655	0.102996735183556	0.204265374165256	0.1012686389817	0	0	1	0.2	0.331724664160787	0.0541693112085517	0.222269771762178	0.440824538432199	0.218554766670021	0	0	2	0.1	0.162980791925139	0.0266055892707226	0.110172538768891	0.21562651615039	0.105453977381499	0	0	2	0.2	0.359243514283787	0.058731644259644	0.242614527722645	0.475564829468329	0.232950301745684	0	0	3	0.1	0.174643625762382	0.028534117887729	0.118621568621146	0.232338984135807	0.113717415514662	0	0	3	0.2	0.387821541476599	0.0635120858486629	0.26218858580908	0.516562977140938	0.254374391331858
346	0	0	0	0.1	0.216501642552902	0.0292570546785057	0.161473914636078	0.275152517569276	0.113678602933198	0	0	0	0.2	0.39818126495805	0.0531374846504079	0.298031983630402	0.504740834658063	0.206708851027661	0	0	1	0.1	0.186409176496629	0.0249568937627817	0.139689059026845	0.236036802524371	0.0963477434975261	0	0	1	0.2	0.39732162108856	0.0527985778762148	0.302074509972224	0.502176670679761	0.200102160707537	0	0	2	0.1	0.193680378627628	0.0257651114317896	0.14582624950341	0.243500021457124	0.097673771953714	0	0	2	0.2	0.424612416260264	0.0562915659161157	0.321168408303967	0.532488599860166	0.211320191556199	0	0	3	0.1	0.205813167234458	0.0273188609840313	0.154770369898088	0.25792755021357	0.103157180315482	0	0	3	0.2	0.455041342582611	0.0602118209355675	0.344172954223026	0.570637088177747	0.226464133954721
265	0	0	0	0.1	0.226133998760411	0.0280741046870067	0.174091203464202	0.28138603125255	0.107294827788348	0	0	0	0.2	0.419740721237672	0.0516456831334087	0.323944660620178	0.519453825008425	0.195509164388247	0	0	1	0.1	0.199219137392926	0.0246846951788468	0.15352802619118	0.247687131031995	0.0941591048408149	0	0	1	0.2	0.426762882824339	0.0526635280629104	0.325905509912579	0.527211748530631	0.201306238618052	0	0	2	0.1	0.209313385945501	0.0259578615359615	0.161587099979704	0.260741171096891	0.0991540711171865	0	0	2	0.2	0.46033347278113	0.0570067889176205	0.355935901658836	0.572652650301537	0.216716748642701	0	0	3	0.1	0.22368064013649	0.0277746584780562	0.173157973479187	0.277453035057749	0.104295061578562	0	0	3	0.2	0.495884276028821	0.0616393140053716	0.382888974478792	0.615490644529518	0.232601670050726
244	0	0	0	0.1	0.174449725656464	0.0285239738723976	0.120545280680164	0.22859639855795	0.108051117877787	0	0	0	0.2	0.322152874288675	0.0522050368517453	0.221874959695546	0.421941754052581	0.200066794357035	0	0	1	0.1	0.152367657295479	0.0246549828126644	0.105249340069751	0.201027079080315	0.0957777390105648	0	0	1	0.2	0.325879731291051	0.0523789933663617	0.224816225403518	0.428797299358971	0.203981073955452	0	0	2	0.1	0.159852080850065	0.025743984748838	0.10910960412331	0.210626212003349	0.101516607880039	0	0	2	0.2	0.351086511969696	0.0563059669050685	0.24001332353058	0.462339331712671	0.222326008182091	0	0	3	0.1	0.170684045469925	0.0274183483773446	0.117826504624655	0.225322922004579	0.107496417379924	0	0	3	0.2	0.378081331283582	0.0606685684383194	0.259760615348242	0.49874064301593	0.238980027667688
267	0	0	0	0.1	0.214969281201147	0.0294248160406065	0.156357535228307	0.275007350467367	0.11864981523906	0	0	0	0.2	0.400206310146995	0.0539472868943868	0.294070928575172	0.509300197380585	0.215229268805413	0	0	1	0.1	0.193240007190605	0.0259873683124682	0.142181348583597	0.246161295442149	0.103979946858552	0	0	1	0.2	0.41406767286775	0.0553369360198589	0.305053259388966	0.526128761970221	0.221075502581255	0	0	2	0.1	0.20453543649826	0.0272740407760854	0.150723265229955	0.259378612407112	0.108655347177157	0	0	2	0.2	0.449739570955012	0.0598509587686511	0.330472012827744	0.56898030278798	0.238508289960236	0	0	3	0.1	0.219337124817572	0.0291907217803692	0.160749528074438	0.277533030238689	0.116783502164251	0	0	3	0.2	0.48622767120817	0.0646598241744722	0.357973895322547	0.614588920916028	0.256615025593482
424	0	0	0	0.1	0.206191367749439	0.0282466075140185	0.154966645698023	0.263890233553477	0.108923587855454	0	0	0	0.2	0.377653545888299	0.0513118245616067	0.285457728695043	0.477884173768959	0.192426445073917	0	0	1	0.1	0.175149877488955	0.0239511617889485	0.131595924430807	0.222306910264758	0.0907109858339508	0	0	1	0.2	0.373108309636959	0.0507678824881359	0.282212200724411	0.472644600982176	0.190432400257766	0	0	2	0.1	0.181404321763523	0.0246831652503447	0.136707105975153	0.228207924799046	0.0915008188238933	0	0	2	0.2	0.397389314381507	0.0540264804465795	0.299432654219941	0.501841786229792	0.20240913200985	0	0	3	0.1	0.192423413709774	0.026188414292924	0.144461162727143	0.242708067196742	0.0982469044695991	0	0	3	0.2	0.425330722498385	0.0579144377758199	0.318531802423342	0.536094575163985	0.217562772740644
538	0	0	0	0.1	0.204954247877767	0.0294485715723279	0.145948747424512	0.265062678700197	0.119113931275685	0	0	0	0.2	0.375627250991318	0.0536235643316882	0.269588516691079	0.48558598947182	0.215997472780741	0	0	1	0.1	0.174977586152461	0.0251512545437624	0.124285827565887	0.227091039782405	0.102805212216518	0	0	1	0.2	0.372713478466486	0.0533293658099521	0.265821548684906	0.482892584487465	0.217071035802559	0	0	2	0.1	0.181544604442659	0.0260026940613351	0.130229523729629	0.234141971670022	0.103912447940394	0	0	2	0.2	0.397720323492236	0.0568790522924917	0.28618227797235	0.513298674882045	0.227116396909695	0	0	3	0.1	0.192767631770491	0.0276271097020081	0.138595946348649	0.246805384761006	0.108209438412357	0	0	3	0.2	0.425944396577044	0.0609922282264772	0.306034208133999	0.549510116359211	0.243475908225212
332	0	0	0	0.1	0.221795530611952	0.0288043433890851	0.165073374807905	0.276689586012084	0.11161621120418	0	0	0	0.2	0.408675323016278	0.052561287268779	0.305511758598482	0.509164483738164	0.203652725139682	0	0	1	0.1	0.189495785838264	0.0242139545120226	0.141710461410985	0.236688709461811	0.0949782480508259	0	0	1	0.2	0.405155523248622	0.0515764703346347	0.304460748714534	0.502151846832573	0.197691098118039	0	0	2	0.1	0.196904307565223	0.0249911573520666	0.148452701574148	0.24456902794626	0.0961163263721116	0	0	2	0.2	0.432589061964125	0.054874290607282	0.324452270200076	0.538203365080439	0.213751094880363	0	0	3	0.1	0.20924602427437	0.0266097195139839	0.157003205554232	0.261302424914317	0.104299219360085	0	0	3	0.2	0.463506774152028	0.0589459299575756	0.346447300122126	0.576101495247589	0.229654195125464
188	0	0	0	0.1	0.184637632672986	0.0280491712208712	0.128725296166902	0.237309079795324	0.108583783628422	0	0	0	0.2	0.338341031534286	0.0510422692301064	0.236775096370694	0.435020668810269	0.198245572439575	0	0	1	0.1	0.15859805315786	0.0241214156451981	0.110785154592668	0.204980720047767	0.0941955654550984	0	0	1	0.2	0.33757073222992	0.0510772571619615	0.235889821912	0.435595090630358	0.199705268718358	0	0	2	0.1	0.16483860946849	0.0250255699149359	0.115289374610481	0.213013026471496	0.0977236518610149	0	0	2	0.2	0.360929123872142	0.0546360415981188	0.253914178444788	0.466234677824529	0.21232049937974	0	0	3	0.1	0.175253480818973	0.026610594301539	0.123391562365846	0.22680762252586	0.103416060160014	0	0	3	0.2	0.38712377575184	0.0586001480859041	0.27248797378849	0.501895833813936	0.229407860025445
430	0	0	0	0.1	0.214250442062639	0.030216249520249	0.156391721659285	0.27362315969495	0.117231438035664	0	0	0	0.2	0.392233684505901	0.0548502005489303	0.289281545192853	0.501841068441833	0.21255952324898	0	0	1	0.1	0.181470021544428	0.0253053661145644	0.133911268769247	0.232970173912426	0.0990589051431782	0	0	1	0.2	0.385603716237543	0.0534878730777325	0.284088385115073	0.492857444664635	0.208769059549563	0	0	2	0.1	0.186742996647261	0.0258568699716025	0.13696804445814	0.239605501020722	0.102637456562582	0	0	2	0.2	0.408610027647218	0.0564756803860639	0.300380836495663	0.523336843423402	0.222956006927739	0	0	3	0.1	0.197308403610253	0.0272902227229129	0.145997917935003	0.252651296815245	0.106653378880242	0	0	3	0.2	0.435927527621282	0.0603395920212105	0.322536672279393	0.557714794388701	0.235178122109308
487	0	0	0	0.1	0.230062051945378	0.0271172288217844	0.176586441449504	0.283599335092098	0.107012893642594	0	0	0	0.2	0.424485832730601	0.0492142810963524	0.328181511500727	0.52053404687787	0.192352535377143	0	0	1	0.1	0.201364897838061	0.0233456435863057	0.154358406881244	0.247884131430125	0.0935257245488808	0	0	1	0.2	0.431178057892095	0.0496701476494954	0.33213355338012	0.533599473350635	0.201465919970515	0	0	2	0.1	0.212167077564508	0.0245480368467753	0.16451649142349	0.262314713399959	0.0977982219764688	0	0	2	0.2	0.466210828593154	0.0539228140594611	0.365018595343795	0.574808418663161	0.209789823319366	0	0	3	0.1	0.227241221389555	0.0264397057660523	0.176459638758981	0.280522194866177	0.104062556107196	0	0	3	0.2	0.503137543148244	0.0585202145034565	0.391855211386146	0.621553579035709	0.229698367649564
225	0	0	0	0.1	0.225487679147289	0.0276407124947929	0.172045744645045	0.284009155869066	0.111963411224022	0	0	0	0.2	0.418062639497303	0.0506451110262112	0.319528750721275	0.526416463273922	0.206887712552647	0	0	1	0.1	0.198481203538602	0.0241844500098504	0.151445852153638	0.24884677005439	0.0974009179007526	0	0	1	0.2	0.425522603789215	0.0516481184525965	0.32528100093688	0.534148286777636	0.208867285840756	0	0	2	0.1	0.209076518964236	0.0255481949295182	0.159783208160462	0.262627832160873	0.102844624000411	0	0	2	0.2	0.459998627969313	0.0561257828549978	0.35278776438059	0.577733080273347	0.224945315892757	0	0	3	0.1	0.223762850194655	0.027432825138716	0.170947156070434	0.282009619951971	0.111062463881537	0	0	3	0.2	0.496196560802299	0.0608046845045467	0.379331536833646	0.623261858913938	0.243930322080291
435	0	0	0	0.1	0.273399711035979	0.0309139155558629	0.213483806359445	0.336493287623557	0.123009481264112	0	0	0	0.2	0.499185486603618	0.0555842886734034	0.393251090369189	0.612392182611978	0.21914109224279	0	0	1	0.1	0.230129882417465	0.0259131518012631	0.180758093020077	0.282250071457762	0.101491978437685	0	0	1	0.2	0.489043484509632	0.0545774695772338	0.387560002724633	0.601879056028344	0.21431905330371	0	0	2	0.1	0.236699190771921	0.0266156256437477	0.186767433323463	0.28969241638058	0.102924983057118	0	0	2	0.2	0.517968736174757	0.0580774973682082	0.410015928481521	0.631882862564491	0.22186693408297	0	0	3	0.1	0.250227079387937	0.028148176505591	0.197188322985977	0.305207426633869	0.108019103647891	0	0	3	0.2	0.552393486259145	0.0622263896594298	0.436200252866885	0.674974724227392	0.238774471360507
169	0	0	0	0.1	0.25127305238857	0.0300164106708127	0.19237851449427	0.312330517977959	0.119952003483689	0	0	0	0.2	0.465866174499896	0.0550882878849424	0.356982939776329	0.576061163415624	0.219078223639295	0	0	1	0.1	0.221472327504299	0.0265055248597101	0.169398719643458	0.273661887351745	0.104263167708287	0	0	1	0.2	0.473551061908721	0.0563692799112152	0.361500932294016	0.584692176570442	0.223191244276426	0	0	2	0.1	0.232160594656935	0.027767581963393	0.177175299204277	0.289261961106814	0.112086661902536	0	0	2	0.2	0.510006469191602	0.0610559625073688	0.389738999172736	0.632970694570879	0.243231695398143	0	0	3	0.1	0.247690931783805	0.0296888320218659	0.18939561196826	0.306858566500893	0.117462954532633	0	0	3	0.2	0.54875948544977	0.066000484475198	0.418245654801121	0.680651533197736	0.262405878396615
369	0	0	0	0.1	0.158003822155144	0.0293543019659339	0.100058990525875	0.214099503154907	0.114040512629032	0	0	0	0.2	0.294160468062739	0.0543780280463305	0.185551565154803	0.399143045954664	0.213591480799861	0	0	1	0.1	0.140825880830391	0.0260037166081837	0.0879731673482427	0.19031330900761	0.102340141659367	0	0	1	0.2	0.302312534827473	0.0557206740730267	0.190118201760678	0.40865852628552	0.218540324524842	0	0	2	0.1	0.148970600123263	0.0274833254821936	0.0932859795253825	0.20200350851004	0.108717528984657	0	0	2	0.2	0.328029180143139	0.0605229757355208	0.205086165676437	0.445196725213832	0.240110559537395	0	0	3	0.1	0.159779245512158	0.0294975663305441	0.100848918043393	0.216485983451247	0.115637065407854	0	0	3	0.2	0.35454984712009	0.0654213859020538	0.22203633969333	0.480767213243014	0.258730873549684
433	0	0	0	0.1	0.204517065309227	0.0303582691242119	0.146754856988498	0.260035303681062	0.113280446692564	0	0	0	0.2	0.378596064885396	0.0561095301182603	0.273081998919806	0.483309069700175	0.210227070780369	0	0	1	0.1	0.177494404369344	0.026607458386834	0.12783000718785	0.228898855386749	0.101068848198899	0	0	1	0.2	0.3796431686898	0.056858258207186	0.273888717660819	0.492801081912093	0.218912364251274	0	0	2	0.1	0.185061730682738	0.0278079703511911	0.133421574246916	0.238832577405291	0.105411003158375	0	0	2	0.2	0.406619632480358	0.0611536914877296	0.291178376420512	0.526892002724979	0.235713626304468	0	0	3	0.1	0.196916869498753	0.0296825599951148	0.141181201276741	0.255566984446339	0.114385783169598	0	0	3	0.2	0.436461397684818	0.0658180643043188	0.311919735007131	0.56665133912788	0.25473160412075
588	0	0	0	0.1	0.211598133729717	0.0293294402096519	0.156767093837299	0.272033445861531	0.115266352024233	0	0	0	0.2	0.390560969432624	0.0535795129287097	0.288764504126666	0.500353682503638	0.211589178376972	0	0	1	0.1	0.186676165491508	0.0256829183587683	0.137710352668057	0.240235984979882	0.102525632311825	0	0	1	0.2	0.397621438282075	0.0544912313514028	0.293402776602982	0.509252913512512	0.215850136909531	0	0	2	0.1	0.195358958589018	0.0269013593428768	0.143800544594987	0.25094248470461	0.107141940109624	0	0	2	0.2	0.427885890659204	0.0588162556390778	0.314991322900538	0.548892983624349	0.233901660723811	0	0	3	0.1	0.208194812420639	0.028731361544223	0.152878770399447	0.266341320354371	0.113462549954924	0	0	3	0.2	0.460225080375036	0.0635875061620756	0.33655217102832	0.588487731900351	0.251935560872031
559	0	0	0	0.1	0.225184463953461	0.0276216872443221	0.172576845921353	0.276412149845714	0.103835303924361	0	0	0	0.2	0.411297524834109	0.0499638841019758	0.315126770672057	0.505089825810911	0.189963055138854	0	0	1	0.1	0.192711742306985	0.0235180796123872	0.148595646743616	0.237700720566265	0.0891050738226489	0	0	1	0.2	0.409876068959155	0.0497754406570651	0.315807059562329	0.506438176982814	0.190631117420485	0	0	2	0.1	0.200343530238405	0.0243738025396019	0.154577209218635	0.248875787188718	0.0942985779700828	0	0	2	0.2	0.438274976570826	0.0532882157616264	0.337485038376581	0.545004795375292	0.207519756998711	0	0	3	0.1	0.213046508062199	0.0259266979463561	0.16458761667492	0.265520330411054	0.100932713736135	0	0	3	0.2	0.470179518001205	0.0572425207091339	0.363025394130738	0.587314752516373	0.224289358385634
411	0	0	0	0.1	0.222494219535271	0.0286219946776945	0.166273498304631	0.276068377577538	0.109794879272907	0	0	0	0.2	0.406052053303595	0.0515884654778618	0.306295644376104	0.500376686521193	0.194081042145089	0	0	1	0.1	0.187313922583456	0.023832133620241	0.141964374953972	0.233391162587856	0.0914267876338841	0	0	1	0.2	0.398366524912606	0.0503489997749811	0.302273110180327	0.49492757693352	0.192654466753192	0	0	2	0.1	0.193173111419369	0.0245290690686518	0.1469364366998	0.240055604118833	0.0931191674190335	0	0	2	0.2	0.422825519914281	0.0534673287453555	0.320675070052718	0.523414439163131	0.202739369110413	0	0	3	0.1	0.204566610812385	0.0258688482162526	0.15598825991975	0.253788723452648	0.0978004635328971	0	0	3	0.2	0.451637899960306	0.0571956759894889	0.343218817323295	0.559820337471463	0.216601520148168
432	0	0	0	0.1	0.224330144897823	0.0279673463892551	0.169965942654636	0.280960878972242	0.110994936317606	0	0	0	0.2	0.413196011977051	0.051044033323483	0.316344230138059	0.515700918317236	0.199356688179177	0	0	1	0.1	0.193605426216866	0.0241270188109199	0.146102803769973	0.242342128623853	0.0962393248538796	0	0	1	0.2	0.413447215204758	0.0512887603694699	0.313956043961935	0.516403612292178	0.202447568330244	0	0	2	0.1	0.201789585906746	0.0251546475038746	0.151774188951014	0.251976606951614	0.1002024180006	0	0	2	0.2	0.442820616384886	0.0552367979257504	0.333018002385647	0.553901381470965	0.220883379085318	0	0	3	0.1	0.214686375622812	0.0268559882834454	0.161619550536607	0.268974463700596	0.107354913163989	0	0	3	0.2	0.475163687714091	0.0594718981132475	0.359537593913856	0.596573152234138	0.237035558320281
528	0	0	0	0.1	0.251146317016663	0.0314407295689165	0.19114375083011	0.313152051868702	0.122008301038592	0	0	0	0.2	0.459492267160395	0.0569511068414643	0.352415182383129	0.573528144989363	0.221112962606234	0	0	1	0.1	0.215544122872647	0.0269582418181425	0.162635089244754	0.269652669675913	0.107017580431159	0	0	1	0.2	0.456472738737075	0.0568646736994611	0.345071983329551	0.570643377838097	0.225571394508546	0	0	2	0.1	0.221953441743827	0.0278933092039614	0.167767561842913	0.278067560268419	0.110299998425506	0	0	2	0.2	0.484662642837536	0.0608678249244933	0.366785602381905	0.60631446525428	0.239528862872374	0	0	3	0.1	0.234673558494658	0.0296249585103415	0.177105864329655	0.294235920671854	0.117130056342199	0	0	3	0.2	0.51741925147652	0.0653846234306182	0.389730461758321	0.649242984695242	0.259512522936921
351	0	0	0	0.1	0.183872793534242	0.0273772910326869	0.131612062667953	0.240946807987714	0.109334745319761	0	0	0	0.2	0.337997514732001	0.0499883101214482	0.245529555753039	0.441467748713417	0.195938192960378	0	0	1	0.1	0.1572502954785	0.0232495252887092	0.114314979107487	0.20368119910055	0.0893662199930632	0	0	1	0.2	0.335870044975284	0.0495536273751874	0.244848638626484	0.435261642354524	0.19041300372804	0	0	2	0.1	0.163682590216353	0.0242317084256193	0.118736232757615	0.213215893846715	0.0944796610891003	0	0	2	0.2	0.359270197707459	0.0530842158814653	0.261029605238734	0.468020842129138	0.206991236890404	0	0	3	0.1	0.174189531677027	0.0258320029622393	0.125604491283628	0.22740251890271	0.101798027619082	0	0	3	0.2	0.385504856782166	0.0570733332550909	0.278417877624534	0.503686006563741	0.225268128939207
271	0	0	0	0.1	0.222757143832655	0.0297907610470794	0.163039304608115	0.278579634417817	0.115540329809701	0	0	0	0.2	0.409622470814218	0.0544768314966079	0.298664908209554	0.508969979782865	0.210305071573311	0	0	1	0.1	0.191870553545709	0.0257532708869496	0.140313960244199	0.239706009864532	0.0993920496203334	0	0	1	0.2	0.409297448145352	0.05479030603724	0.29894760113112	0.510673923656547	0.211726322525428	0	0	2	0.1	0.199813871954592	0.0268913456718949	0.146882246705621	0.249438345677308	0.102556098971686	0	0	2	0.2	0.438157646445185	0.0590814963138709	0.323388909256994	0.548993764373112	0.225604855116118	0	0	3	0.1	0.21252629001258	0.0287878696943117	0.157136929976343	0.266720348155794	0.109583418179451	0	0	3	0.2	0.470162703722191	0.0637935344320512	0.346189426458725	0.590495981404185	0.24430655494546
450	0	0	0	0.1	0.264494695290426	0.0311350378706194	0.20845482679928	0.331850836756798	0.123396009957518	0	0	0	0.2	0.485882243926224	0.0566715821602812	0.384028799352072	0.606395306332922	0.22236650698085	0	0	1	0.1	0.223172697256458	0.0262521901932255	0.176524424827215	0.27760898985919	0.101084565031975	0	0	1	0.2	0.475643769574981	0.0557424423979625	0.376154002138181	0.588600960612131	0.21244695847395	0	0	2	0.1	0.229601869789004	0.0270243963479215	0.181916982141516	0.284699450006463	0.102782467864947	0	0	2	0.2	0.503569808803789	0.0592875124479525	0.397442106842904	0.626141885557947	0.228699778715043	0	0	3	0.1	0.242608938362789	0.0286958826062921	0.191031499950099	0.301653208370212	0.110621708420112	0	0	3	0.2	0.536818647999829	0.0635617569428186	0.422229616823172	0.66694888510296	0.244719268279788
389	0	0	0	0.1	0.197138940444633	0.0259385691420667	0.149147368190849	0.249909916371406	0.100762548180557	0	0	0	0.2	0.36614287151134	0.0477306247605312	0.277321548018796	0.463452760668942	0.186131212650147	0	0	1	0.1	0.179169334450997	0.023527835975346	0.134243206592265	0.22796479898452	0.0937215923922552	0	0	1	0.2	0.384211528976077	0.0502487314550791	0.288363826839995	0.486642896376591	0.198279069536596	0	0	2	0.1	0.191526377157815	0.0251628351635718	0.14272563211614	0.242992862276846	0.100267230160705	0	0	2	0.2	0.420937208184683	0.0552871265207138	0.315368837460521	0.532957696157648	0.217588858697127	0	0	3	0.1	0.206562634098609	0.0273202666999876	0.154036822092708	0.261432576137024	0.107395754044316	0	0	3	0.2	0.457564182176255	0.0602589753185541	0.343452467654943	0.579906989803821	0.236454522148878
359	0	0	0	0.1	0.23213288742704	0.0292120866020325	0.175215192582177	0.28702705240022	0.111811859818043	0	0	0	0.2	0.42870083415585	0.0533023229142529	0.324015034162437	0.526785885421455	0.202770851259018	0	0	1	0.1	0.201319115435892	0.0252819876292762	0.153701337410482	0.248641824379907	0.0949404869694252	0	0	1	0.2	0.430197749608158	0.0536364476460931	0.329280978170094	0.530275766024411	0.200994787854317	0	0	2	0.1	0.210022063573966	0.0263449313995621	0.161410516579603	0.259356420474888	0.0979459038952855	0	0	2	0.2	0.461195892605847	0.0576738830518899	0.355178719697299	0.570015978844054	0.214837259146755	0	0	3	0.1	0.223578095996021	0.0280365974901801	0.171308567094696	0.27676259818306	0.105454031088364	0	0	3	0.2	0.495184787438802	0.0620972584602642	0.38108223131225	0.613449309626093	0.232367078313843
345	0	0	0	0.1	0.237354035883213	0.0284189526666445	0.183275689028837	0.295254823108122	0.111979134079285	0	0	0	0.2	0.434840189189439	0.05151605429463	0.3374660543036	0.539770208901434	0.202304154597833	0	0	1	0.1	0.205221912521596	0.0246660608144955	0.160532705175544	0.254474238811045	0.0939415336355012	0	0	1	0.2	0.436962914141991	0.0522040091553371	0.342617465485158	0.54008437044266	0.197466904957503	0	0	2	0.1	0.214223164341233	0.025727867952888	0.168176604519144	0.265576960080059	0.0974003555609146	0	0	2	0.2	0.469053566700758	0.0562467757798298	0.367968601011184	0.5816788690341	0.213710268022916	0	0	3	0.1	0.228280853022992	0.0274600787674888	0.178630579016781	0.283222805940403	0.104592226923622	0	0	3	0.2	0.504104915140673	0.0606881778792162	0.394629348680076	0.62554187777237	0.230912529092294
252	0	0	0	0.1	0.215691965449467	0.0286070665012991	0.158029221102677	0.279110155319998	0.12108093421732	0	0	0	0.2	0.398339996011399	0.0522768807134788	0.29381391770066	0.514973570124485	0.221159652423825	0	0	1	0.1	0.190068279000627	0.025153610371809	0.139839998080628	0.246356544072123	0.106516545991495	0	0	1	0.2	0.405684355889698	0.0533420305675947	0.299137292985544	0.524674142509652	0.225536849524109	0	0	2	0.1	0.199444546406982	0.0263133105209652	0.147553369284296	0.25824744269114	0.110694073406844	0	0	2	0.2	0.437508624290095	0.0577218030974421	0.323056812142612	0.565932024991344	0.242875212848732	0	0	3	0.1	0.213046234608936	0.0281954064147158	0.156937911891286	0.277178826513124	0.120240914621838	0	0	3	0.2	0.471259107869753	0.0623429446704304	0.345062378564037	0.613898028513044	0.268835649949007
366	0	0	0	0.1	0.226068092010515	0.0307270951954997	0.167248006254888	0.285596633394012	0.118348627139124	0	0	0	0.2	0.418507727150461	0.0564077441498236	0.313193166344074	0.52951797588338	0.216324809539307	0	0	1	0.1	0.199248701279458	0.0268666661280852	0.148463920980554	0.251285204488058	0.102821283507503	0	0	1	0.2	0.425158839454964	0.0570619461786622	0.315869892385716	0.53698057621222	0.221110683826504	0	0	2	0.1	0.208417768703005	0.0279656884842413	0.154856048944212	0.263825799708213	0.108969750764001	0	0	2	0.2	0.457184112970224	0.0611115013007935	0.340404146469107	0.579914069723768	0.239509923254661	0	0	3	0.1	0.22212394200334	0.029659384301673	0.165396183653921	0.282920466276198	0.117524282622277	0	0	3	0.2	0.491546362802735	0.0657050163934993	0.36785689543114	0.623005790344482	0.255148894913342
248	0	0	0	0.1	0.198247403675858	0.0289205294507991	0.143042382360898	0.252882528281948	0.10984014592105	0	0	0	0.2	0.371144212503637	0.0535610618745953	0.26649880904557	0.474831715546627	0.208332906501057	0	0	1	0.1	0.179468693031657	0.0260005485150426	0.129833790651522	0.229342465110943	0.0995086744594205	0	0	1	0.2	0.386437332517739	0.055630114118867	0.277400703042077	0.490932846704532	0.213532143662455	0	0	2	0.1	0.19122883298472	0.027514079114387	0.137656899805238	0.24221077661701	0.104553876811772	0	0	2	0.2	0.421833464338169	0.0605864717226737	0.301715652962999	0.533809264882217	0.232093611919219	0	0	3	0.1	0.20584245527206	0.0295697399738164	0.147834803131143	0.260889062870844	0.113054259739701	0	0	3	0.2	0.45756925101819	0.0657102650688969	0.331337695607065	0.580427490592323	0.249089794985258
246	0	0	0	0.1	0.247102579445235	0.0308855106254539	0.189244939984245	0.305763859285145	0.1165189193009	0	0	0	0.2	0.452212235639304	0.0558239788709377	0.346717466947751	0.560453167363405	0.213735700415654	0	0	1	0.1	0.210486353420956	0.0260056309333602	0.16064247121767	0.260590636893854	0.0999481656761841	0	0	1	0.2	0.446821387528819	0.0548222863602607	0.341195737929893	0.554857772038206	0.213662034108313	0	0	2	0.1	0.216839056088134	0.0266380810686764	0.165205015742454	0.269884591588223	0.104679575845769	0	0	2	0.2	0.474178204827061	0.0580868668150217	0.361925242782303	0.591308199697402	0.229382956915098	0	0	3	0.1	0.229278604886587	0.0281888153468046	0.175063656662865	0.28653368646404	0.111470029801176	0	0	3	0.2	0.506069839533423	0.0621081348873007	0.385078970936066	0.631673753280025	0.246594782343959
206	0	0	0	0.1	0.187270152281493	0.0284272224985028	0.134663846019411	0.245782501609482	0.111118655590071	0	0	0	0.2	0.344153023090796	0.0517969248702649	0.249482375343429	0.449596673479685	0.200114298136256	0	0	1	0.1	0.160174399184098	0.024263102528804	0.115541371132308	0.209491618277144	0.0939502471448354	0	0	1	0.2	0.342316230948878	0.0516390419979647	0.24871388084795	0.446506491321484	0.197792610473535	0	0	2	0.1	0.166949746705509	0.0252504337685268	0.121959643051229	0.218487408835427	0.0965277657841975	0	0	2	0.2	0.366501972616353	0.0553688520140421	0.269018916008527	0.479253033584014	0.210234117575488	0	0	3	0.1	0.177790651203827	0.0269288147091634	0.130425058682587	0.232372105266072	0.101947046583484	0	0	3	0.2	0.393470854055549	0.0595595856660539	0.289765411160964	0.513709830257053	0.223944419096089
160	0	0	0	0.1	0.218129308615069	0.0290996993816848	0.162355423145044	0.27835062994393	0.115995206798886	0	0	0	0.2	0.403308240926348	0.0532448628732612	0.301630300133362	0.516900773569753	0.215270473436391	0	0	1	0.1	0.189323809385731	0.0251541361231689	0.142380311720372	0.241151882687869	0.0987715709674964	0	0	1	0.2	0.40559369154532	0.0535396517713753	0.30656161486664	0.51378353314864	0.207221918282	0	0	2	0.1	0.198330858304194	0.0262265608696929	0.149353017328462	0.25170907640015	0.102356059071689	0	0	2	0.2	0.436174695291017	0.0576464239588929	0.329365854364317	0.552944161393224	0.223578307028907	0	0	3	0.1	0.211694098941361	0.0280199007077592	0.159134465859881	0.268961628845072	0.109827162985191	0	0	3	0.2	0.469236726823784	0.0622333627174145	0.3540403054257	0.596698291171801	0.2426579857461
631	0	0	0	0.1	0.269625295273823	0.0306407346554824	0.211177314723859	0.33342625247581	0.122248937751951	0	0	0	0.2	0.493849298260533	0.0552801450540995	0.38951427347427	0.604509015184818	0.214994741710547	0	0	1	0.1	0.232286244020189	0.0262489926836489	0.183595955214483	0.286026158388083	0.102430203173599	0	0	1	0.2	0.49370553389524	0.055270468912243	0.389744833551305	0.609125205417605	0.219380371866299	0	0	2	0.1	0.241054740282905	0.0270686171586955	0.189902710591256	0.294908734078178	0.105006023486922	0	0	2	0.2	0.527433364242974	0.0589463969532141	0.417266731168914	0.647311272760459	0.230044541591545	0	0	3	0.1	0.255960422187412	0.0286374136483075	0.200956823600177	0.314572376602002	0.113615553001825	0	0	3	0.2	0.565123258915553	0.0632049228930454	0.447458321986816	0.691807373567567	0.244349051580751
468	0	0	0	0.1	0.197070976960286	0.029094784679622	0.144732902446001	0.25716319444857	0.11243029200257	0	0	0	0.2	0.362075020228346	0.052828118788366	0.266379719999044	0.469205623276413	0.202825903277369	0	0	1	0.1	0.169378140359219	0.0246547379342751	0.124564737312883	0.220697168729426	0.0961324314165425	0	0	1	0.2	0.360814626446905	0.0522098337238489	0.264139870666458	0.471892625520917	0.207752754854458	0	0	2	0.1	0.175873310086031	0.0254265080902064	0.128812308876701	0.229686529616329	0.100874220739628	0	0	2	0.2	0.385334401341915	0.0555284167239295	0.283191552671852	0.499449671190445	0.216258118518593	0	0	3	0.1	0.186746031342638	0.0269286296643783	0.13786400766564	0.242221624602828	0.104357616937187	0	0	3	0.2	0.412842307542968	0.0594160948946272	0.304305285104214	0.531916386327327	0.227611101223113
576	0	0	0	0.1	0.205756322187779	0.027623682393313	0.152953770491182	0.259237258673601	0.106283488182419	0	0	0	0.2	0.382190919909284	0.0510871725938727	0.283162005045341	0.482736943848182	0.19957493880284	0	0	1	0.1	0.187442015295012	0.0253482678494903	0.138333721785892	0.239243491442854	0.100909769656962	0	0	1	0.2	0.401064785074962	0.0540730522033132	0.295946211401093	0.511122539973807	0.215176328572714	0	0	2	0.1	0.199778408782256	0.0270293298423606	0.146894220826787	0.255101063961228	0.108206843134442	0	0	2	0.2	0.438592600981955	0.0593142090777282	0.324058867578258	0.558671071454275	0.234612203876017	0	0	3	0.1	0.215103997000544	0.0291238863852054	0.158418622189522	0.273923418629129	0.115504796439607	0	0	3	0.2	0.476111450633035	0.0644573964629417	0.352814184311513	0.606103220093245	0.253289035781732
287	0	0	0	0.1	0.239110707125505	0.0304329540164287	0.183995906632728	0.298530280724805	0.114534374092077	0	0	0	0.2	0.435284055847307	0.0547929169678344	0.336159402181772	0.542420953635944	0.206261551454172	0	0	1	0.1	0.202977360044764	0.0256966781370406	0.156076278489298	0.255903076542376	0.0998267980530781	0	0	1	0.2	0.429454315309253	0.0540231607172405	0.329634078837817	0.539045291738033	0.209411212900216	0	0	2	0.1	0.208596646531943	0.0263948407617729	0.159874652205976	0.261922069151434	0.102047416945457	0	0	2	0.2	0.455054720546718	0.0574008052702766	0.349984723431018	0.570770733174136	0.220786009743118	0	0	3	0.1	0.220376621265026	0.0279289225006967	0.170330591079836	0.276910792683943	0.106580201604107	0	0	3	0.2	0.485509799308492	0.0615046997427732	0.371707221836992	0.611248806491046	0.239541584654053
238	0	0	0	0.1	0.192631443998555	0.0287802126896687	0.138251265682908	0.248442720850823	0.110191455167915	0	0	0	0.2	0.352924696169149	0.0523223874924497	0.252778411802714	0.453930276818074	0.20115186501536	0	0	1	0.1	0.161574893486679	0.0241812753662984	0.114445241608904	0.207467651112157	0.0930224095032527	0	0	1	0.2	0.34511734911277	0.0514316125694202	0.245099638839077	0.443445105288374	0.198345466449296	0	0	2	0.1	0.167152662985434	0.0250260075709821	0.118626287680462	0.215700913250171	0.0970746255697088	0	0	2	0.2	0.366876564834429	0.0548645108832961	0.26298004274803	0.472103119355685	0.209123076607655	0	0	3	0.1	0.17737015147531	0.0266643661279082	0.12706199436775	0.229322727025842	0.102260732658091	0	0	3	0.2	0.392425110605194	0.0588123185536398	0.280957767753309	0.507781763655922	0.226823995902614
266	0	0	0	0.1	0.197210282934864	0.0284300443157236	0.142993799420515	0.254899896101552	0.111906096681038	0	0	0	0.2	0.36257183293545	0.0519201680419146	0.263031135035826	0.466193302528175	0.203162167492349	0	0	1	0.1	0.169567962375846	0.024306537294551	0.122234087724198	0.217988420259022	0.095754332534824	0	0	1	0.2	0.361522839917917	0.0516819137595572	0.262121976233392	0.462232173441779	0.200110197208386	0	0	2	0.1	0.176268301684211	0.0252163766680767	0.12887805471198	0.224490854510063	0.0956127997980832	0	0	2	0.2	0.386430396492309	0.0552292359827606	0.282670535850768	0.492457687063895	0.209787151213127	0	0	3	0.1	0.187385408693245	0.0268367026664271	0.136775517331316	0.239094726762876	0.10231920943156	0	0	3	0.2	0.414265895625722	0.0593169281502135	0.303646850898775	0.530384436899088	0.226737586000313
109	0	0	0	0.1	0.205799722971668	0.0291509995464128	0.148669708004356	0.262626762080536	0.11395705407618	0	0	0	0.2	0.383550973873074	0.0537694844910635	0.280463866167689	0.486160958509995	0.205697092342305	0	0	1	0.1	0.182378712375638	0.0254501255925926	0.132959896324454	0.23117062410731	0.0982107277828559	0	0	1	0.2	0.392103270854897	0.0545125469077157	0.286817859834079	0.493106583469332	0.206288723635252	0	0	2	0.1	0.192741411294334	0.0267788759345849	0.141042088889396	0.242517933073268	0.101475844183873	0	0	2	0.2	0.424843829977681	0.0590188598168632	0.310224928459739	0.533608390179451	0.223383461719711	0	0	3	0.1	0.20664106116303	0.028699392822118	0.151703267601649	0.25975851097212	0.108055243370471	0	0	3	0.2	0.45900105867731	0.0637097207595667	0.336163710750283	0.577932905831113	0.24176919508083
278	0	0	0	0.1	0.199112989812594	0.0296406555069881	0.138328831079346	0.255436739446408	0.117107908367062	0	0	0	0.2	0.371548593467653	0.0547985968283673	0.25736089600764	0.475275885084889	0.217914989077248	0	0	1	0.1	0.178498628495703	0.026470704661201	0.122061408887036	0.229564996386282	0.107503587499246	0	0	1	0.2	0.383481600592612	0.0566118996891538	0.26088857171403	0.493360154278964	0.232471582564934	0	0	2	0.1	0.189156112050263	0.028094982771699	0.128914612430189	0.243908529960897	0.114993917530708	0	0	2	0.2	0.416804816934348	0.0618941852914143	0.283951635788057	0.539323114605565	0.255371478817508	0	0	3	0.1	0.203076843267254	0.030297899399487	0.137746799977936	0.26382320341697	0.126076403439034	0	0	3	0.2	0.450876202078651	0.0672935948845444	0.305604269183566	0.587793951532999	0.282189682349433
426	0	0	0	0.1	0.196776538342682	0.0267845632353309	0.145002884612795	0.247927545842919	0.102924661230124	0	0	0	0.2	0.365070510302742	0.0492498891105627	0.272058515964739	0.459606608263468	0.187548092298729	0	0	1	0.1	0.175205614247916	0.0236701461402844	0.129932551889379	0.220357954563476	0.0904254026740964	0	0	1	0.2	0.375964733713117	0.0506881369785179	0.279551818452964	0.473407270883946	0.193855452430982	0	0	2	0.1	0.18584355567941	0.0251049053207254	0.138017390711461	0.234144568786669	0.0961271780752088	0	0	2	0.2	0.408942407294907	0.0552060299763545	0.304285452247653	0.514086590855834	0.209801138608181	0	0	3	0.1	0.199755945530111	0.0270072185258023	0.148209581780201	0.251827085874315	0.103617504094114	0	0	3	0.2	0.442747274355166	0.0599042022150566	0.329641779537538	0.557510343550844	0.227868564013306
492	0	0	0	0.1	0.185943635110318	0.0285023147504841	0.133361646332858	0.243925302172541	0.110563655839683	0	0	0	0.2	0.343138821571588	0.0522904796144683	0.245930296171458	0.448107368168263	0.202177071996805	0	0	1	0.1	0.160632027219696	0.0245763101928493	0.114830387482879	0.209568698663491	0.0947383111806119	0	0	1	0.2	0.343941446023414	0.0524911509055069	0.246567221055464	0.447419106342895	0.20085188528743	0	0	2	0.1	0.1681504243104	0.025712603636458	0.120454014653487	0.220106251025373	0.0996522363718851	0	0	2	0.2	0.369620217860202	0.0565119595336079	0.264651991907736	0.484575832156109	0.219923840248373	0	0	3	0.1	0.17948880224738	0.0274014789734628	0.129042968023851	0.235072520836881	0.106029552813029	0	0	3	0.2	0.397566635934134	0.0609844637920804	0.284153972520483	0.523102438329806	0.238948465809323
471	0	0	0	0.1	0.248715771202058	0.0303215877246766	0.189762494440712	0.30853588341009	0.118773388969378	0	0	0	0.2	0.459463380635616	0.0554875826912651	0.350085603344359	0.569109185587738	0.21902358224338	0	0	1	0.1	0.219097646492366	0.026731594066418	0.167810624808458	0.270226612161694	0.102415987353236	0	0	1	0.2	0.467070279934037	0.0566791788250524	0.359879536023229	0.574728398668888	0.214848862645659	0	0	2	0.1	0.229140936955723	0.0280374830603879	0.175286684214184	0.281082365158053	0.105795680943869	0	0	2	0.2	0.502313214531407	0.0613878605454215	0.385427149886948	0.618433806044232	0.233006656157284	0	0	3	0.1	0.244182216858593	0.0299642177964328	0.186401220778209	0.301956983641844	0.115555762863635	0	0	3	0.2	0.540040356104327	0.0663202388454802	0.412372905908707	0.666743718124022	0.254370812215315
539	0	0	0	0.1	0.217045530293853	0.0280099810943489	0.16130725134301	0.270775476648642	0.109468225305633	0	0	0	0.2	0.397875167438153	0.0508934281092196	0.29641953480162	0.495075122467558	0.198655587665938	0	0	1	0.1	0.18647915094806	0.0239662316040465	0.139141783106354	0.234120145616602	0.0949783625102475	0	0	1	0.2	0.397468974656498	0.0508618954077755	0.297525759977788	0.498731266116644	0.201205506138855	0	0	2	0.1	0.194302502256377	0.0249422047998639	0.145171920498916	0.244434414078386	0.09926249357947	0	0	2	0.2	0.42569718411005	0.0544840130174133	0.319009281289843	0.536717251652181	0.217707970362338	0	0	3	0.1	0.206809425726455	0.0264953175935276	0.154102633472011	0.261007427451194	0.106904793979183	0	0	3	0.2	0.456958097394616	0.0586158123711615	0.342526986084367	0.575470619062076	0.232943632977709
423	0	0	0	0.1	0.218045081988233	0.0276618041110988	0.160310652151981	0.271011031318159	0.110700379166178	0	0	0	0.2	0.400927658392813	0.0502705549192517	0.295788094278288	0.497856977439229	0.202068883160941	0	0	1	0.1	0.190191835658161	0.0238520531436837	0.142718117455687	0.237466889037666	0.0947487715819787	0	0	1	0.2	0.405566476446545	0.0505743516689965	0.305239979506618	0.505381459120686	0.200141479614067	0	0	2	0.1	0.199175454365972	0.0248591423835937	0.150060088300494	0.248309954965784	0.0982498666652895	0	0	2	0.2	0.43655758991848	0.0544304787109443	0.328962436384857	0.542887711581913	0.213925275197056	0	0	3	0.1	0.212636612829424	0.026517671183679	0.161430906290109	0.264532993257607	0.103102086967499	0	0	3	0.2	0.469832841946763	0.0586404117038706	0.356742021807211	0.586744307995384	0.230002286188173
187	0	0	0	0.1	0.189219728055482	0.0295500340600271	0.132609568104412	0.246770514494669	0.114160946390257	0	0	0	0.2	0.350674081798276	0.0542318533317036	0.245723536696609	0.454529859396949	0.20880632270034	0	0	1	0.1	0.16671669580696	0.025820433419485	0.116743035308862	0.216352417519764	0.0996093822109022	0	0	1	0.2	0.356936700184811	0.0550731994898547	0.250511150361346	0.461712749614928	0.211201599253582	0	0	2	0.1	0.175332117268455	0.0271021401088025	0.123278316621075	0.2273661203435	0.104087803722425	0	0	2	0.2	0.385353661118593	0.0595399035245897	0.271208967993126	0.498048265167915	0.226839297174789	0	0	3	0.1	0.187482387280226	0.0290724428846868	0.131558117890287	0.241455028221386	0.109896910331099	0	0	3	0.2	0.415316563901047	0.0644152744255696	0.292332474796707	0.536641554572976	0.244309079776269
425	0	0	0	0.1	0.236689142807998	0.0299245969901033	0.182946131786495	0.294375335752357	0.111429203965862	0	0	0	0.2	0.439100547785619	0.054829762945004	0.339541883238865	0.545742659420486	0.20620077618162	0	0	1	0.1	0.205697435902225	0.0256803124403376	0.158656951865563	0.2562911133579	0.0976341614923366	0	0	1	0.2	0.441066281119554	0.0547379274354842	0.338981383351057	0.549971612042563	0.210990228691506	0	0	2	0.1	0.215163024449065	0.0266869173318843	0.164517624859785	0.267150687077092	0.102633062217308	0	0	2	0.2	0.473579016346759	0.0586231246609636	0.362156685349829	0.58750605373531	0.225349368385481	0	0	3	0.1	0.22935031534368	0.0284127560743951	0.17539482942294	0.284742215293945	0.109347385871005	0	0	3	0.2	0.508935290405884	0.0629622931997477	0.388280592698709	0.62974983866841	0.241469245969701
249	0	0	0	0.1	0.212863952903403	0.0270442759243831	0.160859003719059	0.267241814328904	0.106382810609845	0	0	0	0.2	0.392065207437208	0.0493268437867893	0.298751582344869	0.489538465108124	0.190786882763256	0	0	1	0.1	0.184607563018159	0.0234259864902862	0.139088436667421	0.231653025400366	0.0925645887329449	0	0	1	0.2	0.394474956258288	0.0498415155845994	0.297980055670413	0.492624584959963	0.19464452928955	0	0	2	0.1	0.193237783737631	0.0245009768842833	0.147387086997162	0.242269904059764	0.0948828170626023	0	0	2	0.2	0.424159167955033	0.0537208796746552	0.323011408685061	0.53302471621305	0.21001330752799	0	0	3	0.1	0.206157554499671	0.0261673191086058	0.155937567914888	0.259045131651567	0.103107563736679	0	0	3	0.2	0.456277543114173	0.0580182291985535	0.347207079634587	0.573642239055945	0.226435159421359
374	0	0	0	0.1	0.194854896526669	0.028160979744591	0.140966892586926	0.252714833039284	0.111747940452359	0	0	0	0.2	0.359584028152273	0.0514932433628672	0.261587842063136	0.461665810007582	0.200077967944446	0	0	1	0.1	0.168133870817762	0.0241674500064687	0.121709982484155	0.216454166844406	0.0947441843602503	0	0	1	0.2	0.360159340377795	0.0515530175521969	0.262935554158856	0.466441784822791	0.203506230663935	0	0	2	0.1	0.176065804338114	0.0252292744119704	0.128043319128686	0.226388489857307	0.0983451707286213	0	0	2	0.2	0.387080038381094	0.0554009238638811	0.281649023103273	0.496710352905188	0.215061329801914	0	0	3	0.1	0.187916601718804	0.0269255367740584	0.137111430981852	0.241584004255458	0.104472573273606	0	0	3	0.2	0.416327522733589	0.0596262576296474	0.301620429126171	0.535718221927929	0.234097792801758
330	0	0	0	0.1	0.208117972193972	0.0282030035348817	0.154650261900413	0.26462142856359	0.109971166663177	0	0	0	0.2	0.383029392345146	0.0514368844115359	0.284423752057372	0.484566438261275	0.200142686203903	0	0	1	0.1	0.184860208998287	0.0250622328256522	0.137823310610011	0.235318286516664	0.0974949759066531	0	0	1	0.2	0.39382683780772	0.0531544870172172	0.294498773802707	0.502533318322018	0.20803454451931	0	0	2	0.1	0.19487262693655	0.0264204729442722	0.145333800484932	0.249392293684483	0.104058493199551	0	0	2	0.2	0.426661138519985	0.0577818041188798	0.318095808088927	0.545699009393617	0.22760320130469	0	0	3	0.1	0.208638262370162	0.0283274339357324	0.155962831407681	0.266625566214927	0.110662734807246	0	0	3	0.2	0.460869011477192	0.0625822743794408	0.342707010250514	0.587214117733982	0.244507107483468
207	0	0	0	0.1	0.198733951535985	0.0279422170848374	0.146212644416804	0.254941891493711	0.108729247076906	0	0	0	0.2	0.366479397836244	0.0508383650694925	0.270217293388022	0.470253727216974	0.200036433828953	0	0	1	0.1	0.171485583792913	0.0236043994273886	0.127924366354094	0.218688131681236	0.0907637653271418	0	0	1	0.2	0.367437417865857	0.0503308197084267	0.276700894206434	0.469296983386243	0.192596089179809	0	0	2	0.1	0.179818485367999	0.0245776972677449	0.135634307962602	0.229180970186728	0.0935466622241258	0	0	2	0.2	0.395356798702821	0.0540877980005862	0.298129037591795	0.508233328863184	0.210104291271388	0	0	3	0.1	0.192146161902808	0.0263505610365316	0.144441795520924	0.246550640575383	0.102108845054459	0	0	3	0.2	0.425744399221818	0.0584498162949502	0.318427490327383	0.545070596513212	0.22664310618583
114	0	0	0	0.1	0.22646052698005	0.0286369656896379	0.169429219503579	0.278920928796833	0.109491709293254	0	0	0	0.2	0.41101737517373	0.0514476915413098	0.307973853825912	0.506006003441989	0.198032149616078	0	0	1	0.1	0.188999496084224	0.0237137142468957	0.142684164644291	0.234049767037874	0.0913656023935824	0	0	1	0.2	0.400386539612636	0.0499451433090421	0.302560709149181	0.496650569509049	0.194089860359868	0	0	2	0.1	0.193733802147069	0.0242551179871468	0.146540397286729	0.240651431174933	0.0941110338882033	0	0	2	0.2	0.422961948495656	0.0528698016236332	0.322281146561269	0.523948816577264	0.201667670015995	0	0	3	0.1	0.204450395780126	0.0256679679731092	0.155311840589138	0.253535707385157	0.098223866796019	0	0	3	0.2	0.450501425777128	0.0565653857766404	0.343115937770977	0.559747615499244	0.216631677728267
137	0	0	0	0.1	0.278678923370191	0.0298196534747878	0.220523285734493	0.337517634949485	0.116994349214992	0	0	0	0.2	0.510486591542723	0.0536710578561487	0.405569550989707	0.617982642891124	0.212413091901417	0	0	1	0.1	0.237291133611869	0.0250253213974873	0.190312526815108	0.285443905904082	0.0951313790889746	0	0	1	0.2	0.504899639093193	0.0528248264121679	0.405730514355341	0.606651972075132	0.200921457719791	0	0	2	0.1	0.245291871578575	0.025762175143467	0.196529747088244	0.296229222721115	0.0996994756328711	0	0	2	0.2	0.537110259042608	0.05633935469599	0.430999571187967	0.645302985137782	0.214303413949815	0	0	3	0.1	0.259917777049864	0.0273613536823626	0.20812718026375	0.313808217112112	0.105681036848362	0	0	3	0.2	0.574263832900354	0.0605429836148232	0.460196936050962	0.692688713800046	0.232491777749085
217	0	0	0	0.1	0.237141750161833	0.0304356395011824	0.181353843956692	0.29921127010996	0.117857426153269	0	0	0	0.2	0.436613521149883	0.0554715046200284	0.334812968117262	0.548369960981269	0.213556992864006	0	0	1	0.1	0.203562451552812	0.0261005937320525	0.155690078528868	0.256661822890174	0.100971744361306	0	0	1	0.2	0.435095176565511	0.055398291006277	0.334827705695911	0.545192762387744	0.210365056691834	0	0	2	0.1	0.212113243009944	0.0271291013856213	0.163506926959172	0.264857346941277	0.101350419982105	0	0	2	0.2	0.465825843669659	0.0594620953075335	0.35847514377695	0.58217326622602	0.22369812244907	0	0	3	0.1	0.22568643263773	0.0289259368740945	0.173561433278379	0.282290942196842	0.108729508918463	0	0	3	0.2	0.499786003409125	0.0640989472668418	0.383697117752506	0.624932849886722	0.241235732134216
295	0	0	0	0.1	0.211060894884776	0.0299239245436724	0.153746063766413	0.269840239770564	0.116094176004151	0	0	0	0.2	0.39280759965161	0.0550565922100117	0.289219442401727	0.502434785653149	0.213215343251422	0	0	1	0.1	0.186886051292111	0.0262784997414224	0.138001238924201	0.238984187583521	0.10098294865932	0	0	1	0.2	0.400957259158738	0.0562406623574639	0.297532620445606	0.510381427518123	0.212848807072517	0	0	2	0.1	0.196827516810785	0.0277224376643839	0.145565147608701	0.251787348627567	0.106222201018866	0	0	2	0.2	0.433395194684283	0.0610474446725566	0.3210742548816	0.557319390166379	0.236245135284779	0	0	3	0.1	0.210596335027654	0.0298390748422055	0.155766956083332	0.27076186621318	0.114994910129848	0	0	3	0.2	0.467417209990728	0.0661143225103691	0.345429705820163	0.600633654086128	0.255203948265964
242	0	0	0	0.1	0.253927770030464	0.0298390649476406	0.198737015947697	0.31068970277619	0.111952686828493	0	0	0	0.2	0.470114055223948	0.0546610015234955	0.364510041982511	0.577200551169961	0.21269050918745	0	0	1	0.1	0.217279065286833	0.0254536789083924	0.168781063540229	0.268284214257735	0.099503150717506	0	0	1	0.2	0.466136807059843	0.0542847771131778	0.36241274313939	0.574267421993487	0.211854678854097	0	0	2	0.1	0.226216488730887	0.0264466579423881	0.175248074002349	0.279596286818876	0.104348212816526	0	0	2	0.2	0.498255452178807	0.058113772839834	0.387196132717669	0.616479986247871	0.229283853530202	0	0	3	0.1	0.240676863010928	0.0281014692486338	0.186074353059038	0.297785128561557	0.111710775502519	0	0	3	0.2	0.534083515436553	0.0624565905355093	0.413696623781125	0.658969772266098	0.245273148484973
513	0	0	0	0.1	0.19953828274788	0.0292611582835893	0.143289397506198	0.257948433978615	0.114659036472417	0	0	0	0.2	0.369526915664811	0.0537847013655988	0.268479542288229	0.477798777167894	0.209319234879665	0	0	1	0.1	0.176601881417432	0.0258453583868128	0.127325883756602	0.227641359309012	0.10031547555241	0	0	1	0.2	0.377752483716974	0.0551020433986436	0.275053294475471	0.486173619176094	0.211120324700623	0	0	2	0.1	0.185939826357763	0.0272490115611652	0.133374113184211	0.240514687578521	0.10714057439431	0	0	2	0.2	0.408393137365824	0.0598405852061906	0.295171572312569	0.5279149826283	0.232743410315732	0	0	3	0.1	0.198972374531555	0.0292178073623233	0.143732316177879	0.257671389704629	0.113939073526751	0	0	3	0.2	0.440595883165569	0.0647749977843267	0.317750006799323	0.570603150779998	0.252853143980675
421	0	0	0	0.1	0.216795411071541	0.0287155505080637	0.161247637066452	0.273754439844011	0.112506802777559	0	0	0	0.2	0.398103782828762	0.0520670765221664	0.29800507360685	0.502232599030557	0.204227525423707	0	0	1	0.1	0.187098526355132	0.0243959632743945	0.138793386078529	0.235482315937684	0.0966889298591552	0	0	1	0.2	0.398638958280219	0.0516625927353512	0.295524645117575	0.498784538827285	0.20325989370971	0	0	2	0.1	0.194855236903029	0.0252353909558257	0.143504858232268	0.243782134664093	0.100277276431825	0	0	2	0.2	0.426990744766764	0.0552435637762432	0.313858702623356	0.533310074748064	0.219451372124707	0	0	3	0.1	0.207323106272727	0.0268750902274086	0.152054067960111	0.259470611716488	0.107416543756377	0	0	3	0.2	0.458239940019049	0.0594279756648892	0.336422929270029	0.573161225833803	0.236738296563773
436	0	0	0	0.1	0.232979183356585	0.0298409005061589	0.175876786842016	0.294341893878803	0.118465107036787	0	0	0	0.2	0.425066985463289	0.053977985486224	0.320743438344054	0.536336065716852	0.215592627372798	0	0	1	0.1	0.192263347319391	0.0245939252118457	0.145154771173291	0.24378834809476	0.0986335769214695	0	0	1	0.2	0.409193637381715	0.0520522811843099	0.308476638677549	0.518990421118319	0.210513782440769	0	0	2	0.1	0.196504376068019	0.0250574563939283	0.148144941867815	0.249947958502744	0.101803016634929	0	0	2	0.2	0.430543073437011	0.054857915468805	0.324967188431761	0.54492290965839	0.219955721226629	0	0	3	0.1	0.207107307281317	0.0264347527789052	0.155981094952622	0.262135115775263	0.106154020822641	0	0	3	0.2	0.457639137338508	0.0585066262461583	0.345030107596694	0.577160052011346	0.232129944414652
305	0	0	0	0.1	0.202890863541518	0.028936807283683	0.143768412294287	0.258121347497623	0.114352935203336	0	0	0	0.2	0.372285603645694	0.052614097911435	0.265016331887472	0.4727458931534	0.207729561265929	0	0	1	0.1	0.174448632500669	0.0246567828538747	0.124515503048411	0.221277354601958	0.0967618515535469	0	0	1	0.2	0.371153960931731	0.0522145102502072	0.264359910927181	0.469987655713392	0.205627744786211	0	0	2	0.1	0.180906205339131	0.0254398833311636	0.127561100394182	0.229781225356431	0.102220124962248	0	0	2	0.2	0.396078504854033	0.0556773921439855	0.282058323535026	0.502377601758933	0.220319278223907	0	0	3	0.1	0.191970687385693	0.0270070986249323	0.135170485921048	0.244002622348496	0.108832136427448	0	0	3	0.2	0.424246878681745	0.0596412326466989	0.302597267035555	0.538604554943883	0.236007287908328
198	0	0	0	0.1	0.262601750266069	0.0290720614461228	0.20500399003264	0.319102655146497	0.114098665113857	0	0	0	0.2	0.483851311380219	0.0526143316347634	0.379656640802955	0.58468870950415	0.205032068701195	0	0	1	0.1	0.228567830639059	0.0247268927575363	0.17927150595915	0.274472388807597	0.0952008828484461	0	0	1	0.2	0.487991009759549	0.0523435656030184	0.383101447466092	0.588226579806327	0.205125132340235	0	0	2	0.1	0.239015787120942	0.0256676194868709	0.187848483860453	0.290219836742271	0.102371352881818	0	0	2	0.2	0.524311007319631	0.056216405145683	0.41118317968515	0.637003973608729	0.225820793923579	0	0	3	0.1	0.2548319268617	0.0273514368634869	0.20027169803514	0.309035255811752	0.108763557776612	0	0	3	0.2	0.563647825918681	0.0606548074672208	0.442310219034214	0.684005733427415	0.2416955143932
228	0	0	0	0.1	0.198672350135027	0.0283753248234736	0.141611949889806	0.251119938970306	0.1095079890805	0	0	0	0.2	0.367168422928844	0.0520507931050511	0.263133118523476	0.461622891187781	0.198489772664305	0	0	1	0.1	0.174331024916672	0.0249058299500306	0.123238226387627	0.220103669550371	0.0968654431627435	0	0	1	0.2	0.372214227367054	0.0529772195168756	0.262351945919848	0.470947222751067	0.208595276831219	0	0	2	0.1	0.182594336644464	0.0261079650429166	0.127976280499322	0.231899298119762	0.10392301762044	0	0	2	0.2	0.400661323347401	0.0572008607985755	0.279908810153372	0.508357077345386	0.228448267192014	0	0	3	0.1	0.194835201282679	0.0279145079217739	0.136639648734124	0.247857940425188	0.111218291691065	0	0	3	0.2	0.431166019124511	0.0617374860954178	0.303124018626729	0.54862167579304	0.245497657166311
594	0	0	0	0.1	0.243708551241215	0.030238195715702	0.188472449443006	0.305433566968495	0.11696111752549	0	0	0	0.2	0.445503427287703	0.0547571125008832	0.34550840396598	0.559676056781706	0.214167652815726	0	0	1	0.1	0.207225358386726	0.0254318104286701	0.161238254555037	0.259075561616468	0.0978373070614312	0	0	1	0.2	0.440536285560457	0.0539297111866453	0.343505668722051	0.549748631215279	0.206242962493228	0	0	2	0.1	0.214338480272305	0.0262830959589624	0.166363205703414	0.267281247636417	0.100918041933003	0	0	2	0.2	0.469024438078441	0.0575709106217568	0.363056694502025	0.582484921618977	0.219428227116951	0	0	3	0.1	0.227264482349391	0.0280147507067456	0.176362518536277	0.282283357271758	0.105920838735481	0	0	3	0.2	0.501739747806693	0.061902347908029	0.390178338624331	0.626189605255472	0.236011266631141
175	0	0	0	0.1	0.258273099711093	0.0306767667373356	0.199221921771292	0.32239731232821	0.123175390556918	0	0	0	0.2	0.470371045299875	0.054973643072838	0.362829498785614	0.581062333837751	0.218232835052136	0	0	1	0.1	0.218311183762237	0.0255373763215428	0.167169725973635	0.26967625033712	0.102506524363485	0	0	1	0.2	0.462864710211908	0.0536871371882216	0.355347013531258	0.569890303511911	0.214543289980653	0	0	2	0.1	0.224731252049286	0.0261086417379124	0.17163747462021	0.275096492850359	0.103459018230149	0	0	2	0.2	0.490862453196281	0.0568879655459312	0.375380927702421	0.601508176893992	0.22612724919157	0	0	3	0.1	0.237672999606095	0.0275774793283429	0.181545326993948	0.29234676556454	0.110801438570592	0	0	3	0.2	0.523992890905532	0.0609681493060251	0.400949209273598	0.643350461594298	0.2424012523207
171	0	0	0	0.1	0.274089818976525	0.0325198339580998	0.213899705825034	0.340463128371825	0.126563422546791	0	0	0	0.2	0.509338492188772	0.0599648989529427	0.397715190921163	0.629417616137975	0.231702425216812	0	0	1	0.1	0.239547973683446	0.0284193109962194	0.187706594614529	0.297545952666617	0.109839358052088	0	0	1	0.2	0.512132494043085	0.0605617120662264	0.399614354872803	0.633279491682068	0.233665136809264	0	0	2	0.1	0.249171171541848	0.0294929300267299	0.193803982354693	0.30720285051574	0.113398868161047	0	0	2	0.2	0.547675280359383	0.0649377709186177	0.425457932305818	0.676060024401978	0.25060209209616	0	0	3	0.1	0.264717502248746	0.0313756388076683	0.205541235900971	0.326581396218806	0.121040160317836	0	0	3	0.2	0.586705646815029	0.0697516347081339	0.454739720632909	0.725872134031696	0.271132413398787
268	0	0	0	0.1	0.210574460394289	0.0286895449657594	0.152473038984664	0.26806640295031	0.115593363965647	0	0	0	0.2	0.389377750038	0.0526843937030991	0.283729162452076	0.494161271836492	0.210432109384417	0	0	1	0.1	0.184826343277648	0.0251041661363355	0.135767731140102	0.234918492520817	0.0991507613807149	0	0	1	0.2	0.395296642190582	0.0535130004816941	0.288066092784312	0.502236968092683	0.214170875308371	0	0	2	0.1	0.194172764929349	0.026339549787184	0.142967195706837	0.248030568778425	0.105063373071589	0	0	2	0.2	0.426481394878851	0.0578184810048298	0.311134283328162	0.545953712771443	0.234819429443281	0	0	3	0.1	0.207458109560165	0.0282225600652186	0.152375679819794	0.265490701943639	0.113115022123846	0	0	3	0.2	0.459598435338637	0.0624889442492521	0.337316013313939	0.588313558146288	0.250997544832348
148	0	0	0	0.1	0.259083630496806	0.0282681937880583	0.202375992092589	0.310124668246002	0.107748676153414	0	0	0	0.2	0.465518332953367	0.0502314821926161	0.363550102527096	0.558702730789627	0.195152628262532	0	0	1	0.1	0.212875883922507	0.0231272909785623	0.167578234961473	0.255479387410597	0.0879011524491243	0	0	1	0.2	0.448669712804318	0.0484634472779753	0.352573741410179	0.539449099264765	0.186875357854585	0	0	2	0.1	0.216556318515524	0.0234707212420137	0.169909622366111	0.262036862760741	0.0921272403946297	0	0	2	0.2	0.471108926501195	0.0509726278600261	0.37103212097271	0.569951937076303	0.198919816103593	0	0	3	0.1	0.22773544474071	0.0247490178224749	0.179378926983683	0.274668469913731	0.0952895429300472	0	0	3	0.2	0.500363913785614	0.0544160802859458	0.394857826219757	0.604802293883072	0.209944467663315
222	0	0	0	0.1	0.164687679237692	0.025784845840896	0.116966427852195	0.216012540437513	0.0990461125853186	0	0	0	0.2	0.301000647341852	0.046953019562497	0.216443163645869	0.394714040400903	0.178270876755033	0	0	1	0.1	0.140268882872103	0.0219828316492989	0.100511175402156	0.182476307145343	0.0819651317431872	0	0	1	0.2	0.299019736766236	0.0467548205476106	0.213576089820409	0.389543008577801	0.175966918757392	0	0	2	0.1	0.146162749660621	0.0228896438852482	0.103930451507822	0.189823916806377	0.0858934652985555	0	0	2	0.2	0.320235380973871	0.0501508250534406	0.226729941423865	0.414404644220956	0.187674702797091	0	0	3	0.1	0.155641774144874	0.0244459245859706	0.109425476458344	0.201199536866338	0.0917740604079939	0	0	3	0.2	0.34387745343905	0.0539597476968534	0.24382558773237	0.444924450637457	0.201098862905087
219	0	0	0	0.1	0.202715446167955	0.0277437215395882	0.148037391178517	0.255563089953346	0.107525698774829	0	0	0	0.2	0.375471769834964	0.051020238438822	0.273751230471009	0.471651367402985	0.197900136931976	0	0	1	0.1	0.177858041157428	0.0243453375154915	0.129543774314385	0.224603921855629	0.0950601475412442	0	0	1	0.2	0.38137054017279	0.0520320581755902	0.2788311049183	0.48187027479614	0.20303916987784	0	0	2	0.1	0.18735852911877	0.02570684172882	0.138014204353952	0.236383701926401	0.0983694975724487	0	0	2	0.2	0.412033373675488	0.0565955440333579	0.302850985827555	0.519781621581053	0.216930635753498	0	0	3	0.1	0.200487193764888	0.0276469692701239	0.146958031017278	0.253092539409688	0.10613450839241	0	0	3	0.2	0.444513109950514	0.0614276083383907	0.324924785478294	0.561442742720076	0.236517957241782
196	0	0	0	0.1	0.239725115801344	0.0282741768741287	0.186096462185636	0.291678263774733	0.105581801589097	0	0	0	0.2	0.438850886672662	0.0509624990644537	0.341831227569703	0.532044229374036	0.190213001804334	0	0	1	0.1	0.205875156918222	0.0237779262633623	0.162247057202563	0.250264360020695	0.0880173028181321	0	0	1	0.2	0.438097608791638	0.0501515363623622	0.343762703848588	0.531901544282989	0.1881388404344	0	0	2	0.1	0.214028460393929	0.0244441357853564	0.166920725874191	0.260908296609967	0.0939875707357762	0	0	2	0.2	0.46850756811893	0.0534199626476248	0.36538147955299	0.572001675009965	0.206620195456975	0	0	3	0.1	0.227551868974397	0.0259591886973368	0.176791973504245	0.278268275312417	0.101476301808172	0	0	3	0.2	0.502619771631199	0.0572400892458635	0.390635074118857	0.616545245019031	0.225910170900174
634	0	0	0	0.1	0.223126111109938	0.0282538697758791	0.168255850607971	0.278119103844857	0.109863253236886	0	0	0	0.2	0.41383520695157	0.051971829145363	0.312566121254079	0.514256193950701	0.201690072696622	0	0	1	0.1	0.194466326044289	0.0245251919613734	0.146002572157217	0.242921013455163	0.0969184412979457	0	0	1	0.2	0.41763227261401	0.0524630323628264	0.314951642516462	0.523009136633752	0.20805749411729	0	0	2	0.1	0.204470257022586	0.0257815839879546	0.154755354415529	0.25603804932425	0.101282694908721	0	0	2	0.2	0.450425667865759	0.0567188297095735	0.340809358363905	0.562361950877226	0.221552592513321	0	0	3	0.1	0.218753142292489	0.0275469629090797	0.165569511272557	0.274380786480338	0.108811275207782	0	0	3	0.2	0.485413831029691	0.0613316744316717	0.369664576183876	0.609829722040919	0.240165145857043
617	0	0	0	0.1	0.24003365146252	0.0292231027553387	0.184406444157784	0.3019548500881	0.117548405930317	0	0	0	0.2	0.436938103335205	0.0525863507048817	0.337626824483181	0.54849361726555	0.210866792782369	0	0	1	0.1	0.202051016417385	0.0243198789400548	0.156094130699664	0.253224481026495	0.0971303503268306	0	0	1	0.2	0.429062551645927	0.0512717379412253	0.333869693428343	0.537496295216285	0.203626601787942	0	0	2	0.1	0.20837701983395	0.0249727978755412	0.163546503935088	0.259763701667458	0.0962171977323701	0	0	2	0.2	0.455506976354502	0.0544362078538649	0.357556410475828	0.564844435455795	0.207288024979968	0	0	3	0.1	0.220635468388523	0.0263740833654956	0.172724529518636	0.273816702177184	0.101092172658548	0	0	3	0.2	0.486720261633414	0.0583531049956532	0.381268553599197	0.603820550260586	0.222551996661388
593	0	0	0	0.1	0.161904852799177	0.0285878810714623	0.104058612751043	0.217804821249054	0.113746208498011	0	0	0	0.2	0.302339530172314	0.0530652916889394	0.19623593481056	0.406529176221382	0.210293241410822	0	0	1	0.1	0.144651678532535	0.0252709723861577	0.0942090977184431	0.19411585950299	0.0999067617845466	0	0	1	0.2	0.310999537062315	0.0541763963053733	0.201859432491326	0.416433036854279	0.214573604362954	0	0	2	0.1	0.153175489226323	0.0266716875683136	0.099071097060152	0.204971331515031	0.105900234454879	0	0	2	0.2	0.337646483251048	0.0587053246353906	0.2168898696745	0.449597006667124	0.232707136992624	0	0	3	0.1	0.164385951947671	0.0285808420066804	0.105829602825966	0.218943830457943	0.113114227631977	0	0	3	0.2	0.365147460777193	0.0635366077120701	0.234621013253972	0.487258147491547	0.252637134237575
334	0	0	0	0.1	0.163010825303695	0.0282477723286429	0.108591618711923	0.21736833495522	0.108776716243297	0	0	0	0.2	0.297423002891961	0.0511011876938275	0.200040742797634	0.396093427655099	0.196052684857465	0	0	1	0.1	0.138019402087536	0.0236193821981251	0.0926439248187583	0.184171915915505	0.0915279910967463	0	0	1	0.2	0.293847765376006	0.0501318302697875	0.197346645345875	0.392114165849539	0.194767520503664	0	0	2	0.1	0.143213855267987	0.02446629549562	0.0963526357102828	0.191273232538499	0.0949205968282166	0	0	2	0.2	0.31363222145709	0.053473818865741	0.210609274431249	0.419446802199274	0.208837527768025	0	0	3	0.1	0.152312001749252	0.0260657087589353	0.1030377319172	0.204129421974759	0.101091690057558	0	0	3	0.2	0.336200699950104	0.0574021117821289	0.226206447151239	0.448942145951694	0.222735698800455
481	0	0	0	0.1	0.20678023455553	0.0282807347373072	0.152211011565831	0.26240202242857	0.110191010862739	0	0	0	0.2	0.381647549390113	0.0516921404206775	0.280701300400805	0.482864434900866	0.202163134500061	0	0	1	0.1	0.178927225932276	0.0243154674189565	0.131248687176446	0.225334711934637	0.0940860247581907	0	0	1	0.2	0.382886763469042	0.0516834762849526	0.28180935630622	0.482917319583011	0.20110796327679	0	0	2	0.1	0.187130770528829	0.0253239547308047	0.137562994510748	0.237250780743464	0.0996877862327159	0	0	2	0.2	0.411178043077363	0.0555131920231202	0.302760703000859	0.521863502393001	0.219102799392141	0	0	3	0.1	0.199604117291596	0.0270840461823911	0.147182265017914	0.252714793090982	0.105532528073068	0	0	3	0.2	0.44218613507083	0.0599171949632253	0.326747533741078	0.558966465901457	0.232218932160379
489	0	0	0	0.1	0.130347668978944	0.027860443038199	0.0758000125014083	0.183468012758262	0.107668000256853	0	0	0	0.2	0.24204216858408	0.0513319207893691	0.141534107404327	0.339828791123613	0.198294683719286	0	0	1	0.1	0.11536939372062	0.0244296031147847	0.0653236271381388	0.160471245531559	0.09514761839342	0	0	1	0.2	0.247301613803796	0.052187137596583	0.141046082331079	0.343989455694943	0.202943373363864	0	0	2	0.1	0.121679642990476	0.0256727539194316	0.070284806027624	0.169302196101288	0.0990173900736644	0	0	2	0.2	0.26770427525151	0.0563136536530199	0.154245171987228	0.372376355969391	0.218131183982163	0	0	3	0.1	0.130351938403046	0.0274691932110417	0.0754899130412305	0.181136191827226	0.105646278785995	0	0	3	0.2	0.289019256784512	0.0608311514962696	0.167423990946524	0.400859377952117	0.233435387005592
229	0	0	0	0.1	0.260202795159982	0.0291904277857531	0.204904389230813	0.320093681878123	0.11518929264731	0	0	0	0.2	0.481475789325004	0.0533538908941757	0.380331840009414	0.590212051672695	0.209880211663281	0	0	1	0.1	0.23047280467501	0.0255936347036135	0.182064961615478	0.283153255403703	0.101088293788225	0	0	1	0.2	0.493112245944199	0.0544776906533743	0.390538172994191	0.605563223340597	0.215025050346405	0	0	2	0.1	0.243056565035115	0.0268471579408117	0.191323817914721	0.297374216410873	0.106050398496152	0	0	2	0.2	0.533915266541743	0.0588970829460167	0.421622882446498	0.652964890850437	0.231342008403939	0	0	3	0.1	0.260286462424117	0.02880710627749	0.203894725459475	0.3192898644276	0.115395138968125	0	0	3	0.2	0.576407103257109	0.063637101705006	0.451460264408688	0.703258655060485	0.251798390651796
368	0	0	0	0.1	0.221337413576794	0.0273891999193989	0.169193675205138	0.276696454813925	0.107502779608788	0	0	0	0.2	0.404412044720654	0.0495866412848212	0.308449542948751	0.503370519085119	0.194920976136369	0	0	1	0.1	0.189821645626175	0.0233733665786357	0.14469879355554	0.237924811953737	0.0932260183981972	0	0	1	0.2	0.403660812254459	0.0494337420820388	0.308097404756857	0.501025477764692	0.192928073007836	0	0	2	0.1	0.197435926328544	0.024228258858817	0.151289879334705	0.245003631740061	0.0937137524053558	0	0	2	0.2	0.431947262963338	0.0530626001652097	0.332244664057836	0.537355442682099	0.205110778624263	0	0	3	0.1	0.209986436241109	0.0258688271335146	0.16063222420567	0.262926516347456	0.102294292141785	0	0	3	0.2	0.463471898938363	0.057063671579956	0.356436589050794	0.579165384037406	0.222728794986613
653	0	0	0	0.1	0.169136637673104	0.0280535873921571	0.117280171024925	0.226189613310647	0.108909442285722	0	0	0	0.2	0.310909880412385	0.0513837380937354	0.214840836805592	0.415081644638789	0.200240807833197	0	0	1	0.1	0.147135866787571	0.0243956304833266	0.102037772610042	0.194072754709648	0.0920349820996059	0	0	1	0.2	0.313453381734183	0.0519308710515886	0.217248910198962	0.414408141874753	0.197159231675791	0	0	2	0.1	0.153669821383551	0.0255259594218793	0.106427077064664	0.202939896385589	0.0965128193209254	0	0	2	0.2	0.336564284613435	0.0559589845991788	0.233155467107065	0.444353562329177	0.211198095222112	0	0	3	0.1	0.163718011850166	0.0272054833209774	0.112401022097239	0.216024110307932	0.103623088210693	0	0	3	0.2	0.36176930409962	0.0603122349218045	0.248575141652145	0.477091607815684	0.228516466163539
200	0	0	0	0.1	0.269956843635118	0.0289347788485198	0.215004544458295	0.326625149792819	0.111620605334524	0	0	0	0.2	0.494677200807332	0.0521092836280474	0.396831780274925	0.596873863260698	0.200042082985773	0	0	1	0.1	0.230763504926771	0.0245054082592408	0.184856435771905	0.279057022334769	0.0942005865628645	0	0	1	0.2	0.491150326670456	0.0517086363997576	0.392034433115866	0.593183397185893	0.201148964070027	0	0	2	0.1	0.239094045728783	0.0254036387268599	0.189405718799748	0.289878417442712	0.100472698642964	0	0	2	0.2	0.523583025110649	0.0554828941341559	0.415341522419168	0.635480962120804	0.220139439701636	0	0	3	0.1	0.253603262061863	0.0270285139515318	0.200956341098335	0.307988383362399	0.107032042264064	0	0	3	0.2	0.560386779177289	0.0597589639772222	0.442637001788412	0.678808824496531	0.236171822708119
429	0	0	0	0.1	0.242446398668418	0.0296979980883271	0.187429737853397	0.3023622656162	0.114932527762802	0	0	0	0.2	0.449625897307197	0.0544056152350176	0.346781699650715	0.561452556266559	0.214670856615844	0	0	1	0.1	0.211802701933337	0.0255280904078855	0.163380436808462	0.26294390753643	0.0995634707279674	0	0	1	0.2	0.454824112138542	0.0544818240330574	0.349115262346908	0.563101135402439	0.21398587305553	0	0	2	0.1	0.222862146076644	0.0266383795573505	0.171334679417867	0.275202974093757	0.10386829467589	0	0	2	0.2	0.490813043527831	0.0586652236263491	0.378497081313436	0.605062830708033	0.226565749394597	0	0	3	0.1	0.238419193441103	0.0285017422161132	0.182803223649419	0.295406599249335	0.112603375599916	0	0	3	0.2	0.529039254974895	0.0632484231620859	0.407760869065686	0.656102761085038	0.248341892019351
556	0	0	0	0.1	0.174531428241033	0.0285208549785077	0.122793971948065	0.227683786850206	0.104889814902141	0	0	0	0.2	0.322077408592418	0.0520698819626492	0.227616272484942	0.417395169185141	0.189778896700199	0	0	1	0.1	0.151722834118846	0.0244804711656031	0.106184880346142	0.197389296280762	0.0912044159346206	0	0	1	0.2	0.324365806864907	0.0521480723146214	0.226491533503657	0.421680107627268	0.195188574123611	0	0	2	0.1	0.158847803196789	0.025598372078637	0.111158515177199	0.207658479801881	0.0964999646246818	0	0	2	0.2	0.348902044031934	0.0561592504826537	0.244183443762082	0.455450457624093	0.211267013862012	0	0	3	0.1	0.169542363798505	0.0273480361092563	0.119387418655228	0.22135701511035	0.101969596455123	0	0	3	0.2	0.375389195380087	0.0606844482749484	0.262476457617715	0.491875277911861	0.229398820294145
218	0	0	0	0.1	0.229462957182217	0.028085235818596	0.174056450038537	0.281983799983597	0.10792734994506	0	0	0	0.2	0.424059816207627	0.0513943813130984	0.321145617461254	0.519860780175098	0.198715162713843	0	0	1	0.1	0.201772441678973	0.0246251082674369	0.15303815013687	0.248347069780478	0.0953089196436082	0	0	1	0.2	0.431906965775852	0.0524518335065587	0.32992356823193	0.53174148163745	0.20181791340552	0	0	2	0.1	0.212624366010264	0.025921024438966	0.162524468561609	0.261677046574233	0.0991525780126239	0	0	2	0.2	0.467134559442359	0.0570078664817414	0.356124828381045	0.574030870643547	0.217906042262502	0	0	3	0.1	0.227650754904992	0.0278943211521469	0.174406694130824	0.280481666670964	0.10607497254014	0	0	3	0.2	0.504243261803267	0.0618225592611115	0.386295487045889	0.620873962888654	0.234578475842766
301	0	0	0	0.1	0.224531973712559	0.0275943674108677	0.170992847353878	0.279678140028319	0.108685292674441	0	0	0	0.2	0.420544098732271	0.0512408473988534	0.321730673154299	0.524957711432683	0.203227038278383	0	0	1	0.1	0.203571629797901	0.0249752027772261	0.156331331806837	0.254058557732496	0.0977272259256588	0	0	1	0.2	0.43837498583841	0.0536271717756134	0.338611067454375	0.548433962399803	0.209822894945428	0	0	2	0.1	0.216954300620784	0.026706701631537	0.16696337534351	0.271497049987474	0.104533674643964	0	0	2	0.2	0.478609804111236	0.058986036901834	0.368037928224526	0.599104811315288	0.231066883090762	0	0	3	0.1	0.233534863572795	0.0288735433236324	0.178456978169538	0.292586074250357	0.114129096080819	0	0	3	0.2	0.51911334472637	0.0643039524108775	0.39803105145922	0.651735084929604	0.253704033470383
422	0	0	0	0.1	0.249583318520695	0.0295094409115087	0.191464916775926	0.306369963661151	0.114905046885226	0	0	0	0.2	0.461638202536013	0.053714005203173	0.354426763704975	0.566819217194955	0.21239245348998	0	0	1	0.1	0.21863941025535	0.0253069004007482	0.168710493310061	0.267070464094315	0.0983599707842534	0	0	1	0.2	0.467778637581385	0.0537470043216797	0.363996717284459	0.574980848943472	0.210984131659013	0	0	2	0.1	0.229348883178341	0.026288566680886	0.178340979315275	0.279609310969966	0.101268331654691	0	0	2	0.2	0.503877797151244	0.0576739491411122	0.392379503877738	0.618135581249735	0.225756077371997	0	0	3	0.1	0.244815945738811	0.0280852412775846	0.190217860970684	0.301483290698799	0.111265429728115	0	0	3	0.2	0.542447536591381	0.0621271955055574	0.422652470416294	0.668051397584102	0.245398927167808
300	0	0	0	0.1	0.232477499033787	0.0299044957496478	0.174156147252373	0.288681506185537	0.114525358933165	0	0	0	0.2	0.426010721517675	0.054276074789676	0.322689977688067	0.52692874273775	0.204238765049683	0	0	1	0.1	0.200170147502329	0.0255502118311112	0.150583401015174	0.247735086141319	0.0971516851261457	0	0	1	0.2	0.425196716638764	0.0540229154823876	0.319592655169037	0.526974103448613	0.207381448279576	0	0	2	0.1	0.207334618618483	0.0264025651055136	0.15508447405331	0.257570368929875	0.102485894876565	0	0	2	0.2	0.453379458649253	0.0576740540263636	0.339707788633685	0.562840033610023	0.223132244976338	0	0	3	0.1	0.219903805090497	0.0280251290390611	0.164671587231172	0.273007168584565	0.108335581353392	0	0	3	0.2	0.485308694489953	0.0619197640498817	0.364200608373683	0.603533864691883	0.2393332563182
503	0	0	0	0.1	0.17364972303248	0.0303059749765046	0.117125605657319	0.232794646947618	0.115669041290299	0	0	0	0.2	0.320898891676542	0.0555496624349931	0.218300900605611	0.432485989473994	0.214185088868383	0	0	1	0.1	0.151187784850395	0.0261860801720402	0.101834413863734	0.204522593038212	0.102688179174477	0	0	1	0.2	0.323104656209458	0.0556511314752294	0.218853497980147	0.436428887223208	0.217575389243062	0	0	2	0.1	0.158032082923849	0.0271839561140216	0.107543270126742	0.212332183167265	0.104788913040523	0	0	2	0.2	0.34705891983778	0.0595757223719762	0.237084220305003	0.468334573100076	0.231250352795074	0	0	3	0.1	0.168496424557038	0.0290336897419613	0.114745182761918	0.226304738786181	0.111559556024263	0	0	3	0.2	0.373121000036142	0.0641643379463092	0.253421828352635	0.502546976319702	0.249125147967067
152	0	0	0	0.1	0.189546169414113	0.0273265319637245	0.137019737853112	0.241355748211048	0.104336010357936	0	0	0	0.2	0.355614321022136	0.0507470084972523	0.25971107206932	0.452964782357559	0.19325371028824	0	0	1	0.1	0.171748793200398	0.0244820137520502	0.125372492263082	0.220451326472421	0.0950788342093387	0	0	1	0.2	0.370237006354002	0.0526062803712472	0.271639775090571	0.472051785613521	0.20041201052295	0	0	2	0.1	0.183122259065247	0.0260480736542051	0.133976813765849	0.234411344246155	0.100434530480306	0	0	2	0.2	0.404293737253498	0.0575081341953809	0.295133016556915	0.515973090170619	0.220840073613704	0	0	3	0.1	0.19717749226343	0.0281250042892799	0.142867008288804	0.252498856820016	0.109631848531212	0	0	3	0.2	0.438668511582568	0.0624869269517335	0.31995833171699	0.562038918217219	0.242080586500229
139	0	0	0	0.1	0.200410375752488	0.0272246886904361	0.148062533432395	0.253583975356531	0.105521441924136	0	0	0	0.2	0.370196773602953	0.0497104466116272	0.276402372118302	0.463830609060512	0.187428236942211	0	0	1	0.1	0.176605147337153	0.0237952196148256	0.131437147379265	0.222617130250932	0.0911799828716678	0	0	1	0.2	0.378004707005444	0.0506217207751365	0.281675136831391	0.476728807844077	0.195053671012687	0	0	2	0.1	0.186435692404966	0.0250457303758728	0.138771632981369	0.234794375079038	0.0960227420976692	0	0	2	0.2	0.409501020436317	0.0549940459056393	0.305087638393695	0.514886281398472	0.209798643004777	0	0	3	0.1	0.199820151952834	0.0268899498678915	0.14931197034833	0.251221177780305	0.101909207431975	0	0	3	0.2	0.442487677630034	0.0596168842736284	0.328564125173068	0.556322075148968	0.2277579499759
531	0	0	0	0.1	0.1910745555249	0.0279396953101091	0.137052047384826	0.247187165025349	0.110135117640523	0	0	0	0.2	0.349607700873856	0.0508270087511376	0.251959921747411	0.453457259218374	0.201497337470962	0	0	1	0.1	0.165483225544817	0.0241878866790161	0.119836259469478	0.21702333491633	0.0971870754468519	0	0	1	0.2	0.351707767271675	0.0513008606662994	0.254851903168945	0.462933394548189	0.208081491379243	0	0	2	0.1	0.172544241588564	0.0253015221767361	0.124562062815975	0.227099799282315	0.10253773646634	0	0	2	0.2	0.377382773231986	0.0553667872964597	0.272777791647387	0.498501809652839	0.225724018005451	0	0	3	0.1	0.183758240263784	0.0270269860889085	0.132396246169665	0.242459957318894	0.110063711149229	0	0	3	0.2	0.405438905952838	0.0597011561537306	0.291541942134017	0.534946871655547	0.24340492952153
479	0	0	0	0.1	0.249012490384627	0.0276742829913672	0.199111390100109	0.302568320337055	0.103456930236946	0	0	0	0.2	0.458711961165366	0.0500861789169927	0.366001393266186	0.555467736712963	0.189466343446776	0	0	1	0.1	0.214119439299624	0.0234282098968389	0.17089730499352	0.259641625549014	0.0887443205554935	0	0	1	0.2	0.457736426641548	0.0496458432903904	0.364591746929162	0.553999894512722	0.18940814758356	0	0	2	0.1	0.223210695818499	0.0243175705591026	0.178707164497841	0.271333858971062	0.0926266944732217	0	0	2	0.2	0.490178180047306	0.0532549934688118	0.3913104070849	0.595614036435038	0.204303629350138	0	0	3	0.1	0.237617771167466	0.0259269709224402	0.18942272529206	0.288883316812567	0.0994605915205077	0	0	3	0.2	0.526116463906138	0.0573635070419835	0.419492342679817	0.640661363131151	0.221169020451334
530	0	0	0	0.1	0.183889928293123	0.0275113787946987	0.130789174490932	0.238402851585599	0.107613677094666	0	0	0	0.2	0.34043965156919	0.0505718912330144	0.240183425558629	0.441853222540342	0.201669796981713	0	0	1	0.1	0.160572604902256	0.0237273270472783	0.113014835443096	0.207292829504024	0.0942779940609284	0	0	1	0.2	0.344038635193696	0.0506537951949189	0.241225182817621	0.443518737156369	0.202293554338748	0	0	2	0.1	0.168560401130747	0.0248040530836965	0.118232204413428	0.217702278919537	0.0994700745061084	0	0	2	0.2	0.370702130060209	0.0545337729835747	0.259175770147756	0.479021520707583	0.219845750559827	0	0	3	0.1	0.180111396622196	0.0265656309453181	0.126145359271003	0.2315474535859	0.105402094314897	0	0	3	0.2	0.399361770315854	0.0589215660023551	0.27990903800324	0.513790273236605	0.233881235233365
542	0	0	0	0.1	0.250561668898597	0.0295048318061597	0.194689271826129	0.311331954392768	0.11664268256664	0	0	0	0.2	0.454795671912585	0.0530820376093431	0.352491876985978	0.566663877602869	0.214172000616891	0	0	1	0.1	0.209014904708506	0.0247642775698718	0.161625893312109	0.261884440894236	0.100258547582127	0	0	1	0.2	0.442898314180107	0.0522338908844202	0.341043578171842	0.554921380286386	0.213877802114544	0	0	2	0.1	0.214201114695623	0.0254571367842815	0.16441490730869	0.269765144480391	0.105350237171701	0	0	2	0.2	0.467676277885763	0.0556128379772773	0.359893956863379	0.58854779904594	0.228653842182561	0	0	3	0.1	0.226005954852557	0.026954492504653	0.174190215547426	0.283831946553503	0.109641731006078	0	0	3	0.2	0.498121254790866	0.0594658064109307	0.383250828182307	0.625902801369725	0.242651973187418
408	0	0	0	0.1	0.237740998581378	0.0278139193418609	0.182963326624283	0.29099227349227	0.108028946867987	0	0	0	0.2	0.4363496373556	0.050452215145956	0.337031179002815	0.537116535605204	0.200085356602389	0	0	1	0.1	0.205303648691501	0.0239229086907463	0.159253475381911	0.25234352754223	0.0930900521603196	0	0	1	0.2	0.43775258481763	0.0506798966597013	0.341556483095541	0.539836693664043	0.198280210568502	0	0	2	0.1	0.214219592307999	0.024958009423235	0.16783170175037	0.264578290895827	0.0967465891454578	0	0	2	0.2	0.469580807896981	0.0546657792600995	0.367357031571006	0.579574532938654	0.212217501367648	0	0	3	0.1	0.228266715073295	0.0266792778321896	0.178266887121839	0.281996006790605	0.103729119668766	0	0	3	0.2	0.504392499184166	0.0589723949570519	0.394310015933736	0.623926537660355	0.229616521726618
401	0	0	0	0.1	0.220144097245787	0.0287559692910757	0.162847994862641	0.278836517294127	0.115988522431486	0	0	0	0.2	0.405750728903788	0.0522639701152707	0.301400881385283	0.510055815248469	0.208654933863186	0	0	1	0.1	0.192630088755559	0.0248974289044248	0.143591404798557	0.240867565855027	0.0972761610564701	0	0	1	0.2	0.411148019227496	0.0527557075748373	0.306734386059345	0.514778935934166	0.208044549874821	0	0	2	0.1	0.201832828081398	0.02595214899149	0.151382376512724	0.253595492051913	0.102213115539189	0	0	2	0.2	0.442660127956454	0.0566504428476547	0.329355379090544	0.554010078885445	0.224654699794901	0	0	3	0.1	0.215383735575844	0.0276454198147753	0.161219166214226	0.270913996300251	0.109694830086024	0	0	3	0.2	0.476407702297208	0.0610215208668741	0.355704888083434	0.598249585833022	0.242544697749588
491	0	0	0	0.1	0.218170987465615	0.0281490557742644	0.165346056798504	0.271932822349948	0.106586765551444	0	0	0	0.2	0.403485727910501	0.0515060139478556	0.307317667379104	0.502937209233713	0.195619541854609	0	0	1	0.1	0.192516213593306	0.0247180569700669	0.145175036759337	0.241781375398599	0.096606338639262	0	0	1	0.2	0.41196026860572	0.0527257433294623	0.313060601771133	0.517330475924695	0.204269874153562	0	0	2	0.1	0.202850915769422	0.0261603521042998	0.153072041846741	0.255364157156617	0.102292115309876	0	0	2	0.2	0.445569690254921	0.057447713957837	0.338345560627515	0.562819006757428	0.224473446129913	0	0	3	0.1	0.217202577459179	0.0281248930647359	0.165325508003791	0.273538060441216	0.108212552437425	0	0	3	0.2	0.481075928967466	0.0623342750602359	0.366944405711474	0.605715181829795	0.238770776118321
216	0	0	0	0.1	0.234126879097147	0.0279288142168563	0.179213393941019	0.286594880319724	0.107381486378705	0	0	0	0.2	0.434651161208932	0.0511126712488785	0.333800240787618	0.529515446331301	0.195715205543682	0	0	1	0.1	0.20937696856396	0.0247578463238517	0.161978555699213	0.256306179413233	0.0943276237140199	0	0	1	0.2	0.449221314761723	0.0527504238168255	0.3476923190889	0.548576893453245	0.200884574364345	0	0	2	0.1	0.222334710857665	0.0261797783190772	0.173137892740051	0.272535971988908	0.099398079248857	0	0	2	0.2	0.489164600037754	0.0573770784787594	0.381179872190397	0.597069858368497	0.2158899861781	0	0	3	0.1	0.239014770946283	0.0280444211158809	0.185624308930118	0.292668538393952	0.107044229463834	0	0	3	0.2	0.529853500134674	0.0622017942910291	0.414827059034073	0.649418547081413	0.23459148804734
525	0	0	0	0.1	0.209629141634743	0.0275105820504309	0.154204681815974	0.261907471972265	0.107702790156291	0	0	0	0.2	0.387902631963543	0.050356386254794	0.286680717730854	0.484061485343563	0.19738076761271	0	0	1	0.1	0.186050766856801	0.0244447007933657	0.137757931523314	0.235200564610591	0.0974426330872774	0	0	1	0.2	0.398083595109918	0.0520485451926063	0.296062171303138	0.500608879187086	0.204546707883948	0	0	2	0.1	0.196471026570523	0.0258417950777892	0.145511981576074	0.248214418152434	0.102702436576359	0	0	2	0.2	0.431458895354528	0.0566418045546157	0.321259415626125	0.540839108579285	0.219579692953161	0	0	3	0.1	0.210520403372326	0.0278236778658329	0.157258967129958	0.265009531381055	0.107750564251097	0	0	3	0.2	0.466171085950861	0.061582058039772	0.348019136374321	0.587139558369326	0.239120421995005
204	0	0	0	0.1	0.193671999691494	0.028066989602837	0.139459385620695	0.247688260267357	0.108228874646662	0	0	0	0.2	0.353911462104445	0.0510487034882211	0.253241116032893	0.453867618172588	0.200626502139695	0	0	1	0.1	0.1640003161542	0.0238331175213021	0.117223654284461	0.210052148496592	0.0928284942121311	0	0	1	0.2	0.348811429929423	0.0506434496264171	0.250446484080903	0.447062364068052	0.196615879987149	0	0	2	0.1	0.169480339743985	0.0246897387342923	0.122669982425579	0.215746558292423	0.0930765758668443	0	0	2	0.2	0.371028683180191	0.0541734356738758	0.268324946116475	0.473373158608289	0.205048212491814	0	0	3	0.1	0.179646453721701	0.0262348659491282	0.130119438872607	0.228984687275489	0.0988652484028819	0	0	3	0.2	0.396807808796392	0.0581413687903877	0.286006309489056	0.507843938268627	0.221837628779571
485	0	0	0	0.1	0.195369346803229	0.0284354931047014	0.14055062483467	0.249563894233459	0.109013269398789	0	0	0	0.2	0.360990896177095	0.052278098859887	0.260367358679683	0.459036185028083	0.1986688263484	0	0	1	0.1	0.171134510271328	0.0249265378905882	0.125086723807315	0.218169859622667	0.0930831358153524	0	0	1	0.2	0.366151320216936	0.0531110744516713	0.267110340805208	0.46785350569261	0.200743164887402	0	0	2	0.1	0.179859820845237	0.0260787833808797	0.131876432994603	0.230041455405603	0.0981650224109993	0	0	2	0.2	0.39505362568625	0.0572729479074426	0.288319305529036	0.506603880133702	0.218284574604666	0	0	3	0.1	0.192294157888964	0.0279035245254752	0.140736386366242	0.246136627077837	0.105400240711595	0	0	3	0.2	0.425752781847527	0.0617127524736123	0.312376193792598	0.545702679026082	0.233326485233484
344	0	0	0	0.1	0.219167716372633	0.0289494408482774	0.161659652265425	0.27725001692711	0.115590364661685	0	0	0	0.2	0.405626126459222	0.0533415629097723	0.298591421677869	0.514239032294008	0.215647610616139	0	0	1	0.1	0.191227521511805	0.0255093513174215	0.14100807884151	0.243296151158283	0.102288072316773	0	0	1	0.2	0.409544663206143	0.0544452152142055	0.304037136521176	0.519668811013357	0.215631674492181	0	0	2	0.1	0.200439932725794	0.0267612229552643	0.149108858859951	0.256898842650783	0.107789983790832	0	0	2	0.2	0.440620521473108	0.0587196133970038	0.328229411377295	0.560698110264624	0.232468698887328	0	0	3	0.1	0.213884437058949	0.0285122156179087	0.159032132010257	0.273298410672176	0.11426627866192	0	0	3	0.2	0.474055168547865	0.0632798210975634	0.353860515556526	0.60365849946481	0.249797983908284
648	0	0	0	0.1	0.188422266691119	0.0278372765743463	0.132812940122088	0.242425061942104	0.109612121820016	0	0	0	0.2	0.346317240669156	0.0507004947985683	0.244738032890626	0.443841062802869	0.199103029912243	0	0	1	0.1	0.161305000797165	0.0237487275655565	0.113075630490503	0.207089649280695	0.0940140187901919	0	0	1	0.2	0.344755019140888	0.0505043625742238	0.243176349776082	0.44151602440238	0.198339674626298	0	0	2	0.1	0.168190647004911	0.0247280593059359	0.118266754419894	0.21540789056554	0.0971411361456457	0	0	2	0.2	0.369209946801132	0.0541792933998952	0.259384379654783	0.472003659551625	0.212619279896842	0	0	3	0.1	0.179172719515628	0.0263947136937521	0.126287711992419	0.22956847932799	0.103280767335571	0	0	3	0.2	0.396467539947613	0.0584067254656039	0.278707499736601	0.507140662121314	0.228433162384712
478	0	0	0	0.1	0.20723142680524	0.028430888815481	0.153356045008852	0.262062479172227	0.108706434163376	0	0	0	0.2	0.379304574757005	0.0517135312468563	0.281369700805081	0.481598760515137	0.200229059710056	0	0	1	0.1	0.179871379306679	0.0247240421804991	0.13374830438885	0.229930371011581	0.0961820666227304	0	0	1	0.2	0.382098581737575	0.0523887712829402	0.285856367963113	0.488837570746573	0.20298120278346	0	0	2	0.1	0.187528184060674	0.0258090579171983	0.141165580811528	0.240251637422639	0.0990860566111118	0	0	2	0.2	0.409884874838146	0.0563821933673597	0.305568524811341	0.526172448151187	0.220603923339846	0	0	3	0.1	0.199594844617208	0.0275238772438611	0.148391464591096	0.256559712298813	0.108168247707717	0	0	3	0.2	0.440450927340339	0.060766758807061	0.32795714560983	0.566663303291996	0.238706157682166
111	0	0	0	0.1	0.243748500992575	0.0289111936175534	0.186571873138541	0.300322601552652	0.113750728414111	0	0	0	0.2	0.452743691658662	0.052975941922053	0.347736962968547	0.559136468913143	0.211399505944596	0	0	1	0.1	0.216674949472999	0.0254159761207217	0.166263789209066	0.267742106838622	0.101478317629556	0	0	1	0.2	0.464331816096404	0.0541324859709998	0.356131013844637	0.572970644267387	0.216839630422751	0	0	2	0.1	0.228642438171856	0.0266742022478439	0.175760841639727	0.280617168367252	0.104856326727525	0	0	2	0.2	0.502791371368636	0.0585439389827465	0.384456493312017	0.616309874248224	0.231853380936207	0	0	3	0.1	0.244898796340423	0.0286117351190591	0.187739010630861	0.298914873472846	0.111175862841986	0	0	3	0.2	0.542824306737768	0.0632518169005142	0.413852163419948	0.663414802302987	0.24956263888304
275	0	0	0	0.1	0.212591294841996	0.0287616092290539	0.159073632745476	0.270113053619389	0.111039420873913	0	0	0	0.2	0.393815365983236	0.052698046967629	0.292044000359554	0.500244138065312	0.208200137705758	0	0	1	0.1	0.189047985789653	0.0252904150204803	0.140848571650062	0.239758043675235	0.0989094720251731	0	0	1	0.2	0.404384817854535	0.0537920495915359	0.3002336915295	0.512739514645504	0.212505823116004	0	0	2	0.1	0.199492961798059	0.0265668375127733	0.149536078653371	0.252756859385664	0.103220780732293	0	0	2	0.2	0.438184401185704	0.058341467363852	0.328822640269136	0.556404697317056	0.22758205704792	0	0	3	0.1	0.213727861783261	0.028524708699311	0.160040703446419	0.271718805255902	0.111678101809483	0	0	3	0.2	0.473284420504965	0.0632254994892034	0.355231371154873	0.601759666879944	0.24652829572507
118	0	0	0	0.1	0.226199246609783	0.0272766045532099	0.173015238911041	0.27646244629889	0.103447207387849	0	0	0	0.2	0.413341870485363	0.0490211167438774	0.317589413385353	0.500601376945769	0.183011963560416	0	0	1	0.1	0.191580256035319	0.0228147145328447	0.145749954966812	0.233911262970318	0.0881613080035064	0	0	1	0.2	0.408305473762559	0.0481917032800771	0.309401613529438	0.498399247130383	0.188997633600945	0	0	2	0.1	0.198855484156111	0.0234896287212821	0.151430443065314	0.243287276369537	0.0918568333042231	0	0	2	0.2	0.435693462707193	0.0514040489420244	0.331319534522377	0.535131446191845	0.203811911669468	0	0	3	0.1	0.211345738015363	0.0249937667125444	0.161069872032428	0.259457456968696	0.0983875849362683	0	0	3	0.2	0.466958531006732	0.055171761410118	0.355105810109735	0.575018379119194	0.219912569009459
451	0	0	0	0.1	0.274201111419474	0.0295444336092645	0.219104424359757	0.330104864753888	0.111000440394131	0	0	0	0.2	0.505888073211121	0.0538757474520399	0.402447292513574	0.607155888638614	0.20470859612504	0	0	1	0.1	0.242527103183451	0.0262821163752866	0.192031481193373	0.29378459723771	0.101753116044338	0	0	1	0.2	0.516864857274371	0.0555620994820503	0.409322816338862	0.626428655548884	0.217105839210023	0	0	2	0.1	0.254457981129386	0.027530370324627	0.200309704591994	0.308328044715671	0.108018340123678	0	0	2	0.2	0.557568637176384	0.0601568419863034	0.440104480704467	0.675094244105991	0.234989763401524	0	0	3	0.1	0.271666573887422	0.0294213026149895	0.214270500013368	0.328965855345192	0.114695355331824	0	0	3	0.2	0.600585389925199	0.0650111721931969	0.473533747048956	0.726667219137077	0.253133472088121
545	0	0	0	0.1	0.185496520320258	0.0273638789499107	0.130264471443718	0.23785754215613	0.107593070712412	0	0	0	0.2	0.343252030056337	0.0500458289372933	0.243156311518902	0.437322084847725	0.194165773328823	0	0	1	0.1	0.162438530170878	0.0237223372247555	0.115894792031726	0.207852368890282	0.0919575768585563	0	0	1	0.2	0.347397785640653	0.0505852902741675	0.249096015308941	0.444877123017455	0.195781107708514	0	0	2	0.1	0.170240576530864	0.0248968284538141	0.121762627745616	0.21794399087148	0.0961813631258637	0	0	2	0.2	0.373990592364934	0.0545987981833947	0.268102503005401	0.479567917376435	0.211465414371034	0	0	3	0.1	0.181719414637848	0.0266231779238838	0.129949541185157	0.232956776387634	0.103007235202477	0	0	3	0.2	0.402557137852516	0.058966004351198	0.289826833361622	0.516365645323276	0.226538811961654
544	0	0	0	0.1	0.196051726130293	0.0286279232115012	0.141583980379902	0.253632658856966	0.112048678477063	0	0	0	0.2	0.356721663882317	0.0515116350902988	0.257861450816754	0.458738676718408	0.200877225901654	0	0	1	0.1	0.165393138836463	0.0237848887579281	0.119762574998844	0.212484511215926	0.0927219362170818	0	0	1	0.2	0.350536000332127	0.0500591675776199	0.25511653740742	0.448516806777709	0.193400269370289	0	0	2	0.1	0.170216216782484	0.0242287644517286	0.123990380992223	0.217571035267487	0.0935806542752641	0	0	2	0.2	0.371719904629693	0.0528075339029118	0.270457473931167	0.473940836916115	0.203483362984948	0	0	3	0.1	0.18000722086124	0.0254907117474053	0.130569069573102	0.229073439377197	0.0985043698040945	0	0	3	0.2	0.396800348280581	0.0562216146229299	0.288819418058865	0.503290903739754	0.214471485680889
502	0	0	0	0.1	0.201348864732272	0.0284422661858717	0.147049042299599	0.256289820768127	0.109240778468528	0	0	0	0.2	0.373317402494375	0.0524840695784126	0.273533287175811	0.475326681235763	0.201793394059953	0	0	1	0.1	0.174340215887206	0.0247245860851915	0.128106853276732	0.222535609521247	0.094428756244515	0	0	1	0.2	0.373857019304171	0.0529294863685581	0.275175064596771	0.477067615961329	0.201892551364558	0	0	2	0.1	0.182248351340881	0.0259239839421847	0.133791059991706	0.232157816096459	0.0983667561047532	0	0	2	0.2	0.401114110656367	0.0569822182284514	0.294982390810149	0.510700485777605	0.215718094967456	0	0	3	0.1	0.194278335836373	0.0276922501509143	0.142236484758459	0.248505571637925	0.106269086879466	0	0	3	0.2	0.431055034897497	0.061451792113786	0.314961052588051	0.548926303046821	0.23396525045877
510	0	0	0	0.1	0.201650848493978	0.0308376276556148	0.140338871846731	0.2612726087618	0.120933736915068	0	0	0	0.2	0.376924330022066	0.0571214411202462	0.262921663060272	0.487655233688774	0.224733570628502	0	0	1	0.1	0.180720502110067	0.0272806318294787	0.126799190966559	0.232386052479932	0.105586861513373	0	0	1	0.2	0.387453313144582	0.058325233740548	0.27188288260887	0.498057016787589	0.226174134178719	0	0	2	0.1	0.19035459906389	0.0286913466140121	0.133440559412385	0.245655661048873	0.112215101636488	0	0	2	0.2	0.418982050150624	0.0630560731214927	0.293294097774799	0.535736156964713	0.242442059189915	0	0	3	0.1	0.203580086600988	0.0306619869504513	0.142399705486362	0.259776820327911	0.117377114841549	0	0	3	0.2	0.45184306927383	0.0681047885425119	0.315703051309755	0.579182224007998	0.263479172698243
303	0	0	0	0.1	0.237634253384918	0.029200248306034	0.182574952264349	0.299785403699957	0.117210451435608	0	0	0	0.2	0.434159314478348	0.0527105249416775	0.335315633502773	0.545514731695327	0.210199098192554	0	0	1	0.1	0.201405894460008	0.0244581253996993	0.155586162133993	0.253381040819251	0.0977948786852572	0	0	1	0.2	0.428360710255221	0.0516545632864792	0.332820333573676	0.535912155631105	0.203091822057429	0	0	2	0.1	0.208225766779802	0.0250745395809065	0.162340773269564	0.259635223300743	0.0972944500311792	0	0	2	0.2	0.455729062799323	0.0547152301542246	0.355935598832593	0.567098375330405	0.211162776497812	0	0	3	0.1	0.220791321125704	0.0264995393860615	0.172076064030203	0.274832621877038	0.102756557846835	0	0	3	0.2	0.487463720815099	0.058594978197834	0.380620458692353	0.609417544215228	0.228797085522875
324	0	0	0	0.1	0.252222703254125	0.0282570109346408	0.197256365641276	0.308832975321117	0.111576609679841	0	0	0	0.2	0.468460684641469	0.0517917166436246	0.366959649543145	0.574343028182798	0.207383378639653	0	0	1	0.1	0.226710218062928	0.0252112686861114	0.178950091474546	0.275438645341319	0.0964885538667724	0	0	1	0.2	0.485642353207849	0.0537178009355252	0.384087692380425	0.591469368858827	0.207381676478402	0	0	2	0.1	0.240396606863541	0.0267535085006105	0.18968578571792	0.292627739670148	0.102941953952229	0	0	2	0.2	0.528391639824972	0.0587528015261846	0.41808121829301	0.64254457128534	0.22446335299233	0	0	3	0.1	0.258169678122144	0.0288435202520576	0.203895059470766	0.313985091351746	0.11009003188098	0	0	3	0.2	0.572070349080068	0.063936605010894	0.452407598562036	0.696327698166571	0.243920099604535
488	0	0	0	0.1	0.227746678773703	0.0288032549677776	0.170988254258364	0.283735664791718	0.112747410533354	0	0	0	0.2	0.422274663318737	0.0527973593427538	0.319105333670954	0.526008246281767	0.206902912610812	0	0	1	0.1	0.204179977850908	0.0256566570443586	0.153901559150076	0.2540705297772	0.100168970627125	0	0	1	0.2	0.437113856227869	0.0545775546560073	0.330988181870742	0.544592975998157	0.213604794127415	0	0	2	0.1	0.216447634852071	0.0270952294836081	0.164739460939087	0.26830187506083	0.103562414121743	0	0	2	0.2	0.475420516956871	0.0594510146732798	0.363679896471797	0.592597025527229	0.228917129055432	0	0	3	0.1	0.232370772957509	0.0291442071042377	0.177786761753238	0.287810131993099	0.110023370239861	0	0	3	0.2	0.514696471166782	0.0644943460343537	0.396489301426902	0.640178871452393	0.243689570025491
654	0	0	0	0.1	0.185691378440851	0.0276559840490101	0.133411117320138	0.242478693693754	0.109067576373617	0	0	0	0.2	0.34473028207291	0.0510052478360115	0.245701798328841	0.449541634881417	0.203839836552575	0	0	1	0.1	0.164889573047498	0.0244518756093622	0.117223636504086	0.215568049420215	0.0983444129161295	0	0	1	0.2	0.353474705198489	0.0523748532995027	0.251160115539791	0.461958191342609	0.210798075802818	0	0	2	0.1	0.174160892149335	0.0259372821758795	0.122812044200181	0.227005392351967	0.104193348151786	0	0	2	0.2	0.383154063867085	0.0570696079111598	0.271788259383954	0.497640932155218	0.225852672771264	0	0	3	0.1	0.186732914824396	0.0278869199613447	0.132545641743299	0.243509460603484	0.110963818860184	0	0	3	0.2	0.413982369667501	0.0619568818571487	0.293688498373284	0.540350358443614	0.24666186007033
674	0	0	0	0.1	0.245656403570714	0.0289746902241409	0.189380880369886	0.304225459834544	0.114844579464658	0	0	0	0.2	0.454607976505821	0.0530844287759181	0.352644651369345	0.562461096663842	0.209816445294497	0	0	1	0.1	0.214358913663488	0.0252707093779492	0.165053405745431	0.264657541071171	0.0996041353257395	0	0	1	0.2	0.459782945339347	0.0538987849511248	0.352526189919053	0.565335274866113	0.21280908494706	0	0	2	0.1	0.225433964427283	0.0265580608267636	0.17318461130716	0.277451558423295	0.104266947116136	0	0	2	0.2	0.496111144644662	0.0584252463473775	0.382332132663685	0.610224494299029	0.227892361635344	0	0	3	0.1	0.241160319400451	0.0284959717809522	0.185071728562115	0.296985514971624	0.11191378640951	0	0	3	0.2	0.534853166088974	0.0632964661846394	0.41235069074874	0.658474544542662	0.246123853793922
601	0	0	0	0.1	0.24459392298627	0.0301112422990893	0.184162752164217	0.30279625782484	0.118633505660623	0	0	0	0.2	0.453243671192345	0.0551334931086053	0.342757998357679	0.558283754799783	0.215525756442104	0	0	1	0.1	0.216587462585757	0.0265451865550682	0.1642528835256	0.268339740886705	0.104086857361104	0	0	1	0.2	0.464092893860615	0.0564808255055454	0.352432799663202	0.572363005853117	0.219930206189915	0	0	2	0.1	0.228698169869442	0.027879877038033	0.173318358903205	0.281840395526773	0.108522036623568	0	0	2	0.2	0.502750430000716	0.0611116035189368	0.381247829410483	0.61938943731126	0.238141607900777	0	0	3	0.1	0.244990131946473	0.0298365857380079	0.184477176284776	0.302314349721619	0.117837173436844	0	0	3	0.2	0.542964913709945	0.0661537406427531	0.411904022714673	0.671397075490113	0.25949305277544
449	0	0	0	0.1	0.267270414452978	0.0300382868072472	0.2112341052105	0.330377519465737	0.119143414255237	0	0	0	0.2	0.494931441547083	0.0549407846825142	0.396420738673645	0.609307575673326	0.212886836999681	0	0	1	0.1	0.237030587639945	0.0265287225359146	0.186556158225629	0.291833578566368	0.105277420340738	0	0	1	0.2	0.506270599305824	0.0562779654603659	0.402449508927978	0.622370255323694	0.219920746395717	0	0	2	0.1	0.249026251443777	0.0277807728801511	0.197247773441407	0.307270336982526	0.11002256354112	0	0	2	0.2	0.546514878224115	0.0608624945062792	0.431295126592796	0.673247827324445	0.241952700731649	0	0	3	0.1	0.26604513256634	0.029700556034675	0.209881157418954	0.328068820128219	0.118187662709265	0	0	3	0.2	0.58881587882792	0.065838081474941	0.464790644813374	0.727423161560988	0.262632516747614
331	0	0	0	0.1	0.151730783584479	0.0271668310200728	0.099960948441897	0.204836677642444	0.104875729200547	0	0	0	0.2	0.278146128247923	0.0494762295354618	0.182545972804262	0.374966689849442	0.19242071704518	0	0	1	0.1	0.127160848204303	0.0226465923222448	0.0829749017496848	0.170934174883153	0.0879592731334678	0	0	1	0.2	0.271970418865841	0.0482322951148698	0.178616545224062	0.364903390255501	0.186286845031439	0	0	2	0.1	0.1318368402255	0.0233708666126682	0.0859707918769365	0.176042651243188	0.0900718593662516	0	0	2	0.2	0.289511355966488	0.0512586108613022	0.188831861108414	0.386199085299368	0.197367224190954	0	0	3	0.1	0.139958671770853	0.0247906308630036	0.0913920045644171	0.186984905453801	0.0955929008893842	0	0	3	0.2	0.309884248055263	0.0548159768685267	0.203254904054459	0.414178418266608	0.210923514212148
458	0	0	0	0.1	0.18943097173903	0.0268162810696009	0.134730887119923	0.242814847641485	0.108083960521561	0	0	0	0.2	0.350301148556139	0.0492945928134821	0.250991728361313	0.446638931162129	0.195647202800816	0	0	1	0.1	0.165396329511622	0.0232704100713172	0.117855244417734	0.209610219978739	0.0917549755610047	0	0	1	0.2	0.354869265097264	0.0498211746112943	0.252545010940948	0.450292765222306	0.197747754281359	0	0	2	0.1	0.174378795688351	0.0244596676371802	0.123611283643478	0.221926868157415	0.0983155845139363	0	0	2	0.2	0.383610075464471	0.0538653153693894	0.273553779511615	0.488017179760333	0.214463400248718	0	0	3	0.1	0.186751704970851	0.026239204044531	0.132473583282562	0.238554495331911	0.106080912049349	0	0	3	0.2	0.414065962092381	0.0581864085289157	0.29477768783502	0.527848007358389	0.233070319523369
524	0	0	0	0.1	0.261724515785087	0.0285386192793397	0.209560804596326	0.317069912725238	0.107509108128912	0	0	0	0.2	0.476564671075598	0.0514356225629721	0.381756117320559	0.575844471626713	0.194088354306154	0	0	1	0.1	0.220442437895219	0.0239661491626743	0.177204192634304	0.267447974493881	0.0902437818595775	0	0	1	0.2	0.467232911446562	0.0505703333871531	0.374881323948874	0.56380265986452	0.188921335915646	0	0	2	0.1	0.226377152536226	0.0246850264747279	0.181340365468136	0.27515453117235	0.0938141657042144	0	0	2	0.2	0.494408983893636	0.0539021264411214	0.395086922160361	0.600007996128256	0.204921073967895	0	0	3	0.1	0.23906400083101	0.026200882831024	0.191057591414724	0.291903873611234	0.10084628219651	0	0	3	0.2	0.527105062688242	0.0579184627853599	0.419978579863113	0.643691883738257	0.223713303875144
276	0	0	0	0.1	0.2644297983552	0.0292473496118941	0.205272280859784	0.318952370823178	0.113680089963393	0	0	0	0.2	0.489598290060461	0.0534695674745203	0.382090779270915	0.589176963799493	0.207086184528578	0	0	1	0.1	0.234204887048893	0.0258386615330539	0.184325326919071	0.283001355427617	0.0986760285085459	0	0	1	0.2	0.5012070065371	0.0550044867394511	0.393426311246646	0.606242213391071	0.212815902144426	0	0	2	0.1	0.246887330363024	0.0272910137066495	0.194466582662467	0.299820394066928	0.105353811404461	0	0	2	0.2	0.5423829737805	0.0599345500224166	0.427115211323715	0.659745047747874	0.232629836424159	0	0	3	0.1	0.264315305059902	0.0293387911570218	0.209433528292207	0.323300581718147	0.11386705342594	0	0	3	0.2	0.585376836254281	0.0650877967192354	0.46329018298824	0.713937779002722	0.250647596014482
293	0	0	0	0.1	0.205480750302894	0.0303704857840493	0.151465385245383	0.266119461308396	0.114654076063014	0	0	0	0.2	0.381924340585056	0.0558287721851459	0.281570396550979	0.493880185827256	0.212309789276277	0	0	1	0.1	0.182971638042203	0.0268020459910276	0.134961402834814	0.233885425731013	0.0989240228961991	0	0	1	0.2	0.39176520968493	0.0570127531831384	0.290586249753828	0.501186632755373	0.210600383001545	0	0	2	0.1	0.192820243740958	0.0280751525617927	0.142499939317139	0.246312959036137	0.103813019718998	0	0	2	0.2	0.423829443698681	0.0615917320570471	0.312491478988209	0.540287106951017	0.227795627962808	0	0	3	0.1	0.206319220996627	0.0300345115270708	0.152218191663235	0.264090140640004	0.111871948976768	0	0	3	0.2	0.457340692859706	0.0665598273207123	0.33701329020168	0.583067959658103	0.246054669456423
428	0	0	0	0.1	0.225153869981823	0.0291213404124489	0.167330193771175	0.282621148904616	0.115290955133441	0	0	0	0.2	0.41336460332068	0.0529899686579973	0.308461429213875	0.516735828276678	0.208274399062804	0	0	1	0.1	0.194526908266843	0.0249748122474683	0.144086101207832	0.243189997560234	0.0991038963524027	0	0	1	0.2	0.415233137732373	0.0530587427198992	0.309036021089129	0.517897537823901	0.208861516734771	0	0	2	0.1	0.203542014341179	0.0259828261796793	0.152181513341528	0.253328048248168	0.10114653490664	0	0	2	0.2	0.446295146514589	0.0569281954936131	0.334146083065192	0.55667272257929	0.222526639514098	0	0	3	0.1	0.21721191337393	0.0277365672590893	0.163987037196237	0.27038319978938	0.106396162593143	0	0	3	0.2	0.48016310830725	0.0613382815355585	0.361677198039482	0.596776833199874	0.235099635160393
153	0	0	0	0.1	0.210532118274064	0.0282003562457654	0.157566858122495	0.267600309548812	0.110033451426317	0	0	0	0.2	0.390421446851136	0.0519392447416487	0.290111655920431	0.496421195899834	0.206309539979403	0	0	1	0.1	0.185953171416014	0.0248169676631269	0.138907482882185	0.234469506355513	0.0955620234733277	0	0	1	0.2	0.399566088183494	0.0531676702425438	0.298096017385206	0.50382723587076	0.205731218485554	0	0	2	0.1	0.197111359321872	0.0262619154511258	0.147898512573241	0.249388942097422	0.101490429524182	0	0	2	0.2	0.434072570735904	0.0578906528136098	0.324805077722654	0.550236433527595	0.225431355804941	0	0	3	0.1	0.211762134725588	0.028304091544379	0.158356592897878	0.269311477419726	0.110954884521849	0	0	3	0.2	0.469726183460784	0.0629578980151853	0.3501911901904	0.595823882933721	0.245632692743321
377	0	0	0	0.1	0.227427944328507	0.0276434278749178	0.175347411871691	0.283386163705116	0.108038751833425	0	0	0	0.2	0.423976220679139	0.0510464029231901	0.326868426842025	0.525845378301088	0.198976951459064	0	0	1	0.1	0.20574166831877	0.0249735756008887	0.158241502076425	0.25426447695394	0.0960229748775143	0	0	1	0.2	0.441799216760017	0.0534287818921754	0.340597772113865	0.549588380096632	0.208990607982767	0	0	2	0.1	0.218993267105255	0.0266202801523381	0.168500656069728	0.273033666150188	0.10453301008046	0	0	2	0.2	0.482192897167583	0.0585810916320478	0.368951484453515	0.598598458533	0.229646974079485	0	0	3	0.1	0.235740592551514	0.0287667545084129	0.181011434804781	0.29404711033288	0.113035675528099	0	0	3	0.2	0.522951914211494	0.0637603431619939	0.403358382566088	0.652660908339407	0.249302525773319
473	0	0	0	0.1	0.194223475714011	0.0277007692494096	0.141508321459348	0.249972688635019	0.108464367175671	0	0	0	0.2	0.356200744326349	0.0501946301501777	0.260784923142035	0.458427401412332	0.197642478270297	0	0	1	0.1	0.165544300949787	0.023427872837473	0.120108461826725	0.213163815833444	0.0930553540067193	0	0	1	0.2	0.353175732465622	0.0496513840965515	0.256130681827775	0.451670140961571	0.195539459133796	0	0	2	0.1	0.172080098677591	0.0242509821629816	0.123575688195796	0.219158188126891	0.0955824999310953	0	0	2	0.2	0.377319468910767	0.0530105802634864	0.273617579111811	0.48129051135818	0.207672932246369	0	0	3	0.1	0.182943717474562	0.0257864401421199	0.13202883084747	0.233935783970048	0.101906953122577	0	0	3	0.2	0.404590651583444	0.0569392771415016	0.291971321247188	0.51545508247832	0.223483761231132
308	0	0	0	0.1	0.250055124135386	0.0275405433671709	0.197316249561153	0.306001287615046	0.108685038053893	0	0	0	0.2	0.467758105535879	0.0509171800694134	0.37301001726749	0.569977637786006	0.196967620518515	0	0	1	0.1	0.225204639716402	0.0247134446373367	0.177227235287646	0.273418639743566	0.0961914044559202	0	0	1	0.2	0.483614589311769	0.052961854789923	0.380280077068019	0.589024417024432	0.208744339956413	0	0	2	0.1	0.238299820026081	0.0262866396825635	0.186167363473231	0.290566006947874	0.104398643474643	0	0	2	0.2	0.52490145060366	0.0580003879252815	0.410702731970166	0.642060579914889	0.231357847944723	0	0	3	0.1	0.255457946494097	0.0284058021659811	0.200014400211172	0.312936247729414	0.112921847518242	0	0	3	0.2	0.567111698893908	0.0630623992405787	0.444972456045165	0.694144469235261	0.249172013190096
464	0	0	0	0.1	0.187706502742149	0.0265755285442425	0.139711767474135	0.238745143375717	0.0990333759015817	0	0	0	0.2	0.348523576455814	0.0488926730592774	0.259204740639713	0.440994906868595	0.181790166228882	0	0	1	0.1	0.167324964862193	0.0236342425030416	0.123693894921456	0.210986914693069	0.0872930197716126	0	0	1	0.2	0.359414789325449	0.0504875362938887	0.265308912088106	0.452934326745492	0.187625414657387	0	0	2	0.1	0.177812329923925	0.0250592287882243	0.130675146762797	0.223915195011709	0.0932400482489116	0	0	2	0.2	0.391481211682427	0.055042044044294	0.28724630878264	0.493692588792547	0.206446280009908	0	0	3	0.1	0.191308315676143	0.0269393041637011	0.140040287533472	0.242231277705658	0.102190990172186	0	0	3	0.2	0.424298104747684	0.0597109523874286	0.309008064078387	0.537690119891012	0.228682055812625
224	0	0	0	0.1	0.250673950930504	0.0291020914215174	0.194279311418337	0.306048149405681	0.111768837987344	0	0	0	0.2	0.454874582342965	0.0522827160264262	0.355587993304147	0.553362641975713	0.197774648671566	0	0	1	0.1	0.207429253171387	0.0239860502401454	0.161667269100651	0.254061647254787	0.0923943781541366	0	0	1	0.2	0.439389361858206	0.0505979384653106	0.342024769773075	0.53671320984389	0.194688440070815	0	0	2	0.1	0.211540494563776	0.0244387868817393	0.1639013089484	0.257882387659788	0.0939810787113879	0	0	2	0.2	0.461883058806804	0.0533648221553382	0.358614531836548	0.565104335991055	0.206489804154507	0	0	3	0.1	0.222554275787264	0.0257180563517997	0.17251121525232	0.275114936076043	0.102603720823722	0	0	3	0.2	0.490589012881797	0.0568168356928616	0.381664236899907	0.60548363999082	0.223819403090913
515	0	0	0	0.1	0.195090408892843	0.0274832281985014	0.143733912628503	0.248452704948384	0.104718792319881	0	0	0	0.2	0.358241011399049	0.0500201858050787	0.266071172182206	0.456242030513821	0.190170858331614	0	0	1	0.1	0.168527791584592	0.0236115317572111	0.123897513942927	0.21583060142119	0.0919330874782636	0	0	1	0.2	0.359599085250191	0.0501725836462576	0.264444938563211	0.459260624089133	0.194815685525922	0	0	2	0.1	0.176156535688053	0.0246591915145393	0.129855473467034	0.224272867657272	0.0944173941902373	0	0	2	0.2	0.386275453124018	0.0540845983335313	0.282922140224199	0.492877853521912	0.209955713297713	0	0	3	0.1	0.187927364108185	0.0263559134165096	0.137656245875592	0.23947483599571	0.101818590120118	0	0	3	0.2	0.415388674576301	0.0582913742275124	0.303662610417117	0.529501546719604	0.225838936302487
347	0	0	0	0.1	0.235861935772543	0.0287247189611564	0.180990739618399	0.297160540305613	0.116169800687214	0	0	0	0.2	0.437629460049856	0.0526922764715745	0.3359724891934	0.546546892681193	0.210574403487793	0	0	1	0.1	0.209755877609842	0.025246772030762	0.160815916898678	0.263888119873368	0.10307220297469	0	0	1	0.2	0.449620372843547	0.0538045531417775	0.34507467638027	0.562766840190287	0.217692163810018	0	0	2	0.1	0.221831886358143	0.0265562186113475	0.170731053948863	0.276715305009795	0.105984251060932	0	0	2	0.2	0.487988430103279	0.0583316091989564	0.374540861154249	0.605597110162546	0.231056249008296	0	0	3	0.1	0.23801170391868	0.0285312418240128	0.182714320548703	0.295220149007994	0.112505828459291	0	0	3	0.2	0.527556406805381	0.0631794620960848	0.40581468235181	0.649973087627485	0.244158405275674
327	0	0	0	0.1	0.193335556082693	0.0273891847552457	0.142725731295743	0.2484454442753	0.105719712979557	0	0	0	0.2	0.360915715657942	0.050490926818318	0.266532092550502	0.461901511749361	0.195369419198859	0	0	1	0.1	0.172603272186435	0.0241541891269135	0.126533821142626	0.22350289513941	0.0969690739967842	0	0	1	0.2	0.371480800491635	0.0515666622183444	0.273127902772936	0.481001122041873	0.207873219268937	0	0	2	0.1	0.18310915955515	0.0253586965274427	0.135045872036531	0.237386823680209	0.102340951643678	0	0	2	0.2	0.403857431456028	0.0558354296611837	0.297208622355916	0.523362119895864	0.226153497539948	0	0	3	0.1	0.196727948032591	0.0271792943104732	0.14499030412481	0.255559337180229	0.11056903305542	0	0	3	0.2	0.436991002737007	0.0603815610181254	0.320785814039066	0.566426085825436	0.24564027178637
671	0	0	0	0.1	0.249415645319347	0.0273156866283972	0.198482925724111	0.302698713393619	0.104215787669508	0	0	0	0.2	0.455605413533482	0.0492699276407421	0.364674355604997	0.551812435381519	0.187138079776522	0	0	1	0.1	0.215313173434765	0.0235514117965129	0.171927624035699	0.263900576436607	0.0919729524009084	0	0	1	0.2	0.457769243325177	0.0496993169652674	0.365276224304249	0.560039060114684	0.194762835810435	0	0	2	0.1	0.22466321367132	0.0244898062134779	0.179311013148356	0.275066379301646	0.0957553661532894	0	0	2	0.2	0.491266510588638	0.0534508170591672	0.392805631792464	0.600760755225035	0.20795512343257	0	0	3	0.1	0.239311251421611	0.0261794974843848	0.190240954546097	0.291981511741114	0.101740557195017	0	0	3	0.2	0.528080683889545	0.0576992898237592	0.419307442277687	0.644667129806823	0.225359687529136
256	0	0	0	0.1	0.262521092714594	0.0304590244343773	0.206795738232806	0.325201455250222	0.118405717017416	0	0	0	0.2	0.483618437083339	0.0552688382725722	0.38057116549451	0.594058007512063	0.213486842017553	0	0	1	0.1	0.228204669678423	0.0262468264177253	0.179534501657305	0.278634586871542	0.099100085214237	0	0	1	0.2	0.487590163584149	0.0555800782055254	0.383883512498925	0.593724284230511	0.209840771731586	0	0	2	0.1	0.238951862230811	0.0273331281587752	0.187508939669215	0.291148792837921	0.103639853168706	0	0	2	0.2	0.524409900978416	0.0598584219214415	0.411757997553329	0.638969743353863	0.227211745800534	0	0	3	0.1	0.254876051374032	0.0291431766923024	0.200805490893543	0.310955762873011	0.110150271979468	0	0	3	0.2	0.564083906946783	0.064580960096104	0.44139003503947	0.687927750099884	0.246537715060414
340	0	0	0	0.1	0.193263222905958	0.0294966729321911	0.136878129747094	0.248750567183132	0.111872437436038	0	0	0	0.2	0.357477396538862	0.0541964891238537	0.253023653752164	0.458619206503815	0.205595552751651	0	0	1	0.1	0.169225313577222	0.0257515903532066	0.120881928833296	0.219137798503314	0.0982558696700177	0	0	1	0.2	0.362279445247428	0.0549328178628509	0.259220638423656	0.47019669711501	0.210976058691354	0	0	2	0.1	0.177777907550646	0.0269907744106482	0.127492080686992	0.230678695989838	0.103186615302846	0	0	2	0.2	0.390582158785019	0.0593302537879635	0.278900938752233	0.505893076431236	0.226992137679003	0	0	3	0.1	0.189948501165504	0.0288529004193859	0.13539325128535	0.247167761658549	0.111774510373199	0	0	3	0.2	0.420892371090645	0.0639911129469389	0.299584034903377	0.549195024588636	0.24961098968526
173	0	0	0	0.1	0.174080972682019	0.0270618591439562	0.122761669869518	0.228098900691802	0.105337230822284	0	0	0	0.2	0.325147086994225	0.0498994751116622	0.231014592014097	0.424405831611426	0.19339123959733	0	0	1	0.1	0.158502995481133	0.0242478753806766	0.113362188229962	0.207658922464982	0.0942967342350203	0	0	1	0.2	0.340733334289923	0.051900039962534	0.242215300511466	0.446974453350332	0.204759152838866	0	0	2	0.1	0.169332240660388	0.0257866906418042	0.121858464767694	0.222788857239561	0.100930392471867	0	0	2	0.2	0.37310888164245	0.0566554361772717	0.26872184392674	0.492149075731635	0.223427231804895	0	0	3	0.1	0.182637992019936	0.0277878877748469	0.131554248943549	0.241026271511225	0.109472022567675	0	0	3	0.2	0.40546373557314	0.0616115001762898	0.292715462677892	0.532449998424051	0.23973453574616
339	0	0	0	0.1	0.220521777022338	0.030803250173533	0.158726582380678	0.281764509519696	0.123037927139019	0	0	0	0.2	0.400049377181737	0.0554994440362071	0.288878778580573	0.509252688999588	0.220373910419015	0	0	1	0.1	0.182279820351398	0.0255598122528821	0.131685360544054	0.23188821120222	0.100202850658166	0	0	1	0.2	0.386131521869993	0.0539013682168303	0.27786557783812	0.49110360372004	0.21323802588192	0	0	2	0.1	0.185913347186673	0.0259892807782114	0.134671079020112	0.236308179349357	0.101637100329245	0	0	2	0.2	0.406113999445439	0.0567380150628913	0.293081825463883	0.51499529087101	0.221913465407127	0	0	3	0.1	0.195817956345035	0.0273775050926371	0.140958599115896	0.248600174341531	0.107641575225635	0	0	3	0.2	0.4315759210752	0.0603670307121983	0.311616271973322	0.547455504707237	0.235839232733915
333	0	0	0	0.1	0.202437515521555	0.0280527136891337	0.148105259881104	0.259028008700753	0.110922748819649	0	0	0	0.2	0.373149897058094	0.0513067090190426	0.275322460337837	0.478312231338	0.202989771000163	0	0	1	0.1	0.174907186663553	0.0241566293397019	0.129275378191805	0.22517488984745	0.0958995116556451	0	0	1	0.2	0.373471928981687	0.0513552575368335	0.278419373162611	0.482556691397785	0.204137318235175	0	0	2	0.1	0.182324071082977	0.0251442918165773	0.134828439158538	0.235795255064128	0.10096681590559	0	0	2	0.2	0.40009564281637	0.0551579867084608	0.297507203650476	0.517954126875155	0.220446923224679	0	0	3	0.1	0.194099281730013	0.02683097224705	0.143856547213448	0.251492742923718	0.10763619571027	0	0	3	0.2	0.429494306801956	0.05936492692546	0.319049734711211	0.554563550145783	0.235513815434572
220	0	0	0	0.1	0.242659182106393	0.0278327984344706	0.188191087414495	0.297054432202683	0.108863344788189	0	0	0	0.2	0.445948103729218	0.0507416378939422	0.34774856108368	0.546768000880814	0.199019439797134	0	0	1	0.1	0.207848722135436	0.0239371465149973	0.160109592328321	0.255215351715057	0.0951057593867357	0	0	1	0.2	0.444092268825763	0.0509143866817836	0.34437342585707	0.545055881499391	0.200682455642321	0	0	2	0.1	0.216597410206969	0.025004301841197	0.16636078620477	0.266189096856636	0.0998283106518664	0	0	2	0.2	0.475335921263247	0.0547822544214083	0.364487826966095	0.58510621005746	0.220618383091365	0	0	3	0.1	0.23057478909584	0.0266195646013241	0.177838494661006	0.282290942196842	0.104452447535836	0	0	3	0.2	0.510215110332573	0.0590598262775885	0.39273211007635	0.626194845464476	0.233462735388126
385	0	0	0	0.1	0.234957499740574	0.0272164108540306	0.183146169296662	0.289826431083606	0.106680261786944	0	0	0	0.2	0.429549075051844	0.0493482176103518	0.333730050580029	0.529008014384461	0.195277963804432	0	0	1	0.1	0.198219813296233	0.0229973844260037	0.15333102287739	0.244034676716822	0.0907036538394323	0	0	1	0.2	0.422361422584854	0.0488702889261031	0.327602755097674	0.519253758092494	0.191651002994819	0	0	2	0.1	0.205021090590047	0.0238707146264762	0.158253423916087	0.252622611542331	0.0943691876262438	0	0	2	0.2	0.449298383916858	0.0523907513632921	0.346499381777762	0.554436005820461	0.207936624042699	0	0	3	0.1	0.217409327532663	0.0255353694795224	0.167263103588727	0.268807257418149	0.101544153829422	0	0	3	0.2	0.48064420424814	0.0564583828830942	0.369475041156982	0.594852206726279	0.225377165569297
635	0	0	0	0.1	0.232266336514201	0.028977206182357	0.176415880621062	0.288692637701751	0.112276757080689	0	0	0	0.2	0.428388593798299	0.0531796804502189	0.326720862388888	0.530647386016562	0.203926523627674	0	0	1	0.1	0.203140073225478	0.0254534298112221	0.153744559925507	0.254742350382083	0.100997790456575	0	0	1	0.2	0.433933377743598	0.0541709260849812	0.328604157142129	0.542424068485859	0.21381991134373	0	0	2	0.1	0.213019157873231	0.026712170278101	0.162183045338771	0.265739719010141	0.10355667367137	0	0	2	0.2	0.467381221599804	0.0586419695993328	0.355748351719409	0.585803203379067	0.230054851659657	0	0	3	0.1	0.227460302177967	0.0285879823059669	0.17253648847179	0.283980880512128	0.111444392040337	0	0	3	0.2	0.503339988054771	0.0633769439863956	0.381819875907381	0.629270863661252	0.24745098775387
306	0	0	0	0.1	0.264023707885723	0.0311089048027547	0.201362979909521	0.327595252636569	0.126232272727048	0	0	0	0.2	0.492071543840258	0.0574106271311761	0.378901079697649	0.607667696552169	0.22876661685452	0	0	1	0.1	0.235344234238037	0.0276895829581395	0.181593022735838	0.289951849142908	0.10835882640707	0	0	1	0.2	0.504214257769776	0.0591575412033578	0.388672374005205	0.621381874090424	0.232709500085219	0	0	2	0.1	0.247612572097833	0.0292331391880121	0.19137421570118	0.305584757127883	0.114210541426703	0	0	2	0.2	0.544672204545168	0.0642725387289926	0.421038864040208	0.669219929311509	0.2481810652713	0	0	3	0.1	0.26459583482426	0.0313104699208297	0.205191685236714	0.326787078157545	0.121595392920831	0	0	3	0.2	0.587091695335666	0.0696246245667328	0.454892964774506	0.7256588726888	0.270765907914294
532	0	0	0	0.1	0.164383677173547	0.0284959387067498	0.10706971550794	0.221681427982615	0.114611712474675	0	0	0	0.2	0.30425967649229	0.0524952404258483	0.200359986046363	0.409048062415103	0.20868807636874	0	0	1	0.1	0.143882864287195	0.0249477750933248	0.0950269505223552	0.193222941185351	0.0981959906629961	0	0	1	0.2	0.308326068164799	0.0532792062875317	0.203378598266661	0.415860755349448	0.212482157082787	0	0	2	0.1	0.151347234263994	0.0261761974517353	0.0988244722254719	0.204699683042068	0.105875210816596	0	0	2	0.2	0.332730066813152	0.0575538561637397	0.2182038168675	0.449593629568113	0.231389812700613	0	0	3	0.1	0.161852327483428	0.0280439249347917	0.104936664108236	0.219592194496568	0.114655530388332	0	0	3	0.2	0.358730161915089	0.0621359806828349	0.234999271813983	0.485708882049738	0.250709610235755
483	0	0	0	0.1	0.238275647532481	0.0295694731652468	0.185377396867435	0.29513448836167	0.109757091494236	0	0	0	0.2	0.439077237963431	0.0540225015787284	0.341493647576987	0.544734689411586	0.203241041834599	0	0	1	0.1	0.208878326463036	0.026009470231727	0.162364826251767	0.260499293976696	0.0981344677249286	0	0	1	0.2	0.44496848201275	0.0550958173238762	0.345534368957848	0.554290857252716	0.208756488294868	0	0	2	0.1	0.218258894509231	0.0272248367109346	0.16899408913153	0.271387792924748	0.102393703793218	0	0	2	0.2	0.478243380440658	0.0594772280620674	0.370348615369584	0.593048547137017	0.222699931767433	0	0	3	0.1	0.232638969104762	0.0290160641004939	0.180373208101327	0.289010583493336	0.10863737539201	0	0	3	0.2	0.514232871319576	0.0641652570544709	0.398203084623497	0.639851903519608	0.241648818896112
652	0	0	0	0.1	0.181191873395642	0.0287860227680368	0.125530261569962	0.237672474340898	0.112142212770936	0	0	0	0.2	0.335197649626257	0.0528770470599088	0.231325730519277	0.438884462557294	0.207558732038017	0	0	1	0.1	0.157833812049421	0.0249237287652208	0.109593227966236	0.206806170641282	0.0972129426750453	0	0	1	0.2	0.337902855024977	0.0532429752158126	0.234394728201021	0.441625017444874	0.207230289243853	0	0	2	0.1	0.165395428476747	0.0260937462538009	0.113633762494368	0.215977312226195	0.102343549731827	0	0	2	0.2	0.363541709551798	0.0574350440563787	0.250983974662358	0.474958820607773	0.223974845945416	0	0	3	0.1	0.176490838926825	0.0279296011340718	0.121226560268866	0.230963381726328	0.109736821457462	0	0	3	0.2	0.391117424875726	0.0619458669803854	0.268753210286726	0.511323303485901	0.242570093199175
504	0	0	0	0.1	0.200104076772535	0.0305616527055604	0.140862734717979	0.262172288657403	0.121309553939424	0	0	0	0.2	0.365209978956363	0.0553248844342382	0.258252553970176	0.476938679574536	0.218686125604359	0	0	1	0.1	0.167783083246887	0.0255286063720704	0.119289442269843	0.218509454182824	0.099220011912981	0	0	1	0.2	0.35657724794949	0.0540033708675231	0.25403138950187	0.464565608663681	0.210534219161811	0	0	2	0.1	0.172362515865557	0.0261432614439017	0.122932165787881	0.225017455262863	0.102085289474982	0	0	2	0.2	0.377146171326629	0.057192600229766	0.267802144217046	0.491152836504846	0.2233506922878	0	0	3	0.1	0.182081137763163	0.0276645142389314	0.129248238549563	0.237824260340652	0.108576021791089	0	0	3	0.2	0.40206795544556	0.061114368938857	0.288111717579207	0.525273842673656	0.237162125094449
161	0	0	0	0.1	0.242761646189002	0.028559236150913	0.187721844824074	0.296778443022709	0.109056598198635	0	0	0	0.2	0.44642144718363	0.0520082991299697	0.344777862065356	0.543019542058064	0.198241679992708	0	0	1	0.1	0.209953804323513	0.024665375771128	0.161492571032531	0.255731716453109	0.0942391454205782	0	0	1	0.2	0.447472441674112	0.0523201902627397	0.342566549562086	0.545164581026581	0.202598031464496	0	0	2	0.1	0.218570621625546	0.0256041382757008	0.167614211968837	0.266865399523247	0.0992511875544098	0	0	2	0.2	0.47906093413635	0.0561120358854902	0.367506794634558	0.585672608947994	0.218165814313436	0	0	3	0.1	0.232460603210164	0.0272395790703689	0.179208273658766	0.285551316918856	0.10634304326009	0	0	3	0.2	0.514003498131849	0.0603306913910274	0.394427985524994	0.630220865770298	0.235792880245304
321	0	0	0	0.1	0.210736357554959	0.0295237723448276	0.156366095447396	0.264767927358532	0.108401831911137	0	0	0	0.2	0.390619167631906	0.0544588919317833	0.291969809816929	0.49035310225187	0.198383292434941	0	0	1	0.1	0.187021951357872	0.0263743294037022	0.138500300941479	0.236166493714681	0.0976661927732013	0	0	1	0.2	0.399985474982338	0.056278114102811	0.296925191277356	0.505635513045374	0.208710321768018	0	0	2	0.1	0.197006050307944	0.0278553732058996	0.145905149106524	0.250166573211387	0.104261424104862	0	0	2	0.2	0.432645302444788	0.0612166514995095	0.319886792093542	0.551141544336578	0.231254752243036	0	0	3	0.1	0.210771143619482	0.0298807833905021	0.155895773388014	0.268259514522284	0.11236374113427	0	0	3	0.2	0.466784355592449	0.0663202849096049	0.346518510027587	0.594338537958261	0.247820027930674
174	0	0	0	0.1	0.20984744515912	0.027771403777363	0.157710363475963	0.264912191770111	0.107201828294147	0	0	0	0.2	0.389302647602984	0.0511136678595433	0.293533594930776	0.492235851107444	0.198702256176668	0	0	1	0.1	0.18566202810695	0.02460811425999	0.139125604116557	0.236077854478804	0.0969522503622467	0	0	1	0.2	0.398297069655435	0.0525376536628682	0.299536831964231	0.502532831748006	0.202995999783776	0	0	2	0.1	0.196159906473569	0.0259969439139816	0.147830661391111	0.248601322278168	0.100770660887057	0	0	2	0.2	0.431616246603065	0.0571981889964684	0.323434465210587	0.543993240163405	0.220558774952818	0	0	3	0.1	0.210248422647179	0.0278930079802398	0.157430630655555	0.265880042664504	0.10844941200895	0	0	3	0.2	0.466290732620967	0.0619992491146816	0.348697753261315	0.591638365515851	0.242940612254537
342	0	0	0	0.1	0.236266196390683	0.0299821213586812	0.177116928852314	0.295620061673514	0.1185031328212	0	0	0	0.2	0.428874823479271	0.0538927236592666	0.31983293127972	0.538309455568557	0.218476524288837	0	0	1	0.1	0.195403013763562	0.0247434520314544	0.14606745293089	0.246114748596314	0.100047295665424	0	0	1	0.2	0.413544046557436	0.0520065548429445	0.309634962110841	0.521147422650052	0.21151246053921	0	0	2	0.1	0.198776014458745	0.0250681457578478	0.14847351468755	0.250089156895276	0.101615642207726	0	0	2	0.2	0.433837981858204	0.0546579430301979	0.324815436920552	0.544498049360348	0.219682612439796	0	0	3	0.1	0.208762813574918	0.0263619043837764	0.155972271869702	0.260869984085093	0.104897712215391	0	0	3	0.2	0.460126912684338	0.0581248069616229	0.342670274526762	0.575037782524748	0.232367507997986
570	0	0	0	0.1	0.221191391945624	0.028658573489339	0.167380836416526	0.278649084698817	0.111268248282291	0	0	0	0.2	0.409362846806716	0.0525663911207467	0.310820832955382	0.514285407786311	0.203464574830929	0	0	1	0.1	0.193456544542194	0.0248179701635045	0.145874919589361	0.243491411486946	0.0976164918975849	0	0	1	0.2	0.414440536146395	0.0529977551794373	0.314221187133311	0.520597077270873	0.206375890137562	0	0	2	0.1	0.203247964792724	0.0260163287645478	0.153987338035103	0.255923845607483	0.10193650757238	0	0	2	0.2	0.446916994452026	0.0571996868070092	0.339275077151202	0.560178505015252	0.22090342786405	0	0	3	0.1	0.217261993727643	0.0278729317914346	0.165019142982712	0.273007168584565	0.107988025601852	0	0	3	0.2	0.481616504040339	0.0617874899952003	0.365013615475376	0.60470737719489	0.239693761719514
566	0	0	0	0.1	0.248814564974414	0.0286931597231395	0.192660389222136	0.307421773086984	0.114761383864848	0	0	0	0.2	0.460469678147801	0.0525402514729022	0.357941138384367	0.568651242102018	0.210710103717651	0	0	1	0.1	0.217676576906282	0.0250812892077896	0.168571272598679	0.269030627478116	0.100459354879437	0	0	1	0.2	0.465912787829918	0.0533169730594873	0.361636127168745	0.578517722265235	0.216881595096489	0	0	2	0.1	0.228191823310594	0.0261798867160795	0.178521644811083	0.282145298237557	0.103623653426475	0	0	2	0.2	0.501547046543879	0.0574383943969623	0.392106381693626	0.618136701217853	0.226030319524227	0	0	3	0.1	0.243647764263294	0.0279623687719368	0.190744868446938	0.300229897904786	0.109485029457848	0	0	3	0.2	0.539822967301641	0.0620032207380366	0.422404955829515	0.663865797338428	0.241460841508913
518	0	0	0	0.1	0.208752097194027	0.026995774437024	0.157365042868139	0.263607836688244	0.106242793820105	0	0	0	0.2	0.387869149637547	0.0497540620282745	0.294318065099468	0.489835777286018	0.195517712186551	0	0	1	0.1	0.184291198189442	0.023932547591538	0.139620957728888	0.232403738496317	0.092782780767429	0	0	1	0.2	0.395752843095022	0.051245320522023	0.298844120839515	0.500579698901829	0.201735578062314	0	0	2	0.1	0.194570826659599	0.0253704670534143	0.14735502081093	0.246626608770414	0.0992715879594837	0	0	2	0.2	0.42852302864937	0.0558956149268416	0.324112387421049	0.544755347856524	0.220642960435476	0	0	3	0.1	0.208613027519979	0.0273054604748872	0.157948016362674	0.266293684602671	0.108345668239997	0	0	3	0.2	0.462850574177418	0.0605804510080521	0.350836432680193	0.590484479336569	0.239648046656376
290	0	0	0	0.1	0.230071195887883	0.0268684781370764	0.178416053818217	0.282084076084374	0.103668022266157	0	0	0	0.2	0.424904041148606	0.0493741756379028	0.331291209130146	0.521531424005727	0.190240214875581	0	0	1	0.1	0.203586940250159	0.0240688681404971	0.158400761098546	0.250649680911094	0.0922489198125482	0	0	1	0.2	0.43568893429818	0.05135369144197	0.338452269309808	0.533726820360053	0.195274551050246	0	0	2	0.1	0.215192130965836	0.0255631456067356	0.166209485510243	0.265162515346884	0.0989530298366411	0	0	2	0.2	0.472649097520549	0.0562135081673964	0.364277153212679	0.585001178887455	0.220724025674776	0	0	3	0.1	0.230885882425116	0.0275660001103397	0.178503597908163	0.286068512817883	0.10756491490972	0	0	3	0.2	0.510971717621005	0.0611021339278446	0.394796847188423	0.633180833813314	0.238383986624891
664	0	0	0	0.1	0.246041027050771	0.030132698270204	0.191158230397665	0.303129350727881	0.111971120330216	0	0	0	0.2	0.451726224917815	0.0549795583493093	0.351516783448319	0.56100886722446	0.209492083776141	0	0	1	0.1	0.213608785734455	0.026121574267214	0.165798533454877	0.265895800336858	0.100097266881981	0	0	1	0.2	0.45411539057445	0.0553035960499484	0.35253123985279	0.566794678559519	0.214263438706729	0	0	2	0.1	0.22214547322182	0.0271128340042756	0.172303650682005	0.277604651138492	0.105301000456487	0	0	2	0.2	0.486069069246168	0.0593114961374222	0.377499955062586	0.605802218912228	0.228302263849642	0	0	3	0.1	0.236033625872022	0.0288301819344498	0.183388176678702	0.293710160958464	0.110321984279762	0	0	3	0.2	0.521231656507875	0.0636458699371961	0.407207306887334	0.648815458484706	0.241608151597371
523	0	0	0	0.1	0.191344923699624	0.0269353560766494	0.139770004185004	0.243583941641509	0.103813937456505	0	0	0	0.2	0.356836097188383	0.0497554551102214	0.260990803681608	0.454587638760181	0.193596835078573	0	0	1	0.1	0.17273389514521	0.0242994607727476	0.126603492369219	0.220942688281734	0.0943391959125154	0	0	1	0.2	0.371234595409708	0.052028892010379	0.272319058535548	0.473799393407548	0.201480334872	0	0	2	0.1	0.184029911049799	0.0259687452734831	0.134531771939472	0.234510734755523	0.099978962816051	0	0	2	0.2	0.405298792907666	0.0571609017921612	0.296401148504849	0.517406688383449	0.2210055398786	0	0	3	0.1	0.198106007288754	0.0280944987524342	0.144714817097366	0.253458838131379	0.108744021034013	0	0	3	0.2	0.439793616174393	0.0624759135444155	0.319641937343115	0.563744174718662	0.244102237375547
623	0	0	0	0.1	0.232699038625483	0.0286305932647574	0.178290502042793	0.288918859246816	0.110628357204023	0	0	0	0.2	0.422386695928515	0.0514721726034784	0.324920172658357	0.526961668514461	0.202041495856104	0	0	1	0.1	0.194741541155083	0.0240377415389716	0.148788961996192	0.244991437927442	0.0962024759312505	0	0	1	0.2	0.412943198213345	0.0506349735891454	0.317328085020523	0.516664021094302	0.199335936073779	0	0	2	0.1	0.200273902246281	0.0247197790213175	0.152118306426939	0.250347858760164	0.0982295523332247	0	0	2	0.2	0.437407978793112	0.0538266375489991	0.333116425731977	0.547500137505775	0.214383711773798	0	0	3	0.1	0.211756925747589	0.0262313735117012	0.161087967656088	0.264162781384325	0.103074813728237	0	0	3	0.2	0.466715855602648	0.0577109582361287	0.355880766043308	0.583972917737656	0.228092151694348
650	0	0	0	0.1	0.229910664117356	0.0283923952845217	0.175278510803472	0.287748982919695	0.112470472116223	0	0	0	0.2	0.423249124820126	0.0516273147973291	0.322238381937464	0.52996002563885	0.207721643701386	0	0	1	0.1	0.199470907094869	0.0243419935754533	0.152722957944046	0.249764273953782	0.0970413160097368	0	0	1	0.2	0.426083813609103	0.0516646847332837	0.326508039230286	0.534637783441797	0.208129744211511	0	0	2	0.1	0.208712242385622	0.0253952540955872	0.1590991330576	0.262630076731967	0.103530943674367	0	0	2	0.2	0.457959193186381	0.055597517777943	0.351215022395052	0.575984704252605	0.224769681857552	0	0	3	0.1	0.222586478081209	0.0270713874507287	0.169751908480101	0.28020531009298	0.110453401612879	0	0	3	0.2	0.492504672541884	0.0598982217218962	0.378813824194349	0.621432042798236	0.242618218603887
231	0	0	0	0.1	0.18825783527218	0.0275820304106489	0.131411624763044	0.24186468386474	0.110453059101696	0	0	0	0.2	0.344640260930676	0.0501642830290521	0.240312555483465	0.441569950312367	0.201257394828902	0	0	1	0.1	0.160819891133024	0.0235769239482549	0.113283267736545	0.206204528184004	0.0929212604474596	0	0	1	0.2	0.342770633708681	0.0501667603229862	0.242098545777059	0.438728791039942	0.196630245262883	0	0	2	0.1	0.167357466539891	0.0245540146321647	0.118895715139289	0.215296966856606	0.0964012517173166	0	0	2	0.2	0.366641199588301	0.0537175211219169	0.260491775023883	0.474231697088094	0.213739922064211	0	0	3	0.1	0.177979553761662	0.0261066528341102	0.126555929709241	0.231778143861925	0.105222214152684	0	0	3	0.2	0.393329363438871	0.05770942217321	0.281932388224322	0.511702044195032	0.229769655970711
185	0	0	0	0.1	0.201158575045982	0.0263970600153845	0.148038754070921	0.250727523279404	0.102688769208483	0	0	0	0.2	0.366574060876527	0.0474738966329617	0.270776872492811	0.458108446170675	0.187331573677864	0	0	1	0.1	0.169069459560417	0.0219877486639568	0.125552550635337	0.213250973971985	0.0876984233366478	0	0	1	0.2	0.359913035558574	0.0464783670205178	0.266135405398953	0.455447189129597	0.189311783730644	0	0	2	0.1	0.174949314478569	0.0226826669041788	0.128724534460561	0.220634967526542	0.0919104330659806	0	0	2	0.2	0.38305486904543	0.0494760876489774	0.283352694193452	0.483052479146859	0.199699784953407	0	0	3	0.1	0.185760354265779	0.0240280474880146	0.137355854018044	0.234240766431776	0.0968849124137321	0	0	3	0.2	0.410123047343357	0.0531035235587787	0.303809638381906	0.517571337312208	0.213761698930302
501	0	0	0	0.1	0.20757494965967	0.0270791076799677	0.156990415804829	0.262600499152065	0.105610083347236	0	0	0	0.2	0.387059929864801	0.0500331735359723	0.294724535815952	0.486072579204383	0.191348043388431	0	0	1	0.1	0.182331007670473	0.0237141164536128	0.137087688465119	0.229437698506759	0.0923500100416401	0	0	1	0.2	0.392907012875246	0.0509310157011381	0.296931652041403	0.495715363556363	0.19878371151496	0	0	2	0.1	0.19259242008213	0.025050874737377	0.144977585660596	0.243952657511588	0.0989750718509915	0	0	2	0.2	0.425104597246012	0.0552825081241421	0.32040873822311	0.539559191420748	0.219150453197638	0	0	3	0.1	0.206378477875014	0.0268930434810833	0.156082197156231	0.261159759296546	0.105077562140315	0	0	3	0.2	0.459007258885991	0.0599701169948734	0.345293719555993	0.58189511951418	0.236601399958187
357	0	0	0	0.1	0.278089759904766	0.0300870805693464	0.219935307376769	0.336801368464919	0.11686606108815	0	0	0	0.2	0.501573397705504	0.0539710552211357	0.398168408015228	0.608009390922799	0.209840982907571	0	0	1	0.1	0.225363582735066	0.0246349428143928	0.178870020619522	0.273420301889365	0.0945502812698429	0	0	1	0.2	0.475520429534745	0.0517263646069364	0.376614630948688	0.575306794990396	0.198692164041708	0	0	2	0.1	0.226919014659213	0.024870018926227	0.179313679447694	0.27476331517018	0.0954496357224858	0	0	2	0.2	0.494310859660708	0.0541960064973973	0.389436006692327	0.601261179712815	0.211825173020487	0	0	3	0.1	0.237044471112033	0.0260342701226493	0.186573592177133	0.288494917029762	0.101921324852628	0	0	3	0.2	0.521812134090376	0.0575098903412639	0.411925894714227	0.636733168694398	0.224807273980171
215	0	0	0	0.1	0.205725579561994	0.0280063496298236	0.150391387183384	0.261364363186246	0.110972976002862	0	0	0	0.2	0.378147649752169	0.0511744727145278	0.277841825080235	0.481060889994813	0.203219064914578	0	0	1	0.1	0.177901304110007	0.0243431523962161	0.130749970732865	0.226403647106782	0.0956536763739167	0	0	1	0.2	0.379273859622469	0.0516852816934261	0.2799380860798	0.481119567550994	0.201181481471194	0	0	2	0.1	0.185438662932255	0.0253836230486076	0.136932334894177	0.235287234130448	0.0983548992362711	0	0	2	0.2	0.406476049116458	0.0555327500857312	0.301929338479503	0.514885732276788	0.212956393797286	0	0	3	0.1	0.197350814278124	0.0270385259292229	0.146335772723503	0.250298614978027	0.103962842254525	0	0	3	0.2	0.436377260470774	0.0596883241350438	0.323825371047145	0.552727583880076	0.228902212832931
376	0	0	0	0.1	0.227461793119338	0.0285300081520226	0.171523075733854	0.281684758519905	0.110161682786051	0	0	0	0.2	0.418430020610092	0.0520364493369553	0.316141609578602	0.518273497683868	0.202131888105266	0	0	1	0.1	0.196401445222789	0.0245466006813661	0.147474506195584	0.243248103765989	0.0957735975704049	0	0	1	0.2	0.418608422028564	0.0521705921985371	0.313298775634054	0.517828834232641	0.204530058598587	0	0	2	0.1	0.204296408352144	0.0255525402891858	0.152675828708193	0.253204006952194	0.100528178244001	0	0	2	0.2	0.447886979536881	0.0560678402635525	0.336564083081787	0.555141869907191	0.218577786825403	0	0	3	0.1	0.217233442035657	0.0272031803253456	0.162613684018299	0.26992140798754	0.107307723969241	0	0	3	0.2	0.48029682980492	0.0603260804908481	0.359905587350219	0.598507543047256	0.238601955697037
622	0	0	0	0.1	0.244506136037154	0.0302147579601269	0.186416943013312	0.305276015792605	0.118859072779294	0	0	0	0.2	0.444470896825709	0.0543537705375581	0.340598253103352	0.551773136251723	0.211174883148371	0	0	1	0.1	0.203963495549863	0.0250506623719094	0.15699070847986	0.253308784073353	0.0963180755934928	0	0	1	0.2	0.431728797941652	0.0526941854568381	0.334110126511164	0.535860465085631	0.201750338574467	0	0	2	0.1	0.208214284234588	0.0254966559773144	0.161134147942952	0.258385572274925	0.0972514243319734	0	0	2	0.2	0.454479562923172	0.0554898859062186	0.350287162316218	0.563389740062182	0.213102577745964	0	0	3	0.1	0.21921231434504	0.0269274066991269	0.170819943203959	0.27291782858613	0.102097885382171	0	0	3	0.2	0.483171601631068	0.0590821405639554	0.373697891482792	0.602977285240645	0.229279393757852
474	0	0	0	0.1	0.206769679913704	0.0289594257776845	0.153299492836337	0.261200823881273	0.107901331044936	0	0	0	0.2	0.388850593294873	0.0540777972453815	0.287842621525612	0.489791278175402	0.201948656649789	0	0	1	0.1	0.191182685375336	0.0268738637650831	0.141482036191307	0.241855744251876	0.100373708060569	0	0	1	0.2	0.411719280420622	0.057705904377483	0.303804337620127	0.521887753706906	0.21808341608678	0	0	2	0.1	0.204923782077582	0.0288890850615209	0.150637033264	0.260065996991844	0.109428963727844	0	0	2	0.2	0.452098313154851	0.0636460759400941	0.333982815562022	0.575242102735926	0.241259287173903	0	0	3	0.1	0.221210410611975	0.0312472869184478	0.162466234295622	0.28124075241177	0.118774518116148	0	0	3	0.2	0.49184208267583	0.0694997254677392	0.363286391753442	0.625196808489738	0.261910416736296
462	0	0	0	0.1	0.260938148394884	0.0289801183050093	0.20128853739596	0.316651667991337	0.115363130595377	0	0	0	0.2	0.481606333070317	0.0530467235566477	0.373911441473737	0.583980326571515	0.210068885097778	0	0	1	0.1	0.229123612673737	0.0254420346782258	0.178387709185763	0.279519903697925	0.101132194512162	0	0	1	0.2	0.488880159292428	0.0540633334497232	0.384702218137135	0.593998657949722	0.209296439812587	0	0	2	0.1	0.239942729019139	0.0266394478424749	0.188967217600502	0.292025528784955	0.103058311184453	0	0	2	0.2	0.526228589817568	0.058485800949747	0.412178551802388	0.639682945459608	0.22750439365722	0	0	3	0.1	0.255938034719142	0.0284726884466048	0.201596888439065	0.31165347780456	0.110056589365495	0	0	3	0.2	0.566164765530452	0.0632003708035569	0.444533588363713	0.691119685701888	0.246586097338175
380	0	0	0	0.1	0.223228942553675	0.0285440718635377	0.166804758022127	0.276092699929561	0.109287941907434	0	0	0	0.2	0.41048040313519	0.0520098049665643	0.305333575362475	0.508350250071143	0.203016674708668	0	0	1	0.1	0.190959907649758	0.024191301639612	0.142991500021366	0.23667107306629	0.0936795730449231	0	0	1	0.2	0.407298156790987	0.0514167526524863	0.303746861530672	0.506170422469766	0.202423560939094	0	0	2	0.1	0.197999530314335	0.0250246831462318	0.148630716706028	0.246711107590478	0.0980803908844503	0	0	2	0.2	0.434257325595462	0.0549478390511417	0.327124481765278	0.542189062904768	0.21506458113949	0	0	3	0.1	0.210112483076739	0.0266232706658053	0.157505770674149	0.261834268853279	0.10432849817913	0	0	3	0.2	0.46481408826347	0.0590205948101166	0.347156485212294	0.578793656152101	0.231637170939807
241	0	0	0	0.1	0.195950470449207	0.0294358663335117	0.13968156587171	0.256091098326864	0.116409532455154	0	0	0	0.2	0.362879790393366	0.0542493957966765	0.258507187992857	0.47254606343347	0.214038875440613	0	0	1	0.1	0.171170245174	0.0257202330728116	0.119894133166141	0.22261561700406	0.102721483837919	0	0	1	0.2	0.366596868443365	0.0549600758231091	0.256279967645476	0.475441415982269	0.219161448336793	0	0	2	0.1	0.179528017728657	0.0269506483617553	0.126476249502299	0.229297690828359	0.10282144132606	0	0	2	0.2	0.394703376945171	0.0592751657432648	0.278450482016821	0.507103207487089	0.228652725470268	0	0	3	0.1	0.191678390954392	0.0287870924370186	0.135409203623605	0.246372507031048	0.110963303407443	0	0	3	0.2	0.424815800785783	0.063800073293294	0.302331895421498	0.548755091729247	0.246423196307749
500	0	0	0	0.1	0.282056419196878	0.0309437817143462	0.226115957500558	0.346920976683653	0.120805019183094	0	0	0	0.2	0.515157650426511	0.0560027191481507	0.413442356021706	0.632872516875133	0.219430160853426	0	0	1	0.1	0.239075516437789	0.0264383694185254	0.190680771395185	0.293252192661685	0.1025714212665	0	0	1	0.2	0.506971494993891	0.0557515630359296	0.404871519157865	0.624786066795309	0.219914547637444	0	0	2	0.1	0.245596722953796	0.0272625894367393	0.196463910655512	0.301970707700414	0.105506797044901	0	0	2	0.2	0.536722419147366	0.0595508975562404	0.429969023579593	0.656785675745784	0.22681665216619	0	0	3	0.1	0.25937982222004	0.0289553578200494	0.207209684188486	0.31644749683086	0.109237812642374	0	0	3	0.2	0.57227809285857	0.0638135975102705	0.457520580436107	0.699995956076867	0.242475375640761
592	0	0	0	0.1	0.222805306345281	0.0287494828106456	0.168118578634851	0.27975004481152	0.111631466176669	0	0	0	0.2	0.410176029491097	0.0523415691833964	0.311039629558598	0.512798693536631	0.201759063978033	0	0	1	0.1	0.192674370739732	0.0243857879479703	0.147095077934442	0.239615759240865	0.0925206813064236	0	0	1	0.2	0.411540505628249	0.051741243774111	0.315882858765604	0.512670589263031	0.196787730497428	0	0	2	0.1	0.201334326495463	0.0252115715182966	0.153963371899894	0.250886664520614	0.09692329262072	0	0	2	0.2	0.441824922405282	0.0552902645488958	0.338223394442542	0.551806992909556	0.213583598467014	0	0	3	0.1	0.214604165698879	0.0268413322930771	0.164583164326386	0.268523354043624	0.103940189717238	0	0	3	0.2	0.474949121128038	0.0594149836546951	0.363122885465961	0.592708723627709	0.229585838161748
312	0	0	0	0.1	0.178559701145058	0.0292414311478345	0.121136213336632	0.238321616363158	0.117185403026527	0	0	0	0.2	0.326916969218697	0.053116231570506	0.222694425210394	0.433350299869655	0.210655874659261	0	0	1	0.1	0.152936129847488	0.0246988391475591	0.104088366590504	0.203748068989538	0.0996597023990338	0	0	1	0.2	0.32536324273544	0.0524566778169337	0.222799461037176	0.434876614248692	0.212077153211516	0	0	2	0.1	0.158669292979284	0.0255604368898305	0.108402511526143	0.211289519220091	0.102887007693948	0	0	2	0.2	0.347343692270457	0.0559682122173412	0.236451545620145	0.462825474556548	0.226373928936403	0	0	3	0.1	0.168535154071838	0.0271836131416176	0.114012576753631	0.224853850582596	0.110841273828965	0	0	3	0.2	0.372086779559898	0.0600377119968598	0.253503703139803	0.495334065789282	0.241830362649479
285	0	0	0	0.1	0.162660152760161	0.0265119930409853	0.11044229106634	0.213831761742229	0.103389470675889	0	0	0	0.2	0.299088376774362	0.0485047371236475	0.202418994880961	0.393517098861217	0.191098103980256	0	0	1	0.1	0.143213424871075	0.0232723063757708	0.0966855084165015	0.189631045139357	0.0929455367228557	0	0	1	0.2	0.30574176574912	0.0496195187520118	0.206339128834473	0.401583480577005	0.195244351742532	0	0	2	0.1	0.151125144811721	0.0246337271527226	0.102004435373195	0.198278519658808	0.0962740842856133	0	0	2	0.2	0.331355679752873	0.0540213547791434	0.223299985577126	0.434946744862163	0.211646759285037	0	0	3	0.1	0.162022970854656	0.0264779676125108	0.109590190550417	0.213480327538822	0.103890136988405	0	0	3	0.2	0.358123696201705	0.0585466734644744	0.240993911954305	0.471433017823168	0.230439105868863
457	0	0	0	0.1	0.214586684488687	0.028768361363417	0.158337485216575	0.273760689262158	0.115423204045583	0	0	0	0.2	0.394926438637499	0.0525800729201988	0.294445892839083	0.500721981840396	0.206276089001314	0	0	1	0.1	0.185414638391801	0.0249178942388113	0.138445942197587	0.23693845549622	0.0984925132986329	0	0	1	0.2	0.396321230039879	0.0531046191070824	0.294639070555595	0.506151569600066	0.211512499044472	0	0	2	0.1	0.194031380012828	0.0261467758562511	0.143107524401461	0.247135078734795	0.104027554333334	0	0	2	0.2	0.426014822585547	0.0574407801824297	0.314674613764978	0.543588842671519	0.228914228906541	0	0	3	0.1	0.207027382713657	0.0280485704302523	0.152393031011193	0.264868039460633	0.11247500844944	0	0	3	0.2	0.458285734318002	0.0620935429705783	0.336858238128426	0.585740795219815	0.248882557091389
480	0	0	0	0.1	0.146546572247082	0.0275231504362757	0.09263336410833	0.200409917707242	0.107776553598912	0	0	0	0.2	0.271268398786993	0.0505795326892382	0.172222454435277	0.370238621173979	0.198016166738702	0	0	1	0.1	0.130144520202106	0.0242735649250818	0.0823227447880791	0.178596821926698	0.0962740771386189	0	0	1	0.2	0.278565450910357	0.0517711051113468	0.175830620448548	0.380373971865032	0.204543351416485	0	0	2	0.1	0.137582857813417	0.025565132460986	0.0866639003237464	0.186881170614136	0.100217270290389	0	0	2	0.2	0.302226971003651	0.0560562402901927	0.191368292758649	0.411084535380862	0.219716242622213	0	0	3	0.1	0.14757582808105	0.0273838978959664	0.0929776282149611	0.200187596238834	0.107209968023872	0	0	3	0.2	0.326669281972799	0.0605957682693378	0.207091991502283	0.441443593458398	0.234351601956114
455	0	0	0	0.1	0.234138432769642	0.0276709502876793	0.176806638328125	0.287891291063476	0.111084652735351	0	0	0	0.2	0.428780957235725	0.0502361076831387	0.325865487920587	0.523341172325459	0.197475684404872	0	0	1	0.1	0.199695898639971	0.0236079299553833	0.152467877968609	0.244078769615361	0.0916108916467523	0	0	1	0.2	0.425018830463949	0.0500629733524417	0.327044130260473	0.51831439252525	0.191270262264777	0	0	2	0.1	0.206802285629579	0.0244781971599727	0.158626499937529	0.253462724407144	0.0948362244696154	0	0	2	0.2	0.452883385496712	0.0536228888043778	0.346617263038528	0.55450381153447	0.207886548495942	0	0	3	0.1	0.2194109315512	0.0259995968280525	0.166650969615777	0.267055568595212	0.100404598979435	0	0	3	0.2	0.484688346676049	0.0577596356172735	0.36717218433814	0.591462618459018	0.224290434120878
199	0	0	0	0.1	0.185723743364388	0.0276157316091474	0.128838538197544	0.238339959219823	0.109501421022279	0	0	0	0.2	0.342977296773417	0.0505588203868614	0.238858901403306	0.441018671414216	0.202159770010909	0	0	1	0.1	0.162055177100816	0.0238231733125824	0.113866585996184	0.209386563066226	0.0955199770700414	0	0	1	0.2	0.34671048187843	0.0507413372679385	0.243040854393187	0.444696691847773	0.201655837454586	0	0	2	0.1	0.170078835375191	0.0249058646267286	0.119380494596237	0.219508655551577	0.10012816095534	0	0	2	0.2	0.373595571380805	0.0546215173782894	0.261064290814111	0.48342622377212	0.222361932958009	0	0	3	0.1	0.181664005900538	0.0266439381034011	0.127442688861737	0.236082711952235	0.108640023090498	0	0	3	0.2	0.402353153588	0.0589247621721813	0.281732880925581	0.522646394387092	0.240913513461511
247	0	0	0	0.1	0.217038063466148	0.0278771125821944	0.16293598688742	0.269685963205275	0.106749976317856	0	0	0	0.2	0.398678499225195	0.0508883032006922	0.29807588684479	0.499837220657987	0.201761333813197	0	0	1	0.1	0.186261431678404	0.0240042696250816	0.139163960820662	0.232036797555361	0.0928728367346991	0	0	1	0.2	0.397156132090251	0.0511008634353955	0.297159848148607	0.497116518769356	0.199956670620749	0	0	2	0.1	0.193671240694331	0.0250753696678904	0.145171920498916	0.241019007440101	0.0958470869411843	0	0	2	0.2	0.424600922829449	0.0550022344964441	0.317733182397996	0.526770883592949	0.209037701194953	0	0	3	0.1	0.205890180306069	0.0267753028606849	0.154270659625508	0.253679828993969	0.0994091693684613	0	0	3	0.2	0.455199532445567	0.0594158732904039	0.342136317449378	0.566157576297614	0.224021258848236
320	0	0	0	0.1	0.212139679499516	0.0286012684272449	0.157792491472791	0.268126369606348	0.110333878133557	0	0	0	0.2	0.388606567367273	0.0519392536134258	0.288515755256959	0.492118456510945	0.203602701253986	0	0	1	0.1	0.183622097816593	0.0245850037194977	0.136411355053601	0.23241098636281	0.0959996313092093	0	0	1	0.2	0.389949964294842	0.0519750903616472	0.288999636078645	0.492871528395722	0.203871892317077	0	0	2	0.1	0.190763239431748	0.0254776108319558	0.140492832600966	0.239859803023153	0.0993669704221868	0	0	2	0.2	0.417120368233581	0.0556879430194253	0.307557991041658	0.526699431866386	0.219141440824728	0	0	3	0.1	0.202698332671301	0.0271159259338539	0.149339924572852	0.25555017370167	0.106210249128818	0	0	3	0.2	0.447371197542616	0.0598859430760229	0.329578398356007	0.564459327567929	0.234880929211922
482	0	0	0	0.1	0.172465156124636	0.0287582567664279	0.116688875643704	0.227091027076613	0.110402151432909	0	0	0	0.2	0.318241623555828	0.0526745094283905	0.214040557492206	0.417274206637628	0.203233649145421	0	0	1	0.1	0.151004333352965	0.0251817373108333	0.101735860637941	0.201135358198778	0.099399497560837	0	0	1	0.2	0.322127404977519	0.05351859818724	0.21738867757305	0.428350196582805	0.210961519009755	0	0	2	0.1	0.157967034451773	0.0263913312691929	0.106783451525653	0.211186126836139	0.104402675310487	0	0	2	0.2	0.346380326189958	0.0577641186594887	0.234108345419876	0.46333167158332	0.229223326163444	0	0	3	0.1	0.168397942651992	0.0281821394016604	0.113253875974617	0.225139262927597	0.11188538695298	0	0	3	0.2	0.372538694738857	0.0622955391322828	0.253071566216506	0.496648668851727	0.243577102635222
288	0	0	0	0.1	0.208875828539644	0.0287862175314096	0.152164156209854	0.26452383476931	0.112359678559456	0	0	0	0.2	0.381465723522393	0.0521457732823771	0.278166084044395	0.482528649168568	0.204362565124173	0	0	1	0.1	0.177836346791368	0.0244565845133503	0.1287914479021	0.224459724472559	0.0956682765704591	0	0	1	0.2	0.377276340430118	0.0516853041937453	0.271962389175412	0.469716614224316	0.197754225048904	0	0	2	0.1	0.183452983180996	0.0251976359194834	0.131147297495024	0.23054830909567	0.0994010116006466	0	0	2	0.2	0.400952303370402	0.0550266663865518	0.286772124259844	0.503219413701091	0.216447289441248	0	0	3	0.1	0.19416138050813	0.0266768976646248	0.139058153513308	0.244067955318191	0.105009801804883	0	0	3	0.2	0.428533388442646	0.058810361398974	0.306772907550958	0.539383819317408	0.23261091176645
602	0	0	0	0.1	0.217163970261523	0.0301096088346721	0.158568832279252	0.274077311474216	0.115508479194964	0	0	0	0.2	0.397473542795716	0.0546428718728465	0.288641279278418	0.500736945293959	0.212095666015541	0	0	1	0.1	0.185447678907757	0.0255631851303433	0.13654425724798	0.234171337729978	0.0976270804819983	0	0	1	0.2	0.394234943185385	0.0541761959836972	0.290219109233203	0.496055583104438	0.205836473871235	0	0	2	0.1	0.191863407213762	0.0264716136555687	0.14125629596783	0.242389101030919	0.101132805063089	0	0	2	0.2	0.419864755658151	0.0578848307833655	0.309432824334895	0.529630116071521	0.220197291736626	0	0	3	0.1	0.203434842194585	0.0281504295740759	0.149895418932141	0.25712531148497	0.107229892552829	0	0	3	0.2	0.449227700797525	0.0622090999184811	0.330192361377945	0.568118632798278	0.237926271420333
403	0	0	0	0.1	0.182627705819525	0.0287135686111974	0.128849798059151	0.238291798331525	0.109442000272374	0	0	0	0.2	0.339703286012416	0.0532878446077251	0.240292730942958	0.445604428365796	0.205311697422838	0	0	1	0.1	0.162244523942789	0.0255670000560243	0.114521572085083	0.213411926586227	0.098890354501144	0	0	1	0.2	0.348074892662587	0.054891267542813	0.247288334700608	0.459298489685129	0.212010154984521	0	0	2	0.1	0.171370056169662	0.0271738851613986	0.120896057982029	0.227066714654061	0.106170656672031	0	0	2	0.2	0.377141961478397	0.0598976466830565	0.264842586014244	0.500900205358246	0.236057619344001	0	0	3	0.1	0.183551328791537	0.0292530899955765	0.129120817593321	0.242761951649097	0.113641134055776	0	0	3	0.2	0.407345274222585	0.0650082365121558	0.286307315598008	0.541778888200136	0.255471572602128
263	0	0	0	0.1	0.250432021657562	0.0300077631834592	0.193884196706798	0.309249139921182	0.115364943214383	0	0	0	0.2	0.462275003740555	0.0545526358919245	0.358888503412326	0.571776084951526	0.2128875815392	0	0	1	0.1	0.21765984327916	0.0256746460390359	0.168134026284088	0.267789107895767	0.0996550816116789	0	0	1	0.2	0.464678788009187	0.0545515708148589	0.358517142401454	0.569912130499681	0.211394988098227	0	0	2	0.1	0.226911387058445	0.0267847596627603	0.174122643022209	0.279857890641933	0.105735247619724	0	0	2	0.2	0.497948076950584	0.0588256951105506	0.382261325919396	0.616502878235293	0.234241552315897	0	0	3	0.1	0.24139533811704	0.0286862224055895	0.185184305953248	0.300359283185041	0.115174977231793	0	0	3	0.2	0.534326965700981	0.0635530331334473	0.412543383054103	0.667079572518198	0.254536189464095
254	0	0	0	0.1	0.229975668623471	0.0293718844657675	0.171715384275401	0.284944374355229	0.113228990079827	0	0	0	0.2	0.422227803536433	0.0533915824137806	0.315695268121092	0.525912316569642	0.21021704844855	0	0	1	0.1	0.195791053291737	0.0252103990381723	0.147046239639607	0.245241033452395	0.098194793812788	0	0	1	0.2	0.417476936372825	0.0534670381221809	0.31356842529776	0.521710445746393	0.208142020448633	0	0	2	0.1	0.20271414791753	0.0261488650269214	0.152905653017182	0.252149571033097	0.0992439180159146	0	0	2	0.2	0.444466728435039	0.057271727562093	0.335462216229619	0.556858384998251	0.221396168768632	0	0	3	0.1	0.215032804407257	0.0278131159593008	0.162375776107273	0.269117961213829	0.106742185106556	0	0	3	0.2	0.475472831632331	0.0615056823036087	0.36028907009629	0.596676738481807	0.236387668385517
292	0	0	0	0.1	0.261840456421346	0.0289658043053396	0.206004805200136	0.31858430978024	0.112579504580105	0	0	0	0.2	0.48131083521404	0.0524349030926878	0.379334239417385	0.585049988668471	0.205715749251085	0	0	1	0.1	0.22464949004102	0.0244945633414125	0.176450945470469	0.270378761420807	0.0939278159503377	0	0	1	0.2	0.479455656059361	0.0518859034369023	0.378744387261235	0.576338860387581	0.197594473126347	0	0	2	0.1	0.233632839885112	0.025292239557436	0.184247544106486	0.280775479185418	0.0965279350789322	0	0	2	0.2	0.512583402581284	0.0554959320552136	0.406870111184969	0.61615240457913	0.209282293394161	0	0	3	0.1	0.248400811128279	0.0268987540448547	0.196405469598872	0.299231704306089	0.102826234707217	0	0	3	0.2	0.549597803661095	0.0596223181812515	0.436126747084654	0.660745818513035	0.224619071428381
508	0	0	0	0.1	0.288352422986916	0.0297993376787035	0.233307526263333	0.346459949515099	0.113152423251766	0	0	0	0.2	0.53272602562556	0.0544765726085699	0.430767234000591	0.639786534019456	0.209019300018864	0	0	1	0.1	0.253532230526938	0.0261742524790734	0.205294538199341	0.306875395570257	0.101580857370916	0	0	1	0.2	0.541044536196464	0.05564485439641	0.438119894353219	0.651831811321294	0.213711916968075	0	0	2	0.1	0.265430876154434	0.0274300392846238	0.214228918806439	0.321177754891693	0.106948836085254	0	0	2	0.2	0.582110814951856	0.0602975815459189	0.471633788790533	0.704276376661582	0.232642587871049	0	0	3	0.1	0.282907342810422	0.0293930488324636	0.227246479485496	0.343088777478359	0.115842297992864	0	0	3	0.2	0.625964695596694	0.065141953804067	0.5037991113169	0.757934841229803	0.254135729912903
562	0	0	0	0.1	0.235351591902505	0.0295317967064258	0.178204801452462	0.292326962063069	0.114122160610607	0	0	0	0.2	0.432780471470372	0.0535165982335639	0.329114059877258	0.533430955388462	0.204316895511203	0	0	1	0.1	0.20356705318505	0.0251730290568527	0.154488027577989	0.250395531162698	0.0959075035847086	0	0	1	0.2	0.434373378057284	0.0532638009561732	0.329717058821045	0.534431391020568	0.204714332199523	0	0	2	0.1	0.212573938530377	0.0260690666503497	0.160719177843028	0.262246957905192	0.101527780062164	0	0	2	0.2	0.466150545551678	0.0569484277522849	0.352821017532325	0.575457816470884	0.222636798938559	0	0	3	0.1	0.226484710026269	0.0277364038261335	0.171230200762645	0.279600749134675	0.10837054837203	0	0	3	0.2	0.500926757645537	0.0613156660389262	0.377574164671845	0.619211149041061	0.241636984369216
277	0	0	0	0.1	0.259292225976778	0.0284029125610833	0.202504831201635	0.316438029028597	0.113933197826962	0	0	0	0.2	0.477331011745448	0.0516418637059189	0.373353746562432	0.580181027476177	0.206827280913745	0	0	1	0.1	0.230093653109543	0.0252203175922679	0.180222824692891	0.28177192713607	0.101549102443179	0	0	1	0.2	0.489999110482549	0.0533456670666629	0.385412675934582	0.598100872620314	0.212688196685732	0	0	2	0.1	0.242037581641082	0.0265387998610898	0.191112381255087	0.296856369670642	0.105743988415554	0	0	2	0.2	0.529898659191137	0.0578918644207886	0.417536043221715	0.651067930341635	0.233531887119921	0	0	3	0.1	0.258856452163064	0.0284098799971557	0.203774729491454	0.316863105704933	0.113088376213479	0	0	3	0.2	0.571619227378455	0.0627548411057117	0.449397183387385	0.694995301986173	0.245598118598788
387	0	0	0	0.1	0.219738130145283	0.0283291838751034	0.165983502773157	0.274496961836892	0.108513459063735	0	0	0	0.2	0.401015339607711	0.0512987700187403	0.302801564504047	0.499538911677453	0.196737347173406	0	0	1	0.1	0.187357680820245	0.0242634566905458	0.140374775953295	0.234418018807012	0.0940432428537175	0	0	1	0.2	0.398084345435909	0.0512427575269746	0.298530163368455	0.497849908124919	0.199319744756465	0	0	2	0.1	0.194175125941755	0.0250854673321041	0.144784519106303	0.244779047382082	0.0999945282757787	0	0	2	0.2	0.424584255124246	0.0547450685927572	0.317577211232556	0.534393549702458	0.216816338469902	0	0	3	0.1	0.206109831559911	0.0267171837832937	0.153600639929822	0.260313622204025	0.106712982274203	0	0	3	0.2	0.454807004568561	0.0588218687069247	0.339759365578875	0.57537258787775	0.235613222298875
221	0	0	0	0.1	0.22644938908444	0.0273302208396741	0.171017086198321	0.277909287507904	0.106892201309583	0	0	0	0.2	0.417708599188953	0.0500783975327474	0.315754616580079	0.512321371128416	0.196566754548337	0	0	1	0.1	0.196965074344159	0.0239341580949975	0.148096076126082	0.243250249685965	0.0951541735598834	0	0	1	0.2	0.421645248853099	0.051022367898096	0.31766306349599	0.519669795931073	0.202006732435083	0	0	2	0.1	0.206919425687179	0.025160980398543	0.155587151713106	0.257323084160687	0.101735932447582	0	0	2	0.2	0.45461821200692	0.0553187228584631	0.342728002617326	0.56484550443909	0.222117501821764	0	0	3	0.1	0.221156262866389	0.0270279184526381	0.166650969615777	0.274696131205859	0.108045161590081	0	0	3	0.2	0.489891298701894	0.0599068736866678	0.370495583571309	0.607993210806482	0.237497627235173
434	0	0	0	0.1	0.205115219998648	0.0280971576395489	0.149263626238325	0.258348934154455	0.10908530791613	0	0	0	0.2	0.375268382829211	0.050971664259968	0.272929478532123	0.468094318964583	0.19516484043246	0	0	1	0.1	0.175711258613283	0.0238805246518707	0.128150812795577	0.219801968384443	0.091651155588866	0	0	1	0.2	0.374359495800721	0.0506803518997371	0.273390949423739	0.467551780408504	0.194160830984766	0	0	2	0.1	0.183083277280344	0.0247699695824545	0.133091442626053	0.230172091365625	0.0970806487395714	0	0	2	0.2	0.400954357928384	0.0542058559335365	0.291529178209453	0.503897706520721	0.212368528311268	0	0	3	0.1	0.194926255096297	0.02634968179146	0.141644338905234	0.245588734519801	0.103944395614567	0	0	3	0.2	0.43056813566942	0.0582683710638987	0.312429696783044	0.5428068929367	0.230377196153656
620	0	0	0	0.1	0.258063508182333	0.0294301308937211	0.199289283310449	0.315486257462763	0.116196974152314	0	0	0	0.2	0.475351950548059	0.0533618789050229	0.369100564692309	0.580538820402565	0.211438255710256	0	0	1	0.1	0.222521800302442	0.0250723094723097	0.174542788230229	0.271731175173296	0.0971883869430669	0	0	1	0.2	0.475499938641355	0.0531908399776358	0.375013736447673	0.578946959629167	0.203933223181494	0	0	2	0.1	0.232103809416542	0.0259748394235653	0.183880674438758	0.281976216590174	0.0980955421514154	0	0	2	0.2	0.509545753026929	0.0568872319466815	0.402989853523457	0.621094037558308	0.218104184034851	0	0	3	0.1	0.247170578631607	0.0276837584816451	0.195543454250277	0.301302660615239	0.105759206364962	0	0	3	0.2	0.547125857355244	0.0611588844455324	0.432352887900537	0.665495147687907	0.233142259787369
558	0	0	0	0.1	0.161680069558146	0.0280929938914483	0.109669184822587	0.213679667641405	0.104010482818818	0	0	0	0.2	0.299059564512839	0.051753095116896	0.202491317904883	0.393780590814799	0.191289272909915	0	0	1	0.1	0.141367016543632	0.0245542109541122	0.0959427582692798	0.186730337900975	0.0907875796316948	0	0	1	0.2	0.302488362174898	0.0524767585422528	0.205313947043808	0.399530065837265	0.194216118793457	0	0	2	0.1	0.148309509387243	0.0258468336469526	0.100387721412323	0.19625657804581	0.0958688566334877	0	0	2	0.2	0.325791674839135	0.0567617011477222	0.218798193889218	0.431147815422842	0.212349621533624	0	0	3	0.1	0.158349296527596	0.0276476977590824	0.105950429593612	0.209406110835659	0.103455681242047	0	0	3	0.2	0.350782714644694	0.0613021527795097	0.236246777241677	0.464999945794658	0.228753168552981
260	0	0	0	0.1	0.205607991971301	0.0268364342729785	0.156749196321009	0.260247754638161	0.103498558317152	0	0	0	0.2	0.380391023894079	0.0490225428957117	0.291689730329841	0.476662129634283	0.184972399304442	0	0	1	0.1	0.180591645983715	0.0231843978110205	0.137751880821194	0.227276661287512	0.0895247804663173	0	0	1	0.2	0.387639702389151	0.0494488564639033	0.296536887633203	0.487501644214258	0.190964756581055	0	0	2	0.1	0.190929953398956	0.0243270051410094	0.145394351035132	0.24133960929947	0.0959452582643376	0	0	2	0.2	0.420131285881283	0.0534641075605742	0.318264672420634	0.530476050700426	0.212211378279792	0	0	3	0.1	0.204850665966208	0.0260533500520759	0.155214876374702	0.259366627459379	0.104151751084677	0	0	3	0.2	0.454155642348516	0.0577497434238789	0.341713017692786	0.577027712473381	0.235314694780595
494	0	0	0	0.1	0.210021492312457	0.0272886819570561	0.160862407476148	0.264710928568374	0.103848521092226	0	0	0	0.2	0.387003493682375	0.0495501356645228	0.299278681882571	0.488110277603294	0.188831595720723	0	0	1	0.1	0.184563306852787	0.0234884249104093	0.142298746608524	0.231912357012661	0.0896136104041368	0	0	1	0.2	0.39475340424165	0.0498876192092471	0.303281853547337	0.495465274182643	0.192183420635306	0	0	2	0.1	0.194763419334842	0.024549355145561	0.149116765304577	0.244062730394846	0.0949459650902687	0	0	2	0.2	0.427558250546341	0.0537013594503562	0.326865698667321	0.533586114993496	0.206720416326175	0	0	3	0.1	0.208836341950313	0.0262404306065172	0.159727456373797	0.260168072206698	0.100440615832901	0	0	3	0.2	0.462066508524329	0.0579758884284739	0.35246004910722	0.576888493012883	0.224428443905662
337	0	0	0	0.1	0.222403023486507	0.0306982217127916	0.161930235767882	0.282005592723347	0.120075356955466	0	0	0	0.2	0.405229802998381	0.0553583967112386	0.296591333808042	0.513604842537239	0.217013508729198	0	0	1	0.1	0.19008118411678	0.0258617535135065	0.139504930243195	0.241176311598856	0.101671381355661	0	0	1	0.2	0.40176641232832	0.0544010418614055	0.294957434924733	0.508705011480754	0.213747576556021	0	0	2	0.1	0.195499818670705	0.0264616348840118	0.143120914253212	0.248025703232798	0.104904788979586	0	0	2	0.2	0.42626143788172	0.0576026621531309	0.311014160212722	0.541084683109207	0.230070522896485	0	0	3	0.1	0.2066002436929	0.0279573804643036	0.151226273024022	0.262695567182794	0.111469294158772	0	0	3	0.2	0.454904156836911	0.0615316858018817	0.33214765770076	0.579193106111539	0.247045448410778
163	0	0	0	0.1	0.191520052108145	0.0278896115603087	0.141210913566331	0.247606451875981	0.10639553830965	0	0	0	0.2	0.34983912945432	0.0505993380597061	0.254728789632482	0.451522637140045	0.196793847507563	0	0	1	0.1	0.166559608389158	0.0242300261461393	0.122433394302255	0.215566455127535	0.0931330608252797	0	0	1	0.2	0.353554893205742	0.0512270446537131	0.25893182611089	0.457457442494868	0.198525616383978	0	0	2	0.1	0.173917722313843	0.0252639181192803	0.12728733752906	0.225968687884227	0.0986813503551673	0	0	2	0.2	0.380005281011473	0.0551338764757903	0.278258524436752	0.494050530484255	0.215792006047502	0	0	3	0.1	0.185413852728712	0.0269423991061048	0.136048314300528	0.241432535199112	0.105384220898584	0	0	3	0.2	0.408701648749633	0.0594863692320207	0.298157038341886	0.531810244514695	0.233653206172809
607	0	0	0	0.1	0.221041598935061	0.0287298227170649	0.167805910002686	0.275999326111258	0.108193416108573	0	0	0	0.2	0.405204094574693	0.0520735701437331	0.306693033941316	0.503348789323826	0.19665575538251	0	0	1	0.1	0.18653363601591	0.0240343902006406	0.140669142773694	0.233573632276123	0.092904489502429	0	0	1	0.2	0.397683329811775	0.0509712984291062	0.298670814004087	0.498240931874583	0.199570117870496	0	0	2	0.1	0.192611257073083	0.0248003368412609	0.145168030049198	0.241808054276909	0.0966400242277116	0	0	2	0.2	0.42230066399986	0.0542130030905853	0.318448957662485	0.529597228918747	0.211148271256263	0	0	3	0.1	0.204020859758889	0.0263085079603396	0.153656837014579	0.256687564179902	0.103030727165323	0	0	3	0.2	0.451202274439658	0.0580856937549384	0.341026384176095	0.56615575195637	0.225129367780275
296	0	0	0	0.1	0.224309395412911	0.0311722129729571	0.165039519583492	0.289431363214643	0.124391843631152	0	0	0	0.2	0.413586539061487	0.0568122780059497	0.303798951911154	0.532103942377703	0.228304990466549	0	0	1	0.1	0.196477126899163	0.0270523062381132	0.14530441056158	0.250265738133818	0.104961327572238	0	0	1	0.2	0.4189007144921	0.0572712238123046	0.309732882447044	0.534928745478182	0.225195863031138	0	0	2	0.1	0.205440374594954	0.0280994247666006	0.150882136991824	0.26318914200022	0.112307005008396	0	0	2	0.2	0.450320039369235	0.0615116026884782	0.330150778471425	0.575430602493424	0.245279824021999	0	0	3	0.1	0.218959906660481	0.0299460636461358	0.159641703075613	0.281113551334316	0.121471848258704	0	0	3	0.2	0.484186137589461	0.0661645151437426	0.352563645714871	0.622890072635045	0.270326426920173
499	0	0	0	0.1	0.234147378738835	0.0274719869712957	0.181519211505247	0.290598416717871	0.109079205212624	0	0	0	0.2	0.437020315057944	0.0507860244201994	0.341635368938971	0.539939997569826	0.198304628630855	0	0	1	0.1	0.210191494804617	0.0246044141815714	0.163116560008793	0.25992270209181	0.0968061420830172	0	0	1	0.2	0.452433278070555	0.0527154042122659	0.352757572149595	0.558114425128131	0.205356852978536	0	0	2	0.1	0.223575288546405	0.0261476516910803	0.173310798019288	0.273671265339965	0.100360467320677	0	0	2	0.2	0.492964239411215	0.0576728781994681	0.382390742263833	0.603132046813118	0.220741304549285	0	0	3	0.1	0.240465731012733	0.0282354135314633	0.186270924823911	0.293710160958464	0.107439236134553	0	0	3	0.2	0.534257631510343	0.0628004653187282	0.414341228968521	0.651671837042358	0.237330608073837
106	0	0	0	0.1	0.207958580941563	0.0291607335569166	0.14830005778318	0.267028137491914	0.118728079708735	0	0	0	0.2	0.385587050581298	0.053478795213745	0.275161409510953	0.491814852182526	0.216653442671574	0	0	1	0.1	0.185101702668143	0.0258278859578701	0.132885518511978	0.235913043571166	0.103027525059188	0	0	1	0.2	0.396560065506757	0.0549864784493372	0.284860573567559	0.504271091908402	0.219410518340843	0	0	2	0.1	0.195852701828377	0.0272356953099501	0.140331524444705	0.247784948687749	0.107453424243043	0	0	2	0.2	0.430615870711235	0.0597635517440098	0.31183417530755	0.545519539496716	0.233685364189167	0	0	3	0.1	0.210133850044129	0.0292391606908269	0.151105834774661	0.266489560421909	0.115383725647248	0	0	3	0.2	0.465726578366594	0.064782303752928	0.338127257392598	0.590474173566239	0.252346916173641
466	0	0	0	0.1	0.232516663675019	0.0289112755838819	0.180256450953079	0.289172632710742	0.108916181757663	0	0	0	0.2	0.42535342588861	0.0523058067624936	0.330082897789695	0.528026891046822	0.197943993257127	0	0	1	0.1	0.195687050199882	0.0240864241659341	0.151211435932113	0.243159842267778	0.0919484063356646	0	0	1	0.2	0.416566515103029	0.0510037900436715	0.322323866924139	0.518007879032822	0.195684012108682	0	0	2	0.1	0.201624877464096	0.0247598271249839	0.155253241263152	0.248984262683674	0.0937310214205221	0	0	2	0.2	0.44172496016097	0.0541985013250283	0.342967311407525	0.546828503956431	0.203861192548906	0	0	3	0.1	0.213345459947544	0.0262228438964765	0.1644987478847	0.265067610396575	0.100568862511875	0	0	3	0.2	0.471530813931883	0.0580838279483878	0.364187416337553	0.584143510534384	0.219956094196831
418	0	0	0	0.1	0.257205389000211	0.0306383050087584	0.198455545448059	0.318198266734577	0.119742721286519	0	0	0	0.2	0.474943788909046	0.0559931109569096	0.367575655643182	0.583607039453663	0.216031383810481	0	0	1	0.1	0.221492356201599	0.0263288801911532	0.171521869144114	0.272726509236033	0.101204640091919	0	0	1	0.2	0.47259074268736	0.0559509959275875	0.366687580580328	0.582248682467589	0.215561101887262	0	0	2	0.1	0.2295106655613	0.0272777398344526	0.177511324578948	0.283349240728542	0.105837916149594	0	0	2	0.2	0.503617601243344	0.05987406758605	0.39131583236346	0.61912491128042	0.22780907891696	0	0	3	0.1	0.243337150280013	0.0290231545239663	0.188748487220202	0.300060418336522	0.11131193111632	0	0	3	0.2	0.538811060569105	0.0643549529390568	0.417059574017821	0.665491888017447	0.248432313999626
223	0	0	0	0.1	0.231545156474423	0.0276905456035586	0.176454729420143	0.285126199616007	0.108671470195864	0	0	0	0.2	0.429149061668789	0.0506735905824661	0.327163911606228	0.528035743112035	0.200871831505807	0	0	1	0.1	0.204574697657	0.0242705858491017	0.155495058217541	0.252429069117696	0.0969340109001551	0	0	1	0.2	0.438124884911302	0.0517601952705991	0.332520949948515	0.538226359808674	0.205705409860159	0	0	2	0.1	0.215448718203904	0.0256011751801851	0.16340142816362	0.265560431441059	0.102159003277439	0	0	2	0.2	0.473638047217857	0.0563634969672828	0.360067961579183	0.582052530234193	0.22198456865501	0	0	3	0.1	0.230548067676602	0.0275862188456299	0.175155871440472	0.283752635942002	0.108596764501531	0	0	3	0.2	0.510902512157183	0.0613136400624322	0.389326758127592	0.628902609555958	0.239575851428367
563	0	0	0	0.1	0.22357867874927	0.028459961930363	0.168291799003189	0.279216956951145	0.110925157947957	0	0	0	0.2	0.413379369247863	0.052108523589509	0.311815588478824	0.514886537914419	0.203070949435594	0	0	1	0.1	0.194694210047299	0.0244186273441784	0.146098482738582	0.243237529754367	0.097139047015785	0	0	1	0.2	0.41671800553582	0.0519928378138516	0.314878662602013	0.51819418634628	0.203315523744267	0	0	2	0.1	0.20401588151914	0.0254036266465189	0.153922595508433	0.252489072010268	0.098566476501835	0	0	2	0.2	0.448329984656579	0.0557960705714215	0.338642967335053	0.556845663731387	0.218202696396334	0	0	3	0.1	0.217777636232105	0.0271060458439123	0.16494740766107	0.270037069516597	0.105089661855527	0	0	3	0.2	0.482506789290958	0.0601962993857332	0.36577737306421	0.598981952317118	0.233204579252908
475	0	0	0	0.1	0.19011420149681	0.0284065542770952	0.136282668074706	0.245466210308564	0.109183542233858	0	0	0	0.2	0.349911106885903	0.0518587806538018	0.249992878907222	0.451944627213577	0.201951748306355	0	0	1	0.1	0.164580538750119	0.0246339166997514	0.118158375377982	0.213504292531396	0.095345917153413	0	0	1	0.2	0.351627669325088	0.0524083840091652	0.252844394780403	0.454310216628421	0.201465821848018	0	0	2	0.1	0.172173921357089	0.0257217932399342	0.123851388791294	0.224689779178835	0.100838390387541	0	0	2	0.2	0.377856085482282	0.0564136416583708	0.269490665290792	0.490727014333699	0.221236349042906	0	0	3	0.1	0.183642913840801	0.0274773548417422	0.131687039831175	0.239240254153411	0.107553214322236	0	0	3	0.2	0.406426481390541	0.0607547182037429	0.29255484901063	0.528180761115419	0.235625912104789
390	0	0	0	0.1	0.215490313005337	0.0301177166304564	0.157932565865783	0.274915596666247	0.116983030800464	0	0	0	0.2	0.390523128144377	0.053921678738485	0.288650422401918	0.498556114940624	0.209905692538706	0	0	1	0.1	0.180817653200734	0.024967417439473	0.133373380588103	0.229887987307422	0.0965146067193194	0	0	1	0.2	0.382568147029711	0.0523914584990279	0.282404755931591	0.484657246713929	0.202252490782338	0	0	2	0.1	0.185721361716117	0.0253737200587708	0.136203940780096	0.234858706288344	0.098654765508248	0	0	2	0.2	0.405029135399861	0.0552063628527698	0.298046984486057	0.511976111694206	0.213929127208148	0	0	3	0.1	0.196241824127219	0.0268074094956508	0.144218911499413	0.247079517101208	0.102860605601795	0	0	3	0.2	0.432128196589347	0.0587906813155824	0.317808498528135	0.54305989384241	0.225251395314275
672	0	0	0	0.1	0.194977620619575	0.0265838153912828	0.143146126087498	0.248516701053693	0.105370574966195	0	0	0	0.2	0.361205605069445	0.0486589030412738	0.2657811974849	0.457231954506223	0.191450757021323	0	0	1	0.1	0.173974840177305	0.0235059661085686	0.127521527357512	0.219337060647057	0.0918155332895449	0	0	1	0.2	0.372885777665794	0.050118316645462	0.274016587688937	0.46982793193815	0.195811344249213	0	0	2	0.1	0.184631348927725	0.0248729514790255	0.135487223319343	0.232634581836116	0.0971473585167736	0	0	2	0.2	0.405902604740945	0.0545547706269694	0.298013410938287	0.510578272304761	0.212564861366475	0	0	3	0.1	0.19852544281335	0.0267922259011202	0.144833748577228	0.250078007715455	0.105244259138227	0	0	3	0.2	0.439660152493559	0.0591441487751872	0.321644141593578	0.554580910274717	0.232936768681138
461	0	0	0	0.1	0.206361193457631	0.0295012756010939	0.151651966436985	0.264071985049975	0.11242001861299	0	0	0	0.2	0.378757690178666	0.0538059300945942	0.277610716408804	0.484738635830864	0.20712791942206	0	0	1	0.1	0.176472613560154	0.0252229727448996	0.128207735457653	0.225534529117082	0.0973267936594286	0	0	1	0.2	0.375926282853931	0.0536749969404327	0.272004468718932	0.480644947944946	0.208640479226014	0	0	2	0.1	0.182977445090035	0.0262033299752016	0.134741638951529	0.234755916416556	0.100014277465028	0	0	2	0.2	0.401000306073562	0.057418126218727	0.29551790373197	0.514904671242335	0.219386767510366	0	0	3	0.1	0.194291572836448	0.0279305124935626	0.142194886663852	0.249898993536334	0.107704106872483	0	0	3	0.2	0.429539983692869	0.0616951513897599	0.316873738229803	0.55383456444425	0.236960826214448
365	0	0	0	0.1	0.24758078893185	0.0293004751341349	0.190206040222494	0.307870073901537	0.117664033679044	0	0	0	0.2	0.454317341131402	0.0531046621516359	0.350235896303561	0.566031985477608	0.215796089174047	0	0	1	0.1	0.215887914503895	0.0252564231209147	0.165942808126469	0.269290094145547	0.103347286019078	0	0	1	0.2	0.45922626727924	0.0533583440986219	0.354974516248639	0.573041970524624	0.218067454275985	0	0	2	0.1	0.225368654453684	0.0261955589164543	0.174911593572657	0.28152265532522	0.106611061752563	0	0	2	0.2	0.493219337189323	0.0572706043694573	0.38471074790873	0.618089797969013	0.233379050060283	0	0	3	0.1	0.240147673035761	0.0278400208155768	0.186733349970734	0.298281389551751	0.111548039581017	0	0	3	0.2	0.530232069263186	0.0615427308723457	0.411548348367402	0.660049413826447	0.248501065459045
230	0	0	0	0.1	0.184294153839376	0.0272310478724954	0.128718566238371	0.239246494145124	0.110527927906753	0	0	0	0.2	0.343437710896934	0.0503950394530215	0.240426652048079	0.447085881008925	0.206659228960846	0	0	1	0.1	0.16423332599955	0.0242071144843965	0.114267115338802	0.212948768235946	0.098681652897144	0	0	1	0.2	0.353381957227624	0.0519304544164585	0.246548136169303	0.457637140957169	0.211089004787866	0	0	2	0.1	0.174350478387194	0.0256905921834128	0.12136760642302	0.225695555112626	0.104327948689606	0	0	2	0.2	0.384394311736766	0.0566004339797507	0.268002682040583	0.49755759968013	0.229554917639548	0	0	3	0.1	0.187358283304084	0.0276485216287078	0.131308566719107	0.242712126580756	0.111403559861649	0	0	3	0.2	0.416178230466786	0.0614780606101739	0.29043870386414	0.53776024341044	0.247321539546301
685	0	0	0	0.1	0.217716961853874	0.0280463937708228	0.16052581167342	0.271748890303493	0.111223078630072	0	0	0	0.2	0.403908254692474	0.0516893104810197	0.300582196299057	0.506439442729203	0.205857246430146	0	0	1	0.1	0.192404884622222	0.0249504985852001	0.141658016060066	0.242353639402208	0.100695623342143	0	0	1	0.2	0.412043296518439	0.0532762538181379	0.305165441560862	0.520118030842276	0.214952589281415	0	0	2	0.1	0.202488314712892	0.0263542699817884	0.150636296938983	0.256758069333459	0.106121772394477	0	0	2	0.2	0.445143167899051	0.0579349400878081	0.329707714452577	0.564194925360599	0.234487210908022	0	0	3	0.1	0.216534320728074	0.028290660048011	0.160759963264658	0.274934882193889	0.114174918929231	0	0	3	0.2	0.480002988119201	0.0628107227699511	0.353288418183066	0.611668827997529	0.258380409814463
299	0	0	0	0.1	0.18844513210694	0.0291894185752814	0.131412943414495	0.244876491604429	0.113463548189934	0	0	0	0.2	0.34375855849018	0.0528753944347734	0.240716079034844	0.447784808986407	0.207068729951562	0	0	1	0.1	0.159342194451442	0.0244819564084893	0.111021115390801	0.207049408447554	0.0960282930567525	0	0	1	0.2	0.338199578143555	0.0517840050496706	0.236921899281281	0.441264140061345	0.204342240780065	0	0	2	0.1	0.164086090628725	0.025119223934385	0.115106520262465	0.21211233324277	0.0970058129803049	0	0	2	0.2	0.358772345586841	0.0548295638537759	0.251205032191634	0.464808791259821	0.213603759068187	0	0	3	0.1	0.173634372766442	0.0265738824241502	0.121069104953634	0.225807534613369	0.104738429659735	0	0	3	0.2	0.383061221375944	0.058542982233642	0.268068634729874	0.495906206545625	0.227837571815751
414	0	0	0	0.1	0.235543700343983	0.0295338580456821	0.177280328187781	0.294700469887758	0.117420141699976	0	0	0	0.2	0.432927350262071	0.0536647796025278	0.327037446264152	0.541736150147494	0.214698703883342	0	0	1	0.1	0.204410155831554	0.0253727160217186	0.156332539386358	0.256028853468551	0.0996963140821928	0	0	1	0.2	0.435154722959507	0.0535591599043661	0.333929803510663	0.543492009931979	0.209562206421316	0	0	2	0.1	0.212866777992668	0.0261944602768146	0.162532678579852	0.266229825763655	0.103697147183803	0	0	2	0.2	0.466114180051493	0.0571507872053776	0.357270016975157	0.582506483750058	0.225236466774901	0	0	3	0.1	0.226439045830407	0.0277786411701587	0.172817044177301	0.282457366058156	0.109640321880856	0	0	3	0.2	0.500192856330494	0.0612895403896544	0.382386307045463	0.624850325177395	0.242464018131932
564	0	0	0	0.1	0.202524576454873	0.0288447758378087	0.147856118365767	0.258894572041461	0.111038453675694	0	0	0	0.2	0.37043048978083	0.0523385742481582	0.271468145149007	0.472612586324466	0.201144441175459	0	0	1	0.1	0.173409625704241	0.0246053659973619	0.125613373503726	0.219685813908957	0.0940724404052309	0	0	1	0.2	0.368538193626114	0.0521089560742254	0.26619482236052	0.468275192740601	0.202080370380082	0	0	2	0.1	0.17979771585178	0.0254765171302237	0.13056512745943	0.228787183306782	0.0982220558473518	0	0	2	0.2	0.393298386170956	0.055682678296742	0.284556339892281	0.499971488712428	0.215415148820148	0	0	3	0.1	0.190853387440497	0.0271460743066533	0.137869551211434	0.243239458653957	0.105369907442524	0	0	3	0.2	0.421294552672885	0.0599049432371991	0.303072982138127	0.535945022318739	0.232872040180611
575	0	0	0	0.1	0.24733077775195	0.0303017368837193	0.191566187924567	0.309843991629476	0.118277803704909	0	0	0	0.2	0.453255926583472	0.0549095605582067	0.350065476475596	0.564750912534136	0.21468543605854	0	0	1	0.1	0.211996775120752	0.0259071261832483	0.163814533236424	0.266835651638781	0.103021118402357	0	0	1	0.2	0.451019953922287	0.054674057703962	0.35016719160221	0.567937356691669	0.217770165089459	0	0	2	0.1	0.219769519005132	0.0266486385633984	0.170003012124011	0.27642924856407	0.106426236440059	0	0	2	0.2	0.481140375273377	0.0582052861338925	0.372125401911012	0.606046011663505	0.233920609752493	0	0	3	0.1	0.233239949397219	0.0282390890834522	0.18094888803511	0.292642201541327	0.111693313506217	0	0	3	0.2	0.515186401897432	0.062339518107696	0.396496889710616	0.646902430510814	0.250405540800198
621	0	0	0	0.1	0.19157043298582	0.0274336054825681	0.138688877209664	0.243558360999724	0.10486948379006	0	0	0	0.2	0.356151346803162	0.0503999298290594	0.256935044375807	0.45040407652252	0.193469032146713	0	0	1	0.1	0.174500327557718	0.0246473010283676	0.125410916261508	0.220338744444974	0.0949278281834667	0	0	1	0.2	0.374261091335828	0.052632761606378	0.268728173905277	0.472180390876721	0.203452216971444	0	0	2	0.1	0.186585783561544	0.0263031961347352	0.134181478371946	0.233784181121325	0.0996027027493787	0	0	2	0.2	0.410295894914476	0.05779716870828	0.294732177889598	0.513564649360855	0.218832471471257	0	0	3	0.1	0.20137994886412	0.0284323472419909	0.144167878085004	0.25245025619774	0.108282378112736	0	0	3	0.2	0.446106850087103	0.0629997570458244	0.320264508063814	0.560245437353416	0.239980929289603
452	0	0	0	0.1	0.239899406416021	0.029305898161882	0.181505076262412	0.299127434287712	0.117622358025301	0	0	0	0.2	0.443273743341478	0.0532531180702172	0.336571820615923	0.548894926034565	0.212323105418642	0	0	1	0.1	0.207726484510998	0.0250486013826903	0.156846180884814	0.257985582832281	0.101139401947467	0	0	1	0.2	0.444383748192463	0.053175893140776	0.336254226929662	0.551943218172104	0.215688991242443	0	0	2	0.1	0.216869323340224	0.0260618024303504	0.164459380798263	0.269402024799032	0.104942644000768	0	0	2	0.2	0.476553830240895	0.0571918618866101	0.363117830422209	0.589768273867655	0.226650443445446	0	0	3	0.1	0.230858312328504	0.0278464570774193	0.175500792438929	0.286473942832765	0.110973150393836	0	0	3	0.2	0.511827973240954	0.0616903475469696	0.389515310222226	0.634219463828981	0.244704153606755
314	0	0	0	0.1	0.212703541506126	0.0275250836069927	0.159064469976076	0.26685140840032	0.107786938424244	0	0	0	0.2	0.397808788712074	0.050733490328063	0.298770210043444	0.494345492897871	0.195575282854428	0	0	1	0.1	0.192570244070603	0.0246201029753177	0.143891845925568	0.240788151631309	0.0968963057057411	0	0	1	0.2	0.414915570786232	0.0526613287451945	0.310674706829123	0.518092489980822	0.207417783151699	0	0	2	0.1	0.205676035185385	0.0262304406266003	0.152922037873604	0.2582273773355	0.105305339461896	0	0	2	0.2	0.453843591388195	0.0577365393093217	0.339436034127458	0.570428532345877	0.230992498218419	0	0	3	0.1	0.221766591391539	0.0283720886980835	0.164682605863588	0.279305008238712	0.114622402375124	0	0	3	0.2	0.492803547366045	0.0629236219916708	0.367163367719596	0.62014863795444	0.252985270234843
649	0	0	0	0.1	0.228619368892116	0.0284414633069255	0.173748681531785	0.284952762396674	0.111204080864888	0	0	0	0.2	0.419612839809529	0.051648674389536	0.319075245409264	0.520063018881837	0.200987773472573	0	0	1	0.1	0.195823934577842	0.0242081690610383	0.147434403654475	0.24247990416475	0.0950455005102756	0	0	1	0.2	0.418021841599233	0.0513622228458426	0.315780330319878	0.51678206367143	0.201001733351552	0	0	2	0.1	0.204073095067505	0.0251186105876872	0.154664399055298	0.252243626915271	0.0975792278599728	0	0	2	0.2	0.44764189471749	0.0550035770415435	0.337331000835524	0.55178999988987	0.214458999054346	0	0	3	0.1	0.217302260754138	0.0267315503722286	0.166103649172179	0.269041069453407	0.102937420281227	0	0	3	0.2	0.480685771961523	0.0591530929896257	0.363631400745929	0.594673566880196	0.231042166134266
661	0	0	0	0.1	0.183881873456993	0.0301605510648402	0.125235538856447	0.243562760672722	0.118327221816275	0	0	0	0.2	0.339048281425484	0.0552048291522604	0.231185115103328	0.448433909587858	0.21724879448453	0	0	1	0.1	0.157950348211916	0.0256881257896128	0.108784080385647	0.209352202192415	0.100568121806769	0	0	1	0.2	0.337263584581574	0.0546142621504537	0.234852429192725	0.444013970638491	0.209161541445765	0	0	2	0.1	0.164038026983312	0.0265669712050709	0.113806369094543	0.217550044030767	0.103743674936224	0	0	2	0.2	0.360032360054389	0.058249819308532	0.250714522185811	0.474618913261003	0.223904391075192	0	0	3	0.1	0.174240359201786	0.0282897553339662	0.12025412554121	0.228894227134369	0.108640101593159	0	0	3	0.2	0.385667263482775	0.0624893771168613	0.268736436152551	0.508189800273154	0.239453364120603
463	0	0	0	0.1	0.237175764014312	0.0275016083092945	0.184336795578159	0.293824937948848	0.109488142370689	0	0	0	0.2	0.433196671202601	0.049541087424958	0.33708117947187	0.535517745320015	0.198436565848145	0	0	1	0.1	0.20182921453912	0.0231100170577123	0.157690251835281	0.246696240205028	0.0890059883697461	0	0	1	0.2	0.429018500080755	0.0487797064922491	0.336449746321871	0.523310374405176	0.186860628083305	0	0	2	0.1	0.208925321660733	0.0238368722631624	0.162444586098526	0.254959652605258	0.0925150665067323	0	0	2	0.2	0.457074813909664	0.0519833016768982	0.356914362474765	0.557892822782661	0.200978460307896	0	0	3	0.1	0.221637406257602	0.0253375700672808	0.172342073166288	0.270948125516394	0.0986060523501055	0	0	3	0.2	0.489373760543371	0.0557624852541983	0.381221349658265	0.599035717851848	0.217814368193582
519	0	0	0	0.1	0.203383119359115	0.0289697074856534	0.150191910661687	0.261660966875418	0.111469056213731	0	0	0	0.2	0.377278381037701	0.0534263102477827	0.279918329239258	0.482116246424881	0.202197917185623	0	0	1	0.1	0.176216544481294	0.0251164082932043	0.130104850733318	0.225482749107448	0.0953778983741306	0	0	1	0.2	0.377998872950031	0.0537260149447402	0.279067760608767	0.482918801591271	0.203851040982503	0	0	2	0.1	0.184242379903156	0.0262816215413478	0.136436562631776	0.236401372281955	0.0999648096501791	0	0	2	0.2	0.405696804475979	0.0578655811842452	0.300248990284555	0.52012550018912	0.219876509904566	0	0	3	0.1	0.196363781475673	0.0280977813647197	0.145065366028696	0.253181070203967	0.108115704175271	0	0	3	0.2	0.435801126732767	0.0623516793295032	0.32215372807274	0.560216392540703	0.238062664467963
240	0	0	0	0.1	0.276976398904062	0.028955705769403	0.222459028548272	0.334410159844713	0.111951131296442	0	0	0	0.2	0.510719573658414	0.0526360245353467	0.410284444007343	0.614227018476731	0.203942574469388	0	0	1	0.1	0.244299013602279	0.0255377570080333	0.195616796059623	0.293184018522941	0.0975672224633179	0	0	1	0.2	0.520349200496675	0.0538956996462322	0.415589866280532	0.623526068984707	0.207936202704176	0	0	2	0.1	0.255807287290482	0.0266544431382042	0.204537583179105	0.306802435656628	0.102264852477523	0	0	2	0.2	0.560278434306539	0.0583097035858811	0.447072002777307	0.67194276520708	0.224870762429773	0	0	3	0.1	0.272744783100064	0.0285331708458799	0.217034789116425	0.327384034202568	0.110349245086143	0	0	3	0.2	0.60282763067091	0.0631844382778016	0.480881633753545	0.723486517532036	0.242604883778492
522	0	0	0	0.1	0.233991576111886	0.0281374349916479	0.181185280331385	0.290825635001258	0.109640354669873	0	0	0	0.2	0.43081255824045	0.050941776959127	0.333405336511614	0.531553637132452	0.198148300620839	0	0	1	0.1	0.20212236191507	0.0238454074138628	0.157952301075328	0.248970436919805	0.0910181358444764	0	0	1	0.2	0.431876365508838	0.0505491028719314	0.337415615806472	0.533087331987397	0.195671716180925	0	0	2	0.1	0.211159597155828	0.0247913053745287	0.165180500930977	0.259477774432687	0.0942972735017099	0	0	2	0.2	0.463450260573136	0.0543211168037905	0.361763094164236	0.571828156525799	0.210065062361563	0	0	3	0.1	0.2250384457062	0.0264692669529893	0.175606850251525	0.275723368059279	0.100116517807754	0	0	3	0.2	0.497998353100331	0.0585149608852253	0.388691494802647	0.612213283728994	0.223521788926346
406	0	0	0	0.1	0.200133055957396	0.0285249935130206	0.143684523006345	0.254180020457391	0.110495497451046	0	0	0	0.2	0.369638544810264	0.0523355560455757	0.26717130477971	0.469437202421182	0.202265897641472	0	0	1	0.1	0.173198842227516	0.0246439576147745	0.125883714144194	0.221455421770665	0.0955717076264711	0	0	1	0.2	0.370333924421905	0.0525755311242862	0.267898553504331	0.473553346017212	0.20565479251288	0	0	2	0.1	0.180763562962648	0.0257525256831228	0.131659617130625	0.23165968508206	0.100000067951435	0	0	2	0.2	0.397049770037635	0.0565811342450691	0.290242560198924	0.507206941107033	0.216964380908109	0	0	3	0.1	0.192550019404044	0.0275741617942946	0.139826040275897	0.247442407324565	0.107616367048668	0	0	3	0.2	0.42636489854502	0.0610345379220835	0.309668675971642	0.547095381343284	0.237426705371642
407	0	0	0	0.1	0.198954335686612	0.0290235580768171	0.143834227559916	0.257943881279542	0.114109653719626	0	0	0	0.2	0.362923560746937	0.0526297427487314	0.265672787768605	0.469094944103439	0.203422156334834	0	0	1	0.1	0.16860888836856	0.0246366177979076	0.123648920692974	0.218076906529337	0.0944279858363631	0	0	1	0.2	0.358532637562874	0.0521215545693414	0.262550386038367	0.462876086885865	0.200325700847498	0	0	2	0.1	0.174613703363836	0.0254170222339053	0.127641495200564	0.226110086929789	0.0984685917292257	0	0	2	0.2	0.381966317213946	0.0555387113481469	0.278707794889475	0.495164871530733	0.216457076641259	0	0	3	0.1	0.185307238509071	0.0269885082860944	0.136230546798247	0.240385109738129	0.104154562939881	0	0	3	0.2	0.408917077644484	0.0594294174381166	0.298784971581094	0.531382596152345	0.232597624571251
554	0	0	0	0.1	0.209026384868867	0.0296026714539697	0.148166992096458	0.26639076816442	0.118223776067962	0	0	0	0.2	0.381622248826916	0.0535081118598782	0.272537048839687	0.482985071854103	0.210448023014416	0	0	1	0.1	0.179388675185595	0.025073933400158	0.128674257438485	0.227196317774309	0.0985220603358248	0	0	1	0.2	0.380727599577501	0.0529923402958321	0.274454324754736	0.481637685494492	0.207183360739756	0	0	2	0.1	0.186073383453736	0.025922141720883	0.133960433360514	0.237356616150164	0.103396182789649	0	0	2	0.2	0.406621299398704	0.0566433915855861	0.294225184985458	0.521039853373743	0.226814668388285	0	0	3	0.1	0.197605761420419	0.0275839990052334	0.142750448037185	0.253079960775094	0.110329512737908	0	0	3	0.2	0.435788267037203	0.0608906686320009	0.316118295629454	0.559411034946222	0.243292739316768
454	0	0	0	0.1	0.205238930056892	0.0267687784645965	0.150767638350455	0.257277219311567	0.106509580961113	0	0	0	0.2	0.376804799500183	0.0486564282829762	0.279555759299416	0.47155434145898	0.191998582159563	0	0	1	0.1	0.175027143306079	0.0227389625356951	0.130746968405911	0.220102882302932	0.0893559138970211	0	0	1	0.2	0.373644535210419	0.0483126673629472	0.278202102661004	0.469088326674103	0.190886224013099	0	0	2	0.1	0.181911051769892	0.0236858548493031	0.136027171708847	0.228292993524587	0.09226582181574	0	0	2	0.2	0.399137486771147	0.0518483161123856	0.297512405951644	0.502108963038349	0.204596557086705	0	0	3	0.1	0.193404461112637	0.0252343402351615	0.143598270761315	0.243491493545305	0.0998932227839896	0	0	3	0.2	0.427825716013466	0.0558381466479271	0.318715824207551	0.538975937734771	0.22026011352722
572	0	0	0	0.1	0.243946004047459	0.0298688706238516	0.185975810816108	0.303748760170083	0.117772949353975	0	0	0	0.2	0.44527144290521	0.0539927042346612	0.337554055805073	0.552983963799155	0.215429907994082	0	0	1	0.1	0.208765744043802	0.0255108016482561	0.159591780832831	0.25999527212436	0.100403491291528	0	0	1	0.2	0.442656113651151	0.0538644985071721	0.338041279011023	0.550598771976947	0.212557492965925	0	0	2	0.1	0.215779961717729	0.0264302610586526	0.164561761027478	0.266998000919006	0.102436239891528	0	0	2	0.2	0.471312759080446	0.0576572331326622	0.359380150287743	0.58239081622521	0.223010665937467	0	0	3	0.1	0.228666610911751	0.0280459622095618	0.174687947076802	0.282586754275151	0.107898807198349	0	0	3	0.2	0.504194182603545	0.0619861677589318	0.382677905571701	0.621585124452133	0.238907218880432
578	0	0	0	0.1	0.203612639458319	0.0298457826052165	0.145546166169106	0.265225423134211	0.119679256965105	0	0	0	0.2	0.375836990733702	0.0548769919445414	0.270603271140312	0.48712402569555	0.216520754555239	0	0	1	0.1	0.175749762229818	0.0257941636628427	0.127513399944507	0.228921816385952	0.101408416441445	0	0	1	0.2	0.375513594944188	0.0550328358431158	0.272194033539467	0.489953510616154	0.217759477076686	0	0	2	0.1	0.182987163361745	0.0268964448035703	0.132198664399934	0.237341857226618	0.105143192826684	0	0	2	0.2	0.401719226614568	0.0590905472962783	0.289445024136807	0.51930363915089	0.229858615014083	0	0	3	0.1	0.194535606677122	0.0286042281061248	0.140121143173326	0.251633065010686	0.11151192183736	0	0	3	0.2	0.430824638883554	0.0635841292867342	0.311573154606371	0.557790020271941	0.246216865665571
448	0	0	0	0.1	0.254511156452144	0.0283137628810362	0.19968217259204	0.308609875982733	0.108927703390693	0	0	0	0.2	0.471902004262659	0.0517190505286234	0.376550499995088	0.575306277383228	0.19875577738814	0	0	1	0.1	0.227951557140756	0.0249492041652655	0.179167925088593	0.277228784342314	0.0980608592537205	0	0	1	0.2	0.487202678407847	0.0530322370884765	0.3834739162878	0.593403856238152	0.209929939950352	0	0	2	0.1	0.240670934394473	0.0262244342801568	0.188935267904614	0.291859386185489	0.102924118280875	0	0	2	0.2	0.528366596343393	0.057641724135222	0.416398648327205	0.640639855153054	0.224241206825848	0	0	3	0.1	0.257879550727284	0.028250548916258	0.202691778171866	0.314988252297531	0.112296474125665	0	0	3	0.2	0.570803578797985	0.0625977287453982	0.451570826014612	0.694440190726664	0.242869364712051
250	0	0	0	0.1	0.168554944306361	0.0272479232583681	0.115669304303533	0.221474619261344	0.105805314957811	0	0	0	0.2	0.309513742705339	0.0496217107526292	0.211281043194039	0.406766528414663	0.195485485220624	0	0	1	0.1	0.144360301186182	0.0230903504871587	0.100120259936755	0.190809426274156	0.0906891663374015	0	0	1	0.2	0.308108620255398	0.049108360359981	0.21421471798088	0.407568371400942	0.193353653420063	0	0	2	0.1	0.150348151569725	0.0239747107087758	0.103931806893828	0.198591134466204	0.0946593275723762	0	0	2	0.2	0.329858604804422	0.0525153250490175	0.22903661547451	0.435367505359607	0.206330889885097	0	0	3	0.1	0.16009962541197	0.0254859351723308	0.111393636392558	0.211408563891631	0.100014927499073	0	0	3	0.2	0.354061253931616	0.0563675662879228	0.244479012160485	0.468675267235382	0.224196255074897
612	0	0	0	0.1	0.246116141931301	0.0290434633175839	0.189552600452566	0.30528172977875	0.115729129326184	0	0	0	0.2	0.452660296310898	0.0529538634082894	0.352277503875686	0.56105367171028	0.208776167834593	0	0	1	0.1	0.213770907175224	0.025145818055385	0.167925058653866	0.265123171504406	0.09719811285054	0	0	1	0.2	0.456082162213012	0.0534064761070843	0.358331608935108	0.564480409091457	0.206148800156349	0	0	2	0.1	0.223579459436406	0.0262773736320268	0.174924292753539	0.276578037098571	0.101653744345032	0	0	2	0.2	0.490176758847792	0.0575043528902393	0.383168250294347	0.607590894768365	0.224422644474018	0	0	3	0.1	0.238451335553544	0.0280334831204053	0.185729011954822	0.296344154789198	0.110615142834375	0	0	3	0.2	0.527268264159901	0.0621008316859312	0.410399580437726	0.655988852107883	0.245589271670157
281	0	0	0	0.1	0.203735817163649	0.0280443591040285	0.148892823759769	0.258615467475368	0.109722643715598	0	0	0	0.2	0.376281594435032	0.051322213328255	0.275440839453929	0.48146755103095	0.206026711577021	0	0	1	0.1	0.180784050367227	0.0247968181499857	0.132655684752125	0.229367028867832	0.0967113441157067	0	0	1	0.2	0.386855514964953	0.0528220493625322	0.284243858403302	0.488395305500366	0.204151447097063	0	0	2	0.1	0.191329362047585	0.0262831824288309	0.139251008868615	0.240967716910569	0.101716708041955	0	0	2	0.2	0.42013492765872	0.0576049842784992	0.306314777723716	0.530580915088994	0.224266137365278	0	0	3	0.1	0.205347666266563	0.0282979899889088	0.149579739642173	0.258639674258005	0.109059934615833	0	0	3	0.2	0.454502608587764	0.0626214118028253	0.331170911959109	0.574789577007026	0.243618665047917
642	0	0	0	0.1	0.217972849676511	0.027430762886993	0.164980850361718	0.273291574897878	0.10831072453616	0	0	0	0.2	0.403361847416922	0.0500640481548146	0.306824128011424	0.501461206499804	0.19463707848838	0	0	1	0.1	0.192799486829304	0.0240351916908195	0.147205093060104	0.24013185519601	0.0929267621359063	0	0	1	0.2	0.412422622160839	0.0511785430714356	0.313651336515141	0.513804210650334	0.200152874135193	0	0	2	0.1	0.203121121673647	0.0254051661247292	0.1549620612811	0.25387404096332	0.0989119796822195	0	0	2	0.2	0.446102898961776	0.0556653762874567	0.33985690223625	0.555797599971095	0.215940697734845	0	0	3	0.1	0.217446563058151	0.0272152924663198	0.165493615714373	0.271578905384745	0.106085289670372	0	0	3	0.2	0.481486801516165	0.0604555061111367	0.366512673333693	0.601809937223803	0.235297263890109
516	0	0	0	0.1	0.254839054523177	0.02988113066058	0.199141602339477	0.316182160688871	0.117040558349394	0	0	0	0.2	0.467977557670055	0.0542103628656807	0.365886097714857	0.575861878022281	0.209975780307424	0	0	1	0.1	0.217519167581633	0.0254543275486	0.169415929841627	0.268461546095064	0.0990456162534376	0	0	1	0.2	0.463353486217994	0.0538431564752888	0.36284157066739	0.571403041484649	0.208561470817259	0	0	2	0.1	0.224983282190925	0.026275183246118	0.17519698777592	0.279861594315058	0.104664606539138	0	0	2	0.2	0.49313119738271	0.0574601418249535	0.384243688084443	0.608119265832311	0.223875577747868	0	0	3	0.1	0.238501071912015	0.0279130272844572	0.185269072601249	0.294879244959694	0.109610172358444	0	0	3	0.2	0.527332951441636	0.0616789478100675	0.409986714834371	0.654260975977035	0.244274261142665
627	0	0	0	0.1	0.212232563141846	0.0278595984636788	0.157370145092844	0.266326977508234	0.10895683241539	0	0	0	0.2	0.395439856038407	0.0514060979240947	0.294015356870924	0.494841881141652	0.200826524270728	0	0	1	0.1	0.187621932721625	0.0244556903038464	0.141483271621664	0.236174687400188	0.0946914157785242	0	0	1	0.2	0.403355246711681	0.0524257762949318	0.304562239775777	0.507813835983561	0.203251596207785	0	0	2	0.1	0.198042910090002	0.0258350377212417	0.150161881096415	0.248669814789187	0.0985079336927719	0	0	2	0.2	0.436451892400119	0.0569352574503969	0.330963816575385	0.549993114639468	0.219029298064083	0	0	3	0.1	0.212085196996701	0.0277853934925405	0.161097551703697	0.266887965176577	0.10579041347288	0	0	3	0.2	0.471159205605331	0.061732749687453	0.357133016491867	0.595574046920551	0.238441030428684
484	0	0	0	0.1	0.174327091763398	0.028918551526202	0.116543367080469	0.230354977988581	0.113811610908112	0	0	0	0.2	0.321591705588501	0.052991544182736	0.213580074559129	0.425497442823187	0.211917368264057	0	0	1	0.1	0.149971283450807	0.0246469585105911	0.0999178615186054	0.20004381285984	0.100125951341234	0	0	1	0.2	0.320779971141908	0.0525813414549134	0.212535714708421	0.426895224766213	0.214359510057792	0	0	2	0.1	0.156333674731983	0.0255892687014252	0.104856481110294	0.20755737840306	0.102700897292766	0	0	2	0.2	0.343528553312003	0.0562658496270063	0.228305904731776	0.45494349530101	0.226637590569234	0	0	3	0.1	0.166465339542859	0.0272356366748283	0.110546405400278	0.21970721560107	0.109160810200792	0	0	3	0.2	0.368707466301826	0.0603890853284349	0.245252353795188	0.488357639305116	0.243105285509928
358	0	0	0	0.1	0.208395119231722	0.0280706085724786	0.156193737447818	0.262335120735582	0.106141383287764	0	0	0	0.2	0.387202445692672	0.0518413118821775	0.291257604248139	0.487073316528883	0.195815712280744	0	0	1	0.1	0.186134025293388	0.02511921298588	0.138336731473222	0.233613580670532	0.0952768491973098	0	0	1	0.2	0.398904423906714	0.053719762726264	0.296917862905246	0.500848211349153	0.203930348443907	0	0	2	0.1	0.196893123934706	0.026604283741183	0.145106149297025	0.248573251925672	0.103467102628648	0	0	2	0.2	0.433045940805479	0.0585530079677754	0.318916675374815	0.546250439568718	0.227333764193902	0	0	3	0.1	0.211227174938471	0.028628293097449	0.156128706027404	0.266517697558793	0.110388991531389	0	0	3	0.2	0.468149061780051	0.0635268838888577	0.343592203472362	0.590696067163123	0.247103863690761
646	0	0	0	0.1	0.261192325596939	0.0322008040849886	0.201221036568025	0.322894215574014	0.121673179005989	0	0	0	0.2	0.482842713320481	0.0588923516061731	0.373764677463083	0.594277446280516	0.220512768817433	0	0	1	0.1	0.22627162234456	0.0280059702767735	0.173950923134159	0.280533786860018	0.106582863725859	0	0	1	0.2	0.483088736559781	0.0594282428438361	0.37079391495818	0.598998467515921	0.228204552557742	0	0	2	0.1	0.235115689463683	0.0291059931605821	0.179665336970261	0.291101104076895	0.111435767106635	0	0	2	0.2	0.516145375011715	0.0637519544799904	0.393748276999494	0.638716100451055	0.244967823451561	0	0	3	0.1	0.249634068663623	0.0309796897871051	0.190011086716633	0.308976755194812	0.118965668478178	0	0	3	0.2	0.552790633043281	0.0685687566769914	0.422771128378666	0.682515188969894	0.259744060591229
307	0	0	0	0.1	0.240994022662858	0.028316278827661	0.186744797548962	0.295172636369629	0.108427838820667	0	0	0	0.2	0.442772703249328	0.0513742996568528	0.343401716856894	0.537700212716294	0.1942984958594	0	0	1	0.1	0.209633037990186	0.0244429381160696	0.161144915693997	0.254652322230334	0.0935074065363367	0	0	1	0.2	0.446812785544056	0.0518465007610665	0.341917835059129	0.544446625104055	0.202528790044926	0	0	2	0.1	0.21922057157998	0.025613366050769	0.169089319798649	0.265567774004769	0.0964784542061198	0	0	2	0.2	0.480283383323672	0.0560768566421015	0.369908801819288	0.582199282948441	0.212290481129152	0	0	3	0.1	0.233751348972317	0.0274172902197846	0.179882957217938	0.283778117576304	0.103895160358366	0	0	3	0.2	0.51664178258214	0.0606791921640016	0.397400360626319	0.626915452709553	0.229515092083234
284	0	0	0	0.1	0.193306088757143	0.0282043697433685	0.13735797186396	0.24915167271224	0.11179370084828	0	0	0	0.2	0.360468093221279	0.0521650556672037	0.256541384837791	0.465149213112338	0.208607828274547	0	0	1	0.1	0.174342022401349	0.0252922607040038	0.124107174893415	0.225007465064729	0.100900290171314	0	0	1	0.2	0.374084093437326	0.0541422544679143	0.266025199700396	0.485214161206058	0.219188961505662	0	0	2	0.1	0.185060830284424	0.0268696126485845	0.130339937558388	0.239701461765485	0.109361524207098	0	0	2	0.2	0.407317448369721	0.0590922861615164	0.289453799444482	0.527837027222151	0.238383227777669	0	0	3	0.1	0.198796650673018	0.0289146795212923	0.140737723266178	0.25803589738197	0.117298174115791	0	0	3	0.2	0.441113811713036	0.0642268192716189	0.312694189938756	0.570869761954849	0.258175572016093
527	0	0	0	0.1	0.188199722556928	0.02930322511346	0.133442131017891	0.247689308052717	0.114247177034826	0	0	0	0.2	0.34709646374849	0.0534866837141505	0.247578047969351	0.455860475584631	0.20828242761528	0	0	1	0.1	0.162980905352092	0.0250129713581513	0.115582198020058	0.211823574968101	0.0962413769480437	0	0	1	0.2	0.348367548856145	0.0531851240266746	0.245933023328848	0.455091501618069	0.209158478289221	0	0	2	0.1	0.170286628618147	0.0259540084983516	0.119475047452235	0.22205176917407	0.102576721721835	0	0	2	0.2	0.373869794796964	0.0569474099197072	0.262543337838442	0.487121073228113	0.224577735389671	0	0	3	0.1	0.181450816748695	0.0276677127304738	0.127444397900821	0.237541935673636	0.110097537772815	0	0	3	0.2	0.401769269139642	0.0612333315582564	0.283227923760221	0.524457745094154	0.241229821333932
490	0	0	0	0.1	0.207416579874819	0.0274867467998016	0.153850898266576	0.258496964762508	0.104646066495932	0	0	0	0.2	0.386318655258804	0.050586059386077	0.288197928090183	0.482278805411069	0.194080877320886	0	0	1	0.1	0.188267396258485	0.0246487896836875	0.14069661038189	0.235675544960239	0.0949789345783491	0	0	1	0.2	0.404438157269715	0.0527156129833222	0.303952588588532	0.504236819983959	0.200284231395427	0	0	2	0.1	0.201102478503851	0.0262669394076824	0.150897333003726	0.250640522644821	0.0997431896410953	0	0	2	0.2	0.442699784776967	0.0577443317764672	0.334474434848133	0.549799571593672	0.215325136745539	0	0	3	0.1	0.216870238277334	0.0283369484741801	0.164162469211412	0.269829797873087	0.105667328661675	0	0	3	0.2	0.480938584745086	0.0629017010112911	0.363569645436994	0.600748407109923	0.237178761672929
255	0	0	0	0.1	0.189342622006385	0.0271906757177239	0.135242410029684	0.242466641810435	0.107224231780752	0	0	0	0.2	0.347170758466372	0.0495257400974728	0.2501454803186	0.446343055073378	0.196197574754778	0	0	1	0.1	0.162786710882465	0.0233825884187837	0.117356724365259	0.209287554344121	0.0919308299788623	0	0	1	0.2	0.346752259388279	0.0497072542920508	0.2500033190958	0.444326461221159	0.194323142125359	0	0	2	0.1	0.169424389150555	0.0243921897364296	0.122680335660792	0.217099615225754	0.0944192795649619	0	0	2	0.2	0.371039747776021	0.0534271741553437	0.269572184033285	0.477151708806943	0.207579524773658	0	0	3	0.1	0.1802128158125	0.0260200674611933	0.131125919535801	0.230926456277427	0.0998005367416264	0	0	3	0.2	0.398131964540488	0.0574503838028652	0.288333859425516	0.511172834056858	0.222838974631342
438	0	0	0	0.1	0.1970654877232	0.0284946773994313	0.14195175282699	0.254507060095977	0.112555307268987	0	0	0	0.2	0.362873472253371	0.0517892432715863	0.26216546584474	0.467338337077605	0.205172871232865	0	0	1	0.1	0.17304793234425	0.0245640245915288	0.124557996462819	0.223324011286936	0.0987660148241174	0	0	1	0.2	0.369386345417942	0.0520792194545173	0.26619482236052	0.473848378105873	0.207653555745354	0	0	2	0.1	0.181895534995376	0.0256220675279861	0.132190568491356	0.233150924167308	0.100960355675952	0	0	2	0.2	0.398879953916854	0.0561145885629739	0.288198342880347	0.508613578148145	0.220415235267798	0	0	3	0.1	0.194535094659505	0.0273921228208194	0.141175536453365	0.247415042715802	0.106239506262437	0	0	3	0.2	0.430214944892298	0.0605468852910592	0.310923060971342	0.54633232118602	0.235409260214678
659	0	0	0	0.1	0.219284803976037	0.0297690971709933	0.161055814752082	0.276221870794228	0.115166056042146	0	0	0	0.2	0.404959016236226	0.0544562451803308	0.294521400327532	0.510361394144615	0.215839993817083	0	0	1	0.1	0.190787090387053	0.0258392200034467	0.138557801668071	0.240787456983131	0.10222965531506	0	0	1	0.2	0.407307543528237	0.0549826625396236	0.297104172748891	0.515693091292782	0.21858891854389	0	0	2	0.1	0.199007252107659	0.0269410763099477	0.144977478511313	0.251981727202525	0.107004248691212	0	0	2	0.2	0.436608701934217	0.059059204115297	0.318667726003926	0.554218332354561	0.235550606350634	0	0	3	0.1	0.211764759384047	0.028669080424425	0.155701343620297	0.269395328523548	0.113693984903251	0	0	3	0.2	0.468618761844218	0.0634968087931629	0.342715393369337	0.595892091310525	0.253176697941188
283	0	0	0	0.1	0.188164660318626	0.0283149417184489	0.130975591970786	0.24353001795288	0.112554425982094	0	0	0	0.2	0.349127881802807	0.0519267206168995	0.244852891326939	0.450550451156652	0.205697559829712	0	0	1	0.1	0.166615930336557	0.0246859939845161	0.118156573615694	0.215164916783733	0.0970083431680396	0	0	1	0.2	0.356854836077663	0.0525841589732201	0.253026285418965	0.459924367089561	0.206898081670596	0	0	2	0.1	0.175583243875961	0.0258633091153452	0.125330258109142	0.227453010527114	0.102122752417972	0	0	2	0.2	0.386018215647742	0.0567225300968761	0.275899690047095	0.500897524591752	0.224997834544657	0	0	3	0.1	0.187956328618101	0.0276452083906087	0.135313293236449	0.243769155227457	0.108455861991007	0	0	3	0.2	0.41650602988712	0.0611665959648883	0.300182185068559	0.540804559534446	0.240622374465887
589	0	0	0	0.1	0.23581083723148	0.0290837690283362	0.182796226351791	0.29491803441006	0.112121808058269	0	0	0	0.2	0.433567600145598	0.0527332795724734	0.33932251753832	0.538186087840778	0.198863570302457	0	0	1	0.1	0.201401435803031	0.0245580677278119	0.157048749493394	0.249635907995094	0.0925871585017007	0	0	1	0.2	0.429693659016448	0.0520179311903317	0.33644852889509	0.532802521560255	0.196353992665165	0	0	2	0.1	0.208856439725152	0.0253531295267133	0.161835794261204	0.257162585037511	0.095326790776307	0	0	2	0.2	0.458190895141454	0.0555199878882732	0.356867127812448	0.565373219778944	0.208506091966496	0	0	3	0.1	0.221723546729909	0.026978235689881	0.171967959078365	0.274832621877038	0.102864662798673	0	0	3	0.2	0.490500408968371	0.0597253588214261	0.379503633748235	0.60738517744462	0.227881543696386
439	0	0	0	0.1	0.219503547488682	0.0276703102415856	0.166220826227895	0.275257841815884	0.109037015587989	0	0	0	0.2	0.406856785238963	0.0506616323379024	0.30581621444914	0.507849572575724	0.202033358126585	0	0	1	0.1	0.193739427076792	0.0241518911494647	0.145704199146013	0.242346499562953	0.0966423004169397	0	0	1	0.2	0.415221821360399	0.051492290452296	0.313869972436584	0.51900384952084	0.205133877084256	0	0	2	0.1	0.204231668415237	0.0253745140515928	0.153333269117769	0.255608984775763	0.102275715657993	0	0	2	0.2	0.449214181454701	0.0556799003417612	0.340089120377188	0.562606031985343	0.222516911608154	0	0	3	0.1	0.218773259999758	0.0271967809426071	0.165642184693437	0.273891169609943	0.108248984916506	0	0	3	0.2	0.484902070290351	0.0601934153362574	0.367532917337412	0.608639518038573	0.241106600701161
261	0	0	0	0.1	0.235209083037816	0.0287104511037611	0.181136092277053	0.295297755851452	0.114161663574399	0	0	0	0.2	0.431505637112158	0.0520190479754016	0.333536160388481	0.539459356976849	0.205923196588368	0	0	1	0.1	0.202487565612788	0.0245781955494124	0.156409156340732	0.252607301608299	0.0961981452675674	0	0	1	0.2	0.431664157711801	0.0520732352241045	0.33529223559923	0.538310067551666	0.203017831952436	0	0	2	0.1	0.211005956324604	0.0255381110781304	0.164015777292096	0.263088439302427	0.0990726620103315	0	0	2	0.2	0.462408505893085	0.0558970724465111	0.36020254879904	0.57829144475616	0.218088895957121	0	0	3	0.1	0.224585118453974	0.0272153689343212	0.174386178288459	0.280793470721258	0.1064072924328	0	0	3	0.2	0.496394732012993	0.06026180321013	0.386080783510087	0.620169898427086	0.234089114916999
582	0	0	0	0.1	0.221436815539383	0.0299705267018358	0.162351698633392	0.281189131046989	0.118837432413597	0	0	0	0.2	0.405109059585571	0.0542808318091801	0.296833708064211	0.510594797076874	0.213761089012663	0	0	1	0.1	0.185899698872658	0.0249821982521514	0.13597710725703	0.234280679519953	0.0983035722629228	0	0	1	0.2	0.395324857367465	0.052854156504622	0.289164435159721	0.497314615599213	0.208150180439492	0	0	2	0.1	0.190826355354981	0.0255403242957753	0.140607172181396	0.240370439469856	0.0997632672884607	0	0	2	0.2	0.417814239956183	0.0558771574777218	0.307437489043025	0.525918796401144	0.218481307358118	0	0	3	0.1	0.201401751272492	0.0269712597740164	0.14845223412598	0.253635394123647	0.105183159997667	0	0	3	0.2	0.444994820990291	0.0595240349191827	0.326633886498881	0.56071022249796	0.234076335999079
571	0	0	0	0.1	0.178920954999908	0.0278581848814751	0.122879572900293	0.232653185122258	0.109773612221966	0	0	0	0.2	0.333413905218506	0.0513646453261057	0.229830492395446	0.431871044008851	0.202040551613405	0	0	1	0.1	0.158777283059178	0.0244876015021199	0.109270070549604	0.206414073983024	0.0971440034334195	0	0	1	0.2	0.341777409258242	0.0524468207334067	0.236945432731282	0.445871380552313	0.20892594782103	0	0	2	0.1	0.168344368762712	0.0258342799366362	0.117067429128299	0.218173434408852	0.101106005280554	0	0	2	0.2	0.37131745821409	0.0568884511900627	0.256717223569173	0.479850376058281	0.223133152489109	0	0	3	0.1	0.180848087887028	0.0277601869847728	0.125853174170593	0.234386594244804	0.108533420074211	0	0	3	0.2	0.40175083977962	0.0614633718336827	0.279008708511688	0.519364191031433	0.240355482519745
335	0	0	0	0.1	0.189749379159999	0.0288480725984475	0.13182568805717	0.249396079112708	0.117570391055538	0	0	0	0.2	0.350999077185119	0.0529735616103831	0.244698781447871	0.456503517964487	0.211804736516616	0	0	1	0.1	0.167269245614673	0.0252713428748674	0.115128265635566	0.217241336128346	0.10211307049278	0	0	1	0.2	0.35738534228161	0.0537619096055781	0.248624276452422	0.462568036498302	0.213943760045879	0	0	2	0.1	0.17564400260428	0.0264445043856581	0.122596587611665	0.227798324511512	0.105201736899847	0	0	2	0.2	0.385580884971258	0.0580464539419996	0.269659111278309	0.49996757088499	0.230308459606681	0	0	3	0.1	0.187655459927825	0.0282273760242695	0.130833046865039	0.242856660843457	0.112023613978417	0	0	3	0.2	0.415445303040749	0.0625831186199713	0.293052734358609	0.536086915723075	0.243034181364466
507	0	0	0	0.1	0.241710306390679	0.0297100635521489	0.179413666568517	0.300075216432854	0.120661549864336	0	0	0	0.2	0.447991334861895	0.0545387715275482	0.334595662746834	0.556265986920724	0.22167032417389	0	0	1	0.1	0.2130734102033	0.0261954052154229	0.158724307242935	0.262396324180735	0.1036720169378	0	0	1	0.2	0.456427684428233	0.0558123869251567	0.340725680473482	0.563359275972966	0.222633595499485	0	0	2	0.1	0.224260382548739	0.0275127557177152	0.16636066556306	0.276894985660269	0.110534320097208	0	0	2	0.2	0.49305290003009	0.0604814970352723	0.367438425525867	0.607569388851243	0.240130963325376	0	0	3	0.1	0.239883125519518	0.0294605654898274	0.178843971036827	0.296775406840819	0.117931435803992	0	0	3	0.2	0.531729462080671	0.065272749545468	0.397157746895062	0.658546595739376	0.261388848844314
565	0	0	0	0.1	0.255969478339515	0.031808237637531	0.192874052815867	0.316458031787237	0.12358397897137	0	0	0	0.2	0.469027158050752	0.0572456391837562	0.356134976283911	0.57587574040905	0.219740764125139	0	0	1	0.1	0.214775723845085	0.0260384450730362	0.164568879705509	0.264337227975862	0.0997683482703527	0	0	1	0.2	0.45685733667459	0.0548361162382111	0.352891285371441	0.562761122421161	0.20986983704972	0	0	2	0.1	0.220078721410845	0.02634651669023	0.170087514760822	0.271147400920957	0.101059886160135	0	0	2	0.2	0.481986988538976	0.0574801270062459	0.373871909395184	0.594916006701035	0.221044097305851	0	0	3	0.1	0.232044239722939	0.0277037374187415	0.178888612738571	0.286329460642376	0.107440847903805	0	0	3	0.2	0.512939720121503	0.0611244469770196	0.396010184222615	0.632418739159352	0.236408554936737
541	0	0	0	0.1	0.259458839804873	0.0300271377854408	0.200069027287777	0.318727819362641	0.118658792074864	0	0	0	0.2	0.479401009664728	0.0549262706788324	0.369659638969005	0.587849154587229	0.218189515618224	0	0	1	0.1	0.227105006676951	0.0262618546366563	0.174918725650428	0.277442705753334	0.102523980102907	0	0	1	0.2	0.485363757453394	0.0558273567453322	0.374813797035312	0.590675148276505	0.215861351241193	0	0	2	0.1	0.23789607722587	0.0275034703747878	0.183650119537651	0.290776901172824	0.107126781635173	0	0	2	0.2	0.522320206533769	0.0604108220536636	0.401779468852352	0.635283467108576	0.233503998256224	0	0	3	0.1	0.253882009772299	0.0293632982783716	0.19498123901848	0.310032776680481	0.115051537662001	0	0	3	0.2	0.561999040015375	0.0651997980847067	0.43281564153985	0.684541243997696	0.251725602457846
386	0	0	0	0.1	0.177024578467161	0.0274084030473645	0.12052636301487	0.229150442619948	0.108624079605079	0	0	0	0.2	0.326453174455027	0.0501448270412574	0.223863819063424	0.422107603105786	0.198243784042362	0	0	1	0.1	0.153367754701813	0.023577532876184	0.105100312769142	0.199013059107755	0.0939127463386132	0	0	1	0.2	0.328083120898075	0.0503141373666929	0.225882854911397	0.425385046277466	0.19950219136607	0	0	2	0.1	0.16064928852542	0.0247367968282087	0.111321902796252	0.207819307347191	0.0964974045509394	0	0	2	0.2	0.352924237747289	0.0542787281996439	0.244195749095798	0.457939884870694	0.213744135774896	0	0	3	0.1	0.171494473113709	0.02643305686279	0.118381599500697	0.221189086003273	0.102807486502577	0	0	3	0.2	0.379739926134963	0.0586218841532829	0.261954754519805	0.493313252702244	0.231358498182438
555	0	0	0	0.1	0.20196919131843	0.0276803601171213	0.149044798560669	0.259300412560725	0.110255614000057	0	0	0	0.2	0.37050983401208	0.0502607241532739	0.27533116091084	0.475069716872894	0.199738555962054	0	0	1	0.1	0.174129321226116	0.0237670824570276	0.129085680809815	0.22269940867386	0.093613727864045	0	0	1	0.2	0.371058945694885	0.0503664705743336	0.275504302759758	0.470433804819834	0.194929502060076	0	0	2	0.1	0.181549336764181	0.0247257300550041	0.134548100767664	0.230415547180331	0.0958674464126676	0	0	2	0.2	0.397705801690112	0.0540695632105642	0.296358900976525	0.50297063068903	0.206611729712505	0	0	3	0.1	0.193245777104585	0.0263977261070263	0.143669636409901	0.245053470830556	0.101383834420655	0	0	3	0.2	0.427067829733711	0.0581841330111638	0.316831227302369	0.540716306847531	0.223885079545161
356	0	0	0	0.1	0.243780630081668	0.0285458153747109	0.189161992599763	0.299563750716562	0.110401758116799	0	0	0	0.2	0.450982975424073	0.0523776619018672	0.349845232165609	0.551674367769568	0.201829135603958	0	0	1	0.1	0.211883899539811	0.0249726546472067	0.164707095370831	0.261253812036298	0.0965467166654672	0	0	1	0.2	0.454283343253493	0.0532776590273111	0.352956034458248	0.558155696443683	0.205199661985436	0	0	2	0.1	0.22229888983348	0.0262418436765558	0.172120284809257	0.273305707493209	0.101185422683952	0	0	2	0.2	0.489075276584634	0.0575793494399579	0.378088250421499	0.602369957176955	0.224281706755456	0	0	3	0.1	0.237441351092609	0.02804858171242	0.183479153796555	0.292084875084175	0.10860572128762	0	0	3	0.2	0.526541795400765	0.0622894166307536	0.405757043254239	0.648547897507745	0.242790854253507
676	0	0	0	0.1	0.208283133067305	0.0270784327410083	0.157302916725118	0.262037863178933	0.104734946453815	0	0	0	0.2	0.383138039096106	0.0491148361132416	0.291021958893238	0.478731544743488	0.18770958585025	0	0	1	0.1	0.17947915044309	0.0230485036029757	0.136060719310061	0.224957678366574	0.0888969590565133	0	0	1	0.2	0.383117724680353	0.048895804860599	0.291439397516932	0.480055528851052	0.18861613133412	0	0	2	0.1	0.18715055940288	0.0239740156101126	0.142279728840774	0.235930145279538	0.0936504164387636	0	0	2	0.2	0.410530987463792	0.0524584428899446	0.312633554616692	0.518535512838983	0.205901958222291	0	0	3	0.1	0.199286709180886	0.0255550729426258	0.152385179416625	0.251691863503465	0.0993066840868399	0	0	3	0.2	0.440889924230343	0.0566126114560581	0.337609583392551	0.558653744675282	0.22104416128273
388	0	0	0	0.1	0.183439282620489	0.0275023879266864	0.129429629562735	0.238064964973849	0.108635335411115	0	0	0	0.2	0.337852889578092	0.0501958309142137	0.23948195111548	0.438008157785052	0.198526206669572	0	0	1	0.1	0.159165468279478	0.0237059055876733	0.11313178350506	0.206060164632161	0.0929283811271002	0	0	1	0.2	0.339885914214456	0.0504546102455602	0.241550052247645	0.439696416885131	0.198146364637486	0	0	2	0.1	0.166415148892503	0.0247736811450032	0.117925490595946	0.217554827788008	0.0996293371920623	0	0	2	0.2	0.365114020824956	0.0543389162425632	0.260770564373435	0.474054663261785	0.213284098888349	0	0	3	0.1	0.177385691737719	0.0264174238980818	0.126955601025232	0.229548251126136	0.102592650100904	0	0	3	0.2	0.392460082116879	0.0585373315564826	0.280801789046236	0.510646736561884	0.229844947515649
453	0	0	0	0.1	0.189120390558882	0.0284551750384541	0.130999935389216	0.242321458923365	0.111321523534149	0	0	0	0.2	0.348487331963902	0.0521114196999763	0.242524880207312	0.446389928163039	0.203865047955727	0	0	1	0.1	0.165792479971647	0.0248834956633738	0.115431609397485	0.213577689795553	0.0981460803980684	0	0	1	0.2	0.353963784098501	0.0529774821031053	0.245756538825011	0.460169321431955	0.214412782606945	0	0	2	0.1	0.174197870659205	0.0261058549395084	0.12058302690701	0.226116939008682	0.105533912101672	0	0	2	0.2	0.381950333330074	0.0572480328747424	0.265991879388885	0.49767049721655	0.231678617827665	0	0	3	0.1	0.186222484694796	0.0279467088736236	0.128247714519457	0.242717292275372	0.114469577755915	0	0	3	0.2	0.411755350335417	0.0618473656539735	0.284659876461645	0.534739421182946	0.250079544721302
179	0	0	0	0.1	0.23241935783471	0.0273439788134463	0.182187300555269	0.288882147884122	0.106694847328852	0	0	0	0.2	0.429051839249909	0.0500315636312792	0.338751117824107	0.538111456504074	0.199360338679967	0	0	1	0.1	0.206332171443628	0.0241928075513545	0.161485049433494	0.256225924111284	0.09474087467779	0	0	1	0.2	0.440382564799354	0.0512592447872916	0.346576836470211	0.545234219991772	0.198657383521561	0	0	2	0.1	0.217467448278477	0.0253823860597524	0.171189583019145	0.268301977814346	0.097112394795201	0	0	2	0.2	0.47683384078757	0.0554858900328112	0.378482443838917	0.589855738611364	0.211373294772447	0	0	3	0.1	0.232831844181039	0.0270800168510401	0.183294810069168	0.287953843676748	0.10465903360758	0	0	3	0.2	0.51486253904755	0.060119753223743	0.408567389033239	0.639731261972602	0.231163872939363
569	0	0	0	0.1	0.195245477806945	0.028305545253022	0.141240529866321	0.251420294993948	0.110179765127627	0	0	0	0.2	0.362292971610792	0.0521908032051742	0.263943453472677	0.466153063830246	0.202209610357569	0	0	1	0.1	0.172003849702416	0.024913397294637	0.125249204526806	0.222214936694809	0.0969657321680036	0	0	1	0.2	0.367999779065707	0.0532145148865642	0.268602694952943	0.470931911298033	0.20232921634509	0	0	2	0.1	0.180396125572048	0.0262142092945381	0.1307507835282	0.232277589493499	0.101526805965299	0	0	2	0.2	0.39652688267494	0.0576659428974882	0.289101974948493	0.508620735076084	0.219518760127591	0	0	3	0.1	0.192641483004072	0.028121601042585	0.14073072458468	0.248515600806403	0.107784876221723	0	0	3	0.2	0.426986646652402	0.0624643579567893	0.310543927014042	0.550950657825629	0.240406730811587
609	0	0	0	0.1	0.200730761679363	0.0287972095721528	0.144889021594867	0.255923466072099	0.111034444477232	0	0	0	0.2	0.371616563242102	0.052847949664774	0.26823918978954	0.472992824910957	0.204753635121418	0	0	1	0.1	0.177252085140577	0.0253367996250117	0.128456961919391	0.225398702752306	0.0969417408329153	0	0	1	0.2	0.37879215763034	0.0539431837592128	0.27533332581404	0.483000368258138	0.207667042444098	0	0	2	0.1	0.186213630277564	0.0265878481714465	0.135182540459168	0.238016591764902	0.102834051305734	0	0	2	0.2	0.408911114702902	0.058313341134189	0.296961747305559	0.522274490166279	0.225312742860721	0	0	3	0.1	0.199026275553697	0.0284798599136456	0.144620738355242	0.254029077283235	0.109408338927993	0	0	3	0.2	0.440803276898688	0.0629291402049098	0.320768518341754	0.563170880657934	0.242402362316179
378	0	0	0	0.1	0.201971509525558	0.0277293009699053	0.145390696670854	0.2576383087133	0.112247612042446	0	0	0	0.2	0.372077545092661	0.0506610107153046	0.271206933733358	0.471466298670345	0.200259364936987	0	0	1	0.1	0.175941034894342	0.0241273215419837	0.129152958848219	0.222066426245451	0.0929134673972318	0	0	1	0.2	0.375905309275945	0.0512794074384529	0.278377384267303	0.472842912638893	0.194465528371591	0	0	2	0.1	0.184530897934315	0.0252117458668186	0.136139732868396	0.232897468689024	0.0967577358206279	0	0	2	0.2	0.404889700425654	0.0552602533981437	0.300811819104887	0.511872731572027	0.211060912467141	0	0	3	0.1	0.197030831918836	0.0269357877833839	0.146687159532932	0.249283457949969	0.102596298417037	0	0	3	0.2	0.435993383344887	0.0595757913494857	0.322764766327339	0.553376444794559	0.23061167846722
384	0	0	0	0.1	0.219363810199341	0.0280867005109323	0.167906524633617	0.274466252430268	0.106559727796651	0	0	0	0.2	0.406291443455519	0.0514548383291058	0.311970820542677	0.507911087753834	0.195940267211158	0	0	1	0.1	0.191730002261511	0.0242076371001187	0.147001437457328	0.240285177783013	0.093283740325685	0	0	1	0.2	0.411513528139939	0.0517538428864638	0.315605777216643	0.517436319747194	0.201830542530551	0	0	2	0.1	0.201941523859312	0.0254112662295111	0.154951667087918	0.252820621563513	0.0978689544755955	0	0	2	0.2	0.444458338239839	0.0558538211707292	0.341150642242948	0.557409608724705	0.216258966481756	0	0	3	0.1	0.21616346359082	0.0272235160520399	0.165851777035062	0.270711016431711	0.104859239396648	0	0	3	0.2	0.479464915820161	0.0603319334817833	0.369935334692188	0.600952082603239	0.231016747911051
151	0	0	0	0.1	0.205296465985197	0.0275547136957368	0.154694691759212	0.260081487067093	0.105386795307881	0	0	0	0.2	0.379913714928876	0.0506206513140289	0.287503590548826	0.480141991121719	0.192638400572892	0	0	1	0.1	0.181019547581721	0.0242482406515526	0.137030336736549	0.229777606472053	0.0927472697355039	0	0	1	0.2	0.38742176874126	0.0517068837522667	0.292148313740521	0.490745591714582	0.19859727797406	0	0	2	0.1	0.19063234746832	0.0255068011231737	0.143176738696687	0.242755573043551	0.0995788343468646	0	0	2	0.2	0.418861976484297	0.0559890469579886	0.314006308542626	0.531662847629411	0.217656539086785	0	0	3	0.1	0.204005005007012	0.0273470934844816	0.153209964506558	0.260039583957616	0.106829619451058	0	0	3	0.2	0.451893802424816	0.0605649411498229	0.339948300752096	0.573063500134069	0.233115199381973
486	0	0	0	0.1	0.278161942777591	0.0311882348948949	0.219700472101676	0.338971813055542	0.119271340953866	0	0	0	0.2	0.507222748280592	0.0560982770930181	0.40345083730456	0.616627677357871	0.213176840053311	0	0	1	0.1	0.231331769617036	0.0256327923519194	0.18425887406272	0.28118449119485	0.0969256171321291	0	0	1	0.2	0.491208209257226	0.0539978988056707	0.39288603246005	0.594625572219822	0.201739539759772	0	0	2	0.1	0.236364424671299	0.0260617502073388	0.189341619873854	0.287091145758045	0.0977495258841908	0	0	2	0.2	0.517046010936561	0.0569012349859987	0.415192120566755	0.626485389385724	0.211293268818969	0	0	3	0.1	0.248901742479	0.0274228064920872	0.199866484577572	0.301336313859722	0.10146982928215	0	0	3	0.2	0.549485053079605	0.0606594057181398	0.442885554680076	0.665836090146425	0.222950535466349
611	0	0	0	0.1	0.226453320242709	0.02881332764449	0.170780636268531	0.281647633528261	0.11086699725973	0	0	0	0.2	0.420739467508115	0.0529125213666352	0.317146965193963	0.522191175127704	0.205044209933741	0	0	1	0.1	0.20181755221869	0.0253515651783102	0.152585767288849	0.253557893567564	0.100972126278715	0	0	1	0.2	0.433233681610321	0.0540742640245998	0.327377558843638	0.54405278187387	0.216675223030232	0	0	2	0.1	0.213990701300017	0.0266936284571847	0.162529678624258	0.268436496742011	0.105906818117753	0	0	2	0.2	0.470938923363383	0.0586953218028066	0.359365590195452	0.587763909656462	0.22839831946101	0	0	3	0.1	0.229767867921383	0.028649917448688	0.175148602279611	0.285383653199662	0.110235050920051	0	0	3	0.2	0.509759356953783	0.0637144497488562	0.389265033633359	0.63409822587166	0.244833192238301
402	0	0	0	0.1	0.221543054824693	0.0305368136136293	0.162924209098935	0.284827742599492	0.121903533500557	0	0	0	0.2	0.406670244734275	0.0553652443062067	0.29875990398844	0.519611917213154	0.220852013224713	0	0	1	0.1	0.191131695419968	0.0259073290014706	0.141578919290077	0.245629335993527	0.10405041670345	0	0	1	0.2	0.406649996342261	0.0547527607439242	0.30381220072214	0.522661559501907	0.218849358779767	0	0	2	0.1	0.19848092671442	0.0266734063463516	0.148291337580913	0.25591088866799	0.107619551087076	0	0	2	0.2	0.43443617618576	0.0583655326992819	0.323586615081002	0.559182065022812	0.23559544994181	0	0	3	0.1	0.21080850129751	0.0282614189999519	0.156717951525073	0.272130257198996	0.115412305673923	0	0	3	0.2	0.465584918290799	0.0624889075740429	0.345488933673375	0.602589894147806	0.257100960474431
624	0	0	0	0.1	0.241142152502652	0.0303781176876762	0.177799533644282	0.301820385290719	0.124020851646437	0	0	0	0.2	0.448260704931328	0.0559390550705527	0.333217517899008	0.558734522969079	0.225517005070071	0	0	1	0.1	0.212356062135254	0.0264487207365818	0.158751810388645	0.26244368445308	0.103691874064435	0	0	1	0.2	0.455319411998946	0.0564431597491942	0.340936386825863	0.561558848185648	0.220622461359786	0	0	2	0.1	0.222990777096136	0.0276255859392123	0.16723371693658	0.27520895306133	0.10797523612475	0	0	2	0.2	0.490682532602135	0.0607244704413224	0.371238066555938	0.605147448014599	0.23390938145866	0	0	3	0.1	0.238189410574765	0.0294557552749315	0.179808844749461	0.294117002283139	0.114308157533678	0	0	3	0.2	0.52833195610476	0.0654256724806166	0.400228137943124	0.654487885877914	0.25425974793479
616	0	0	0	0.1	0.207702122558027	0.0265858249172478	0.15619331988495	0.2585534261675	0.10236010628255	0	0	0	0.2	0.38183167411311	0.0482289536084407	0.286926896526207	0.477175624992713	0.190248728466506	0	0	1	0.1	0.181141362182714	0.0229884099781849	0.136393215351727	0.225535427350441	0.0891422119987136	0	0	1	0.2	0.386929254790123	0.0487994855241721	0.294012808868913	0.484479693562743	0.19046688469383	0	0	2	0.1	0.190469219604876	0.0241844214705203	0.144549473149943	0.238722062621792	0.0941725894718496	0	0	2	0.2	0.417775382551198	0.0529756665925503	0.317748484666575	0.522068990411132	0.204320505744558	0	0	3	0.1	0.203778533745183	0.0259932664057321	0.154893225769236	0.255051776250868	0.100158550481632	0	0	3	0.2	0.450654609540925	0.0574597737851725	0.343959580175579	0.562626571740422	0.218666991564843
600	0	0	0	0.1	0.292725455289277	0.0304141629810798	0.231800751917908	0.352826875061897	0.121026123143989	0	0	0	0.2	0.53924806263862	0.055284683826455	0.429137211971885	0.64743648659027	0.218299274618385	0	0	1	0.1	0.255762627342959	0.0265811179495578	0.202339519802501	0.310815459860265	0.108475940057764	0	0	1	0.2	0.545462689951718	0.0562280618258623	0.432459002477963	0.658619265589884	0.226160263111921	0	0	2	0.1	0.267384146408745	0.0277384127916787	0.213213310329131	0.324564128620014	0.111350818290883	0	0	2	0.2	0.586205254552421	0.0606288894141562	0.469017953200121	0.710579054328508	0.241561101128387	0	0	3	0.1	0.284918919223922	0.0296294100701019	0.227504666512259	0.345480416385713	0.117975749873454	0	0	3	0.2	0.630035026335746	0.0654870504132888	0.502870281278761	0.763003267797993	0.260132986519232
348	0	0	0	0.1	0.213535755048171	0.0285468991126365	0.156520916490237	0.270252565678582	0.113731649188345	0	0	0	0.2	0.39613428086634	0.0524499400893326	0.29252407877416	0.501980104871914	0.209456026097754	0	0	1	0.1	0.187630352593628	0.0248762085892029	0.138337642027202	0.236955314232371	0.0986176722051692	0	0	1	0.2	0.402870447574726	0.0532403977794813	0.297896388052242	0.508670611812322	0.210774223760081	0	0	2	0.1	0.19790353586173	0.0262688030352245	0.146022388557347	0.252932366361359	0.106909977804011	0	0	2	0.2	0.435801133474623	0.05772995048186	0.322233346939311	0.555169247707526	0.232935900768215	0	0	3	0.1	0.212032275499997	0.0281359190706745	0.156822776634996	0.270053237244985	0.113230460609989	0	0	3	0.2	0.470368574091681	0.0625754485342852	0.345437878059902	0.597758146821305	0.252320268761403
677	0	0	0	0.1	0.214535997221258	0.0281538893591247	0.161317334886657	0.272524662279056	0.111207327392399	0	0	0	0.2	0.396834380064872	0.0517771190503359	0.298568417450003	0.499838874173903	0.2012704567239	0	0	1	0.1	0.191205580392637	0.025242474566059	0.142521565479962	0.242466042276455	0.0999444767964939	0	0	1	0.2	0.40922090789829	0.0538373224525108	0.306160342642734	0.51785181090158	0.211691468258847	0	0	2	0.1	0.202568899341344	0.0267547666008788	0.150977329159463	0.25772318373663	0.106745854577166	0	0	2	0.2	0.444838012651392	0.0587775730250856	0.331491269210736	0.565591407157679	0.234100137946943	0	0	3	0.1	0.217451923044628	0.0288175776139772	0.162542954899534	0.277208913024722	0.114665958125188	0	0	3	0.2	0.48144063443187	0.0638289649400526	0.359461540096328	0.615467106264863	0.256005566168535
286	0	0	0	0.1	0.24234175902	0.0304718121660891	0.182144005377206	0.301413169240491	0.119269163863285	0	0	0	0.2	0.444492492030405	0.0553902166778551	0.335480428291596	0.555888262518663	0.220407834227067	0	0	1	0.1	0.210328568946292	0.0266407536126348	0.158842939807545	0.262105072134346	0.1032621323268	0	0	1	0.2	0.447441681080577	0.0562686300346183	0.33802063123102	0.555468655149958	0.217448023918938	0	0	2	0.1	0.219230653500633	0.0277088971307224	0.166817258453089	0.273043623781449	0.10622636532836	0	0	2	0.2	0.479731625213706	0.0604497628012839	0.364978988864818	0.599338217011079	0.234359228146261	0	0	3	0.1	0.233300287253335	0.0294429023742346	0.175902970751741	0.291071804481647	0.115168833729906	0	0	3	0.2	0.515021882280139	0.0650273336911419	0.390420502855923	0.644114418239149	0.253693915383226
180	0	0	0	0.1	0.231023902137998	0.0292580826139517	0.1757487531485	0.28653541392007	0.11078666077157	0	0	0	0.2	0.423486986326933	0.0530645186663214	0.323808873618217	0.522116441435826	0.198307567817609	0	0	1	0.1	0.198911410973099	0.0251166292141263	0.151435851159636	0.245914851924682	0.0944790007650458	0	0	1	0.2	0.423200867883747	0.0530884842019214	0.323105158298059	0.522219687765216	0.199114529467157	0	0	2	0.1	0.206683049727273	0.0260454835763352	0.156552682487074	0.256447086368877	0.0998944038818026	0	0	2	0.2	0.452437929911137	0.0569351131950664	0.343483032514502	0.561514262173726	0.218031229659224	0	0	3	0.1	0.219616224630009	0.0277300806441077	0.167096434021327	0.273366873055575	0.106270439034248	0	0	3	0.2	0.485110222001734	0.0611604348273179	0.367893145873699	0.602014773202788	0.234121627329089
549	0	0	0	0.1	0.176351085447038	0.0266717550703014	0.123239976577176	0.227072218907248	0.103832242330072	0	0	0	0.2	0.325007703593363	0.0488173587688514	0.229322673478451	0.418208052517404	0.188885379038954	0	0	1	0.1	0.153428794780512	0.0230307748552879	0.107649583667335	0.197750295054003	0.0901007113866675	0	0	1	0.2	0.328139275610173	0.049160637311845	0.231386597582721	0.423633283233477	0.192246685650756	0	0	2	0.1	0.161091608517479	0.0241697365292985	0.112530011573893	0.208137637584383	0.0956076260104906	0	0	2	0.2	0.353663574063903	0.0530487416526713	0.247101135643733	0.45668148539601	0.209580349752277	0	0	3	0.1	0.172169173033835	0.0258371971352728	0.120109195049915	0.222147705307601	0.102038510257686	0	0	3	0.2	0.381059396692261	0.0572675859899599	0.265629648688767	0.492641745593145	0.227012096904378
645	0	0	0	0.1	0.226507716807711	0.0269807759471142	0.17818372797963	0.280388625659482	0.102204897679851	0	0	0	0.2	0.413047439421786	0.0488355024122659	0.324701208742878	0.511673784100686	0.186972575357808	0	0	1	0.1	0.194561550044883	0.0232702339334237	0.153050237789548	0.24306572026535	0.090015482475802	0	0	1	0.2	0.412992357294056	0.0491767758601407	0.323359133271038	0.51460775121549	0.191248617944452	0	0	2	0.1	0.202266897623616	0.0241998153344202	0.158329951010628	0.252244011593589	0.0939140605829608	0	0	2	0.2	0.442030737166855	0.052933957761379	0.345960408312862	0.551331765189948	0.205371356877086	0	0	3	0.1	0.21516739482326	0.0258998366009904	0.168241936063847	0.268354781747823	0.100112845683976	0	0	3	0.2	0.474422142891304	0.057100848779099	0.371137790737439	0.591431181840492	0.220293391103054
245	0	0	0	0.1	0.195771214008776	0.0289152088536678	0.140995927442044	0.254199253465205	0.113203326023162	0	0	0	0.2	0.3608867804081	0.0527169062695319	0.261984496868623	0.467788643517225	0.205804146648602	0	0	1	0.1	0.169066315470768	0.0249096561626502	0.121267113511963	0.219193210231072	0.0979260967191096	0	0	1	0.2	0.36071935175155	0.0527978492766836	0.256981305925748	0.466636352188265	0.209655046262516	0	0	2	0.1	0.175775853783207	0.025762807524115	0.125856847280281	0.228075528302213	0.102218681021932	0	0	2	0.2	0.385685164483891	0.0564096485674441	0.277233564383633	0.498863567642287	0.221630003258654	0	0	3	0.1	0.186823778315332	0.0273081567574537	0.134875217049473	0.241548181656957	0.106672964607483	0	0	3	0.2	0.413442145677864	0.0604204869059588	0.299534286606242	0.533951916045192	0.23441762943895
668	0	0	0	0.1	0.213391525477924	0.028994655333142	0.155305568900622	0.271287016615004	0.115981447714382	0	0	0	0.2	0.390097999039277	0.0525733718978432	0.286401778553323	0.498245583034092	0.211843804480768	0	0	1	0.1	0.18087477399182	0.0243989122704488	0.131614194659895	0.229392749635824	0.0977785549759295	0	0	1	0.2	0.384081997862023	0.0516183064430523	0.280039117505034	0.487069055083778	0.207029937578744	0	0	2	0.1	0.186302643264712	0.0250603977454175	0.13649725116592	0.238412246449247	0.101914995283327	0	0	2	0.2	0.407403287426232	0.0548223190006181	0.299721132102162	0.520837754846486	0.221116622744324	0	0	3	0.1	0.196996782157632	0.0265409148216463	0.144363879545815	0.25255120167433	0.108187322128515	0	0	3	0.2	0.434933070172024	0.0586211535277558	0.318548948705576	0.557909673483602	0.239360724778027
540	0	0	0	0.1	0.14882830051385	0.0283144938047438	0.0964515775133772	0.207269354573458	0.110817777060081	0	0	0	0.2	0.274681059766919	0.0519064628446153	0.178137557939951	0.382611087078008	0.204473529138058	0	0	1	0.1	0.129924649827747	0.0246108358577066	0.0847891373797238	0.18092211313337	0.0961329757536459	0	0	1	0.2	0.277828247049517	0.0524880660426472	0.182033305993004	0.386653974264494	0.20462066827149	0	0	2	0.1	0.136387977513276	0.0258177925178977	0.0890656382683505	0.190633510584504	0.101567872316154	0	0	2	0.2	0.299523968229413	0.0566456515143686	0.195214572083641	0.420347387031618	0.225132814947977	0	0	3	0.1	0.145722179674572	0.0276510824554895	0.0944300911773226	0.204341902534929	0.109911811357607	0	0	3	0.2	0.322721317141433	0.061154449087364	0.210359921055604	0.452454171013899	0.242094249958295
534	0	0	0	0.1	0.185902464488735	0.0291729908260559	0.128562056340887	0.244585713545288	0.1160236572044	0	0	0	0.2	0.341568294719638	0.0531803587715494	0.237750808820343	0.449415777031505	0.211664968211162	0	0	1	0.1	0.157512531923285	0.0245628508675016	0.11009631954257	0.207691119225785	0.0975947996832151	0	0	1	0.2	0.336246434987234	0.052213739254263	0.234541270085674	0.441578739047657	0.207037468961983	0	0	2	0.1	0.163058723921088	0.0253325849776864	0.114514789114672	0.212549796329009	0.0980350072143369	0	0	2	0.2	0.357799684043463	0.0555200930754489	0.249790922956387	0.465315889162914	0.215524966206527	0	0	3	0.1	0.172943519649206	0.0268823895904775	0.12160485475562	0.225099169074595	0.103494314318975	0	0	3	0.2	0.3827541280222	0.0594743057465049	0.26991511036255	0.49850304746955	0.228587937107
586	0	0	0	0.1	0.242671699372192	0.0284596519546748	0.184954472827396	0.300187919280098	0.115233446452702	0	0	0	0.2	0.444635154267166	0.0514274593868351	0.341222507975785	0.545774679152379	0.204552171176594	0	0	1	0.1	0.210846435208156	0.024416005285572	0.162345204566634	0.260120402817791	0.0977751982511565	0	0	1	0.2	0.448071253218224	0.0514652138898519	0.345495933021948	0.549741699517302	0.204245766495354	0	0	2	0.1	0.219753549821115	0.0252684921441097	0.169189910421507	0.268743093553471	0.099553183131964	0	0	2	0.2	0.480557246809703	0.0551025935065822	0.370533126322398	0.585756380888459	0.215223254566061	0	0	3	0.1	0.233864082691257	0.0267704209700484	0.179366167630744	0.283775226339188	0.104409058708445	0	0	3	0.2	0.516021417194957	0.0591904974612443	0.398616516622021	0.626973295341052	0.228356778719031
514	0	0	0	0.1	0.208551660343785	0.0296859050225332	0.151143548039713	0.268246873573142	0.117103325533429	0	0	0	0.2	0.381127255233563	0.0539964763664886	0.277491119001511	0.485973007380368	0.208481888378857	0	0	1	0.1	0.174688780038383	0.0250741929162612	0.125882592052723	0.222919093075222	0.0970365010224988	0	0	1	0.2	0.371294302175855	0.053222001186186	0.267311765920149	0.47419842539253	0.206886659472381	0	0	2	0.1	0.179201253922066	0.0258426395859347	0.128660842502112	0.228447796202183	0.0997869537000712	0	0	2	0.2	0.392222165793982	0.0565520444906127	0.281585393491709	0.499499120366521	0.217913726874812	0	0	3	0.1	0.189073763679968	0.0273879278130044	0.136115942090238	0.241934315237061	0.105818373146823	0	0	3	0.2	0.41767467706715	0.0605245523481554	0.300145454886966	0.532792892013822	0.232647437126856
410	0	0	0	0.1	0.245546508529721	0.0301973372155014	0.186817941911369	0.304484925112302	0.117666983200933	0	0	0	0.2	0.458543872810593	0.0555745402237385	0.349683260856887	0.566999379026114	0.217316118169226	0	0	1	0.1	0.220239725239123	0.0266242123022895	0.168789949198423	0.271565284909465	0.102775335711042	0	0	1	0.2	0.472779865552088	0.0567489118811794	0.366901718352223	0.58186739192489	0.214965673572667	0	0	2	0.1	0.23274415646877	0.0279473323010683	0.180547227224117	0.287635389430964	0.107088162206848	0	0	2	0.2	0.512640813150567	0.0614340734909551	0.398092017695943	0.63290752192265	0.234815504226707	0	0	3	0.1	0.249386175093394	0.0298976398411792	0.192993901998939	0.307890564169695	0.114896662170756	0	0	3	0.2	0.553605629199171	0.0663537123391222	0.429092544534619	0.68661832943	0.257525784895381
379	0	0	0	0.1	0.181796286630193	0.0283953508358259	0.127551230348511	0.237954589145777	0.110403358797266	0	0	0	0.2	0.334691575335872	0.0517378994798196	0.236950263894844	0.437659670334054	0.20070940643921	0	0	1	0.1	0.157599784339784	0.024348671532822	0.111329471523519	0.205210403267737	0.093880931744218	0	0	1	0.2	0.336593818049723	0.0518030790783702	0.237536039809172	0.437497334880809	0.199961295071637	0	0	2	0.1	0.164923098174188	0.0254203999797856	0.116719420831896	0.214630709444883	0.0979112886129873	0	0	2	0.2	0.361894091444258	0.055710159314076	0.257225243345573	0.470899770074536	0.213674526728963	0	0	3	0.1	0.175991003118473	0.0271338926553614	0.124910366472934	0.228774405983311	0.103864039510378	0	0	3	0.2	0.389298005927336	0.0600381406606518	0.276970039648559	0.507304915511569	0.230334875863011
404	0	0	0	0.1	0.191787950329683	0.0286214008845772	0.133314999323187	0.246707294021522	0.113392294698336	0	0	0	0.2	0.355094309273116	0.052702001264669	0.247187798654388	0.452801670523757	0.205613871869369	0	0	1	0.1	0.167089680410877	0.0249332079209301	0.11567200126257	0.213287778242298	0.0976157769797276	0	0	1	0.2	0.357422114735829	0.0531452306345387	0.246942697019243	0.457796556493975	0.210853859474732	0	0	2	0.1	0.174599649751363	0.0259868006440446	0.120865736042051	0.223256333004774	0.102390596962723	0	0	2	0.2	0.383673126452874	0.0569960237963689	0.264416220894457	0.488756411088248	0.224340190193791	0	0	3	0.1	0.186003749497417	0.0277245208839614	0.128544342751343	0.236406872910635	0.107862530159292	0	0	3	0.2	0.41223206902249	0.0613155730962504	0.285506586312059	0.527092607815358	0.241586021503299
282	0	0	0	0.1	0.21378729059136	0.0294730154425004	0.16205343760505	0.273985873466215	0.111932435861165	0	0	0	0.2	0.392739621935967	0.0535689230901345	0.29731002770845	0.500516283725246	0.203206256016796	0	0	1	0.1	0.179818247908481	0.0247161070240815	0.13564634962876	0.229600870595565	0.0939545209668052	0	0	1	0.2	0.383908017447296	0.0524292520252522	0.287177020606782	0.489614289196575	0.202437268589793	0	0	2	0.1	0.185479000466696	0.0254475581194735	0.138679493855532	0.235507343005653	0.0968278491501219	0	0	2	0.2	0.407088604572381	0.0557282696994301	0.304973743762432	0.516719711352407	0.211745967589975	0	0	3	0.1	0.196247217912592	0.0269456580950895	0.146712642713113	0.250285143375125	0.103572500662011	0	0	3	0.2	0.434559022569592	0.0596975947854506	0.323355056878142	0.553649432381154	0.230294375503012
472	0	0	0	0.1	0.182804631979334	0.0280465185648968	0.128747846339705	0.240544366116382	0.111796519776677	0	0	0	0.2	0.340899694209623	0.05191975576779	0.241601634875989	0.445719677303602	0.204118042427613	0	0	1	0.1	0.164530155502508	0.0250241952042211	0.116244934887378	0.214110638537733	0.0978657036503548	0	0	1	0.2	0.353318198342763	0.0535719476114018	0.250225967688203	0.458419114671885	0.208193146983682	0	0	2	0.1	0.174707235024653	0.0265160794788966	0.123864184500968	0.22742371896637	0.103559534465402	0	0	2	0.2	0.384785357099399	0.0584597550181331	0.272923361483842	0.500118460529531	0.227195099045689	0	0	3	0.1	0.187813580730022	0.0286381021327544	0.132964710384549	0.244553946512965	0.111589236128416	0	0	3	0.2	0.416803951490965	0.0635249443750781	0.295085889720906	0.54391422232948	0.248828332608573
311	0	0	0	0.1	0.142124090684325	0.0284521652614708	0.0884230640701546	0.197354353951583	0.108931289881428	0	0	0	0.2	0.262139499211903	0.052159980072857	0.162093445152494	0.364536355506095	0.202442910353602	0	0	1	0.1	0.124573663144557	0.0247857088427723	0.0763581481883324	0.172816247615673	0.0964580994273406	0	0	1	0.2	0.266111586012633	0.0527952019710916	0.163266865819076	0.368252876246407	0.204986010427331	0	0	2	0.1	0.130869844628518	0.0259914281826795	0.0799890513633698	0.181749886906639	0.101760835543269	0	0	2	0.2	0.287154372661251	0.057020719869111	0.175048386730424	0.398833824423655	0.223785437693231	0	0	3	0.1	0.139878952394484	0.0278351940555844	0.0854813598996535	0.193450652820507	0.107969292920853	0	0	3	0.2	0.309493346001662	0.0614617832554287	0.189588043270236	0.426722273900337	0.237134230630101
604	0	0	0	0.1	0.182903754682266	0.0302493323551555	0.12329102310865	0.241286053368104	0.117995030259454	0	0	0	0.2	0.332564910510067	0.0545810015959462	0.224719368414001	0.440817559421528	0.216098191007528	0	0	1	0.1	0.153691701408376	0.0253711283029619	0.103538813882069	0.204967298076255	0.101428484194186	0	0	1	0.2	0.325148195211499	0.0534881897029857	0.219245735617401	0.432104639058886	0.212858903441485	0	0	2	0.1	0.157351694591779	0.0259359716468978	0.106216421938883	0.208251624844655	0.102035202905772	0	0	2	0.2	0.343287224897001	0.0564638591831067	0.232785342179635	0.454442280505362	0.221656938325727	0	0	3	0.1	0.165875502826595	0.0273224386022836	0.112045296821362	0.219863867657701	0.107818570836339	0	0	3	0.2	0.365416497696927	0.0601143750766705	0.248296967052853	0.483530049800195	0.235233082747342
581	0	0	0	0.1	0.232056275529991	0.0300952282007193	0.176577564109252	0.292889695997127	0.116312131887875	0	0	0	0.2	0.423447032810782	0.0545656899333401	0.321497537195597	0.536269253973145	0.214771716777548	0	0	1	0.1	0.197530397685471	0.0256614079068077	0.148067287335144	0.251335253629645	0.103267966294501	0	0	1	0.2	0.419390670444241	0.0541808998503476	0.315536079369848	0.53134221017976	0.215806130809912	0	0	2	0.1	0.204304513997318	0.0263957850503728	0.153746084129024	0.259629452116906	0.105883367987882	0	0	2	0.2	0.446611053278019	0.0576410897092924	0.337687042193426	0.567080210131965	0.229393167938539	0	0	3	0.1	0.216660290250711	0.0279815625426243	0.163897247351109	0.2740918531021	0.110194605750991	0	0	3	0.2	0.478007340822293	0.061646691487709	0.362633958693576	0.604942124874778	0.242308166181201
176	0	0	0	0.1	0.236673438660596	0.027821031641326	0.182898943115157	0.292251440124273	0.109352497009116	0	0	0	0.2	0.4368607545245	0.050816802810588	0.337582152962796	0.537256109611689	0.199673956648893	0	0	1	0.1	0.206080425457184	0.0240569242910523	0.160279600345528	0.255556351857378	0.0952767515118504	0	0	1	0.2	0.441152801342837	0.0512400015299218	0.34437334388168	0.54518130641151	0.200807962529831	0	0	2	0.1	0.21632489172392	0.0251581495853273	0.169427815728059	0.269102651373695	0.099674835645636	0	0	2	0.2	0.475346209843037	0.0553235355264957	0.373280842055653	0.591813501711042	0.218532659655389	0	0	3	0.1	0.231186895806164	0.0269315700587417	0.18221452938642	0.289500947173678	0.107286417787258	0	0	3	0.2	0.512038462903173	0.0597333303473697	0.401228145593081	0.641059923403719	0.239831777810638
629	0	0	0	0.1	0.218572505807535	0.027695935388085	0.165686828768358	0.276981318872306	0.111294490103949	0	0	0	0.2	0.401840158327929	0.0505552114327079	0.305129745695577	0.505259682245899	0.200129936550322	0	0	1	0.1	0.188572749942331	0.0240637401364172	0.140653083956917	0.237511133422391	0.0968580494654738	0	0	1	0.2	0.40268518887739	0.0511907598843492	0.303182189937498	0.507348138164026	0.204165948226528	0	0	2	0.1	0.197006940502822	0.0252061287360348	0.14830982507469	0.248484934015641	0.100175108940951	0	0	2	0.2	0.432119272083068	0.0552323244769246	0.326896543157289	0.542961842678068	0.21606529952078	0	0	3	0.1	0.209907055905989	0.0269408115358702	0.158450188729663	0.264725006022115	0.106274817292452	0	0	3	0.2	0.464373468199925	0.0595990887021953	0.352108559572414	0.585424875741699	0.233316316169285
375	0	0	0	0.1	0.234163183407018	0.0276238562952159	0.181482710411532	0.293048506892201	0.111565796480669	0	0	0	0.2	0.429431420395355	0.050218715108963	0.333019382896783	0.536060819073455	0.203041436176672	0	0	1	0.1	0.203527277724413	0.0241531611424901	0.158234616533086	0.256451872507254	0.0982172559741682	0	0	1	0.2	0.433164750576986	0.0512072343931491	0.336636617717657	0.547366305793872	0.210729688076216	0	0	2	0.1	0.212585943709035	0.0253369308382165	0.164689670038083	0.266748858627857	0.102059188589774	0	0	2	0.2	0.465261550684652	0.0555028476990138	0.358275102659372	0.583718631730626	0.225443529071254	0	0	3	0.1	0.226515078269153	0.0271595082448094	0.1739323875746	0.285243450415975	0.111311062841375	0	0	3	0.2	0.500173641175344	0.0601644202239489	0.385755214369861	0.629591988328239	0.243836773958378
512	0	0	0	0.1	0.256458436464874	0.030490744725903	0.195656353085602	0.315403355239716	0.119747002154114	0	0	0	0.2	0.468060464378517	0.0547774633120272	0.362840907861532	0.574728749560123	0.21188784169859	0	0	1	0.1	0.214110066736338	0.0252109038535061	0.166989264052247	0.263565377578853	0.0965761135266054	0	0	1	0.2	0.455349710414251	0.0532080404822236	0.354199920733933	0.557684034110439	0.203484113376507	0	0	2	0.1	0.219772035488662	0.0258066311301372	0.170948180481388	0.269994681774553	0.0990465012931649	0	0	2	0.2	0.481149513469579	0.0562667864113271	0.373262648473988	0.592312369490772	0.219049721016784	0	0	3	0.1	0.232064028667536	0.0272574063321153	0.180371715414477	0.286780935099668	0.106409219685191	0	0	3	0.2	0.512606205197299	0.0602139698594231	0.397586018700059	0.636740651060726	0.239154632360667
325	0	0	0	0.1	0.209568549471732	0.0276912896127707	0.15554764588308	0.264263549969595	0.108715904086515	0	0	0	0.2	0.385275770218884	0.0503722801588834	0.285627019472724	0.48457370701076	0.198946687538036	0	0	1	0.1	0.181821875492281	0.0238428388561552	0.135351353323265	0.228741365109668	0.093390011786403	0	0	1	0.2	0.388317690958536	0.0506135055440455	0.289436768601781	0.483832233237769	0.194395464635989	0	0	2	0.1	0.190572322801603	0.0248688302587349	0.142122816272294	0.236935836295443	0.0948130200231495	0	0	2	0.2	0.418141824831552	0.0545443067829902	0.310667566102623	0.520865648820196	0.210198082717573	0	0	3	0.1	0.203582297763608	0.0266230395989919	0.151544275128461	0.253229673962236	0.101685398833776	0	0	3	0.2	0.450175149691419	0.0588784319782166	0.336239668347278	0.560653436408625	0.224413768061347
177	0	0	0	0.1	0.249188924189021	0.0309086817597182	0.188178972980765	0.309496352288531	0.121317379307766	0	0	0	0.2	0.449016943690103	0.0551700956092265	0.340047344555514	0.555634122357899	0.215586777802385	0	0	1	0.1	0.203955212561217	0.0252512833095401	0.155268444555758	0.253512187774425	0.0982437432186666	0	0	1	0.2	0.429680434234871	0.0528715462138776	0.325771984686685	0.532344948902595	0.20657296421591	0	0	2	0.1	0.206120039013822	0.0254673275183129	0.156268441596537	0.255648144148416	0.0993797025518797	0	0	2	0.2	0.44848379371538	0.0552576343280408	0.341078395988176	0.558008679641143	0.216930283652967	0	0	3	0.1	0.215868137760041	0.0266928753682788	0.16434430053334	0.268396489591523	0.104052189058183	0	0	3	0.2	0.474511489465064	0.0586301520195524	0.360102965795676	0.591466381471283	0.231363415675607
610	0	0	0	0.1	0.186931145111782	0.0276118748340288	0.131622538306166	0.242388813699891	0.110766275393725	0	0	0	0.2	0.345115869562792	0.0506881639651417	0.240578746731534	0.445354362287699	0.204775615556165	0	0	1	0.1	0.162713870258797	0.0242190565304861	0.114089477424112	0.210976932778098	0.0968874553539861	0	0	1	0.2	0.348011361948861	0.0516297317167011	0.24496254947345	0.449613986387556	0.204651436914106	0	0	2	0.1	0.17048976017039	0.0254591866959996	0.119467909988217	0.221758596793031	0.102290686804815	0	0	2	0.2	0.374434118495942	0.0558899257092899	0.263615907713102	0.483442015911733	0.219826108198631	0	0	3	0.1	0.181965729396873	0.0273120578336749	0.12777157062199	0.235747949014307	0.107976378392317	0	0	3	0.2	0.40295313966678	0.0604766211353699	0.284712734869614	0.521709259087264	0.23699652421765
400	0	0	0	0.1	0.224270775266876	0.0310907175298626	0.164621550188711	0.286976173719489	0.122354623530777	0	0	0	0.2	0.411004535092007	0.0563075081586697	0.304733074225781	0.522470825426748	0.217737751200967	0	0	1	0.1	0.189588752660279	0.0260468279622438	0.142480719396121	0.242663253623384	0.100182534227263	0	0	1	0.2	0.403249565608601	0.0550308454980282	0.304394023019139	0.518224818600043	0.213830795580903	0	0	2	0.1	0.195026485710882	0.0266315703108456	0.148051453582911	0.25076686932857	0.102715415745659	0	0	2	0.2	0.42703666049221	0.0581437182997524	0.324613327086896	0.547040580629593	0.222427253542697	0	0	3	0.1	0.206074419436898	0.0281082017548413	0.157147427935903	0.264912607327827	0.107765179391924	0	0	3	0.2	0.455319912164953	0.0620852318983417	0.348235995413034	0.584079175920172	0.235843180507137
535	0	0	0	0.1	0.197832187287956	0.0299577005793533	0.138992597497047	0.25497696650777	0.115984369010723	0	0	0	0.2	0.364759793667214	0.0548124678500984	0.258222314440108	0.470500458288358	0.21227814384825	0	0	1	0.1	0.169743025644343	0.0255186044370398	0.119570971844667	0.219503246534844	0.0999322746901774	0	0	1	0.2	0.362753089593769	0.0543964119359022	0.257362982916264	0.469740081474243	0.212377098557978	0	0	2	0.1	0.176473511234936	0.02654060981196	0.124254803599836	0.22801114017274	0.103756336572904	0	0	2	0.2	0.387528163578185	0.0582173556950785	0.273103238802816	0.500104732521734	0.227001493718918	0	0	3	0.1	0.187530033098113	0.0282092924804883	0.131899528564819	0.242489344830597	0.110589816265778	0	0	3	0.2	0.41540377154538	0.06250626368606	0.293127292636643	0.537798142827407	0.244670850190764
363	0	0	0	0.1	0.185719672021742	0.0280101173025085	0.129529074560435	0.241339180969607	0.111810106409172	0	0	0	0.2	0.337023228708969	0.0503788946299411	0.235448324256049	0.437128212990328	0.201679888734278	0	0	1	0.1	0.15497995731787	0.0231163226888756	0.109188254561093	0.198768527321245	0.0895802727601517	0	0	1	0.2	0.328812815461976	0.0487983889312967	0.233473777900997	0.422160227290956	0.188686449389958	0	0	2	0.1	0.159463508660741	0.0236304114397053	0.11259638127476	0.204240520990402	0.0916441397156417	0	0	2	0.2	0.348387281527201	0.0515652500101781	0.246184182766535	0.444568694157024	0.198384511390489	0	0	3	0.1	0.168682005932573	0.0249839671029019	0.119205894214448	0.216302812378387	0.0970969181639387	0	0	3	0.2	0.371876062803584	0.0550350879112678	0.261907794979099	0.474868234835134	0.212960439856035
574	0	0	0	0.1	0.218301433101199	0.0282100005475033	0.164712394982519	0.272691742619603	0.107979347637085	0	0	0	0.2	0.397119776648239	0.050890489315289	0.299610502052015	0.493046975976202	0.193436473924188	0	0	1	0.1	0.183140730920414	0.0235837264575425	0.137570305496414	0.229221631928369	0.091651326431955	0	0	1	0.2	0.388464267894058	0.0498316069301362	0.29193035020854	0.486585632853004	0.194655282644464	0	0	2	0.1	0.188238391006032	0.0242392951250249	0.139777826503283	0.236579203867726	0.0968013773644426	0	0	2	0.2	0.411305831433086	0.052858007113707	0.306441002751233	0.518875610765854	0.212434608014621	0	0	3	0.1	0.198953661462331	0.0256010595760667	0.148408968688373	0.249813072406222	0.101404103717848	0	0	3	0.2	0.43883206951796	0.0565695748539809	0.326613405929154	0.550934200110986	0.224320794181832
579	0	0	0	0.1	0.208300911443067	0.0283057707107124	0.152869578052153	0.264044602116366	0.111175024064213	0	0	0	0.2	0.382369735590903	0.0513258930139455	0.283906459364385	0.48327961828809	0.199373158923705	0	0	1	0.1	0.179895521311772	0.0242030865174963	0.13522745119491	0.227711651715894	0.0924842005209838	0	0	1	0.2	0.382838824100206	0.051229134543015	0.28729705422185	0.484464148426912	0.197167094205062	0	0	2	0.1	0.186996656612606	0.0250669221264059	0.138930352626505	0.237596082747341	0.0986657301208364	0	0	2	0.2	0.409401800019667	0.054791599045884	0.30540005236117	0.519627533508159	0.214227481146989	0	0	3	0.1	0.198696884153434	0.0266799158985725	0.148048477403331	0.252169046189154	0.104120568785823	0	0	3	0.2	0.439033636944182	0.0588959162979767	0.328533491204095	0.555667692508757	0.227134201304662
577	0	0	0	0.1	0.227607350734329	0.0302510948646793	0.17043099621271	0.28654984396822	0.116118847755511	0	0	0	0.2	0.41842564512005	0.0551891113463831	0.314585136686202	0.526227779417313	0.211642642731111	0	0	1	0.1	0.195892548135537	0.0259527922400857	0.146662859863404	0.247443539066735	0.100780679203331	0	0	1	0.2	0.417587031306637	0.055131947834545	0.313652513241647	0.52469674037655	0.211044227134903	0	0	2	0.1	0.203614156323225	0.0270084952413246	0.15309192378018	0.256615156673894	0.103523232893714	0	0	2	0.2	0.446336045401658	0.0590558788203229	0.336393931763875	0.563824329882231	0.227430398118357	0	0	3	0.1	0.216363684751937	0.0287456264699698	0.16319374899632	0.274033352783935	0.110839603787615	0	0	3	0.2	0.478407643495105	0.0635954885358742	0.361092975481014	0.604800829893453	0.243707854412439
226	0	0	0	0.1	0.181488886704156	0.029256123255817	0.122642161108452	0.234435626756424	0.111793465647972	0	0	0	0.2	0.334619266034283	0.0535499100041597	0.227964741423922	0.430616875817832	0.20265213439391	0	0	1	0.1	0.155543057044303	0.0248635607005211	0.104409144785052	0.202662075206252	0.0982529304212002	0	0	1	0.2	0.332674099599721	0.0530576578475365	0.224672143546325	0.433363375628557	0.208691232082232	0	0	2	0.1	0.161935829868102	0.0257950737636594	0.108644689397931	0.211289228583521	0.10264453918559	0	0	2	0.2	0.355715124960419	0.0567657862376125	0.238702039991632	0.465474070093776	0.226772030102144	0	0	3	0.1	0.172197235554923	0.0275253601460328	0.115736000419621	0.224841756092329	0.109105755672708	0	0	3	0.2	0.381478297723536	0.0610090301309968	0.255756157757366	0.497490081867689	0.241733924110323
441	0	0	0	0.1	0.187349080661305	0.0282478649830431	0.133644347732746	0.245038703172995	0.11139435544025	0	0	0	0.2	0.343062207328565	0.051444472878534	0.244604032513658	0.445634652905152	0.201030620391494	0	0	1	0.1	0.159582458068009	0.023947910043194	0.113976939272483	0.207499932263305	0.0935229929908217	0	0	1	0.2	0.339124980847667	0.0507584550267082	0.242460556938502	0.439690471517793	0.197229914579292	0	0	2	0.1	0.164717776662158	0.0246727393959486	0.118180905882937	0.213781697263695	0.0956007913807583	0	0	2	0.2	0.360445788183064	0.0539061154579537	0.258542108363306	0.464891990145095	0.206349881781789	0	0	3	0.1	0.17446172904373	0.0261203666800884	0.126209752491094	0.226055688705576	0.099845936214482	0	0	3	0.2	0.385181240282751	0.0577011191802483	0.27719947307713	0.496981049045816	0.219781575968686
313	0	0	0	0.1	0.226827733314456	0.0281210316948683	0.172425395232537	0.284562056917239	0.112136661684702	0	0	0	0.2	0.413994195662434	0.0506226854600113	0.315163396782824	0.515707890676569	0.200544493893745	0	0	1	0.1	0.196507415776101	0.0239822198520402	0.150725466813774	0.243281464182262	0.0925559973684876	0	0	1	0.2	0.417655706666315	0.0506188696944716	0.321239368963085	0.518109244441587	0.196869875478502	0	0	2	0.1	0.205464650520813	0.0249334472186171	0.158585394271851	0.254408042493895	0.0958226482220441	0	0	2	0.2	0.449133044455762	0.0543782883733268	0.347058826687713	0.555638671782863	0.20857984509515	0	0	3	0.1	0.219193398617683	0.0266058666972356	0.169201201336906	0.270915265863161	0.101714064526255	0	0	3	0.2	0.483364923054193	0.0586538533074129	0.373706161586541	0.599022280943602	0.225316119357061
591	0	0	0	0.1	0.247465926152155	0.0300120895956767	0.189735172437058	0.306827301169606	0.117092128732548	0	0	0	0.2	0.456429637704995	0.0548042269797948	0.350955396023448	0.563406281482689	0.212450885459241	0	0	1	0.1	0.219256716822739	0.0264487565925493	0.169375384923171	0.273113453649626	0.103738068726455	0	0	1	0.2	0.466911336005505	0.0559944219079761	0.360261658557811	0.582176977360891	0.22191531880308	0	0	2	0.1	0.230080980878382	0.0276856878926969	0.177328311846173	0.287284922022062	0.109956610175889	0	0	2	0.2	0.503833727869612	0.0605653324508046	0.387435348108477	0.630351099906041	0.242915751797564	0	0	3	0.1	0.24563250628121	0.0296242642498555	0.188991676637818	0.308096703346522	0.119105026708705	0	0	3	0.2	0.542778176082961	0.0654913939869819	0.417784424534116	0.681873634189394	0.264089209655278
343	0	0	0	0.1	0.217853707107953	0.029425305353195	0.160211331940113	0.275447564808298	0.115236232868186	0	0	0	0.2	0.399129432227983	0.053339966306569	0.29469629450948	0.503782921701404	0.209086627191924	0	0	1	0.1	0.188623286773818	0.0253267981329071	0.140497288492281	0.238471991885004	0.0979747033927232	0	0	1	0.2	0.400932022587718	0.0535159975388225	0.299427149799251	0.504185879641628	0.204758729842377	0	0	2	0.1	0.196330314492121	0.0262892554719645	0.146660996434167	0.2473299096852	0.100668913251034	0	0	2	0.2	0.429389378640297	0.0574156005546278	0.320861195776858	0.540724100760184	0.219862904983325	0	0	3	0.1	0.208782846810393	0.0280185521627072	0.155263699684646	0.263105353516519	0.107841653831873	0	0	3	0.2	0.460970676015299	0.0618120844963377	0.343425091039952	0.581075028535857	0.237649937495905
232	0	0	0	0.1	0.245402081086427	0.0294555551462834	0.188299385718128	0.306687437107709	0.11838805138958	0	0	0	0.2	0.45201138367137	0.0536448613904211	0.349811343413088	0.561608810478852	0.211797467065765	0	0	1	0.1	0.214088200022439	0.0256043103374299	0.165280525440196	0.267824176224388	0.102543650784192	0	0	1	0.2	0.456646153459815	0.0542924819888627	0.352110380986448	0.57089122049745	0.218780839511002	0	0	2	0.1	0.223879318526388	0.0267776210799115	0.173283942692623	0.281069395226313	0.10778545253369	0	0	2	0.2	0.490909787627274	0.0586436764516554	0.379470270807135	0.616763693241274	0.237293422434139	0	0	3	0.1	0.238728169391053	0.0286650458158131	0.184284060220903	0.299208384984162	0.114924324763259	0	0	3	0.2	0.528012950887399	0.0633850552013251	0.408113204385611	0.662589380472063	0.254476176086453
446	0	0	0	0.1	0.235898389395512	0.0306818975430165	0.176294792172593	0.297302403460331	0.121007611287738	0	0	0	0.2	0.433278761753728	0.055622772694295	0.324652289421433	0.542344199773919	0.217691910352486	0	0	1	0.1	0.201635832355354	0.0261064309890183	0.151608475171445	0.254945628666222	0.103337153494777	0	0	1	0.2	0.429350272637755	0.0551975654576961	0.323242495318477	0.540407681196533	0.217165185878056	0	0	2	0.1	0.208514400789394	0.0269174557723505	0.15771966824734	0.263516245863967	0.105796577616627	0	0	2	0.2	0.456857301641978	0.0588367725305865	0.345885193299538	0.575610368154669	0.229725174855131	0	0	3	0.1	0.220960242732276	0.0285642130778002	0.168870395068161	0.280646463818761	0.1117760687506	0	0	3	0.2	0.488475896033715	0.0631474076215944	0.371715716854187	0.618232737065461	0.246517020211274
598	0	0	0	0.1	0.227949663628222	0.0290282430800146	0.173044134440478	0.28385288293781	0.110808748497332	0	0	0	0.2	0.419658052447009	0.0528127516882791	0.320684611018431	0.5181909655524	0.197506354533969	0	0	1	0.1	0.196774450230096	0.0247500831698022	0.150369540881151	0.245153160852622	0.0947836199714702	0	0	1	0.2	0.419781138974477	0.0525185038521466	0.322317117876197	0.522924227583621	0.200607109707424	0	0	2	0.1	0.204793749241305	0.0257075812025606	0.15608173433747	0.256893967365105	0.100812233027636	0	0	2	0.2	0.449122464500198	0.0563946859827431	0.342095311147661	0.563332713334094	0.221237402186434	0	0	3	0.1	0.217694832498113	0.0274458617908322	0.166021125793795	0.271826379370983	0.105805253577188	0	0	3	0.2	0.481663824265952	0.0606718749306958	0.366373824884162	0.601132254616421	0.23475842973226
498	0	0	0	0.1	0.245478853138124	0.0289507489561341	0.186477825736916	0.300886687322655	0.114408861585739	0	0	0	0.2	0.452717206927487	0.0526770432157079	0.347143371294048	0.554043276348777	0.206899905054729	0	0	1	0.1	0.212956048601487	0.0250191963901303	0.163237422792518	0.261313518014068	0.0980760952215497	0	0	1	0.2	0.455105726353936	0.0530331001803194	0.349568226743872	0.558240094156541	0.208671867412668	0	0	2	0.1	0.222552679665794	0.0260843635803015	0.170531505955609	0.273350709709081	0.102819203753472	0	0	2	0.2	0.488571488198871	0.0571373072402563	0.375689957098475	0.597574818692197	0.221884861593722	0	0	3	0.1	0.237149108638054	0.0279092722232211	0.18222579734813	0.291455443347905	0.109229645999775	0	0	3	0.2	0.525047652569722	0.0616690899546422	0.402542842128374	0.646995425304407	0.244452583176032
605	0	0	0	0.1	0.227284799104771	0.0284623776986867	0.173911071419342	0.284858278286582	0.11094720686724	0	0	0	0.2	0.419312273403789	0.0519975912436551	0.321720951250996	0.5247297967139	0.203008845462903	0	0	1	0.1	0.198998743367321	0.0247504667583329	0.151936585199969	0.24945836106765	0.0975217758676815	0	0	1	0.2	0.424703839058941	0.0525958071054019	0.323284018172766	0.530841359361002	0.207557341188236	0	0	2	0.1	0.208420306823688	0.0259133834766041	0.159336687655301	0.262150217810406	0.102813530155105	0	0	2	0.2	0.457104527041309	0.0568392646040095	0.351445894991846	0.573020941280776	0.22157504628893	0	0	3	0.1	0.222307849415335	0.0277348055181405	0.170397138883684	0.277772156977871	0.107375018094187	0	0	3	0.2	0.491832496569968	0.0614313860889995	0.378721838093456	0.613953042560302	0.235231204466846
606	0	0	0	0.1	0.217499931820446	0.0278052050418774	0.165099412250362	0.271132303953493	0.106032891703131	0	0	0	0.2	0.397786201106613	0.0505976008751156	0.301947962808884	0.494502946036773	0.192554983227888	0	0	1	0.1	0.18353882014378	0.0236327737218207	0.138675110653594	0.229608766112217	0.0909336554586233	0	0	1	0.2	0.39101437569844	0.0502779538674228	0.297025338694447	0.490010775600926	0.192985436906479	0	0	2	0.1	0.189765138332838	0.0245612748800063	0.143700528887856	0.237061350380495	0.0933608214926393	0	0	2	0.2	0.415850312698121	0.0538141606747313	0.315131046407201	0.520013655478689	0.204882609071487	0	0	3	0.1	0.201199931253268	0.0261641605954899	0.151083255189939	0.251311463528857	0.100228208338918	0	0	3	0.2	0.444751853472036	0.0578908986475562	0.336966307797181	0.554870609007956	0.217904301210775
469	0	0	0	0.1	0.224300498257136	0.0293369026499537	0.169546481114034	0.281756602683271	0.112210121569237	0	0	0	0.2	0.415836475139741	0.0536693254210243	0.318780565360447	0.519042572233171	0.200262006872724	0	0	1	0.1	0.196640661534846	0.0254388623086248	0.151141221214988	0.247301412069778	0.0961601908547903	0	0	1	0.2	0.421147808866288	0.0540755620432322	0.324147645245424	0.527827710378786	0.203680065133363	0	0	2	0.1	0.206256636561164	0.0264680017210194	0.158401707112448	0.259915868696478	0.10151416158403	0	0	2	0.2	0.453470858731005	0.0580140570933129	0.349592662839972	0.570838078538527	0.221245415698555	0	0	3	0.1	0.220142324091204	0.0281182590867737	0.169887764014798	0.278105299878535	0.108217535863737	0	0	3	0.2	0.487953516181754	0.0623193875643785	0.373904086108696	0.614894895792715	0.240990809684019
597	0	0	0	0.1	0.21724245028965	0.028441903538462	0.160652893503631	0.272041625252002	0.111388731748372	0	0	0	0.2	0.396809162392084	0.0514298101540053	0.295386530917988	0.494705182556896	0.199318651638908	0	0	1	0.1	0.185241131250509	0.024205505120338	0.137395028558586	0.234397292503261	0.0970022639446748	0	0	1	0.2	0.393690197226943	0.0510566623487882	0.29317837337318	0.494821238484479	0.201642865111299	0	0	2	0.1	0.191832152466057	0.0248803067862104	0.143313502545191	0.241481170144777	0.098167667599586	0	0	2	0.2	0.419675596253664	0.0542931105109824	0.314010902356924	0.52541209783696	0.211401195480036	0	0	3	0.1	0.203624372312025	0.0264081324718232	0.152383138059011	0.255883070472533	0.103499932413522	0	0	3	0.2	0.449372267193377	0.0581883156311626	0.337231871150702	0.563702372523289	0.226470501372587
580	0	0	0	0.1	0.166101193223841	0.0280737240387333	0.110370822047673	0.219192729944969	0.108821907897297	0	0	0	0.2	0.306362088856717	0.0515135055320415	0.205131533362316	0.403977964157425	0.198846430795109	0	0	1	0.1	0.142200913279783	0.023892177039364	0.0954293315225031	0.187115557812081	0.0916862262895774	0	0	1	0.2	0.303733738136257	0.050893397265733	0.204075155467124	0.400170747326042	0.196095591858918	0	0	2	0.1	0.147427223450182	0.0247442539850446	0.09920069779819	0.195214806295314	0.0960141084971237	0	0	2	0.2	0.32368651130879	0.054301273771907	0.216530893475781	0.428646169314572	0.212115275838791	0	0	3	0.1	0.156419830097539	0.02630176647358	0.104368956206761	0.207322921281742	0.102953965074982	0	0	3	0.2	0.346508582109634	0.058303741644431	0.231663749901604	0.459483211059434	0.22781946115783
529	0	0	0	0.1	0.184860308816537	0.0289429787612255	0.128772686804704	0.243711042033011	0.114938355228307	0	0	0	0.2	0.336566057796231	0.0522227390399389	0.232696352573416	0.440095124913401	0.207398772339985	0	0	1	0.1	0.153683932766851	0.0238335748286589	0.106161944838815	0.201477468048758	0.095315523209943	0	0	1	0.2	0.326489251458366	0.0503833492088656	0.225274406626659	0.42541083340576	0.200136426779101	0	0	2	0.1	0.157547237497889	0.0243496678677196	0.107992816058129	0.207035201228922	0.0990423851707931	0	0	2	0.2	0.344670094646688	0.053205492591608	0.236159975721797	0.453971775717118	0.217811799995321	0	0	3	0.1	0.166264149810595	0.025718070339034	0.113580153923365	0.218769624820992	0.105189470897627	0	0	3	0.2	0.367052113430692	0.0567246300522736	0.251342449354879	0.481133235418835	0.229790786063956
595	0	0	0	0.1	0.18295271876419	0.0279041463935335	0.131406186776263	0.239837438471224	0.10843125169496	0	0	0	0.2	0.339281905669374	0.0514575421329263	0.243164737542207	0.441019676079605	0.197854938537398	0	0	1	0.1	0.160569862284206	0.0247218948922724	0.113859377578	0.21074163871498	0.0968822611369809	0	0	1	0.2	0.344277629941301	0.0528401574538059	0.244073250838449	0.452025033121476	0.207951782283027	0	0	2	0.1	0.168905107572121	0.0261289049244998	0.120004749187404	0.221929218776559	0.101924469589155	0	0	2	0.2	0.371626443145964	0.0573318789735301	0.263181322520552	0.488640282174544	0.225458959653993	0	0	3	0.1	0.180643541153201	0.0279607798958612	0.128046374950007	0.23723307029076	0.109186695340753	0	0	3	0.2	0.40075009952318	0.0620884092825157	0.284301393809461	0.52640938501092	0.242107991201458
584	0	0	0	0.1	0.269189847344489	0.0307417941177076	0.210252266649842	0.327559308013439	0.117307041363597	0	0	0	0.2	0.491872336127092	0.0554636204455266	0.386700925191782	0.596776433525268	0.210075508333486	0	0	1	0.1	0.226896291193345	0.0257004047274066	0.178405473612953	0.276243968180945	0.0978384945679918	0	0	1	0.2	0.482512068935425	0.0543147922227527	0.380138926761409	0.587152696660368	0.207013769898959	0	0	2	0.1	0.233768781419767	0.0263881020237077	0.183094052797902	0.285979214874033	0.102885162076131	0	0	2	0.2	0.511688338384383	0.0577398270880044	0.400405370318148	0.624816080660695	0.224410710342546	0	0	3	0.1	0.24728902592558	0.027984357787946	0.192216927390093	0.301857527897382	0.10964060050729	0	0	3	0.2	0.54622599921652	0.0618293637944394	0.424294872940172	0.668537660798878	0.244242787858705
552	0	0	0	0.1	0.218725950340679	0.0293163466011455	0.162047254450571	0.277336496864883	0.115289242414311	0	0	0	0.2	0.397902189736747	0.052799352931997	0.297317305270097	0.503183527978242	0.205866222708145	0	0	1	0.1	0.187473437713265	0.0249406099781288	0.13871718069487	0.237195025996174	0.0984778453013039	0	0	1	0.2	0.397117412164588	0.0525270083457071	0.296203881713724	0.501367653626936	0.205163771913213	0	0	2	0.1	0.194354805850352	0.0257048252985207	0.144947544070418	0.245539356494361	0.100591812423943	0	0	2	0.2	0.424061758905548	0.0559576362943838	0.315037975779559	0.535454433664686	0.220416457885127	0	0	3	0.1	0.206370058206705	0.0273466521791813	0.153110535669848	0.260994709128977	0.107884173459129	0	0	3	0.2	0.45444666011715	0.0601114838221703	0.337757942660461	0.573036463413009	0.235278520752548
442	0	0	0	0.1	0.202081220591574	0.0277688982877875	0.15061955988266	0.257323623481905	0.106704063599245	0	0	0	0.2	0.374291350757971	0.0511025688069922	0.28018651049925	0.477392801936615	0.197206291437365	0	0	1	0.1	0.177825880843618	0.0246045053836742	0.132399005758259	0.226978996520299	0.0945799907620399	0	0	1	0.2	0.380791542613377	0.0525246913282888	0.283755094790745	0.484455705979514	0.200700611188769	0	0	2	0.1	0.187082514615445	0.0259515502887585	0.139278896998326	0.237435533259185	0.0981566362608589	0	0	2	0.2	0.411188828337817	0.05707899215473	0.306598464504448	0.523932416703739	0.217333952199291	0	0	3	0.1	0.200127672955331	0.0278948337632661	0.149124122923833	0.25474393843922	0.105619815515388	0	0	3	0.2	0.443402953773281	0.061890635703001	0.328750329949612	0.564103790137787	0.235353460188175
590	0	0	0	0.1	0.184270047966076	0.0294307374841855	0.12637049862888	0.241662564041221	0.115292065412341	0	0	0	0.2	0.337785804570351	0.053383061083402	0.232789021423767	0.440897677997757	0.20810865657399	0	0	1	0.1	0.157772967006486	0.0248231381050101	0.109683858526027	0.206178386900042	0.0964945283740152	0	0	1	0.2	0.335522912695538	0.0525128118793112	0.233885411061979	0.436445343021757	0.202559931959778	0	0	2	0.1	0.163368990270785	0.0255355116653265	0.113394464114106	0.212201703578246	0.0988072394641394	0	0	2	0.2	0.357594785012857	0.0557200551205091	0.249320022876738	0.464380852625432	0.215060829748694	0	0	3	0.1	0.173269368106864	0.0269703909464501	0.120562911982553	0.226192976769846	0.105630064787293	0	0	3	0.2	0.382682536774841	0.0595607729298029	0.266202738112531	0.497521554682768	0.231318816570237
613	0	0	0	0.1	0.237096087899441	0.0295212801873221	0.182429942152583	0.297697543971213	0.11526760181863	0	0	0	0.2	0.439026494652614	0.0540651447709421	0.339422963090445	0.552585505341551	0.213162542251106	0	0	1	0.1	0.208105144294071	0.0256372134576038	0.159267968377355	0.260401034343184	0.101133065965829	0	0	1	0.2	0.446065119014602	0.0545795036398197	0.342390359095687	0.558795828883528	0.216405469787841	0	0	2	0.1	0.219123935764101	0.0268288228971763	0.168450067217787	0.273280367481979	0.104830300264191	0	0	2	0.2	0.481949507882564	0.0589832532855097	0.370383793637007	0.603135704933833	0.232751911296825	0	0	3	0.1	0.234473485711906	0.0286836984572244	0.179019569993106	0.293396362735343	0.114376792742237	0	0	3	0.2	0.519787522054897	0.0636009401505391	0.398666009988199	0.650844506066674	0.252178496078475
573	0	0	0	0.1	0.253576662203214	0.0291235898888147	0.197279437797394	0.311070151286134	0.11379071348874	0	0	0	0.2	0.465327133854765	0.0526620958402784	0.363698486718095	0.572558756552046	0.208860269833951	0	0	1	0.1	0.218600508386535	0.0248841318574929	0.170731544612493	0.266055025889857	0.0953234812773637	0	0	1	0.2	0.465013773192517	0.0525657175079797	0.365249704955825	0.565427974188342	0.200178269232517	0	0	2	0.1	0.226859081666425	0.0257344285623774	0.178759064627859	0.276222377833584	0.0974633132057252	0	0	2	0.2	0.496631869913742	0.0561754514847336	0.391541601971573	0.602650107010057	0.211108505038484	0	0	3	0.1	0.240839253981113	0.0273462838793368	0.190852464140482	0.292464165604616	0.101611701464133	0	0	3	0.2	0.532003809070288	0.0604755463100358	0.42063531901441	0.647460351086415	0.226825032072004
568	0	0	0	0.1	0.200281057870364	0.0281593050077653	0.147359643708788	0.258082301090346	0.110722657381557	0	0	0	0.2	0.370711984592112	0.0515828043436752	0.272740151462993	0.477954628427091	0.205214476964099	0	0	1	0.1	0.17469174820365	0.0243040910347154	0.12964695950534	0.22637669040694	0.0967297309015998	0	0	1	0.2	0.374176525550924	0.0518278703144546	0.278005827440846	0.484459623116473	0.206453795675627	0	0	2	0.1	0.183225206709033	0.0254334846582939	0.136275484776781	0.237561140315129	0.101285655538348	0	0	2	0.2	0.402906719677358	0.055766969443323	0.300551175810168	0.523126821014514	0.222575645204345	0	0	3	0.1	0.195644077526018	0.0271574265651952	0.145381265078852	0.252721588705533	0.10734032362668	0	0	3	0.2	0.433713866543341	0.0600966592643681	0.324361644612244	0.560839954220115	0.236478309607871
108	0	0	0	0.1	0.223526683780491	0.0302463060204824	0.16726628920111	0.284369423308732	0.117103134107622	0	0	0	0.2	0.408403930571802	0.05473473394059	0.306499300434228	0.520508358251643	0.214009057817415	0	0	1	0.1	0.189946810037551	0.0255486883273695	0.140092214742957	0.240632488652591	0.100540273909634	0	0	1	0.2	0.403417395270096	0.0539091800695733	0.29780431780864	0.510593124176168	0.212788806367528	0	0	2	0.1	0.196011424300389	0.0261887427000009	0.14434530819784	0.247658553220345	0.103313245022505	0	0	2	0.2	0.428635494311097	0.0572502655376157	0.316550912031113	0.541134110867815	0.224583198836703	0	0	3	0.1	0.207545671039708	0.0277656332255633	0.153212020167671	0.262802198643308	0.109590178475637	0	0	3	0.2	0.457961028882367	0.0612471127080212	0.337839737306068	0.580299678156947	0.242459940850879
476	0	0	0	0.1	0.210971213964485	0.0291326698935187	0.155087305446697	0.267269982330824	0.112182676884127	0	0	0	0.2	0.392248132849307	0.0536871469436119	0.288866097634359	0.496359717463162	0.207493619828803	0	0	1	0.1	0.187252058060646	0.0257750436864219	0.136256393897623	0.238602565290841	0.102346171393219	0	0	1	0.2	0.400917561860742	0.0549767355253844	0.293052385642176	0.512425730796947	0.219373345154771	0	0	2	0.1	0.196943301192241	0.0271996699760643	0.144868929415037	0.252932545465233	0.108063616050195	0	0	2	0.2	0.433048961229273	0.0597687409077361	0.318214814077751	0.553133392267032	0.234918578189282	0	0	3	0.1	0.210508739192689	0.0291813573146535	0.154770699628879	0.268733499639345	0.113962800010467	0	0	3	0.2	0.466795092128685	0.0647164588482614	0.342991991169272	0.596250692134251	0.25325870096498
688	0	0	0	0.1	0.184152753948211	0.0293046287548468	0.12800259708316	0.242817386148983	0.114814789065824	0	0	0	0.2	0.343577873326525	0.054356607594272	0.239525603193313	0.451027764818556	0.211502161625244	0	0	1	0.1	0.163922579470928	0.0260446135395603	0.114717348950527	0.214496189374117	0.0997788404235908	0	0	1	0.2	0.352389435692351	0.0557061018420397	0.247746646829955	0.461500231326545	0.21375358449659	0	0	2	0.1	0.173323253722992	0.0274266054428861	0.122217131926346	0.227067123874802	0.104849991948456	0	0	2	0.2	0.38206004842481	0.0602556353309997	0.268698797465535	0.499047817224244	0.230349019758709	0	0	3	0.1	0.185838698444365	0.0293620906631044	0.130157354052874	0.24259129993079	0.112433945877917	0	0	3	0.2	0.412768708722431	0.0650745506699275	0.289843136096286	0.540013083878579	0.250169947782293
520	0	0	0	0.1	0.185542663651511	0.0266804656362483	0.133015483671644	0.234845372070882	0.101829888399237	0	0	0	0.2	0.346866657684407	0.0494955836740871	0.249788956495355	0.442265054178607	0.192476097683252	0	0	1	0.1	0.166044368470397	0.0237615952072584	0.119218852774515	0.212476008056114	0.0932571552815991	0	0	1	0.2	0.358032481888889	0.0511260515281256	0.256942594480748	0.457542082363798	0.20059948788305	0	0	2	0.1	0.176811127598714	0.0253391176826553	0.127357430093653	0.22596510446427	0.0986076743706177	0	0	2	0.2	0.390388013503226	0.0559684152686724	0.281408163512594	0.500080277411756	0.218672113899162	0	0	3	0.1	0.190325016761681	0.0273015704260128	0.137154348757865	0.244683963183904	0.107529614426039	0	0	3	0.2	0.423247637067895	0.0609668398615997	0.303806557977874	0.545339816141058	0.241533258163184
392	0	0	0	0.1	0.186155904951049	0.0279291375585677	0.134860819210612	0.24342793602732	0.108567116816708	0	0	0	0.2	0.345408758392652	0.0513451676360971	0.251555569627848	0.448139203679186	0.196583634051338	0	0	1	0.1	0.163651853759978	0.0241934541192614	0.118286783492118	0.214129048238046	0.0958422647459277	0	0	1	0.2	0.351150657223713	0.0517172908092035	0.253765365031739	0.457278545727535	0.203513180695796	0	0	2	0.1	0.172450780212548	0.0253811679674792	0.125575634386589	0.223737714639313	0.0981620802527232	0	0	2	0.2	0.379614139784948	0.0558082883312594	0.277751365497426	0.492848844580025	0.215097479082598	0	0	3	0.1	0.184623694305156	0.0271499478337809	0.134595678884938	0.240911150137548	0.10631547125261	0	0	3	0.2	0.409663097528737	0.0601430305913532	0.298625840326562	0.53332765800375	0.234701817677187
497	0	0	0	0.1	0.22584331511712	0.027625880984826	0.171008079492804	0.280757308616252	0.109749229123448	0	0	0	0.2	0.416962837576088	0.0503599005810563	0.316754595318627	0.516267462392162	0.199512867073535	0	0	1	0.1	0.197918036618416	0.0238912844179812	0.150222364532807	0.247240259792433	0.0970178952596263	0	0	1	0.2	0.423441845757708	0.0507898775481335	0.323309714401358	0.526389530534362	0.203079816133005	0	0	2	0.1	0.208200273819759	0.0249564768490978	0.159264015996552	0.259637315651906	0.100373299655354	0	0	2	0.2	0.457273501446766	0.0547276264740985	0.350286037411997	0.569070611011342	0.218784573599345	0	0	3	0.1	0.222705614549993	0.026674733079655	0.170936334721792	0.278405849196002	0.10746951447421	0	0	3	0.2	0.493160437247313	0.059036007984662	0.379194424820099	0.615220357255863	0.236025932435764
647	0	0	0	0.1	0.178123770911764	0.0289259152603086	0.12124211404255	0.234170873228132	0.112928759185582	0	0	0	0.2	0.330367789951052	0.0531991409758933	0.227096030098353	0.432833248517176	0.205737218418823	0	0	1	0.1	0.156827322144398	0.0251189806919625	0.107843410468809	0.206503170504153	0.0986597600353441	0	0	1	0.2	0.335622128074037	0.0536054474515895	0.231938880927142	0.441867007099777	0.209928126172636	0	0	2	0.1	0.164619482485607	0.0262889745255604	0.113937930433135	0.217088989138294	0.103151058705159	0	0	2	0.2	0.361838125267314	0.0577300780654438	0.25037639085845	0.475702919590766	0.225326528732317	0	0	3	0.1	0.175802152051476	0.0280571595906485	0.122582207803229	0.231830997961692	0.109248790158462	0	0	3	0.2	0.389624150384471	0.0622018978873802	0.27108708970932	0.513807805075874	0.242720715366554
382	0	0	0	0.1	0.235566102878189	0.0281290105634109	0.184148747095105	0.293226111820439	0.109077364725334	0	0	0	0.2	0.43576676908243	0.0513182223059647	0.342730638798416	0.541184869421862	0.198454230623446	0	0	1	0.1	0.208158019276663	0.0247167866116748	0.163571434085849	0.258377394216111	0.0948059601302617	0	0	1	0.2	0.445779250496537	0.0525808258179018	0.349671512800877	0.54929532185907	0.199623809058193	0	0	2	0.1	0.219762974539321	0.0260807568203677	0.171202890999748	0.27122470379244	0.100021812792692	0	0	2	0.2	0.482886958544674	0.0571903312540799	0.378303215534355	0.595589887660174	0.217286672125819	0	0	3	0.1	0.235515798538552	0.0280122653973772	0.183700435410674	0.289963946654282	0.106263511243608	0	0	3	0.2	0.521636675218461	0.0620616356823666	0.407992855576668	0.642528912047126	0.234536056470457
608	0	0	0	0.1	0.235151166272408	0.0287324014170542	0.179300139966462	0.292598469882481	0.113298329916019	0	0	0	0.2	0.431268850459037	0.0521174987902775	0.329059598674821	0.535107427048158	0.206047828373336	0	0	1	0.1	0.201489684991032	0.024442550783791	0.152803748573754	0.253053702250683	0.100249953676929	0	0	1	0.2	0.429213485560365	0.0517516155618651	0.32836206978055	0.535596337248531	0.207234267467982	0	0	2	0.1	0.209238262948168	0.0253334324848509	0.16072204208511	0.260901565275259	0.100179523190149	0	0	2	0.2	0.458464401868192	0.0554801292832882	0.353969370548656	0.571107802856702	0.217138432308046	0	0	3	0.1	0.222341819438392	0.0269681477469784	0.172131111368721	0.276915189082858	0.104784077714137	0	0	3	0.2	0.491401636867612	0.0596312012165465	0.381955627610857	0.611100554279519	0.229144926668662
280	0	0	0	0.1	0.213181474498266	0.0284251888613806	0.160852788099677	0.269823016516368	0.108970228416691	0	0	0	0.2	0.395188285751034	0.0523573323859547	0.297314432019216	0.502243524429881	0.204929092410665	0	0	1	0.1	0.186421751756424	0.0249065816459764	0.140487575365581	0.235633713177976	0.0951461378123951	0	0	1	0.2	0.399573862753208	0.0531245639383167	0.300687629674686	0.504774419501044	0.204086789826358	0	0	2	0.1	0.195607044044239	0.0260617620238568	0.147337181359719	0.247860737667442	0.100523556307723	0	0	2	0.2	0.430388642092195	0.0573133781129704	0.324996901713475	0.545617877893416	0.220620976179941	0	0	3	0.1	0.208934659280953	0.0278300781620457	0.157320540957714	0.264090140640004	0.106769599682289	0	0	3	0.2	0.463352686062509	0.0618620503770557	0.349561988988949	0.587674496964517	0.238112507975568
669	0	0	0	0.1	0.22078446478069	0.0295651556977661	0.163661738456125	0.279128139031379	0.115466400575253	0	0	0	0.2	0.407742656882545	0.0538512750639419	0.307291517532652	0.515978314278569	0.208686796745916	0	0	1	0.1	0.193361284486619	0.0254941453388396	0.145140267365754	0.242340158836864	0.0971998914711092	0	0	1	0.2	0.412781747072431	0.0539801436372497	0.310489572652012	0.518607086218296	0.208117513566284	0	0	2	0.1	0.202377604300528	0.0265014813600946	0.152925870398789	0.254278913028612	0.101353042629822	0	0	2	0.2	0.443984484038298	0.0580274294094653	0.33616689636694	0.559961290856985	0.223794394490045	0	0	3	0.1	0.215891164239069	0.0282639247670529	0.164028127044388	0.272035745981187	0.108007618936799	0	0	3	0.2	0.477735997456401	0.0623785594389494	0.360709689579884	0.604454629059239	0.243744939479355
640	0	0	0	0.1	0.180415227603101	0.0266080506877886	0.131661699680853	0.231335490627404	0.0996737909465514	0	0	0	0.2	0.327923397047431	0.048028932571296	0.240036296744649	0.419506710623244	0.179470413878595	0	0	1	0.1	0.149872772190213	0.022028927334623	0.108822897065697	0.192950153791867	0.0841272567261703	0	0	1	0.2	0.318332084598562	0.0466520739274917	0.230780849721389	0.411134796312972	0.180353946591583	0	0	2	0.1	0.153898917872261	0.0226509689554167	0.112119622238521	0.198096942467792	0.0859773202292714	0	0	2	0.2	0.336574409837547	0.0494190549024165	0.246049287179624	0.432762053051331	0.186712765871707	0	0	3	0.1	0.162648438497353	0.0239704848490572	0.118495994552079	0.209676886255729	0.09118089170365	0	0	3	0.2	0.358772009973242	0.0528793697723587	0.261633608293908	0.460898355201753	0.199264746907845
626	0	0	0	0.1	0.248933186102887	0.0295896819141723	0.189926917236159	0.304283580180542	0.114356662944383	0	0	0	0.2	0.459841987166199	0.0539032189276807	0.353365155065012	0.563335875022295	0.209970719957283	0	0	1	0.1	0.218655214666643	0.0257786717377636	0.167752340526613	0.266557269485478	0.0988049289588646	0	0	1	0.2	0.466411239209368	0.0545414588215544	0.358082792905346	0.569725490301949	0.211642697396603	0	0	2	0.1	0.228652404110575	0.0268268921977673	0.175160206328207	0.281058908935217	0.10589870260701	0	0	2	0.2	0.501371330327912	0.0586331969603905	0.383907472510988	0.614988524969115	0.231081052458127	0	0	3	0.1	0.243655648662744	0.0285654112796944	0.185281313527494	0.299207865827484	0.11392655229999	0	0	3	0.2	0.538957693610236	0.0631997651302791	0.409986169190368	0.662414953820465	0.252428784630097
533	0	0	0	0.1	0.254382664720822	0.0303859657595551	0.195276985198636	0.31674865057139	0.121471665372754	0	0	0	0.2	0.473356570529361	0.0559889596164954	0.366449120660918	0.587466013270005	0.221016892609087	0	0	1	0.1	0.226381306124801	0.0271925155297337	0.174286309058248	0.280537438233771	0.106251129175522	0	0	1	0.2	0.485143811738008	0.0579189062135189	0.373871542655386	0.602407609746821	0.228536067091436	0	0	2	0.1	0.238508096010645	0.028708736260357	0.183890520149839	0.297885529790506	0.113995009640668	0	0	2	0.2	0.524670277855888	0.0630591724124379	0.406789777212669	0.656892905991442	0.250103128778773	0	0	3	0.1	0.25512305841064	0.0308206921371179	0.196445025446709	0.317794776948793	0.121349751502084	0	0	3	0.2	0.565859844364331	0.0683138918780984	0.437294816614129	0.708180128086923	0.270885311472794
419	0	0	0	0.1	0.186395157872401	0.0306552652978364	0.127504893163123	0.245430876509067	0.117925983345943	0	0	0	0.2	0.343658500354228	0.0560034659214312	0.233410806783621	0.453803585390945	0.220392778607323	0	0	1	0.1	0.162530513659752	0.0264935457365889	0.111960066056542	0.214243869420323	0.102283803363781	0	0	1	0.2	0.346125361026384	0.0560705160286838	0.238722891732299	0.456423826713704	0.217700934981405	0	0	2	0.1	0.169219819599664	0.0273709766683487	0.116664457108438	0.223133454397599	0.106468997289161	0	0	2	0.2	0.370706989113451	0.0597993953312618	0.254920730060018	0.48791969721601	0.232998967155992	0	0	3	0.1	0.179888328808815	0.0290305383828887	0.12287238516652	0.2371778924278	0.11430550726128	0	0	3	0.2	0.397753541056693	0.063997608840255	0.272547255479017	0.526812735676586	0.254265480197569
618	0	0	0	0.1	0.203926057082166	0.0275349720726398	0.153353679960331	0.260290460698816	0.106936780738484	0	0	0	0.2	0.381258791182841	0.0508943531522164	0.285971919223306	0.483292141062856	0.19732022183955	0	0	1	0.1	0.183115368545798	0.0244820364807329	0.138742718020115	0.232370758474582	0.0936280404544673	0	0	1	0.2	0.393743849979711	0.0523302310180852	0.300850801126216	0.499773168401258	0.198922367275041	0	0	2	0.1	0.194102983102854	0.0258002054448512	0.146884395826842	0.245533873531253	0.0986494777044115	0	0	2	0.2	0.427875029935416	0.0567229072847386	0.325457426786067	0.540495672070131	0.215038245284064	0	0	3	0.1	0.208340083297893	0.0276237541402621	0.157921611219994	0.263264077881903	0.105342466661909	0	0	3	0.2	0.462818476910178	0.0613423233025133	0.351477053919097	0.585045897157593	0.233568843238496
477	0	0	0	0.1	0.211876487770265	0.0280740150977787	0.157842550531079	0.2673692481531	0.109526697622021	0	0	0	0.2	0.386112849058323	0.0510858856362691	0.285973122469195	0.487563797817771	0.201590675348576	0	0	1	0.1	0.180774963901113	0.0243436806184929	0.133288686390842	0.229349246768545	0.0960605603777031	0	0	1	0.2	0.383325625069057	0.0515416323760946	0.282076119362379	0.487061581125805	0.204985461763426	0	0	2	0.1	0.187002326287517	0.0253898654833867	0.137285508968202	0.237811418106119	0.100525909137917	0	0	2	0.2	0.408403305964055	0.0555297973547449	0.299756265314203	0.520615991934404	0.220859726620201	0	0	3	0.1	0.198315144815841	0.0270848374445336	0.144833748577228	0.253463408148446	0.108629659571218	0	0	3	0.2	0.437122516625724	0.0598824486462209	0.322054033874622	0.561322582190764	0.239268548316142
493	0	0	0	0.1	0.218234464271744	0.0285010737799586	0.164182348194733	0.27764511715306	0.113462768958327	0	0	0	0.2	0.401829077589505	0.0520889870411544	0.301656748342813	0.509150007597146	0.207493259254333	0	0	1	0.1	0.189467816080413	0.024797639886965	0.142845516727311	0.24140973806855	0.0985642213412393	0	0	1	0.2	0.40481332645169	0.0527331904940533	0.304580608995009	0.515045985075303	0.210465376080294	0	0	2	0.1	0.19848544030376	0.0259838211691116	0.148710006809154	0.252774611416069	0.104064604606916	0	0	2	0.2	0.435562507442764	0.056874314856268	0.328297900206503	0.556212162840921	0.227914262634418	0	0	3	0.1	0.211788573454757	0.027801267000112	0.159044747326034	0.270620762492058	0.111576015166024	0	0	3	0.2	0.468741996502788	0.0614207192727412	0.352496427400232	0.597721069769257	0.245224642369025
397	0	0	0	0.1	0.204486358053758	0.0275034340733163	0.15155120042742	0.25790409457833	0.106352894150909	0	0	0	0.2	0.380767539700492	0.0506353468073917	0.281673804307238	0.479608272432096	0.197934468124858	0	0	1	0.1	0.185451220789486	0.0248410124826672	0.135772538361054	0.235967810303896	0.100195271942841	0	0	1	0.2	0.397570994559315	0.0529533386479604	0.291514988753846	0.507310704787935	0.215795716034089	0	0	2	0.1	0.19730943394795	0.026366145611196	0.144106454244972	0.250207001245893	0.106100547000921	0	0	2	0.2	0.43387430356237	0.0578595610871965	0.317143539209068	0.55065099862499	0.233507459415922	0	0	3	0.1	0.212224552168118	0.0283744150478766	0.155503676938574	0.269804084449076	0.114300407510501	0	0	3	0.2	0.470483157307504	0.062781101816758	0.343968823432542	0.59806741860204	0.254098595169498
444	0	0	0	0.1	0.179636925579237	0.0279782568343951	0.124766067484029	0.236754811067113	0.111988743583084	0	0	0	0.2	0.328582132924787	0.0509893279353892	0.228176438103393	0.431510840588769	0.203334402485376	0	0	1	0.1	0.153168011261331	0.0239758839695944	0.107005050879768	0.200712634591186	0.0937075837114183	0	0	1	0.2	0.326495203717285	0.0510267235902038	0.229538101733642	0.426449245004418	0.196911143270776	0	0	2	0.1	0.159457961160424	0.0250077482229791	0.111879009170807	0.209716672350166	0.0978376631793598	0	0	2	0.2	0.349372641901205	0.0547829840368448	0.245883697773047	0.461085641702087	0.215201943929039	0	0	3	0.1	0.169773070068006	0.0266847906925476	0.118888110756206	0.224121957758583	0.105233847002377	0	0	3	0.2	0.375028353810502	0.0589446475877762	0.265522947242063	0.495888528705429	0.230365581463366
567	0	0	0	0.1	0.201713714893177	0.0278545712191472	0.151087431027931	0.257297036462708	0.106209605434777	0	0	0	0.2	0.370693852263352	0.0508578208284974	0.276888581069401	0.470715727495275	0.193827146425874	0	0	1	0.1	0.173523023614679	0.0239716756373923	0.126769767228165	0.219843659552862	0.0930738923246973	0	0	1	0.2	0.370214958375171	0.0509440991409358	0.269347350808157	0.467640056479406	0.198292705671249	0	0	2	0.1	0.180742745791517	0.0248961073650575	0.131444241598748	0.228472853855884	0.097028612257136	0	0	2	0.2	0.396336358751722	0.0545976311503894	0.289259372021838	0.501029668636424	0.211770296614586	0	0	3	0.1	0.192330164560076	0.0264916532856528	0.139157351839144	0.243528696644082	0.104371344804938	0	0	3	0.2	0.425429046584163	0.0586707298248546	0.310587324204059	0.539648047356885	0.229060723152826
309	0	0	0	0.1	0.231058244579403	0.0304820552214444	0.170485335548969	0.292178953767671	0.121693618218702	0	0	0	0.2	0.421696366235909	0.0551484652745584	0.310783791707718	0.529231584129563	0.218447792421845	0	0	1	0.1	0.19356529284656	0.025616641590335	0.142217091288387	0.243836213637906	0.101619122349518	0	0	1	0.2	0.410925685989567	0.0540253949815071	0.302226038669111	0.51607715891237	0.213851120243259	0	0	2	0.1	0.198334026782409	0.0261597036340757	0.14708089895257	0.251027254792373	0.103946355839803	0	0	2	0.2	0.43383169610925	0.0570656193482246	0.324084132307449	0.549040423184279	0.22495629087683	0	0	3	0.1	0.209165740024907	0.0275608788939232	0.156066527104936	0.264933992249934	0.108867465144998	0	0	3	0.2	0.461649565578196	0.0609259499124021	0.343443292559194	0.584488565487138	0.241045272927945
322	0	0	0	0.1	0.241240005656067	0.0292654618382425	0.184401235148092	0.300946795168455	0.116545560020363	0	0	0	0.2	0.447131331715842	0.0534647149602152	0.341960696861003	0.551698741438186	0.209738044577183	0	0	1	0.1	0.216291919845615	0.0260403380360722	0.16502662979008	0.26567238654167	0.100645756751591	0	0	1	0.2	0.46205302375308	0.0551128999772419	0.352913861830393	0.571735636382207	0.218821774551814	0	0	2	0.1	0.228462470575204	0.0272747500864296	0.173120765261366	0.282587148045026	0.109466382783659	0	0	2	0.2	0.501244560303259	0.0596196952764017	0.381055666737784	0.620075360116915	0.239019693379131	0	0	3	0.1	0.244683399872431	0.0291746447257432	0.185177043082282	0.302444107292288	0.117267064210006	0	0	3	0.2	0.541584562587763	0.0643456895878027	0.409297416888448	0.670676235402212	0.261378818513764
683	0	0	0	0.1	0.227922006677942	0.0297336998762584	0.171312561513034	0.28734386990805	0.116031308395016	0	0	0	0.2	0.419784474095969	0.0542376395242223	0.315973247291757	0.527435167491028	0.211461920199271	0	0	1	0.1	0.194767045715554	0.025251132865007	0.147378783568267	0.245049613719458	0.0976708301511905	0	0	1	0.2	0.416590198032481	0.0537540055160827	0.313086050304525	0.523681099004068	0.210595048699543	0	0	2	0.1	0.202669886752759	0.0262173150266944	0.152808972931225	0.255351369608992	0.102542396677768	0	0	2	0.2	0.445203578146419	0.0575224681443307	0.334378391672361	0.560986092846551	0.22660770117419	0	0	3	0.1	0.215567986021815	0.027867764452495	0.161589782158067	0.272958820987969	0.111369038829902	0	0	3	0.2	0.477396970812513	0.0616817833357339	0.360036358357932	0.601567108740958	0.241530750383027
651	0	0	0	0.1	0.2295302480101	0.0273252989938849	0.178183143423166	0.283956923080365	0.105773779657199	0	0	0	0.2	0.420560821365818	0.0492200923232294	0.328979045485132	0.517351108793687	0.188372063308556	0	0	1	0.1	0.197474017837631	0.0231122477449092	0.153851432302693	0.242893920734732	0.0890424884320386	0	0	1	0.2	0.421305622236473	0.0488953544661597	0.330348877852319	0.516400859559806	0.186051981707488	0	0	2	0.1	0.20635127502421	0.0240234015968045	0.161704114585305	0.25237912458043	0.0906750099951251	0	0	2	0.2	0.452350764614392	0.0524962550580867	0.35497663811474	0.552657012975602	0.197680374860862	0	0	3	0.1	0.22011229993164	0.0256054726350757	0.172263538496798	0.269562546428642	0.0972990079318438	0	0	3	0.2	0.48636285860699	0.0564977639334654	0.381031809072682	0.59568671105456	0.214654901981878
690	0	0	0	0.1	0.186351004520973	0.0275537078064062	0.134033233588211	0.24154591840112	0.10751268481291	0	0	0	0.2	0.338997786939079	0.0496810786031739	0.243918610404306	0.440386303583404	0.196467693179099	0	0	1	0.1	0.156774970497387	0.0230028855735421	0.114558319129404	0.203000822708813	0.0884425035794089	0	0	1	0.2	0.333370769062092	0.0487116289533313	0.243680447308071	0.430842546244779	0.187162098936709	0	0	2	0.1	0.162317267607365	0.0237432734618649	0.11813904470424	0.208588457255152	0.090449412550912	0	0	2	0.2	0.354927680012897	0.0518380420537138	0.258230189763197	0.456519312900778	0.19828912313758	0	0	3	0.1	0.172194801190418	0.0251642995228909	0.124668559303608	0.220989782754231	0.0963212234506236	0	0	3	0.2	0.379953509355643	0.0555404727878734	0.273378887320527	0.487256691051282	0.213877803730755
413	0	0	0	0.1	0.185384779842867	0.0297529533391044	0.130600366147578	0.243875213800414	0.113274847652837	0	0	0	0.2	0.341983725367433	0.0545741391317124	0.239985157500982	0.447409116835567	0.207423959334584	0	0	1	0.1	0.159878004834517	0.0257099401660693	0.112509285241134	0.20951565474734	0.0970063695062056	0	0	1	0.2	0.341477274663861	0.0547549260559038	0.239107752666983	0.446648524765424	0.207540772098441	0	0	2	0.1	0.166361386551589	0.026708169044497	0.115764164022353	0.217513103943589	0.101748939921236	0	0	2	0.2	0.365253612390341	0.0586717642041391	0.254524690867972	0.479727156007199	0.225202465139227	0	0	3	0.1	0.176899371910823	0.0284998923128194	0.123450047075677	0.232584837253367	0.10913479017769	0	0	3	0.2	0.391671297805134	0.063049577473577	0.274234016941016	0.516453715471048	0.242219698530032
405	0	0	0	0.1	0.194691352885056	0.0299738952499766	0.134870268463407	0.254098639493046	0.119228371029639	0	0	0	0.2	0.357064642340883	0.054657285171553	0.246568804995862	0.464463928589498	0.217895123593636	0	0	1	0.1	0.169700907857743	0.026093949945881	0.115778120122651	0.220626417182479	0.104848297059827	0	0	1	0.2	0.360277721414249	0.0552643296738658	0.247388154538547	0.469385424269039	0.221997269730492	0	0	2	0.1	0.176676253261783	0.0271586412735061	0.121278173567502	0.230917323797517	0.109639150230014	0	0	2	0.2	0.386239539175489	0.059281865982142	0.264790769602572	0.504717455580579	0.239926685978007	0	0	3	0.1	0.187976923113511	0.0289443059348107	0.128574026184243	0.245610711757688	0.117036685573445	0	0	3	0.2	0.414727227405112	0.0637812158092562	0.28417605432069	0.544798107215987	0.260622052895296
509	0	0	0	0.1	0.226880884958734	0.0279031093462639	0.172515192424118	0.281695168699879	0.109179976275762	0	0	0	0.2	0.417733732817007	0.0509038242386508	0.319360699987519	0.517704348589837	0.198343648602319	0	0	1	0.1	0.199550568185274	0.0245169506509471	0.154087563706339	0.248848817377965	0.0947612536716255	0	0	1	0.2	0.425595195842478	0.052118706381664	0.32786022577533	0.532886081536855	0.205025855761524	0	0	2	0.1	0.209642511504835	0.0258547382167396	0.161306944084949	0.262395365891954	0.101088421807006	0	0	2	0.2	0.459488634218481	0.0566351388644632	0.35332342140301	0.575187936442076	0.221864515039066	0	0	3	0.1	0.224057198631651	0.0277885748382624	0.173447116742286	0.281390248469266	0.10794313172698	0	0	3	0.2	0.495319970162747	0.0613701583852838	0.381750809085297	0.621852123818047	0.240101314732751
585	0	0	0	0.1	0.218127026789446	0.0296086232920847	0.163844585845318	0.278695193675023	0.114850607829705	0	0	0	0.2	0.401037260365325	0.0537322954219015	0.302902944529318	0.513390639143005	0.210487694613687	0	0	1	0.1	0.191529251196498	0.0258184513587664	0.14390308266038	0.245914691576791	0.102011608916411	0	0	1	0.2	0.407489843358375	0.054426009259248	0.308606381470721	0.521218995799827	0.212612614329105	0	0	2	0.1	0.200424429699105	0.0268202447148001	0.152572956434402	0.256999052248716	0.104426095814314	0	0	2	0.2	0.438616725546579	0.0583759390039473	0.333684825004344	0.55939440527357	0.225709580269226	0	0	3	0.1	0.213761143639061	0.0284851532411962	0.162894783154393	0.272130257198996	0.109235474044603	0	0	3	0.2	0.472037166760584	0.0628373712091994	0.360340362063391	0.599850312804758	0.239509950741368
548	0	0	0	0.1	0.222251353733471	0.0279013139355656	0.168389091301059	0.277759006216485	0.109369914915426	0	0	0	0.2	0.410598208506788	0.0510572213502375	0.311767852067876	0.510230462144175	0.1984626100763	0	0	1	0.1	0.196112867870355	0.0245465500244988	0.149204229327323	0.245728900558318	0.0965246712309949	0	0	1	0.2	0.418358829371042	0.052168887906529	0.319216813153338	0.524238186293241	0.205021373139903	0	0	2	0.1	0.205684983888434	0.0257359380700789	0.157159465848455	0.257470213233694	0.100310747385239	0	0	2	0.2	0.451058185589537	0.0564407820756766	0.345461799144513	0.563448130900952	0.21798633175644	0	0	3	0.1	0.219608874055739	0.0275826729977041	0.167605171073269	0.275219272374492	0.107614101301223	0	0	3	0.2	0.485786376082811	0.061093681993209	0.370431517440695	0.607776353738736	0.237344836298041
412	0	0	0	0.1	0.218115928687979	0.0271429673725776	0.16684198153376	0.272023191704186	0.105181210170426	0	0	0	0.2	0.400304035064248	0.0492205138167828	0.305484057842452	0.496544579971495	0.191060522129043	0	0	1	0.1	0.189072249405681	0.0231877227447333	0.142951438325949	0.235426135485139	0.0924746971591895	0	0	1	0.2	0.403021961629776	0.0490995958981384	0.307651528165278	0.502333898467221	0.194682370301944	0	0	2	0.1	0.197684428271747	0.0240801942638399	0.150400702658975	0.246837803990511	0.0964371013315368	0	0	2	0.2	0.433133523321415	0.0525922352562469	0.330282907200306	0.541448599600152	0.211165692399845	0	0	3	0.1	0.210754172886255	0.0256050935624685	0.160971239710371	0.263636303126001	0.10266506341563	0	0	3	0.2	0.465775106507355	0.0565951205602384	0.355997631436244	0.581982479207901	0.225984847771657
553	0	0	0	0.1	0.224849527814818	0.0294731482680763	0.168380395091238	0.283305013012716	0.114924617921477	0	0	0	0.2	0.412045514928931	0.0533509012935562	0.311257948063382	0.51897435711446	0.207716409051078	0	0	1	0.1	0.190840622209714	0.0246818765844422	0.143995567228549	0.238943885939203	0.0949483187106534	0	0	1	0.2	0.406674899071147	0.0523111479080344	0.30760093375464	0.508694479430407	0.201093545675767	0	0	2	0.1	0.197525911156566	0.0254127305110827	0.150552289328038	0.247252170439263	0.0966998811112247	0	0	2	0.2	0.432886738086713	0.0556133443666849	0.328951988558903	0.543850085725673	0.214898097166769	0	0	3	0.1	0.209538072726753	0.0270049302049204	0.159260922537669	0.263076389647594	0.103815467109925	0	0	3	0.2	0.463195354647499	0.059543098292485	0.351747698715794	0.581177706897633	0.229430008181839
456	0	0	0	0.1	0.226487277887562	0.0292860465451493	0.172473437828314	0.28442668912846	0.111953251300146	0	0	0	0.2	0.421100092526919	0.0538820670458537	0.321366205728746	0.528810369058096	0.20744416332935	0	0	1	0.1	0.200326368745285	0.0258309983127315	0.152047505227785	0.252567059148562	0.100519553920777	0	0	1	0.2	0.429233984546297	0.0549826645866278	0.327808347960754	0.53977899624582	0.211970648285066	0	0	2	0.1	0.210530700930463	0.0270857619326606	0.160636143139472	0.263866887883049	0.103230744743577	0	0	2	0.2	0.463100151224086	0.0595118296952921	0.351758987833363	0.580201437074843	0.22844244924148	0	0	3	0.1	0.224922914795799	0.0289998043535049	0.170529993111327	0.282161882904425	0.111631889793098	0	0	3	0.2	0.49880854671676	0.0642628503195556	0.37818029400237	0.624211168776019	0.246030874773649
437	0	0	0	0.1	0.229172511714484	0.0285294958526602	0.174674125355949	0.285975649728391	0.111301524372443	0	0	0	0.2	0.423150998578733	0.0523268393930855	0.321961655465628	0.528160941279888	0.20619928581426	0	0	1	0.1	0.199005254828242	0.0247024092838594	0.151338838945841	0.248126085360581	0.0967872464147398	0	0	1	0.2	0.425741791181536	0.0527621296796082	0.324748393539033	0.530387791738601	0.205639398199568	0	0	2	0.1	0.208241000617106	0.0258867472620984	0.158068685794277	0.259405629090896	0.101336943296619	0	0	2	0.2	0.457504021638828	0.0568233748314773	0.348939742381189	0.568987540139431	0.220047797758242	0	0	3	0.1	0.222133251443528	0.0276198112337495	0.168609791127254	0.276331196963118	0.107721405835864	0	0	3	0.2	0.492031149004429	0.0612575387725337	0.37548060650911	0.611689426200858	0.236208819691748
628	0	0	0	0.1	0.225667276298953	0.0296860831427929	0.168799908111626	0.285834967467276	0.11703505935565	0	0	0	0.2	0.412596600235145	0.0537069956664121	0.310511957286188	0.521483322097378	0.21097136481119	0	0	1	0.1	0.190058882241505	0.0248031569578113	0.142536306664387	0.24029202818619	0.0977557215218023	0	0	1	0.2	0.40454823419744	0.0524707526823095	0.303577591874301	0.510740566744202	0.207162974869901	0	0	2	0.1	0.196012835643574	0.0253945701259098	0.146429765638304	0.24656794907863	0.100138183440326	0	0	2	0.2	0.429229680010881	0.0555654908364567	0.321188545549299	0.53999106133564	0.218802515786341	0	0	3	0.1	0.207505208493579	0.0268853599384068	0.155813164626558	0.261408785114504	0.105595620487946	0	0	3	0.2	0.45848853502578	0.0593860197927993	0.345247083326193	0.576462489531776	0.231215406205583
547	0	0	0	0.1	0.246359483155426	0.027984988081606	0.193042270245432	0.304144688975983	0.111102418730551	0	0	0	0.2	0.451159828335397	0.050828164280033	0.353821849584754	0.560269928270348	0.206448078685594	0	0	1	0.1	0.209494726167121	0.0238829274247841	0.16372959072218	0.259748790653128	0.0960191999309477	0	0	1	0.2	0.446053422855389	0.0507578846171606	0.348741247926257	0.55077695898231	0.202035711056053	0	0	2	0.1	0.216829105332208	0.0248763473391651	0.170186295260901	0.268433903712007	0.0982476084511063	0	0	2	0.2	0.474846757578905	0.0546230765141423	0.372169074727187	0.587621938733748	0.215452864006562	0	0	3	0.1	0.229875750379954	0.0266061365742933	0.179786366337469	0.284843235188896	0.105056868851427	0	0	3	0.2	0.50779277019543	0.0589787016747012	0.396755171368565	0.628125343888863	0.231370172520298
583	0	0	0	0.1	0.257919103923063	0.0286263446491375	0.203040031212541	0.313866913644906	0.110826882432365	0	0	0	0.2	0.474065981625266	0.0520730676703967	0.372287868599554	0.575277429389355	0.202989560789801	0	0	1	0.1	0.223676822554816	0.0248310124185816	0.175525650452964	0.271542626401158	0.0960169759481941	0	0	1	0.2	0.476577388080794	0.0525569132506513	0.373907561420073	0.577172363033873	0.2032648016138	0	0	2	0.1	0.23322421022038	0.0258713523804819	0.1831695436355	0.284555969282419	0.101386425646918	0	0	2	0.2	0.511009976628479	0.0566369666389463	0.40035803628131	0.620422799131521	0.220064762850211	0	0	3	0.1	0.248207231845375	0.0277288306815142	0.193720767551675	0.302293865492084	0.108573097940409	0	0	3	0.2	0.548696464046404	0.0612058625749064	0.425669173662555	0.666888846735488	0.241219673072933
630	0	0	0	0.1	0.176453954535073	0.0286196718126087	0.117897153335654	0.229698670744659	0.111801517409005	0	0	0	0.2	0.325700067222389	0.0522421575435609	0.219363198022195	0.423378234426486	0.204015036404291	0	0	1	0.1	0.152939576494534	0.0244495748965494	0.103413467862746	0.19898677486463	0.0955733070018842	0	0	1	0.2	0.326973874099526	0.0520592584899886	0.222012839146738	0.425383714850288	0.20337087570355	0	0	2	0.1	0.159832070574817	0.0254132800660925	0.109451229703322	0.207880823575872	0.0984295938725503	0	0	2	0.2	0.351080382218856	0.05582692471216	0.239941944353699	0.456169394512099	0.216227450158401	0	0	3	0.1	0.17039580551311	0.0271111130051372	0.116465655142981	0.2216139253048	0.105148270161819	0	0	3	0.2	0.377368275071386	0.0599941108158099	0.25712128443055	0.49342785299136	0.23630656856081
599	0	0	0	0.1	0.219910009315239	0.0295447045055103	0.159474728697229	0.278063024811037	0.118588296113808	0	0	0	0.2	0.404139842748258	0.0536947926302463	0.292995180684474	0.510258517960681	0.217263337276207	0	0	1	0.1	0.191843953704148	0.0254652766273867	0.139160041771585	0.240641735875989	0.101481694104404	0	0	1	0.2	0.408030280990154	0.0538377283873684	0.296220169889511	0.509457765178033	0.213237595288522	0	0	2	0.1	0.20009030276183	0.0264337590501014	0.145197746624748	0.249526280603068	0.10432853397832	0	0	2	0.2	0.43786130181398	0.0577568240176009	0.317026105493826	0.544724499100317	0.227698393606491	0	0	3	0.1	0.213047098930765	0.0281406962897992	0.154617054526872	0.264950301740728	0.110333247213856	0	0	3	0.2	0.470494439445359	0.0621441330861085	0.34127495673649	0.585328316543477	0.244053359806987
675	0	0	0	0.1	0.289819576252674	0.0283813736023923	0.23416141266916	0.347538874563249	0.113377461894089	0	0	0	0.2	0.530044331306681	0.0513956998667826	0.428728644686334	0.63717708654042	0.208448441854086	0	0	1	0.1	0.246476341386769	0.0243153212096249	0.199513159658344	0.295019580658784	0.0955064210004404	0	0	1	0.2	0.524700122991965	0.0515463176949058	0.424506018043134	0.631732559690876	0.207226541647741	0	0	2	0.1	0.255317785829603	0.0253613414839438	0.206694717923926	0.307018519668883	0.100323801744957	0	0	2	0.2	0.55901125147949	0.0555933103767256	0.453189997478978	0.671908446829743	0.218718449350765	0	0	3	0.1	0.270844185983163	0.0271512638427285	0.220283440910096	0.325818283488447	0.10553484257835	0	0	3	0.2	0.598304346217431	0.0601622585174052	0.486813319164006	0.721232224820425	0.23441890565642
373	0	0	0	0.1	0.245106363339574	0.0300109933939204	0.189549458177099	0.305573932598845	0.116024474421747	0	0	0	0.2	0.451725600529092	0.054776098362303	0.349485973302202	0.562180508754959	0.212694535452756	0	0	1	0.1	0.207192809559196	0.0253776124923273	0.159048875271542	0.258163082052877	0.0991142067813353	0	0	1	0.2	0.44280484460868	0.0539993637579032	0.339008155958221	0.553147561820485	0.214139405862265	0	0	2	0.1	0.213733624772617	0.0262149019479772	0.162877873327685	0.266100957271416	0.103223083943731	0	0	2	0.2	0.469587953645383	0.0575469915965166	0.358378924998961	0.586160344720822	0.227781419721861	0	0	3	0.1	0.226224508344867	0.0278853864409797	0.171519469761293	0.282616710985589	0.111097241224296	0	0	3	0.2	0.501249351459626	0.0616800938693925	0.381305944028425	0.62655822133336	0.245252277304936
440	0	0	0	0.1	0.227738354264651	0.0285206438731367	0.170999225970516	0.282719291773328	0.111720065802812	0	0	0	0.2	0.421148270933747	0.0521462114891341	0.317054260865445	0.520652127550388	0.203597866684943	0	0	1	0.1	0.200906257827007	0.0250104698736167	0.15222942426933	0.252123760797699	0.0998943365283696	0	0	1	0.2	0.42972734821017	0.0531855094367247	0.325894157755699	0.540158149876386	0.214263992120687	0	0	2	0.1	0.211555844351742	0.0262077427559442	0.161077044594792	0.265873627950161	0.104796583355369	0	0	2	0.2	0.46460306992876	0.0575198349590018	0.355198208538082	0.58614443135595	0.230946222817869	0	0	3	0.1	0.22637228954266	0.0281121291314768	0.173274805128153	0.285641624013332	0.112366818885179	0	0	3	0.2	0.501226588793514	0.0622286462295923	0.384019903765728	0.630607838375167	0.246587934609439
495	0	0	0	0.1	0.143896924635688	0.0278950223897507	0.089757296714542	0.19901087104203	0.109253574327488	0	0	0	0.2	0.266796717121628	0.0513335815671998	0.166842681594747	0.368843635771732	0.202000954176985	0	0	1	0.1	0.126512290993969	0.0242887216201128	0.0788054450032268	0.173945761746989	0.0951403167437618	0	0	1	0.2	0.271630024151892	0.0520420632056415	0.168534357496473	0.372566330224255	0.204031972727782	0	0	2	0.1	0.133637179440924	0.0256316689514228	0.0833284405682248	0.182444853761951	0.0991164131937263	0	0	2	0.2	0.294250887466666	0.0563287480931629	0.183230015521666	0.403528648769563	0.220298633247897	0	0	3	0.1	0.143270607161102	0.0275408149174855	0.0886964117138666	0.197689808425606	0.10899339671174	0	0	3	0.2	0.318006013803129	0.0609360238799493	0.196214563974649	0.436621334853223	0.240406770878574
304	0	0	0	0.1	0.233991902387008	0.0300180298719268	0.174284104141603	0.291265185942535	0.116981081800933	0	0	0	0.2	0.432139818144365	0.0547732314876244	0.322649684326636	0.535123597635099	0.212473913308463	0	0	1	0.1	0.204815903909282	0.0260881670765363	0.150816852014313	0.256257306475748	0.105440454461435	0	0	1	0.2	0.437434889784765	0.0553579430931924	0.323130879517409	0.549137850258667	0.226006970741258	0	0	2	0.1	0.21450448212948	0.0272726343425381	0.158414583431584	0.269877338547594	0.11146275511601	0	0	2	0.2	0.470671399355039	0.059642857467769	0.3477341128366	0.592273456157664	0.244539343321064	0	0	3	0.1	0.228842841629756	0.0290530902903007	0.169703088976426	0.287146087824136	0.11744299884771	0	0	3	0.2	0.506501932028183	0.0642770181031916	0.375661660605922	0.634717870242316	0.259056209636394
560	0	0	0	0.1	0.203396479762301	0.0277409123381468	0.151938450465911	0.259129630191744	0.107191179725833	0	0	0	0.2	0.373630827746396	0.0504463695964585	0.280163496307725	0.473244743567049	0.193081247259324	0	0	1	0.1	0.174697921439928	0.0235780336727355	0.130005723498925	0.221730721459453	0.0917249979605278	0	0	1	0.2	0.372688997476934	0.0500454845470245	0.277658427592677	0.471667015228416	0.194008587635739	0	0	2	0.1	0.181884069370701	0.0244646912756185	0.134904491522711	0.229933070013947	0.0950285784912359	0	0	2	0.2	0.398874695139832	0.0535294324072962	0.29704659292519	0.503312359240649	0.206265766315459	0	0	3	0.1	0.193504882190368	0.0260501102146875	0.144670494647268	0.245542320991199	0.100871826343931	0	0	3	0.2	0.428048434610359	0.0574986049197363	0.318521371670684	0.542258189698134	0.22373681802745
655	0	0	0	0.1	0.207819618199584	0.0286321447450958	0.15391458772229	0.269068962550388	0.115154374828097	0	0	0	0.2	0.38337133095225	0.0522976215636038	0.28379054273983	0.497271372639867	0.213480829900037	0	0	1	0.1	0.182521753773622	0.0249548053670059	0.135331315791351	0.235932020219328	0.100600704427977	0	0	1	0.2	0.390530911197065	0.0531095320251731	0.291619210914901	0.503319999557679	0.211700788642778	0	0	2	0.1	0.192458199064143	0.0261585672191927	0.142501060379151	0.247363834564639	0.104862774185488	0	0	2	0.2	0.422620457290339	0.0573088557408697	0.31284800547131	0.542106345549471	0.229258340078161	0	0	3	0.1	0.206207721514303	0.0279479125800615	0.152219199655325	0.262414498021454	0.110195298366129	0	0	3	0.2	0.456343149582847	0.0618293436684767	0.337200246455113	0.582844019241618	0.245643772786504
420	0	0	0	0.1	0.278959280237154	0.0294130170609694	0.22141458428817	0.334780422784506	0.113365838496335	0	0	0	0.2	0.508767770927035	0.0529865701947611	0.404200054975212	0.612941774814185	0.208741719838973	0	0	1	0.1	0.238869339889915	0.0251368236570002	0.190273684324125	0.290051036652949	0.0997773523288238	0	0	1	0.2	0.507176973270763	0.0528753731468092	0.405363005226662	0.61375530016297	0.208392294936308	0	0	2	0.1	0.247880357016876	0.0258483261655342	0.196952043361513	0.300790764931154	0.10383872156964	0	0	2	0.2	0.541734942483632	0.0564189334279064	0.431753867510263	0.657513299049517	0.225759431539255	0	0	3	0.1	0.26328152521781	0.0275126830483575	0.20926005800688	0.318722428598009	0.10946237059113	0	0	3	0.2	0.580643349031425	0.0604769001809632	0.462916779077013	0.705665901363231	0.242749122286218
409	0	0	0	0.1	0.20112044581062	0.0280881657180742	0.147926841445055	0.257676877148732	0.109750035703677	0	0	0	0.2	0.369638478686942	0.0512865709608451	0.271663745026854	0.471128521077401	0.199464776050547	0	0	1	0.1	0.170509323152928	0.023772708625999	0.124640201101471	0.21702494140699	0.0923847403055195	0	0	1	0.2	0.364055324610534	0.0505632803074781	0.267440748003584	0.463576744713163	0.196135996709579	0	0	2	0.1	0.176467357515602	0.0246243201153395	0.129910506024991	0.226015145949585	0.0961046399245946	0	0	2	0.2	0.387409554091015	0.0540149719722774	0.284917231129269	0.495704824872701	0.210787593743431	0	0	3	0.1	0.187207870933608	0.0262150003306099	0.137717835952313	0.240651519524113	0.102933683571801	0	0	3	0.2	0.414469349022091	0.0580361868265277	0.304968654925729	0.53074374401513	0.225775089089401
521	0	0	0	0.1	0.280326450599287	0.0306163653749572	0.223488710572961	0.344433000360749	0.120944289787788	0	0	0	0.2	0.515099142527181	0.0552839715963257	0.414282440272553	0.628599103696709	0.214316663424156	0	0	1	0.1	0.242025942976473	0.026104586613224	0.193473735337355	0.293470919831576	0.0999971844942216	0	0	1	0.2	0.516215107828227	0.0551390169497985	0.412961992974479	0.623718997019977	0.210757004045498	0	0	2	0.1	0.252300292002478	0.027017642476145	0.201833861934771	0.305597964648748	0.103764102713977	0	0	2	0.2	0.553139409052178	0.0589717870097006	0.443813718491689	0.66994896494018	0.226135246448491	0	0	3	0.1	0.268563408273733	0.0287236436093154	0.215521748577255	0.326321758400393	0.110800009823139	0	0	3	0.2	0.593905073961504	0.0634205407387032	0.477006429211767	0.719668977243558	0.242662548031791
644	0	0	0	0.1	0.203341488927847	0.0298060904321454	0.145567321935848	0.262477658213641	0.116910336277793	0	0	0	0.2	0.377046493659749	0.0550188421737021	0.27190551304072	0.483156425629928	0.211250912589208	0	0	1	0.1	0.176843194462671	0.0260413446848699	0.126486767162121	0.226367456311227	0.0998806891491053	0	0	1	0.2	0.378775096183177	0.0556916870713414	0.270202480665164	0.484362441739397	0.214159961074234	0	0	2	0.1	0.184765927199541	0.0273042896001342	0.131988498278026	0.236569288341407	0.10458079006338	0	0	2	0.2	0.406351812373209	0.0600936799216031	0.290489338300198	0.521415471565825	0.230926133265628	0	0	3	0.1	0.196768625622406	0.0292436568056047	0.140107197789001	0.252849002183964	0.112741804394963	0	0	3	0.2	0.436489856327258	0.0648889772426023	0.311261245415603	0.560206813884943	0.248945568469339
663	0	0	0	0.1	0.20272789381501	0.0268865434513035	0.151897078009877	0.254949098480114	0.103052020470236	0	0	0	0.2	0.373596198136568	0.0492283802651645	0.278165048983283	0.466554738036219	0.188389689052936	0	0	1	0.1	0.176924154188462	0.0235116536546897	0.133031148564318	0.221556513306031	0.0885253647417122	0	0	1	0.2	0.377940872289905	0.050117315183609	0.28585412000807	0.474421256450501	0.188567136442431	0	0	2	0.1	0.185461917252981	0.0247453559169145	0.140252962583001	0.232649674882126	0.0923967122991256	0	0	2	0.2	0.40695542939779	0.0542407948184071	0.308454101168894	0.511508980058595	0.203054878889701	0	0	3	0.1	0.198082786441595	0.0265818023657734	0.150305575674083	0.248368080245693	0.0980625045716104	0	0	3	0.2	0.438224583709923	0.0587913448196481	0.33168084834537	0.550660700100222	0.218979851754852
270	0	0	0	0.1	0.245469642039991	0.0290473179116712	0.187432238366896	0.30075761863595	0.113325380269054	0	0	0	0.2	0.448980210966553	0.0525292161776234	0.343193627610876	0.547349550460632	0.204155922849757	0	0	1	0.1	0.208296071881266	0.0245873979674325	0.159587473400712	0.254737530409333	0.0951500570086208	0	0	1	0.2	0.443512317429936	0.0520716931685101	0.340602747046964	0.541676854402789	0.201074107355825	0	0	2	0.1	0.215681787910411	0.0254728002469985	0.16572306524081	0.263940816264379	0.0982177510235694	0	0	2	0.2	0.472339674710327	0.0556867214859463	0.361983801150117	0.576759426419874	0.214775625269757	0	0	3	0.1	0.228779038526482	0.0270827318021115	0.175157710250351	0.277953872001617	0.102796161751266	0	0	3	0.2	0.505330359750395	0.059906728793983	0.387430499525601	0.615197058336251	0.227766558810651
395	0	0	0	0.1	0.225531190101213	0.0286213091646493	0.169398112359437	0.28095144905582	0.111553336696383	0	0	0	0.2	0.412072533388907	0.051775678042982	0.309624284598824	0.51510960816359	0.205485323564767	0	0	1	0.1	0.193556148330585	0.0245256760061639	0.145403870879732	0.241367954918755	0.0959640840390233	0	0	1	0.2	0.411711731877924	0.0518520628209828	0.311210001130864	0.514272016036545	0.203062014905682	0	0	2	0.1	0.201543258118885	0.0254534745007769	0.153400789161804	0.251436013189373	0.0980352240275691	0	0	2	0.2	0.440952641853653	0.0556328124353761	0.336881158498859	0.549675387934115	0.212794229435256	0	0	3	0.1	0.214497790403829	0.0271289653728436	0.163271922178122	0.266627562995077	0.103355640816956	0	0	3	0.2	0.47349385343472	0.0599442443331642	0.360946541004386	0.590022267554274	0.229075726549889
619	0	0	0	0.1	0.220176730297411	0.0283943893419047	0.162596882440916	0.275803274288227	0.113206391847312	0	0	0	0.2	0.410906704066453	0.0528362109121562	0.303016915691355	0.516204041372145	0.21318712568079	0	0	1	0.1	0.195731682990474	0.0255317984214483	0.1450724898696	0.247543635114774	0.102471145245174	0	0	1	0.2	0.420582348545284	0.0547848765397878	0.310959547440699	0.530389643986017	0.219430096545318	0	0	2	0.1	0.206541491431924	0.0270444413235221	0.15285098450885	0.259777119126207	0.106926134617357	0	0	2	0.2	0.455180224721684	0.059687488199836	0.338199708535053	0.570772040865627	0.232572332330574	0	0	3	0.1	0.221148395254224	0.0290845023871005	0.163772003675188	0.276148591527547	0.112376587852359	0	0	3	0.2	0.4912415086425	0.0646465484012206	0.364454077645208	0.617719603199453	0.253265525554245
662	0	0	0	0.1	0.233906889438657	0.0287038596183599	0.178368483869902	0.290702309507964	0.112333825638062	0	0	0	0.2	0.425088704288732	0.0516098021866478	0.325260569461332	0.527611683020791	0.202351113559459	0	0	1	0.1	0.195362815465344	0.0239253884024679	0.149275787248509	0.241654375953909	0.0923785887054003	0	0	1	0.2	0.41464980026034	0.0504934129773523	0.315687497834383	0.514289145022742	0.198601647188359	0	0	2	0.1	0.200809074738986	0.0245766851399476	0.152676830424411	0.248746161009373	0.0960693305849612	0	0	2	0.2	0.438896721934684	0.0536603348544783	0.33517929462891	0.542161307705963	0.206982013077053	0	0	3	0.1	0.212258958759287	0.0260195324540986	0.162433964883353	0.263309305503475	0.100875340620122	0	0	3	0.2	0.468192859668459	0.057405277991957	0.359667814152225	0.580103214299881	0.220435400147656
682	0	0	0	0.1	0.242510410282453	0.0292009744182645	0.184248147463542	0.301174386151202	0.11692623868766	0	0	0	0.2	0.445873885290813	0.0531395200630591	0.341049367185819	0.553894752327241	0.212845385141421	0	0	1	0.1	0.206088084293314	0.0248442889321507	0.156855241124094	0.256129269689279	0.0992740285651856	0	0	1	0.2	0.439890430309924	0.0527638069793001	0.336266897030729	0.545665768638066	0.209398871607337	0	0	2	0.1	0.213229017871207	0.0257728671397156	0.162370752024686	0.26388330358151	0.101512551556823	0	0	2	0.2	0.467975534081206	0.0565443354745466	0.358564071040946	0.581753429814153	0.223189358773207	0	0	3	0.1	0.226135328187968	0.0275035200208206	0.173736404337418	0.280846363189477	0.107109958852059	0	0	3	0.2	0.500390422818895	0.0608445860517754	0.382794161432644	0.623888212963288	0.241094051530644
596	0	0	0	0.1	0.241212037481928	0.0289422892430258	0.184417388202505	0.297968318914211	0.113550930711707	0	0	0	0.2	0.439259024511538	0.0522274400647981	0.338356431191291	0.538312208089042	0.199955776897752	0	0	1	0.1	0.205034792842792	0.0246041142128532	0.158650759079254	0.254077408636558	0.0954266495573044	0	0	1	0.2	0.434876973950488	0.0518905037684807	0.336958207940044	0.53992736416568	0.202969156225637	0	0	2	0.1	0.211948221618321	0.0253665050729681	0.165189975821519	0.264295144912138	0.0991051690906191	0	0	2	0.2	0.462917101620074	0.0553929949469779	0.359817277082962	0.576926980434171	0.217109703351209	0	0	3	0.1	0.224650203794628	0.0269282133253662	0.175227623554153	0.28020963236428	0.104982008810127	0	0	3	0.2	0.495157198280438	0.0595328895891717	0.386241134636752	0.619882951227921	0.233641816591169
355	0	0	0	0.1	0.252581350844325	0.0314374344082432	0.19213907878181	0.315648445375198	0.123509366593388	0	0	0	0.2	0.467126131080758	0.0572427312945032	0.352100069877025	0.583747669620686	0.231647599743661	0	0	1	0.1	0.226280665075713	0.0276810359059743	0.171544232055864	0.283292374633062	0.111748142577197	0	0	1	0.2	0.482308183344563	0.0584038810988655	0.36542546723936	0.601500308365934	0.236074841126574	0	0	2	0.1	0.238480971802838	0.0288999297150186	0.179988825347107	0.29830806912507	0.118319243777962	0	0	2	0.2	0.522530235491122	0.0630997145603287	0.395637862805324	0.650691634201479	0.255053771396154	0	0	3	0.1	0.255172097603553	0.0308083209004655	0.194555479441818	0.317888129568171	0.123332650126354	0	0	3	0.2	0.564038653350521	0.0680772770062684	0.431478690361845	0.701996840627214	0.270518150265368
398	0	0	0	0.1	0.188182658761256	0.0286233914960783	0.13563991346171	0.242598089042335	0.106958175580625	0	0	0	0.2	0.348080907713879	0.0526693108313282	0.250316869056226	0.447694325013524	0.197377455957298	0	0	1	0.1	0.165873382573826	0.0251972050732394	0.118359318267245	0.215246640184475	0.0968873219172301	0	0	1	0.2	0.354510466793774	0.0538175115129324	0.251996800165297	0.457491780438014	0.205494980272717	0	0	2	0.1	0.174306788058149	0.0265214035883061	0.124810839687973	0.224522472403885	0.0997116327159125	0	0	2	0.2	0.382692756776825	0.058413845693056	0.272742417069125	0.493135518173681	0.220393101104555	0	0	3	0.1	0.186371073884969	0.0284915323003395	0.131989503733382	0.240091267514221	0.108101763780839	0	0	3	0.2	0.41252131819592	0.0632491436975442	0.294563163745173	0.535047777924554	0.240484614179381
658	0	0	0	0.1	0.230516921025985	0.0277941291697729	0.172674172867288	0.283639850182731	0.110965677315443	0	0	0	0.2	0.424787329498418	0.0505703457508556	0.320280020590585	0.520085665634008	0.199805645043423	0	0	1	0.1	0.198784484795368	0.0237300713769394	0.149329019199134	0.244560033016347	0.0952310138172127	0	0	1	0.2	0.424544199490833	0.0503579469805254	0.319939219590739	0.525068746575008	0.20512952698427	0	0	2	0.1	0.207099211422633	0.024644991315351	0.156673125270208	0.256056517920751	0.0993833926505429	0	0	2	0.2	0.454540299506773	0.0540446072452389	0.341727684257284	0.561280052381054	0.21955236812377	0	0	3	0.1	0.220325723723966	0.0263006575230177	0.166991849477233	0.272856004809087	0.105864155331855	0	0	3	0.2	0.487611476587451	0.0581404431736466	0.368921722977049	0.604067444162598	0.235145721185549
234	0	0	0	0.1	0.16409015946517	0.027451228306028	0.112113948974504	0.218852557640116	0.106738608665611	0	0	0	0.2	0.304067416380012	0.0506627823209315	0.207165373887727	0.406344732061888	0.199179358174161	0	0	1	0.1	0.144672202392528	0.0241318364411801	0.098108753373215	0.193367732326155	0.0952589789529396	0	0	1	0.2	0.310100001816742	0.0517273150363117	0.209826162388904	0.414672110829793	0.204845948440889	0	0	2	0.1	0.152564259576201	0.0255187860529646	0.103643608118922	0.203823425198498	0.100179817079576	0	0	2	0.2	0.335526486977668	0.0561366344995609	0.226916589958804	0.448181501315318	0.221264911356514	0	0	3	0.1	0.163368414830093	0.0274084685996716	0.111004608972593	0.217742620159473	0.10673801118688	0	0	3	0.2	0.362132415101428	0.0608411498897488	0.245761280406266	0.484779560239789	0.239018279833523
447	0	0	0	0.1	0.233480851290592	0.0285329426460923	0.179335238268003	0.289944106606943	0.11060886833894	0	0	0	0.2	0.43157961316174	0.0522253129193291	0.329240346997208	0.530047776157166	0.200807429159958	0	0	1	0.1	0.209886871760613	0.0253576633588203	0.161309819224988	0.257171299438301	0.0958614802133127	0	0	1	0.2	0.448297344620805	0.05398413282516	0.344828328955199	0.547899249891371	0.203070920936171	0	0	2	0.1	0.222606172135825	0.0267891637318223	0.17077566838727	0.273927611209873	0.103151942822603	0	0	2	0.2	0.48824553426793	0.058771579157163	0.372515846963268	0.60156873675479	0.229052889791523	0	0	3	0.1	0.239135768683278	0.0288496413232465	0.182425038811534	0.293722005858471	0.111296967046938	0	0	3	0.2	0.528954531152246	0.0638886652922642	0.401670344994547	0.651154070388299	0.249483725393752
665	0	0	0	0.1	0.210287840036246	0.0273712844473798	0.158910824363642	0.266523397615299	0.107612573251657	0	0	0	0.2	0.387893989110664	0.0499879038105317	0.295186951525015	0.488219084586026	0.193032133061012	0	0	1	0.1	0.181713461196402	0.0235984631925943	0.136448063607199	0.227551132365528	0.0911030687583294	0	0	1	0.2	0.388806573958622	0.0502338407617678	0.293014448888877	0.486212824265232	0.193198375376356	0	0	2	0.1	0.190030121003604	0.0245821092887917	0.14333999107813	0.239008666912029	0.0956686758338993	0	0	2	0.2	0.417529437138032	0.054073795854374	0.316300731366351	0.525615229716154	0.209314498349803	0	0	3	0.1	0.202714710053925	0.0262550167669165	0.15368522012844	0.254193803186907	0.100508583058467	0	0	3	0.2	0.44894687230312	0.0583303713161743	0.339934966201153	0.564441022098503	0.22450605589735
546	0	0	0	0.1	0.253047217400839	0.0286252040872048	0.199458787066885	0.311984547137065	0.11252576007018	0	0	0	0.2	0.462901310575416	0.0520142229880226	0.364522850723409	0.569408410925881	0.204885560202472	0	0	1	0.1	0.216339895869659	0.0246563680848656	0.169309251723718	0.267559198911942	0.0982499471882245	0	0	1	0.2	0.459481458715528	0.0521778123373602	0.359280758551384	0.56621392059071	0.206933162039326	0	0	2	0.1	0.223626787957924	0.0255479291054309	0.173935748901133	0.274196353318003	0.100260604416871	0	0	2	0.2	0.489082585400018	0.0558087562348712	0.382368769198215	0.59904041276297	0.216671643564755	0	0	3	0.1	0.23706185938435	0.027071330333905	0.184675451602954	0.290670061504352	0.105994609901398	0	0	3	0.2	0.52308346481292	0.059934594093736	0.408713878915047	0.642041544622165	0.233327665707117
551	0	0	0	0.1	0.2339016610162	0.0283170778606922	0.182428715069382	0.290094038040373	0.10766532297099	0	0	0	0.2	0.431665015744747	0.051676186048045	0.336680642407711	0.533561188306864	0.196880545899153	0	0	1	0.1	0.20284406807012	0.024364474296699	0.157950785177349	0.250314744464605	0.0923639592872562	0	0	1	0.2	0.433506615110246	0.0518965180230956	0.337351013769722	0.536252188801352	0.19890117503163	0	0	2	0.1	0.211800358135725	0.0255052012791637	0.165536351855607	0.26308828926286	0.097551937407253	0	0	2	0.2	0.465066842422836	0.0558857456306356	0.36116263082891	0.578202803096801	0.217040172267891	0	0	3	0.1	0.225652453470317	0.0271827619599545	0.174217614821851	0.279757931980727	0.105540317158876	0	0	3	0.2	0.499602600405047	0.0603596310806317	0.385187183598646	0.621980050763486	0.23679286716484
667	0	0	0	0.1	0.242482756961276	0.0290752532398528	0.185246971386277	0.301874142878905	0.116627171492627	0	0	0	0.2	0.4417828009772	0.0524506371013038	0.337892779734397	0.550165759354997	0.2122729796206	0	0	1	0.1	0.207604569709292	0.024762228355804	0.159147918333614	0.258806337059166	0.0996584187255521	0	0	1	0.2	0.440789097803906	0.0523221817582807	0.337603217097795	0.54827088933691	0.210667672239115	0	0	2	0.1	0.215703738796517	0.0256682758076795	0.164493645961656	0.267855703598589	0.103362057636932	0	0	2	0.2	0.471398729989628	0.0560292555931987	0.358764888154849	0.583855179362053	0.225090291207204	0	0	3	0.1	0.229306020416082	0.0273425931697305	0.173825706800223	0.284875505396282	0.111049798596059	0	0	3	0.2	0.505658019938652	0.0602781434881456	0.383711550823714	0.626539056710828	0.242827505887115
273	0	0	0	0.1	0.19223884737632	0.0286809338234979	0.136968149187459	0.251447399340602	0.114479250153143	0	0	0	0.2	0.356381515890865	0.0527377301256743	0.254640894105384	0.462837986908202	0.208197092802818	0	0	1	0.1	0.169684497746918	0.0253006025606542	0.121669010699696	0.219651919862177	0.0979829091624811	0	0	1	0.2	0.363347013510435	0.0539878825229224	0.26117804575655	0.468058831997061	0.206880786240511	0	0	2	0.1	0.178653864093521	0.0266541949356337	0.12818107161136	0.230416383202074	0.102235311590714	0	0	2	0.2	0.39262045789906	0.0585666571633067	0.280177534256619	0.506599728326966	0.226422194070348	0	0	3	0.1	0.191020288129962	0.0286009679997379	0.137220680404644	0.246376381747617	0.109155701342973	0	0	3	0.2	0.423361110298171	0.0633839660637546	0.303075905027682	0.545080460452658	0.242004555424976
465	0	0	0	0.1	0.197593587992172	0.0281412512780848	0.139777484683963	0.252227218944255	0.112449734260293	0	0	0	0.2	0.362742193917854	0.0514544713089039	0.257636008577041	0.4594533683171	0.201817359740059	0	0	1	0.1	0.171143143182498	0.0245326554409026	0.121794258273365	0.216763211555377	0.0949689532820119	0	0	1	0.2	0.364382818347898	0.052152755366435	0.259407863243244	0.461253670926749	0.201845807683505	0	0	2	0.1	0.178469928422231	0.0256618084644961	0.126657750053303	0.226968685884163	0.10031093583086	0	0	2	0.2	0.390868261009339	0.0562314948127277	0.278309845572149	0.497934354913885	0.219624509341736	0	0	3	0.1	0.190014611117566	0.0274354836840253	0.135246072771944	0.242423997636108	0.107177924864164	0	0	3	0.2	0.419886730954104	0.0607473819984344	0.298711884213432	0.535795464617566	0.237083580404134
639	0	0	0	0.1	0.232857680510664	0.0285049549797561	0.177323264481119	0.290105807134693	0.112782542653574	0	0	0	0.2	0.425674377661168	0.0514841104447029	0.326935877819294	0.528284644697934	0.20134876687864	0	0	1	0.1	0.197782456424335	0.0239155293616802	0.151818037928324	0.24613586192988	0.0943178240015559	0	0	1	0.2	0.420836345686738	0.0505378716841316	0.323262606774824	0.520679118478384	0.19741651170356	0	0	2	0.1	0.204752015173124	0.0246695905591222	0.156363782646247	0.253438040598361	0.0970742579521134	0	0	2	0.2	0.448244479981841	0.0538889289035698	0.342381419729011	0.554513267115216	0.212131847386205	0	0	3	0.1	0.217190348212686	0.026237018506668	0.16593642747922	0.269459171498452	0.103522744019232	0	0	3	0.2	0.479677728589376	0.057859734751595	0.364929549369949	0.59409190393953	0.229162354569582
364	0	0	0	0.1	0.267625714853834	0.0288861781171253	0.212784654260695	0.32479930702288	0.112014652762185	0	0	0	0.2	0.49187589444986	0.0523925343744597	0.39346646732824	0.59365974804559	0.200193280717349	0	0	1	0.1	0.233669791634314	0.0252772757517865	0.185390309526233	0.28237697549703	0.096986665970797	0	0	1	0.2	0.497773834587856	0.0534838718002949	0.397581231434815	0.600922352988884	0.203341121554068	0	0	2	0.1	0.24439572668731	0.0265066860102503	0.194159514344028	0.295974115467206	0.101814601123178	0	0	2	0.2	0.535365070252929	0.0580118973492536	0.425663740549014	0.648620746652741	0.222957006103727	0	0	3	0.1	0.260589738407623	0.0283801512167673	0.205812376283376	0.315579781829025	0.109767405545648	0	0	3	0.2	0.575809093396394	0.0627601434463016	0.457524483198622	0.697159984990363	0.239635501791741
178	0	0	0	0.1	0.195255400576783	0.026185139905823	0.144136809881941	0.245196111739689	0.101059301857748	0	0	0	0.2	0.360558803813833	0.047798343831982	0.267021809758986	0.452477932115723	0.185456122356737	0	0	1	0.1	0.172306994556737	0.0228456545849379	0.12755928522625	0.21742613590152	0.0898668506752697	0	0	1	0.2	0.369098038092159	0.0486689345806924	0.27439259372572	0.464580598127328	0.190188004401608	0	0	2	0.1	0.182332668654948	0.0241072660202856	0.136434733007079	0.23009864311691	0.0936639101098317	0	0	2	0.2	0.400540595951604	0.0528333856406499	0.300126083363071	0.504886883427358	0.204760800064287	0	0	3	0.1	0.195656353494155	0.0259551185167515	0.146021716947198	0.247993449035199	0.101971732088001	0	0	3	0.2	0.433239605356909	0.0572451623879148	0.324810186448083	0.550059675011082	0.225249488562999
643	0	0	0	0.1	0.18609799979324	0.0287999489108115	0.132075674322057	0.245561447183166	0.113485772861109	0	0	0	0.2	0.343005348592586	0.0526949710784651	0.243898727352638	0.452261562673294	0.208362835320656	0	0	1	0.1	0.162276306407563	0.0250163557196862	0.115066218804151	0.21475323063002	0.0996870118258693	0	0	1	0.2	0.346876794383644	0.0532074509957884	0.247251654594131	0.456992438416426	0.209740783822295	0	0	2	0.1	0.170301903487266	0.0261108768226272	0.121825391463885	0.224963884987167	0.103138493523282	0	0	2	0.2	0.373862980121231	0.0572470046216925	0.26744549653062	0.491100692491406	0.223655195960786	0	0	3	0.1	0.181983155340945	0.0278531028469093	0.129879119578773	0.238332552327796	0.108453432749024	0	0	3	0.2	0.402701303882143	0.0615871682154472	0.289391693147302	0.529578030386435	0.240186337239133
460	0	0	0	0.1	0.225173532490638	0.0280557159611804	0.172511976152873	0.282732238089588	0.110220261936715	0	0	0	0.2	0.41084819496219	0.0505085959618271	0.31272836401383	0.515904446172782	0.203176082158952	0	0	1	0.1	0.194613030291301	0.024037147540987	0.148574368725367	0.245548635005678	0.0969742662803117	0	0	1	0.2	0.413088598088305	0.0505952880853045	0.315395508763979	0.521621062076102	0.206225553312123	0	0	2	0.1	0.202888721094298	0.0249545767822092	0.155449668534084	0.255090814828934	0.0996411462948496	0	0	2	0.2	0.443148714414884	0.0542725533973089	0.340818974327232	0.55919945842906	0.218380484101828	0	0	3	0.1	0.215994732358486	0.0265577305764109	0.166899613031905	0.271854894795754	0.104955281763849	0	0	3	0.2	0.47620930205111	0.0584543932242157	0.368163991049218	0.600666655137809	0.232502664088591
496	0	0	0	0.1	0.230991887406359	0.0277301291110548	0.175333067135803	0.285715277627942	0.110382210492139	0	0	0	0.2	0.425676664240905	0.0507900544833608	0.322719668773281	0.52366441652048	0.200944747747199	0	0	1	0.1	0.201715764006745	0.0243501828366778	0.152902010912501	0.246969504106008	0.0940674931935069	0	0	1	0.2	0.43159912979244	0.0519786943925663	0.328833830996256	0.528089710770357	0.199255879774101	0	0	2	0.1	0.212264454147725	0.025755771058532	0.160104982251049	0.261672123614864	0.101567141363815	0	0	2	0.2	0.466245400198049	0.0565877694340154	0.351791239542813	0.570930598521086	0.219139358978273	0	0	3	0.1	0.227207122113896	0.027667524175995	0.172170823765998	0.278398848523419	0.106228024757421	0	0	3	0.2	0.502998640038493	0.0613876887465191	0.383495099975186	0.618206408476473	0.234711308501287
680	0	0	0	0.1	0.233854899289706	0.0294196373884456	0.175779508859448	0.289839857671082	0.114060348811634	0	0	0	0.2	0.427115402060966	0.0532855190057689	0.322517921534584	0.52714843663175	0.204630515097166	0	0	1	0.1	0.198304671089206	0.0250037014915942	0.14875838675459	0.246009473265148	0.0972510865105582	0	0	1	0.2	0.421268397509627	0.0528141755683697	0.315366747887701	0.522584991874817	0.207218243987116	0	0	2	0.1	0.204552875692614	0.0256946330343993	0.154004331439404	0.253058428220158	0.0990540967807548	0	0	2	0.2	0.447414323164225	0.0561409975716178	0.337072761759729	0.554709762321485	0.217637000561756	0	0	3	0.1	0.216571927172785	0.0272002868145583	0.162176766947309	0.26824947874101	0.106072711793702	0	0	3	0.2	0.477894414644545	0.0599607160103268	0.361131139761088	0.591483863106254	0.230352723345166
399	0	0	0	0.1	0.164909416392817	0.0293990678221676	0.102770494431958	0.221241969801286	0.118471475369328	0	0	0	0.2	0.306544044329133	0.0542027172379407	0.193018193865227	0.409369261430795	0.216351067565567	0	0	1	0.1	0.143643862300106	0.025326390821984	0.0916068625042861	0.192239289565608	0.100632427061322	0	0	1	0.2	0.308610732334065	0.0542220171026224	0.197758733392882	0.412742744615513	0.214984011222631	0	0	2	0.1	0.150722730260028	0.0264666540415569	0.0965270116872457	0.202024847549913	0.105497835862667	0	0	2	0.2	0.332213029429757	0.0582997591333973	0.212881661930648	0.445725239635307	0.232843577704658	0	0	3	0.1	0.161060554870817	0.0282676984878099	0.102613564698311	0.214742901426987	0.112129336728676	0	0	3	0.2	0.357610591577497	0.0627923754840656	0.226998140734601	0.478028991335624	0.251030850601024
666	0	0	0	0.1	0.262068138240406	0.0311076154313671	0.201483221351288	0.321388195719916	0.119904974368628	0	0	0	0.2	0.477486590278724	0.0559694799430491	0.369695314963846	0.587927883762295	0.21823256879845	0	0	1	0.1	0.215864730983298	0.0255361661361924	0.168329060072212	0.267656517696066	0.099327457623854	0	0	1	0.2	0.458251449404576	0.0537406478319818	0.357098794520067	0.564745264305791	0.207646469785725	0	0	2	0.1	0.219511878115851	0.0258379446973295	0.170903452374957	0.271775178765586	0.100871726390628	0	0	2	0.2	0.480197672960736	0.0562738927144434	0.375467990125164	0.592529047912404	0.21706105778724	0	0	3	0.1	0.230603976804847	0.0271022737991553	0.180378973422908	0.284232825686294	0.103853852263386	0	0	3	0.2	0.509186782028465	0.0598671219783729	0.396139132028382	0.626244987085899	0.230105855057516
637	0	0	0	0.1	0.189544968549487	0.0278591344998744	0.136940587291502	0.245410776131105	0.108470188839603	0	0	0	0.2	0.350470993868389	0.0511560359640344	0.253072988317441	0.454178337111791	0.20110534879435	0	0	1	0.1	0.164285210474569	0.0241234067412469	0.116983724338632	0.213061644884161	0.0960779205455285	0	0	1	0.2	0.35229400841981	0.0515829400022912	0.252468547337043	0.45424062833748	0.201772081000437	0	0	2	0.1	0.172431133437183	0.0253584827990034	0.12240431038194	0.223967564222303	0.101563253840363	0	0	2	0.2	0.37930473958611	0.0557629160213151	0.269853507233195	0.492236266103619	0.222382758870424	0	0	3	0.1	0.184190289899172	0.0271299812344446	0.131124164806959	0.239073996160509	0.10794983135355	0	0	3	0.2	0.408430187511884	0.0601581189510958	0.29086471205308	0.530066235373837	0.239201523320757
687	0	0	0	0.1	0.18966159914994	0.0281791134482721	0.132622913887331	0.241840861638954	0.109217947751622	0	0	0	0.2	0.348600226840181	0.0513330229653154	0.244258270509916	0.443568733388455	0.199310462878539	0	0	1	0.1	0.161780248156958	0.0238770987405963	0.113898393741568	0.205328167783061	0.0914297740414935	0	0	1	0.2	0.345363540353166	0.0507848323689338	0.242248706075509	0.439257192786386	0.197008486710877	0	0	2	0.1	0.167990888013477	0.0247085850119932	0.118233431705336	0.214141171010004	0.0959077393046684	0	0	2	0.2	0.368695344130049	0.0541332369776968	0.259652674127465	0.470204348705198	0.210551674577733	0	0	3	0.1	0.17859411475639	0.026268868968424	0.125872456603108	0.228124656364987	0.102252199761879	0	0	3	0.2	0.395139408325919	0.0580323617615319	0.278682967004048	0.504837096877387	0.226154129873339
587	0	0	0	0.1	0.195139512097029	0.0281056409434188	0.140966617212123	0.249894712391667	0.108928095179544	0	0	0	0.2	0.362337320853892	0.0518210812139681	0.261538121192538	0.464560797299707	0.203022676107168	0	0	1	0.1	0.172320073274114	0.0248298242709568	0.125680892031207	0.222247434238463	0.0965665422072567	0	0	1	0.2	0.369997369330328	0.0531585899093897	0.269997603095421	0.475967750491964	0.205970147396543	0	0	2	0.1	0.182084577986906	0.0262535641293404	0.133439369385409	0.235624342599254	0.102184973213845	0	0	2	0.2	0.400856499644259	0.0578418443934327	0.29346060064538	0.519469388167334	0.226008787521953	0	0	3	0.1	0.195226691232555	0.0282544675863573	0.143084910766107	0.252997777950904	0.109912867184798	0	0	3	0.2	0.433136676981839	0.0627045557759693	0.318182328404369	0.562821155221951	0.244638826817582
239	0	0	0	0.1	0.205217312526639	0.0285472236765572	0.150134919484043	0.264482087120775	0.114347167636731	0	0	0	0.2	0.378027076352279	0.0522073743948511	0.277542064161033	0.485485066791777	0.207943002630743	0	0	1	0.1	0.174187519004959	0.0242628555252326	0.127107459033337	0.223919401155746	0.0968119421224093	0	0	1	0.2	0.372647407797418	0.0517185512772788	0.272932961651185	0.479013830994398	0.206080869343213	0	0	2	0.1	0.180714504465058	0.0252438223078389	0.131359903336613	0.232415086155945	0.101055182819332	0	0	2	0.2	0.397141936932428	0.0553438533060771	0.289102064158949	0.508963600869755	0.219861536710807	0	0	3	0.1	0.191886525851151	0.0268004444666839	0.138688928507159	0.24582219259853	0.107133264091371	0	0	3	0.2	0.425181032712799	0.0594401584350212	0.307923130721482	0.544823120630428	0.236899989908947
233	0	0	0	0.1	0.209639639131432	0.0272676578374494	0.159820482556081	0.265464455039345	0.105643972483264	0	0	0	0.2	0.389323331480577	0.0502572404259503	0.298597199641419	0.49312732262945	0.194530122988031	0	0	1	0.1	0.188348070094228	0.0245520673281842	0.144537239375535	0.238730942508915	0.09419370313338	0	0	1	0.2	0.40373611253702	0.0523771367079232	0.310706751430854	0.510096476781149	0.199389725350295	0	0	2	0.1	0.200031540976176	0.0260285394511802	0.153499769467328	0.252963262304785	0.0994634928374576	0	0	2	0.2	0.439846389032762	0.0571598867746714	0.338882062806066	0.55851477159758	0.219632708791514	0	0	3	0.1	0.215045380012743	0.0280368595707076	0.164768874914067	0.272107513223979	0.107338638309912	0	0	3	0.2	0.476545724573114	0.0620941929494674	0.365590611941438	0.605852468845719	0.240261856904281
614	0	0	0	0.1	0.256986962392673	0.0298244354222155	0.199893771301516	0.313307342812673	0.113413571511156	0	0	0	0.2	0.473065758072582	0.0541492393183987	0.369602494113554	0.578563665476371	0.208961171362817	0	0	1	0.1	0.221496094242448	0.0253438253248489	0.172647091517987	0.272902907231382	0.100255815713395	0	0	1	0.2	0.472172704756265	0.0536979471452787	0.368782344563416	0.581301505159957	0.212519160596542	0	0	2	0.1	0.229993262735397	0.0262240953718887	0.178894230218968	0.281675889726107	0.102781659507139	0	0	2	0.2	0.504206983997357	0.0574277982105437	0.393101697229734	0.615612768808902	0.222511071579167	0	0	3	0.1	0.244183950184766	0.0279033048203499	0.190614202202543	0.299711343313527	0.109097141110984	0	0	3	0.2	0.540078280926689	0.061793877277084	0.419979090321566	0.658381948647677	0.23840285832611
684	0	0	0	0.1	0.221269596571243	0.0292963534383576	0.165471487516174	0.27837092752726	0.112899440011086	0	0	0	0.2	0.399552281186813	0.0524122147669946	0.299470198440016	0.505073743349942	0.205603544909926	0	0	1	0.1	0.182281559820041	0.0239876990995806	0.137846911651487	0.230344038720527	0.0924971270690405	0	0	1	0.2	0.385249494513807	0.0504086770154099	0.290476389578185	0.487734060194504	0.19725767061632	0	0	2	0.1	0.185784500074465	0.0243004511349824	0.139995784933656	0.235060267331699	0.0950644823980429	0	0	2	0.2	0.404950243195403	0.0529990866871204	0.304618018445984	0.513650678501336	0.209032660055351	0	0	3	0.1	0.195512900601848	0.0256514570650547	0.147249198671982	0.248301733252912	0.10105253458093	0	0	3	0.2	0.430364503142071	0.0564331996118476	0.32498177473752	0.548838096866762	0.223856322129242
279	0	0	0	0.1	0.216245960330708	0.0270746596362255	0.161078807575707	0.267916404447874	0.106837596872167	0	0	0	0.2	0.395416943917359	0.0488924685455215	0.295215696058411	0.48773121802064	0.192515521962229	0	0	1	0.1	0.187860221893794	0.023111685662386	0.141768597988468	0.2317706484314	0.0900020504429326	0	0	1	0.2	0.39996304310478	0.0489260396138178	0.301839753006832	0.492053301096175	0.190213548089343	0	0	2	0.1	0.197046204441543	0.0241230309418589	0.148481382955292	0.24321407577912	0.0947326928238284	0	0	2	0.2	0.43122132547352	0.0527529636305816	0.326475291604242	0.530215542393581	0.203740250789339	0	0	3	0.1	0.210598859980236	0.0258421391971086	0.159723169121219	0.260571620359083	0.100848451237863	0	0	3	0.2	0.464747432186774	0.0572359880328712	0.351030674095099	0.575044964917782	0.224014290822683
394	0	0	0	0.1	0.2256920267184	0.027038036066304	0.17174052825734	0.279465361964664	0.107724833707324	0	0	0	0.2	0.417630490066475	0.049413029979208	0.318819368736198	0.514750649762668	0.195931281026469	0	0	1	0.1	0.199997395654155	0.0237530644417288	0.152054792522919	0.247059714239062	0.0950049217161431	0	0	1	0.2	0.428778582160109	0.0506746710320532	0.327379256581464	0.530847666340547	0.203468409759082	0	0	2	0.1	0.211925024059725	0.0251663097053128	0.162037444192324	0.261967452634013	0.0999300084416886	0	0	2	0.2	0.465900971377836	0.0553022276295874	0.354921714822184	0.577071716298369	0.222150001476185	0	0	3	0.1	0.227586690208869	0.0271104248784425	0.174215211845994	0.281681881018041	0.107466669172047	0	0	3	0.2	0.50437189421937	0.0601755238963124	0.38612655528688	0.627245159186969	0.241118603900089
470	0	0	0	0.1	0.277377556219767	0.0295272163782189	0.221530243516124	0.337966103562565	0.116435860046441	0	0	0	0.2	0.506470443578456	0.0530685913089371	0.408339589390464	0.614581583132151	0.206241993741687	0	0	1	0.1	0.234733740861127	0.0248938009816402	0.189162744319896	0.285153080467013	0.0959903361471177	0	0	1	0.2	0.498936999930962	0.0523046276896035	0.403849289197937	0.603816091073009	0.199966801875073	0	0	2	0.1	0.242289231529098	0.0255805145148462	0.195304349904511	0.293814304125397	0.0985099542208862	0	0	2	0.2	0.53005067409675	0.0557650248857461	0.42835874539254	0.638899429864537	0.210540684471997	0	0	3	0.1	0.256539636719446	0.0271406121736791	0.206531914592569	0.310050266881203	0.103518352288633	0	0	3	0.2	0.566360095106688	0.0597466138151285	0.456201497485698	0.683461912014793	0.227260414529095
615	0	0	0	0.1	0.230105221399626	0.027657560824914	0.180622330957052	0.286587561533735	0.105965230576683	0	0	0	0.2	0.425422357025857	0.0505513082734165	0.332957656388259	0.531342218976908	0.198384562588648	0	0	1	0.1	0.203637557826614	0.0244125802482737	0.157318268920752	0.253367414369995	0.0960491454492436	0	0	1	0.2	0.435579826180291	0.0519737529472881	0.335533937601546	0.543279102826035	0.207745165224488	0	0	2	0.1	0.214828232073609	0.0258323175626363	0.165765945985161	0.268401237601035	0.102635291615874	0	0	2	0.2	0.471639571465349	0.0566920434212104	0.362903374450699	0.588032527072763	0.225129152622064	0	0	3	0.1	0.230067188382291	0.0278370065864724	0.176686485559583	0.287432550458497	0.110746064898914	0	0	3	0.2	0.509442162455933	0.0615619953298658	0.392314207301466	0.634364877121233	0.242050669819767
383	0	0	0	0.1	0.221408070933721	0.0278917543331682	0.168943749591797	0.275806224432855	0.106862474841058	0	0	0	0.2	0.413447588049661	0.0516592233126728	0.318161490668616	0.516353739413519	0.198192248744903	0	0	1	0.1	0.201034659920995	0.0250861663075891	0.153810075610061	0.24959907442619	0.0957889988161285	0	0	1	0.2	0.431871991216509	0.0537606371479486	0.329776901933039	0.538022454730974	0.208245552797935	0	0	2	0.1	0.214192467045197	0.0266299963457147	0.163857073129068	0.265929818638021	0.102072745508953	0	0	2	0.2	0.47173037256115	0.0587289321710946	0.359036748254475	0.58566120931121	0.226624461056735	0	0	3	0.1	0.23058765022953	0.0287000597125452	0.174970165565286	0.284418379517228	0.109448213951942	0	0	3	0.2	0.511747985963233	0.0638815789123086	0.386928373574254	0.632343932553624	0.245415558979369
381	0	0	0	0.1	0.204806726405575	0.0287158394880861	0.150654435663407	0.258942233396036	0.108287797732629	0	0	0	0.2	0.381133002327204	0.0527111549399946	0.281122505044715	0.480325413615131	0.199202908570417	0	0	1	0.1	0.184950471481078	0.0255175042888703	0.136856621273359	0.234033516696566	0.0971768954232075	0	0	1	0.2	0.39606972865655	0.0543174941666403	0.292313468849523	0.500538123261245	0.208224654411722	0	0	2	0.1	0.196158721679772	0.0269226712410672	0.145040149467919	0.249524017108021	0.104483867640102	0	0	2	0.2	0.431168798073932	0.0591059563182205	0.319518079457625	0.547833778403021	0.228315698945396	0	0	3	0.1	0.210615471592718	0.0289337155074587	0.156101971403917	0.268068695206557	0.11196672380264	0	0	3	0.2	0.466729934910093	0.0640152652536538	0.345492535307034	0.594179938537732	0.248687403230698
517	0	0	0	0.1	0.224786367229792	0.0303492449696984	0.165962204281618	0.286932590955306	0.120970386673688	0	0	0	0.2	0.413118797287964	0.0551737160690552	0.306745946538319	0.527062370847117	0.220316424308798	0	0	1	0.1	0.193878449534394	0.0259339489811418	0.142867461458753	0.246393298761061	0.103525837302308	0	0	1	0.2	0.412981993962423	0.0548107680736194	0.306210162943148	0.520485657534443	0.214275494591295	0	0	2	0.1	0.201515440061071	0.0267366659926884	0.14999349050012	0.254164359549238	0.104170869049119	0	0	2	0.2	0.441621571775085	0.0584889357284273	0.330061263335876	0.556706029934354	0.226644766598479	0	0	3	0.1	0.214161520729611	0.0284068238966929	0.159554007289661	0.268749589401782	0.109195582112121	0	0	3	0.2	0.473529614633763	0.0627517411550043	0.35403762560079	0.595388854061235	0.241351228460445
660	0	0	0	0.1	0.24698053812098	0.0308099830789722	0.185441542370448	0.307283061234687	0.121841518864239	0	0	0	0.2	0.448766846960693	0.0554533693117442	0.339635760529993	0.560747366405296	0.221111605875303	0	0	1	0.1	0.206948622960729	0.025786201087089	0.155790035916908	0.25816165415241	0.102371618235502	0	0	1	0.2	0.43775653375746	0.0542911128761034	0.330830301292721	0.545652485805092	0.214822184512371	0	0	2	0.1	0.211534684945554	0.0263891335839616	0.158586972044183	0.263444271982183	0.104857299938001	0	0	2	0.2	0.461435464457618	0.057390306616815	0.347972338789475	0.575251857540744	0.227279518751269	0	0	3	0.1	0.22280395944333	0.0278301474593411	0.167605331159949	0.277517360979233	0.109912029819284	0	0	3	0.2	0.490802827950619	0.0612738395125466	0.37034229439792	0.61342818691381	0.24308589251589
689	0	0	0	0.1	0.205790770205501	0.0291595196221967	0.151006494984435	0.264101443034888	0.113094948050453	0	0	0	0.2	0.376322536291901	0.0528185994511666	0.277787254381323	0.484687237459789	0.206899983078466	0	0	1	0.1	0.176022294448624	0.0247653096194524	0.128039581357419	0.228887314547272	0.100847733189853	0	0	1	0.2	0.37422779522534	0.0524349185598186	0.27383873939897	0.483650243566682	0.209811504167712	0	0	2	0.1	0.182613416770928	0.0256472641581479	0.1331691472393	0.237132945130002	0.103963797890702	0	0	2	0.2	0.399453988235808	0.0560542085498397	0.289129867739313	0.51888954251492	0.229759674775608	0	0	3	0.1	0.193827057167455	0.0272443142862505	0.140730559335049	0.251016840015278	0.110286280680229	0	0	3	0.2	0.427992092720407	0.0602299420721696	0.311430200249345	0.553894740341288	0.242464540091943
686	0	0	0	0.1	0.206223675325289	0.0281180938422841	0.150089781659934	0.26119544302533	0.111105661365395	0	0	0	0.2	0.380459571247652	0.0514002242228429	0.276550405840407	0.478164518221985	0.201614112381577	0	0	1	0.1	0.180255280406597	0.0243836936972015	0.131671473359297	0.226015259067298	0.094343785708001	0	0	1	0.2	0.385333850120143	0.0519565795641452	0.283170112964934	0.483943974586115	0.20077386162118	0	0	2	0.1	0.189230851668523	0.0255542848911561	0.137891426664328	0.237507976496128	0.0996165498318002	0	0	2	0.2	0.415331926303624	0.0561519212488523	0.303387467968115	0.522004121652397	0.218616653684282	0	0	3	0.1	0.202146265744362	0.027367122801263	0.147360799170219	0.254278131688071	0.106917332517852	0	0	3	0.2	0.447518485433634	0.0606728102831002	0.326440996166025	0.563003271297531	0.236562275131505
393	0	0	0	0.1	0.198620945454335	0.0273787023744102	0.146777685417895	0.250145618220232	0.103367932802337	0	0	0	0.2	0.365165683032358	0.049972843258054	0.271092745008744	0.458681668428254	0.18758892341951	0	0	1	0.1	0.168596772449835	0.0231936360121813	0.125533132454404	0.212186758813943	0.0866536263595395	0	0	1	0.2	0.360894365961872	0.0494668300275203	0.268797980531742	0.456147419275148	0.187349438743407	0	0	2	0.1	0.175536502113244	0.0241479014950481	0.130091704876074	0.221964030346771	0.0918723254706968	0	0	2	0.2	0.385790223856122	0.0530713719502272	0.284364708131795	0.487765676837104	0.203400968705309	0	0	3	0.1	0.186801319299794	0.0257273371859593	0.13713286597149	0.237170484275964	0.100037618304474	0	0	3	0.2	0.413736349864883	0.0570645581771518	0.304109172757425	0.524843618604477	0.220734445847052
670	0	0	0	0.1	0.243785786061053	0.0289415267607847	0.190917018513696	0.301857550525479	0.110940532011783	0	0	0	0.2	0.450711736996555	0.0530756588742862	0.354845291297762	0.558170500290405	0.203325208992643	0	0	1	0.1	0.215033918079885	0.0257298136111126	0.169347636603865	0.265248628660342	0.0959009920564772	0	0	1	0.2	0.459727044306983	0.0547492799629496	0.362256816729053	0.566579761203556	0.204322944474503	0	0	2	0.1	0.226173325035299	0.0271270824695558	0.177770500345311	0.279415413733617	0.101644913388306	0	0	2	0.2	0.49661684084212	0.0594876038312587	0.391909238106419	0.613381141130561	0.221471903024143	0	0	3	0.1	0.241904785290846	0.02909364154307	0.190426890911784	0.298424613798889	0.107997722887104	0	0	3	0.2	0.535331163766458	0.0644209696837302	0.42009452741811	0.663779930105025	0.243685402686915
511	0	0	0	0.1	0.25978399133038	0.0298943299870682	0.203170740748448	0.322111932435374	0.118941191686926	0	0	0	0.2	0.483492601145686	0.0551889617238791	0.380429279883654	0.594825522190492	0.214396242306838	0	0	1	0.1	0.23054857694853	0.0265188744743018	0.181094886042337	0.282682622528399	0.101587736486063	0	0	1	0.2	0.495087427889167	0.0565410226520846	0.390956311260631	0.605807100732972	0.21485078947234	0	0	2	0.1	0.2434885946258	0.0278639124591269	0.191887444458352	0.298137135587587	0.106249691129236	0	0	2	0.2	0.536296771960632	0.0612463528665666	0.423806436139556	0.65735160383208	0.233545167692524	0	0	3	0.1	0.260959869716183	0.0298541559075413	0.206171756214491	0.320787642495613	0.114615886281122	0	0	3	0.2	0.57911329105555	0.0662992882661553	0.457264350461793	0.7113370894393	0.254072738977507
679	0	0	0	0.1	0.228148077136124	0.0278889584043743	0.17301483379637	0.285187010626213	0.112172176829843	0	0	0	0.2	0.422796938660861	0.051127300495714	0.321670991561373	0.527211418733012	0.205540427171639	0	0	1	0.1	0.202019093382488	0.0246642404162722	0.153359075337636	0.251666291822964	0.0983072164853286	0	0	1	0.2	0.432753952664248	0.0525380028016359	0.329319051184842	0.539066014963169	0.209746963778327	0	0	2	0.1	0.213168847743409	0.0259681424252045	0.160905781256584	0.26527043137879	0.104364650122206	0	0	2	0.2	0.468493765772128	0.0569914560712919	0.35313848892691	0.58642830830121	0.2332898193743	0	0	3	0.1	0.228292061492393	0.0278839369073399	0.172355872266581	0.286080055918077	0.113724183651496	0	0	3	0.2	0.505935860094462	0.0617301028981587	0.382449515459738	0.633703944398316	0.251254428938578
678	0	0	0	0.1	0.235350719500776	0.0281158577984851	0.184194433050119	0.291941568109733	0.107747135059614	0	0	0	0.2	0.434697803927035	0.0515457085056927	0.342156790636862	0.537818430383274	0.195661639746412	0	0	1	0.1	0.20428075120661	0.0243237642114698	0.159684300535886	0.251782827966611	0.0920985274307245	0	0	1	0.2	0.437122282670422	0.051805940075633	0.340170021969482	0.537349776003373	0.197179754033891	0	0	2	0.1	0.21374588973594	0.0253767421086183	0.166828859467976	0.262162285213621	0.0953334257456445	0	0	2	0.2	0.469643684901979	0.0557808384110076	0.365412281310453	0.575816886890279	0.210404605579826	0	0	3	0.1	0.227999327356252	0.0271232848372492	0.177925593974657	0.279600749134675	0.101675155160018	0	0	3	0.2	0.505001463560434	0.0602109938455436	0.3935395197473	0.620561230314749	0.227021710567449
550	0	0	0	0.1	0.21159138463556	0.0277084068454477	0.155900087305415	0.265730173243053	0.109830085937638	0	0	0	0.2	0.389698664795342	0.0505143314679644	0.29003509548161	0.486626690653668	0.196591595172058	0	0	1	0.1	0.182627111254615	0.0236809758936663	0.137160583620242	0.229227667328965	0.092067083708723	0	0	1	0.2	0.390442012147361	0.0503816428435282	0.292392575986055	0.48876808573026	0.196375509744205	0	0	2	0.1	0.190887718835095	0.0246844828132128	0.142874968088445	0.239289507016949	0.0964145389285033	0	0	2	0.2	0.41906207283081	0.0542403189210603	0.312565585688141	0.523949111449	0.211383525760859	0	0	3	0.1	0.203469361788832	0.0264521914913702	0.152213422194035	0.256129424002237	0.103916001808202	0	0	3	0.2	0.450560255915899	0.0585873952416312	0.334449240036118	0.565056072313764	0.230606832277646
262	0	0	0	0.1	0.210536460043797	0.026178849361356	0.159074119747927	0.259625122218222	0.100551002470295	0	0	0	0.2	0.394285254879577	0.0484400547266535	0.30005704911618	0.4877182174901	0.18766116837392	0	0	1	0.1	0.189825742340537	0.0234314703801506	0.14447391106896	0.23567404035197	0.09120012928301	0	0	1	0.2	0.409854074797183	0.0504701012391274	0.309477571947113	0.509182147327413	0.1997045753803	0	0	2	0.1	0.202871838969788	0.0251108472818395	0.153563033911304	0.252521914366645	0.098958880455341	0	0	2	0.2	0.448249934002848	0.0554554979446917	0.337665602813967	0.558500854072702	0.220835251258735	0	0	3	0.1	0.218755355721435	0.0271471192852217	0.164156379278782	0.272135191150393	0.107978811871611	0	0	3	0.2	0.486910244789485	0.0605268073627257	0.365061178876603	0.606271573881231	0.241210395004629
396	0	0	0	0.1	0.190882332195316	0.0272524061711882	0.141617930546319	0.246304434999413	0.104686504453094	0	0	0	0.2	0.357644767392213	0.0504536163259645	0.267311309203098	0.459836843726268	0.19252553452317	0	0	1	0.1	0.174501915252253	0.0245687845867241	0.128663674244147	0.222850845755262	0.0941871715111152	0	0	1	0.2	0.375848945947541	0.0526151128102951	0.277502811986726	0.479410097760266	0.20190728577354	0	0	2	0.1	0.186764283852526	0.0262453453212183	0.137599555959848	0.238409039782841	0.100809483822993	0	0	2	0.2	0.411960319634758	0.0577441673507799	0.303570519149164	0.526978454079436	0.223407934930272	0	0	3	0.1	0.201550506945618	0.0283635730607842	0.148214174730096	0.257692677465715	0.109478502735619	0	0	3	0.2	0.447846233668496	0.0629342388471035	0.329717190443901	0.571036138677527	0.241318948233626
638	0	0	0	0.1	0.226395438979879	0.0307844852566871	0.164585420670814	0.28754186374658	0.122956443075766	0	0	0	0.2	0.421874863136548	0.056637162359131	0.306422805843249	0.53186677593299	0.225443970089741	0	0	1	0.1	0.199326168671408	0.0266336101766034	0.146263119463641	0.252498633415067	0.106235513951426	0	0	1	0.2	0.428204714372912	0.0568672224174814	0.314059378173079	0.541609936331198	0.227550558158119	0	0	2	0.1	0.209593506036099	0.027796551654977	0.154390746385001	0.263868116410332	0.109477370025331	0	0	2	0.2	0.461912881590545	0.0612382393178961	0.340162641658117	0.583784986121422	0.243622344463305	0	0	3	0.1	0.22407570016218	0.0297739850452485	0.163941436484002	0.282919905997962	0.118978469513959	0	0	3	0.2	0.497680648124851	0.0660190176191087	0.363704368507225	0.625876618894197	0.262172250386972
391	0	0	0	0.1	0.232654966646738	0.0288014386753363	0.175778169126379	0.292935488738409	0.11715731961203	0	0	0	0.2	0.427877082638028	0.0523259015777395	0.325665120098261	0.535921255425323	0.210256135327062	0	0	1	0.1	0.202219842758092	0.024771206035859	0.153750808974656	0.253517665927664	0.0997668569530082	0	0	1	0.2	0.431105959706173	0.0524446144276598	0.328602256022244	0.538111675026228	0.209509419003984	0	0	2	0.1	0.211261398262932	0.0257374442445276	0.161325701532262	0.263010397439824	0.101684695907562	0	0	2	0.2	0.462922925800481	0.0562588148901844	0.354497647571627	0.575339079105433	0.220841431533805	0	0	3	0.1	0.225077043877873	0.0273768329706337	0.172075418083955	0.278851114198815	0.10677569611486	0	0	3	0.2	0.497596257382986	0.0606111548288434	0.382839612067416	0.618532024121264	0.235692412053848
681	0	0	0	0.1	0.242455047008983	0.0285234514405015	0.188284989141123	0.300453237950402	0.112168248809279	0	0	0	0.2	0.451511883478169	0.0524995731999915	0.351107522847949	0.558742378350669	0.207634855502721	0	0	1	0.1	0.217279853705	0.0255126678066469	0.168468529121283	0.268370686742081	0.0999021576207973	0	0	1	0.2	0.466218375227964	0.0544631294193536	0.360353020070797	0.575410520883512	0.215057500812715	0	0	2	0.1	0.230102625616677	0.0270462056007002	0.177514147426191	0.281697128412663	0.104182980986472	0	0	2	0.2	0.506476847036272	0.0595473961079784	0.389663452791396	0.620988382004873	0.231324929213477	0	0	3	0.1	0.246940889925243	0.0292289939489709	0.190923620057083	0.303934297220818	0.113010677163735	0	0	3	0.2	0.547822716446318	0.064749401386157	0.421925567558539	0.672604706255453	0.250679138696914
696	0	0	0	0.1	0.138558072979602	0.0268911603861447	0.0848233074572606	0.186279463462727	0.101456156005466	0	0	0	0.2	0.252197387549447	0.0485598795655416	0.156706860056833	0.338687944626566	0.181981084569734	0	0	1	0.1	0.116027033969156	0.0222349353189764	0.0719754227979116	0.15602695723458	0.0840515344366685	0	0	1	0.2	0.246952058927079	0.0472144133354282	0.15349793568505	0.33336526075847	0.17986732507342	0	0	2	0.1	0.119974166930239	0.0229775072766204	0.0748938771182555	0.162936924871758	0.088043047753503	0	0	2	0.2	0.262712166017025	0.0502063504486793	0.16405284535401	0.355092695896713	0.191039850542702	0	0	3	0.1	0.127323138059461	0.024357929397619	0.0797294745438557	0.17236050345133	0.092631028907474	0	0	3	0.2	0.281031449007397	0.0537783003036273	0.17553142395944	0.381978397909263	0.206446973949823
673	0	0	0	0.1	0.227548494223699	0.0293369205346382	0.1707531000703	0.283551691501583	0.112798591431283	0	0	0	0.2	0.417654613538671	0.0532166419553696	0.313895871027561	0.520462840084678	0.206566969057118	0	0	1	0.1	0.193020224514976	0.0246502052475023	0.144549375937911	0.240506541505995	0.0959571655680844	0	0	1	0.2	0.41184822448146	0.0522707135226773	0.308676130070817	0.511303246293998	0.202627116223181	0	0	2	0.1	0.199875234564803	0.0254263834392423	0.149826483026449	0.248456008390635	0.0986295253641862	0	0	2	0.2	0.43842646243108	0.0557273687679305	0.328487834505645	0.544666245332472	0.216178410826827	0	0	3	0.1	0.21206184783947	0.0270838365527272	0.159017218776979	0.263306954848768	0.104289736071789	0	0	3	0.2	0.469195227239904	0.0598096889576597	0.350205039071531	0.580242508246555	0.230037469175024
695	0	0	0	0.1	0.169888523028083	0.0276802855503428	0.114988955696952	0.224117311744815	0.109128356047863	0	0	0	0.2	0.314628511960691	0.0508468030163975	0.214473958844296	0.412883537635816	0.198409578791521	0	0	1	0.1	0.150405870247361	0.0243278693604743	0.102290605503689	0.197738198504176	0.0954475930004872	0	0	1	0.2	0.322050758168849	0.0518444562354805	0.218835766323931	0.422867808987925	0.204032042663993	0	0	2	0.1	0.15877391246666	0.0256008436089105	0.107987605845306	0.209816024689381	0.101828418844075	0	0	2	0.2	0.34886385733051	0.056137236276867	0.237637400381388	0.457383708367538	0.21974630798615	0	0	3	0.1	0.170148817577344	0.0273877078067559	0.114195738219403	0.222848721397727	0.108652983178324	0	0	3	0.2	0.376867889906816	0.0606912365186537	0.256082776532305	0.492716482563954	0.236633706031649
641	0	0	0	0.1	0.209682075005302	0.0296602526401459	0.150882986581059	0.269059438379226	0.118176451798168	0	0	0	0.2	0.386949006644873	0.0542002208758588	0.27916574571292	0.491014806176243	0.211849060463323	0	0	1	0.1	0.181341089498546	0.0253681695573813	0.129655127815488	0.231640395921377	0.101985268105889	0	0	1	0.2	0.387716202834715	0.0540071773936087	0.27877587265681	0.495261712057916	0.216485839401106	0	0	2	0.1	0.189322263913574	0.0264174023442296	0.136953058712912	0.241603428371914	0.104650369659002	0	0	2	0.2	0.415864434823262	0.0579613144106448	0.300965101229828	0.527785040641341	0.226819939411512	0	0	3	0.1	0.201720541050881	0.0281370850044716	0.145919114188265	0.256595017046968	0.110675902858703	0	0	3	0.2	0.446783979395673	0.0623707486058672	0.322663925871756	0.566900823295761	0.244236897424005
691	0	0	0	0.1	0.222967365646664	0.0282290732459543	0.16906464315349	0.279082526518801	0.110017883365311	0	0	0	0.2	0.410334839599505	0.051418235959649	0.31211472225524	0.513459997170407	0.201345274915167	0	0	1	0.1	0.19294074310985	0.0243093095207442	0.146784705702422	0.241710767107823	0.0949260614054002	0	0	1	0.2	0.412117879156009	0.0516154527923529	0.310923479752606	0.514889886051213	0.203966406298608	0	0	2	0.1	0.201672669766258	0.0253291734498412	0.153063503488178	0.251841101636987	0.0987775981488084	0	0	2	0.2	0.442568065283584	0.0554261328371739	0.337336735311235	0.550973172504144	0.213636437192909	0	0	3	0.1	0.21503086894611	0.0269449709513971	0.164324773837541	0.266941540961965	0.102616767124425	0	0	3	0.2	0.47581236375295	0.0597417894820022	0.363921101542553	0.592682145887293	0.22876104434474
694	0	0	0	0.1	0.243740839499025	0.0294620925362461	0.188674591001194	0.303020730525138	0.114346139523944	0	0	0	0.2	0.442441479680222	0.0528930536224611	0.343059251647015	0.547652289280483	0.204593037633468	0	0	1	0.1	0.20735539704039	0.0250283483335909	0.160118556295232	0.26022315900048	0.100104602705248	0	0	1	0.2	0.438381633949215	0.0525663235935528	0.338582589982041	0.548765438299594	0.210182848317553	0	0	2	0.1	0.213755939857164	0.0257396314033147	0.164936769481631	0.267731078092559	0.102794308610927	0	0	2	0.2	0.465904172486109	0.0560389229354894	0.359610517763511	0.584705166284453	0.225094648520941	0	0	3	0.1	0.226252433257486	0.0273511648173355	0.173841388473909	0.283150724553438	0.109309336079529	0	0	3	0.2	0.498006997890571	0.0600872593796543	0.3844173876686	0.624049675679482	0.239632288010882
692	0	0	0	0.1	0.207807851249741	0.0286732883181673	0.151620595131524	0.261614209106085	0.109993613974561	0	0	0	0.2	0.37847859219856	0.0520145001693423	0.277326298843501	0.47739452098306	0.200068222139559	0	0	1	0.1	0.172745109067185	0.0239728739027251	0.127562001686915	0.219654991078896	0.0920929893919806	0	0	1	0.2	0.367221131794661	0.0508061903728898	0.2706824339888	0.465377179348212	0.194694745359412	0	0	2	0.1	0.177268606380891	0.0246620186252843	0.129879615438704	0.224487116114964	0.0946075006762602	0	0	2	0.2	0.387921747766985	0.05393090876212	0.284916207674411	0.491553207024314	0.206636999349903	0	0	3	0.1	0.187271426222813	0.0260774136164624	0.137649423866839	0.237016203349793	0.0993667794829539	0	0	3	0.2	0.413389218481221	0.0577216008970801	0.302913855702172	0.524412872941894	0.221499017239721
706	0	0	0	0.1	0.211157561091127	0.0277425234955887	0.15639057628988	0.26454543623716	0.108154859947279	0	0	0	0.2	0.389148050000215	0.0505303301515287	0.288669072680989	0.487053563152311	0.198384490471322	0	0	1	0.1	0.18295414174545	0.0238735600080923	0.134253066584511	0.231346645755181	0.0970935791706702	0	0	1	0.2	0.391496713535391	0.0508470896097425	0.288789146836994	0.496022549943126	0.207233403106132	0	0	2	0.1	0.191814658156898	0.0249669408499184	0.140792004917115	0.241613649838885	0.10082164492177	0	0	2	0.2	0.421419255236616	0.0548065375401678	0.309786893380934	0.52869714038007	0.218910246999136	0	0	3	0.1	0.204926595908423	0.0266353006875897	0.151074034147668	0.257526519759254	0.106452485611586	0	0	3	0.2	0.45377502965032	0.0591458612198432	0.335062318264082	0.569609532919758	0.234547214655676
693	0	0	0	0.1	0.277732692064073	0.0294566198852608	0.221594240650803	0.336013450048532	0.114419209397729	0	0	0	0.2	0.510495511120932	0.0534424326784073	0.408079730461892	0.621068939406269	0.212989208944377	0	0	1	0.1	0.239347607493277	0.0253846033473898	0.189820332123506	0.289702864666412	0.0998825325429067	0	0	1	0.2	0.510884741110185	0.0537936984074675	0.405982137593665	0.616942186967582	0.210960049373918	0	0	2	0.1	0.249541075311561	0.0264804045144685	0.198442920248242	0.300578642255566	0.102135722007325	0	0	2	0.2	0.54731336202808	0.0580003018080427	0.435276902231187	0.659280387658079	0.224003485426892	0	0	3	0.1	0.265669165634218	0.0282900059837058	0.211282213744223	0.321183294116134	0.109901080371911	0	0	3	0.2	0.58765126679395	0.0626474085791021	0.467231177803792	0.710360350131108	0.243129172327316
711	0	0	0	0.1	0.218292152865823	0.0305915235831333	0.159669718233053	0.280885182424588	0.121215464191535	0	0	0	0.2	0.40319150860939	0.0558049084123771	0.2936179456192	0.516586162373951	0.222968216754751	0	0	1	0.1	0.18860474185361	0.0260008016503884	0.138038931436954	0.241045882672892	0.103006951235939	0	0	1	0.2	0.402870921304701	0.0552395155186751	0.295616502211819	0.512632314778558	0.217015812566739	0	0	2	0.1	0.196141580268605	0.0268713658538281	0.144179957461353	0.249117841468043	0.10493788400669	0	0	2	0.2	0.430642069231812	0.0588840225435727	0.315285514192034	0.545622159640967	0.230336645448933	0	0	3	0.1	0.208420518771451	0.0284747397515067	0.152393021095043	0.264098788162727	0.111705767067684	0	0	3	0.2	0.4615313564153	0.0630320284226894	0.339619053521369	0.584513205695485	0.244894152174116
698	0	0	0	0.1	0.289197311100577	0.0302065584582793	0.23375727259133	0.350013714642369	0.116256442051038	0	0	0	0.2	0.532592020394477	0.0550322210255859	0.432488023290417	0.641025768136691	0.208537744846274	0	0	1	0.1	0.245186355114366	0.0257127537517214	0.197800417902453	0.295736110138253	0.0979356922358001	0	0	1	0.2	0.52419609094919	0.0547040561180099	0.422892266214949	0.632519618494945	0.209627352279995	0	0	2	0.1	0.253756927268926	0.0266362729321108	0.204324667465625	0.30616625262476	0.101841585159135	0	0	2	0.2	0.55740603370395	0.0585125133757966	0.449305874378482	0.67269328664397	0.223387412265488	0	0	3	0.1	0.269020060140954	0.0283960544607462	0.216393900899008	0.324397352846136	0.108003451947128	0	0	3	0.2	0.595971030516414	0.0629211944624641	0.479052695427246	0.718535293564571	0.239482598137325
710	0	0	0	0.1	0.211383436366019	0.029282539450523	0.156599696536923	0.267963581633844	0.111363885096921	0	0	0	0.2	0.385463065255121	0.0528983306150102	0.284784550596577	0.486028042693031	0.201243492096455	0	0	1	0.1	0.175552246598866	0.0243732733547177	0.129576059891774	0.22155776516005	0.0919817052682757	0	0	1	0.2	0.373519639424544	0.0515345479702402	0.277684478292479	0.470779195942841	0.193094717650361	0	0	2	0.1	0.180104478026997	0.0249635862568426	0.133230244300672	0.228194658494458	0.0949644141937862	0	0	2	0.2	0.394323279022139	0.0545165216818031	0.293207267715198	0.499632364569821	0.206425096854623	0	0	3	0.1	0.190169869823761	0.0263237502615756	0.141453814036293	0.239904056512658	0.0984502424763652	0	0	3	0.2	0.420046267296858	0.0581989554549682	0.310714011948593	0.530360861832731	0.219646849884138
729	0	0	0	0.1	0.200860786958148	0.0287789053806789	0.143593186012406	0.255561584598199	0.111968398585793	0	0	0	0.2	0.373494154609319	0.0530548096453134	0.268292482642225	0.476933222044989	0.208640739402763	0	0	1	0.1	0.178491177559509	0.0252876553837873	0.128306579843236	0.224887580411669	0.0965810005684328	0	0	1	0.2	0.382557315724967	0.0541194497934417	0.274674266383175	0.482577746527924	0.207903480144749	0	0	2	0.1	0.188262857804029	0.0266570768874848	0.134833492626821	0.237613926677462	0.10278043405064	0	0	2	0.2	0.414147357375148	0.0586832173650157	0.295921065017533	0.5230370979104	0.227116032892867	0	0	3	0.1	0.201626273977704	0.0285672076170827	0.145223229148196	0.254442165645325	0.109218936497129	0	0	3	0.2	0.447125641997607	0.0635817901182626	0.321623028274478	0.563670963892094	0.242047935617616
697	0	0	0	0.1	0.207727786195301	0.0288826701340602	0.154089010929429	0.264318537234823	0.110229526305395	0	0	0	0.2	0.38022989105556	0.0525580277309424	0.282165748811504	0.482681697440113	0.20051594862861	0	0	1	0.1	0.178636897923598	0.02476709862219	0.131049459667307	0.226301867297321	0.0952524076300147	0	0	1	0.2	0.380363758946332	0.0525252640430839	0.27897291846962	0.482673320277938	0.203700401808317	0	0	2	0.1	0.18620149600083	0.0257101750431689	0.136579541895103	0.236197318966025	0.0996177770709228	0	0	2	0.2	0.407685626033793	0.0562071320463986	0.297762336858911	0.518042744859925	0.220280408001014	0	0	3	0.1	0.198211979065273	0.0272678679365986	0.144925518035124	0.251108098660632	0.106182580625508	0	0	3	0.2	0.437901331553372	0.0603721518110624	0.321089787604497	0.555398408187393	0.234308620582896
705	0	0	0	0.1	0.123366362835078	0.0271696329402591	0.0736477730131277	0.179462978855285	0.105815205842157	0	0	0	0.2	0.226169722274745	0.0495311497780846	0.135318220162863	0.329258167598849	0.193939947435986	0	0	1	0.1	0.104169049040668	0.0228155507477849	0.0619805812035619	0.150743930389946	0.0887633491863837	0	0	1	0.2	0.222649549002162	0.0486410152479483	0.132762864863489	0.321588966071675	0.188826101208187	0	0	2	0.1	0.108286881875741	0.0236406902138221	0.0641861099426838	0.156391641099735	0.0922055311570514	0	0	2	0.2	0.237676300123487	0.0519295151744221	0.142445741145195	0.342674484651844	0.20022874350665	0	0	3	0.1	0.11509460080078	0.0251821728907155	0.067843441004737	0.166315680821202	0.0984722398164645	0	0	3	0.2	0.254788915697465	0.0556798130155203	0.15138527566254	0.367940007879846	0.216554732217305
702	0	0	0	0.1	0.226588462857292	0.0279847688963439	0.17417533098273	0.281129045900954	0.106953714918224	0	0	0	0.2	0.42073228706779	0.0514474804587867	0.32617053684718	0.521983291406424	0.195812754559244	0	0	1	0.1	0.198058918331175	0.0246460511268423	0.151540718713341	0.247376414700533	0.0958356959871916	0	0	1	0.2	0.425365741195375	0.0526112675147313	0.325957810699011	0.530114050116813	0.204156239417803	0	0	2	0.1	0.208227640933439	0.0259490648301667	0.159497430581877	0.260836555093199	0.101339124511322	0	0	2	0.2	0.458725231435533	0.0570998099392587	0.351304499293832	0.575998970025474	0.224694470731642	0	0	3	0.1	0.222677408049937	0.0278430018249847	0.17066734489894	0.280044351598065	0.109377006699125	0	0	3	0.2	0.494282716558271	0.0618228574679568	0.378279748570349	0.62088954300591	0.242609794435562
704	0	0	0	0.1	0.212618982716429	0.02990815166702	0.156904687518347	0.270609617654886	0.11370493013654	0	0	0	0.2	0.39522672247792	0.0548412596311982	0.291184094468483	0.500973361714279	0.209789267245796	0	0	1	0.1	0.187529309231041	0.0262014689986064	0.139238939298061	0.239749151888876	0.100510212590815	0	0	1	0.2	0.402392243477941	0.0557917041789876	0.300877171223319	0.511787832361429	0.21091066113811	0	0	2	0.1	0.197516321712383	0.0275307740361253	0.147297142537005	0.250609890600238	0.103312748063234	0	0	2	0.2	0.434835060637894	0.0604046858371544	0.324830817509071	0.551992626019386	0.227161808510315	0	0	3	0.1	0.211339346695169	0.0295079261824776	0.157664122215537	0.269078467736459	0.111414345520922	0	0	3	0.2	0.46901666028513	0.0653419730312463	0.350713465599663	0.598046143640464	0.247332678040801
734	0	0	0	0.1	0.235963746372481	0.0313041302455725	0.173876097399662	0.30032774187315	0.126451644473489	0	0	0	0.2	0.429978110261635	0.0563152834174295	0.320168319993185	0.545355740602941	0.225187420609756	0	0	1	0.1	0.198750052795945	0.0261846061634188	0.149287217006168	0.253461388735967	0.104174171729799	0	0	1	0.2	0.421059958478881	0.0550830025378191	0.317042564310772	0.53455442487565	0.217511860564878	0	0	2	0.1	0.203757358135199	0.0267374417160844	0.153489477522608	0.258248240424694	0.104758762902086	0	0	2	0.2	0.44496664134775	0.0582844483013456	0.337096169813522	0.565850093244956	0.228753923431434	0	0	3	0.1	0.214992145485488	0.0282640763326237	0.162316014780871	0.272424018091956	0.110108003311086	0	0	3	0.2	0.473921416464846	0.0621841285313315	0.358485548601199	0.601166510685012	0.242680962083813
703	0	0	0	0.1	0.230500818899114	0.027504681720684	0.177898500729875	0.284216599972679	0.106318099242804	0	0	0	0.2	0.420937011463329	0.0495540101788377	0.322318764513245	0.514321079459076	0.192002314945831	0	0	1	0.1	0.193947523628687	0.0230541894860977	0.147040504841126	0.239174801533894	0.0921342966927679	0	0	1	0.2	0.412709482628837	0.0486832999018219	0.313551749721209	0.507700343763769	0.19414859404256	0	0	2	0.1	0.200087462580361	0.0236988263054616	0.152279336947987	0.24581164188759	0.0935323049396036	0	0	2	0.2	0.438167595475174	0.0517549872005937	0.332853499605206	0.54003656416471	0.207183064559503	0	0	3	0.1	0.211906594761747	0.0250926214015859	0.16038005130889	0.260873868380396	0.100493817071506	0	0	3	0.2	0.468158626774349	0.0554210538869001	0.354699451014225	0.576928311195636	0.222228860181411
730	0	0	0	0.1	0.212535390356311	0.0283739738860525	0.15454474325836	0.268621026424492	0.114076283166131	0	0	0	0.2	0.389745382730472	0.0514534056526729	0.285053437378424	0.492438561116013	0.207385123737588	0	0	1	0.1	0.181590252536847	0.0242090085081853	0.133882373321596	0.231420599629401	0.0975382263078047	0	0	1	0.2	0.386875494495485	0.0512582423786213	0.286688057475435	0.492685374809729	0.205997317334294	0	0	2	0.1	0.188383550117228	0.0251006942368414	0.139611936150349	0.239091613879986	0.0994796777296376	0	0	2	0.2	0.412748442258562	0.054861626501775	0.308501086113267	0.523621853710433	0.215120767597166	0	0	3	0.1	0.200044867951802	0.0266543083218549	0.148245664924259	0.252567513741429	0.10432184881717	0	0	3	0.2	0.442073246928104	0.0588970769781112	0.328578058058163	0.557370128136089	0.228792070077926
713	0	0	0	0.1	0.232983437737102	0.0288544274774346	0.174383374542552	0.288171668496177	0.113788293953626	0	0	0	0.2	0.431815476883611	0.0528942451941668	0.323033904525364	0.531735316829027	0.208701412303663	0	0	1	0.1	0.206189060697303	0.0255056776816768	0.15399926966736	0.254421968738597	0.100422699071237	0	0	1	0.2	0.441745327770714	0.0543137568127352	0.330913266581699	0.54634656648082	0.215433299899122	0	0	2	0.1	0.217594150455379	0.0267873065174824	0.163454912872325	0.270378022869575	0.10692310999725	0	0	2	0.2	0.478324060652108	0.0588384079212071	0.358475067593825	0.594222685706834	0.235747618113008	0	0	3	0.1	0.233151412378134	0.0286864452867871	0.17550784647931	0.290435208797774	0.114927362318465	0	0	3	0.2	0.516514215956782	0.0636144072524445	0.385448150945241	0.63968425644281	0.25423610549757
722	0	0	0	0.1	0.22613195240157	0.028384714672025	0.168642974552233	0.280855524065983	0.112212549513751	0	0	0	0.2	0.416330265330194	0.0517304469518395	0.311153408254978	0.519754715911688	0.208601307656709	0	0	1	0.1	0.195026918353403	0.0244048355154719	0.146348220113844	0.243298832061277	0.0969506119474335	0	0	1	0.2	0.416602149498121	0.0518792733436037	0.313883645839267	0.518589765282324	0.204706119443057	0	0	2	0.1	0.203517159373761	0.0254016010617293	0.153467999513353	0.254011040360993	0.10054304084764	0	0	2	0.2	0.446620776513646	0.0555794294617334	0.338241846263888	0.557807752310028	0.21956590604614	0	0	3	0.1	0.216735854726475	0.0270484491523213	0.164329175375157	0.270819227040874	0.106490051665717	0	0	3	0.2	0.479763795544893	0.0598001210265245	0.363025609441965	0.601073566174754	0.23804795673279
720	0	0	0	0.1	0.17956421556768	0.0285392464018749	0.125928302153814	0.23669134028613	0.110763038132315	0	0	0	0.2	0.332324530130661	0.0525400960361216	0.232977011372906	0.439712787924913	0.206735776552007	0	0	1	0.1	0.159713851789408	0.0253120659997283	0.11138492807129	0.211028022098021	0.0996430940267308	0	0	1	0.2	0.341447517983066	0.0540630726104724	0.238058048483786	0.4511034946351	0.213045446151314	0	0	2	0.1	0.168631464393411	0.0267363863463148	0.117673985693602	0.222129758305132	0.10445577261153	0	0	2	0.2	0.370144737857274	0.0587834556878275	0.257358640478355	0.486006627261461	0.228647986783106	0	0	3	0.1	0.180675854720926	0.0287538569038596	0.125725284765481	0.238128769208975	0.112403484443494	0	0	3	0.2	0.39991713230627	0.0635992260849271	0.278694470731704	0.525153431720155	0.246458960988451
699	0	0	0	0.1	0.217556199027995	0.0284717568022956	0.162793832565693	0.277070094739904	0.114276262174211	0	0	0	0.2	0.399893465196863	0.0519870667061877	0.30008703661238	0.508673592490171	0.208586555877791	0	0	1	0.1	0.18765299000681	0.024765523780966	0.140934704415718	0.239762169755661	0.0988274653399433	0	0	1	0.2	0.400230275822272	0.0526910341403602	0.301152068726066	0.510272834299967	0.209120765573901	0	0	2	0.1	0.1954941129326	0.0259692882278787	0.145565225921373	0.249633996986761	0.104068771065388	0	0	2	0.2	0.428608630722737	0.0568902061444011	0.319132115828467	0.546624539133261	0.227492423304794	0	0	3	0.1	0.208072805757431	0.0277529004017014	0.155302420387588	0.266050979261568	0.11074855887398	0	0	3	0.2	0.460113141856291	0.06141169625687	0.34304810787187	0.586575757861625	0.243527649989754
708	0	0	0	0.1	0.184189500182735	0.0266422474808407	0.134443838392973	0.239462826288758	0.105018987895784	0	0	0	0.2	0.334058056790671	0.0479296638378099	0.244259639072271	0.43218892817213	0.187929289099859	0	0	1	0.1	0.153608482459445	0.0221200813301262	0.11150478144941	0.198395891146671	0.086891109697261	0	0	1	0.2	0.326022856809059	0.0467690091910606	0.237349119492577	0.421591290874461	0.184242171381884	0	0	2	0.1	0.158218916135188	0.0227486229202867	0.114414686732025	0.2042336213352	0.0898189346031755	0	0	2	0.2	0.345707477793797	0.0497034670997166	0.249572294457326	0.448029828775695	0.198457534318368	0	0	3	0.1	0.167531033194144	0.0241886861897902	0.121082287569159	0.216945094639505	0.0958628070703464	0	0	3	0.2	0.369188779278197	0.0532413099172973	0.265778474944971	0.476990692296545	0.211212217351574
751	0	0	0	0.1	0.213968632133522	0.0294073522150098	0.155874462144862	0.274444172571847	0.118569710426986	0	0	0	0.2	0.397724193345514	0.0542986035973926	0.2930910541114	0.508541023838513	0.215449969727113	0	0	1	0.1	0.189079583781303	0.0260357076288897	0.139069916834818	0.243137743266841	0.104067826432023	0	0	1	0.2	0.405145569547335	0.0556141513087579	0.295250152472752	0.522336836167308	0.227086683694556	0	0	2	0.1	0.198762952126315	0.0274163853191242	0.145275754643233	0.257156911014395	0.111881156371162	0	0	2	0.2	0.437240728182665	0.0602998842424673	0.318996141162229	0.564164858273642	0.245168717111413	0	0	3	0.1	0.212390623199316	0.0293625912923439	0.153421867464489	0.272165958548553	0.118744091084064	0	0	3	0.2	0.471090140383212	0.0652157744059115	0.341309861539113	0.606480806334735	0.265170944795621
700	0	0	0	0.1	0.201593094057692	0.0293100407714268	0.146646081483246	0.259675733236644	0.113029651753398	0	0	0	0.2	0.369292981216513	0.0534486840606247	0.269833927135314	0.476072079804065	0.206238152668751	0	0	1	0.1	0.170397409676423	0.024935907102208	0.123245032289409	0.220655313222497	0.0974102809330877	0	0	1	0.2	0.362803691859338	0.0530164717164043	0.262400857244486	0.470306929459201	0.207906072214715	0	0	2	0.1	0.175699338682155	0.0258469603005762	0.127425329496253	0.227454341863862	0.100029012367609	0	0	2	0.2	0.384961980869211	0.0566695234513905	0.280498172050031	0.499303779833364	0.218805607783333	0	0	3	0.1	0.185986391115244	0.0275018841808827	0.134816995666196	0.241204136468277	0.10638714080208	0	0	3	0.2	0.411100199806241	0.0609217305691378	0.297346036268069	0.534368101947707	0.237022065679638
717	0	0	0	0.1	0.189948864928263	0.0298751411788406	0.134127417720207	0.251497258744685	0.117369841024478	0	0	0	0.2	0.350281887364479	0.054828803498238	0.24743771327864	0.463167218677663	0.215729505399023	0	0	1	0.1	0.164030322973218	0.0259643874267036	0.11591766642468	0.216599914460419	0.100682248035738	0	0	1	0.2	0.350446923957077	0.0553615927608285	0.247613342697985	0.460080817119428	0.212467474421443	0	0	2	0.1	0.170963730667628	0.0271743851032967	0.120846353851357	0.226063829560273	0.105217475708916	0	0	2	0.2	0.375322551488967	0.0595359114299158	0.265395061275995	0.493593381336394	0.228198320060399	0	0	3	0.1	0.181919120093513	0.0289635077609741	0.128730803449496	0.23987610047056	0.111145297021064	0	0	3	0.2	0.402726268760852	0.0641908661364502	0.284928270209813	0.528773443773915	0.243845173564102
724	0	0	0	0.1	0.20400268320393	0.029677931207276	0.147848579600284	0.26090486295438	0.113056283354095	0	0	0	0.2	0.378016227558009	0.0543912514356786	0.273403193816274	0.480760514734003	0.207357320917729	0	0	1	0.1	0.180432479017844	0.0261411619744166	0.130856910174219	0.232260475641548	0.10140356546733	0	0	1	0.2	0.386045222691254	0.0556206071252579	0.280989510872641	0.496528340331649	0.215538829459008	0	0	2	0.1	0.189902051187516	0.0274322699725599	0.137861077078554	0.243436128743147	0.105575051664593	0	0	2	0.2	0.417293045080459	0.0600340724373705	0.303469659043655	0.535884761676572	0.232415102632917	0	0	3	0.1	0.203170709590171	0.0293241033027766	0.146404580410178	0.261145304122611	0.114740723712432	0	0	3	0.2	0.450118990659475	0.0648138515867033	0.324839755822218	0.577697652889067	0.252857897066849
733	0	0	0	0.1	0.244682523719282	0.0306751714656106	0.185164256162213	0.308250279115962	0.123086022953749	0	0	0	0.2	0.45007310103922	0.0557470353390307	0.341032532806355	0.563236841788003	0.222204308981649	0	0	1	0.1	0.214532595382978	0.0267827638394994	0.161766532014164	0.267802731857932	0.106036199843767	0	0	1	0.2	0.455622385822895	0.0564420752929991	0.344319213044104	0.567921463982362	0.223602250938257	0	0	2	0.1	0.223454089013513	0.0277849885858922	0.168899509491544	0.278780696939494	0.10988118744795	0	0	2	0.2	0.488605389221547	0.0606547932683589	0.370770392163912	0.610460181618004	0.239689789454091	0	0	3	0.1	0.237625346130521	0.0296331005490868	0.179080881491397	0.296303636009361	0.117222754517964	0	0	3	0.2	0.524584557226463	0.0652803886648746	0.396067552809311	0.650835815474509	0.254768262665197
709	0	0	0	0.1	0.219009785737553	0.0313816560829477	0.159263833737393	0.28237200847343	0.123108174736037	0	0	0	0.2	0.406275801974829	0.0576009206432884	0.295762851130909	0.524669431436027	0.228906580305119	0	0	1	0.1	0.18889958904556	0.0267821127766814	0.137021485109619	0.243522578407741	0.106501093298123	0	0	1	0.2	0.404625131486774	0.0570619351695812	0.294332590787812	0.521841953948117	0.227509363160306	0	0	2	0.1	0.196367626617512	0.0276997190547269	0.143580904153352	0.252663631158548	0.109082727005196	0	0	2	0.2	0.43206781738157	0.0608245753453964	0.316601845910119	0.556014929569684	0.239413083659565	0	0	3	0.1	0.208658669072697	0.0293947277212973	0.152296433975219	0.268187274681442	0.115890840706223	0	0	3	0.2	0.462801148493748	0.0651631075487124	0.338450678523275	0.595308874156366	0.25685819563309
721	0	0	0	0.1	0.232212552429741	0.0296427208937916	0.17359734373403	0.292826086800195	0.119228743066166	0	0	0	0.2	0.426900677462368	0.0540864029500085	0.319932942384899	0.535697230011496	0.215764287626597	0	0	1	0.1	0.200942463085722	0.0257643947759633	0.150625645425744	0.252024743010784	0.101399097585039	0	0	1	0.2	0.428076561614815	0.0546566535353868	0.321804739353679	0.53518530561956	0.213380566265881	0	0	2	0.1	0.209204732858311	0.0268572441487259	0.156256063614339	0.261597152855116	0.105341089240777	0	0	2	0.2	0.458395792193831	0.0588001464035416	0.343580193032991	0.574291165453144	0.230710972420153	0	0	3	0.1	0.222492750905378	0.0286662939389424	0.167184411885121	0.27869434139341	0.111509929508289	0	0	3	0.2	0.491903695619005	0.0634009965049731	0.367943837953275	0.616353942377789	0.248410104424514
761	0	0	0	0.1	0.205062163548223	0.028569113591985	0.152424917679069	0.266094744435376	0.113669826756307	0	0	0	0.2	0.380312341333207	0.0526954434881654	0.281060105626785	0.492263893643186	0.211203788016402	0	0	1	0.1	0.182312311023779	0.0253783466904864	0.136121486229311	0.237848529588116	0.101727043358805	0	0	1	0.2	0.38989507962013	0.0540401392101851	0.291510937064074	0.507350724668237	0.215839787604163	0	0	2	0.1	0.192041734465495	0.0266954839095418	0.143813957800838	0.250249276078157	0.106435318277319	0	0	2	0.2	0.421790941445437	0.058571614229774	0.314343412575573	0.550109758595453	0.23576634601988	0	0	3	0.1	0.205466637002694	0.028617318262573	0.152720779934921	0.268534179743974	0.115813399809053	0	0	3	0.2	0.455027884470413	0.06343250282692	0.338005986426936	0.59449928189002	0.256493295463084
738	0	0	0	0.1	0.169918118474854	0.0286653460956821	0.114039825649151	0.224709845831296	0.110670020182144	0	0	0	0.2	0.312563458630461	0.0524260774801346	0.209855529530249	0.413710574917766	0.203855045387517	0	0	1	0.1	0.14682071654627	0.0246773511018106	0.0997281234528502	0.195305961416501	0.0955778379636505	0	0	1	0.2	0.312970877300713	0.0524730793828038	0.213032755390008	0.415463604469288	0.202430849079281	0	0	2	0.1	0.152876127725136	0.0256702379709651	0.103714541046299	0.203392644808763	0.0996781037624642	0	0	2	0.2	0.335179087824166	0.0562312024215328	0.226548980926396	0.447904181283261	0.221355200356865	0	0	3	0.1	0.162717835078853	0.0273417725050227	0.110565034026992	0.216847460123011	0.106282426096019	0	0	3	0.2	0.359746998295136	0.0604611227982852	0.245133400272175	0.480218923877486	0.235085523605311
715	0	0	0	0.1	0.242060041064102	0.0311030222915997	0.1812281508594	0.302741238967654	0.121513088108255	0	0	0	0.2	0.441198072750431	0.0562109725441135	0.331001688955807	0.552927593487512	0.221925904531705	0	0	1	0.1	0.203936811380461	0.0262062664254483	0.152513569598753	0.256584804580493	0.10407123498174	0	0	1	0.2	0.432304514881303	0.0552763062601686	0.325443661673406	0.544892959385657	0.219449297712251	0	0	2	0.1	0.209242074791707	0.0268180353610163	0.158208766523118	0.262487319996571	0.104278553473452	0	0	2	0.2	0.457076891729919	0.0584375697995211	0.347996434390249	0.57301121199926	0.225014777609011	0	0	3	0.1	0.220793737426478	0.0282881214259701	0.16780742870399	0.27616861333711	0.10836118463312	0	0	3	0.2	0.487010670704268	0.0624590902643023	0.369518350453621	0.610982365233593	0.241464014779972
752	0	0	0	0.1	0.255557745782377	0.0304115916082611	0.193228705600969	0.318219039808973	0.124990334208004	0	0	0	0.2	0.469419186434262	0.0552029367113475	0.35931401411698	0.582615119020283	0.223301104903302	0	0	1	0.1	0.217776471854011	0.0257201290687743	0.167254729353393	0.269546129362784	0.102291400009391	0	0	1	0.2	0.464303963916878	0.0544796151583262	0.358206946901297	0.573868113436898	0.215661166535601	0	0	2	0.1	0.225355323787795	0.0264612785262097	0.17414235476476	0.277325376759827	0.103183021995067	0	0	2	0.2	0.494143537539747	0.057933709657419	0.382468795272893	0.608394712248813	0.22592591697592	0	0	3	0.1	0.238961800689219	0.0280579342218467	0.185039838518953	0.293289225698689	0.108249387179735	0	0	3	0.2	0.528535423658391	0.0620662090620857	0.408484191330093	0.652767810199634	0.244283618869542
731	0	0	0	0.1	0.202559381880152	0.0289459683843992	0.146365227760297	0.262310107270114	0.115944879509817	0	0	0	0.2	0.372010850147442	0.0525717130066839	0.270017601671439	0.480960823313145	0.210943221641707	0	0	1	0.1	0.172540961535218	0.0243408540954935	0.123902497969989	0.222938603552103	0.0990361055821139	0	0	1	0.2	0.368174764040297	0.0516283097684379	0.264886337315826	0.474935901762152	0.210049564446326	0	0	2	0.1	0.178977317502799	0.0250617610908518	0.128522338151164	0.230665664155565	0.102143326004401	0	0	2	0.2	0.392625527582349	0.0548932017818094	0.28342610334085	0.507767001773863	0.224340898433013	0	0	3	0.1	0.190132560367736	0.0265454924551373	0.137080119506707	0.244577360387517	0.10749724088081	0	0	3	0.2	0.420537556873968	0.0586884606368949	0.304412634626548	0.540421306514572	0.236008671888023
725	0	0	0	0.1	0.253070990189066	0.0297654514147688	0.195184158614395	0.310918366406734	0.115734207792339	0	0	0	0.2	0.462725582637155	0.0539092205705276	0.356796115692578	0.565091270273808	0.20829515458123	0	0	1	0.1	0.213359325822835	0.0249388239852047	0.164102760380791	0.260624649058517	0.0965218886777255	0	0	1	0.2	0.453761649864792	0.0528649824569179	0.347711384295621	0.553587576835041	0.20587619253942	0	0	2	0.1	0.219657973009922	0.0256191835552859	0.168910619618885	0.269362816182348	0.100452196563463	0	0	2	0.2	0.480975294219922	0.0562003391213892	0.369178824435511	0.589321122987961	0.22014229855245	0	0	3	0.1	0.23231622516896	0.0272198278570609	0.177924502289043	0.285493680380312	0.107569178091269	0	0	3	0.2	0.513111451155082	0.0601427848602658	0.394832722861277	0.632986073268908	0.238153350407631
701	0	0	0	0.1	0.200670510298856	0.0289489512005937	0.147253401072902	0.260336054424033	0.113082653351131	0	0	0	0.2	0.372767249865265	0.0530644236593638	0.277821018493105	0.481836006512418	0.204014988019312	0	0	1	0.1	0.175406454107335	0.0248495517090269	0.129488232493817	0.226416148773684	0.0969279162798667	0	0	1	0.2	0.376833362644443	0.0530102341551406	0.277928175563188	0.483261286944467	0.205333111381279	0	0	2	0.1	0.184493905742911	0.025962321684487	0.135400143207017	0.23624206857701	0.100841925369993	0	0	2	0.2	0.406450868674813	0.0570092281742025	0.300174674270315	0.519958246415425	0.21978357214511	0	0	3	0.1	0.197309949722097	0.0277223544572373	0.145213502326911	0.252919442404939	0.107705940078028	0	0	3	0.2	0.437975960243271	0.0614432830187929	0.321644141593578	0.561557210556774	0.239913068963195
732	0	0	0	0.1	0.208862651957849	0.0294796849718095	0.150318528366352	0.267452365780206	0.117133837413854	0	0	0	0.2	0.381833934559799	0.0536001387832137	0.277593632286002	0.491419173214313	0.213825540928311	0	0	1	0.1	0.177308968337889	0.0251244634200178	0.12879395745457	0.227388479210103	0.0985945217555324	0	0	1	0.2	0.376997554245727	0.0531802678530915	0.273816012346258	0.482368076768489	0.208552064422231	0	0	2	0.1	0.18323238150487	0.0259238848959383	0.133090401983322	0.234937858355383	0.101847456372061	0	0	2	0.2	0.401023934937337	0.0567759676814039	0.290391818331332	0.514360635313047	0.223968816981715	0	0	3	0.1	0.194209231556132	0.0275539441025285	0.140725986896613	0.249945739237773	0.109219752341161	0	0	3	0.2	0.42895441905229	0.060794992236438	0.309726311460449	0.550209269566114	0.240482958105665
748	0	0	0	0.1	0.216770676746381	0.0292340679036147	0.159201159488514	0.276473167863769	0.117272008375256	0	0	0	0.2	0.400441830228332	0.0535374627082808	0.293715878146272	0.506965892766154	0.213250014619882	0	0	1	0.1	0.190288669304889	0.0255148822709627	0.139365726868322	0.240264027760779	0.100898300892457	0	0	1	0.2	0.406239120289895	0.0541664340690002	0.298408158500711	0.513280263545475	0.214872105044764	0	0	2	0.1	0.199370340232899	0.0265864946540048	0.145906553516066	0.253060088165969	0.107153534649903	0	0	2	0.2	0.437300187264569	0.0582148996569774	0.322244855431979	0.556341139827436	0.234096284395458	0	0	3	0.1	0.212657817889726	0.028326784152314	0.156765766950644	0.269261570991531	0.112495804040887	0	0	3	0.2	0.470573306619978	0.0626604222016227	0.346912507764532	0.59826265708786	0.251350149323328
786	0	0	0	0.1	0.183363329862021	0.0285162179097386	0.127919776380593	0.239727948162959	0.111808171782366	0	0	0	0.2	0.341831422467104	0.0526876068019839	0.23910105359737	0.447306242878363	0.208205189280992	0	0	1	0.1	0.166524204442549	0.0255290166360124	0.117679303870351	0.21578896629339	0.0981096624230387	0	0	1	0.2	0.35703658507886	0.0545332958558136	0.25192493631598	0.463499685894608	0.211574749578628	0	0	2	0.1	0.177148895549719	0.027045428601259	0.124746803933605	0.230126990041007	0.105380186107403	0	0	2	0.2	0.389511843990638	0.0594895426216482	0.275161017125998	0.506856373666399	0.231695356540402	0	0	3	0.1	0.190520281381677	0.0290450659984975	0.134341034414728	0.247723329301015	0.113382294886286	0	0	3	0.2	0.422312568386038	0.0644182752485894	0.300227007406096	0.549941610406781	0.249714603000685
727	0	0	0	0.1	0.186060876948605	0.0297795410345486	0.12993774953138	0.24281497767999	0.11287722814861	0	0	0	0.2	0.342173236350221	0.0542945915098672	0.238512294337402	0.444953617413343	0.206441323075941	0	0	1	0.1	0.15949676614575	0.0253729224014887	0.110285360457771	0.208303619868043	0.0980182594102713	0	0	1	0.2	0.340048921068312	0.0537540752148374	0.235116317056727	0.444022886463289	0.208906569406561	0	0	2	0.1	0.165469953355656	0.0261407328842111	0.114736520621539	0.215766958817615	0.101030438196077	0	0	2	0.2	0.362839263664413	0.0571594935100111	0.250961283391202	0.471625491103986	0.220664207712784	0	0	3	0.1	0.175689590416615	0.0277180990632913	0.122635276786026	0.229742373851881	0.107107097065855	0	0	3	0.2	0.388554381889261	0.0612182841757835	0.270169921590944	0.506628204037905	0.23645828244696
719	0	0	0	0.1	0.239332130004214	0.0289676325378184	0.183818207130608	0.296076264828828	0.11225805769822	0	0	0	0.2	0.440752993789503	0.0527619603386204	0.340275115863393	0.543531113060469	0.203255997197077	0	0	1	0.1	0.207818583273135	0.0249411847419587	0.160722411938131	0.255383544832208	0.0946611328940778	0	0	1	0.2	0.443912214429712	0.0530491367024085	0.344866448021502	0.544689669858254	0.199823221836752	0	0	2	0.1	0.217482890832937	0.0261108244348286	0.168195412710726	0.267493349201856	0.0992979364911301	0	0	2	0.2	0.477247261033222	0.0571721697283607	0.371057960841056	0.587120492439646	0.21606253159859	0	0	3	0.1	0.232013672331236	0.027894180462652	0.179882957217938	0.28601564688363	0.106132689665692	0	0	3	0.2	0.513342624781775	0.061715827338022	0.398875033528481	0.632221450294097	0.233346416765617
728	0	0	0	0.1	0.213468610473064	0.0297837872135694	0.15653263120794	0.274944547305706	0.118411916097767	0	0	0	0.2	0.393424917347001	0.0542393910176203	0.288727217585554	0.500915826268028	0.212188608682474	0	0	1	0.1	0.186542180175563	0.0257052222687302	0.135795405482166	0.236680899626709	0.100885494144543	0	0	1	0.2	0.397638166138358	0.0545339256386943	0.292041159904355	0.501325832987391	0.209284673083036	0	0	2	0.1	0.194872252342587	0.0268013986955914	0.14266042713876	0.246099626693648	0.103439199554888	0	0	2	0.2	0.427162794619847	0.0586359414286322	0.312099279499428	0.538553455213504	0.226454175714077	0	0	3	0.1	0.20766520989466	0.0286018215876697	0.151804054822245	0.261474879123371	0.109670824301126	0	0	3	0.2	0.459144937916078	0.0632875478285218	0.334752736600444	0.579882620339645	0.245129883739201
767	0	0	0	0.1	0.241481515187511	0.0282035108434139	0.187210870322738	0.295917600184695	0.108706729861957	0	0	0	0.2	0.443736784613987	0.0513199788821441	0.345232924952495	0.54235938197859	0.197126457026096	0	0	1	0.1	0.209010138101549	0.0242979411780514	0.162082211156819	0.255291979083004	0.0932097679261846	0	0	1	0.2	0.44592965552763	0.051534969664387	0.345116725678327	0.542636511552868	0.19751978587454	0	0	2	0.1	0.21837421374022	0.0253278171537423	0.17000367586523	0.266856206322594	0.0968525304573639	0	0	2	0.2	0.478869487039033	0.0554759338318801	0.370362687665392	0.584466512472972	0.21410382480758	0	0	3	0.1	0.232811206541426	0.026998780135773	0.180371529411628	0.285141721809606	0.104770192397979	0	0	3	0.2	0.514689443419138	0.0598168072549354	0.398679802899612	0.628601408629732	0.22992160573012
714	0	0	0	0.1	0.212456884404407	0.0294964509732969	0.155919401203279	0.268408430106535	0.112489028903255	0	0	0	0.2	0.390798124143702	0.0536960127193862	0.286980841200263	0.494020700245491	0.207039859045228	0	0	1	0.1	0.182377484724759	0.0250002506577256	0.134044747216742	0.232125621569365	0.0980808743526231	0	0	1	0.2	0.388790877167607	0.0529793065879996	0.286399723288124	0.49418873916531	0.207789015877186	0	0	2	0.1	0.189260929233113	0.0257420078188747	0.139157843772315	0.241225321616482	0.102067477844167	0	0	2	0.2	0.41496525483468	0.0562701174257614	0.305195704518344	0.529567212541698	0.224371508023354	0	0	3	0.1	0.200913451117705	0.0272847979038485	0.14750079293697	0.256852773669221	0.109351980732251	0	0	3	0.2	0.444450352900807	0.0602654777895932	0.32818050628632	0.566726750713559	0.238546244427239
766	0	0	0	0.1	0.186115843823043	0.0288666564714108	0.131393807859274	0.24454343403619	0.113149626176916	0	0	0	0.2	0.343670424912222	0.0527409582947879	0.241405591239584	0.453496366584939	0.212090775345355	0	0	1	0.1	0.161257474795991	0.0247282921781697	0.113303706746205	0.211195740998148	0.0978920342519426	0	0	1	0.2	0.34516056649294	0.0527004455764044	0.242606389421571	0.452782085494518	0.210175696072946	0	0	2	0.1	0.168843204556871	0.0257933753388574	0.118358229400519	0.221115676726532	0.102757447326013	0	0	2	0.2	0.371022595555203	0.0565858233165613	0.261544235297897	0.487361328945334	0.225817093647437	0	0	3	0.1	0.180192617537934	0.0274860050311142	0.127082332843443	0.236389380347776	0.109307047504333	0	0	3	0.2	0.399177438046363	0.0608839550259172	0.281425022677669	0.522338221272996	0.240913198595327
746	0	0	0	0.1	0.226007047359909	0.0288322487804607	0.171143428008777	0.279378058962662	0.108234630953885	0	0	0	0.2	0.415054788491412	0.0523511951050205	0.314866697167901	0.513745836367486	0.198879139199584	0	0	1	0.1	0.194452605198938	0.0247416011674034	0.147422706445473	0.243012218778326	0.0955895123328523	0	0	1	0.2	0.414427484538497	0.0523543006223536	0.316987742958078	0.517460359974997	0.200472617016919	0	0	2	0.1	0.202233608128352	0.0256555687382669	0.154506276751268	0.253735541996775	0.0992292652455065	0	0	2	0.2	0.443233668418192	0.0561465771771741	0.337628478774086	0.557240488116115	0.219612009342029	0	0	3	0.1	0.214952855655884	0.0273797932875052	0.163248024301489	0.271497936070802	0.108249911769313	0	0	3	0.2	0.475470195829164	0.0604755109280314	0.361620626691091	0.601286787299115	0.239666160608024
743	0	0	0	0.1	0.206608820616923	0.0278294800823587	0.149421162329609	0.259684256620862	0.110263094291252	0	0	0	0.2	0.384276817070824	0.0512504441093166	0.280130471559958	0.481703780447453	0.201573308887495	0	0	1	0.1	0.180565002023805	0.0239727364980429	0.130843732287236	0.226177423247098	0.0953336909598622	0	0	1	0.2	0.388511895731014	0.0514025190300391	0.282244460303605	0.485104117604239	0.202859657300634	0	0	2	0.1	0.190204417159811	0.0251337216933751	0.139055396082597	0.237980106550241	0.0989247104676443	0	0	2	0.2	0.41954217728921	0.0553945408677635	0.307127436848265	0.524203551717863	0.217076114869598	0	0	3	0.1	0.203599068249363	0.0269107510487228	0.149329916782215	0.254730234757285	0.105400317975071	0	0	3	0.2	0.45241522572217	0.0598479912296787	0.331631188065134	0.566865019284087	0.235233831218953
747	0	0	0	0.1	0.218697869979969	0.0280497459459588	0.164282545433182	0.274241478537488	0.109958933104307	0	0	0	0.2	0.398444570245648	0.0502820576388143	0.301664782492316	0.497588578030696	0.19592379553838	0	0	1	0.1	0.186471006720083	0.0234480615685651	0.140567568892062	0.232384787093168	0.0918172182011062	0	0	1	0.2	0.39619656655711	0.0493738994079755	0.299958299838436	0.493882269637343	0.193923969798908	0	0	2	0.1	0.193653417642298	0.0240924017027739	0.147009470643795	0.240512500983709	0.0935030303399143	0	0	2	0.2	0.423306497839845	0.0524943751647487	0.321309142330739	0.526187007625226	0.204877865294487	0	0	3	0.1	0.20579351135969	0.0255040724750271	0.156420775072706	0.255309135997946	0.09888836092524	0	0	3	0.2	0.453947878199426	0.056228304815722	0.346018519127227	0.562721970273275	0.216703451146048
762	0	0	0	0.1	0.196911402836249	0.0273028998785753	0.14486487501516	0.251518435272287	0.106653560257127	0	0	0	0.2	0.367498648999151	0.0504561579445827	0.267470959275166	0.46683219777857	0.199361238503404	0	0	1	0.1	0.178231220922761	0.0246189723775003	0.129285255751888	0.227733529688835	0.0984482739369466	0	0	1	0.2	0.382614734710717	0.0525784882870853	0.277742488811148	0.489375184843504	0.211632696032356	0	0	2	0.1	0.189453838775529	0.0260825478323035	0.139207170169862	0.24329419918567	0.104087029015808	0	0	2	0.2	0.417160542715752	0.0573090148086897	0.303950339813291	0.536776657874075	0.232826318060783	0	0	3	0.1	0.203728920225288	0.0279721918081799	0.147976904048379	0.261032452520131	0.113055548471752	0	0	3	0.2	0.45198091927856	0.0621592899005524	0.327197097801021	0.58046576474414	0.253268666943119
716	0	0	0	0.1	0.164517360983782	0.0278293276098432	0.113187507868965	0.218061451882976	0.104873944014011	0	0	0	0.2	0.304111605641236	0.0510374384706794	0.208980852686092	0.402893611889494	0.193912759203402	0	0	1	0.1	0.143088627331057	0.0239218773716433	0.0983725280862401	0.187999485466863	0.0896269573806232	0	0	1	0.2	0.306120022227965	0.0510721199754741	0.211248549351912	0.401443273389337	0.190194724037425	0	0	2	0.1	0.149671128772736	0.0249954779504197	0.103750548194761	0.196374213701274	0.0926236655065125	0	0	2	0.2	0.328967006096404	0.0548549516210589	0.227858544439744	0.431422832562103	0.20356428812236	0	0	3	0.1	0.159673600348913	0.0267007470154092	0.109757153237908	0.211259500957498	0.10150234771959	0	0	3	0.2	0.353726452837566	0.0591791056778538	0.242880697679509	0.467141467513986	0.224260769834477
782	0	0	0	0.1	0.202940524016354	0.0272176547312639	0.150722893277648	0.254008965824866	0.103286072547218	0	0	0	0.2	0.374817433321052	0.0498286811536995	0.279954001042774	0.469249896616938	0.189295895574164	0	0	1	0.1	0.175927574593701	0.023505545159257	0.13096671547054	0.220696479424676	0.089729763954136	0	0	1	0.2	0.376984976465967	0.0502072664584965	0.281219337390455	0.471910056696658	0.190690719306203	0	0	2	0.1	0.184503605370825	0.0246344720451347	0.137444083742219	0.231999143468997	0.094555059726778	0	0	2	0.2	0.405733965299227	0.0542078835453798	0.303947955313116	0.509472893987703	0.205524938674587	0	0	3	0.1	0.197043253200205	0.0264083542166906	0.146569791175334	0.247186721985944	0.10061693081061	0	0	3	0.2	0.436691216641064	0.0585998226101134	0.326720292094701	0.548633526389229	0.221913234294528
795	0	0	0	0.1	0.197789682880995	0.0277874242725738	0.141763952397819	0.253033488522303	0.111269536124484	0	0	0	0.2	0.361601220354474	0.0502801742312232	0.259960864172289	0.460182024856346	0.200221160684057	0	0	1	0.1	0.171510679201122	0.0238255395550835	0.125385593683734	0.219267490780035	0.0938818970963011	0	0	1	0.2	0.364990141808951	0.0504859237707948	0.266156183745198	0.465644739830113	0.199488556084915	0	0	2	0.1	0.179684507684137	0.0249185876449824	0.131183152619257	0.229564046362479	0.0983808937432224	0	0	2	0.2	0.39300385918474	0.0544837398933931	0.285300756582456	0.502921947050972	0.217621190468516	0	0	3	0.1	0.191846442661095	0.0266710477874827	0.139303726880271	0.246254398501087	0.106950671620816	0	0	3	0.2	0.423354886291937	0.0588621051307908	0.306724838703039	0.545055328644618	0.238330489941579
784	0	0	0	0.1	0.254881479381145	0.0296992934983733	0.201883152445355	0.315931263538436	0.11404811109308	0	0	0	0.2	0.475197137742218	0.0546027542133259	0.376622727862712	0.589328313463962	0.212705585601251	0	0	1	0.1	0.229944407523913	0.0265597473930105	0.18100763937594	0.284205777631609	0.10319813825567	0	0	1	0.2	0.493555746709674	0.0567266570918123	0.389300212107941	0.609233765348326	0.219933553240384	0	0	2	0.1	0.244142644232585	0.0281682698489057	0.193241274998015	0.299890696940621	0.106649421942606	0	0	2	0.2	0.537437046245655	0.0618206003587401	0.423828473599071	0.658447655004032	0.234619181404961	0	0	3	0.1	0.262322627204572	0.0302499352955162	0.206593176503854	0.320969722229688	0.114376545725835	0	0	3	0.2	0.58194004320154	0.0671012831848855	0.4583013488721	0.712224869400449	0.253923520528349
745	0	0	0	0.1	0.195134910773063	0.0268840970847811	0.142597208924084	0.247459477032581	0.104862268108497	0	0	0	0.2	0.359496160711999	0.0494134053206584	0.262371694124995	0.456501584219367	0.194129890094372	0	0	1	0.1	0.170202451214292	0.0235802397773067	0.12344045048999	0.217198649020729	0.0937581985307381	0	0	1	0.2	0.363924385394971	0.0503583462815192	0.263825871934187	0.463761701788997	0.199935829854809	0	0	2	0.1	0.178849417913121	0.0249068390255853	0.128829698024796	0.226844309459794	0.0980146114349986	0	0	2	0.2	0.392747379355938	0.0547611107983833	0.283137905405845	0.498874415630238	0.215736510224393	0	0	3	0.1	0.191317247834657	0.0267683799985921	0.13800169451891	0.243258384442459	0.105256689923549	0	0	3	0.2	0.423528537142833	0.0593857696268331	0.304712160574647	0.537849317373724	0.233137156799076
750	0	0	0	0.1	0.277083635683578	0.0298082096104622	0.218591004259409	0.333025052648077	0.114434048388667	0	0	0	0.2	0.509926299284967	0.0542711199775769	0.405672668398716	0.611661619516009	0.205988951117294	0	0	1	0.1	0.23867691545324	0.0257369175726061	0.189854624200357	0.288693554772275	0.0988389305719183	0	0	1	0.2	0.508537589091364	0.0545354215775637	0.404146706662002	0.614357316264229	0.210210609602227	0	0	2	0.1	0.247455931614842	0.0267529736193688	0.195506975030039	0.298491856814812	0.102984881784773	0	0	2	0.2	0.542413247747907	0.0586622862732486	0.427707858837751	0.653789326287866	0.226081467450115	0	0	3	0.1	0.262553084891248	0.0285030294967365	0.206375989450892	0.318263056398435	0.111887066947544	0	0	3	0.2	0.580598308933218	0.0631748632135412	0.455562774398226	0.702044884487886	0.246482110089659
783	0	0	0	0.1	0.244093654566884	0.0288554599005623	0.190361427456271	0.298930166714431	0.10856873925816	0	0	0	0.2	0.459236677784356	0.0532788400851669	0.35814483340473	0.559209992635669	0.201065159230939	0	0	1	0.1	0.227306140387566	0.0263459831551219	0.176953610999055	0.275771382232479	0.0988177712334239	0	0	1	0.2	0.49013216861448	0.0563577619070062	0.381951570520977	0.595202242491075	0.213250671970098	0	0	2	0.1	0.244772575514392	0.0282506533842752	0.190570151007732	0.298584858291014	0.108014707283282	0	0	2	0.2	0.540303367438944	0.0621200509688457	0.420321826632201	0.662380944059688	0.242059117427487	0	0	3	0.1	0.264925517365606	0.0305524054334937	0.20554315369823	0.325740813747791	0.120197660049561	0	0	3	0.2	0.589017650879867	0.0678984053461299	0.45976274822762	0.725044550912289	0.265281802684669
737	0	0	0	0.1	0.193173935905166	0.0316827480009278	0.131166990880602	0.254807449493647	0.123640458613045	0	0	0	0.2	0.35321078572204	0.057533255203424	0.241137557207341	0.464440339644441	0.2233027824371	0	0	1	0.1	0.163225678672953	0.0265748399309871	0.11182162248889	0.214598174370645	0.102776551881755	0	0	1	0.2	0.346137752953525	0.0561411884857734	0.23828605133147	0.454673305385949	0.216387254054479	0	0	2	0.1	0.167278821091216	0.0271392155510744	0.114885204169921	0.219989645935952	0.105104441766032	0	0	2	0.2	0.365691953808802	0.0592756099782644	0.250983258492685	0.480195007817297	0.229211749324611	0	0	3	0.1	0.176453396044341	0.0286675256391093	0.121401171822506	0.232703195919673	0.111302024097167	0	0	3	0.2	0.38938536019479	0.0631635494910796	0.269184444265066	0.514181313583607	0.244996869318541
769	0	0	0	0.1	0.203636551119565	0.0276619920822643	0.150306360306531	0.259538235966726	0.109231875660194	0	0	0	0.2	0.375410672908989	0.0505787898795559	0.278474800302551	0.475686927281322	0.197212126978771	0	0	1	0.1	0.175694849248143	0.0237550354565862	0.130408418716349	0.221557895534368	0.0911494768180195	0	0	1	0.2	0.37622441260623	0.0506953979716859	0.27844846925647	0.474676603896925	0.196228134640455	0	0	2	0.1	0.183947836378967	0.0248639938474901	0.136643587295424	0.232523989833998	0.0958804025385734	0	0	2	0.2	0.40425386673458	0.0547124268899198	0.299615582643254	0.511510238052147	0.211894655408893	0	0	3	0.1	0.196314239977044	0.0266293149828577	0.14609820740607	0.248411573725778	0.102313366319708	0	0	3	0.2	0.434836806724259	0.0591499010750527	0.3230001693709	0.552098729919393	0.229098560548494
781	0	0	0	0.1	0.238423415641717	0.0297282364511146	0.185040099613355	0.297897613925666	0.11285751431231	0	0	0	0.2	0.434577679344355	0.0535685209372369	0.338554239431363	0.540632904365818	0.202078664934455	0	0	1	0.1	0.201646572299046	0.0251559347305431	0.155943682274453	0.250378998350114	0.0944353160756614	0	0	1	0.2	0.427959735564476	0.0529540280461413	0.331726620745108	0.531353223487416	0.199626602742309	0	0	2	0.1	0.207877289053614	0.0258086497263757	0.160123883254233	0.25815816379797	0.0980342805437374	0	0	2	0.2	0.454311885892305	0.0562178036473379	0.349742672264414	0.566517467847622	0.216774795583207	0	0	3	0.1	0.220028890028177	0.0273041587665436	0.169758605943878	0.273072356234172	0.103313750290294	0	0	3	0.2	0.485242822147228	0.0601702128810891	0.374918920026408	0.605979405790182	0.231060485763774
755	0	0	0	0.1	0.241053612846222	0.0307382572710468	0.181334964747583	0.301208831182556	0.119873866434972	0	0	0	0.2	0.439464179828356	0.0554429626507023	0.332042795420243	0.548874589107255	0.216831793687011	0	0	1	0.1	0.202084606889406	0.0256698243041492	0.151292282205715	0.254193921642475	0.10290163943676	0	0	1	0.2	0.429055562860299	0.0541773361235488	0.321949685174674	0.538468277727148	0.216518592552473	0	0	2	0.1	0.207410182564056	0.0262335371123642	0.155404191324699	0.259860971520084	0.104456780195385	0	0	2	0.2	0.453558239705196	0.0573453367537545	0.340168980238231	0.569235743209826	0.229066762971595	0	0	3	0.1	0.219009305222612	0.027775936209702	0.163801881917179	0.274369174674103	0.110567292756924	0	0	3	0.2	0.48334789949515	0.0612370044105318	0.362454893904192	0.606924808447759	0.244469914543567
742	0	0	0	0.1	0.19298838168639	0.0291723290150924	0.13447733241564	0.247630006972139	0.113152674556499	0	0	0	0.2	0.358534501216725	0.0537514037383785	0.25178209948999	0.46360301881097	0.21182091932098	0	0	1	0.1	0.168683789313448	0.0253137775322105	0.11896287332633	0.217771266857695	0.0988083935313655	0	0	1	0.2	0.361811028137117	0.0541059404057675	0.255780914847215	0.465763947019938	0.209983032172722	0	0	2	0.1	0.176809070484728	0.0264593703929297	0.125257928747967	0.228794669591955	0.103536740843988	0	0	2	0.2	0.389263091221077	0.0581704543368579	0.274899853077961	0.504718791302622	0.229818938224661	0	0	3	0.1	0.188750224258327	0.0282123397554366	0.134543268066602	0.243797576207133	0.109254308140531	0	0	3	0.2	0.418779411512753	0.0627449206086879	0.297481294022362	0.54295184898508	0.245470554962719
768	0	0	0	0.1	0.187965296396941	0.0283033037869156	0.135253432306648	0.242070314775734	0.106816882469086	0	0	0	0.2	0.346495994537724	0.0518031759873045	0.2497608894014	0.448797353642922	0.199036464241523	0	0	1	0.1	0.164225208619087	0.024723701613884	0.118250810662883	0.213025312854625	0.0947745021917413	0	0	1	0.2	0.350767270057068	0.0526181453008429	0.255124221158906	0.454313073275367	0.199188852116461	0	0	2	0.1	0.172204027947922	0.0259070488276027	0.124897029657772	0.223448690509952	0.0985516608521799	0	0	2	0.2	0.377829756756236	0.0567794396882294	0.273786550433162	0.491322285049441	0.217535734616279	0	0	3	0.1	0.1839109344315	0.0276823478201637	0.132535002515972	0.239614273089348	0.107079270573377	0	0	3	0.2	0.406923096852718	0.061211416619877	0.293650998772622	0.530401810326473	0.236750811553851
726	0	0	0	0.1	0.223640841424108	0.0281310844735798	0.170174647078864	0.277857629936176	0.107682982857311	0	0	0	0.2	0.418004299564027	0.0520409842243024	0.31925245677152	0.517251138174699	0.197998681403179	0	0	1	0.1	0.200641286653562	0.0249997495031366	0.152230088465624	0.250107478094854	0.0978773896292299	0	0	1	0.2	0.4316165151015	0.053565665130156	0.328304587016527	0.537446284158905	0.209141697142378	0	0	2	0.1	0.212781299043168	0.0264550637651363	0.162115926411531	0.265273676239364	0.103157749827833	0	0	2	0.2	0.46916674703604	0.0583442701947866	0.356698829982393	0.583943985872567	0.227245155890174	0	0	3	0.1	0.228457845734426	0.0285082187110171	0.173531135966729	0.284287589917169	0.11075645395044	0	0	3	0.2	0.507614790372156	0.0633207908712844	0.38430168571215	0.632957175324887	0.248655489612737
778	0	0	0	0.1	0.181135102422124	0.0285402662661562	0.125996313944933	0.238703351394757	0.112707037449824	0	0	0	0.2	0.335771622295943	0.0526158561439614	0.234702075334922	0.440282288658568	0.205580213323646	0	0	1	0.1	0.158343969877099	0.0250650077350701	0.109854144038017	0.20838565507511	0.0985315110370932	0	0	1	0.2	0.339705413040109	0.0535789593783479	0.236430100456564	0.447782561042389	0.211352460585824	0	0	2	0.1	0.166515483618371	0.0263404512263881	0.116092636022631	0.219503716713901	0.10341108069127	0	0	2	0.2	0.366436653531186	0.0579223108295222	0.255230747480729	0.483955302490008	0.228724555009279	0	0	3	0.1	0.178075223610905	0.028174710688485	0.123576106231892	0.234640561393519	0.111064455161627	0	0	3	0.2	0.39498963252077	0.0625835412063187	0.274543316450625	0.5217369512524	0.247193634801774
707	0	0	0	0.1	0.201774941983303	0.0299913984652126	0.144619631304446	0.26079039837489	0.116170767070444	0	0	0	0.2	0.368658662483882	0.0542961106913922	0.263450857824747	0.476915877923099	0.213465020098352	0	0	1	0.1	0.170441627488396	0.0251217562603017	0.122386367740887	0.221767719940464	0.0993813521995762	0	0	1	0.2	0.362103414682732	0.0530633490391113	0.258592245821751	0.470948968921574	0.212356723099823	0	0	2	0.1	0.17546885698826	0.0257173141275444	0.124896262532722	0.228213963571717	0.103317701038995	0	0	2	0.2	0.383962342367364	0.0561371534023562	0.273547338645814	0.499411733708659	0.225864395062846	0	0	3	0.1	0.185616825025957	0.0271432796444924	0.131273889042202	0.241037341380278	0.109763452338076	0	0	3	0.2	0.409753042701947	0.0598848147303958	0.291831063494239	0.530095587060794	0.238264523566554
712	0	0	0	0.1	0.226821397815352	0.0288730230099751	0.1750662435329	0.286687256988178	0.111621013455278	0	0	0	0.2	0.421321037500281	0.0530235710395966	0.323827210239188	0.530447475645798	0.20662026540661	0	0	1	0.1	0.203272298635884	0.0257113453790478	0.155728134446579	0.257454918323483	0.101726783876904	0	0	1	0.2	0.434591216459812	0.0547305580686952	0.333202529826448	0.552941757286824	0.219739227460376	0	0	2	0.1	0.214398078868519	0.0271200389924269	0.164107254980208	0.271417866089454	0.107310611109246	0	0	2	0.2	0.470850409041153	0.0595346197008785	0.359045024238311	0.596446214269661	0.23740119003135	0	0	3	0.1	0.229554159226304	0.0292063938100601	0.176096818340878	0.292454761896043	0.116357943555165	0	0	3	0.2	0.508405071711341	0.0646507267991566	0.388878207354132	0.64604218174542	0.257163974391288
794	0	0	0	0.1	0.206736126957566	0.0306355784325908	0.149691159997455	0.267371862271987	0.117680702274533	0	0	0	0.2	0.381563481873519	0.0560159610464051	0.276220655660473	0.493264068012932	0.21704341235246	0	0	1	0.1	0.178583587500159	0.0262776921067109	0.128337131428306	0.231326137535818	0.102989006107512	0	0	1	0.2	0.381946756979286	0.055901110746557	0.274246185833209	0.493664828248684	0.219418642415475	0	0	2	0.1	0.186332701565007	0.027286785694521	0.133303152998367	0.240661160813574	0.107358007815207	0	0	2	0.2	0.409382503071983	0.0598460540306985	0.291677428746398	0.527551642255775	0.235874213509378	0	0	3	0.1	0.198504394002103	0.0289946183138209	0.141248678162698	0.254787509819033	0.113538831656335	0	0	3	0.2	0.439633369417923	0.0642825943699793	0.311821757337627	0.561373307499298	0.249551550161671
749	0	0	0	0.1	0.228265924540293	0.0293597727124452	0.170111514179672	0.286973685882295	0.116862171702623	0	0	0	0.2	0.417645684820882	0.053228926916768	0.315649751565169	0.523517664262218	0.207867912697049	0	0	1	0.1	0.192614268128563	0.0245633901175156	0.145796164128694	0.241645276272074	0.0958491121433792	0	0	1	0.2	0.409955401776475	0.0520248497875327	0.310012626518382	0.515598952678616	0.205586326160233	0	0	2	0.1	0.198618123175612	0.0252271159788098	0.149915800149415	0.248869096400761	0.0989532962513464	0	0	2	0.2	0.434904820895661	0.0552000891645044	0.328411378955517	0.544777910710315	0.216366531754798	0	0	3	0.1	0.210210309177972	0.0267283093840806	0.158686423271979	0.262364964646834	0.103678541374855	0	0	3	0.2	0.464441787315084	0.0591529062647982	0.350948821437076	0.578742308449049	0.227793487011973
787	0	0	0	0.1	0.17248663752115	0.0264377133761931	0.122444246850146	0.22618810090306	0.103743854052914	0	0	0	0.2	0.318289153081889	0.0485718351454381	0.226926865731636	0.417914379571691	0.190987513840054	0	0	1	0.1	0.152612170034836	0.0234821320296473	0.10856515715704	0.200610553509513	0.0920453963524722	0	0	1	0.2	0.326691072557236	0.0501468962602391	0.233609685715839	0.430016282495635	0.196406596779795	0	0	2	0.1	0.161673576306375	0.0249254348143673	0.115699441802446	0.213216943086714	0.0975175012842683	0	0	2	0.2	0.355157417103395	0.0547724881880141	0.254324976580824	0.468580412173071	0.214255435592247	0	0	3	0.1	0.173687395959294	0.02684611178215	0.124182868411127	0.229225842089634	0.105042973678508	0	0	3	0.2	0.384421879886266	0.0594896157633823	0.274960118580796	0.505347799929304	0.230387681348508
800	0	0	0	0.1	0.199562788309364	0.0279359210379811	0.149443595430053	0.256462404407156	0.107018808977103	0	0	0	0.2	0.373429574672189	0.0516113603224717	0.280079100431208	0.481274509651446	0.201195409220237	0	0	1	0.1	0.18171650969996	0.0250841236611141	0.138001367748535	0.230835088595874	0.0928337208473387	0	0	1	0.2	0.391389308274908	0.0537036461297575	0.297179652881694	0.499843487112382	0.202663834230688	0	0	2	0.1	0.194428984280922	0.0267232014902669	0.14670479781356	0.249196994768081	0.102492196954521	0	0	2	0.2	0.428964333214902	0.0587897770551465	0.32358761206049	0.549825996301813	0.226238384241323	0	0	3	0.1	0.209823371311091	0.028789370653477	0.157075673280649	0.268886704670897	0.111811031390248	0	0	3	0.2	0.466293416569866	0.0639116562983963	0.349937696791861	0.596450320062546	0.246512623270684
774	0	0	0	0.1	0.225423604770234	0.0301367957614035	0.165611862693819	0.285682752320404	0.120070889626584	0	0	0	0.2	0.408987932629905	0.0540911493236758	0.302743499969063	0.518145740964942	0.215402240995879	0	0	1	0.1	0.186810038907024	0.0248304496100987	0.138513766504131	0.236676479253254	0.0981627127491227	0	0	1	0.2	0.395478459248067	0.0522387102599362	0.294107429188089	0.498831073589374	0.204723644401285	0	0	2	0.1	0.190520598027844	0.0252125068318741	0.141043370465845	0.241023304813194	0.0999799343473496	0	0	2	0.2	0.415905633885346	0.0549364727003687	0.308163764901314	0.524052597718811	0.215888832817497	0	0	3	0.1	0.200559992019727	0.0265168970439486	0.146862460477927	0.253229673962236	0.106367213484309	0	0	3	0.2	0.441874133696335	0.0583901464251299	0.32614668521348	0.557197527730582	0.231050842517102
772	0	0	0	0.1	0.207889105365767	0.028201229906631	0.152647028151198	0.263360091247723	0.110713063096524	0	0	0	0.2	0.380984045370433	0.0512374069152711	0.279477022142059	0.480998605125915	0.201521582983856	0	0	1	0.1	0.176658125729459	0.0239244049541096	0.129950331932118	0.22185411978263	0.0919037878505126	0	0	1	0.2	0.375796610811517	0.0506665352760815	0.276712941137549	0.472887199740767	0.196174258603218	0	0	2	0.1	0.182284004068131	0.0246707476034167	0.134248177982984	0.229547865260849	0.0952996872778657	0	0	2	0.2	0.399124221085642	0.0540224738369507	0.293404671725657	0.502086693338147	0.20868202161249	0	0	3	0.1	0.192953857524072	0.0261527511345882	0.141790876479645	0.242990258942813	0.101199382463168	0	0	3	0.2	0.426254987006773	0.057925276086369	0.313182726561478	0.538901527959516	0.225718801398038
815	0	0	0	0.1	0.280715522635763	0.0298508415387386	0.222512844577451	0.338715138698106	0.116202294120655	0	0	0	0.2	0.509226483319284	0.0535574259185511	0.406416953049795	0.614214733769091	0.207797780719296	0	0	1	0.1	0.233531821631712	0.0249835130192868	0.183979058623202	0.283004755589526	0.0990256969663244	0	0	1	0.2	0.495207364698913	0.0525166605412454	0.390941586923954	0.599732543385246	0.208790956461292	0	0	2	0.1	0.239525371280531	0.0256228038848217	0.189608525852232	0.290397525384275	0.100788999532043	0	0	2	0.2	0.523173961373302	0.0558040020212222	0.413675294394861	0.633991321567086	0.220316027172225	0	0	3	0.1	0.252942508199563	0.0270675744784534	0.199130266810411	0.306120251661935	0.106989984851524	0	0	3	0.2	0.557523535513152	0.0597145185057532	0.439785324481684	0.676566203276196	0.236780878794512
796	0	0	0	0.1	0.217934801117804	0.0266707338376011	0.167432730643862	0.27167353256301	0.104240801919148	0	0	0	0.2	0.395962669693676	0.0478556397508014	0.307062735313918	0.493804610254278	0.18674187494036	0	0	1	0.1	0.184973333388591	0.0224901381470828	0.142751387672217	0.230927953055928	0.088176565383711	0	0	1	0.2	0.393225460267894	0.0474131628864627	0.302813123596561	0.488056188425776	0.185243064829216	0	0	2	0.1	0.192535069146771	0.0232767634283165	0.148562843636322	0.240095475816415	0.0915326321800931	0	0	2	0.2	0.420958046235833	0.0507362319226479	0.326425196558016	0.522122567237765	0.19569737067975	0	0	3	0.1	0.204977628718895	0.0247418851510549	0.158109970362637	0.254785931726173	0.096675961363536	0	0	3	0.2	0.451982417098576	0.0546253429890297	0.348677502701282	0.558054424917898	0.209376922216616
797	0	0	0	0.1	0.223739790462522	0.0290165271783693	0.168526309973203	0.282748849122493	0.11422253914929	0	0	0	0.2	0.413626589285958	0.0532287292759234	0.314629286988924	0.518981860398415	0.204352573409491	0	0	1	0.1	0.197926814324783	0.0256424919909406	0.149691043226383	0.248041090101751	0.0983500468753678	0	0	1	0.2	0.422642949588991	0.054468021383535	0.321559256079093	0.530189645253953	0.20863038917486	0	0	2	0.1	0.208007073470294	0.026865466584653	0.158486671740589	0.260772003511894	0.102285331771305	0	0	2	0.2	0.456348537530595	0.0588880263943164	0.34775337936779	0.570027853013681	0.222274473645891	0	0	3	0.1	0.222378237831804	0.0287295672089929	0.169574205973307	0.278391384278262	0.108817178304954	0	0	3	0.2	0.491947335199473	0.0636653046241234	0.37386678180021	0.614889176536804	0.241022394736595
740	0	0	0	0.1	0.206102485703391	0.0282176938689584	0.153969988417632	0.264377227020916	0.110407238603284	0	0	0	0.2	0.381726482578402	0.0521120563221012	0.284144213112536	0.492766293912347	0.208622080799812	0	0	1	0.1	0.180706723890032	0.0249613424481707	0.133326912738677	0.233801919704431	0.100475006965753	0	0	1	0.2	0.387268271061199	0.053410954687413	0.285955072240966	0.502199342715173	0.216244270474208	0	0	2	0.1	0.190136468928102	0.0263437934988355	0.140213832145822	0.244352333074282	0.10413850092846	0	0	2	0.2	0.418072963027431	0.0580085061425685	0.307396075843836	0.537442938534008	0.230046862690172	0	0	3	0.1	0.203349904145882	0.0282256491120533	0.150578885585886	0.261433815059774	0.110854929473888	0	0	3	0.2	0.450778506501263	0.0626715822131464	0.332320742279628	0.580933293031309	0.248612550751681
789	0	0	0	0.1	0.181349145974131	0.0263949841938129	0.129157034494023	0.233252688521663	0.10409565402764	0	0	0	0.2	0.332800975618999	0.0479325125992439	0.240682221145068	0.427979179741705	0.187296958596637	0	0	1	0.1	0.157452759095804	0.0225448115973851	0.113965876495623	0.202349612750873	0.0883837362552503	0	0	1	0.2	0.33592614499598	0.0478360277357485	0.242789241561702	0.431925582194941	0.18913634063324	0	0	2	0.1	0.165114811896475	0.0234981099050634	0.120024425317843	0.211841304076016	0.0918168787581735	0	0	2	0.2	0.361852792461119	0.0513939187969844	0.263528349942379	0.462544000136764	0.199015650194385	0	0	3	0.1	0.17635074145278	0.0250641691497465	0.128824849236387	0.225426233018495	0.096601383782108	0	0	3	0.2	0.389812137839923	0.0554681029113433	0.284159829079156	0.498320851073607	0.214161021994451
791	0	0	0	0.1	0.235897949890732	0.0288348168128365	0.180454920308765	0.290595810750359	0.110140890441594	0	0	0	0.2	0.434769086929679	0.052655746401422	0.333594192037969	0.535642398315864	0.202048206277895	0	0	1	0.1	0.205337439124571	0.0252096725035208	0.156865370214186	0.254811561001113	0.0979461907869272	0	0	1	0.2	0.439139782933055	0.0535524374589696	0.338296658314959	0.544701311557428	0.206404653242469	0	0	2	0.1	0.215490548606646	0.026368983990568	0.165850553127035	0.2686679945587	0.102817441431665	0	0	2	0.2	0.473203716669847	0.0578468458912202	0.364899537872193	0.590148835052235	0.225249297180042	0	0	3	0.1	0.230280928172431	0.02825666203217	0.177652328161792	0.288259666515034	0.110607338353242	0	0	3	0.2	0.509693891355432	0.0624887955674779	0.393029459891376	0.637348505364126	0.24431904547275
806	0	0	0	0.1	0.245747024797382	0.0261697583193195	0.193150222791709	0.301213440223968	0.108063217432258	0	0	0	0.2	0.449262539071431	0.0472156469481787	0.353997492339631	0.54379530716909	0.18979781482946	0	0	1	0.1	0.211487567709462	0.0223085607647408	0.166104813148754	0.255976920298745	0.089872107149991	0	0	1	0.2	0.450510125092896	0.0472915230693371	0.354373580607924	0.541980712985571	0.187607132377647	0	0	2	0.1	0.220855836215937	0.0232549552804625	0.174353023675712	0.267431634826187	0.0930786111504746	0	0	2	0.2	0.483491934249113	0.0508415361765055	0.379136212650474	0.586059600257866	0.206923387607392	0	0	3	0.1	0.235415989547393	0.0248242169388778	0.184749761268427	0.28626746955445	0.101517708286022	0	0	3	0.2	0.519689661173221	0.0548409629291004	0.408843643272224	0.632738801231103	0.223895157958879
753	0	0	0	0.1	0.221637159326397	0.028410375103339	0.168654104325184	0.279194480521512	0.110540376196328	0	0	0	0.2	0.412756395701944	0.0526561933596768	0.314197168744244	0.521577666697441	0.207380497953197	0	0	1	0.1	0.196128976861461	0.0252499175213143	0.149546458033735	0.246778740097865	0.09723228206413	0	0	1	0.2	0.42188389232483	0.0541339684858053	0.3222982598259	0.528554560641643	0.206256300815743	0	0	2	0.1	0.207488235869662	0.0266591792189894	0.159267878422906	0.259857959346057	0.100590080923151	0	0	2	0.2	0.457490797373258	0.058800959905449	0.350506473018495	0.576621652540452	0.226115179521957	0	0	3	0.1	0.222620066320859	0.0286216711692966	0.170474971815703	0.279905898587459	0.109430926771756	0	0	3	0.2	0.49441659962188	0.0638185622425591	0.377967656227549	0.622774628910215	0.244806972682666
775	0	0	0	0.1	0.213295479969908	0.028722095281839	0.158557368947648	0.27186345602128	0.113306087073631	0	0	0	0.2	0.395904645204126	0.0525606339045139	0.295912319623472	0.499557459697313	0.203645140073841	0	0	1	0.1	0.188771796143344	0.0249945669408475	0.138963768500801	0.239521739430839	0.100557970930038	0	0	1	0.2	0.404647468188922	0.0531519866142938	0.298505042550624	0.511809086129745	0.213304043579121	0	0	2	0.1	0.199103950470954	0.0260860028546262	0.147256390703473	0.251818680771473	0.104562290068	0	0	2	0.2	0.437932965935739	0.0573012188986474	0.324962442145512	0.553974623702507	0.229012181556995	0	0	3	0.1	0.21321348167613	0.027812521317076	0.158004804170126	0.268751571573099	0.110746767402973	0	0	3	0.2	0.472753908829452	0.0617845203201361	0.348250535420239	0.596535695601933	0.248285160181693
882	0	0	0	0.1	0.200382063378466	0.0274839641490629	0.146457884638693	0.253420452687654	0.106962568048962	0	0	0	0.2	0.371113906057287	0.050509910482063	0.271924793772542	0.46609764452079	0.194172850748248	0	0	1	0.1	0.177480629399974	0.0242453720808598	0.129438118106422	0.224319081055953	0.0948809629495301	0	0	1	0.2	0.379909931651551	0.0517069408131932	0.277598729172158	0.479850517699184	0.202251788527026	0	0	2	0.1	0.187245314316347	0.0255974928655943	0.136486276360848	0.235860295130564	0.0993740187697162	0	0	2	0.2	0.411350054283593	0.0561692404130459	0.300396654760824	0.517558787317887	0.217162132557063	0	0	3	0.1	0.200574428281153	0.0274536035609977	0.14625879775965	0.251423460771728	0.105164663012078	0	0	3	0.2	0.444238950081771	0.0609626876996998	0.325237756813535	0.558061446968309	0.232823690154774
793	0	0	0	0.1	0.27609709088261	0.0303834224375244	0.219031439870172	0.334873957768983	0.11584251789881	0	0	0	0.2	0.509522063752122	0.055617862501661	0.407480316320342	0.618523865401262	0.211043549080921	0	0	1	0.1	0.236407038291631	0.0262192911449208	0.187995811163925	0.287754414219287	0.0997586030553616	0	0	1	0.2	0.505117770898158	0.0556986447218527	0.401764763220435	0.616310487905833	0.214545724685398	0	0	2	0.1	0.244905901745537	0.0272025011177964	0.193178332514956	0.298076351192218	0.104898018677262	0	0	2	0.2	0.53790161960254	0.0596749977448964	0.426116508587044	0.656196001044375	0.230079492457331	0	0	3	0.1	0.259720959349912	0.0288908396857615	0.205303347256019	0.315264199767031	0.109960852511012	0	0	3	0.2	0.575222559443546	0.0641223881807054	0.45494241931563	0.701469628772163	0.246527209456532
759	0	0	0	0.1	0.199428453908887	0.0290711554221289	0.144204270134748	0.256145856612236	0.111941586477488	0	0	0	0.2	0.368883394937593	0.0533548207431925	0.267170463132711	0.47110218709766	0.203931723964949	0	0	1	0.1	0.175030005756797	0.025479334454047	0.125895602600888	0.222938675762988	0.0970430731621	0	0	1	0.2	0.374276335033649	0.0543629621630847	0.269058045533438	0.476211123839977	0.20715307830654	0	0	2	0.1	0.183695736470738	0.0268195122087766	0.132224139013732	0.233590992616645	0.101366853602914	0	0	2	0.2	0.403442766501425	0.0588115072663381	0.289243312101113	0.5122258744665	0.222982562365387	0	0	3	0.1	0.196260728807203	0.0286530557199595	0.14095200897096	0.248726444395333	0.107774435424373	0	0	3	0.2	0.434589344300736	0.0636148157170453	0.311081762265221	0.551200554193553	0.240118791928332
770	0	0	0	0.1	0.203839583926578	0.0290809558784998	0.147927250208501	0.264325404169506	0.116398153961005	0	0	0	0.2	0.373099626046876	0.0528908178308751	0.273211890250242	0.484131596067638	0.210919705817396	0	0	1	0.1	0.174129904066152	0.0248680839414408	0.124414409352687	0.22593752711041	0.101523117757723	0	0	1	0.2	0.370425834757659	0.052642210028085	0.268011064317119	0.479843451039963	0.211832386722844	0	0	2	0.1	0.180414660361752	0.0256809726266077	0.129074409938033	0.234144568786669	0.105070158848636	0	0	2	0.2	0.394963629652922	0.0561632121450568	0.28421383330533	0.512369924731749	0.228156091426419	0	0	3	0.1	0.191508506676509	0.0272105190602569	0.136707561838509	0.246781480147322	0.110073918308812	0	0	3	0.2	0.422848703691972	0.0601120721070411	0.304078023481506	0.54495605906786	0.240878035586354
765	0	0	0	0.1	0.25088209854973	0.0302907391975096	0.191091468399879	0.31011192699023	0.119020458590352	0	0	0	0.2	0.461802750587078	0.0551296227641856	0.354450062023136	0.566486999771224	0.212036937748088	0	0	1	0.1	0.214918179373023	0.0257920344482544	0.166521374164348	0.264996147914161	0.0984747737498131	0	0	1	0.2	0.457804596619849	0.0545224382125818	0.356354217550846	0.562886258167224	0.206532040616378	0	0	2	0.1	0.222042551641827	0.0264959632413598	0.173128628505815	0.273086564695196	0.099957936189381	0	0	2	0.2	0.486774049952801	0.0580332491081631	0.380579770399063	0.598063075474741	0.217483305075678	0	0	3	0.1	0.235144008426822	0.0280961898887976	0.184361013903647	0.289140610489138	0.104779596585491	0	0	3	0.2	0.520122706192192	0.0620694346625463	0.40688488020389	0.640183598757711	0.233298718553821
810	0	0	0	0.1	0.268325145343359	0.0293769513949305	0.212576883982047	0.323009936903008	0.110433052920961	0	0	0	0.2	0.492757066687947	0.0530682782267281	0.392029573924609	0.594448230390515	0.202418656465906	0	0	1	0.1	0.227975572728498	0.0247790057007517	0.180029108360505	0.276939539176411	0.096910430815906	0	0	1	0.2	0.486120647399299	0.052475030884855	0.384747619964337	0.589597876564204	0.204850256599866	0	0	2	0.1	0.235702798913075	0.0255463631049098	0.186700808330466	0.288173187097583	0.101472378767117	0	0	2	0.2	0.51684141686721	0.0559259578829934	0.408721363919059	0.631714759473792	0.222993395554732	0	0	3	0.1	0.249755806001896	0.0271436488042362	0.198037439528684	0.305197196718699	0.107159757190014	0	0	3	0.2	0.55240358437652	0.060113067842832	0.437813490690574	0.675239110560548	0.237425619869974
788	0	0	0	0.1	0.255574461363702	0.028417684132939	0.202762562723042	0.313720802836799	0.110958240113757	0	0	0	0.2	0.468697763582419	0.0516587807191427	0.374053911601226	0.573388382977706	0.19933447137648	0	0	1	0.1	0.225411004291119	0.0252993556948599	0.180297961457818	0.275597389079629	0.0952994276218115	0	0	1	0.2	0.479296795851625	0.0535229395791019	0.383911340374273	0.585811364281716	0.201900023907443	0	0	2	0.1	0.236834031231995	0.0266737488561323	0.188257210424309	0.290302702656748	0.102045492232439	0	0	2	0.2	0.517902348602921	0.0582823281780794	0.411792928233525	0.63278168642428	0.220988758190755	0	0	3	0.1	0.253207171047925	0.0286874248221982	0.20160508067188	0.310343198714442	0.108738118042562	0	0	3	0.2	0.558534877466149	0.0633373963949839	0.444895933492051	0.685971516931754	0.241075583439702
744	0	0	0	0.1	0.219063008232816	0.0259616969293608	0.169807202365682	0.268491289016098	0.0986840866504162	0	0	0	0.2	0.410468880934796	0.0483070818268487	0.317747709806968	0.503599951725529	0.185852241918561	0	0	1	0.1	0.200516037216589	0.0237527780613321	0.154601111783232	0.245967144681737	0.0913660328985047	0	0	1	0.2	0.431728513358288	0.0510400857902618	0.331419497439838	0.527539538623629	0.196120041183791	0	0	2	0.1	0.214602178631098	0.0255193944644713	0.164105054289418	0.262408128041885	0.0983030737524665	0	0	2	0.2	0.473348251436301	0.0562742613644919	0.360576607318191	0.578055496781904	0.217478889463713	0	0	3	0.1	0.231610292126515	0.0275954725209584	0.177020243575223	0.283675986716274	0.106655743141051	0	0	3	0.2	0.514561696350951	0.0615380147143672	0.391712702519068	0.629555960305312	0.237843257786244
758	0	0	0	0.1	0.232855515315578	0.0293453507008132	0.177520433037226	0.288705892439786	0.11118545940256	0	0	0	0.2	0.426769500721499	0.053360988769767	0.326276296451332	0.5305361320757	0.204259835624368	0	0	1	0.1	0.195722548010295	0.0248177033237496	0.148229942347412	0.243785714385858	0.0955557720384464	0	0	1	0.2	0.417543732268029	0.0526515102011718	0.316947656202552	0.519062721624348	0.202115065421796	0	0	2	0.1	0.201936151788226	0.0255846835423364	0.152431173638824	0.251716419239791	0.0992852456009667	0	0	2	0.2	0.443029477039973	0.056058308037171	0.334281014635868	0.552678708120692	0.218397693484824	0	0	3	0.1	0.213856261393861	0.0271297603335526	0.161222210223872	0.269074449626104	0.107852239402232	0	0	3	0.2	0.473089001893101	0.0599457932797116	0.356599777490189	0.592303692508375	0.235703915018187
822	0	0	0	0.1	0.214624275884468	0.0287772092295243	0.161478986886624	0.271828294983252	0.110349308096629	0	0	0	0.2	0.396452331396509	0.0524946975868865	0.298379939402029	0.500625485688624	0.202245546286594	0	0	1	0.1	0.187426152307284	0.0247676412670829	0.142497413805872	0.235556817162735	0.0930594033568626	0	0	1	0.2	0.400603538137193	0.0526471422328913	0.302773713483006	0.503654644374806	0.2008809308918	0	0	2	0.1	0.196282854079929	0.0258300662040638	0.148632148593954	0.246962254179262	0.0983301055853079	0	0	2	0.2	0.430950913205661	0.0565888171002436	0.326044901475921	0.540901481471494	0.214856579995572	0	0	3	0.1	0.209437058689576	0.0275681410822822	0.158869894490752	0.26349200477568	0.104622110284928	0	0	3	0.2	0.463708620673355	0.0609439363942404	0.353359615910044	0.581864129003214	0.22850451309317
881	0	0	0	0.1	0.182974113603921	0.0297080566087212	0.127423806357007	0.242128365165001	0.114704558807994	0	0	0	0.2	0.336631978057017	0.0543006146715552	0.234823847227108	0.445152238253303	0.210328391026195	0	0	1	0.1	0.158267085362601	0.0255738422244379	0.110303636982686	0.210039260523583	0.0997356235408974	0	0	1	0.2	0.337639872759669	0.0543681474969034	0.235648749403647	0.444302371738707	0.20865362233506	0	0	2	0.1	0.165139107195684	0.0266251775553485	0.115383971699433	0.216780512147087	0.101396540447654	0	0	2	0.2	0.362165766334175	0.0583151036819152	0.252868796706087	0.474064031329469	0.221195234623382	0	0	3	0.1	0.175898966364751	0.0284177027432272	0.122209276033753	0.229976183372717	0.107766907338964	0	0	3	0.2	0.389152196319864	0.0628397620159542	0.270923575389299	0.509825866942852	0.238902291553553
852	0	0	0	0.1	0.245858483248047	0.0303074315110465	0.188259970363944	0.310108372981186	0.121848402617242	0	0	0	0.2	0.454961175308625	0.0552961241516384	0.351774660882763	0.574156848044207	0.222382187161444	0	0	1	0.1	0.214956824549784	0.0261461637065871	0.167312360632987	0.270945910055142	0.103633549422155	0	0	1	0.2	0.460366067771203	0.0555580910551798	0.357486279977669	0.577922082139406	0.220435802161737	0	0	2	0.1	0.225708046544986	0.0272314580141494	0.174738831691823	0.284210604604495	0.109471772912672	0	0	2	0.2	0.496101912826343	0.0596565601195347	0.383688275115456	0.624125997481942	0.240437722366486	0	0	3	0.1	0.241114250153626	0.0290135997218568	0.186862161157542	0.302633904128465	0.115771742970923	0	0	3	0.2	0.534332035098014	0.0641163801424085	0.415722291778043	0.670136716528034	0.254414424749991
777	0	0	0	0.1	0.221838278070059	0.0267820996462265	0.17176411350286	0.278670826238048	0.106906712735188	0	0	0	0.2	0.409571576292402	0.048703968409163	0.318750609671945	0.513873913927894	0.195123304255949	0	0	1	0.1	0.196064373245021	0.0232965915036337	0.152492511648876	0.242906999627199	0.0904144879783237	0	0	1	0.2	0.419792461351216	0.0495203020751427	0.32731308554136	0.519418315932825	0.192105230391465	0	0	2	0.1	0.207421555644748	0.0244847713284121	0.160449327568598	0.256291888166372	0.0958425605977735	0	0	2	0.2	0.455627320675172	0.0536577245904172	0.353701262700186	0.562115575929815	0.208414313229629	0	0	3	0.1	0.222572054978854	0.0262585953778198	0.173074876463078	0.274807936843805	0.101733060380726	0	0	3	0.2	0.492868033915885	0.0581261373577034	0.383274900262248	0.609502264728127	0.226227364465879
718	0	0	0	0.1	0.189011163815695	0.0279859649962727	0.136611805902286	0.245794302561355	0.109182496659069	0	0	0	0.2	0.352076678131889	0.0516962728641904	0.257507886779271	0.455332889410107	0.197825002630836	0	0	1	0.1	0.168895791375937	0.0248414707869904	0.124284683877002	0.218289651035686	0.0940049671586839	0	0	1	0.2	0.363243764291699	0.0532401776807583	0.266257564630462	0.4733041471108	0.207046582480338	0	0	2	0.1	0.179490200399064	0.0264034334955046	0.130750524014575	0.231419037842446	0.100668513827871	0	0	2	0.2	0.395584357951377	0.058178801606587	0.289349486801721	0.512732345037509	0.223382858235788	0	0	3	0.1	0.193020554937875	0.0285168298909455	0.140955782478246	0.250690171820949	0.109734389342703	0	0	3	0.2	0.428622466776412	0.0632705837529694	0.311499497375638	0.558424169874659	0.24692467249902
736	0	0	0	0.1	0.190116558974657	0.0276830670384379	0.135337679062874	0.246580110810148	0.111242431747274	0	0	0	0.2	0.349942833155469	0.0504681273544758	0.248579909161008	0.454172690766547	0.20559278160554	0	0	1	0.1	0.163650865334831	0.0235928760018998	0.115727706101649	0.212410818323589	0.0966831122219402	0	0	1	0.2	0.34977309090622	0.050257773940522	0.247816265690926	0.452751122398373	0.204934856707448	0	0	2	0.1	0.17088549485358	0.0245618023789791	0.119607529035662	0.220515297975029	0.100907768939368	0	0	2	0.2	0.375071752438656	0.0538973783063212	0.264794941902925	0.485166827110268	0.220371885207344	0	0	3	0.1	0.182059920539056	0.0262077666389564	0.129141148547162	0.23550116999332	0.106360021446158	0	0	3	0.2	0.403041804371484	0.0579991636293071	0.285559971016573	0.519695041850036	0.234135070833463
839	0	0	0	0.1	0.21033966773746	0.0283524388799765	0.153590071984901	0.264658750370279	0.111068678385377	0	0	0	0.2	0.388077501165186	0.0517161238977642	0.282903720013047	0.487489769052791	0.204586049039744	0	0	1	0.1	0.183777030214208	0.0246898245761726	0.132398170891776	0.233636591211295	0.101238420319519	0	0	1	0.2	0.392960708875486	0.0525313945277089	0.28424197681385	0.500570326939182	0.216328350125332	0	0	2	0.1	0.192924552479559	0.0259496758078375	0.140371791974018	0.246302433447457	0.105930641473438	0	0	2	0.2	0.423657638475478	0.0569517654927004	0.308777011862487	0.540325767779016	0.23154875591653	0	0	3	0.1	0.206174951452844	0.0278062788438266	0.149699883499726	0.262416620608367	0.112716737108641	0	0	3	0.2	0.456475450299071	0.0616796118239758	0.332406678217344	0.583339834579044	0.250933156361699
812	0	0	0	0.1	0.221504907441269	0.0281993770329304	0.16507111626886	0.278508759877191	0.113437643608331	0	0	0	0.2	0.40729617606062	0.0512053311582457	0.305020045693252	0.511188927554637	0.206168881861385	0	0	1	0.1	0.191164527660732	0.0240065249029528	0.142516955056894	0.239126900723218	0.0966099456663243	0	0	1	0.2	0.408044815554715	0.0510295392542873	0.304661951687224	0.510719669519526	0.206057717832303	0	0	2	0.1	0.199527250264784	0.025024073953094	0.149042687599499	0.249369331135789	0.10032664353629	0	0	2	0.2	0.437624342177605	0.0549002891063156	0.326169367047766	0.549043011562337	0.222873644514571	0	0	3	0.1	0.212537618234215	0.0267329647035728	0.158686548158385	0.267291975112695	0.10860542695431	0	0	3	0.2	0.47007722187458	0.0591959056066697	0.350160845197302	0.58957799687227	0.239417151674968
735	0	0	0	0.1	0.223581371205595	0.0290698447838741	0.167148686381303	0.277354411715957	0.110205725334654	0	0	0	0.2	0.411100008334682	0.0529730161262048	0.304797715097528	0.512095806401691	0.207298091304163	0	0	1	0.1	0.192115172147361	0.0250344853037565	0.141951287328283	0.239741947471588	0.097790660143305	0	0	1	0.2	0.409430052605578	0.053077940442671	0.302014048724518	0.508396456777368	0.20638240805285	0	0	2	0.1	0.199377602601155	0.0259804984118388	0.1485304761975	0.24897118696398	0.100440710766481	0	0	2	0.2	0.437031203843266	0.0569356297389421	0.324086573659619	0.54685301075132	0.222766437091701	0	0	3	0.1	0.211635776769586	0.0276975711267024	0.157147427935903	0.263967631508369	0.106820203572466	0	0	3	0.2	0.468023869273393	0.0612151308623133	0.346313590569945	0.587062660491603	0.240749069921658
723	0	0	0	0.1	0.200256155436914	0.0273745917140356	0.148459917006455	0.254652606589989	0.106192689583534	0	0	0	0.2	0.368950813306186	0.0499553290593552	0.274584956113605	0.4697584423291	0.195173486215495	0	0	1	0.1	0.17545453375921	0.0239298867877368	0.13066801716418	0.22464507811794	0.09397706095376	0	0	1	0.2	0.374545585228611	0.050853982257902	0.279444273379507	0.4826493018765	0.203205028496993	0	0	2	0.1	0.184207690661865	0.0251504843840851	0.138399993327434	0.237396407579312	0.0989964142518774	0	0	2	0.2	0.404105701118111	0.0550732984971803	0.303457161268661	0.522545852317473	0.219088691048812	0	0	3	0.1	0.19689600450189	0.0269652648650129	0.147125845492876	0.253470230610088	0.106344385117213	0	0	3	0.2	0.43541793247101	0.0596714052251225	0.326285111622777	0.562067030096679	0.235781918473901
838	0	0	0	0.1	0.216071421904492	0.0276922681892669	0.162992007029891	0.269270839755897	0.106278832726006	0	0	0	0.2	0.400377641048309	0.0508003362361732	0.302510270445677	0.497242210352478	0.194731939906801	0	0	1	0.1	0.195862900652149	0.0251596741724322	0.147192736173641	0.242751909878466	0.0955591737048247	0	0	1	0.2	0.419098771009061	0.0536041135842175	0.315736111288891	0.518615794289217	0.202879683000326	0	0	2	0.1	0.208753161684369	0.0268834406369039	0.156137006615088	0.260669639939256	0.104532633324167	0	0	2	0.2	0.458287299636542	0.0589498547482085	0.345321551934276	0.571224619323567	0.225903067389292	0	0	3	0.1	0.224804519754249	0.0290304723340181	0.169157074537067	0.280220390583014	0.111063316045947	0	0	3	0.2	0.497590777295802	0.0643511116924026	0.375104480862051	0.620172551410571	0.24506807054852
802	0	0	0	0.1	0.262927659144521	0.0310392472971445	0.201912215057151	0.324110609802389	0.122198394745239	0	0	0	0.2	0.47942079177922	0.055647325389832	0.370261918463123	0.586769292258112	0.21650737379499	0	0	1	0.1	0.222111412872205	0.0257373517129807	0.171988374076025	0.273186091542959	0.101197717466933	0	0	1	0.2	0.470962044378423	0.0540113314564012	0.365347953447288	0.57909191957384	0.213743966126551	0	0	2	0.1	0.228215673016108	0.0261530266585919	0.176983608931276	0.281223757734026	0.10424014880275	0	0	2	0.2	0.498628828397601	0.056939384960859	0.385745295196397	0.612534047302417	0.22678875210602	0	0	3	0.1	0.241055960254472	0.0275008958168636	0.186436248137157	0.295871015482612	0.109434767345455	0	0	3	0.2	0.531660959421606	0.0606926140306856	0.410276295770297	0.651184980293666	0.240908684523369
773	0	0	0	0.1	0.195782111663835	0.0273172687757668	0.143749646466316	0.249408068468296	0.105658422001981	0	0	0	0.2	0.366983974898414	0.0506419808388768	0.270023459320049	0.468290017818724	0.198266558498675	0	0	1	0.1	0.179805004987414	0.0247740141927912	0.132608061237286	0.228553289125934	0.0959452278886475	0	0	1	0.2	0.387350583626519	0.0530814654270693	0.285055081970724	0.491319628646196	0.206264546675472	0	0	2	0.1	0.192957161569084	0.0264887892314843	0.142126160646701	0.245081854019538	0.102955693372837	0	0	2	0.2	0.42561297375197	0.0583949586177191	0.313406529676158	0.540227780695356	0.226821251019198	0	0	3	0.1	0.208516308500615	0.0286296334471885	0.153531251111772	0.264546471750655	0.111015220638883	0	0	3	0.2	0.463214603982128	0.0636773105039309	0.341133707302865	0.586707596427878	0.245573889125013
754	0	0	0	0.1	0.255098863040547	0.0306335773573247	0.195716955534489	0.316661912396832	0.120944956862342	0	0	0	0.2	0.468444205400156	0.0554759556017772	0.360324946953637	0.580464260081327	0.22013931312769	0	0	1	0.1	0.221936506033818	0.0264059525643758	0.169613657546366	0.275235447771551	0.105621790225186	0	0	1	0.2	0.471553433543007	0.0556640815552722	0.360663605394112	0.583724039028506	0.223060433634395	0	0	2	0.1	0.230737595077132	0.0272551638169993	0.17562923553911	0.286198181294201	0.110568945755091	0	0	2	0.2	0.504718267890108	0.0594090267182855	0.384231235958605	0.625497056285296	0.241265820326691	0	0	3	0.1	0.245161469852966	0.0290174922244788	0.186271844445486	0.304426718554262	0.118154874108776	0	0	3	0.2	0.541276610773758	0.0637463043261975	0.411265456075601	0.672394178724932	0.261128722649331
741	0	0	0	0.1	0.186618738074631	0.0286570783210711	0.132010140524849	0.241306795397305	0.109296654872456	0	0	0	0.2	0.342672527521806	0.0523487064706339	0.241677925083519	0.44190362238941	0.200225697305891	0	0	1	0.1	0.159983247875641	0.0244708196733257	0.114410504520927	0.206829433370792	0.0924189288498646	0	0	1	0.2	0.340972876666569	0.0520083085899208	0.243448912065556	0.442547335350678	0.199098423285121	0	0	2	0.1	0.166191043527305	0.0253556575989379	0.119092799278685	0.21620951712231	0.0971167178436251	0	0	2	0.2	0.364251185326263	0.0555388780861332	0.260471792700574	0.473392004132585	0.212920211432011	0	0	3	0.1	0.176590621718181	0.0268988882236547	0.126107964497448	0.2299699983861	0.103862033888652	0	0	3	0.2	0.390484453129711	0.059561163393487	0.278370457691381	0.509048749205007	0.230678291513626
811	0	0	0	0.1	0.187811105464364	0.0277164349539078	0.133072165641656	0.239166078801472	0.106093913159817	0	0	0	0.2	0.344231048411491	0.0505680416564051	0.243368280424052	0.436059318992054	0.192691038568001	0	0	1	0.1	0.160051186740692	0.0237347090090413	0.111321938878789	0.204196044871775	0.0928741059929852	0	0	1	0.2	0.341678395384933	0.0505825871425693	0.237344702158073	0.433853048310229	0.196508346152155	0	0	2	0.1	0.166632212961631	0.0248150208377771	0.116037963439659	0.212979323944843	0.0969413605051845	0	0	2	0.2	0.365420996940508	0.0544354283418404	0.254283843037386	0.467517328457319	0.213233485419933	0	0	3	0.1	0.177260313553806	0.0264676514843823	0.124547145101121	0.226332996787231	0.101785851686109	0	0	3	0.2	0.391991106050957	0.0586588870992144	0.276020874784354	0.501713765490083	0.225692890705729
792	0	0	0	0.1	0.244539251419047	0.0293495481687541	0.190106654692375	0.300806664399241	0.110700009706866	0	0	0	0.2	0.450609935546843	0.0533147178353761	0.35146736868458	0.554985685178904	0.203518316494324	0	0	1	0.1	0.215244314090946	0.025492560493921	0.167034704826758	0.26636103036512	0.0993263255383618	0	0	1	0.2	0.458461956256159	0.0538803703516814	0.357392924991455	0.567858730233339	0.210465805241884	0	0	2	0.1	0.225431397121324	0.0265644311932707	0.174976424517703	0.277561726342935	0.102585301825232	0	0	2	0.2	0.493746023460619	0.0580321102587486	0.3820610874428	0.608633313991242	0.226572226548443	0	0	3	0.1	0.240456779909034	0.0283409693570767	0.186531283902185	0.297415765782292	0.110884481880107	0	0	3	0.2	0.531258576998542	0.0626191524970524	0.410022202992756	0.658908549001966	0.24888634600921
776	0	0	0	0.1	0.234321849136383	0.0288889896915759	0.179564595091115	0.28900717180693	0.109442576715815	0	0	0	0.2	0.433094400986214	0.0528790025158512	0.329732783698358	0.532419922747104	0.202687139048746	0	0	1	0.1	0.204630316436057	0.0250570735907206	0.156362595493607	0.2524052815579	0.0960426860642929	0	0	1	0.2	0.437570117055374	0.053373197983591	0.334933678560659	0.537814901579365	0.202881223018706	0	0	2	0.1	0.214291568417733	0.0262040372332812	0.163159776387471	0.264156264290956	0.100996487903485	0	0	2	0.2	0.470683257778904	0.0575662516388954	0.358264712947635	0.58332570004917	0.225060987101534	0	0	3	0.1	0.228614584005406	0.0280162088993933	0.174763509605766	0.282634246987493	0.107870737381726	0	0	3	0.2	0.506289523794548	0.06215005660559	0.38600263129518	0.625572029373936	0.239569398078756
803	0	0	0	0.1	0.172145424209964	0.026920499494398	0.118838760180788	0.225387425023082	0.106548664842293	0	0	0	0.2	0.318065744688617	0.0493203237309734	0.219966509548443	0.414751614680208	0.194785105131765	0	0	1	0.1	0.150187719059852	0.0233325936315043	0.103026766730205	0.196138789299515	0.0931120225693107	0	0	1	0.2	0.321604064158611	0.0497218917295521	0.22121578673527	0.419578723508215	0.198362936772946	0	0	2	0.1	0.157793221685163	0.0244560676008603	0.108752961468345	0.207338304587375	0.0985853431190302	0	0	2	0.2	0.346794370476326	0.0536648938288951	0.238750406501735	0.455431116861786	0.216680710360051	0	0	3	0.1	0.168739590269591	0.0261723703127369	0.116841589342429	0.220946249033663	0.104104659691234	0	0	3	0.2	0.373790799973241	0.0578930522488579	0.259112631860145	0.4926678094776	0.233555177617455
790	0	0	0	0.1	0.206271826231888	0.0289771426797498	0.148599401046819	0.26159324989388	0.112993848847061	0	0	0	0.2	0.383817613486522	0.0534437919330842	0.277432589583712	0.488001890806915	0.210569301223203	0	0	1	0.1	0.182717002253465	0.0253891639925112	0.132022344041273	0.233067497508523	0.10104515346725	0	0	1	0.2	0.392052893206959	0.0542424812364086	0.283091820909158	0.49843877681825	0.215346955909092	0	0	2	0.1	0.192602331201847	0.0265909405433234	0.140003945130736	0.245992065767725	0.105988120636988	0	0	2	0.2	0.423933920884909	0.0585649766202857	0.30745936284232	0.539930962031119	0.232471599188799	0	0	3	0.1	0.206139463815624	0.0284875484992707	0.148714487759766	0.263948767535609	0.115234279775843	0	0	3	0.2	0.457300060335621	0.063210555137886	0.331344463428005	0.583313580098505	0.2519691166705
739	0	0	0	0.1	0.22937459349527	0.0288882977707472	0.176310548580825	0.28354511689193	0.107234568311105	0	0	0	0.2	0.420376486864667	0.0523195027879782	0.321484534569327	0.5180212869277	0.196536752358373	0	0	1	0.1	0.195994874981297	0.0245365060300104	0.148194297252635	0.242039610130385	0.0938453128777506	0	0	1	0.2	0.417383681115884	0.0518766508821265	0.316133816672957	0.514807434545545	0.198673617872588	0	0	2	0.1	0.203257916782213	0.0252913855416601	0.154036825204352	0.251702881201269	0.0976660559969167	0	0	2	0.2	0.445304315512625	0.0553015607908855	0.338601670142068	0.552307083647169	0.213705413505101	0	0	3	0.1	0.215824194981722	0.0267968391227405	0.163622396373935	0.267092132823197	0.103469736449262	0	0	3	0.2	0.476871393746611	0.0592175529211221	0.361859459275091	0.590793552493889	0.228934093218799
823	0	0	0	0.1	0.248033846087231	0.02994441926336	0.188009062145646	0.310553725331854	0.122544663186208	0	0	0	0.2	0.457475060052559	0.054732263117138	0.348226728064917	0.567557676041809	0.219330947976892	0	0	1	0.1	0.213920370376041	0.0257050835165716	0.163648678610564	0.265094369816881	0.101445691206317	0	0	1	0.2	0.457239968469424	0.0547089260202676	0.348908291092129	0.566316840993301	0.217408549901171	0	0	2	0.1	0.222951780216349	0.0267177052933788	0.168643853033623	0.274805484121143	0.106161631087521	0	0	2	0.2	0.489690320941305	0.0586254452400614	0.370406388607956	0.601986836989465	0.231580448381509	0	0	3	0.1	0.237276901104773	0.0284201699746788	0.181330962286839	0.292027778444942	0.110696816158103	0	0	3	0.2	0.52549967586823	0.0630968457935416	0.400367140706371	0.646431271684443	0.246064130978072
764	0	0	0	0.1	0.219823353845387	0.0280063453146911	0.163846190228079	0.27622559370664	0.112379403478561	0	0	0	0.2	0.40835285923806	0.0515723148366613	0.308107278827625	0.509341846816895	0.20123456798927	0	0	1	0.1	0.195602556046694	0.0247882584931258	0.148385277122452	0.243557175967349	0.0951718988448969	0	0	1	0.2	0.419621649298182	0.0529579274847551	0.319269314278892	0.519655413586717	0.200386099307825	0	0	2	0.1	0.206880143632448	0.0261428870427183	0.157603635272297	0.255654131400084	0.0980504961277871	0	0	2	0.2	0.455195332382985	0.0574902171423604	0.346627796496835	0.565429803178945	0.21880200668211	0	0	3	0.1	0.221888353779854	0.0280433368259714	0.169331308975103	0.275072028630156	0.105740719655053	0	0	3	0.2	0.492011264392519	0.0623049151660923	0.3745149343403	0.61189040660845	0.23737547226815
840	0	0	0	0.1	0.216809500659644	0.0294669944728801	0.161484536645941	0.277240336616145	0.115755799970204	0	0	0	0.2	0.395151992087633	0.0533103939535495	0.292889354600917	0.503339152500335	0.210449797899417	0	0	1	0.1	0.182651038514514	0.0249072262894474	0.134614941745271	0.233856324057038	0.0992413823117673	0	0	1	0.2	0.387159060597656	0.0525147917606032	0.285332596388147	0.498102767267933	0.212770170879786	0	0	2	0.1	0.187397970522254	0.0255839384407124	0.138531867511354	0.23937559707067	0.100843729559316	0	0	2	0.2	0.409345769321763	0.0558161498956615	0.303003636858026	0.524429226055685	0.221425589197659	0	0	3	0.1	0.197742795915847	0.0270876071564671	0.146086468046473	0.253323900476287	0.107237432429814	0	0	3	0.2	0.436159034591701	0.0595826952996409	0.321786127219726	0.558395130308931	0.236609003089204
833	0	0	0	0.1	0.187277037076103	0.0298798634146062	0.130906584302412	0.246928447108811	0.116021862806399	0	0	0	0.2	0.344275526449085	0.0545574087317777	0.24322799343398	0.45180784962605	0.20857985619207	0	0	1	0.1	0.161326517402554	0.0257034683595873	0.115633797246314	0.210601662737579	0.0949678654912647	0	0	1	0.2	0.344078905166246	0.0545960843256044	0.247924159151887	0.450848704869878	0.202924545717991	0	0	2	0.1	0.168011949091263	0.0267337709836672	0.120500623204912	0.220524195091641	0.100023571886729	0	0	2	0.2	0.368454113019226	0.0584993061734062	0.265247927732448	0.481717073999714	0.216469146267266	0	0	3	0.1	0.178857306427863	0.0284827431835302	0.128397600603944	0.235069902747746	0.106672302143802	0	0	3	0.2	0.395511473630429	0.0629835160959587	0.283450747487395	0.517454771398643	0.234004023911248
760	0	0	0	0.1	0.226093774974535	0.0278506244294262	0.171699313048749	0.279996473032373	0.108297159983624	0	0	0	0.2	0.419579413361147	0.0512803581036718	0.319732488708454	0.52057377644738	0.200841287738926	0	0	1	0.1	0.201515834398466	0.0247873410442437	0.153989032934981	0.250897253255347	0.0969082203203661	0	0	1	0.2	0.431348119102249	0.0529726456578284	0.326786056975716	0.536589293787304	0.209803236811588	0	0	2	0.1	0.212717516671013	0.0262329312046961	0.160996835086492	0.264620791108099	0.103623956021607	0	0	2	0.2	0.467365123387236	0.0577010924594003	0.35444971091575	0.581105552494476	0.226655841578726	0	0	3	0.1	0.227822933058954	0.0282384879402251	0.173067300856172	0.283997025100636	0.110929724244463	0	0	3	0.2	0.50474987812548	0.0625808170851891	0.381960618333801	0.627204577359783	0.245243959025982
799	0	0	0	0.1	0.19329053107546	0.0288991906572328	0.137565989713939	0.248446636898461	0.110880647184522	0	0	0	0.2	0.353705983358513	0.0526001974533875	0.254533559057971	0.45550914343288	0.200975584374909	0	0	1	0.1	0.165219461506567	0.0247829768224021	0.118909366537998	0.213015174460367	0.0941058079223686	0	0	1	0.2	0.35162659240743	0.0525547511880335	0.253443267547547	0.452911587056202	0.199468319508655	0	0	2	0.1	0.171495992213792	0.0257322125530561	0.122539923100469	0.221367535120178	0.0988276120197083	0	0	2	0.2	0.37547293053351	0.0563642221921358	0.269862830595343	0.486218520400285	0.216355689804942	0	0	3	0.1	0.182206629409371	0.0274253284498392	0.130846383846963	0.23622861300156	0.105382229154597	0	0	3	0.2	0.402443909108677	0.060563595623236	0.288495937818288	0.520244893971933	0.231748956153646
825	0	0	0	0.1	0.216141944943405	0.0277511414708747	0.162724671791212	0.27148764627074	0.108762974479528	0	0	0	0.2	0.397522331750224	0.0505715338865865	0.300602178139135	0.499259268403509	0.198657090264374	0	0	1	0.1	0.185604146202458	0.0236480083814724	0.141561539994892	0.233741702012099	0.0921801620172074	0	0	1	0.2	0.396180578948969	0.0502879103628287	0.302491114869247	0.500533854633472	0.198042739764225	0	0	2	0.1	0.193148995482384	0.0245750223315439	0.14719878718756	0.242365982489451	0.0951671953018909	0	0	2	0.2	0.423840004693523	0.053887615876079	0.322571227958694	0.533600143987093	0.211028916028399	0	0	3	0.1	0.205538506156806	0.0261365384012019	0.155817346927694	0.259069985835313	0.103252638907619	0	0	3	0.2	0.454747053933994	0.0579307148166891	0.34656968434908	0.575334969909261	0.228765285560182
804	0	0	0	0.1	0.199588547835683	0.0281638821502013	0.146014531726459	0.255232199501413	0.109217667774954	0	0	0	0.2	0.368209696286939	0.0513938067294877	0.26910108272459	0.471950668027072	0.202849585302482	0	0	1	0.1	0.173340400038432	0.0241878171068666	0.12690713692659	0.221836253859925	0.0949291169333344	0	0	1	0.2	0.370872742241278	0.0514484822774953	0.270949976677069	0.472705036076862	0.201755059399794	0	0	2	0.1	0.181687126833423	0.0252560486095174	0.131743676220465	0.231252365621614	0.0995086894011489	0	0	2	0.2	0.399111575047012	0.0553234594473554	0.290250806031814	0.50622347051472	0.215972664482907	0	0	3	0.1	0.193942942750667	0.0269342660059597	0.140800676976459	0.246514809568609	0.10571413259215	0	0	3	0.2	0.429546750374754	0.0595516687362074	0.312065910675816	0.545823712140187	0.233757801464371
837	0	0	0	0.1	0.228620189565726	0.0287063965806823	0.175600864648521	0.283747452743722	0.108146588095201	0	0	0	0.2	0.416692886701102	0.0517717771544788	0.320003335609519	0.51475763147779	0.194754295868271	0	0	1	0.1	0.190426500052836	0.0235584311123053	0.145923135596654	0.235821756094931	0.0898986204982772	0	0	1	0.2	0.405159122775374	0.0498307475289864	0.310222774612373	0.501175487125364	0.190952712512991	0	0	2	0.1	0.195806353440069	0.0239934846318699	0.149745678609522	0.242244144063409	0.0924984654538868	0	0	2	0.2	0.428670161301087	0.0524736331499625	0.32795086396235	0.531490572112749	0.203539708150399	0	0	3	0.1	0.207050204792461	0.0253132770741378	0.158103591848168	0.256288802431404	0.0981852105832359	0	0	3	0.2	0.457291881518086	0.0559175623237358	0.350242230026743	0.567211838465745	0.216969608439002
756	0	0	0	0.1	0.232702463402296	0.0281230741395142	0.176024641174634	0.286857222259948	0.110832581085314	0	0	0	0.2	0.42916519271671	0.0512520746627281	0.326596517811264	0.526873637273807	0.200277119462543	0	0	1	0.1	0.202757702579303	0.0243303357701684	0.154800956845831	0.250227712149185	0.0954267553033541	0	0	1	0.2	0.432732780763667	0.0517237019749535	0.329484588751595	0.533213169351977	0.203728580600382	0	0	2	0.1	0.211854754840921	0.0255073749053629	0.161851313038405	0.261401060132971	0.0995497470945664	0	0	2	0.2	0.464824135305334	0.0559834131932794	0.354406476064588	0.574164446440825	0.219757970376237	0	0	3	0.1	0.225800485788202	0.0273998918070393	0.172508901524868	0.280191674404019	0.107682772879151	0	0	3	0.2	0.499644367203846	0.0606578588832978	0.382605951785479	0.619228390377344	0.236622438591865
757	0	0	0	0.1	0.196788261699816	0.028900861148961	0.143864143084949	0.250711061601957	0.106846918517007	0	0	0	0.2	0.362024000794346	0.0526446210219599	0.26271716615118	0.4609811092838	0.19826394313262	0	0	1	0.1	0.168567074409874	0.0246254115939078	0.12218320494828	0.215669299985716	0.0934860950374357	0	0	1	0.2	0.359824324831746	0.0523203519572226	0.262485908368454	0.460092648584758	0.197606740216304	0	0	2	0.1	0.175164503052019	0.0255388078665483	0.127755006765577	0.222999260587192	0.0952442538216151	0	0	2	0.2	0.384321684974835	0.0559655903788419	0.279649553227783	0.48841729308487	0.208767739857087	0	0	3	0.1	0.186182487949896	0.027192071410504	0.135907711781417	0.237023950755367	0.10111623897395	0	0	3	0.2	0.411938480094797	0.0600784277942788	0.299998659442671	0.525234188598513	0.225235529155842
927	0	0	0	0.1	0.217955883624313	0.0269635409105126	0.16548451042404	0.269776348073555	0.104291837649515	0	0	0	0.2	0.405066994664982	0.0494254426609629	0.306480769436086	0.499830613655114	0.193349844219028	0	0	1	0.1	0.194880208255182	0.0237073445077285	0.14913576549756	0.23849124487107	0.0893554793735098	0	0	1	0.2	0.41805524070945	0.0506270762747966	0.320115896466693	0.512919874828575	0.192803978361883	0	0	2	0.1	0.206575411931325	0.0251030990826544	0.158534478507266	0.254008255924512	0.0954737774172459	0	0	2	0.2	0.454567079108829	0.0552817343954515	0.347350017740665	0.558464860951224	0.211114843210559	0	0	3	0.1	0.221820954227826	0.0269880971384274	0.169160393724893	0.272810766895293	0.1036503731704	0	0	3	0.2	0.491994750049483	0.0600556965497867	0.374540862435506	0.60575773759719	0.231216875161683
872	0	0	0	0.1	0.217186001351751	0.0298934460529898	0.157237457238283	0.272414665128195	0.115177207889912	0	0	0	0.2	0.403420350656488	0.0550675807629145	0.292173786683326	0.50644687377256	0.214273087089234	0	0	1	0.1	0.187395526045943	0.0257675108066737	0.135199100314846	0.235669659682996	0.10047055936815	0	0	1	0.2	0.402491699031187	0.0550801270980242	0.292198730700389	0.507259103590943	0.215060372890554	0	0	2	0.1	0.195667081229525	0.0269026452744277	0.14239415795582	0.247222600432877	0.104828442477058	0	0	2	0.2	0.431106320341225	0.0591729630827632	0.312699313735202	0.545040446028613	0.232341132293411	0	0	3	0.1	0.20831516168446	0.0286801714959693	0.151392865446795	0.263584889091518	0.112192023644723	0	0	3	0.2	0.462734958275535	0.0637623502360036	0.337732903316458	0.588054211038693	0.250321307722235
763	0	0	0	0.1	0.221029172164646	0.0276238114799686	0.166936501896511	0.27612307131471	0.109186569418199	0	0	0	0.2	0.412768453093956	0.0510549617350479	0.312856152291083	0.51252919255973	0.199673040268647	0	0	1	0.1	0.201276908470556	0.0250090153357725	0.152640799534266	0.249945895402247	0.0973050958679807	0	0	1	0.2	0.432409139432885	0.0534565722557064	0.328334944139671	0.535681794672579	0.207346850532908	0	0	2	0.1	0.214772580800785	0.0266761737266751	0.162708231530829	0.266844299953132	0.104136068422302	0	0	2	0.2	0.473001773148756	0.0587407283498457	0.358674458946896	0.587280689627605	0.228606230680708	0	0	3	0.1	0.231387406319978	0.0288232829524967	0.17533942430174	0.28869252569546	0.113353101393719	0	0	3	0.2	0.513527483297665	0.0641460560585269	0.389942305938346	0.641216396833657	0.251274090895311
883	0	0	0	0.1	0.283496477739266	0.0302210784970724	0.224830023758885	0.340878783531011	0.116048759772127	0	0	0	0.2	0.518572756248162	0.0544973916271938	0.412531634857793	0.622670119006131	0.210138484148337	0	0	1	0.1	0.237989696588105	0.0253534126858817	0.188756816064193	0.286984663369923	0.0982278473057299	0	0	1	0.2	0.505381965860785	0.0533883843184435	0.40244603060075	0.608743925539014	0.206297894938264	0	0	2	0.1	0.243401052500136	0.0259291802783474	0.192700498544493	0.294086376237221	0.101385877692727	0	0	2	0.2	0.532640018747351	0.0565696659596804	0.42471387699731	0.644968582461491	0.220254705464181	0	0	3	0.1	0.256436787826302	0.0273987695153946	0.203878466833293	0.310763790349695	0.106885323516402	0	0	3	0.2	0.566311109050536	0.060618009445141	0.448920716215074	0.684716065256305	0.235795349041231
869	0	0	0	0.1	0.157877640743755	0.0282509264662282	0.103314611444994	0.215653720769958	0.112339109324964	0	0	0	0.2	0.287964015210881	0.0512756464098349	0.189047677256747	0.394040091837352	0.204992414580605	0	0	1	0.1	0.134081214316691	0.0239525764249871	0.0884589952554493	0.183947307436348	0.0954883121808982	0	0	1	0.2	0.285026594151916	0.0508675886954105	0.186966183160593	0.390213117535199	0.203246934374606	0	0	2	0.1	0.138988572720624	0.0248744872675381	0.0913994860403852	0.190629560120819	0.0992300740804336	0	0	2	0.2	0.303989385742891	0.0543433651908608	0.20029677051121	0.418289426670851	0.217992656159642	0	0	3	0.1	0.147604500899303	0.0264408169812822	0.0967601498789542	0.20368676029457	0.106926610415616	0	0	3	0.2	0.325725018913792	0.0583745493438941	0.214345220355695	0.447474933168146	0.233129712812451
771	0	0	0	0.1	0.25303744713464	0.0294279540829593	0.196472273544832	0.309149423991874	0.112677150447042	0	0	0	0.2	0.467559426626038	0.0536884727683273	0.357859140367304	0.571162282924629	0.213303142557325	0	0	1	0.1	0.222503994746532	0.0255891968911918	0.171438251583623	0.270725377783739	0.099287126200116	0	0	1	0.2	0.475440791782595	0.0543214619824941	0.367116409718075	0.577549100849651	0.210432691131576	0	0	2	0.1	0.233592372158599	0.0267865328272909	0.18066735714975	0.284732372863949	0.104065015714199	0	0	2	0.2	0.512683431819543	0.0587692572756235	0.397876999558406	0.624453315684077	0.226576316125671	0	0	3	0.1	0.249450668381276	0.0287396254452337	0.193637760014059	0.305060192507581	0.111422432493522	0	0	3	0.2	0.552302810188404	0.0635171362028853	0.428163332453026	0.675742700738985	0.247579368285959
844	0	0	0	0.1	0.229146598726033	0.027391812450601	0.176151262106445	0.279598080657258	0.103446818550814	0	0	0	0.2	0.41902475969724	0.0495364448742795	0.325262626079156	0.513302458395638	0.188039832316482	0	0	1	0.1	0.195211057737556	0.023150729394235	0.150961155816785	0.240459657622273	0.0894985018054887	0	0	1	0.2	0.415383172708147	0.0489761960352796	0.320309875351556	0.508118439698584	0.187808564347028	0	0	2	0.1	0.202358975177815	0.023859441748337	0.155907159761369	0.246329400917578	0.0904222411562095	0	0	2	0.2	0.443070048866833	0.0523206045368356	0.340361012301559	0.540077236946129	0.19971622464457	0	0	3	0.1	0.214813663308205	0.0254013777520588	0.164424234250651	0.261845958078345	0.0974217238276935	0	0	3	0.2	0.474391273950446	0.0561147516815842	0.364559334267937	0.577674701743422	0.213115367475485
798	0	0	0	0.1	0.229176778292453	0.0287010300800632	0.174483699292834	0.28603545542184	0.111551756129005	0	0	0	0.2	0.423462433386135	0.0525700688475824	0.322578537053092	0.525473853824299	0.202895316771207	0	0	1	0.1	0.200650142033709	0.025112936540005	0.152716083780789	0.248443503910123	0.0957274201293343	0	0	1	0.2	0.429532203907524	0.0534516422940004	0.326792938128451	0.531052915412329	0.204259977283877	0	0	2	0.1	0.21094998321258	0.0262504735824962	0.15944140509253	0.260395768966554	0.100954363874024	0	0	2	0.2	0.463552420218989	0.0576414210718825	0.350289152663506	0.573294254782504	0.223005102118997	0	0	3	0.1	0.225606962568243	0.0280579992440521	0.170009724765526	0.278592775334072	0.108583050568546	0	0	3	0.2	0.499688217782991	0.0622506488236632	0.375476719924297	0.620196973308835	0.244720253384538
910	0	0	0	0.1	0.233162540166082	0.0280576283640417	0.17993238535604	0.289776270686646	0.109843885330607	0	0	0	0.2	0.427541566232021	0.0509570318345487	0.332176954435856	0.527274238802999	0.195097284367144	0	0	1	0.1	0.198789955642211	0.023830341124851	0.15207181936925	0.244876897639083	0.0928050782698328	0	0	1	0.2	0.423592516239471	0.0505907120119134	0.324034744222966	0.520729389966101	0.196694645743134	0	0	2	0.1	0.206066470602321	0.0247407234659688	0.156049720114144	0.25371084276787	0.0976611226537264	0	0	2	0.2	0.451587074409989	0.0540664946293408	0.341451743516408	0.556112608827885	0.214660865311478	0	0	3	0.1	0.218748434842735	0.0262908572821284	0.165051828404321	0.269611187445324	0.104559359041002	0	0	3	0.2	0.483479791229416	0.0581295266700452	0.366370497277654	0.597505325955936	0.231134828678283
805	0	0	0	0.1	0.180959147879975	0.0279032959073042	0.12643862310039	0.236975863210604	0.110537240110214	0	0	0	0.2	0.335671360288775	0.0516029664481086	0.238012776421096	0.442506821061414	0.204494044640318	0	0	1	0.1	0.160056160516284	0.0246974045686531	0.113194117399011	0.210418256625159	0.0972241392261485	0	0	1	0.2	0.342893352781703	0.0527952472894165	0.24250170206658	0.45139764355163	0.20889594148505	0	0	2	0.1	0.168709234523671	0.0259981490270871	0.11911981334066	0.22039489402295	0.10127508068229	0	0	2	0.2	0.371038643259912	0.0571763076001242	0.264017862974582	0.485296910192752	0.22127904721817	0	0	3	0.1	0.180674435140217	0.0278535049915296	0.128877794823109	0.236792842497908	0.107915047674799	0	0	3	0.2	0.40047317238396	0.0618771765065078	0.285669245549715	0.524429188968971	0.238759943419256
818	0	0	0	0.1	0.225798358982526	0.0283713384919289	0.168980134160585	0.279866236918188	0.110886102757603	0	0	0	0.2	0.416863555084767	0.0518002115372424	0.312405602125165	0.516814794568146	0.204409192442981	0	0	1	0.1	0.196924704436492	0.0246867360915235	0.146500311545188	0.245639940620756	0.0991396290755687	0	0	1	0.2	0.421063152504516	0.0524519908555066	0.313619367523132	0.523762677726142	0.21014331020301	0	0	2	0.1	0.206371882780133	0.0258147107122945	0.15374661496208	0.25717088473205	0.10342426976997	0	0	2	0.2	0.453291622515114	0.0565456497888416	0.337722607230148	0.564288779524409	0.226566172294262	0	0	3	0.1	0.22037692594779	0.0276087561855053	0.163602756312538	0.274242794995945	0.110640038683407	0	0	3	0.2	0.487878225323883	0.061126591093952	0.364670473954089	0.605007455819084	0.240336981864995
814	0	0	0	0.1	0.245837471369815	0.0293032876905352	0.191388035681805	0.306566015531928	0.115177979850123	0	0	0	0.2	0.445383218326538	0.0525786197134861	0.348809992772605	0.555428002158929	0.206618009386323	0	0	1	0.1	0.203209297209422	0.024305986670581	0.158068835840523	0.254530878428732	0.0964620425882088	0	0	1	0.2	0.430067611791192	0.0510572400971037	0.33561632664109	0.538632950005696	0.203016623364606	0	0	2	0.1	0.207155813228848	0.0246981681754923	0.161974924237811	0.258711184969744	0.0967362607319327	0	0	2	0.2	0.452125046029229	0.053794035982627	0.352951646556877	0.564545679227233	0.211594032670356	0	0	3	0.1	0.218026139818505	0.0260154164232257	0.170697570202614	0.271298268318509	0.100600698115895	0	0	3	0.2	0.48029725836172	0.0572751738393399	0.374538784128698	0.60049467027792	0.225955886149222
830	0	0	0	0.1	0.235948084179295	0.0286928235644943	0.182615384730391	0.294995600319312	0.112380215588921	0	0	0	0.2	0.431851857696268	0.0521060728014478	0.335293675147337	0.537003466874635	0.201709791727298	0	0	1	0.1	0.202030880407899	0.0247168606865516	0.156613807600798	0.252460388085203	0.095846580484405	0	0	1	0.2	0.429297991372575	0.0522407318439521	0.332697639856814	0.534761371120415	0.202063731263601	0	0	2	0.1	0.209142015395925	0.0255758281844749	0.162727337632009	0.260609726099351	0.0978823884673414	0	0	2	0.2	0.457461170437168	0.0559709191110522	0.356158502979186	0.570165593642297	0.214007090663111	0	0	3	0.1	0.221798631650703	0.0272184587261595	0.172721929987309	0.276464911917497	0.103742981930188	0	0	3	0.2	0.489544337008352	0.0601017023442463	0.380089300602979	0.609210889013023	0.229121588410045
821	0	0	0	0.1	0.212212202379247	0.0275966411494969	0.157964555678469	0.266617478650916	0.108652922972447	0	0	0	0.2	0.394052962338903	0.0507965331718466	0.295189456266442	0.493012269856593	0.197822813590152	0	0	1	0.1	0.187303147637503	0.0242966333519496	0.139014181651206	0.231467824055673	0.0924536424044672	0	0	1	0.2	0.401833438012127	0.0518446912225016	0.299423315070022	0.496840586101079	0.197417271031057	0	0	2	0.1	0.197498287280798	0.0255824546677503	0.148158226766844	0.244857797510239	0.0966995707433953	0	0	2	0.2	0.434728346569907	0.0561855064903639	0.326286432911512	0.539954871252912	0.2136684383414	0	0	3	0.1	0.211505820725277	0.0274228601584391	0.158532719095293	0.261724537146689	0.103191818051396	0	0	3	0.2	0.469192489405399	0.0608514963343669	0.352363718202391	0.580828143890656	0.228464425688266
841	0	0	0	0.1	0.220492478074766	0.0286041491249135	0.165090024731248	0.275879101370749	0.110789076639501	0	0	0	0.2	0.406209871464758	0.0519262837742702	0.305723839135965	0.50776115624949	0.202037317113525	0	0	1	0.1	0.191078281548698	0.0243443305711819	0.143763626995343	0.237715467604142	0.093951840608799	0	0	1	0.2	0.408371887516544	0.0516836254611379	0.305062989545752	0.507850005914395	0.202787016368642	0	0	2	0.1	0.199911489829114	0.0253636773785551	0.149174688707978	0.247933183822252	0.0987584951142737	0	0	2	0.2	0.438820654940015	0.0555222138790315	0.327960917821602	0.54678410694159	0.218823189119988	0	0	3	0.1	0.213241785104122	0.0271329851652686	0.159547126294034	0.265916056643988	0.106368930349954	0	0	3	0.2	0.472055687463481	0.059861935359019	0.350955112399962	0.588283766760547	0.237328654360585
909	0	0	0	0.1	0.200257601435352	0.0282244709845566	0.146896562874028	0.257701010941866	0.110804448067838	0	0	0	0.2	0.36824091385065	0.0513008597026355	0.270031900873857	0.473681539383625	0.203649638509768	0	0	1	0.1	0.174705723986168	0.0242574279012128	0.128344837409626	0.224431336045712	0.0960864986360867	0	0	1	0.2	0.372387178481763	0.0513972607523582	0.271313378012707	0.478455014004532	0.207141635991825	0	0	2	0.1	0.18288359860919	0.0252209725695953	0.134642195379581	0.232646543861064	0.0980043484814825	0	0	2	0.2	0.400764345771374	0.0551539144232299	0.293965250268054	0.508827061174957	0.214861810906903	0	0	3	0.1	0.195165799554291	0.0269052924573272	0.143718032121109	0.248206978180325	0.104488946059216	0	0	3	0.2	0.431390079224946	0.0593847277781475	0.31614236682989	0.546289031829	0.230146664999109
848	0	0	0	0.1	0.201608474198824	0.0281314263960688	0.148106107012981	0.254861048226365	0.106754941213383	0	0	0	0.2	0.370470688471821	0.0511507944220888	0.273749997408726	0.468586086358408	0.194836088949682	0	0	1	0.1	0.172656284075819	0.0238064030847771	0.127313899911525	0.219114330709193	0.0918004307976683	0	0	1	0.2	0.368566787035847	0.0505351680867578	0.27005024683574	0.466880280186994	0.196830033351254	0	0	2	0.1	0.179644458870044	0.0246052795086577	0.132924420288706	0.226850742141201	0.0939263218524945	0	0	2	0.2	0.394158120259173	0.0538519718247163	0.291113562792378	0.497288171263867	0.20617460847149	0	0	3	0.1	0.191123982333672	0.0261870915231561	0.139814818380713	0.24116656252984	0.101351744149127	0	0	3	0.2	0.422795036713369	0.0577267418214064	0.313058245755963	0.533693504713178	0.220635258957215
779	0	0	0	0.1	0.21388616000474	0.0288289426419476	0.156358574774696	0.269418667209544	0.113060092434847	0	0	0	0.2	0.389854496595795	0.0519880063111128	0.285556932992858	0.490972321903181	0.205415388910323	0	0	1	0.1	0.17944268257604	0.0239840469672073	0.131335102745393	0.227621224642299	0.0962861218969054	0	0	1	0.2	0.381311180585352	0.0507351876004432	0.281792490290608	0.48159887171029	0.199806381419682	0	0	2	0.1	0.184721984936473	0.0246762787491974	0.136822449674718	0.233619944528289	0.0967974948535709	0	0	2	0.2	0.404126676751451	0.053846311188335	0.299035952502024	0.511302713686707	0.212266761184684	0	0	3	0.1	0.195514420441011	0.0260763623629743	0.144995608783341	0.247873722833959	0.102878114050618	0	0	3	0.2	0.431448929406183	0.0575704201171414	0.32181771756252	0.547644665953069	0.225826948390549
826	0	0	0	0.1	0.218374397009353	0.0287521212221374	0.165287888492956	0.27252048960837	0.107232601115413	0	0	0	0.2	0.40077510900982	0.0520964386278491	0.303581733409388	0.498574738628564	0.194993005219176	0	0	1	0.1	0.185782162689927	0.0239863712026916	0.141757548251578	0.232878508284442	0.0911209600328643	0	0	1	0.2	0.396285920327245	0.0508663643079864	0.301952987827437	0.494149797125512	0.192196809298075	0	0	2	0.1	0.192534344127791	0.0246816861089686	0.146893204524824	0.240761622011975	0.0938684174871511	0	0	2	0.2	0.422353315492622	0.0540548985716014	0.321360725357168	0.527877791379174	0.206517066022005	0	0	3	0.1	0.204437229207778	0.0262161514739207	0.155804813490348	0.255319434933732	0.0995146214433845	0	0	3	0.2	0.452080882378708	0.0579159936176817	0.344325611140035	0.563602894072742	0.219277282932707
827	0	0	0	0.1	0.226189359815366	0.0292836547045379	0.168666260709396	0.284205051793082	0.115538791083687	0	0	0	0.2	0.418208987911177	0.0537959947442694	0.314744445558725	0.526511677355485	0.21176723179676	0	0	1	0.1	0.197190996035468	0.0254720777277019	0.148001265189471	0.248582510435724	0.100581245246253	0	0	1	0.2	0.421682893517823	0.0543631762406669	0.316679130974457	0.532614194942119	0.215935063967662	0	0	2	0.1	0.206240087909833	0.0266117631891105	0.155355894893246	0.258343049483488	0.102987154590242	0	0	2	0.2	0.452957475509057	0.0584678115723071	0.342593344152586	0.568074042672866	0.22548069852028	0	0	3	0.1	0.219808326429038	0.0284373729501725	0.165903435584831	0.274933969799284	0.109030534214453	0	0	3	0.2	0.486847900875084	0.0631041309689543	0.366100302693042	0.609563838084334	0.243463535391293
832	0	0	0	0.1	0.20419690036576	0.0282357075103813	0.14876203979682	0.258109826743233	0.109347786946413	0	0	0	0.2	0.374959201567802	0.0512255921035893	0.274946716727302	0.472122875800667	0.197176159073365	0	0	1	0.1	0.17427253601373	0.0238871779804694	0.129720520693354	0.220126869200636	0.0904063485072827	0	0	1	0.2	0.371304293797076	0.0506126702747641	0.275176743456251	0.469797137402291	0.19462039394604	0	0	2	0.1	0.180387184266159	0.0246821434144473	0.134170965258229	0.229664346492812	0.0954933812345831	0	0	2	0.2	0.395448515510355	0.0539455197194738	0.295600573617936	0.503756075917063	0.208155502299127	0	0	3	0.1	0.191372811002988	0.0261663499404839	0.142783572898144	0.244552720147041	0.101769147248897	0	0	3	0.2	0.423205160566951	0.057742387104549	0.314252511517908	0.541256884316988	0.227004372799079
915	0	0	0	0.1	0.198076516820909	0.027245163551839	0.146713887981675	0.252348738431828	0.105634850450153	0	0	0	0.2	0.367675711991636	0.0499150687928714	0.273002973737648	0.467509997053386	0.194507023315738	0	0	1	0.1	0.173810494217128	0.0235082486109249	0.128299227020821	0.220174328366711	0.0918751013458899	0	0	1	0.2	0.373148644173601	0.0502524782391434	0.275152595875294	0.471342586781855	0.196189990906561	0	0	2	0.1	0.183079206342565	0.0246821241272902	0.135560014197944	0.230898370459655	0.0953383562617109	0	0	2	0.2	0.403056617763005	0.0542945203233462	0.298130305877314	0.507499236329247	0.209368930451933	0	0	3	0.1	0.195917138266803	0.0264235171677882	0.144447250634664	0.246128417699615	0.101681167064951	0	0	3	0.2	0.434784182295239	0.0587218643352363	0.3212824622104	0.547689212979767	0.226406750769367
813	0	0	0	0.1	0.224309912342593	0.0276520233923092	0.17117505426099	0.280643368051091	0.109468313790101	0	0	0	0.2	0.415714519489031	0.0508307633933825	0.318254874105246	0.517187384204834	0.198932510099587	0	0	1	0.1	0.197465747862532	0.0243451387023427	0.150953645591869	0.245154664992134	0.0942010194002652	0	0	1	0.2	0.422980754416913	0.0518876545397668	0.323436280788304	0.522761315238877	0.199325034450573	0	0	2	0.1	0.20772988746455	0.025566342491625	0.160132470388612	0.257282400333609	0.0971499299449979	0	0	2	0.2	0.456671521914471	0.0561844043740962	0.352147602010333	0.564666087501472	0.212518485491139	0	0	3	0.1	0.222125675143207	0.0273986824874637	0.171307924608585	0.274509204478627	0.103201279870042	0	0	3	0.2	0.492310651752141	0.0607895850770278	0.381938329974324	0.610330368263711	0.228392038289387
895	0	0	0	0.1	0.214844714831658	0.0283989449340207	0.159659425557776	0.269106284423026	0.109446858865249	0	0	0	0.2	0.396116572318958	0.0518658491266471	0.295147852799891	0.495849717534441	0.200701864734549	0	0	1	0.1	0.185910116037999	0.0245426399973689	0.138740856862708	0.232760684102504	0.0940198272397957	0	0	1	0.2	0.396401595364504	0.0520955700180613	0.295727769972535	0.498511628634423	0.202783858661889	0	0	2	0.1	0.193258868066272	0.0254946659791106	0.144358038052086	0.244214856834901	0.0998568187828144	0	0	2	0.2	0.423771899482945	0.0558309201353837	0.316462503895619	0.537554646209183	0.221092142313564	0	0	3	0.1	0.205330052153136	0.0272445860278696	0.152884923607563	0.25990272607401	0.107017802466447	0	0	3	0.2	0.454281072929319	0.060210122352449	0.338911373479781	0.573780431361788	0.234869057882008
780	0	0	0	0.1	0.214204763528168	0.0284942148604131	0.159464384618521	0.272149994699319	0.112685610080798	0	0	0	0.2	0.396019127718168	0.0522727111047646	0.297082210279603	0.504136831323506	0.207054621043903	0	0	1	0.1	0.187826275201893	0.0249281980705737	0.140324038292375	0.241116593222372	0.100792554929997	0	0	1	0.2	0.401690655305902	0.0530922154020276	0.301109705340836	0.515970871035756	0.21486116569492	0	0	2	0.1	0.197146481766963	0.0261473099113525	0.147096969880745	0.253869914053517	0.106772944172772	0	0	2	0.2	0.432972128628032	0.0573212085954664	0.323936154480467	0.558977608550793	0.235041454070326	0	0	3	0.1	0.210554066361423	0.0279513517477261	0.158024764964025	0.271575824238172	0.113551059274147	0	0	3	0.2	0.466307127321989	0.0619550337233491	0.348840627366928	0.60015833398405	0.251317706617122
903	0	0	0	0.1	0.182355435111415	0.0282533075287406	0.130419382315392	0.240532108000711	0.110112725685319	0	0	0	0.2	0.333749406308001	0.0513586975799106	0.239107934463652	0.436524439413137	0.197416504949486	0	0	1	0.1	0.15338839324019	0.0237482768860684	0.110046371878209	0.201371123582418	0.0913247517042086	0	0	1	0.2	0.326974304518592	0.0504275077032062	0.233551690890115	0.428027608619571	0.194475917729456	0	0	2	0.1	0.158398134261884	0.0245382762356343	0.113220602602796	0.207565870150759	0.0943452675479632	0	0	2	0.2	0.347224714999095	0.0537845128555915	0.247219237934771	0.454711444875448	0.207492206940677	0	0	3	0.1	0.167877790543083	0.026064432474659	0.119724353115699	0.220514460193968	0.100790107078269	0	0	3	0.2	0.371128737338803	0.0576512236088899	0.265547813545106	0.487398764048469	0.221850950503363
888	0	0	0	0.1	0.225527425363754	0.0283098234795429	0.172093256988302	0.284448146319893	0.11235488933159	0	0	0	0.2	0.417904710855512	0.0518187769567804	0.31925503002689	0.525272197812316	0.206017167785426	0	0	1	0.1	0.195833482246073	0.0243630485949787	0.149215420727627	0.245959480543946	0.0967440598163191	0	0	1	0.2	0.42059173188459	0.0519649205489942	0.320483110508136	0.529371622450992	0.208888511942856	0	0	2	0.1	0.205789517322205	0.0254377158332855	0.157202421738151	0.258571812635666	0.101369390897515	0	0	2	0.2	0.45332032286731	0.0559531880505814	0.347911613855593	0.567412378888611	0.219500765033018	0	0	3	0.1	0.220047307345375	0.027171164346232	0.168994099587782	0.274978491638498	0.105984392050716	0	0	3	0.2	0.488428018203438	0.0603869869561822	0.37656018572518	0.609676038187022	0.233115852461841
877	0	0	0	0.1	0.149776864770199	0.0279573647701535	0.0938780592629048	0.203972091778243	0.110094032515338	0	0	0	0.2	0.277535248734564	0.0516152483470652	0.174314974608113	0.375757225128272	0.20144225052016	0	0	1	0.1	0.132956093190416	0.0247709011501704	0.0841131956611964	0.181113034080453	0.0969998384192568	0	0	1	0.2	0.284321047008849	0.0529449567940275	0.179845621444732	0.38593691147686	0.206091290032128	0	0	2	0.1	0.140130573505355	0.0261397333267799	0.0890285406062011	0.190575271608297	0.101546731002096	0	0	2	0.2	0.307708836038694	0.0573924301496746	0.195802921197908	0.415859427245348	0.22005650604744	0	0	3	0.1	0.149971398450351	0.0280308910208733	0.0949237543540361	0.202235551314485	0.107311796960449	0	0	3	0.2	0.332178082629173	0.0621421023074306	0.211053060889998	0.449224937896404	0.238171877006406
861	0	0	0	0.1	0.198314469598795	0.0285264227219443	0.141704490903444	0.254516684221087	0.112812193317644	0	0	0	0.2	0.370227475495729	0.0527507555846651	0.265950895232674	0.47281457773468	0.206863682502007	0	0	1	0.1	0.177809044449897	0.025361552958467	0.126075702712043	0.226433969422795	0.100358266710752	0	0	1	0.2	0.382548758983766	0.0543108051113283	0.271585121096141	0.487779248828802	0.216194127732661	0	0	2	0.1	0.18890170012379	0.0267999363334385	0.133539791754137	0.241558189985607	0.108018398231471	0	0	2	0.2	0.416356239788537	0.0591203852364141	0.29443496158904	0.533609539965114	0.239174578376074	0	0	3	0.1	0.203001893888087	0.0288575081053088	0.142854539676678	0.25934913688103	0.116494597204352	0	0	3	0.2	0.450891225607886	0.0640848475825765	0.318017406711145	0.577117726272137	0.259100319560992
911	0	0	0	0.1	0.217160209686691	0.0285983641041474	0.161065174198653	0.274618296342932	0.113553122144279	0	0	0	0.2	0.396577401752505	0.0517965606912869	0.294786169973931	0.502151446944804	0.207365276970873	0	0	1	0.1	0.18342014601391	0.0241375802114826	0.13575616839637	0.234464600407467	0.0987084320110969	0	0	1	0.2	0.390177198837148	0.0510453309329735	0.288168749200435	0.496344894061691	0.208176144861256	0	0	2	0.1	0.189447924067684	0.0248140054575109	0.140135951855923	0.240071589397854	0.0999356375419311	0	0	2	0.2	0.41454861394155	0.0542106805261204	0.306377654477849	0.525558980750121	0.219181326272272	0	0	3	0.1	0.200698468839991	0.0262715106390793	0.148695617089641	0.255275804306272	0.106580187216632	0	0	3	0.2	0.44314318947503	0.0579273282176681	0.328513622745534	0.562527804831713	0.234014182086178
878	0	0	0	0.1	0.282323222281525	0.0302386407224196	0.223293282430661	0.342464337031795	0.119171054601134	0	0	0	0.2	0.519701835159836	0.0546829259953749	0.412492030016968	0.628274462115025	0.215782432098057	0	0	1	0.1	0.239960184050526	0.0253789820133179	0.191197308366916	0.291871329470473	0.100674021103556	0	0	1	0.2	0.512450037570533	0.0537300794776953	0.408817950757901	0.623040736756507	0.214222785998606	0	0	2	0.1	0.248154949689509	0.0261174178057087	0.197821943757912	0.301779174089626	0.103957230331714	0	0	2	0.2	0.544799789700726	0.0571511044444734	0.434252754199073	0.662608698680715	0.228355944481642	0	0	3	0.1	0.262940569368388	0.0276651593555538	0.209596741069055	0.318731003084822	0.109134262015768	0	0	3	0.2	0.582233697357802	0.0612221788820114	0.464726401694001	0.704324154608503	0.239597752914502
853	0	0	0	0.1	0.177865395337338	0.0272847092515999	0.124765143222589	0.230269991967573	0.105504848744983	0	0	0	0.2	0.323845258548192	0.0495672511767118	0.228111517672415	0.418401435636676	0.190289917964262	0	0	1	0.1	0.148392654382444	0.0229427588353799	0.105715866656333	0.194927726568686	0.0892118599123523	0	0	1	0.2	0.316071354317602	0.0488006459889833	0.225675356692878	0.4154964777683	0.189821121075421	0	0	2	0.1	0.153400431881429	0.0237636902550072	0.109008436414445	0.200820765080965	0.0918123286665199	0	0	2	0.2	0.335969779005762	0.052151502094282	0.239341403149925	0.438914852973098	0.199573449823173	0	0	3	0.1	0.162709605785806	0.0252899188120721	0.11579351904217	0.212909064638579	0.097115545596409	0	0	3	0.2	0.359416564725643	0.0560345701468325	0.256352997089717	0.468513566722461	0.212160569632744
904	0	0	0	0.1	0.233474335146632	0.0279419961786582	0.179890372975587	0.289419652268823	0.109529279293236	0	0	0	0.2	0.430248928405708	0.0509359292001234	0.333704886729186	0.532997504431978	0.199292617702793	0	0	1	0.1	0.203648239266028	0.0242566326751898	0.15803427371202	0.252477973118269	0.0944436994062489	0	0	1	0.2	0.434830236672502	0.0514591430687674	0.337669955444359	0.541552850845129	0.20388289540077	0	0	2	0.1	0.213297145484986	0.0253456812190699	0.16561359800671	0.26431292249253	0.0986993244858193	0	0	2	0.2	0.46790950668878	0.0555193396705216	0.364729330081009	0.579416322011321	0.214686991930312	0	0	3	0.1	0.227542562016028	0.0269943127222323	0.176265453005643	0.281401165993095	0.105135712987452	0	0	3	0.2	0.503497657985126	0.0598295813012448	0.391416408827213	0.623288556407655	0.231872147580442
952	0	0	0	0.1	0.21553641468148	0.0286563482418933	0.16240257374202	0.272467476616973	0.110064902874952	0	0	0	0.2	0.397603784740919	0.0523559132523	0.299237267649778	0.498723723515673	0.199486455865895	0	0	1	0.1	0.188700507748836	0.0251263298795013	0.142136990610025	0.236686056588284	0.0945490659782594	0	0	1	0.2	0.402910275977991	0.0533433062880108	0.301926432541534	0.504741836959926	0.202815404418392	0	0	2	0.1	0.197756620625051	0.0263530792396743	0.147333547481634	0.248734884244483	0.101401336762849	0	0	2	0.2	0.433862122755826	0.0577224289672971	0.325167907125952	0.541957773947376	0.216789866821424	0	0	3	0.1	0.211148573460664	0.0282062679047721	0.156991329116994	0.265098369143164	0.10810704002617	0	0	3	0.2	0.467117754526219	0.0623505195945234	0.349432728845082	0.588589125456473	0.239156396611392
900	0	0	0	0.1	0.212412103157055	0.0277127065401832	0.157522467113737	0.2681915630994	0.110669095985663	0	0	0	0.2	0.394182523999599	0.0511987973729163	0.292129363347661	0.497375813684007	0.205246450336346	0	0	1	0.1	0.185820772391655	0.0244347815994083	0.136067555442479	0.234119283778517	0.0980517283360377	0	0	1	0.2	0.398902920657904	0.0523710572544756	0.295619059413336	0.502768103242339	0.207149043829003	0	0	2	0.1	0.195445197285983	0.0258125165877723	0.143631181432101	0.246193368972685	0.102562187540583	0	0	2	0.2	0.430319591737976	0.0568556620024103	0.31735949619358	0.54434682735951	0.22698733116593	0	0	3	0.1	0.20901348769953	0.0276807672590362	0.153531251111772	0.265444030162734	0.111912779050963	0	0	3	0.2	0.463787097317049	0.0615430298557672	0.342111945183798	0.587420194007243	0.245308248823445
868	0	0	0	0.1	0.234424735478163	0.0275360668145372	0.181428008428091	0.289359640082922	0.10793163165483	0	0	0	0.2	0.432013762461704	0.0502658524090143	0.335435243605817	0.529493428261972	0.194058184656155	0	0	1	0.1	0.203187672249331	0.0240388853889794	0.15607266187476	0.25006178399483	0.0939891221200701	0	0	1	0.2	0.434595322887968	0.0512370226186201	0.332685577934608	0.532945765770795	0.200260187836187	0	0	2	0.1	0.212779095439589	0.0253551748981191	0.163758882423985	0.262888072186336	0.0991291897623506	0	0	2	0.2	0.46733905971651	0.055688953379854	0.359823862588363	0.576990173753614	0.217166311165251	0	0	3	0.1	0.227153414918278	0.0272117373971	0.174021012538066	0.280966441646203	0.106945429108137	0	0	3	0.2	0.502787662735075	0.0604253565373692	0.386381273414788	0.621536278780851	0.235155005366063
854	0	0	0	0.1	0.220432594876	0.027351451850922	0.167440993655044	0.27656765361676	0.109126659961716	0	0	0	0.2	0.40568530019603	0.0497683241745618	0.310772062082094	0.509165982906531	0.198393920824438	0	0	1	0.1	0.190653697188734	0.0235841935916389	0.145312291337909	0.242865965218083	0.0975536738801736	0	0	1	0.2	0.407649372079208	0.0502268883484816	0.310514006285745	0.518080210703647	0.207566204417902	0	0	2	0.1	0.199727389259722	0.0248383975912315	0.152509503368267	0.253707654819353	0.101198151451086	0	0	2	0.2	0.438457645136661	0.0545740153981413	0.332226784454812	0.554571544779545	0.222344760324733	0	0	3	0.1	0.21317372409968	0.0266925068964406	0.162166755483714	0.268321870312975	0.106155114829261	0	0	3	0.2	0.471889390958673	0.0591678100218158	0.356550715736322	0.595513969891289	0.238963254154968
842	0	0	0	0.1	0.191011848455147	0.0283298705013778	0.137552335034779	0.246122988799707	0.108570653764928	0	0	0	0.2	0.35260660663994	0.0517185372515118	0.252628626867653	0.452652575835399	0.200023948967747	0	0	1	0.1	0.168501593082252	0.0248883605580976	0.119955908676992	0.21518541560357	0.095229506926578	0	0	1	0.2	0.359909255439582	0.0528151406207726	0.256281151419361	0.458338002952097	0.202056851532736	0	0	2	0.1	0.177340785009374	0.0260683875897009	0.125768795535458	0.225382584719353	0.0996137891838951	0	0	2	0.2	0.389066676486048	0.0569515283329914	0.274869159363267	0.493035732075869	0.218166572712602	0	0	3	0.1	0.189729211427698	0.0278493739946838	0.134738533948005	0.241684455255804	0.106945921307799	0	0	3	0.2	0.419622492708451	0.0613771816190503	0.297310128713891	0.533119018383777	0.235808889669886
884	0	0	0	0.1	0.27223331359064	0.0306959135843325	0.210406462958312	0.334325205996087	0.123918743037775	0	0	0	0.2	0.503127582666042	0.0558710747596463	0.38928793649957	0.616843592469514	0.227555655969944	0	0	1	0.1	0.236513826036308	0.026359497614761	0.183384098634129	0.290734502144251	0.107350403510121	0	0	1	0.2	0.505541888234618	0.0559142733810288	0.392151754276127	0.620937190331275	0.228785436055148	0	0	2	0.1	0.246798971010196	0.0273779551536866	0.191849323365036	0.303823558653736	0.1119742352887	0	0	2	0.2	0.542061374533951	0.0599812941563202	0.421198290074903	0.665365624863048	0.244167334788145	0	0	3	0.1	0.262732046498303	0.0291513457286769	0.204001948380162	0.323650527097567	0.119648578717405	0	0	3	0.2	0.582122389356383	0.0645752333509067	0.451712468245418	0.716566694426949	0.264854226181531
819	0	0	0	0.1	0.204437756234136	0.0267554929896111	0.153876307934986	0.257836043579364	0.103959735644379	0	0	0	0.2	0.376254205604423	0.0489206597496713	0.284163179745462	0.473064441847549	0.188901262102086	0	0	1	0.1	0.178996708548418	0.0234207095824933	0.135267253533293	0.225534299546076	0.0902670460127828	0	0	1	0.2	0.381891857407044	0.0498183886902274	0.287464860157071	0.482369783239727	0.194904923082657	0	0	2	0.1	0.187816346162383	0.0245581086210157	0.140816953464485	0.236681139709056	0.095864186244571	0	0	2	0.2	0.411792221519533	0.0538441018025295	0.310197524442582	0.520252166964488	0.210054642521906	0	0	3	0.1	0.200688282630599	0.0262523875886734	0.151572629998815	0.254218559045634	0.102645929046819	0	0	3	0.2	0.443689311459819	0.0581599049348493	0.334113341810107	0.564205078220465	0.230091736410359
785	0	0	0	0.1	0.2474432236019	0.0273256237281522	0.193610830456689	0.304297691388248	0.110686860931559	0	0	0	0.2	0.455991865416348	0.0497690821794246	0.359577835929769	0.55939013995383	0.199812304024062	0	0	1	0.1	0.215142856452081	0.0235970140540324	0.171509676065146	0.263599164443645	0.0920894883784987	0	0	1	0.2	0.459659677297577	0.0500987361421338	0.368321291714676	0.563594207915194	0.195272916200518	0	0	2	0.1	0.225191745791027	0.0246457654103791	0.179487100583854	0.276585476194099	0.0970983756102454	0	0	2	0.2	0.494171685736394	0.0540224205951057	0.392801474232165	0.608130002202481	0.215328527970316	0	0	3	0.1	0.24018729647562	0.0263143610544938	0.190133701105504	0.29634825660211	0.106214555496606	0	0	3	0.2	0.531638298169539	0.0583575988030942	0.420085906961095	0.655313764624928	0.235227857663832
871	0	0	0	0.1	0.153630230149064	0.0257441997878614	0.101191415466383	0.203740388136893	0.102548972670511	0	0	0	0.2	0.284584040039603	0.0473413109169031	0.189118588177993	0.375820992875564	0.186702404697571	0	0	1	0.1	0.137590596927947	0.0227855339070053	0.0922392861728115	0.181880192319592	0.0896409061467806	0	0	1	0.2	0.294608806327224	0.0486505818728879	0.198544916201334	0.390560208814917	0.192015292613583	0	0	2	0.1	0.146071915921633	0.0241226054428103	0.0984195625538811	0.193317574148542	0.0948980115946614	0	0	2	0.2	0.320993067049729	0.0530104518922173	0.216946015301732	0.425014800394345	0.208068785092613	0	0	3	0.1	0.157147088584611	0.0259830709355401	0.106125073831611	0.207714155236279	0.101589081404669	0	0	3	0.2	0.347922767627459	0.0575902526681879	0.235194886662091	0.460783722541828	0.225588835879736
901	0	0	0	0.1	0.196156759103006	0.0273451663632357	0.143361417440817	0.250958794914153	0.107597377473336	0	0	0	0.2	0.360366366292583	0.0497888716925066	0.26332961394442	0.45901573459604	0.19568612065162	0	0	1	0.1	0.167438609248622	0.0233976887840478	0.122176590910233	0.214179015228803	0.0920024243185702	0	0	1	0.2	0.357633986365447	0.0496794901075918	0.261238104257485	0.455448828592195	0.194210724334711	0	0	2	0.1	0.174176254867737	0.0242901010175498	0.127914556738763	0.222060055828406	0.0941454990896435	0	0	2	0.2	0.382241311885697	0.0532625917633683	0.278606548031586	0.487397901495707	0.20879135346412	0	0	3	0.1	0.185220101467899	0.0258809311669028	0.135087077498604	0.236543942358279	0.101456864859675	0	0	3	0.2	0.409980685434848	0.057284806550842	0.297829243640923	0.522020940695103	0.22419169705418
960	0	0	0	0.1	0.227375463171548	0.0272208035338036	0.174045300172496	0.27987040102244	0.105825100849944	0	0	0	0.2	0.415663291223862	0.0492984528153259	0.318961681463401	0.514324291273653	0.195362609810252	0	0	1	0.1	0.188733080731505	0.0224305393712893	0.145270975803959	0.234786622240937	0.0895156464369778	0	0	1	0.2	0.402784091624678	0.0476294544757732	0.311491509322052	0.498497753873934	0.187006244551881	0	0	2	0.1	0.194269169236516	0.0230627392417892	0.150070108843213	0.240700674551878	0.090630565708665	0	0	2	0.2	0.426236409315162	0.0505748460414157	0.329299516240463	0.525705191915779	0.196405675675316	0	0	3	0.1	0.205573062502713	0.0244491343858243	0.158692758745371	0.254501746847198	0.0958089881018278	0	0	3	0.2	0.454735974506858	0.0541923030396323	0.350384116287741	0.561419101267074	0.211034984979332
859	0	0	0	0.1	0.225331053216206	0.0270794564688972	0.174417712602081	0.279025964037772	0.104608251435691	0	0	0	0.2	0.417496514557696	0.049687927374165	0.324669406073047	0.514376083421512	0.189706677348466	0	0	1	0.1	0.196704884975658	0.0235042959646385	0.152793733369203	0.243448171273467	0.0906544379042638	0	0	1	0.2	0.422005871546817	0.0501305819192281	0.328777991331049	0.522395353949273	0.193617362618225	0	0	2	0.1	0.206816475319909	0.0246025192259982	0.160788140349718	0.256700935126036	0.0959127947763182	0	0	2	0.2	0.455159044534456	0.0541428678303843	0.354067276270266	0.563233237862422	0.209165961592157	0	0	3	0.1	0.221116199775482	0.0263191079866893	0.17151781318571	0.273934800013345	0.102416986827635	0	0	3	0.2	0.490455551858345	0.0585625990414151	0.379955080436496	0.608779606975214	0.228824526538718
828	0	0	0	0.1	0.28349111965062	0.0310369020283879	0.226776882057152	0.35000766986417	0.123230787807018	0	0	0	0.2	0.525893048614053	0.0571668051059345	0.420830481453539	0.650346486399786	0.229516004946247	0	0	1	0.1	0.2518337753822	0.0276352860648847	0.200936929029001	0.310789419973827	0.109852490944826	0	0	1	0.2	0.537618951946621	0.058927016514449	0.43028064730822	0.66193832939386	0.23165768208564	0	0	2	0.1	0.264010251599609	0.0291924329227444	0.210583769022517	0.325458820298332	0.114875051275815	0	0	2	0.2	0.579440238764075	0.0642563083768703	0.463205806556802	0.714319163109352	0.25111335655255	0	0	3	0.1	0.281633547957793	0.0314672970655639	0.224899487653557	0.346708607987079	0.121809120333522	0	0	3	0.2	0.623579888298891	0.069785491761629	0.49793912009887	0.765318997517208	0.267379877418339
894	0	0	0	0.1	0.218014175522992	0.0284399096309907	0.159886952201181	0.27426498612493	0.114378033923749	0	0	0	0.2	0.403989466011975	0.052018341921089	0.298329768640641	0.505542636711034	0.207212868070392	0	0	1	0.1	0.190331294260408	0.0243071402231318	0.142088278746076	0.237163902183842	0.0950756234377653	0	0	1	0.2	0.408589823500167	0.0519269284636534	0.304699318088515	0.508225807338143	0.203526489249628	0	0	2	0.1	0.200319759001747	0.0254535449454758	0.149998070798428	0.249120797623509	0.0991227268250808	0	0	2	0.2	0.441093236297648	0.0559909517532437	0.330616483534418	0.54880686346964	0.218190379935222	0	0	3	0.1	0.214334876125385	0.0272198836009949	0.160584726998398	0.265766146900248	0.105181419901851	0	0	3	0.2	0.475474009195784	0.0604858248973571	0.356362942310295	0.590215944746796	0.233853002436501
920	0	0	0	0.1	0.179215065799454	0.0270654230848274	0.12534217480788	0.235990339235918	0.110648164428038	0	0	0	0.2	0.329204350430198	0.049341924052835	0.232446006303729	0.433234729533159	0.20078872322943	0	0	1	0.1	0.154343906596298	0.0231520427669531	0.107866729108207	0.201726143648078	0.0938594145398712	0	0	1	0.2	0.329454747379525	0.0491743527418939	0.2318719812048	0.43089784799456	0.19902586678976	0	0	2	0.1	0.161122295213994	0.0241041711978274	0.114345390876197	0.210411448249754	0.0960660573735574	0	0	2	0.2	0.353422718911818	0.0528228551690151	0.251428779546702	0.463763353145851	0.212334573599149	0	0	3	0.1	0.171711294221246	0.0256900088814436	0.1212794090748	0.224474011217869	0.103194602143069	0	0	3	0.2	0.379702339946479	0.0568453524099493	0.26893093561579	0.498139321819924	0.229208386204134
954	0	0	0	0.1	0.21514319303695	0.0288450600459239	0.161078625226341	0.273945353950793	0.112866728724451	0	0	0	0.2	0.399130086071755	0.052989172573211	0.299785510315039	0.506375841897929	0.20659033158289	0	0	1	0.1	0.192289115035427	0.0258556581296247	0.144967457470389	0.246523116797437	0.101555659327049	0	0	1	0.2	0.411770185776784	0.0549671228304114	0.312294595102957	0.524625293726266	0.212330698623309	0	0	2	0.1	0.203523406840079	0.0272615729994751	0.154195144530569	0.260842287576608	0.106647143046039	0	0	2	0.2	0.447366106711963	0.0597223022025128	0.339390521040455	0.57335378552601	0.233963264485555	0	0	3	0.1	0.218443395520757	0.0292264221745919	0.164777711150371	0.280510800536584	0.115733089386213	0	0	3	0.2	0.483952889719635	0.0646743607355137	0.364806006500768	0.618922535395549	0.254116528894781
873	0	0	0	0.1	0.245297651898926	0.0290577300657106	0.190657243934583	0.299025259585733	0.108368015651149	0	0	0	0.2	0.45203664711911	0.0529806263710326	0.352585012587196	0.550489308530753	0.197904295943557	0	0	1	0.1	0.210310807680835	0.0250288365434542	0.164118381304823	0.257893978901979	0.0937755975971561	0	0	1	0.2	0.449443629494512	0.053195615194872	0.348584760001714	0.5512195821086	0.202634822106886	0	0	2	0.1	0.218653838405291	0.0260199095803803	0.16973175324793	0.268775651874522	0.0990438986265911	0	0	2	0.2	0.480139554522274	0.0570244336100172	0.373139395966817	0.590291012660331	0.217151616693514	0	0	3	0.1	0.232366615435056	0.0277106877126741	0.179202370764785	0.286471742886743	0.107269372121958	0	0	3	0.2	0.514526785332571	0.0613682683138409	0.396422958881427	0.634736165911744	0.238313207030318
864	0	0	0	0.1	0.170642942730768	0.0290120694965677	0.113444656928547	0.226359226827548	0.112914569899001	0	0	0	0.2	0.314662408745864	0.0531590371362053	0.207355149700036	0.41627582075721	0.208920671057175	0	0	1	0.1	0.148199882382237	0.0250027068002285	0.0978356064848462	0.195212242895152	0.0973766364103062	0	0	1	0.2	0.316483204127375	0.0532804819645232	0.207817731039982	0.416531383636636	0.208713652596654	0	0	2	0.1	0.154912936045949	0.0260688636793835	0.10259851675235	0.203546435898438	0.100947919146088	0	0	2	0.2	0.339878596161623	0.0571978513722675	0.223765501815818	0.446226971532491	0.222461469716673	0	0	3	0.1	0.165092654915667	0.0277842366408112	0.109233957930407	0.217072271495636	0.107838313565229	0	0	3	0.2	0.365338078076754	0.061445196951656	0.241325301384561	0.480898367192764	0.239573065808203
968	0	0	0	0.1	0.233345237605556	0.0294197362654784	0.177051925166159	0.289388266034878	0.112336340868719	0	0	0	0.2	0.433815647244178	0.054298019819473	0.328575611244411	0.539151201724122	0.210575590479711	0	0	1	0.1	0.206231945246976	0.0260911924127294	0.156893835084641	0.256785730333433	0.0998918952487918	0	0	1	0.2	0.441782818675577	0.0557773173020192	0.336414000575058	0.549689388142689	0.213275387567631	0	0	2	0.1	0.216614258624018	0.0275386923454973	0.163667643031068	0.271047389858585	0.107379746827517	0	0	2	0.2	0.476369691573992	0.0606630073331593	0.36093910421564	0.594855511777553	0.233916407561913	0	0	3	0.1	0.231337428619686	0.0295062369262898	0.174558916107094	0.28869382900873	0.114134912901637	0	0	3	0.2	0.513047469918228	0.0657015015454805	0.386699545542398	0.642589096345913	0.255889550803515
829	0	0	0	0.1	0.201693983461962	0.0286116644747154	0.148338010880497	0.260922065856513	0.112584054976016	0	0	0	0.2	0.368292174392961	0.0516904487081265	0.270494527105635	0.477794916505425	0.207300389399789	0	0	1	0.1	0.172685165034192	0.0241706897791822	0.128555545398669	0.223773853806084	0.0952183084074155	0	0	1	0.2	0.366519606691639	0.0510625005679202	0.273637396005468	0.476970268709259	0.203332872703791	0	0	2	0.1	0.178833073616878	0.0249353265034056	0.133747966002056	0.231783681931359	0.0980357159293026	0	0	2	0.2	0.390835920720972	0.0545241363380505	0.293064830694904	0.50756563231055	0.214500801615646	0	0	3	0.1	0.189706836153297	0.0265248472771661	0.141388114001788	0.245065940763988	0.1036778267622	0	0	3	0.2	0.418495713696993	0.058417845425083	0.313171063886066	0.544527572611886	0.23135650872582
948	0	0	0	0.1	0.262431091047424	0.0294457722459353	0.207090827045881	0.316315807533955	0.109224980488074	0	0	0	0.2	0.485226234911356	0.0538600275167349	0.37850551836217	0.586699288743223	0.208193770381053	0	0	1	0.1	0.231339162025054	0.0259090376038566	0.182087967809715	0.282355401430847	0.100267433621132	0	0	1	0.2	0.494228955307996	0.0550301143668933	0.389941862244325	0.602489312853538	0.212547450609213	0	0	2	0.1	0.242844764478659	0.027111639449356	0.191722451466836	0.295583615856505	0.10386116438967	0	0	2	0.2	0.533042279409349	0.0593905900700241	0.421487873143933	0.650529499834609	0.229041626690677	0	0	3	0.1	0.259482108249425	0.0289679435649845	0.205094692024768	0.315948724218821	0.110854032194054	0	0	3	0.2	0.574323909280128	0.0641191740732058	0.454217457191899	0.701767594287664	0.247550137095765
933	0	0	0	0.1	0.285468753636789	0.0306809388222544	0.226523569119258	0.343955916189432	0.117432347070173	0	0	0	0.2	0.527626754543341	0.0563463807269631	0.417677500660746	0.637863765942513	0.220186265281767	0	0	1	0.1	0.251171611276564	0.027208625584048	0.199299769692124	0.304190535662172	0.104890765970048	0	0	1	0.2	0.536243265359719	0.0578356902972326	0.42372875455062	0.650715227278211	0.226986472727591	0	0	2	0.1	0.263072848106344	0.0285444235716098	0.207383154163723	0.32062542072409	0.113242266560367	0	0	2	0.2	0.577169753485245	0.0626612613267807	0.455828665784873	0.7046691111676	0.248840445382727	0	0	3	0.1	0.280608134861565	0.0305885861290835	0.221344737314051	0.342510782806544	0.121166045492493	0	0	3	0.2	0.620886259595489	0.0678413901075326	0.491049543436494	0.758614616305128	0.267565072868634
855	0	0	0	0.1	0.259845735898684	0.0296346767923068	0.201645250482209	0.32215473094717	0.120509480464961	0	0	0	0.2	0.479254780695567	0.0541217241153062	0.370529447967913	0.589131254075561	0.218601806107648	0	0	1	0.1	0.224256571177342	0.0256562988721275	0.172345259929844	0.275321309766887	0.102976049837044	0	0	1	0.2	0.479428579375795	0.0544632836437566	0.367990459190384	0.58693114682526	0.218940687634875	0	0	2	0.1	0.233871676368126	0.0266548910818984	0.179504235849333	0.286197392603598	0.106693156754265	0	0	2	0.2	0.513649762069594	0.0584418984150544	0.393166155928681	0.627140360963031	0.23397420503435	0	0	3	0.1	0.248973398920249	0.0284117685910376	0.190747424868204	0.303914891090317	0.113167466222113	0	0	3	0.2	0.551312719601951	0.0628097761738273	0.4222864098546	0.671588291696825	0.249301881842225
913	0	0	0	0.1	0.187501139332522	0.0277760028645878	0.135555168143658	0.243410597575591	0.107855429431933	0	0	0	0.2	0.343611912010696	0.0504447940856536	0.249572375910887	0.444846707107101	0.195274331196213	0	0	1	0.1	0.161770791465253	0.0237023833492157	0.117388608774478	0.210061795070021	0.0926731862955434	0	0	1	0.2	0.344557934384364	0.0502764629043525	0.248566169261808	0.447315749591997	0.19874958033019	0	0	2	0.1	0.168762870396747	0.0246935467737034	0.122146508036602	0.219568387664574	0.0974218796279719	0	0	2	0.2	0.369573212357394	0.0539978288372961	0.268281511169296	0.482422853195719	0.214141342026423	0	0	3	0.1	0.179783642830401	0.0262752918372753	0.129363897295019	0.233634503232277	0.104270605937258	0	0	3	0.2	0.397101784824258	0.0581884426019841	0.287076042304894	0.517845231104436	0.230769188799542
941	0	0	0	0.1	0.176572868933655	0.0262546872465551	0.126017423634392	0.226689130233635	0.100671706599242	0	0	0	0.2	0.327054015237832	0.0482248552954455	0.233882465733306	0.419147464506773	0.185264998773466	0	0	1	0.1	0.160462486440859	0.0238303505616538	0.114306485595863	0.205312327172331	0.0910058415764686	0	0	1	0.2	0.343567818796929	0.0509138587627117	0.244769105537369	0.439781332228877	0.195012226691508	0	0	2	0.1	0.17159651053271	0.0255852933453459	0.122932876293703	0.22045804937277	0.0975251730790673	0	0	2	0.2	0.376794626596361	0.056134660853243	0.269943123271844	0.48409498657139	0.214151863299546	0	0	3	0.1	0.185215985068871	0.0276876206067227	0.133232922503134	0.238892117298013	0.105659194794879	0	0	3	0.2	0.409890073834256	0.0613184091383835	0.294316748681098	0.528974440544848	0.23465769186375
945	0	0	0	0.1	0.231851723047614	0.0290140066129006	0.175993369702776	0.286639296068924	0.110645926366148	0	0	0	0.2	0.419362003294368	0.0520092022707597	0.318718304777423	0.520117393035266	0.201399088257843	0	0	1	0.1	0.191499714166768	0.0238766710643672	0.145689247239327	0.23873152296335	0.0930422757240232	0	0	1	0.2	0.404672945052927	0.0501973659425276	0.305549671763001	0.502421277503322	0.196871605740322	0	0	2	0.1	0.1948617267758	0.0241888150621182	0.147040748389703	0.242951855631293	0.0959111072415896	0	0	2	0.2	0.424827128822546	0.0526802195520898	0.320623828831497	0.528708445008893	0.208084616177396	0	0	3	0.1	0.204848249703793	0.0254587730289858	0.154799690001076	0.254101523457163	0.0993018334560873	0	0	3	0.2	0.450960528204894	0.0559076957640776	0.341307414799305	0.559942720588267	0.218635305788962
947	0	0	0	0.1	0.181979879744517	0.0314616009320821	0.120631014371166	0.24473535133039	0.124104336959224	0	0	0	0.2	0.335051816493393	0.0575809960168383	0.224296079783493	0.448894403782856	0.224598323999362	0	0	1	0.1	0.158157802285671	0.0272254791076996	0.105539603469463	0.214045485378465	0.108505881909002	0	0	1	0.2	0.336562515966373	0.0577502185594017	0.224097541670296	0.455979699580343	0.231882157910046	0	0	2	0.1	0.164426480601934	0.0282450946546577	0.108990934876363	0.221398973652446	0.112408038776083	0	0	2	0.2	0.360062750662752	0.0617544728611171	0.239267127263554	0.487534806825071	0.248267679561518	0	0	3	0.1	0.174681966260273	0.0300127997038608	0.115737073869714	0.235704314515857	0.119967240646144	0	0	3	0.2	0.386070664447856	0.0663220384285769	0.257246395549164	0.520691347732608	0.263444952183443
875	0	0	0	0.1	0.177168412666686	0.0291587951674987	0.121235307322289	0.236921668642674	0.115686361320385	0	0	0	0.2	0.325889342461776	0.0533017274689037	0.223419948960479	0.434559183792226	0.211139234831746	0	0	1	0.1	0.151893163336096	0.0249334084600669	0.10437495734478	0.203976738451477	0.0996017811066967	0	0	1	0.2	0.324339331136248	0.0530337427433701	0.222972720337775	0.433852904955872	0.210880184618096	0	0	2	0.1	0.158022950606991	0.0259421221476866	0.107940842826018	0.211858891855669	0.103918049029651	0	0	2	0.2	0.34678118239013	0.0568850619361529	0.237324154417907	0.464039442116105	0.226715287698198	0	0	3	0.1	0.168017168093806	0.0276133561576674	0.115478326325423	0.225571159075233	0.11009283274981	0	0	3	0.2	0.371797353479181	0.0612585241834402	0.254708385083235	0.498823557419786	0.244115172336551
858	0	0	0	0.1	0.217457492266511	0.0280597730774032	0.16325733705928	0.274778923263248	0.111521586203968	0	0	0	0.2	0.399775545444645	0.0513027849387018	0.302205598979594	0.503945353518318	0.201739754538724	0	0	1	0.1	0.189585312979542	0.0245221667349523	0.142056399283665	0.240395089681014	0.0983386903973491	0	0	1	0.2	0.405063949972372	0.0521870362424826	0.304428346532122	0.511299130508705	0.206870783976583	0	0	2	0.1	0.199367488361868	0.0257661670527128	0.149835327137034	0.25129328757788	0.101457960440847	0	0	2	0.2	0.437318691633104	0.0564993076692223	0.329009890541091	0.549941415593685	0.220931525052595	0	0	3	0.1	0.213297247989376	0.027587209515482	0.160404506318102	0.26781561519055	0.107411108872448	0	0	3	0.2	0.471773870831286	0.061098531757367	0.35551763405105	0.592392074669919	0.236874440618869
808	0	0	0	0.1	0.214542780445121	0.028634326203372	0.156959837173131	0.272560438260958	0.115600601087827	0	0	0	0.2	0.397067838368208	0.0525766309964565	0.292315445993143	0.504417036660748	0.212101590667605	0	0	1	0.1	0.18916598351858	0.0251581191850981	0.138566583262493	0.241436425359294	0.102869842096801	0	0	1	0.2	0.404697350364556	0.0535865596500647	0.296231533016924	0.514450385416372	0.218218852399448	0	0	2	0.1	0.198991129989665	0.0264155442033338	0.145359655409259	0.25239293912079	0.10703328371153	0	0	2	0.2	0.437151576704442	0.0579470011090901	0.320668508443313	0.554764880970607	0.234096372527293	0	0	3	0.1	0.212843648288231	0.0282788651990443	0.156145081755792	0.271579475307243	0.11543439355145	0	0	3	0.2	0.471363053703506	0.0625867933434471	0.347697641276439	0.600248025271147	0.252550383994709
851	0	0	0	0.1	0.216876996630844	0.0296023148297719	0.15827699999626	0.276877929405766	0.118600929409505	0	0	0	0.2	0.394726725073744	0.0532945225836306	0.290341223127841	0.499536459764985	0.209195236637145	0	0	1	0.1	0.183547412968107	0.0247305937008288	0.133755540868163	0.230679613685526	0.0969240728173626	0	0	1	0.2	0.388835199956068	0.0521225426576635	0.284395131006051	0.492322098159537	0.207926967153486	0	0	2	0.1	0.188937667625865	0.0253312238550572	0.138529847492405	0.238696864872307	0.100167017379902	0	0	2	0.2	0.412515761595763	0.0552097971565979	0.30352715181328	0.521158859595144	0.217631707781864	0	0	3	0.1	0.199867930824261	0.0268015864648722	0.146669263788684	0.251873145628499	0.105203881839815	0	0	3	0.2	0.440388583092862	0.0589958062776511	0.322200326323331	0.557840200163114	0.235639873839783
849	0	0	0	0.1	0.193377557689785	0.0275692483851133	0.140215520079798	0.246905893347895	0.106690373268097	0	0	0	0.2	0.358573819992571	0.0506558922363063	0.262196953820476	0.457266865565191	0.195069911744715	0	0	1	0.1	0.168093174086335	0.0237715247814759	0.122404834080045	0.21375437889582	0.0913495448157751	0	0	1	0.2	0.361432087531457	0.0509921007055551	0.263294353833071	0.459733677480567	0.196439323647496	0	0	2	0.1	0.177003446726641	0.0250184292583752	0.12853611611946	0.225124045843986	0.0965879297245258	0	0	2	0.2	0.390144628627749	0.055084407652773	0.284048643002275	0.495118209068271	0.211069566065996	0	0	3	0.1	0.18950474784102	0.0268660737864393	0.138238450154966	0.240415759400541	0.102177309245575	0	0	3	0.2	0.420860609435834	0.059537818662325	0.306183137457797	0.535026711885603	0.228843574427807
867	0	0	0	0.1	0.230403758938257	0.0306765661761524	0.171983712834658	0.292823051491478	0.120839338656819	0	0	0	0.2	0.425695845583211	0.0562367125645098	0.317062208897085	0.538549012217183	0.221486803320098	0	0	1	0.1	0.197955611070929	0.0263761046700631	0.146897503986677	0.249675766864025	0.102778262877348	0	0	1	0.2	0.422979125921111	0.0561156988795366	0.314216033576401	0.534325360495813	0.220109326919413	0	0	2	0.1	0.205281865708481	0.0272665775467827	0.153265073331723	0.258507979131684	0.105242905799961	0	0	2	0.2	0.450933585371674	0.0598376769799825	0.336781697320537	0.568631121694687	0.23184942437415	0	0	3	0.1	0.21783109292153	0.0289279492506748	0.162128380232463	0.2747678674941	0.112639487261637	0	0	3	0.2	0.482537697494589	0.0640022856129335	0.359338828980586	0.608525159730588	0.249186330750001
865	0	0	0	0.1	0.206724572249148	0.0273439025049623	0.154160036018638	0.261927140744716	0.107767104726078	0	0	0	0.2	0.377222947453531	0.049578305556739	0.281616875765901	0.474862400864892	0.19324552509899	0	0	1	0.1	0.176047099638123	0.0234023128709843	0.132086368829236	0.220865023555423	0.0887786547261866	0	0	1	0.2	0.374329576033946	0.0495353509095015	0.282263512205453	0.469522575596527	0.187259063391074	0	0	2	0.1	0.182684406434589	0.0243044575319394	0.137570381206943	0.22991763666383	0.0923472554568867	0	0	2	0.2	0.39963093011649	0.0531357661979748	0.300477621502799	0.502613046857464	0.202135425354665	0	0	3	0.1	0.19402584206439	0.0258285333113209	0.145475693177181	0.244264875373811	0.0987891821966294	0	0	3	0.2	0.428305419080721	0.0570864218608049	0.322375439323162	0.538313063753019	0.215937624429857
902	0	0	0	0.1	0.233971229264428	0.0310579819419699	0.169843615189834	0.295581041644467	0.125737426454633	0	0	0	0.2	0.428092532860412	0.0562548966263803	0.31214356275849	0.540739881069281	0.228596318310791	0	0	1	0.1	0.1971187724186	0.0260504053051538	0.144702283826441	0.248784687732722	0.104082403906281	0	0	1	0.2	0.418846255136472	0.0550658192933647	0.309506932489145	0.527631443450381	0.218124510961236	0	0	2	0.1	0.202312245234322	0.0266461931111384	0.150723204983643	0.254416858802618	0.103693653818974	0	0	2	0.2	0.442742061022118	0.0583695263796216	0.330595964514847	0.556872710336303	0.226276745821456	0	0	3	0.1	0.213527595144249	0.0282448725706663	0.159290722036578	0.268879476122293	0.109588754085714	0	0	3	0.2	0.471624240159846	0.0624124429589208	0.351621635889369	0.594408751475236	0.242787115585866
866	0	0	0	0.1	0.229642715434836	0.030001746265305	0.17257564181003	0.28658917223147	0.11401353042144	0	0	0	0.2	0.428579319490661	0.055222052425164	0.321732099343687	0.530899012948421	0.209166913604734	0	0	1	0.1	0.204612289728685	0.0263872489077633	0.152802316657163	0.253928095600942	0.101125778943779	0	0	1	0.2	0.439128982750735	0.0562309533503944	0.329606727789806	0.545690702889079	0.216083975099273	0	0	2	0.1	0.215623048180442	0.0277122300577636	0.161690304596237	0.26873785733132	0.107047552735083	0	0	2	0.2	0.474923945210464	0.0609711625131292	0.356622958751913	0.593434640792574	0.236811682040661	0	0	3	0.1	0.230774551183911	0.0297050454973327	0.172899970754752	0.288717149963649	0.115817179208898	0	0	3	0.2	0.51230394991399	0.0659928592313527	0.382619234393737	0.641552586977958	0.258933352584221
887	0	0	0	0.1	0.215577373963976	0.0294615713982134	0.159175467667076	0.2712606514705	0.112085183803425	0	0	0	0.2	0.394078555141388	0.053371791868766	0.291655051690178	0.492635497674534	0.200980445984356	0	0	1	0.1	0.18216777021465	0.0247917603800186	0.134033955991579	0.229707913943901	0.0956739579523217	0	0	1	0.2	0.386592802792849	0.0523260581741891	0.28503391221028	0.490668336996201	0.20563442478592	0	0	2	0.1	0.186992441448091	0.025384066303933	0.137712690882021	0.237228165811307	0.0995154749292853	0	0	2	0.2	0.408853763639675	0.0554508402329756	0.301393090046844	0.521023286167994	0.21963019612115	0	0	3	0.1	0.197386459721395	0.0268478493785992	0.145357926942784	0.252107917415946	0.106749990473162	0	0	3	0.2	0.435574232989269	0.0592490470396658	0.322226060499211	0.555736342857023	0.233510282357812
870	0	0	0	0.1	0.238291885329853	0.02894818933547	0.182678409944938	0.299316548629975	0.116638138685037	0	0	0	0.2	0.438884666495845	0.0526587224926594	0.33754455284681	0.546887875542296	0.209343322695486	0	0	1	0.1	0.204925290946096	0.0248451047118363	0.157987324543126	0.255493289493887	0.0975059649507617	0	0	1	0.2	0.437341374539013	0.0526524421327132	0.339325001758663	0.54357667773938	0.204251675980717	0	0	2	0.1	0.212860792765382	0.0257574183207933	0.165046088951278	0.264528373355341	0.0994822844040623	0	0	2	0.2	0.46701392849802	0.0564189992241529	0.362324368585217	0.5780745900292	0.215750221443983	0	0	3	0.1	0.226113356202975	0.0273891043382676	0.17440486320513	0.280217365649373	0.105812502444243	0	0	3	0.2	0.500264001963817	0.0605691733244932	0.386195507599667	0.622743789935443	0.236548282335776
957	0	0	0	0.1	0.222874624877736	0.0289035293981799	0.167111431317859	0.279443308800705	0.112331877482846	0	0	0	0.2	0.413467803816459	0.0530964520792995	0.311992357760444	0.515527186169628	0.203534828409184	0	0	1	0.1	0.197296068799498	0.0254837247952006	0.149739344256355	0.247008379871255	0.0972690356149006	0	0	1	0.2	0.422408814527569	0.0543055099151883	0.320241848306869	0.526878975426719	0.20663712711985	0	0	2	0.1	0.207634899868695	0.0267689314918942	0.156880582561083	0.258893143926546	0.102012561365463	0	0	2	0.2	0.456397627867902	0.0587796947820167	0.345198687038464	0.570232861394079	0.225034174355615	0	0	3	0.1	0.222050848687902	0.0286636351973181	0.167889100697769	0.278703434030593	0.110814333332825	0	0	3	0.2	0.492047289792572	0.0635987325728791	0.372050290317997	0.617919537441303	0.245869247123307
943	0	0	0	0.1	0.250910532038477	0.0290101736888043	0.194502240044202	0.30815627540708	0.113654035362878	0	0	0	0.2	0.462365074237607	0.0526819820041817	0.358808968124267	0.569613595681556	0.210804627557289	0	0	1	0.1	0.218121231662937	0.0249877356339385	0.170259672488751	0.268509234631883	0.0982495621431319	0	0	1	0.2	0.465185098359738	0.0528618350566695	0.364657465019204	0.571143819752643	0.206486354733439	0	0	2	0.1	0.227445615843029	0.0259536100136618	0.178412053783823	0.280741951951288	0.102329898167465	0	0	2	0.2	0.498702548876758	0.0568354700080958	0.390644604914381	0.610665723369864	0.220021118455482	0	0	3	0.1	0.242085058846467	0.0276659664375632	0.189610405788393	0.29724807595278	0.107637670164387	0	0	3	0.2	0.535462167640424	0.0611851749653572	0.420854677860129	0.65724735927449	0.236392681414361
876	0	0	0	0.1	0.224126348947226	0.0283833501001824	0.169698108726896	0.281165163924262	0.111467055197367	0	0	0	0.2	0.413307597243255	0.0518546190398671	0.311954339391086	0.518726443606371	0.206772104215285	0	0	1	0.1	0.196864954395136	0.0248087431080893	0.149501992336787	0.246171362960969	0.0966693706241819	0	0	1	0.2	0.420441473735265	0.0527404389066873	0.320417092004461	0.526310875355392	0.205893783350931	0	0	2	0.1	0.206816928000356	0.0260613337566752	0.158225702135517	0.259682218329707	0.10145651619419	0	0	2	0.2	0.453680848857525	0.0571475058245534	0.34763840230925	0.56984411352544	0.22220571121619	0	0	3	0.1	0.221084302423995	0.0279540115208669	0.168376693534951	0.277074294710893	0.108697601175942	0	0	3	0.2	0.489077664252771	0.0618550878386814	0.373028847360311	0.611267040349995	0.238238192989684
914	0	0	0	0.1	0.192249523792688	0.0291894470785576	0.136061304022149	0.250329540349703	0.114268236327554	0	0	0	0.2	0.353092720721301	0.053066586205994	0.249757687084007	0.458166444880164	0.208408757796156	0	0	1	0.1	0.163033703289067	0.0245882150748181	0.115443824067709	0.212130421722711	0.0966865976550027	0	0	1	0.2	0.347732226454397	0.052131199868905	0.246542859706341	0.450610666262792	0.20406780655645	0	0	2	0.1	0.168576663822089	0.025322125880351	0.118943596948866	0.217722605797646	0.0987790088487808	0	0	2	0.2	0.369721403438743	0.0554211497737854	0.26230145788046	0.476390004988949	0.21408854710849	0	0	3	0.1	0.178658216496678	0.0268568169560339	0.125544970600477	0.229852310908444	0.104307340307967	0	0	3	0.2	0.395253329256517	0.0593470010386464	0.279573542001777	0.509802474064892	0.230228932063114
879	0	0	0	0.1	0.240214716775343	0.0300583727563996	0.18256828450799	0.301776222745292	0.119207938237302	0	0	0	0.2	0.441060479547924	0.0545636107343084	0.334518723326816	0.552014669101362	0.217495945774546	0	0	1	0.1	0.205811408187634	0.0255040483411164	0.156470879574881	0.256116313315414	0.0996454337405333	0	0	1	0.2	0.438047844764644	0.0539801230740151	0.333205929450749	0.546163898936903	0.212957969486154	0	0	2	0.1	0.213010443349774	0.0263233607773934	0.162787412017437	0.264784426488715	0.101997014471278	0	0	2	0.2	0.466581269862323	0.0574842603317678	0.355425151301283	0.579136374638604	0.223711223337321	0	0	3	0.1	0.225736953280899	0.027896607437533	0.170575702481193	0.280827486652512	0.110251784171319	0	0	3	0.2	0.498972239929104	0.0615625577290742	0.378177295282376	0.621540621173027	0.243363325890651
847	0	0	0	0.1	0.179335948838351	0.028686801655225	0.125032000990398	0.236106229824767	0.11107422883437	0	0	0	0.2	0.330522076317918	0.0525494710460636	0.230430731653167	0.43424585089305	0.203815119239883	0	0	1	0.1	0.154767294742745	0.0246944169190036	0.107320937251094	0.205204663610314	0.0978837263592192	0	0	1	0.2	0.330471542208486	0.0526264549248945	0.23099014741255	0.435987578752893	0.204997431340342	0	0	2	0.1	0.161167016028972	0.0257564530156147	0.111267303626537	0.212766753405971	0.101499449779434	0	0	2	0.2	0.353693525180161	0.0564329404600495	0.248412980506053	0.464853584247964	0.216440603741911	0	0	3	0.1	0.171429282769329	0.0274685656891523	0.119268239264126	0.225567512586599	0.106299273322474	0	0	3	0.2	0.3794576314077	0.0607444977542336	0.26454068427369	0.499044478396411	0.234503794122721
953	0	0	0	0.1	0.193490830123923	0.0295763295176123	0.135075147895505	0.254968689054311	0.119893541158806	0	0	0	0.2	0.354463020359245	0.0537643451352233	0.249030389121848	0.462203421000384	0.213173031878536	0	0	1	0.1	0.164680804799371	0.0250694418312353	0.115887444262784	0.214342409765729	0.0984549655029455	0	0	1	0.2	0.350515125727022	0.0531288506155755	0.245269868304147	0.454149430314858	0.208879562010711	0	0	2	0.1	0.17036464269412	0.0258926948720998	0.118870227755072	0.222409175198887	0.103538947443814	0	0	2	0.2	0.373165250975214	0.0566323580279758	0.261279273752775	0.486610583011076	0.225331309258301	0	0	3	0.1	0.180632573733397	0.0274124681691624	0.127143810577309	0.235578102366554	0.108434291789245	0	0	3	0.2	0.399118695096067	0.0607158560624258	0.278423198161045	0.520216841026353	0.241793642865309
928	0	0	0	0.1	0.18454559457649	0.0271777778764938	0.130551811517448	0.236589366891155	0.106037555373707	0	0	0	0.2	0.340983952629541	0.0499203285836465	0.242600325551469	0.436944295729816	0.194343970178347	0	0	1	0.1	0.161672976032859	0.0237974603688937	0.115506500409036	0.207690074064549	0.0921835736555137	0	0	1	0.2	0.346414213023284	0.0508343967745332	0.248253333262304	0.445011383468854	0.196758050206551	0	0	2	0.1	0.170441347637865	0.0250787945428026	0.122817132317824	0.219049357273339	0.0962322249555148	0	0	2	0.2	0.374699937262093	0.0551144693455969	0.270034887421012	0.482045016832184	0.212010129411172	0	0	3	0.1	0.182637030860919	0.0269358156414009	0.13105739025994	0.236506846470559	0.10544945621062	0	0	3	0.2	0.404442190317811	0.0596299863273344	0.290657331772311	0.521506828960028	0.230849497187717
874	0	0	0	0.1	0.228114835333591	0.0288304445869394	0.170986618197217	0.284203405541573	0.113216787344356	0	0	0	0.2	0.422826815006585	0.0529814275836234	0.31594113822601	0.523585660816696	0.207644522590686	0	0	1	0.1	0.198682900627703	0.0250871757237095	0.147039508853838	0.248345694508556	0.101306185654718	0	0	1	0.2	0.425955758972349	0.0535544312700143	0.315546185809908	0.532007127705414	0.216460941895507	0	0	2	0.1	0.208216623214408	0.0262300031643348	0.15508447405331	0.260874239090985	0.105789765037674	0	0	2	0.2	0.458167710975798	0.0577959484543234	0.340900463603548	0.573342996596495	0.232442532992946	0	0	3	0.1	0.222213671767487	0.0280900048043938	0.165746691157937	0.278086186579627	0.11233949542169	0	0	3	0.2	0.492898040983349	0.0624201986628302	0.36955555623376	0.615208939551351	0.245653383317591
932	0	0	0	0.1	0.223983152482725	0.0273838989938213	0.171937069934429	0.277424484134281	0.105487414199852	0	0	0	0.2	0.413293350923946	0.0499022258148174	0.318434540025897	0.511400754156997	0.1929662141311	0	0	1	0.1	0.197183517579463	0.024026887652361	0.152642887839594	0.245705072141647	0.0930621843020526	0	0	1	0.2	0.421150046151384	0.05088646926081	0.326168726165995	0.52137291739964	0.195204191233646	0	0	2	0.1	0.207314387901947	0.0252011607195792	0.16012797888456	0.257553415477771	0.097425436593211	0	0	2	0.2	0.45481247165979	0.0551628876184277	0.352547751237009	0.564220292740263	0.211672541503254	0	0	3	0.1	0.221683801654404	0.026986457487758	0.172043936024933	0.273445241239227	0.101401305214294	0	0	3	0.2	0.490294099356518	0.0597583563507055	0.380904916052589	0.605257400244253	0.224352484191664
962	0	0	0	0.1	0.193050598532632	0.0285719465685052	0.137995563242356	0.250682422017995	0.11268685877564	0	0	0	0.2	0.355173338079297	0.0521230761325131	0.256473829153791	0.461756232092285	0.205282402938494	0	0	1	0.1	0.166581907475773	0.0244679665150578	0.120851759203295	0.215867152642811	0.0950153934395167	0	0	1	0.2	0.35512744925925	0.0519679970765778	0.256449744943806	0.460117900180683	0.203668155236876	0	0	2	0.1	0.173334301410677	0.0253771477569135	0.125035530668281	0.224004031456204	0.0989685007879236	0	0	2	0.2	0.38010959154212	0.0555425575601073	0.2739555148474	0.490876460349558	0.216920945502157	0	0	3	0.1	0.18434702494104	0.027013738398995	0.132191933527836	0.238942407391668	0.106750473863832	0	0	3	0.2	0.407704508878892	0.0596383880781477	0.293192746737958	0.525276671973201	0.232083925235243
831	0	0	0	0.1	0.193242805857724	0.0272710445423382	0.140862018344917	0.246930060434544	0.106068042089627	0	0	0	0.2	0.352917500865682	0.0492032932229858	0.257830425752673	0.447734888523724	0.189904462771051	0	0	1	0.1	0.166560129661682	0.0231158900201865	0.122697614972038	0.210380808831823	0.0876831938597853	0	0	1	0.2	0.354381832113169	0.0489264313568629	0.260731841632171	0.446282587762583	0.185550746130412	0	0	2	0.1	0.174023109942985	0.0239821316771785	0.12797482656364	0.219393355241349	0.0914185286777089	0	0	2	0.2	0.380713190403039	0.0523764158721751	0.279692069396088	0.480361328566823	0.200669259170735	0	0	3	0.1	0.185579614856273	0.0255319043272088	0.136460149762387	0.233692001240025	0.0972318514776385	0	0	3	0.2	0.40958190741347	0.0564275400571881	0.301682316991382	0.516943049370118	0.215260732378736
835	0	0	0	0.1	0.172540774095605	0.0263584032326608	0.119755373200792	0.223843907823257	0.104088534622465	0	0	0	0.2	0.318432998479983	0.0482931954095595	0.222630395204266	0.411925145450047	0.189294750245781	0	0	1	0.1	0.150738972425491	0.022994077187334	0.106603053069119	0.196346659176779	0.0897436061076596	0	0	1	0.2	0.322574607019809	0.0491384644472238	0.229127537095398	0.420458920828717	0.191331383733319	0	0	2	0.1	0.158531516015166	0.0242996588287496	0.11199485352	0.207422543548882	0.095427690028882	0	0	2	0.2	0.348229277639214	0.0534375251351897	0.245801597929246	0.453467149743842	0.207665551814596	0	0	3	0.1	0.169586626743585	0.0262102390671199	0.11950939017508	0.221189668992478	0.101680278817397	0	0	3	0.2	0.375606756573291	0.058040294326657	0.264183848700909	0.489527124170196	0.225343275469287
846	0	0	0	0.1	0.233834872215617	0.0298033895524589	0.178192025344269	0.295003851143311	0.116811825799043	0	0	0	0.2	0.424140247301092	0.0537268968137371	0.324873032426472	0.532669138129531	0.207796105703059	0	0	1	0.1	0.195631595576504	0.0249803225651927	0.151121185862519	0.244850572095529	0.09372938623301	0	0	1	0.2	0.413896093303451	0.0526501415193252	0.31992067813654	0.518214457421866	0.198293779285327	0	0	2	0.1	0.200353829244488	0.0255844004401832	0.154755796223596	0.250757931736607	0.0960021355130112	0	0	2	0.2	0.437044242784896	0.0557578706830567	0.33793199672849	0.548402664947084	0.210470668218594	0	0	3	0.1	0.211343579498285	0.0269881922772278	0.163521417064359	0.264875142446075	0.101353725381717	0	0	3	0.2	0.465421319595546	0.0595519870735611	0.356840900916438	0.584124439565561	0.227283538649123
946	0	0	0	0.1	0.195452395943278	0.0280924771494317	0.139609942636684	0.247603834910827	0.107993892274144	0	0	0	0.2	0.365880464712327	0.0522188090500802	0.262929298773373	0.4646425177672	0.201713218993827	0	0	1	0.1	0.174313611105907	0.0248961501199825	0.125642749988264	0.220858656604272	0.0952159066160082	0	0	1	0.2	0.37559039393892	0.0535916379699238	0.270401100881344	0.475109136099851	0.204708035218507	0	0	2	0.1	0.184697907785028	0.026453236624501	0.132588435090249	0.233038234177912	0.100449799087663	0	0	2	0.2	0.40782503439707	0.0584287027562665	0.292557624742181	0.515879681769201	0.22332205702702	0	0	3	0.1	0.198278762950759	0.0284375229786361	0.142303399404972	0.249705403540267	0.107402004135295	0	0	3	0.2	0.44092319601555	0.0634194269700248	0.315954851925622	0.557506640524598	0.241551788598976
824	0	0	0	0.1	0.176966821405914	0.0271238266993294	0.125933286106938	0.229229923199662	0.103296637092723	0	0	0	0.2	0.326660918207325	0.0497382651499352	0.231294484448628	0.421954890645994	0.190660406197366	0	0	1	0.1	0.154185625852579	0.0234978625760931	0.108622014180842	0.199676100922772	0.0910540867419301	0	0	1	0.2	0.329681691115684	0.0500467823862714	0.232559022280074	0.427563066344562	0.195004044064488	0	0	2	0.1	0.161574360042304	0.0245546578606236	0.113634726603342	0.208677628683044	0.0950429020797017	0	0	2	0.2	0.354814567289355	0.053918970818778	0.250044746159448	0.45643597082043	0.206391224660982	0	0	3	0.1	0.172452027538734	0.0262229268405367	0.121358480420645	0.22297144245065	0.101612962030004	0	0	3	0.2	0.381867269941941	0.0581240787912478	0.268452176813926	0.492648470438807	0.224196293624881
929	0	0	0	0.1	0.181785560153656	0.0280716958607038	0.128232724370129	0.234755808140842	0.106523083770713	0	0	0	0.2	0.33667134303138	0.0515111453799293	0.236559947863286	0.436310351290714	0.199750403427428	0	0	1	0.1	0.160074170442129	0.0244047640004573	0.113382666385652	0.210000468779018	0.0966178023933658	0	0	1	0.2	0.343082236695985	0.0520503420828479	0.244174707981088	0.448914729129699	0.204740021148612	0	0	2	0.1	0.16886467286937	0.0255848393799385	0.120053927112486	0.222043916162171	0.101989989049684	0	0	2	0.2	0.371350647570626	0.0561418434459911	0.26409690846752	0.488528869752242	0.224431961284722	0	0	3	0.1	0.180867337888956	0.0273570706869098	0.127100894704462	0.236943533868351	0.109842639163889	0	0	3	0.2	0.400930993998266	0.060620434490783	0.28280200885195	0.523719733107313	0.240917724255363
930	0	0	0	0.1	0.207290648976181	0.0292544371305521	0.149932474618997	0.259555119812418	0.109622645193421	0	0	0	0.2	0.382482367335962	0.0536191107436976	0.276350139244975	0.480167610979044	0.203817471734069	0	0	1	0.1	0.177250383266467	0.0251552544860369	0.129792478157336	0.223740103981871	0.0939476258245352	0	0	1	0.2	0.379321480285393	0.05364235778561	0.277712669309004	0.479954572740226	0.202241903431222	0	0	2	0.1	0.184339536295479	0.0261735077390332	0.134111601608287	0.232863328704719	0.0987517270964324	0	0	2	0.2	0.405234058627642	0.0575269811811323	0.29538961905187	0.511801327810004	0.216411708758134	0	0	3	0.1	0.195975525398809	0.027874284764188	0.142324171169066	0.248079987723557	0.105755816554491	0	0	3	0.2	0.434282784012755	0.061756965790126	0.316192311655196	0.548354359947448	0.232162048292253
891	0	0	0	0.1	0.232347327153489	0.0291095414716017	0.172828302501891	0.287423322464188	0.114595019962297	0	0	0	0.2	0.424145320803002	0.052638630781505	0.315400223871022	0.524557638305881	0.20915741443486	0	0	1	0.1	0.196084696884851	0.0244677740062628	0.145550322355422	0.242713655285945	0.0971633329305231	0	0	1	0.2	0.417017888334851	0.0517082213212355	0.30780744730511	0.51424095524133	0.206433507936221	0	0	2	0.1	0.202465229581512	0.0251227826047357	0.14895246089678	0.249954476760217	0.101002015863438	0	0	2	0.2	0.443042788243959	0.0549894992132503	0.326726437329602	0.547028765171343	0.220302327841742	0	0	3	0.1	0.214487598504098	0.0267247976774243	0.158658577665168	0.265576723042946	0.106918145377778	0	0	3	0.2	0.473512098767465	0.0589225927427704	0.350382067214968	0.585930475358329	0.235548408143362
801	0	0	0	0.1	0.199600910923836	0.0273560290178349	0.147784061576045	0.255174909649461	0.107390848073415	0	0	0	0.2	0.368250973451503	0.049979211871666	0.274693296078386	0.467589615218863	0.192896319140477	0	0	1	0.1	0.173066244118019	0.0234618450377879	0.126764633225344	0.219105211463224	0.0923405782378806	0	0	1	0.2	0.369906583059211	0.0499983532729678	0.271281819969339	0.467577774664794	0.196295954695455	0	0	2	0.1	0.180856675668378	0.0244882806010541	0.13272383560368	0.229444199724944	0.0967203641212646	0	0	2	0.2	0.397080424315457	0.0537986313048302	0.290876687893665	0.502885674973453	0.212008987079788	0	0	3	0.1	0.192773547660906	0.0262047593801629	0.140723189719946	0.244952970782883	0.104229781062937	0	0	3	0.2	0.42672908526903	0.0580159743436566	0.312350979406896	0.542670235467566	0.23031925606067
889	0	0	0	0.1	0.244125857454916	0.0279173956939893	0.191542742101987	0.298020809327941	0.106478067225954	0	0	0	0.2	0.45236663630379	0.0511220495999956	0.354745876066094	0.554237647934767	0.199491771868673	0	0	1	0.1	0.216267693737366	0.024555959873161	0.168846669448099	0.265392054361697	0.0965453849135988	0	0	1	0.2	0.463396937589444	0.0523840167183652	0.362102537939479	0.569759630251411	0.207657092311932	0	0	2	0.1	0.228438777778459	0.0259192420057668	0.178700582526533	0.280167246161944	0.101466663635411	0	0	2	0.2	0.502229740364971	0.0570873507889739	0.392226717830417	0.614640156928663	0.222413439098246	0	0	3	0.1	0.244860277348572	0.0279849890260476	0.191880301337921	0.301001776005136	0.109121474667215	0	0	3	0.2	0.542620298887636	0.0620287685290846	0.422802236300544	0.667038331271763	0.244236094971219
843	0	0	0	0.1	0.206895176424273	0.0287305218113483	0.149785251929758	0.265299313728835	0.115514061799077	0	0	0	0.2	0.382755540016207	0.0528066474875939	0.278675648959825	0.490162543626123	0.211486894666298	0	0	1	0.1	0.1846468273863	0.0259075136037967	0.134904464068856	0.237485000315454	0.102580536246598	0	0	1	0.2	0.394609779966021	0.0550294500702389	0.289616168013459	0.508081206099672	0.218465038086213	0	0	2	0.1	0.19515163909072	0.0273609222849135	0.142803373266903	0.252921976862474	0.110118603595571	0	0	2	0.2	0.428226375227557	0.0599133024354935	0.314766228151496	0.555020368878888	0.240254140727391	0	0	3	0.1	0.209217970906398	0.029365566742259	0.153370195318432	0.271494286962228	0.118124091643796	0	0	3	0.2	0.462940280588272	0.0648579727899024	0.339402589657624	0.597968086056626	0.258565496399002
809	0	0	0	0.1	0.232681038963462	0.0301855522798522	0.173115996604086	0.291217062580783	0.118101065976696	0	0	0	0.2	0.431249807569896	0.0551365029461146	0.321883740349626	0.538504435553227	0.216620695203601	0	0	1	0.1	0.205768605534046	0.0262169849502835	0.153082635275185	0.253651487143971	0.100568851868786	0	0	1	0.2	0.439751690611779	0.0556892482347755	0.326933328779074	0.544528409372406	0.217595080593332	0	0	2	0.1	0.215960170020027	0.0273692431138831	0.160903261683766	0.267859831641609	0.106956569957843	0	0	2	0.2	0.474207580599668	0.0599662227065384	0.352598559570124	0.58598774844399	0.233389188873866	0	0	3	0.1	0.230621126153842	0.0291747667623554	0.170428509040185	0.287093932978525	0.11666542393834	0	0	3	0.2	0.510664692004106	0.0647228640908047	0.376305003498708	0.632316634844929	0.25601163134622
807	0	0	0	0.1	0.283142165598193	0.0301508695638939	0.225020693868115	0.34243049160099	0.117409797732874	0	0	0	0.2	0.526704890113516	0.0550704248531802	0.420299238272255	0.634869076766943	0.214569838494688	0	0	1	0.1	0.253630080688799	0.0268024309506723	0.202102641049242	0.306317722766642	0.1042150817174	0	0	1	0.2	0.543262448122114	0.0568329322024225	0.432206998985667	0.657493370569173	0.225286371583506	0	0	2	0.1	0.267936867889863	0.0282141200667715	0.212067182860776	0.323696259010876	0.111629076150101	0	0	2	0.2	0.589104175667602	0.0617806587695608	0.465950179228974	0.711864537105168	0.245914357876194	0	0	3	0.1	0.287075191966536	0.0303076076851353	0.227483855833376	0.347627645646892	0.120143789813516	0	0	3	0.2	0.636369041612274	0.0670722765764307	0.506374682833753	0.770698982308297	0.264324299474544
820	0	0	0	0.1	0.190476796213972	0.0276732377695485	0.13915221155699	0.247298825635018	0.108146614078029	0	0	0	0.2	0.351201852368318	0.0506050797162806	0.257164822927988	0.454886575746164	0.197721752818176	0	0	1	0.1	0.167735976583712	0.0242335538218231	0.122051959044898	0.217864641905275	0.0958126828603773	0	0	1	0.2	0.358558577869096	0.0516519901180448	0.260280410059987	0.464957925977136	0.204677515917149	0	0	2	0.1	0.176938418590034	0.0255709641314644	0.12824344127737	0.228425004013725	0.100181562736355	0	0	2	0.2	0.388303062190157	0.0561441177813064	0.281080006286615	0.50272385192227	0.221643845635654	0	0	3	0.1	0.189563467409719	0.0275050294357943	0.136790180064414	0.244818710456599	0.108028530392185	0	0	3	0.2	0.419413058918218	0.060776912445885	0.303945052910666	0.5416292748453	0.237684221934634
912	0	0	0	0.1	0.185605169101176	0.0288628814277921	0.131013619449461	0.241507984728191	0.11049436527873	0	0	0	0.2	0.3422810662744	0.0528728012680744	0.241812680708092	0.445235079056885	0.203422398348792	0	0	1	0.1	0.161418579685635	0.0249685016370172	0.114531940538575	0.208408265841579	0.093876325303004	0	0	1	0.2	0.344902738671281	0.0531852230343494	0.244066473705411	0.447560677176092	0.203494203470681	0	0	2	0.1	0.168914364476839	0.0260528484977958	0.119635646657219	0.220100219314778	0.100464572657559	0	0	2	0.2	0.370746664919414	0.0571866435536128	0.262041259884396	0.48307305406613	0.221031794181734	0	0	3	0.1	0.180224502486933	0.0278320708562072	0.128034688926288	0.234894374650188	0.1068596857239	0	0	3	0.2	0.398799353802588	0.0615264899369687	0.281884036235597	0.521339334955781	0.239455298720184
906	0	0	0	0.1	0.209661228788066	0.0300628284940433	0.153859142504438	0.27080190996121	0.116942767456772	0	0	0	0.2	0.387064272681023	0.0551479556442968	0.282892947915885	0.497900787697896	0.21500783978201	0	0	1	0.1	0.179968263903763	0.0256217739742181	0.132175411520343	0.229602594800682	0.0974271832803389	0	0	1	0.2	0.385166350475568	0.05469038132256	0.28439324247363	0.489710155218351	0.205316912744721	0	0	2	0.1	0.187456505531743	0.0265993251889442	0.139459766780851	0.238082164956107	0.098622398175256	0	0	2	0.2	0.412066595169638	0.0585129565575795	0.307571300673079	0.523026649724837	0.215455349051758	0	0	3	0.1	0.199514464928919	0.0283955029181782	0.148302793069592	0.254213324425569	0.105910531355977	0	0	3	0.2	0.442039787011301	0.0628372841134076	0.330808232689025	0.561741358756487	0.230933126067462
893	0	0	0	0.1	0.22414066925947	0.0284469607317589	0.170917700905252	0.281157662976268	0.110239962071017	0	0	0	0.2	0.416359468156129	0.0522831078033921	0.318408188096037	0.51934401014326	0.200935822047223	0	0	1	0.1	0.19954774320897	0.0251608393703532	0.151812096884812	0.249901727684393	0.0980896307995802	0	0	1	0.2	0.427788633131551	0.0536168520957162	0.325431921708072	0.534032207041767	0.208600285333695	0	0	2	0.1	0.21088264300713	0.0265538323363263	0.15944242987283	0.263470599160358	0.104028169287528	0	0	2	0.2	0.463828053110698	0.05826039047545	0.352380620764185	0.579395409442587	0.227014788678402	0	0	3	0.1	0.226061735861297	0.0285083492573608	0.172094855240636	0.283198891163547	0.111104035922912	0	0	3	0.2	0.501090382160984	0.0631241340512992	0.381576210874477	0.625420763555667	0.24384455268119
944	0	0	0	0.1	0.207954264659709	0.0290064855692065	0.152188290373401	0.268092277255396	0.115903986881995	0	0	0	0.2	0.380420861079776	0.0525997757811053	0.280420507644543	0.488503749457887	0.208083241813344	0	0	1	0.1	0.175210594862268	0.0242880462411961	0.130120252720812	0.224628902696345	0.0945086499755333	0	0	1	0.2	0.372949437057103	0.0514354635873548	0.275741616947337	0.476999129117948	0.201257512170611	0	0	2	0.1	0.180609484132037	0.0249387231310318	0.13296045295965	0.231407101489574	0.0984466485299236	0	0	2	0.2	0.395587615644047	0.0544595709330114	0.291657888558522	0.506895394957496	0.215237506398974	0	0	3	0.1	0.191178772760112	0.0263419306141197	0.141334031293198	0.245419805541423	0.104085774248225	0	0	3	0.2	0.422454303574564	0.058183789220727	0.311652502697539	0.540668724829895	0.229016222132356
959	0	0	0	0.1	0.205753116796507	0.0299931118446862	0.149204842996291	0.26568603597492	0.116481192978629	0	0	0	0.2	0.377271365355081	0.0546407932576654	0.274633852748686	0.487429015282167	0.212795162533481	0	0	1	0.1	0.174094657769049	0.0253671269599416	0.125093421751075	0.225032069210497	0.0999386474594215	0	0	1	0.2	0.370885447397985	0.053845176466778	0.266360347504304	0.477466454486081	0.211106106981777	0	0	2	0.1	0.179741054579863	0.0261382911190714	0.128808851687022	0.232155543733855	0.103346692046833	0	0	2	0.2	0.3938736205874	0.0572310208739321	0.280806442248435	0.508331562103021	0.227525119854587	0	0	3	0.1	0.190299774150483	0.0277231237395623	0.136565698043563	0.246114604060579	0.109548906017017	0	0	3	0.2	0.420744271828785	0.0612322157237368	0.301037751424952	0.542408252383702	0.24137050095875
916	0	0	0	0.1	0.254431086843509	0.0278634513375115	0.201623252410856	0.309358182574543	0.107734930163687	0	0	0	0.2	0.473454269697631	0.0512740819854398	0.376672751317545	0.576916925495737	0.200244174178193	0	0	1	0.1	0.225448387101552	0.0246265479350051	0.178762321782271	0.277739721526739	0.0989773997444682	0	0	1	0.2	0.48459905860827	0.0526898107890936	0.384089586026342	0.597250391801014	0.213160805774672	0	0	2	0.1	0.238401136085462	0.0260233163308139	0.189836036951533	0.295050241841035	0.105214204889502	0	0	2	0.2	0.52533824765072	0.0572412518949015	0.415842115817877	0.651026971505651	0.235184855687773	0	0	3	0.1	0.255640117514222	0.0279524123692913	0.202035971387261	0.315923210064794	0.113887238677534	0	0	3	0.2	0.567565548930114	0.0621442404411124	0.447690257314473	0.702139666134202	0.254449408819729
856	0	0	0	0.1	0.201191756401567	0.0281356472144263	0.143651315335821	0.256380539199498	0.112729223863676	0	0	0	0.2	0.366204975204806	0.050692225194282	0.261860085829383	0.466172436585552	0.204312350756168	0	0	1	0.1	0.170193455230619	0.0236885105662966	0.121904360309176	0.217349975112796	0.0954456148036205	0	0	1	0.2	0.36082853289267	0.0500936738271918	0.257936070492536	0.460722557683001	0.202786487190464	0	0	2	0.1	0.175459280461876	0.0244802420953213	0.125372541995517	0.223046577996839	0.0976740360013213	0	0	2	0.2	0.383182947572682	0.0534061072375828	0.273914253314771	0.487440532076455	0.213526278761684	0	0	3	0.1	0.185707377736578	0.0259989397626972	0.133445744571941	0.235598235983987	0.102152491412046	0	0	3	0.2	0.409537108617777	0.0572667171112425	0.294176277336827	0.519509775787751	0.225333498450924
885	0	0	0	0.1	0.196519119439896	0.0287630103372941	0.139268726656089	0.252837473825814	0.113568747169725	0	0	0	0.2	0.361264182023963	0.0523053693402831	0.256121239136682	0.464266707743576	0.208145468606895	0	0	1	0.1	0.169553413696618	0.0246017511412657	0.119241579786014	0.218456052227883	0.099214472441869	0	0	1	0.2	0.361615495638119	0.0521256655850489	0.254598829194613	0.465134425284082	0.210535596089469	0	0	2	0.1	0.176704812222817	0.02550471749131	0.124395066794851	0.227994734163185	0.103599667368334	0	0	2	0.2	0.387401567613627	0.0558284471813378	0.27326698095615	0.500995466772638	0.227728485816489	0	0	3	0.1	0.188079326374802	0.0271632056566258	0.132757609975681	0.243781296572206	0.111023686596525	0	0	3	0.2	0.41592026700297	0.0600697457675628	0.293007600869812	0.538399089564284	0.245391488694472
949	0	0	0	0.1	0.222550910653181	0.0288068008509181	0.16506474302007	0.280128925039029	0.115064182018959	0	0	0	0.2	0.412420328654154	0.0527036509522293	0.308424124301552	0.515983014791155	0.207558890489603	0	0	1	0.1	0.194538796943357	0.024912079701214	0.144306790721323	0.242667220061111	0.0983604293397874	0	0	1	0.2	0.417255635295068	0.0531319812011059	0.312320767447791	0.519373553385895	0.207052785938104	0	0	2	0.1	0.204559582511306	0.0260670436922393	0.152931655888293	0.254366310593889	0.101434654705596	0	0	2	0.2	0.450042355443998	0.0572436954293593	0.336791228964099	0.55916333224846	0.222372103284361	0	0	3	0.1	0.218670784227926	0.0279069349251472	0.163182809079616	0.272172703278774	0.108989894199158	0	0	3	0.2	0.484972782987186	0.0619998748785278	0.362046974245998	0.603492794674314	0.241445820428317
836	0	0	0	0.1	0.195575576682815	0.0296625779469768	0.134876292181201	0.254789556473802	0.119913264292601	0	0	0	0.2	0.360501808597019	0.0542074667743892	0.251160490954057	0.467893290471207	0.216732799517149	0	0	1	0.1	0.167513319870092	0.0253314106418591	0.115979943613379	0.217823615523016	0.101843671909637	0	0	1	0.2	0.357865785509785	0.0539367088881871	0.248078294932885	0.461483821009515	0.21340552607663	0	0	2	0.1	0.173907388641458	0.0263546094702291	0.120023423494693	0.22570770479396	0.105684281299267	0	0	2	0.2	0.381903157954959	0.0578307223707274	0.265278276676772	0.495706525332109	0.230428248655337	0	0	3	0.1	0.184706185953806	0.028069017692461	0.128464858130788	0.240903325065765	0.112438466934978	0	0	3	0.2	0.408991898336547	0.0622122643750695	0.284004419214071	0.530614412254526	0.246609993040455
931	0	0	0	0.1	0.22991626210805	0.0281725002794873	0.174231546123669	0.285773544225567	0.111541998101898	0	0	0	0.2	0.426097638938736	0.0514482919863358	0.325019376098473	0.525459167075935	0.200439790977462	0	0	1	0.1	0.201573382858633	0.0243352464170774	0.153365239157016	0.250395829983733	0.0970305908267171	0	0	1	0.2	0.432505725236462	0.0518587462656534	0.32948932625083	0.53719342134623	0.207704095095401	0	0	2	0.1	0.212343998181598	0.0255420054893456	0.162598731233785	0.262664219742632	0.100065488508847	0	0	2	0.2	0.46723489651864	0.0559993680942787	0.357456796967896	0.576142893967956	0.21868609700006	0	0	3	0.1	0.227270893733461	0.0273201904959458	0.174400118930642	0.281401165993095	0.107001047062453	0	0	3	0.2	0.503988430131423	0.060581211698946	0.386359138692002	0.621886571953431	0.235527433261429
817	0	0	0	0.1	0.237388184858702	0.0315201010221243	0.173370507966767	0.296458760496653	0.123088252529886	0	0	0	0.2	0.438125801987864	0.0575634794113234	0.320955057149641	0.546004944430332	0.225049887280691	0	0	1	0.1	0.203829523505565	0.026872009232063	0.148828939832658	0.254559416904117	0.105730477071459	0	0	1	0.2	0.435191135788836	0.0570569814584687	0.318544617765702	0.542017471085887	0.223472853320185	0	0	2	0.1	0.211276032914226	0.027682204898745	0.154324473204248	0.263408142947132	0.109083669742884	0	0	2	0.2	0.463798653483522	0.0606553693777849	0.341237412477125	0.5801093578591	0.238871945381975	0	0	3	0.1	0.22406782360146	0.029313210013368	0.163761845967972	0.280490256047532	0.11672841007956	0	0	3	0.2	0.496182987952978	0.0649992322235204	0.365607127079327	0.62354796159445	0.257940834515123
860	0	0	0	0.1	0.180187237530046	0.0277675951239996	0.126179829463419	0.232543571986721	0.106363742523302	0	0	0	0.2	0.331029757165345	0.0506636614870284	0.233218799639263	0.428989875621759	0.195771075982495	0	0	1	0.1	0.155658531111585	0.0239581692506018	0.10868620309562	0.200865676532617	0.0921794734369967	0	0	1	0.2	0.331703998786052	0.0508589154332716	0.233105402970154	0.428986832951781	0.195881429981628	0	0	2	0.1	0.162136475468301	0.0249214638261054	0.113513284333167	0.209084170616006	0.0955708862828384	0	0	2	0.2	0.355315845738516	0.0546058223805962	0.24947380790104	0.45987910359592	0.21040529569488	0	0	3	0.1	0.172571373669795	0.0266439922857304	0.121796086869328	0.223750705357254	0.101954618487926	0	0	3	0.2	0.381347731340818	0.0587168760044799	0.267325086071658	0.496386185624134	0.229061099552476
977	0	0	0	0.1	0.191526385687751	0.0269695270803163	0.139574521833985	0.243172620214281	0.103598098380295	0	0	0	0.2	0.354453051911058	0.0495302082579768	0.258739813347187	0.451501137787517	0.192761324440329	0	0	1	0.1	0.170627422780953	0.0239724126960977	0.12408905251292	0.218026992384236	0.0939379398713159	0	0	1	0.2	0.365222694275651	0.0511246407974952	0.265384740961756	0.46500547484529	0.199620733883534	0	0	2	0.1	0.18074063882119	0.0253764943026781	0.130613005394484	0.230797274128254	0.100184268733769	0	0	2	0.2	0.397040913484854	0.0557172060637206	0.287614237040783	0.507528266555505	0.219914029514722	0	0	3	0.1	0.194088365596739	0.0273293526595523	0.140579630170385	0.248107818604968	0.107528188434583	0	0	3	0.2	0.429799536525668	0.0604560212651709	0.310313891618474	0.548634267749187	0.238320376130714
862	0	0	0	0.1	0.235909989181278	0.0281678357373675	0.18179022800729	0.292440367023278	0.110650139015987	0	0	0	0.2	0.43450593769771	0.0512113833744109	0.3365764345517	0.537300938054202	0.200724503502502	0	0	1	0.1	0.206993381691864	0.0245127263507135	0.160980881814736	0.254338911308194	0.0933580294934581	0	0	1	0.2	0.441413278922928	0.0519356507856816	0.343012022675734	0.541679156096179	0.198667133420445	0	0	2	0.1	0.217055455692807	0.0256438531005203	0.168353827090654	0.267015049495423	0.0986612224047688	0	0	2	0.2	0.475811980982291	0.0560927964731155	0.369001519450486	0.584505046567607	0.21550352711712	0	0	3	0.1	0.231883783794075	0.0273976650992079	0.179366167630744	0.285401819762988	0.106035652132245	0	0	3	0.2	0.512664619552935	0.0606447782900813	0.399536686627345	0.633678347394575	0.23414166076723
857	0	0	0	0.1	0.274125589746546	0.0287209883565376	0.216381684520319	0.331159396836785	0.114777712316466	0	0	0	0.2	0.502906441525376	0.0520412040837638	0.398497047056062	0.605253894279556	0.206756847223494	0	0	1	0.1	0.237495873043271	0.0247907035496311	0.190530901802722	0.285681064604921	0.0951501628021997	0	0	1	0.2	0.505697525061224	0.0525026353695681	0.403912778493811	0.607335531443892	0.203422752950081	0	0	2	0.1	0.247672101233248	0.0258298477268108	0.198875770127621	0.298154594731176	0.0992788246035544	0	0	2	0.2	0.542275045968334	0.0566353468884346	0.433835923120592	0.652638520932633	0.218802597812041	0	0	3	0.1	0.263590218003556	0.0276270176038083	0.21174176156216	0.316557723637242	0.104815962075082	0	0	3	0.2	0.582317616067663	0.0611965314895566	0.465211938035329	0.698758270952119	0.23354633291679
980	0	0	0	0.1	0.232136471763211	0.0282794177537987	0.175264586039653	0.288644437194606	0.113379851154953	0	0	0	0.2	0.428915687378187	0.0514187056439066	0.326242246094168	0.532460695054777	0.206218448960609	0	0	1	0.1	0.204987001791506	0.0245592770823947	0.157748028759997	0.254344444879724	0.096596416119727	0	0	1	0.2	0.438464394250262	0.0522372723146366	0.339131799569154	0.541399288206127	0.202267488636974	0	0	2	0.1	0.216152663152905	0.0258384189937373	0.167646253641077	0.267652565198774	0.100006311557697	0	0	2	0.2	0.474617267410729	0.0565811557703293	0.368365893805367	0.585504206448694	0.217138312643327	0	0	3	0.1	0.231437579995754	0.027720831476527	0.179277800239263	0.286871631067314	0.10759383082805	0	0	3	0.2	0.512409587094746	0.0614249956718047	0.396959111836649	0.635630524653347	0.238671412816698
926	0	0	0	0.1	0.21599104545273	0.0294003003488864	0.160760527257235	0.272269293303619	0.111508766046384	0	0	0	0.2	0.397641076458578	0.0538046917238019	0.295838991728528	0.501163098112844	0.205324106384315	0	0	1	0.1	0.184096106414751	0.0251024220270144	0.13634491859158	0.233223606539902	0.096878687948322	0	0	1	0.2	0.392817435678085	0.0534200901089778	0.291506006405984	0.496864112956818	0.205358106550834	0	0	2	0.1	0.190400400984507	0.0259597589351849	0.140515396631051	0.242251037196881	0.10173564056583	0	0	2	0.2	0.417873306673415	0.0569010005590486	0.309666001222592	0.529319930677705	0.219653929455113	0	0	3	0.1	0.201771032882147	0.0275013635317247	0.149097482236803	0.256106307254003	0.1070088250172	0	0	3	0.2	0.446708270411784	0.0609767878955115	0.33045730444059	0.567481486111005	0.237024181670416
898	0	0	0	0.1	0.222052030356992	0.0285072820014783	0.166635098618697	0.278411401376513	0.111776302757815	0	0	0	0.2	0.412091117778586	0.0524374271855117	0.312314846552475	0.513855183210391	0.201540336657916	0	0	1	0.1	0.194496117077327	0.0248200396195632	0.146574283904081	0.244367720629298	0.0977934367252175	0	0	1	0.2	0.417360559356679	0.0530610162423264	0.316799340242098	0.526668245456679	0.209868905214581	0	0	2	0.1	0.204567863530833	0.0260608323032571	0.155454935344171	0.256326073693792	0.100871138349622	0	0	2	0.2	0.450412630097873	0.0574543790521668	0.342834378945516	0.567889308409155	0.225054929463639	0	0	3	0.1	0.218792030237087	0.0280139579035889	0.16575429191994	0.276136402061926	0.110382110141986	0	0	3	0.2	0.485417043803463	0.0620984658973365	0.367491704954724	0.611982203387946	0.244490498433222
1000	0	0	0	0.1	0.219504725836646	0.0290971908730863	0.163930289451969	0.278751159561252	0.114820870109283	0	0	0	0.2	0.40120802010055	0.0528102379543553	0.301279861441478	0.506251472412658	0.20497161097118	0	0	1	0.1	0.185300260599221	0.0246162167143509	0.13955073785748	0.23515716064687	0.0956064227893892	0	0	1	0.2	0.393723404658271	0.0520005852930418	0.29834085144087	0.499552191046948	0.201211339606078	0	0	2	0.1	0.190724425303327	0.0253129213125578	0.143444522674383	0.242715381038044	0.0992708583636613	0	0	2	0.2	0.41729181483139	0.0552380807263552	0.312949520033908	0.529632900719415	0.216683380685507	0	0	3	0.1	0.201660942446324	0.0268137441533486	0.150665150490183	0.256687564179902	0.106022413689719	0	0	3	0.2	0.445266137379659	0.0591589173340589	0.33362654640736	0.566124126167276	0.232497579759916
850	0	0	0	0.1	0.191727457432977	0.0288700595424772	0.13472408186245	0.248425326443106	0.113701244580656	0	0	0	0.2	0.351256772918559	0.0524672898078086	0.250396770694094	0.451722656281023	0.201325885586929	0	0	1	0.1	0.163725701767116	0.0245145045956253	0.117847175512823	0.211250608038843	0.0934034325260203	0	0	1	0.2	0.349107426914212	0.0520676695769202	0.252273986121081	0.450865592555486	0.198591606434405	0	0	2	0.1	0.170338120627384	0.0254560050396516	0.1233256674837	0.220515297975029	0.0971896304913289	0	0	2	0.2	0.373370099062469	0.0557809638792356	0.270410044416517	0.484216955778975	0.213806911362458	0	0	3	0.1	0.181215232439351	0.0271512344967279	0.131837402162228	0.233904520855513	0.102067118693285	0	0	3	0.2	0.400583159525567	0.0599878189527861	0.292148621645717	0.518802366412556	0.226653744766838
816	0	0	0	0.1	0.18228108052073	0.0275447884458608	0.131539776518701	0.235882118513267	0.104342341994566	0	0	0	0.2	0.3335698982789	0.0499064001040118	0.241681628533876	0.430036091420235	0.188354462886359	0	0	1	0.1	0.157096268356848	0.0235515208742261	0.113816972377357	0.202024608433752	0.0882076360563942	0	0	1	0.2	0.334804046194578	0.0499376812000811	0.242710385747416	0.432620289141883	0.189909903394468	0	0	2	0.1	0.164265535807883	0.0246068598924294	0.118584055868111	0.212177510719491	0.0935934548513805	0	0	2	0.2	0.35982096552929	0.0538022901063104	0.258785133168773	0.465050681500686	0.206265548331912	0	0	3	0.1	0.175257923847637	0.0262702539249504	0.126267571334232	0.226302593106668	0.100035021772436	0	0	3	0.2	0.387116184934685	0.0579844457322661	0.278719072519512	0.499379301273583	0.220660228754071
999	0	0	0	0.1	0.211275214939535	0.0282540140969705	0.156223402994437	0.26503392660302	0.108810523608583	0	0	0	0.2	0.389948078987667	0.051665665106473	0.291699539770993	0.487954406380203	0.19625486660921	0	0	1	0.1	0.185076559386926	0.0245210312329618	0.136676500594855	0.231897919948998	0.0952214193541424	0	0	1	0.2	0.395559860100243	0.0521774587413723	0.293263428036571	0.496218164357208	0.202954736320637	0	0	2	0.1	0.194298702881217	0.0256272237706029	0.144514896580992	0.244034305420193	0.0995194088392012	0	0	2	0.2	0.42660380202025	0.0562503236548423	0.317588513534912	0.535030684679149	0.217442171144237	0	0	3	0.1	0.207665185418255	0.0273854202532928	0.15476829332844	0.260295357842395	0.105527064513955	0	0	3	0.2	0.459664432067312	0.0608081251975136	0.34394115690876	0.576060796879502	0.232119639970742
942	0	0	0	0.1	0.194458991446325	0.0257288648207288	0.145668736066033	0.244804878357214	0.0991361422911819	0	0	0	0.2	0.361976614184321	0.0474093023442733	0.271533494862645	0.455012939730657	0.183479444868012	0	0	1	0.1	0.176444556176411	0.0230798136437293	0.133603373342024	0.223034743115287	0.0894313697732637	0	0	1	0.2	0.379408014144461	0.0494608517895937	0.286619271437767	0.476771358249815	0.190152086812048	0	0	2	0.1	0.188936413711469	0.0246329283457775	0.141743892951983	0.237490527454243	0.0957466345022603	0	0	2	0.2	0.416254056240352	0.0542233379047915	0.311895881606715	0.521751673789931	0.209855792183216	0	0	3	0.1	0.204184846118984	0.0266381042202246	0.153747574901785	0.255861679882267	0.102114104980482	0	0	3	0.2	0.452924075424176	0.0590936328119359	0.341424702186826	0.568315134737594	0.226890432550768
951	0	0	0	0.1	0.241490771934418	0.0293511099793953	0.184635822847346	0.29652144364715	0.111885620799804	0	0	0	0.2	0.446368674239284	0.0538177203264358	0.341958233525144	0.547822352267514	0.20586411874237	0	0	1	0.1	0.211470431316255	0.0257081420797537	0.161995310632427	0.261872060628252	0.0998767499958243	0	0	1	0.2	0.451635707284064	0.0547190782013822	0.343159846367669	0.558218081783927	0.215058235416258	0	0	2	0.1	0.221195955095399	0.0269355335094726	0.16889066214812	0.274853418195833	0.105962756047713	0	0	2	0.2	0.485405564035191	0.0591629191970367	0.370248650959555	0.602963734335318	0.232715083375763	0	0	3	0.1	0.235735970234894	0.0288103718382604	0.18045187837318	0.292647262009058	0.112195383635879	0	0	3	0.2	0.521755624029975	0.0639511580665389	0.398394328202312	0.649375891236746	0.250981563034434
880	0	0	0	0.1	0.217820712706346	0.0295810781315649	0.160560264404722	0.277324391630565	0.116764127225843	0	0	0	0.2	0.39907263127025	0.0536652901030362	0.296201626641428	0.507893341703268	0.21169171506184	0	0	1	0.1	0.188988741774421	0.0256285884149047	0.139345217813235	0.241832093136699	0.102486875323465	0	0	1	0.2	0.401580596736806	0.0540678248614349	0.297838650177242	0.512072469903068	0.214233819725826	0	0	2	0.1	0.196792366119283	0.0266014870189409	0.145857819342198	0.250597751599541	0.104739932257343	0	0	2	0.2	0.430361781803212	0.0580399455946136	0.318233955733775	0.547939942644779	0.229705986911004	0	0	3	0.1	0.209343258493846	0.0282718976138022	0.154753788528672	0.266772396081514	0.112018607552841	0	0	3	0.2	0.462173533677369	0.0624241736766586	0.341961785470512	0.588621882571925	0.246660097101413
917	0	0	0	0.1	0.193166922956272	0.0296181142751909	0.135886121049761	0.251499398756146	0.115613277706386	0	0	0	0.2	0.355935477065767	0.05410125866161	0.252756095987939	0.462154446183011	0.209398350195072	0	0	1	0.1	0.165675143995399	0.0252374478153009	0.119107373215353	0.21555440142209	0.0964470282067367	0	0	1	0.2	0.353483727449259	0.0535597546382625	0.253186841008849	0.457668396074589	0.204481555065741	0	0	2	0.1	0.171759565047079	0.0260673290254505	0.123337933873836	0.223399627070077	0.100061693196241	0	0	2	0.2	0.376770107520739	0.0570942936970958	0.269078813708049	0.488583383480646	0.219504569772597	0	0	3	0.1	0.182235846952877	0.0276843674914363	0.129340777656683	0.236656149607956	0.107315371951273	0	0	3	0.2	0.403283737705839	0.0612179883843209	0.287734229302064	0.526809577450143	0.239075348148079
905	0	0	0	0.1	0.217463497802333	0.0271542995157205	0.163800419716231	0.270406488070304	0.106606068354074	0	0	0	0.2	0.402948480754321	0.0497172954586874	0.304436751728991	0.502354408618858	0.197917656889868	0	0	1	0.1	0.190943682084077	0.0234376458360106	0.144235423705395	0.235899714151497	0.0916642904461015	0	0	1	0.2	0.409032285934511	0.0499041057699409	0.306986378270401	0.503834977339901	0.1968485990695	0	0	2	0.1	0.200713959423947	0.0244279242102203	0.150973305697894	0.247597949501249	0.0966246438033556	0	0	2	0.2	0.441330138893553	0.0536212220194332	0.332114940250666	0.542725358338125	0.210610418087459	0	0	3	0.1	0.214499197850348	0.0260376958177988	0.161148563601108	0.263891013827592	0.102742450226484	0	0	3	0.2	0.475503487739942	0.0576902034343853	0.357612496832637	0.585621526453265	0.228009029620628
921	0	0	0	0.1	0.199320767449372	0.0271208930093759	0.147195036258044	0.251886043312614	0.10469100705457	0	0	0	0.2	0.368400321969057	0.049597145645734	0.273129117909655	0.464202040756758	0.191072922847104	0	0	1	0.1	0.176202348127569	0.0236976283768067	0.131664858539234	0.221546485162376	0.0898816266231414	0	0	1	0.2	0.376354883181717	0.0503788756151814	0.280577581022631	0.471600885881788	0.191023304859157	0	0	2	0.1	0.185300548676588	0.0247884980085003	0.138254835547888	0.232421024836573	0.0941661892886849	0	0	2	0.2	0.406538192555514	0.0543256912206307	0.302601909327365	0.511160931155569	0.208559021828204	0	0	3	0.1	0.198088481530205	0.0265189717744343	0.147198964279973	0.249281506548968	0.102082542268995	0	0	3	0.2	0.438329553735561	0.0586253464773759	0.325937236624808	0.55126640431502	0.225329167690212
834	0	0	0	0.1	0.19039643150484	0.0283322046850618	0.139674499918177	0.245570937147986	0.105896437229809	0	0	0	0.2	0.345795520955605	0.0511663846900216	0.254126028263184	0.444198776763392	0.190072748500208	0	0	1	0.1	0.160393691842055	0.0238332916099475	0.117260316141323	0.205541238892287	0.0882809227509633	0	0	1	0.2	0.339709193364456	0.050279025144941	0.249783922638405	0.436459036941293	0.186675114302888	0	0	2	0.1	0.165042483437673	0.0245229221527189	0.121488754711068	0.212555872556587	0.0910671178455192	0	0	2	0.2	0.360191224713588	0.0534546861663321	0.2638012441885	0.465574018299644	0.201772774111144	0	0	3	0.1	0.174523353575894	0.0259916440197312	0.127769858989208	0.225341484680068	0.0975716256908606	0	0	3	0.2	0.384498332140686	0.0572283721785275	0.282477182676487	0.498455954534757	0.215978771858271
967	0	0	0	0.1	0.282776984510632	0.0290790885712854	0.227531276972717	0.342695803167906	0.115164526195189	0	0	0	0.2	0.52101998396641	0.0530122665836152	0.419904617224323	0.630325149073548	0.210420531849225	0	0	1	0.1	0.24588930364959	0.0254961507020447	0.196920877789328	0.297166958776088	0.10024608098676	0	0	1	0.2	0.524743653245845	0.0540622050268487	0.421306919880945	0.63515999358139	0.213853073700446	0	0	2	0.1	0.256734000013748	0.0266210390393685	0.205059912193192	0.309984022537652	0.10492411034446	0	0	2	0.2	0.563156017796091	0.0583127011159992	0.451026643531566	0.679222121998246	0.22819547846668	0	0	3	0.1	0.273506885844814	0.0284654342024693	0.218983655853963	0.329341589081803	0.110357933227839	0	0	3	0.2	0.604984270860693	0.062976561642199	0.484266600161297	0.727884446955214	0.243617846793917
935	0	0	0	0.1	0.1757599436816	0.0264154206760645	0.124156010874061	0.226780411756573	0.102624400882512	0	0	0	0.2	0.323584650922672	0.0483585645923627	0.228737873097392	0.418342719306022	0.18960484620863	0	0	1	0.1	0.152553264025627	0.0230199195206317	0.108778488920871	0.197438408115575	0.0886599191947046	0	0	1	0.2	0.326231420252304	0.0490826756737281	0.234334445981047	0.423604593039582	0.189270147058535	0	0	2	0.1	0.160148135917907	0.0242640821308924	0.114419574147864	0.207909930141524	0.0934903559936601	0	0	2	0.2	0.351615499447339	0.0532555342703333	0.251463298220028	0.455463085317019	0.203999787096991	0	0	3	0.1	0.171299623569481	0.0260614021945745	0.122472117273118	0.221899184845861	0.0994270675727429	0	0	3	0.2	0.378891093032703	0.0577374013002499	0.269730869325639	0.491669163862375	0.221938294536736
978	0	0	0	0.1	0.218175492399123	0.0288054473260066	0.162794464020512	0.276462762924643	0.113668298904131	0	0	0	0.2	0.402766337465848	0.0525656482485745	0.302085192266992	0.509120861392578	0.207035669125586	0	0	1	0.1	0.191570646574455	0.0250234334717235	0.142518949450484	0.240287243704539	0.0977682942540548	0	0	1	0.2	0.409623475294969	0.0531942466292358	0.306153262446759	0.516397351724382	0.210244089277623	0	0	2	0.1	0.201489598404261	0.0262289141857166	0.151023200825002	0.254278841998355	0.103255641173353	0	0	2	0.2	0.442333966876092	0.0574879225037046	0.332174731865177	0.558277368227423	0.226102636362246	0	0	3	0.1	0.215485439063704	0.0280994637577144	0.161735280011189	0.274042911680597	0.112307631669408	0	0	3	0.2	0.477033856905598	0.06223509572694	0.358106756410164	0.605998090426254	0.24789133401609
983	0	0	0	0.1	0.21281131553551	0.029336135120932	0.157666518090987	0.271246320720162	0.113579802629175	0	0	0	0.2	0.389674512527676	0.0533561412981081	0.288553668581869	0.495385318234709	0.20683164965284	0	0	1	0.1	0.183193592242049	0.0252288174360085	0.134468108019537	0.234230549844162	0.0997624418246257	0	0	1	0.2	0.388890754032723	0.0532691488410352	0.28544136918119	0.495912983034594	0.210471613853404	0	0	2	0.1	0.189781652854932	0.0260380014224837	0.138826673997107	0.241484121958335	0.102657447961227	0	0	2	0.2	0.414824283881282	0.0568112327864812	0.303559455545971	0.528001226101195	0.224441770555224	0	0	3	0.1	0.201297111091425	0.0276170341467308	0.14694103758364	0.255827902455861	0.108886864872221	0	0	3	0.2	0.444058217403179	0.0608686045258952	0.323712205077285	0.564052815317177	0.240340610239892
996	0	0	0	0.1	0.194675695081653	0.0287033822480352	0.139283259394457	0.254162458669652	0.114879199275195	0	0	0	0.2	0.354926898335255	0.0518797472961593	0.256074035979336	0.462910859095607	0.206836823116271	0	0	1	0.1	0.163595863474253	0.0239921263057774	0.118355259940575	0.2145226751016	0.0961674151610252	0	0	1	0.2	0.347839494413058	0.0507725472369747	0.25185618673245	0.455215986757073	0.203359800024624	0	0	2	0.1	0.168692134139387	0.0246522602206281	0.121110882374326	0.221287867914764	0.100176985540438	0	0	2	0.2	0.369144564046311	0.0538317753949703	0.265316026992893	0.483594000510754	0.218277973517861	0	0	3	0.1	0.178675340685064	0.0260817165180524	0.128138203489843	0.233198779466045	0.105060575976202	0	0	3	0.2	0.394387469262634	0.0575831310740477	0.283047666140444	0.514515983130174	0.23146831698973
964	0	0	0	0.1	0.27412460609044	0.0301256209647781	0.217875067407616	0.333340280819969	0.115465213412353	0	0	0	0.2	0.507865217837245	0.0554018544179685	0.406856889226544	0.617808369758025	0.210951480531481	0	0	1	0.1	0.239820940881759	0.0265017379309375	0.190188864461841	0.291845276966407	0.101656412504566	0	0	1	0.2	0.512970035524271	0.0564992055001906	0.409039253860931	0.623863844657562	0.21482459079663	0	0	2	0.1	0.250686700385021	0.0277069592017921	0.199654582074206	0.305905002255776	0.10625042018157	0	0	2	0.2	0.550834707332344	0.0609506787025409	0.438517783680448	0.673149498868871	0.234631715188423	0	0	3	0.1	0.267066385850538	0.029632943645623	0.212531359509063	0.327139098385748	0.114607738876685	0	0	3	0.2	0.591710671859206	0.0657907458059543	0.4701001514934	0.727428571210772	0.257328419717372
993	0	0	0	0.1	0.22611623833496	0.0274822460594609	0.17360908472592	0.282067692771604	0.108458608045685	0	0	0	0.2	0.41730085157656	0.0499775859737193	0.323067060793195	0.518699253678624	0.195632192885429	0	0	1	0.1	0.199427166136043	0.0238864695355354	0.154241622204128	0.248085743479814	0.0938441212756863	0	0	1	0.2	0.426102698535464	0.0507320076047645	0.331375302332156	0.527798980536794	0.196423678204638	0	0	2	0.1	0.209984868212428	0.0251263825331543	0.163582811891877	0.261871150133573	0.0982883382416962	0	0	2	0.2	0.460749983231005	0.0549894758748163	0.35788415907963	0.572504397397198	0.214620238317568	0	0	3	0.1	0.2247007294971	0.0269941579489754	0.173561280343566	0.279308258159185	0.105746977815619	0	0	3	0.2	0.497081380116462	0.0596114548858411	0.384194299998913	0.617837107050195	0.233642807051283
924	0	0	0	0.1	0.178728946816436	0.0271344954675436	0.126836021184526	0.232148551183566	0.10531252999904	0	0	0	0.2	0.328876523216474	0.0494736404036291	0.236039441383934	0.425821575950625	0.189782134566691	0	0	1	0.1	0.157910350074227	0.0238949878957344	0.112776894625522	0.204643141142598	0.0918662465170768	0	0	1	0.2	0.336399075981433	0.0507012417254308	0.242562654928235	0.437567890719473	0.195005235791239	0	0	2	0.1	0.166155274908487	0.0251513732970721	0.118945733443042	0.216582631942163	0.0976368984991217	0	0	2	0.2	0.36390949027534	0.0549566569412618	0.261111901183813	0.474414136413217	0.213302235229404	0	0	3	0.1	0.177801363283408	0.0269346521491744	0.128183998672605	0.232425170003502	0.104241171330897	0	0	3	0.2	0.392797071945684	0.0595148899515678	0.282645722218723	0.512896618300633	0.23025089608191
919	0	0	0	0.1	0.180109724993791	0.0274919425209222	0.126626323135233	0.235352540437223	0.108726217301989	0	0	0	0.2	0.333154038475255	0.0503711297430104	0.235643373318308	0.434719354763926	0.199075981445618	0	0	1	0.1	0.15708420003843	0.0236156474168246	0.111556679400348	0.203323348469932	0.0917666690695846	0	0	1	0.2	0.336782014057654	0.05039267674484	0.238703513148065	0.434660662487837	0.195957149339772	0	0	2	0.1	0.165287916950332	0.0246707728409571	0.11695639641706	0.212535970928285	0.0955795745112249	0	0	2	0.2	0.363606622025414	0.0541859477272619	0.257227308835865	0.468649205960079	0.211421897124214	0	0	3	0.1	0.176890021247952	0.0264020032124866	0.125187897829317	0.228749755758244	0.103561857928926	0	0	3	0.2	0.392094631537359	0.0584426951565445	0.278047349636915	0.506027133497049	0.227979783860133
918	0	0	0	0.1	0.253634007113123	0.0263126042254709	0.203336750147535	0.306186667270085	0.10284991712255	0	0	0	0.2	0.468852167031556	0.0476382221369364	0.378579277620254	0.564358193590784	0.18577891597053	0	0	1	0.1	0.225261011135398	0.022891139797215	0.181761627425289	0.27082742002116	0.0890657925958717	0	0	1	0.2	0.482469241114291	0.0484710963687879	0.390926943139867	0.57892290457111	0.187995961431243	0	0	2	0.1	0.238589674612475	0.0239871913783042	0.19179364077842	0.287974319809544	0.0961806790311235	0	0	2	0.2	0.524192480751923	0.0525073375124669	0.422853275862264	0.632458940538188	0.209605664675925	0	0	3	0.1	0.256225688817603	0.0257019958475748	0.207042141135564	0.308773251260434	0.10173111012487	0	0	3	0.2	0.567326466777323	0.0569538216279021	0.459482313007276	0.682480530139314	0.222998217132038
936	0	0	0	0.1	0.212051736607194	0.0283406234869499	0.154347572743019	0.267248794003408	0.112901221260389	0	0	0	0.2	0.390505259863477	0.0518579482990423	0.287220458506203	0.492315703191559	0.205095244685355	0	0	1	0.1	0.179676426075821	0.0240965589495057	0.132321816964056	0.22754132990056	0.0952195129365044	0	0	1	0.2	0.384053637023149	0.0513676947484384	0.284403189998162	0.485934684445996	0.201531494447834	0	0	2	0.1	0.185899070962872	0.0250264641539211	0.137651390254892	0.236773918264309	0.0991225280094161	0	0	2	0.2	0.408482888412352	0.0549670992350897	0.301853415530104	0.518617118544311	0.216763703014207	0	0	3	0.1	0.197226021257295	0.0266034865495621	0.146136862489017	0.249243776983543	0.103106914494525	0	0	3	0.2	0.436788903671536	0.0589969213241814	0.323519782359121	0.552491385956655	0.228971603597534
934	0	0	0	0.1	0.216535411785006	0.0282184283122977	0.161595663839801	0.271451730267592	0.109856066427792	0	0	0	0.2	0.398261851999319	0.0513928769032785	0.296372752233139	0.497092206056946	0.200719453823807	0	0	1	0.1	0.184890782599984	0.0240114786941177	0.137527196220496	0.231763656085018	0.0942364598645222	0	0	1	0.2	0.39520955026226	0.0510112509874943	0.294436046531659	0.493685996576549	0.19924995004489	0	0	2	0.1	0.192374439449407	0.0248928864288422	0.143186095245781	0.241474373631875	0.0982882783860941	0	0	2	0.2	0.422418442608189	0.0544463889718397	0.315351740642017	0.528493589748707	0.21314184910669	0	0	3	0.1	0.204668697585618	0.0264183523950375	0.153104710907935	0.255137592774519	0.102032881866584	0	0	3	0.2	0.452933945676305	0.0585685073291359	0.337759363959381	0.565556187106925	0.227796823147544
922	0	0	0	0.1	0.169559657362886	0.0288725375187199	0.114221858827848	0.22877551005092	0.114553651223072	0	0	0	0.2	0.31539708356493	0.0532108803239492	0.213246854555296	0.424164219702127	0.210917365146831	0	0	1	0.1	0.149238701267736	0.0250244750476226	0.102024917357758	0.197867791382097	0.0958428740243391	0	0	1	0.2	0.320132802913949	0.053484744533064	0.218603594820473	0.42467364563807	0.206070050817597	0	0	2	0.1	0.156765480541383	0.0262015076161721	0.107658621099077	0.208359257420257	0.100700636321181	0	0	2	0.2	0.345116799845362	0.057598758831366	0.236546976640073	0.459761404897848	0.223214428257775	0	0	3	0.1	0.167524453177415	0.0279367334197579	0.114802221051071	0.222370458790472	0.107568237739401	0	0	3	0.2	0.371673451064211	0.0620534857637368	0.255516878208386	0.494263344062344	0.238746465853958
908	0	0	0	0.1	0.211962536657807	0.0289398417517923	0.153675766541678	0.269635336038111	0.115959569496434	0	0	0	0.2	0.387472476945318	0.0524698294695775	0.281671795505176	0.489296760071495	0.207624964566319	0	0	1	0.1	0.180322346783847	0.0246076411185086	0.130275396465521	0.227443840161813	0.097168443696292	0	0	1	0.2	0.383540016741217	0.0521272531104575	0.277217848401317	0.483160529668007	0.20594268126669	0	0	2	0.1	0.186765719330966	0.0254652007917763	0.134808759642536	0.235894948509563	0.101086188867027	0	0	2	0.2	0.408680451882205	0.0557217107165072	0.294346507139025	0.518619404133659	0.224272896994634	0	0	3	0.1	0.198139177663942	0.0271050396811955	0.143577999128832	0.253097099618899	0.109519100490067	0	0	3	0.2	0.437536216356776	0.0599396437704977	0.316642776769813	0.55945581217962	0.242813035409807
976	0	0	0	0.1	0.207029561131529	0.0278258409396301	0.154916224027413	0.265411674014489	0.110495449987076	0	0	0	0.2	0.379655676729452	0.0505847036946639	0.289311539360277	0.485920317014296	0.196608777654019	0	0	1	0.1	0.17866624347026	0.0238650077044464	0.135067990883248	0.22823739648733	0.0931694056040822	0	0	1	0.2	0.380424291195141	0.0506039883285194	0.286787819753278	0.486258144424124	0.199470324670846	0	0	2	0.1	0.186140202416161	0.0248615170505304	0.141048214076235	0.237682841097138	0.0966346270209037	0	0	2	0.2	0.407624366470106	0.0543121355039636	0.309194476615135	0.521060373186538	0.211865896571404	0	0	3	0.1	0.198106685872895	0.0264738883024703	0.149539159419863	0.253097099618899	0.103557940199036	0	0	3	0.2	0.437645440254603	0.0585374612835527	0.331159345447082	0.557807934909472	0.22664858946239
985	0	0	0	0.1	0.228871011293187	0.0286225347133079	0.173610501094834	0.283415404632045	0.109804903537211	0	0	0	0.2	0.424260239770794	0.0524508431952819	0.321072393015941	0.524935229763039	0.203862836747098	0	0	1	0.1	0.202305894348583	0.0252032279507118	0.15325414807274	0.249609799169349	0.0963556510966096	0	0	1	0.2	0.433283312349541	0.0535811362578452	0.326837076759768	0.533026965823729	0.206189889063961	0	0	2	0.1	0.213132406266746	0.0264331087079406	0.160651314745943	0.261728657212932	0.101077342466988	0	0	2	0.2	0.468505612485306	0.0580089918838702	0.353776820233828	0.574614223334458	0.22083740310063	0	0	3	0.1	0.228047437693397	0.028365212732683	0.173179442645684	0.281408683430068	0.108229240784384	0	0	3	0.2	0.50541758791373	0.0626220231157611	0.38459837958598	0.620812482302736	0.236214102716756
845	0	0	0	0.1	0.190657356091682	0.0272739938412865	0.135873194486961	0.243250980305004	0.107377785818043	0	0	0	0.2	0.350155226271179	0.0495711483592654	0.249294352658235	0.447028692975647	0.197734340317411	0	0	1	0.1	0.163246468527749	0.0229857359052579	0.117823625666387	0.207822934034574	0.0899993083681875	0	0	1	0.2	0.34876068233145	0.0489388456341	0.252205327018763	0.44252756713947	0.190322240120707	0	0	2	0.1	0.170266965701551	0.0239059289483177	0.122944549029849	0.216772324708491	0.0938277756786416	0	0	2	0.2	0.373704065628424	0.0524343354446132	0.271977421582149	0.474634051865941	0.202656630283793	0	0	3	0.1	0.181408882963693	0.0254633609986509	0.13098877180425	0.231057944698444	0.100069172894194	0	0	3	0.2	0.401328504478715	0.0564481748141339	0.289464496664459	0.513243681907949	0.22377918524349
938	0	0	0	0.1	0.212762218842747	0.0294375791732831	0.157365320401522	0.271840861259428	0.114475540857906	0	0	0	0.2	0.390763009503854	0.0535340347679612	0.288996762352054	0.498451707111421	0.209454944759367	0	0	1	0.1	0.18183056301864	0.0250384576853711	0.134313038702242	0.230647262893374	0.0963342241911323	0	0	1	0.2	0.387804223616271	0.0531543389886313	0.285038346086743	0.492221496162828	0.207183150076085	0	0	2	0.1	0.188767416898318	0.0259942541267775	0.138685062422116	0.240333282539841	0.101648220117725	0	0	2	0.2	0.413911647014271	0.0568812264064509	0.305759552643892	0.527871913018312	0.22211236037442	0	0	3	0.1	0.200462425805465	0.0276679282802619	0.147338156665097	0.256267030468635	0.108928873803538	0	0	3	0.2	0.443438448328039	0.0611933461333648	0.327802202816213	0.564281650864661	0.236479448048448
897	0	0	0	0.1	0.244660127096112	0.0282677129621799	0.190491102624287	0.301171143325388	0.110680040701101	0	0	0	0.2	0.44959574021174	0.0514967110952577	0.353488318903424	0.551686029459612	0.198197710556188	0	0	1	0.1	0.213323478234204	0.0247937598639473	0.166889416171798	0.262111281681743	0.0952218655099448	0	0	1	0.2	0.454655724866569	0.0524855842469384	0.356779533033014	0.559396700495838	0.202617167462824	0	0	2	0.1	0.223324873788671	0.0259586702994704	0.174834074665706	0.275890272357521	0.101056197691815	0	0	2	0.2	0.489251647325697	0.0567853655748984	0.384110974133591	0.607030143938146	0.222919169804555	0	0	3	0.1	0.238169057075157	0.0277322486384957	0.186674051918931	0.294545447686253	0.107871395767322	0	0	3	0.2	0.526301272452683	0.0614468279869817	0.413066709037712	0.652957244070078	0.239890535032366
961	0	0	0	0.1	0.196194829132168	0.0289719482474902	0.141489297822448	0.252540072347135	0.111050774524687	0	0	0	0.2	0.362556919279507	0.0530833911540829	0.261307730832734	0.468307892811494	0.20700016197876	0	0	1	0.1	0.172203782638909	0.0251352850661212	0.124582359831843	0.22377083722631	0.0991884773944676	0	0	1	0.2	0.368027351196599	0.0534764638641433	0.266686294438787	0.478847841408372	0.212161546969585	0	0	2	0.1	0.18074475914837	0.0262178210579765	0.131242393027684	0.234283841888325	0.103041448860641	0	0	2	0.2	0.396768227360512	0.0574981025585749	0.288201008056582	0.513480109233159	0.225279101176577	0	0	3	0.1	0.19300285938362	0.0279756157092921	0.140121143173326	0.250283188827242	0.110162045653916	0	0	3	0.2	0.427358681552253	0.0618671656187495	0.311559465681042	0.553424606995623	0.241865141314581
950	0	0	0	0.1	0.212380071813577	0.0270728032096399	0.15805283589622	0.265915578390188	0.107862742493968	0	0	0	0.2	0.386900518663604	0.0488306591025573	0.288528617541291	0.480650921805786	0.192122304264495	0	0	1	0.1	0.180261978028593	0.0228713971834113	0.133043855761731	0.224018192374526	0.0909743366127951	0	0	1	0.2	0.382986024522322	0.0483590408887798	0.281568588368376	0.47542306451073	0.193854476142354	0	0	2	0.1	0.186794552519991	0.0237295265843419	0.136093175699351	0.231162403094577	0.0950692273952263	0	0	2	0.2	0.408454455657339	0.0518040883503402	0.297478258284379	0.507176298069649	0.20969803978527	0	0	3	0.1	0.198295816911386	0.0252423627577223	0.144373917398466	0.246336660303603	0.101962742905137	0	0	3	0.2	0.437647199180832	0.055806182724459	0.318875072227073	0.543339550915782	0.22446447868871
899	0	0	0	0.1	0.234364973960796	0.0295919175295801	0.176261236013195	0.291582270260647	0.115321034247452	0	0	0	0.2	0.432875121906614	0.0539098071838819	0.326004711861654	0.538201930292119	0.212197218430465	0	0	1	0.1	0.205352993127431	0.0256016291496806	0.155812553641348	0.255560774494981	0.0997482208536334	0	0	1	0.2	0.438555456579989	0.0543441770513545	0.332463098436131	0.544751344968927	0.212288246532796	0	0	2	0.1	0.214968934405151	0.0266644183763215	0.163023095603638	0.26680601075998	0.103782915156342	0	0	2	0.2	0.471775307893096	0.0584082132941924	0.357782632269371	0.584981558328285	0.227198926058914	0	0	3	0.1	0.229345470085846	0.0285402266652313	0.172906922086845	0.283637191155832	0.110730269068987	0	0	3	0.2	0.507483283758396	0.0630147664266646	0.381954450113921	0.629266728333094	0.247312278219173
925	0	0	0	0.1	0.206327872955654	0.0270570826160906	0.154088033985544	0.257714964019486	0.103626930033942	0	0	0	0.2	0.384458132495418	0.0500045753014475	0.287561564612735	0.479641197695722	0.192079633082987	0	0	1	0.1	0.182991074352602	0.0238255117631002	0.136937522548465	0.228640156478187	0.0917026339297223	0	0	1	0.2	0.393692377121637	0.0510832919976132	0.297209359824923	0.490216307375603	0.19300694755068	0	0	2	0.1	0.193761668769952	0.025144115843361	0.145288092921989	0.241556537048233	0.0962684441262441	0	0	2	0.2	0.427219470674547	0.0554707492201145	0.320926885034511	0.534763625999678	0.213836740965167	0	0	3	0.1	0.20792493169784	0.0270064832843505	0.154990939334679	0.260311346576215	0.105320407241536	0	0	3	0.2	0.461974445136421	0.0599720261180074	0.346171790826214	0.577538963723996	0.231367172897781
907	0	0	0	0.1	0.184069676172674	0.0281979264735144	0.128177658632363	0.239513000633944	0.111335342001581	0	0	0	0.2	0.342233428686396	0.0521288072711218	0.237954030742952	0.446347062784178	0.208393032041226	0	0	1	0.1	0.163478473996413	0.0249305757035581	0.112083689902384	0.211750670325791	0.099666980423407	0	0	1	0.2	0.350780531324635	0.0533831665342343	0.240667984604759	0.454422964727051	0.213754980122292	0	0	2	0.1	0.172796554083753	0.0263419064081327	0.118737792587734	0.224923918652931	0.106186126065197	0	0	2	0.2	0.380285397863282	0.0579620801090177	0.261341396362955	0.495419128916679	0.234077732553724	0	0	3	0.1	0.185229631476393	0.0282318985767507	0.127035555259758	0.241954771974469	0.114919216714711	0	0	3	0.2	0.410918912624212	0.0628312432625834	0.283562715555342	0.535138642905476	0.251575927350134
998	0	0	0	0.1	0.262954371618	0.0290952190197924	0.207169653152266	0.31787363329468	0.110703980142414	0	0	0	0.2	0.482234800519699	0.0529903115590646	0.381165796162333	0.580043004243654	0.198877208081321	0	0	1	0.1	0.228985448837874	0.025634853660178	0.180711474267913	0.276980377481499	0.096268903213586	0	0	1	0.2	0.487455416935784	0.0542462895229778	0.387686683531375	0.589093196065733	0.201406512534359	0	0	2	0.1	0.239474079042056	0.0268442560253131	0.189635905938379	0.290459728320197	0.100823822381818	0	0	2	0.2	0.524180719534979	0.058614357961942	0.416411106237714	0.634805799274397	0.218394693036682	0	0	3	0.1	0.255335222681317	0.0286292684227106	0.202367614232686	0.309862137224274	0.107494522991588	0	0	3	0.2	0.563873615652123	0.0632789472594558	0.445935008489149	0.684867081776247	0.238932073287098
986	0	0	0	0.1	0.177805337833926	0.0277316005421233	0.123326171002313	0.23124560340657	0.107919432404257	0	0	0	0.2	0.328022910487989	0.0508367317720531	0.226313515809024	0.427500447832305	0.20118693202328	0	0	1	0.1	0.155617727892347	0.0242812468457136	0.106409128288379	0.203842266763337	0.0974331384749582	0	0	1	0.2	0.332876306582778	0.0517840518964165	0.229244482185763	0.435757189018035	0.206512706832272	0	0	2	0.1	0.163689942894516	0.0255822714371607	0.111565608733157	0.214457028701213	0.102891419968056	0	0	2	0.2	0.359504369425037	0.0561301047626668	0.245926002404286	0.471549388585735	0.225623386181448	0	0	3	0.1	0.17522712741895	0.0273977073438104	0.119597086923842	0.229938687658793	0.110341600734951	0	0	3	0.2	0.387771678511086	0.0607737358272848	0.265034495213823	0.509868404523172	0.244833909309349
863	0	0	0	0.1	0.213043421564774	0.0284975054786674	0.160356606697515	0.26714728657713	0.106790679879615	0	0	0	0.2	0.39149835475056	0.0519520589740865	0.294214442452948	0.492286549351139	0.198072106898191	0	0	1	0.1	0.185962587388304	0.0249456571149484	0.137782623754094	0.234549256239289	0.0967666324851945	0	0	1	0.2	0.396623832047853	0.0529977591650204	0.296558524847797	0.501077401156821	0.204518876309025	0	0	2	0.1	0.195040939861017	0.0262113858757966	0.145951794028515	0.246972210629311	0.101020416600796	0	0	2	0.2	0.427473244136202	0.0573952444649841	0.320087584383281	0.541481533519358	0.221393949136078	0	0	3	0.1	0.208352182205895	0.0280777497837539	0.155314909961469	0.263678317977372	0.108363408015903	0	0	3	0.2	0.460462323995091	0.0620213036351438	0.34617075822508	0.583635096393187	0.237464338168108
886	0	0	0	0.1	0.266293863792465	0.0289868247686685	0.210769872347134	0.324894555252344	0.114124682905211	0	0	0	0.2	0.486116613765323	0.0523693974955398	0.385924983936329	0.592009629103712	0.206084645167383	0	0	1	0.1	0.226715840860876	0.0246702932090303	0.179746495225199	0.27419432486696	0.0944478296417609	0	0	1	0.2	0.48175510667976	0.0521343886060277	0.382208280714625	0.582588618865646	0.20038033815102	0	0	2	0.1	0.234686480563872	0.0255512663061466	0.185308670304527	0.283761926569662	0.0984532562651345	0	0	2	0.2	0.513259259310105	0.0558157254183668	0.405594197142137	0.619495342507815	0.213901145365678	0	0	3	0.1	0.248908500900257	0.0271223445563264	0.19772246637304	0.301986267751638	0.104263801378598	0	0	3	0.2	0.54933572738922	0.0598842288389234	0.434788566053604	0.666376576545003	0.2315880104914
896	0	0	0	0.1	0.219258695086432	0.0305262119827621	0.16155748846194	0.280557783163998	0.119000294702058	0	0	0	0.2	0.404170994545568	0.0556597554506633	0.302262857658763	0.516608773717068	0.214345916058305	0	0	1	0.1	0.191019827020344	0.0263053697567111	0.141729583245017	0.245716042141544	0.103986458896527	0	0	1	0.2	0.40722039653542	0.0557845871308878	0.304136407988433	0.517589794873679	0.213453386885246	0	0	2	0.1	0.199255786961513	0.0272874534215164	0.148794536718249	0.253588379241368	0.104793842523118	0	0	2	0.2	0.436807397343175	0.0596465000379131	0.324834677364328	0.553216477458162	0.228381800093835	0	0	3	0.1	0.212096685191618	0.0289867748608876	0.158863042998471	0.269976752416958	0.111113709418487	0	0	3	0.2	0.469051130084185	0.0640937336329575	0.349955271345182	0.59691092397452	0.246955652629338
981	0	0	0	0.1	0.243493077286427	0.0283543993299811	0.192328861090842	0.301829089893827	0.109500228802986	0	0	0	0.2	0.448861685091156	0.0517303648489952	0.355307613656085	0.555456980667103	0.200149367011018	0	0	1	0.1	0.210826110868636	0.0245642636354431	0.165627579888351	0.261073608215304	0.095446028326953	0	0	1	0.2	0.451029083523602	0.0522156307507286	0.355682090247638	0.558204725949473	0.202522635701835	0	0	2	0.1	0.220744435625041	0.0256934483524185	0.172006229364344	0.274033778905196	0.102027549540852	0	0	2	0.2	0.484845874082704	0.0562999613214014	0.378288836031777	0.602152416925356	0.223863580893579	0	0	3	0.1	0.235534563656989	0.0274977676880746	0.183777497837363	0.291953170761767	0.108175672924404	0	0	3	0.2	0.521540502595935	0.0608138364926622	0.406017601533604	0.64679615519568	0.240778553662076
990	0	0	0	0.1	0.269613139573713	0.0301107787640965	0.211356881691604	0.32841736212261	0.117060480431006	0	0	0	0.2	0.494966200858345	0.0545294673033209	0.388868252867862	0.603655980345122	0.21478772747726	0	0	1	0.1	0.230355091646215	0.0257765810109176	0.180814414205996	0.27995705083409	0.0991426366280943	0	0	1	0.2	0.490833378665156	0.0544376384630553	0.385170479265961	0.596643445550215	0.211472966284254	0	0	2	0.1	0.23861825321856	0.0266335036515711	0.18784097499137	0.290690351562551	0.102849376571181	0	0	2	0.2	0.522952496801595	0.0581883251384699	0.409717650536166	0.637264652868426	0.22754700233226	0	0	3	0.1	0.25301189731674	0.0282755303032069	0.19951616823822	0.308604810602702	0.109088642364482	0	0	3	0.2	0.559525968506367	0.0624958087068028	0.440704705229277	0.684511718625955	0.243807013396678
997	0	0	0	0.1	0.163444915592414	0.0262801720957012	0.112990805496568	0.214935719188839	0.101944913692272	0	0	0	0.2	0.302711608475445	0.0484284504989369	0.209224777149831	0.39948345958229	0.190258682432459	0	0	1	0.1	0.147283676796788	0.0236602963599834	0.101448490054802	0.195879665314331	0.0944311752595291	0	0	1	0.2	0.314932903896496	0.0504738802720675	0.216493041672618	0.417808629358146	0.201315587685528	0	0	2	0.1	0.156474273262097	0.0251837074779709	0.106960665093007	0.207294691435507	0.1003340263425	0	0	2	0.2	0.343438504884771	0.0552029877735718	0.237091949031457	0.455934214405486	0.218842265374028	0	0	3	0.1	0.168337226622194	0.0271055937619413	0.115352981092134	0.223328012626872	0.107975031534738	0	0	3	0.2	0.372355761536082	0.0600280344503945	0.256757533182742	0.495305206910369	0.238547673727628
979	0	0	0	0.1	0.213722269767766	0.0275232804018704	0.161792937829303	0.267201821792154	0.105408883962851	0	0	0	0.2	0.395714832621396	0.0505991571373681	0.30045990092592	0.494213972779083	0.193754071853162	0	0	1	0.1	0.184769520753941	0.0235660046357149	0.13944783551715	0.231291611447112	0.091843775929962	0	0	1	0.2	0.396252718004723	0.0504547619509766	0.301325494290324	0.497071806794412	0.195746312504088	0	0	2	0.1	0.193190090990798	0.0245949493593206	0.146699864535635	0.242768319363594	0.0960684548279594	0	0	2	0.2	0.425199925317458	0.0542398711603515	0.325655373426247	0.534958833238168	0.20930345981192	0	0	3	0.1	0.206055639426509	0.0262791826605843	0.156820672528	0.257817537865719	0.100996865337719	0	0	3	0.2	0.457032537952035	0.0584149319027683	0.349498884954328	0.57375945207735	0.224260567123021
940	0	0	0	0.1	0.232209535683911	0.0313189322472558	0.171254250550354	0.293080241158096	0.121825990607743	0	0	0	0.2	0.428472325693904	0.0574124016302925	0.318656399563218	0.540143938316077	0.22148753875286	0	0	1	0.1	0.199710937329273	0.0268914448660948	0.148291434138639	0.252297445496355	0.104006011357716	0	0	1	0.2	0.426275412681366	0.0572202994620185	0.314837138855642	0.536702707370391	0.221865568514749	0	0	2	0.1	0.207090663282007	0.0278395772318897	0.152444051950305	0.262147908528778	0.109703856578474	0	0	2	0.2	0.454621191457328	0.0611212568165979	0.332936569624929	0.576905675221927	0.243969105596999	0	0	3	0.1	0.219864468524523	0.029583944976661	0.161448194034363	0.278243097919571	0.116794903885207	0	0	3	0.2	0.486604324215279	0.0655695165758208	0.358357351114961	0.615215934187886	0.256858583072924
982	0	0	0	0.1	0.216869204514551	0.0298317282536681	0.158988068948009	0.278535231398279	0.11954716245027	0	0	0	0.2	0.398761018211955	0.0540966145156888	0.293725933898309	0.511442091840126	0.217716157941817	0	0	1	0.1	0.187958590962878	0.0254352888858729	0.138864930189472	0.240764260890569	0.101899330701097	0	0	1	0.2	0.400660416265866	0.0537925570980963	0.296989277104085	0.512071941394418	0.215082664290333	0	0	2	0.1	0.196094430371473	0.026303702153299	0.145559371430633	0.251701696165505	0.106142324734872	0	0	2	0.2	0.429676456457287	0.0575594800016892	0.318563601605248	0.549864616916809	0.231301015311561	0	0	3	0.1	0.208814064285666	0.0280271096632567	0.155724222755482	0.266475041033168	0.110750818277686	0	0	3	0.2	0.461590224049221	0.061829824736744	0.343585760340831	0.589262974252973	0.245677213912142
956	0	0	0	0.1	0.171647851185454	0.0276942783336922	0.118679903596254	0.225908578022362	0.107228674426108	0	0	0	0.2	0.315250106880437	0.0504713928404427	0.218528782091888	0.41664869641136	0.198119914319472	0	0	1	0.1	0.145767417132669	0.0233102942192227	0.101901744184442	0.19172617436957	0.089824430185128	0	0	1	0.2	0.311508738001693	0.0497062516183235	0.218451834588779	0.411012336198129	0.192560501609351	0	0	2	0.1	0.151526450772643	0.0242001615436604	0.105824281633881	0.201367596369234	0.095543314735353	0	0	2	0.2	0.332633323733547	0.0531592571854009	0.233288374762681	0.442235436048296	0.208947061285615	0	0	3	0.1	0.161151449487847	0.0258018347986246	0.113394250653576	0.214533402627091	0.101139151973514	0	0	3	0.2	0.356617945188422	0.0572069847936451	0.250262044046454	0.475793700668266	0.225531656621812
965	0	0	0	0.1	0.274649714264247	0.0306078365897418	0.212592928164736	0.334881307838943	0.122288379674207	0	0	0	0.2	0.497766396417254	0.0545959539706762	0.382943768936135	0.607043230377774	0.224099461441639	0	0	1	0.1	0.226724528133639	0.02494386104985	0.174020402871384	0.276541608980918	0.102521206109534	0	0	1	0.2	0.479888550216332	0.0523126617892767	0.368695450805957	0.583996374998582	0.215300924192625	0	0	2	0.1	0.230896216966294	0.0252232166834917	0.178755094425	0.282164828535481	0.103409734110482	0	0	2	0.2	0.503985869457343	0.054811745999164	0.390772653425364	0.615487823413974	0.22471516998861	0	0	3	0.1	0.242859240596688	0.0265096588989749	0.188608969628061	0.295876471765495	0.107267502137434	0	0	3	0.2	0.535092179223954	0.0582448638301953	0.416824751948901	0.64965245577697	0.232827703828068
955	0	0	0	0.1	0.22275596867404	0.0284841740253008	0.169762958928773	0.276600965396127	0.106838006467354	0	0	0	0.2	0.405399713584107	0.0514192628254396	0.306619618066309	0.502330263683714	0.195710645617405	0	0	1	0.1	0.185162535155803	0.0236320928696841	0.140072263945317	0.230981299864768	0.0909090359194516	0	0	1	0.2	0.393234720647255	0.0500796099462335	0.297691257679522	0.488784499942806	0.191093242263284	0	0	2	0.1	0.189761319173407	0.024308216012686	0.143332308468045	0.236226480835256	0.0928941723672112	0	0	2	0.2	0.415007404392087	0.0531445084064904	0.310366153904984	0.518081998729604	0.20771584482462	0	0	3	0.1	0.20025883065437	0.0257979494495936	0.149953122487675	0.250296794673197	0.100343672185522	0	0	3	0.2	0.44197099027659	0.0568287590840771	0.329984787606058	0.554832245440293	0.224847457834235
994	0	0	0	0.1	0.174072406520071	0.025866256499862	0.123368490023464	0.225265324377902	0.101896834354438	0	0	0	0.2	0.320949348039894	0.0473919475950273	0.226736822847999	0.415440129160654	0.188703306312655	0	0	1	0.1	0.156318709749579	0.0232915300969181	0.110161661357676	0.204088913638069	0.0939272522803933	0	0	1	0.2	0.334267170222047	0.049736675130627	0.235770739034185	0.436784859863	0.201014120828814	0	0	2	0.1	0.166689541441783	0.0249321303957065	0.117276856631437	0.217343040035727	0.100066183404289	0	0	2	0.2	0.365685802096816	0.0547206654832389	0.257316503915878	0.475444442217921	0.218127938302043	0	0	3	0.1	0.179640430450184	0.0269684168020312	0.125855352339647	0.234697200784396	0.108841848444749	0	0	3	0.2	0.397411529244841	0.0598295239777375	0.279248664930635	0.516766448386016	0.237517783455382
890	0	0	0	0.1	0.200903411016613	0.0289809484543717	0.146914421344965	0.259497806884941	0.112583385539976	0	0	0	0.2	0.368780194312235	0.0527195822901536	0.270469726269454	0.474760298579752	0.204290572310298	0	0	1	0.1	0.174641261023188	0.0249013376995716	0.127622532591797	0.225883415613461	0.098260883021664	0	0	1	0.2	0.37237903957222	0.0529344828049832	0.271019889663782	0.479675981869861	0.20865609220608	0	0	2	0.1	0.18295298528777	0.0260935963224829	0.133019977158591	0.235392198437035	0.102372221278444	0	0	2	0.2	0.400825074730006	0.0570712021727835	0.292107860994474	0.516963447252885	0.224855586258411	0	0	3	0.1	0.195301193088649	0.0279033028126274	0.142473320376249	0.25194436666839	0.109471046292141	0	0	3	0.2	0.431602810345453	0.0616245485456724	0.315806187294195	0.556797295186284	0.240991107892089
970	0	0	0	0.1	0.243985470310964	0.029596107764073	0.187984479690965	0.304321726815121	0.116337247124157	0	0	0	0.2	0.453953290721191	0.0544633990281978	0.34963735118609	0.55986601781083	0.21022866662474	0	0	1	0.1	0.213927489897692	0.0257942840294015	0.16525485529523	0.264249999558229	0.0989951442629989	0	0	1	0.2	0.458829736270027	0.0550244228501454	0.353218998830959	0.563836715432604	0.210617716601645	0	0	2	0.1	0.224057003861574	0.0270007507916421	0.172368941839818	0.276995889913803	0.104626948073985	0	0	2	0.2	0.49330038792415	0.0594735573456534	0.376557967416905	0.608555784768833	0.231997817351928	0	0	3	0.1	0.238983352598461	0.0288881705844801	0.181925835860668	0.295935002288601	0.114009166427933	0	0	3	0.2	0.530324688814319	0.0641744260952938	0.403844973858146	0.658449754627199	0.254604780769053
974	0	0	0	0.1	0.226362790119746	0.0287684625718125	0.172687678971212	0.281178148302476	0.108490469331263	0	0	0	0.2	0.422532650986694	0.0531874187409797	0.323527896404742	0.526443601939596	0.202915705534853	0	0	1	0.1	0.203913409441036	0.0256670842151887	0.156246633207078	0.253220885896337	0.0969742526892585	0	0	1	0.2	0.438113191974912	0.0549033423158625	0.335868012877577	0.545438960382689	0.209570947505113	0	0	2	0.1	0.216505859934307	0.027153152833121	0.165345878239531	0.268451959682368	0.103106081442837	0	0	2	0.2	0.476982709855583	0.0597740648828819	0.362897611837699	0.592742864401439	0.22984525256374	0	0	3	0.1	0.232672723777341	0.029155785436339	0.176804197027263	0.288353480207099	0.111549283179836	0	0	3	0.2	0.516476067616342	0.064804083716229	0.393551788894488	0.639832464249399	0.246280675354911
971	0	0	0	0.1	0.201380547258723	0.0281869156328169	0.1481421195812	0.258208276233571	0.110066156652371	0	0	0	0.2	0.369088173434267	0.0511946968725739	0.272298565004894	0.471366811391383	0.199068246386489	0	0	1	0.1	0.169076465659586	0.0235555724787857	0.123950509174255	0.215179980086912	0.0912294709126573	0	0	1	0.2	0.360841136152999	0.0501055594907535	0.266754118943298	0.459900764293143	0.193146645349846	0	0	2	0.1	0.17459201708059	0.0243139697574382	0.128660587136593	0.223312962190816	0.0946523750542227	0	0	2	0.2	0.382979244014437	0.0533252090587535	0.282482856619474	0.488580104798739	0.206097248179265	0	0	3	0.1	0.184867497905619	0.0258096888569126	0.135904067694519	0.236717575237555	0.100813507543036	0	0	3	0.2	0.409123265365762	0.0571573777994707	0.301379341339782	0.527043222673089	0.225663881333306
958	0	0	0	0.1	0.216871034141061	0.029474199364625	0.163107789669975	0.278108122345675	0.115000332675701	0	0	0	0.2	0.402161669696909	0.0541572787742289	0.300112461337465	0.514785973047288	0.214673511709823	0	0	1	0.1	0.189076241687621	0.0256247440465033	0.142264966408351	0.239777110005554	0.0975121435972029	0	0	1	0.2	0.404898875729867	0.0545519621427668	0.30496586008897	0.514597468686808	0.209631608597838	0	0	2	0.1	0.197611434658858	0.0266390188083623	0.149274179971254	0.251155266375268	0.101881086404014	0	0	2	0.2	0.434610943841144	0.0585802182715457	0.327423394132731	0.552876659864938	0.225453265732207	0	0	3	0.1	0.210591545711163	0.0284081254928943	0.157498074299165	0.269029564024166	0.111531489725001	0	0	3	0.2	0.466941505262788	0.0629966536982126	0.348628715812561	0.594827053784061	0.2461983379715
995	0	0	0	0.1	0.213526747308781	0.029116087803321	0.157116574094741	0.268369889232522	0.111253315137781	0	0	0	0.2	0.396761251846474	0.0535715650197963	0.294085918931116	0.499820233793889	0.205734314862773	0	0	1	0.1	0.190261626459145	0.0257826513997079	0.140751697299903	0.237842198427209	0.0970905011273062	0	0	1	0.2	0.408059404071291	0.0549959791190983	0.302467652768675	0.511372663656578	0.208905010887903	0	0	2	0.1	0.20126592898801	0.0271368084848197	0.148813384239375	0.251959188736485	0.10314580449711	0	0	2	0.2	0.442876867867279	0.0595948850604059	0.330095662487063	0.553498818522566	0.223403156035504	0	0	3	0.1	0.215945395931422	0.0290611700147799	0.15909635308365	0.269315095690161	0.110218742606511	0	0	3	0.2	0.478918127548161	0.0645317082745584	0.355018949042074	0.598462839877397	0.243443890835323
892	0	0	0	0.1	0.226729440349623	0.0264190963695697	0.175852913471783	0.278226533263669	0.102373619791886	0	0	0	0.2	0.419647518403777	0.0484831511427031	0.32664764974435	0.515197861496543	0.188550211752193	0	0	1	0.1	0.203504943978101	0.0238998654894341	0.158036502403106	0.252212437392255	0.0941759349891489	0	0	1	0.2	0.435908925186084	0.0509450952211505	0.338207231392727	0.540361282521929	0.202154051129201	0	0	2	0.1	0.21653652184582	0.0255255874067681	0.169718596235435	0.26806441724848	0.098345821013045	0	0	2	0.2	0.475671478698452	0.0560755953845845	0.372009446485239	0.590462950760616	0.218453504275376	0	0	3	0.1	0.233080964433468	0.0276211704185964	0.182212075100169	0.288655622543154	0.106443547442985	0	0	3	0.2	0.51602162366515	0.0612582181721793	0.404234462151846	0.641077152185948	0.236842690034103
923	0	0	0	0.1	0.211963028663781	0.0280027461813438	0.156413093183766	0.266610591740085	0.110197498556319	0	0	0	0.2	0.389837697405527	0.0510698078412237	0.289962202982951	0.489514449147545	0.199552246164594	0	0	1	0.1	0.183025158457929	0.024039492583454	0.136259994734583	0.229656509318903	0.0933965145843202	0	0	1	0.2	0.390384870364835	0.051087823702156	0.29205760817039	0.489959312169924	0.197901703999533	0	0	2	0.1	0.190723618027228	0.0250032626457487	0.141955443407772	0.237140378032972	0.0951849346252006	0	0	2	0.2	0.418126781559875	0.0548024501956286	0.310970720379605	0.521191499287946	0.210220778908341	0	0	3	0.1	0.203035587337946	0.0266543631878962	0.150765079102998	0.253186714081651	0.102421634978653	0	0	3	0.2	0.448874328079042	0.0589927408778026	0.333270460343411	0.55663405215685	0.223363591813439
966	0	0	0	0.1	0.228276957696706	0.0300239044006078	0.171006756787705	0.287417320430092	0.116410563642387	0	0	0	0.2	0.421873829918128	0.0550014803180675	0.316135775962469	0.529334193407506	0.213198417445036	0	0	1	0.1	0.19557375979085	0.0255676947767621	0.145466335405502	0.246938006164846	0.101471670759345	0	0	1	0.2	0.418624478370864	0.0545259843689134	0.311885366095123	0.530523699289719	0.218638333194596	0	0	2	0.1	0.20320332795149	0.0264920637702804	0.152116528072712	0.258250913117542	0.10613438504483	0	0	2	0.2	0.446765301671503	0.0582116048879075	0.334147293158175	0.566856716349681	0.232709423191507	0	0	3	0.1	0.215917810436847	0.0281690295766656	0.161534932664936	0.274204910159904	0.112669977494968	0	0	3	0.2	0.478677237904438	0.0625821155411889	0.358392279148468	0.606022188041693	0.247629908893225
969	0	0	0	0.1	0.200152454480708	0.027560890433767	0.148481261322252	0.255591854943866	0.107110593621613	0	0	0	0.2	0.371118136485131	0.0506778062027665	0.277199087823423	0.471673770273723	0.194474682450299	0	0	1	0.1	0.180913370350694	0.0247952019568995	0.135248730536963	0.229219457053224	0.093970726516261	0	0	1	0.2	0.387158494688861	0.0528797226285264	0.288735494815423	0.490751185669044	0.202015690853621	0	0	2	0.1	0.192501094116623	0.0263920333241535	0.143191643859845	0.244924831760779	0.101733187900934	0	0	2	0.2	0.422710205251069	0.0578843689429249	0.31431364054446	0.537000553607478	0.222686913063018	0	0	3	0.1	0.207192416393577	0.0284988593420222	0.153209964506558	0.262557604894052	0.109347640387494	0	0	3	0.2	0.458568170598452	0.0629207228601509	0.338424454663222	0.581573065744554	0.243148611081332
988	0	0	0	0.1	0.149770623976041	0.027162697411136	0.0945905429184051	0.207465170865991	0.112874627947586	0	0	0	0.2	0.274842309110784	0.0494874299933981	0.175067021735748	0.379880242045627	0.204813220309878	0	0	1	0.1	0.131107407937832	0.0235169075040433	0.0835533382559576	0.178512826031865	0.0949594877759077	0	0	1	0.2	0.279382779723758	0.0499470233706184	0.178729422969365	0.379820778608257	0.201091355638892	0	0	2	0.1	0.137774249420489	0.0246757044670727	0.0882675679168709	0.186056041202077	0.0977884732852061	0	0	2	0.2	0.301792638681219	0.0538937100441768	0.19416807538038	0.406654281562865	0.212486206182485	0	0	3	0.1	0.147394006146671	0.026384803357296	0.0950241203671692	0.199172827950189	0.10414870758302	0	0	3	0.2	0.325527854791715	0.0581989031190063	0.210012365034633	0.440029511953981	0.230017146919348
972	0	0	0	0.1	0.214610082939142	0.0281945013966894	0.158437483171799	0.268276329534877	0.109838846363078	0	0	0	0.2	0.397304634514107	0.0515955205837447	0.297150143494087	0.49400415434537	0.196854010851283	0	0	1	0.1	0.187920507976323	0.0245816805109512	0.140193598714764	0.232876287996998	0.0926826892822344	0	0	1	0.2	0.402233808939726	0.0523616404415588	0.301717358486862	0.497121588454628	0.195404229967765	0	0	2	0.1	0.197168746295687	0.0257949483624585	0.147697442095384	0.245184776535937	0.0974873344405534	0	0	2	0.2	0.433348324461716	0.056551213444116	0.325287495460142	0.537885016249215	0.212597520789073	0	0	3	0.1	0.210547593847585	0.0275759107792484	0.158418622189522	0.262553275198505	0.104134653008983	0	0	3	0.2	0.466447448294636	0.0611027909932106	0.350699235497092	0.581920464535688	0.231221229038597
991	0	0	0	0.1	0.208628425021204	0.0271103599667179	0.156466025156793	0.262491540383434	0.106025515226641	0	0	0	0.2	0.382811178644938	0.0492230254118486	0.291040036602032	0.480266246223958	0.189226209621926	0	0	1	0.1	0.179732882046596	0.02318585153152	0.135807556665903	0.225105093620352	0.0892975369544495	0	0	1	0.2	0.383525244251899	0.0492300781616376	0.289010112772154	0.47820863752333	0.189198524751176	0	0	2	0.1	0.187738289164848	0.0241395943936509	0.142105994052146	0.234632250176773	0.0925262561246269	0	0	2	0.2	0.411607697894699	0.0528696401860379	0.313167389456188	0.513179876557711	0.200012487101523	0	0	3	0.1	0.200133934977215	0.0257884288672473	0.152380764149301	0.250214379900931	0.0978336157516297	0	0	3	0.2	0.442486531034114	0.0570658802610381	0.336989593410275	0.553536768647881	0.216547175237606
987	0	0	0	0.1	0.189866209278191	0.0299863115094249	0.130211376396187	0.248797622715866	0.118586246319679	0	0	0	0.2	0.349478397392458	0.0547847332750342	0.240431148513166	0.454103930958531	0.213672782445365	0	0	1	0.1	0.163480943050787	0.0256506305298456	0.110953481743292	0.211889779344201	0.10093629760091	0	0	1	0.2	0.348982063834077	0.054497850457325	0.239050702419057	0.453518277733533	0.214467575314476	0	0	2	0.1	0.170235657106428	0.0265516132972173	0.11658900416619	0.221440639410108	0.104851635243918	0	0	2	0.2	0.373517656991527	0.0581617638159964	0.256295516271371	0.486662473743446	0.230366957472075	0	0	3	0.1	0.181171130414391	0.0281598306896372	0.124241259710404	0.236151427043475	0.11191016733307	0	0	3	0.2	0.40073617349428	0.0622711781086767	0.273293364872719	0.521498432952134	0.248205068079415
963	0	0	0	0.1	0.199228107971699	0.027273935831969	0.146243500789673	0.255243863041141	0.109000362251467	0	0	0	0.2	0.367990053058716	0.0498304696396437	0.272880723361602	0.467633396796798	0.194752673435196	0	0	1	0.1	0.173034342892795	0.0235655177035576	0.12790232874294	0.218632420777461	0.0907300920345212	0	0	1	0.2	0.370563769989952	0.0502006454069512	0.275349478797566	0.468830187133941	0.193480708336375	0	0	2	0.1	0.18146630759757	0.0247041465977315	0.135123854045538	0.230316312039499	0.0951924579939616	0	0	2	0.2	0.398971704506817	0.0541921382817513	0.297979459747208	0.506863464103975	0.208884004356767	0	0	3	0.1	0.19382860971183	0.026450880871121	0.144363879545815	0.244790227332845	0.10042634778703	0	0	3	0.2	0.429441705372167	0.0584668410160051	0.32127048317609	0.542772218328631	0.221501735152541
939	0	0	0	0.1	0.217419572798164	0.0251823387501339	0.169351933794495	0.265520971634048	0.0961690378395534	0	0	0	0.2	0.399733474745646	0.0457185566303802	0.31427062928077	0.486997639636546	0.172727010355775	0	0	1	0.1	0.187953442286792	0.0216488911462686	0.147822301405032	0.23014302067848	0.0823207192734486	0	0	1	0.2	0.402451605094399	0.0460606731522692	0.318543828385449	0.492432116510924	0.173888288125474	0	0	2	0.1	0.197658120604851	0.0227268431492797	0.156305991156361	0.241468182200194	0.0851621910438332	0	0	2	0.2	0.43422191232701	0.0497484720730871	0.344301183746463	0.533157500389603	0.188856316643141	0	0	3	0.1	0.211481773557694	0.0243074887559418	0.167162086263186	0.259052560844197	0.0918904745810104	0	0	3	0.2	0.468144227628798	0.0538922483722501	0.371469850123583	0.575793502399084	0.2043236522755
937	0	0	0	0.1	0.22140256507387	0.028648893665039	0.163533469047099	0.277872260257166	0.114338791210067	0	0	0	0.2	0.406520599622726	0.0518352468785645	0.300413209751627	0.507685710928282	0.207272501176656	0	0	1	0.1	0.189715117619065	0.0240109082026441	0.142053834487463	0.235899894297889	0.093846059810426	0	0	1	0.2	0.404614687597508	0.0508760204124142	0.30239386412996	0.499214430053762	0.196820565923802	0	0	2	0.1	0.197252979597916	0.0247096723378409	0.148952745292758	0.243493807181678	0.0945410618889191	0	0	2	0.2	0.432558646628005	0.0540661377294129	0.326731856670677	0.534160397012318	0.207428540341641	0	0	3	0.1	0.209763221706711	0.0263142037319267	0.157931442594572	0.260584126263491	0.102652683668919	0	0	3	0.2	0.463903396094885	0.0579288330557617	0.35068760210342	0.572590441718554	0.221902839615135
973	0	0	0	0.1	0.205387204480523	0.0278980411809674	0.150883054018421	0.261278098035583	0.110395044017162	0	0	0	0.2	0.380417309455395	0.0510972113929466	0.279703843114925	0.483386942614513	0.203683099499588	0	0	1	0.1	0.181990476843994	0.0242988990813475	0.134154967566858	0.230649734698896	0.0964947671320375	0	0	1	0.2	0.389966239480525	0.0517859245957134	0.287938737901722	0.493222514479056	0.205283776577333	0	0	2	0.1	0.192449763242584	0.0255393686095912	0.1431725081372	0.243422823130784	0.100250314993584	0	0	2	0.2	0.423026726374818	0.0560720046740513	0.315646320897128	0.534096055855014	0.218449734957886	0	0	3	0.1	0.206378030115386	0.0273892113056486	0.154256200261745	0.260724126034913	0.106467925773167	0	0	3	0.2	0.457305240204792	0.0606717673149267	0.340449059402625	0.576684201129408	0.236235141726783
992	0	0	0	0.1	0.227262168455061	0.0273403587580456	0.174043566877936	0.279312896895452	0.105269330017516	0	0	0	0.2	0.419046216579974	0.0498737175380414	0.321685903345897	0.513034924016444	0.191349020670547	0	0	1	0.1	0.196371335437993	0.023547762610199	0.15112247935334	0.240392434208711	0.0892699548553705	0	0	1	0.2	0.420069196925243	0.0500784720185827	0.322876456478603	0.513994572541334	0.191118116062731	0	0	2	0.1	0.205336880578121	0.0246237929924539	0.156699151940932	0.251598013613705	0.0948988616727729	0	0	2	0.2	0.451084700190021	0.0541026435751942	0.344097402142445	0.553714733831538	0.209617331689093	0	0	3	0.1	0.21895129551391	0.026308697119018	0.166834118145964	0.269397346869107	0.102563228723144	0	0	3	0.2	0.485000245549775	0.0583781244637845	0.369149066069613	0.595970285565909	0.226821219496297
984	0	0	0	0.1	0.175673560396422	0.0275593796891819	0.122646540017743	0.230474811106273	0.10782827108853	0	0	0	0.2	0.324744958571766	0.0504888758028256	0.226024725656158	0.425407256743425	0.199382531087267	0	0	1	0.1	0.154515465318753	0.0239929747074395	0.10684075819365	0.201913412165126	0.0950726539714756	0	0	1	0.2	0.330870068693268	0.0512617037324609	0.226969871812643	0.432583788085883	0.20561391627324	0	0	2	0.1	0.162943145790615	0.0252833816549882	0.113225688002965	0.213073502197144	0.0998478141941795	0	0	2	0.2	0.358144292048073	0.0554736561459273	0.250865368390891	0.468844853828171	0.21797948543728	0	0	3	0.1	0.174596881311434	0.0269942499313952	0.12197315863918	0.227513834152039	0.105540675512858	0	0	3	0.2	0.386856956823099	0.059941373285427	0.272416053234587	0.505854938851551	0.233438885616964
975	0	0	0	0.1	0.202886031239012	0.0289123758520106	0.145922869123983	0.264742194385382	0.1188193252614	0	0	0	0.2	0.37482234499503	0.052645272834572	0.271986798991207	0.484786070174777	0.21279927118357	0	0	1	0.1	0.176701998225815	0.0246534113750392	0.127118969107262	0.22732701927061	0.100208050163348	0	0	1	0.2	0.378082265189401	0.0523214847292261	0.272399037470755	0.484740057329986	0.212341019859231	0	0	2	0.1	0.185144140236412	0.0255548447263262	0.133963651584793	0.236169502284844	0.102205850700051	0	0	2	0.2	0.406759219079033	0.0558598243082911	0.295753513026199	0.518620446797777	0.222866933771577	0	0	3	0.1	0.197591376372483	0.0271768460345731	0.143554466187712	0.252105681922554	0.108551215734843	0	0	3	0.2	0.437559801547372	0.0600049589652627	0.318875651865221	0.556359960775852	0.237484308910631
989	0	0	0	0.1	0.254507142331385	0.0281662998651284	0.197920120331894	0.307701042656303	0.109780922324409	0	0	0	0.2	0.467795796630729	0.0511810742434615	0.365389116280498	0.562420408143182	0.197031291862683	0	0	1	0.1	0.219328718850055	0.024278757954891	0.170463142310654	0.265893492722142	0.0954303504114884	0	0	1	0.2	0.468069593886401	0.0515284059876566	0.364448085041954	0.567085588964317	0.202637503922362	0	0	2	0.1	0.228691938880346	0.0253146186005255	0.176557257621918	0.276729864632742	0.100172607010824	0	0	2	0.2	0.501466696977321	0.0554202583695028	0.387967575158257	0.607734351142607	0.21976677598435	0	0	3	0.1	0.243338256678735	0.0269653429783809	0.187843445432546	0.295414123217813	0.107570677785267	0	0	3	0.2	0.538278370928742	0.0596435161778255	0.417309450088309	0.655250907155648	0.237941457067338
