"run_ID"	"eta_z0_row1"	"eta_z1_row1"	"nu_row1"	"rho_row1"	"estimYs_row1"	"sd_row1"	"quantile025_row1"	"quantile975_row1"	"CIlength95_row1"	"eta_z0_row2"	"eta_z1_row2"	"nu_row2"	"rho_row2"	"estimYs_row2"	"sd_row2"	"quantile025_row2"	"quantile975_row2"	"CIlength95_row2"	"eta_z0_row3"	"eta_z1_row3"	"nu_row3"	"rho_row3"	"estimYs_row3"	"sd_row3"	"quantile025_row3"	"quantile975_row3"	"CIlength95_row3"	"eta_z0_row4"	"eta_z1_row4"	"nu_row4"	"rho_row4"	"estimYs_row4"	"sd_row4"	"quantile025_row4"	"quantile975_row4"	"CIlength95_row4"	"eta_z0_row5"	"eta_z1_row5"	"nu_row5"	"rho_row5"	"estimYs_row5"	"sd_row5"	"quantile025_row5"	"quantile975_row5"	"CIlength95_row5"	"eta_z0_row6"	"eta_z1_row6"	"nu_row6"	"rho_row6"	"estimYs_row6"	"sd_row6"	"quantile025_row6"	"quantile975_row6"	"CIlength95_row6"	"eta_z0_row7"	"eta_z1_row7"	"nu_row7"	"rho_row7"	"estimYs_row7"	"sd_row7"	"quantile025_row7"	"quantile975_row7"	"CIlength95_row7"	"eta_z0_row8"	"eta_z1_row8"	"nu_row8"	"rho_row8"	"estimYs_row8"	"sd_row8"	"quantile025_row8"	"quantile975_row8"	"CIlength95_row8"
1	0	0	0	0.1	0.227934159745049	0.0676163234077749	0.0912105077241668	0.363771243530681	0.272560735806514	0	0	0	0.2	0.418189250465754	0.123882907223305	0.167248118664294	0.676637436131383	0.509389317467089	0	0	1	0.1	0.193191231582379	0.0580157774185655	0.0795650825669824	0.318070662186336	0.238505579619354	0	0	1	0.2	0.411756941934183	0.123690067515683	0.169781473446724	0.67671515269164	0.506933679244916	0	0	2	0.1	0.199471256943891	0.0602621796802812	0.0825131094212994	0.329448248561781	0.246935139140481	0	0	2	0.2	0.437479359030245	0.132497323408178	0.179961721544226	0.723646734616235	0.543685013072009	0	0	3	0.1	0.211313946792835	0.0641302877321812	0.088114784660948	0.350424867137475	0.262310082476527	0	0	3	0.2	0.467481120993681	0.142334014750333	0.193482752664908	0.776378841548	0.582896088883091
2	0	0	0	0.1	0.119970411462417	0.0612352208479355	0.0037533298645832	0.238395359878233	0.234642030013649	0	0	0	0.2	0.223383486859013	0.114060786917022	0.00715414005376765	0.448063902065962	0.440909762012195	0	0	1	0.1	0.111180023274197	0.0570141308692138	0.0033808768448243	0.223593529009004	0.220212652164179	0	0	1	0.2	0.238589403236355	0.122510920304079	0.00839000608590815	0.483722392232024	0.475332386146115	0	0	2	0.1	0.11980473590492	0.0616465071016507	0.00289678871494251	0.242455538740343	0.239558750025401	0	0	2	0.2	0.263484862675154	0.135799622055032	0.00944589148497929	0.544014500159864	0.534568608674884	0	0	3	0.1	0.129813589254271	0.066956851607162	0.00409408326392424	0.26583114550808	0.261737062244155	0	0	3	0.2	0.28775969809507	0.14877199307298	0.00983451134514459	0.588376290276412	0.578541778931267
76	0	0	0	0.1	0.174230668826284	0.0643313851474695	0.0494403982518944	0.297087387785739	0.247646989533845	0	0	0	0.2	0.324389477361225	0.11928785278811	0.0902371768732936	0.557755711679415	0.467518534806121	0	0	1	0.1	0.16077653328171	0.0591231581647854	0.0446603247805518	0.274488339967728	0.229828015187176	0	0	1	0.2	0.344282001464436	0.126647188262433	0.0977222255361833	0.584652857960389	0.486930632424206	0	0	2	0.1	0.172133994659392	0.0633989232614898	0.048700873809975	0.292277337159311	0.243576463349336	0	0	2	0.2	0.378198815466083	0.139461252033092	0.108176320063167	0.644054988984838	0.535878668921671	0	0	3	0.1	0.185865099611943	0.068548156510066	0.0536743225900174	0.315524849429353	0.261850526839336	0	0	3	0.2	0.411620617497366	0.152049215562528	0.117793812793941	0.701513629879699	0.583719817085759
64	0	0	0	0.1	0.176410728027803	0.0600281358126992	0.0601545819255642	0.291903748839592	0.231749166914028	0	0	0	0.2	0.332160347890342	0.112778431121225	0.116225175503558	0.546029215347655	0.429804039844097	0	0	1	0.1	0.169017842705126	0.0579624826279798	0.0584035091593794	0.279664666929128	0.221261157769749	0	0	1	0.2	0.364327781189912	0.124974760158047	0.127831307261823	0.613109288472359	0.485277981210536	0	0	2	0.1	0.184328385655145	0.0634976790743106	0.0648846999717177	0.314297578140814	0.249412878169097	0	0	2	0.2	0.406597288338743	0.140244832589744	0.142858517315979	0.689247615864819	0.54638909854884	0	0	3	0.1	0.200855211282333	0.0694345100465687	0.0712507838351134	0.341712127888591	0.270461344053477	0	0	3	0.2	0.44628635037281	0.154590254730742	0.157346282229619	0.761339078787233	0.603992796557614
10	0	0	0	0.1	0.194600336945637	0.0689990016708431	0.0639849254245086	0.340728964310582	0.276744038886073	0	0	0	0.2	0.364496068277629	0.128693397571905	0.119716751103797	0.63644496788059	0.516728216776793	0	0	1	0.1	0.178134293248543	0.0630684445702229	0.0580416503262308	0.308082930002038	0.250041279675808	0	0	1	0.2	0.38211519184069	0.135178517993463	0.124181024260649	0.664707945788101	0.540526921527453	0	0	2	0.1	0.189363045109538	0.0671391873721404	0.0623796013743515	0.324947864482997	0.262568263108645	0	0	2	0.2	0.416824258153846	0.14788088658782	0.136884544826574	0.721340267521047	0.584455722694473	0	0	3	0.1	0.2035371603971	0.072233786870995	0.0675722590690103	0.35208608769222	0.284513828623209	0	0	3	0.2	0.451827268943415	0.160453353005505	0.149476804665673	0.788085097607987	0.638608292942314
41	0	0	0	0.1	0.229116716028358	0.0613540657705531	0.111897091186694	0.346234046554482	0.234336955367788	0	0	0	0.2	0.418449998148373	0.111301225072561	0.204234910551872	0.631460054434639	0.427225143882767	0	0	1	0.1	0.200612550352537	0.0540149167294518	0.0970247719927515	0.302708861570505	0.205684089577754	0	0	1	0.2	0.427231695187742	0.114727927220941	0.208009103158135	0.651198826842233	0.443189723684098	0	0	2	0.1	0.211394845742766	0.0571219243607667	0.101498976519787	0.323332083595504	0.221833107075718	0	0	2	0.2	0.462621234660268	0.125060986825168	0.223538747284023	0.708021286259287	0.484482538975264	0	0	3	0.1	0.2264720669144	0.0614578730322442	0.109293354432708	0.347139328626569	0.237845974193861	0	0	3	0.2	0.499897072795723	0.13584118139843	0.242012236248595	0.770428485638692	0.528416249390097
43	0	0	0	0.1	0.194081328762507	0.0667638430400151	0.0606246791040328	0.326692823838903	0.26606814473487	0	0	0	0.2	0.353828539481909	0.121066298749579	0.110228228570408	0.58878927512496	0.478561046554553	0	0	1	0.1	0.16632709175939	0.0572903419936612	0.0515144985798961	0.279520893851832	0.228006395271936	0	0	1	0.2	0.352476822656261	0.121171939019261	0.111180113608585	0.591231255525572	0.480051141916987	0	0	2	0.1	0.172027253672828	0.0593551836113359	0.0544694471491594	0.289696342390443	0.235226895241284	0	0	2	0.2	0.375644117169976	0.12960430253405	0.115795038176709	0.633515056332562	0.517720018155853	0	0	3	0.1	0.182377987088828	0.0630221873842115	0.0566816276918548	0.306529673610114	0.24984804591826	0	0	3	0.2	0.402069213536326	0.139103311615208	0.124739803070537	0.674027960680357	0.54928815760982
61	0	0	0	0.1	0.261453556653006	0.0727509796023129	0.127754282394212	0.409875269131524	0.282120986737313	0	0	0	0.2	0.489709980673802	0.136180732787591	0.24218504102304	0.765053412315958	0.522868371292918	0	0	1	0.1	0.245223542254785	0.0699460357463679	0.11941964220895	0.387236921441666	0.267817279232717	0	0	1	0.2	0.523059283936346	0.149305146237736	0.254716460478358	0.824113509915049	0.569397049436691	0	0	2	0.1	0.261017795989078	0.0754081512454866	0.127559548383033	0.416987047289779	0.289427498906746	0	0	2	0.2	0.572347828842882	0.165587320712031	0.277792249886289	0.912064033530699	0.63427178364441	0	0	3	0.1	0.280587569009345	0.0816474453966612	0.136627057376476	0.449978784619698	0.313351727243223	0	0	3	0.2	0.620856329048073	0.181140027216046	0.301026227644032	0.994752094608073	0.69372586696404
50	0	0	0	0.1	0.248189491684156	0.0680063924258286	0.118477461363299	0.395185418837599	0.2767079574743	0	0	0	0.2	0.468541998556147	0.12816435063445	0.223608286913246	0.739569114846872	0.515960827933626	0	0	1	0.1	0.235682168146606	0.0655186770222684	0.109693189717049	0.369352699474622	0.259659509757573	0	0	1	0.2	0.506877356024816	0.140979900700447	0.235266923824304	0.800931266094265	0.565664342269962	0	0	2	0.1	0.254011241593207	0.0711517850842473	0.117982651076167	0.405167175505799	0.287184524429632	0	0	2	0.2	0.559944803213945	0.157144458707743	0.257241062988019	0.896637208435556	0.639396145447538	0	0	3	0.1	0.274973166471521	0.0773689748766745	0.125316722059067	0.439150342925119	0.313833620866052	0	0	3	0.2	0.610883558135728	0.172511790326676	0.278535639082395	0.977696687594218	0.699161048511822
38	0	0	0	0.1	0.288938913140003	0.067543971910083	0.162286344689648	0.427092122061106	0.264805777371458	0	0	0	0.2	0.529848126892707	0.123547487798702	0.299590232995617	0.782864486788418	0.483274253792801	0	0	1	0.1	0.24858396080865	0.0595153115215989	0.140317303402387	0.375784767525724	0.235467464123337	0	0	1	0.2	0.529732849202921	0.126572948820335	0.29553686036107	0.797501408397559	0.501964548036489	0	0	2	0.1	0.258674133651075	0.0624755617725122	0.144078535700885	0.393180746824046	0.249102211123161	0	0	2	0.2	0.566802444239337	0.137127329324063	0.314525873883721	0.860003090003476	0.545477216119755	0	0	3	0.1	0.275071984789845	0.0669017216834033	0.152488314789068	0.42066652575371	0.268178210964642	0	0	3	0.2	0.607894575788603	0.148202141906921	0.335109205342009	0.929067091078836	0.593957885736827
40	0	0	0	0.1	0.158216000218377	0.0656510771624434	0.0256631118083565	0.291142153721878	0.265479041913522	0	0	0	0.2	0.300176443903091	0.124598063193012	0.0486098396305738	0.553203031344882	0.504593191714308	0	0	1	0.1	0.149303851406226	0.062415667244621	0.0238151130047049	0.280621726279403	0.256806613274698	0	0	1	0.2	0.322962846329869	0.135224219324458	0.0514101157629575	0.610031539110444	0.558621423347487	0	0	2	0.1	0.161264426891511	0.0677331508431226	0.0256272885738059	0.303323610169232	0.277696321595426	0	0	2	0.2	0.356874183078936	0.150238847856114	0.0579379874008196	0.676411474273144	0.618473486872324	0	0	3	0.1	0.17477766470609	0.073550732462416	0.0284864748929493	0.329837825023588	0.301351350130639	0	0	3	0.2	0.389508458239764	0.164571943865164	0.0613933682938058	0.739699840051854	0.678306471758049
31	0	0	0	0.1	0.209907357083947	0.0718470424285615	0.0756122093535369	0.359203275432835	0.283591066079298	0	0	0	0.2	0.396265917277628	0.135166536081879	0.143446987035774	0.676234114295477	0.532787127259703	0	0	1	0.1	0.194025152435372	0.0664371887646243	0.0710680088470205	0.331399164826074	0.260331155979054	0	0	1	0.2	0.417168295496341	0.142862143219123	0.152455642707869	0.712919149823867	0.560463507115998	0	0	2	0.1	0.206230218030569	0.0708436384839129	0.0748769820436391	0.350728983537729	0.27585200149409	0	0	2	0.2	0.454969242466702	0.156522116358806	0.163663687060241	0.767606990150803	0.603943303090562	0	0	3	0.1	0.221515463928001	0.0763135124669189	0.0806525121712015	0.378099797575709	0.297447285404507	0	0	3	0.2	0.492730389201313	0.170130519902314	0.176157316239869	0.842650059226421	0.666492742986552
42	0	0	0	0.1	0.0915521523713266	0.0586952002626363	-0.0236923089699893	0.206195477025152	0.229887785995141	0	0	0	0.2	0.166324071436448	0.106783990591719	-0.0425033711792176	0.381278142614048	0.423781513793265	0	0	1	0.1	0.0791173385932064	0.0511650215267454	-0.0200493187436794	0.182874246918493	0.202923565662172	0	0	1	0.2	0.16794452718099	0.108701540106109	-0.0422810507172839	0.389358417739091	0.431639468456375	0	0	2	0.1	0.0829603231622461	0.0538948867613775	-0.0209135162330605	0.19301621584766	0.21392973208072	0	0	2	0.2	0.181154877262329	0.117807897965186	-0.046068132972474	0.421051849371182	0.467119982343656	0	0	3	0.1	0.08865018562336	0.0577863678772762	-0.0238064573401739	0.206912299657959	0.230718756998133	0	0	3	0.2	0.195332112099622	0.127358278306508	-0.0501726735617213	0.457226695707214	0.507399369268936
75	0	0	0	0.1	0.0711566180588784	0.0668954557313285	-0.0608628831426208	0.200036649675311	0.260899532817931	0	0	0	0.2	0.129969852612596	0.122467826129906	-0.113205897253626	0.364957408774854	0.47816330602848	0	0	1	0.1	0.0590072277388094	0.0557500347311397	-0.0519905983949583	0.16628370396527	0.218274302360229	0	0	1	0.2	0.125714784358571	0.118965404806495	-0.110788130137239	0.354341837561757	0.465129967698997	0	0	2	0.1	0.0605838416949596	0.0574090618989302	-0.0545621185966354	0.172267362040969	0.226829480637605	0	0	2	0.2	0.132745111750631	0.125945414707268	-0.119573654000713	0.379922002021492	0.499495656022205	0	0	3	0.1	0.0640026661453668	0.0606833050308439	-0.057248337048631	0.182820041487844	0.240068378536475	0	0	3	0.2	0.141434577453371	0.134374488067959	-0.127089493017376	0.407339298959681	0.534428791977057
72	0	0	0	0.1	0.208706315221574	0.0634373320536709	0.0870139238356803	0.328594438826844	0.241580514991164	0	0	0	0.2	0.380239753662532	0.115656633568994	0.158601230362193	0.603405722496971	0.444804492134778	0	0	1	0.1	0.183502670145873	0.0564128370244439	0.0758149961009386	0.294863946682051	0.219048950581113	0	0	1	0.2	0.389454997116798	0.119897318555018	0.161524472738144	0.62457528728033	0.463050814542186	0	0	2	0.1	0.193108653599295	0.0596802515579012	0.0798411248318186	0.309316894244811	0.229475769412992	0	0	2	0.2	0.421682022687367	0.130525019736364	0.172197575272063	0.674814399834087	0.502616824562024	0	0	3	0.1	0.206856902325468	0.0640474752266452	0.0844257459459239	0.329622808738568	0.245197062792644	0	0	3	0.2	0.455582239235921	0.1415784819273	0.185785378866966	0.731725682272529	0.545940303405563
52	0	0	0	0.1	0.363804178222164	0.0780654710202463	0.221870938091485	0.525602426133958	0.303731488042473	0	0	0	0.2	0.682681496104286	0.146240809563753	0.419470860015822	0.983790526134309	0.564319666118487	0	0	1	0.1	0.347169993169212	0.077189164980699	0.209720665373157	0.507348296236896	0.297627630863739	0	0	1	0.2	0.738787807869607	0.164008471431229	0.446815841649584	1.08038158358058	0.633565741931	0	0	2	0.1	0.370292108798721	0.0833985044109452	0.223669586584078	0.549390801558882	0.325721214974804	0	0	2	0.2	0.810594516058352	0.182775757733269	0.488508928050937	1.20024924129026	0.711740313239322	0	0	3	0.1	0.398124935308915	0.0902940965449267	0.239878385441504	0.59336271481258	0.353484329371076	0	0	3	0.2	0.879981335058179	0.200201028178122	0.527691616582088	1.31026020873614	0.782568592154052
57	0	0	0	0.1	0.189686993366902	0.0666932317489259	0.0560882507885129	0.321097399524892	0.265009148736379	0	0	0	0.2	0.34606355252211	0.121080453190787	0.102054257475773	0.594174560828961	0.492120303353188	0	0	1	0.1	0.167468590845352	0.0587008467521164	0.0495711716088007	0.289173242633042	0.239602071024241	0	0	1	0.2	0.354316299402503	0.12390337998837	0.105148247659115	0.616846249416039	0.511698001756924	0	0	2	0.1	0.175340573397375	0.061386413032782	0.0510292143938657	0.303329371840094	0.252300157446229	0	0	2	0.2	0.382225439983345	0.133697476985604	0.112259930283716	0.659525904453226	0.54726597416951	0	0	3	0.1	0.187192279990665	0.0655118783519837	0.0560752643747125	0.322819632414453	0.26674436803974	0	0	3	0.2	0.411854401369197	0.144171255743049	0.121482199918597	0.70740708801692	0.585924888098323
63	0	0	0	0.1	0.175501805315939	0.0652893226579629	0.050990757275371	0.300505690118233	0.249514932842862	0	0	0	0.2	0.33299157310153	0.123341296439654	0.096862222768043	0.561028774356576	0.464166551588533	0	0	1	0.1	0.16680829298948	0.0616347922335777	0.0505433075289608	0.285924883469446	0.235381575940485	0	0	1	0.2	0.360858832482616	0.133326433690456	0.109005457944784	0.616399221841761	0.507393763896977	0	0	2	0.1	0.180830790758052	0.0667734295536785	0.0543083746682924	0.312272866001613	0.25796449133332	0	0	2	0.2	0.400180507328793	0.148000992760386	0.119054025903503	0.690073101491885	0.571019075588383	0	0	3	0.1	0.196393371287912	0.0725865945932408	0.0591443702122971	0.339682601118401	0.280538230906104	0	0	3	0.2	0.437705407640924	0.162068419639973	0.131486187984009	0.760082349529799	0.62859616154579
39	0	0	0	0.1	0.175650530818211	0.0534319308740722	0.0750741726077041	0.278476054534589	0.203401881926885	0	0	0	0.2	0.327280582289064	0.0987700915365873	0.142217853342637	0.523143430245576	0.380925576902939	0	0	1	0.1	0.162613242908511	0.0492563327223089	0.0699216909707929	0.260020537373282	0.190098846402489	0	0	1	0.2	0.35026924173729	0.105888235207375	0.149961653039729	0.556781827560695	0.406820174520966	0	0	2	0.1	0.176109564224734	0.0534466382702823	0.0761443810554526	0.278335296603647	0.202190915548195	0	0	2	0.2	0.388223660932383	0.11777911588691	0.166231432006507	0.613753819803975	0.447522387797468	0	0	3	0.1	0.191458366439881	0.0581225331033749	0.0831611880482683	0.30479002987115	0.221628841822881	0	0	3	0.2	0.424986978903671	0.129350611805646	0.185253267678653	0.671189859661365	0.485936591982712
60	0	0	0	0.1	0.228736192761437	0.0714833166366155	0.0891923934867376	0.365965993476097	0.27677359998936	0	0	0	0.2	0.424469086963297	0.131753315390662	0.164746925003303	0.674112922581687	0.509365997578384	0	0	1	0.1	0.21066225447031	0.0655977889092115	0.0809421931397918	0.339143879375853	0.258201686236061	0	0	1	0.2	0.44921200933815	0.139325333680176	0.174650834410036	0.721362706414235	0.5467118720042	0	0	2	0.1	0.22444250108351	0.0696415695256493	0.0874060259351377	0.365629194740024	0.278223168804886	0	0	2	0.2	0.491763742118748	0.152500684944493	0.192902915611354	0.80215341907859	0.609250503467237	0	0	3	0.1	0.241615722947052	0.074885247367273	0.0951833763877709	0.393405752563855	0.298222376176084	0	0	3	0.2	0.533944141144176	0.165662066732218	0.209116466026416	0.873626216653009	0.664509750626593
13	0	0	0	0.1	0.113221103741153	0.0605326913520926	-0.00817413561993215	0.229377535096478	0.23755167071641	0	0	0	0.2	0.212406715021377	0.113428017074996	-0.0161240837967652	0.435515492836937	0.451639576633702	0	0	1	0.1	0.107744801141004	0.0576663786765365	-0.00780325840727288	0.222156939650026	0.229960198057299	0	0	1	0.2	0.231612828876438	0.12398799409953	-0.0177169050095854	0.476677626199256	0.494394531208841	0	0	2	0.1	0.117034468557077	0.0626847881736472	-0.00888242920455139	0.240578666738099	0.24946109594265	0	0	2	0.2	0.257705771376898	0.138102192860445	-0.0199500883093994	0.529057075412702	0.549007163722101	0	0	3	0.1	0.127335951738265	0.0682511444620462	-0.00840924649240426	0.260990948190235	0.269400194682639	0	0	3	0.2	0.282544524061619	0.151515993430309	-0.0215330195761824	0.581821021086731	0.603354040662913
65	0	0	0	0.1	0.17306262344651	0.0600251826655103	0.0556546811808391	0.289794115187586	0.234139434006747	0	0	0	0.2	0.333042380134759	0.114794239238372	0.108811226428994	0.5563418914199	0.447530664990907	0	0	1	0.1	0.182834009466662	0.0633138960116018	0.0595969125536349	0.306224236304501	0.246627323750866	0	0	1	0.2	0.395906722003025	0.136907261679091	0.127993743332154	0.660656341091718	0.532662597759564	0	0	2	0.1	0.20565113925178	0.0714114667906229	0.0669952616178106	0.342141076972812	0.275145815355001	0	0	2	0.2	0.454727839133762	0.157813158706841	0.148879552643485	0.759922185614421	0.611042632970936	0	0	3	0.1	0.22768770599803	0.0791857929860197	0.0751698299521152	0.379790739955221	0.304620910003106	0	0	3	0.2	0.506928947287463	0.176447409342766	0.166936645306784	0.850930927105425	0.683994281798641
48	0	0	0	0.1	0.221768921470736	0.0616644219773009	0.111234069921248	0.3491184245572	0.237884354635952	0	0	0	0.2	0.402918587569849	0.11175898507322	0.203503923220738	0.630301478049083	0.426797554828345	0	0	1	0.1	0.19313765066678	0.0546857985104454	0.0950569142063166	0.309134124195408	0.214077209989091	0	0	1	0.2	0.408845245769741	0.115472977562284	0.203042582219688	0.653898481532715	0.450855899313027	0	0	2	0.1	0.201854132640178	0.0574406394077833	0.0985673245993364	0.325159928589737	0.226592603990401	0	0	2	0.2	0.440113087890167	0.125175893834159	0.215837737030808	0.703796576224186	0.487958839193378	0	0	3	0.1	0.215319423292487	0.0614951711465058	0.105931613899942	0.346128425401909	0.240196811501967	0	0	3	0.2	0.473909674067263	0.13550506514397	0.232670729168663	0.761535127227791	0.528864398059128
74	0	0	0	0.1	0.147508973433769	0.0753620446458229	-0.00211165113898202	0.293691405278451	0.295803056417433	0	0	0	0.2	0.274630487986875	0.139979549367285	-0.00300827852772991	0.545743772063602	0.548752050591332	0	0	1	0.1	0.134346990526643	0.0682864459356325	-0.000919291684394759	0.263378558256695	0.26429784994109	0	0	1	0.2	0.286612189559266	0.14574555719795	-0.00260170255305057	0.563297551033328	0.565899253586378	0	0	2	0.1	0.14205262442026	0.0722024436212544	-0.00145943827733349	0.279040313298813	0.280499751576146	0	0	2	0.2	0.311579355077812	0.15864090791992	-0.00206909152838723	0.620805688694527	0.622874780222914	0	0	3	0.1	0.152192944712985	0.0774677762214624	-0.00206456238357481	0.301519611740786	0.303584174124361	0	0	3	0.2	0.336789468524889	0.171686179489531	-0.00527339942308062	0.668696654182536	0.673970053605617
24	0	0	0	0.1	0.230946167966847	0.0600131952861008	0.116586638914494	0.35141977588278	0.234833136968286	0	0	0	0.2	0.424810972823238	0.109631542424003	0.216391636624192	0.642695005516962	0.42630336889277	0	0	1	0.1	0.203162648680459	0.0530161979732138	0.102339604558557	0.309059397896446	0.20671979333789	0	0	1	0.2	0.433904888301503	0.113091672307108	0.218241978599342	0.653158977035126	0.434916998435784	0	0	2	0.1	0.214154511825914	0.0561944120617772	0.107722140787804	0.324830997351232	0.217108856563428	0	0	2	0.2	0.46971465715592	0.123440150893643	0.236721374833156	0.707213778267546	0.47049240343439	0	0	3	0.1	0.229421366104131	0.0605831665750605	0.116442412381843	0.34690025269977	0.230457840317927	0	0	3	0.2	0.50737220995645	0.134187411163413	0.255686547155266	0.763126904220345	0.50744035706508
73	0	0	0	0.1	0.13988531263727	0.064005920955303	0.0171516645622678	0.26681883039361	0.249667165831342	0	0	0	0.2	0.261388766574128	0.119367930472133	0.0316448341637034	0.495063114908325	0.463418280744622	0	0	1	0.1	0.131083207010987	0.060187185327674	0.0156498499695602	0.250583781733079	0.234933931763519	0	0	1	0.2	0.280830639209194	0.129059432147925	0.032635005245584	0.535597203045687	0.502962197800103	0	0	2	0.1	0.141124778928447	0.0650525702836397	0.0156196718254406	0.270879562335152	0.255259890509711	0	0	2	0.2	0.310138939657403	0.143083825023315	0.0349393680358349	0.59377257515506	0.558833207119225	0	0	3	0.1	0.152719145486155	0.0706159786659976	0.0161429407613271	0.293077927833189	0.276934987071862	0	0	3	0.2	0.338395833514138	0.15654079719086	0.0375696414242203	0.650579748175364	0.613010106751143
11	0	0	0	0.1	0.1414816531642	0.0635826254807487	0.0129443416779689	0.26302954426476	0.250085202586791	0	0	0	0.2	0.268762822082045	0.119980262079404	0.0247818696535386	0.495989723226148	0.47120785357261	0	0	1	0.1	0.138083831387209	0.061900323024008	0.0127063092401096	0.253726352600108	0.241020043359998	0	0	1	0.2	0.297783859764632	0.133220435176365	0.0276462753557235	0.541256451963845	0.513610176608121	0	0	2	0.1	0.150718311304742	0.0676784856232694	0.0148050993288733	0.272932676330188	0.258127577001315	0	0	2	0.2	0.332712447324411	0.149261245074099	0.0318023252939181	0.604646750378813	0.572844425084895	0	0	3	0.1	0.164254444646648	0.07391601078782	0.0148813098652585	0.298540814457349	0.28365950459209	0	0	3	0.2	0.365306063030432	0.164295061268063	0.0362505092916609	0.670619393042881	0.63436888375122
71	0	0	0	0.1	0.215452747515082	0.0590090447869777	0.101070613312948	0.332436962464282	0.231366349151333	0	0	0	0.2	0.395376765184125	0.107822047631412	0.187871683479075	0.609726374737552	0.421854691258477	0	0	1	0.1	0.19901450996595	0.054362290719974	0.098509415834058	0.3081470382476	0.209637622413542	0	0	1	0.2	0.423029925551846	0.11558111729154	0.208107318142116	0.660648154841367	0.452540836699251	0	0	2	0.1	0.213681813345339	0.0585277243595159	0.104711413230806	0.334359403255901	0.229647990025095	0	0	2	0.2	0.466686082130449	0.128182910300766	0.226985922406947	0.731782504260604	0.504796581853657	0	0	3	0.1	0.231166935465296	0.0635254089046311	0.111616613462708	0.360722470749976	0.249105857287268	0	0	3	0.2	0.509211844192822	0.140373880254543	0.243245768341443	0.798469134927488	0.555223366586046
16	0	0	0	0.1	0.274170130554731	0.0686554138924696	0.14357536299671	0.414409441287243	0.270834078290533	0	0	0	0.2	0.522085326953409	0.129775890531699	0.273237324773686	0.791491363637236	0.51825403886355	0	0	1	0.1	0.261468942090727	0.0646957861796953	0.139947635967588	0.399896904260414	0.259949268292826	0	0	1	0.2	0.565700195774092	0.139646521267459	0.299508238683653	0.859223774918438	0.559715536234785	0	0	2	0.1	0.282627687373302	0.0695134212605531	0.151472787051143	0.425160639996063	0.273687852944921	0	0	2	0.2	0.625760683583469	0.154195506645519	0.330826437657227	0.934999273434662	0.604172835777435	0	0	3	0.1	0.306381851189995	0.0751822768158484	0.163430970203774	0.458489844792263	0.295058874588489	0	0	3	0.2	0.683277877161429	0.168299325625707	0.361415304126218	1.02840849662381	0.666993192497592
35	0	0	0	0.1	0.292500051801251	0.0761017766319203	0.147439575459982	0.453950553159145	0.306510977699163	0	0	0	0.2	0.553913172667048	0.142868972778632	0.279676547916558	0.851092553114114	0.571416005197556	0	0	1	0.1	0.276903307356737	0.0717504422900474	0.142313532939838	0.425651730230727	0.283338197290889	0	0	1	0.2	0.594935404238499	0.153686430115247	0.304257011631718	0.900846083126868	0.59658907149515	0	0	2	0.1	0.296402285456253	0.0767889207007074	0.150937853803037	0.447048301324906	0.29611044752187	0	0	2	0.2	0.653274162302098	0.169269874115697	0.335341765480472	0.989999280837419	0.654657515356948	0	0	3	0.1	0.319240626268852	0.0827799833764244	0.16326476053608	0.482609473159406	0.319344712623326	0	0	3	0.2	0.709420542433057	0.184366051751913	0.365174035969658	1.07387271061174	0.708698674642087
81	0	0	0	0.1	0.238839938446476	0.0701422396000432	0.10225734305608	0.381577388520311	0.279320045464231	0	0	0	0.2	0.445507336683245	0.130869892047228	0.190667259847182	0.697634452423639	0.506967192576457	0	0	1	0.1	0.22498001126317	0.0678092745852312	0.0962444974925026	0.363361137478752	0.267116639986249	0	0	1	0.2	0.479006430065154	0.144643486232149	0.204272067430863	0.777114101059296	0.572842033628433	0	0	2	0.1	0.240416561670729	0.0734857225921886	0.10210990315882	0.394109241387765	0.291999338228945	0	0	2	0.2	0.526221584218497	0.161215150135644	0.224434453805442	0.86904642210077	0.644611968295328	0	0	3	0.1	0.258944490382745	0.0798389986606774	0.109973567979071	0.429420066518727	0.319446498539656	0	0	3	0.2	0.572054359908123	0.176812647759789	0.242946008543778	0.955377814456484	0.712431805912705
7	0	0	0	0.1	0.190301458622724	0.0527071226329991	0.0884852487895866	0.296227620594193	0.207742371804606	0	0	0	0.2	0.352110715028946	0.0969312135504034	0.166057856749847	0.547660037030607	0.38160218028076	0	0	1	0.1	0.181239037218423	0.0506216732679738	0.0843219780067054	0.289822364582684	0.205500386575979	0	0	1	0.2	0.387021304262144	0.107924067624264	0.181337106376585	0.619970199829771	0.438633093453186	0	0	2	0.1	0.197370912716727	0.0554411925739016	0.0930892765643422	0.312990458580914	0.219901182016572	0	0	2	0.2	0.432223479670055	0.121634046802589	0.202274805165485	0.68488674382966	0.482611938664175	0	0	3	0.1	0.215167267117775	0.0607727978700448	0.101629864422108	0.341496613835099	0.239866749412991	0	0	3	0.2	0.474893101783945	0.134392387665861	0.223361233645144	0.760317463042156	0.536956229397011
45	0	0	0	0.1	0.182769946500426	0.0684616864622163	0.0508811771056109	0.316449033244706	0.265567856139095	0	0	0	0.2	0.341596826337175	0.127196885660369	0.0965075789978234	0.588529229021549	0.492021650023726	0	0	1	0.1	0.168682684458456	0.06269168458835	0.0488260893643798	0.29338841692314	0.24456232755876	0	0	1	0.2	0.361375807357443	0.134098245639935	0.105724986446054	0.629374846601955	0.523649860155901	0	0	2	0.1	0.180106982158013	0.0668179308334277	0.0526378365697111	0.311269043601179	0.258631207031468	0	0	2	0.2	0.396037704232231	0.147021242322285	0.114386878265024	0.68362963572652	0.569242757461496	0	0	3	0.1	0.194191176068955	0.0719910820318182	0.056243882515015	0.334691348070114	0.278447465555099	0	0	3	0.2	0.430462407445411	0.159802912589435	0.126841159512111	0.743213320474552	0.616372160962441
12	0	0	0	0.1	0.103361151467471	0.0644583919065576	-0.0263170460531221	0.229331723967628	0.25564877002075	0	0	0	0.2	0.191806903734375	0.119509548206749	-0.0490050805958607	0.423424333500791	0.472429414096652	0	0	1	0.1	0.0935476085629161	0.0584586521023996	-0.0242208913704877	0.208232280262374	0.232453171632862	0	0	1	0.2	0.199860941117306	0.124835699457534	-0.0505393082425334	0.443455534091111	0.493994842333644	0	0	2	0.1	0.099241009256381	0.0620229739537547	-0.0251424225756497	0.218872922954176	0.244015345529826	0	0	2	0.2	0.217682140442862	0.136159299023413	-0.0536256386171969	0.481607949087558	0.535233587704755	0	0	3	0.1	0.106588897948487	0.0666525903129045	-0.0269828856200512	0.236262245791887	0.263245131411939	0	0	3	0.2	0.235796074902141	0.147576995717388	-0.0582010616622143	0.525270000898826	0.58347106256104
9	0	0	0	0.1	0.245194925273223	0.0641763297534839	0.126446063360362	0.375830195986825	0.249384132626463	0	0	0	0.2	0.466308822054106	0.121951594247174	0.240342975498629	0.713965445815713	0.473622470317084	0	0	1	0.1	0.232862895868397	0.0628379224434188	0.122059596092781	0.364720774887634	0.242661178794853	0	0	1	0.2	0.50503841284148	0.136356108972946	0.26754069835088	0.789543456921405	0.522002758570525	0	0	2	0.1	0.25265672081235	0.0690249286763765	0.135324749103226	0.39575283188813	0.260428082784904	0	0	2	0.2	0.560106949161131	0.153377205588922	0.298398979663161	0.874262975362779	0.575863995699619	0	0	3	0.1	0.274459018341768	0.075520987219494	0.144787650615173	0.431350818910767	0.286563168295594	0	0	3	0.2	0.612641565573496	0.169117111365321	0.323052960568073	0.968457240724013	0.64540428015594
51	0	0	0	0.1	0.123866793259706	0.0624632881425051	0.00654369533614677	0.251239461844245	0.244695766508098	0	0	0	0.2	0.231398984998107	0.116726168317007	0.0120801871006846	0.474673267493334	0.46259308039265	0	0	1	0.1	0.119877357186693	0.0606775425458406	0.00659970811819421	0.248637614212388	0.242037906094194	0	0	1	0.2	0.256187654437371	0.129820340728369	0.0136384127472179	0.529131100998802	0.515492688251584	0	0	2	0.1	0.130583586784305	0.0663616552570756	0.00715959424371225	0.271871327170166	0.264711732926454	0	0	2	0.2	0.286208595918681	0.145579676052228	0.0149140025109813	0.596690899045127	0.581776896534145	0	0	3	0.1	0.142150469191825	0.0724094336335598	0.00812289670651735	0.297467484051743	0.289344587345225	0	0	3	0.2	0.314269423680277	0.160228803473748	0.0153414567885067	0.660032764083705	0.644691307295199
18	0	0	0	0.1	0.19707830806511	0.0569234074857318	0.0910377010736465	0.316247319384167	0.225209618310521	0	0	0	0.2	0.374792790509414	0.107782910443448	0.173876460756378	0.596834597263947	0.422958136507569	0	0	1	0.1	0.203038808661069	0.0585969353151526	0.0949835531835346	0.325401756240133	0.230418203056598	0	0	1	0.2	0.438084693007703	0.12642747183345	0.202726341318331	0.707224710974916	0.504498369656585	0	0	2	0.1	0.226807459714145	0.0654827773158563	0.104301296991036	0.364621212676305	0.260319915685269	0	0	2	0.2	0.500118650574832	0.144654807507262	0.228615928730635	0.799006313008874	0.57039038427824	0	0	3	0.1	0.250250041469666	0.0723693342730251	0.114547495297381	0.399392664126553	0.284845168829172	0	0	3	0.2	0.555783132874656	0.16109533619234	0.251667606105676	0.883299709473845	0.631632103368169
20	0	0	0	0.1	0.214714193803648	0.0671429224212395	0.0772766848452069	0.345109729505977	0.267833044660771	0	0	0	0.2	0.398836689920421	0.124193779718134	0.148280529043559	0.637630222292657	0.489349693249098	0	0	1	0.1	0.192343933976131	0.0602421037271237	0.0719771346974912	0.306564039597148	0.234586904899657	0	0	1	0.2	0.411280610115659	0.128878238576552	0.155047954187617	0.654280594970044	0.499232640782427	0	0	2	0.1	0.202838675954132	0.0638393214720129	0.0768669709480551	0.327107362495281	0.250240391547226	0	0	2	0.2	0.445599005526715	0.140526235740759	0.170003934452078	0.717481681659371	0.547477747207294	0	0	3	0.1	0.217209459342884	0.0686275868886066	0.083492490998091	0.35065127600864	0.267158785010549	0	0	3	0.2	0.481170681943024	0.152422641707086	0.184519393832519	0.784005695684281	0.599486301851762
34	0	0	0	0.1	0.083377154048412	0.0681137233282846	-0.047768216365598	0.217387156624951	0.265155372990549	0	0	0	0.2	0.154193348936418	0.125913167709331	-0.0884629286287517	0.401548793594978	0.490011722223729	0	0	1	0.1	0.0731870367737247	0.0598445536602772	-0.041396522284608	0.189478182286733	0.230874704571341	0	0	1	0.2	0.156432430491686	0.127921573884238	-0.0877261560614508	0.406728134983895	0.494454291045346	0	0	2	0.1	0.0767506915677311	0.0628290653660293	-0.0424115872190601	0.199848989771067	0.242260576990127	0	0	2	0.2	0.168560697414627	0.138074637673927	-0.0930267818516495	0.438457753226635	0.531484535078285	0	0	3	0.1	0.0820115090479246	0.0671711828531273	-0.0465060407846449	0.213403489928686	0.259909530713331	0	0	3	0.2	0.181602392896107	0.148960223856554	-0.0995390912299063	0.47426935209448	0.573808443324387
23	0	0	0	0.1	0.305596317508398	0.0689143215204591	0.173349912593013	0.440255879416882	0.266905966823868	0	0	0	0.2	0.575692402513362	0.128699196711671	0.322145566516258	0.824982965095548	0.50283739857929	0	0	1	0.1	0.293471966920998	0.0670854328525107	0.163939654830326	0.430506184613501	0.266566529783175	0	0	1	0.2	0.629255171950754	0.14366011143361	0.351465551629237	0.923470347326755	0.572004795697518	0	0	2	0.1	0.316873563986263	0.0731162369821356	0.177452261970592	0.468742101275637	0.291289839305045	0	0	2	0.2	0.696996707946466	0.161113751877119	0.391641251624574	1.03181688611296	0.640175634488391	0	0	3	0.1	0.343234652541648	0.0797604423516602	0.191647932513497	0.508410793709093	0.316762861195596	0	0	3	0.2	0.761255230239951	0.177502815588072	0.423205743912149	1.13488530143151	0.711679557519361
19	0	0	0	0.1	0.202076004253321	0.0632922031892077	0.0815265490401234	0.326709292958504	0.24518274391838	0	0	0	0.2	0.374152268779046	0.116285442641804	0.151162028712451	0.603321097228172	0.45215906851572	0	0	1	0.1	0.184315108087831	0.0577531249234858	0.0733395634479002	0.300336148409962	0.226996584962062	0	0	1	0.2	0.393591123707701	0.123014515015156	0.153107143858141	0.64421822305849	0.491111079200349	0	0	2	0.1	0.196418436731372	0.0617277457500205	0.0769181506426467	0.322984680742881	0.246066530100234	0	0	2	0.2	0.430741966024095	0.13522236778675	0.167417108044142	0.706008811997218	0.538591703953076	0	0	3	0.1	0.211522951301518	0.0666561231558003	0.083501375316986	0.346629876899752	0.263128501582766	0	0	3	0.2	0.467877317857591	0.147463946023454	0.18150053601381	0.76905399032969	0.58755345431588
53	0	0	0	0.1	0.12107421571495	0.0672228704854846	-0.0127790610977891	0.255053965171981	0.26783302626977	0	0	0	0.2	0.223816925387443	0.124494064966608	-0.02480641756431	0.476788103215562	0.501594520779872	0	0	1	0.1	0.108033094818087	0.0603826732102223	-0.0110176181145652	0.232230710510589	0.243248328625154	0	0	1	0.2	0.230165340650614	0.128906447643398	-0.0249669204498673	0.502539321426468	0.527506241876336	0	0	2	0.1	0.113574926622026	0.063836201808712	-0.0115868517542129	0.246791838547218	0.258378690301431	0	0	2	0.2	0.248820753762706	0.140069455406497	-0.0266691922467555	0.541106755746426	0.567775947993182	0	0	3	0.1	0.121391520721987	0.0684060694991017	-0.012292971652729	0.261583637612897	0.273876609265626	0	0	3	0.2	0.26845666237438	0.151498241071063	-0.0284522331794587	0.583238074064153	0.611690307243612
46	0	0	0	0.1	0.158412001998325	0.0597523897213238	0.0429920022047104	0.278782446868525	0.235790444663815	0	0	0	0.2	0.294117868972997	0.110461516341935	0.0792254916576293	0.513373024605413	0.434147532947784	0	0	1	0.1	0.148196587360247	0.0558736760698034	0.0403362349897734	0.258715875019452	0.218379640029679	0	0	1	0.2	0.316534916335006	0.11911347203186	0.0852507405439153	0.559414639630211	0.474163899086296	0	0	2	0.1	0.159608821085164	0.0601609369657665	0.0428199507328614	0.282605293149819	0.239785342416958	0	0	2	0.2	0.349855391645139	0.13185255836513	0.0931912949376762	0.625371586852965	0.532180291915289	0	0	3	0.1	0.172929592804722	0.065158453319571	0.0466505100936419	0.307193856427784	0.260543346334142	0	0	3	0.2	0.382178741163294	0.144263947720707	0.103957028550723	0.683698247810834	0.579741219260111
17	0	0	0	0.1	0.0935049178049222	0.0696778645437312	-0.0370004199016152	0.228921545388006	0.265921965289621	0	0	0	0.2	0.181219386153307	0.134902528318968	-0.0726412308087747	0.437995965888989	0.510637196697764	0	0	1	0.1	0.0925543270601282	0.0687543235578034	-0.0370775959784321	0.222065160587299	0.259142756565731	0	0	1	0.2	0.202429294658118	0.150449450015372	-0.0796296305637274	0.489580622426222	0.569210252989949	0	0	2	0.1	0.102004028246939	0.0757380585075365	-0.0400160156793347	0.246973725732906	0.286989741412241	0	0	2	0.2	0.227505523821344	0.169013943668998	-0.0910409935371475	0.551218351470248	0.642259345007396	0	0	3	0.1	0.111726404424384	0.0829377895011254	-0.0444234974017054	0.270281877305016	0.314705374706721	0	0	3	0.2	0.250549191807687	0.186123084785459	-0.0978866417963993	0.606286266612562	0.704172908408962
32	0	0	0	0.1	0.233200666983779	0.0644062016118115	0.106871143663225	0.358602086555537	0.251730942892312	0	0	0	0.2	0.437319069225129	0.12018031216709	0.201118348205044	0.673248750628397	0.472130402423354	0	0	1	0.1	0.214187624858036	0.0598961928667248	0.0969221306824006	0.333515015946892	0.236592885264491	0	0	1	0.2	0.460676927582551	0.128735239635924	0.210266884389635	0.724718272768288	0.514451388378653	0	0	2	0.1	0.228732154619871	0.0643897646415595	0.104874415199181	0.362684946010216	0.257810530811035	0	0	2	0.2	0.504404256110423	0.142330705876023	0.232991846870974	0.799435121907099	0.566443275036126	0	0	3	0.1	0.246609222059963	0.06976676804427	0.113811252292719	0.392938529527064	0.279127277234345	0	0	3	0.2	0.547940582683553	0.155473954742656	0.249784777323968	0.877085086928269	0.627300309604301
58	0	0	0	0.1	0.109133270081601	0.0671778246557779	-0.0311700727077645	0.236606694309176	0.26777676701694	0	0	0	0.2	0.204099671509934	0.125522628891461	-0.058877078124723	0.441705649317362	0.500582727442085	0	0	1	0.1	0.0991209484484059	0.0610375614194549	-0.0283658771444332	0.215828815043282	0.244194692187715	0	0	1	0.2	0.212790497031337	0.131087325442185	-0.0626972072051394	0.460265496302146	0.522962703507285	0	0	2	0.1	0.105309605994261	0.0649050729863343	-0.0309336760504019	0.226422061599549	0.25735573764995	0	0	2	0.2	0.231841538574564	0.143043034795146	-0.0707012772231669	0.496388474304803	0.56708975152797	0	0	3	0.1	0.113155430304556	0.0697710788174007	-0.033294154793997	0.243743827970403	0.2770379827644	0	0	3	0.2	0.25108283052317	0.155132389391494	-0.0744389828518155	0.542192507501706	0.616631490353522
62	0	0	0	0.1	0.294753548840007	0.061286301939919	0.177267704333069	0.417169923127473	0.239902218794405	0	0	0	0.2	0.543508783246432	0.112099710122878	0.324126800069241	0.765601815005901	0.441475014936659	0	0	1	0.1	0.268359627717129	0.0568355871950239	0.160757016474771	0.377951252409012	0.217194235934241	0	0	1	0.2	0.57218008642002	0.120430921755846	0.348398509007861	0.808344184685797	0.459945675677936	0	0	2	0.1	0.285712860552496	0.0606836645482186	0.174481923373417	0.405521186877537	0.23103926350412	0	0	2	0.2	0.625744943206383	0.132817193977748	0.382961128845702	0.886782095833183	0.503820966987482	0	0	3	0.1	0.307523379657334	0.065520389396577	0.189602580259218	0.437256599639245	0.247654019380027	0	0	3	0.2	0.679251538893908	0.145001817278741	0.419874375956121	0.965671646258188	0.545797270302067
83	0	0	0	0.1	0.145044455790328	0.0609346004561908	0.033852736260051	0.27237237515544	0.238519638895389	0	0	0	0.2	0.27193517124241	0.114016166768413	0.0623429250611278	0.504667809798922	0.442324884737794	0	0	1	0.1	0.140047738280235	0.0591434946595696	0.0339395313094533	0.259071376400614	0.225131845091161	0	0	1	0.2	0.300333072857806	0.126908044778579	0.0733013928547505	0.558926627148554	0.485625234293803	0	0	2	0.1	0.152687480710016	0.0647478526191399	0.0366887232494275	0.283582822335362	0.246894099085935	0	0	2	0.2	0.335508945926115	0.142515364145068	0.0811363466110871	0.628164501044267	0.54702815443318	0	0	3	0.1	0.16641367749946	0.0707642073358454	0.0400578692488391	0.310349059072555	0.270291189823716	0	0	3	0.2	0.368562171250828	0.157052530161725	0.088252322541395	0.694443583929685	0.60619126138829
67	0	0	0	0.1	0.227565609303032	0.0654926690230579	0.0992640196096209	0.351503085837601	0.25223906622798	0	0	0	0.2	0.420083636847344	0.120424563585308	0.1861147475561	0.645282211203134	0.459167463647035	0	0	1	0.1	0.219912444040215	0.0637609396808828	0.0936207431393425	0.339172485596411	0.245551742457069	0	0	1	0.2	0.464879739798038	0.134514444817038	0.200250198341492	0.7203881725042	0.520137974162708	0	0	2	0.1	0.237872663548458	0.0692712236401723	0.0999473388151521	0.372539884495166	0.272592545680014	0	0	2	0.2	0.517405819217539	0.150636994413729	0.217323473535946	0.812201770449155	0.594878296913209	0	0	3	0.1	0.258095585372286	0.0754188902875854	0.107558678489173	0.407177337191579	0.299618658702406	0	0	3	0.2	0.566946477094199	0.165756394268851	0.235034561089527	0.899645734137661	0.664611173048134
105	0	0	0	0.1	0.301945092675998	0.0755394206601632	0.153279133959897	0.447120736052604	0.293841602092707	0	0	0	0.2	0.550899140808308	0.13652622669698	0.279127002575904	0.810264858549838	0.531137855973933	0	0	1	0.1	0.25252561876763	0.0633401835431122	0.127708973524587	0.371678188080612	0.243969214556024	0	0	1	0.2	0.534376875707682	0.133352279722905	0.271121666046373	0.782988385011782	0.51186671896541	0	0	2	0.1	0.256484710577132	0.0643669407434938	0.128926943076583	0.378311102733527	0.249384159656943	0	0	2	0.2	0.560156166734063	0.140480690547046	0.28186983497584	0.82479973287559	0.54292989789975	0	0	3	0.1	0.269070812886785	0.0677756021512315	0.136176428816409	0.399130235162832	0.262953806346423	0	0	3	0.2	0.593590647898014	0.149526716819117	0.298819722330921	0.881554735214054	0.582735012883133
59	0	0	0	0.1	0.284185133017293	0.0774971152962448	0.138221323782105	0.445901529320946	0.30768020553884	0	0	0	0.2	0.536056173783771	0.146206787035106	0.25802806029002	0.846918111014771	0.58889005072475	0	0	1	0.1	0.267961574343243	0.0742579775340068	0.128190486270715	0.426451972280561	0.298261486009846	0	0	1	0.2	0.574282437505888	0.159540202049788	0.271348004831217	0.906062373223499	0.634714368392282	0	0	2	0.1	0.286243305063904	0.0799850235541857	0.136192410305935	0.446868003623431	0.310675593317496	0	0	2	0.2	0.629877036112514	0.176690024415516	0.295125216323679	0.984604286633689	0.68947907031001	0	0	3	0.1	0.308205035584111	0.0865944925865053	0.145067168044543	0.47531067981148	0.330243511766937	0	0	3	0.2	0.684126159566439	0.193170641744402	0.319494220610371	1.0564878291401	0.736993608529725
78	0	0	0	0.1	0.159557202390636	0.0590046382162213	0.0488956528103325	0.279482070898747	0.230586418088414	0	0	0	0.2	0.300497513033269	0.11035012870877	0.0935830407189611	0.529326557816693	0.435743517097732	0	0	1	0.1	0.150259189168133	0.0551286008617905	0.0461824430772793	0.263823065627063	0.217640622549784	0	0	1	0.2	0.324857727664811	0.11885500010753	0.103664669699133	0.570924625770191	0.467259956071059	0	0	2	0.1	0.163436003089445	0.0597608696690054	0.0519049173646161	0.285797306781312	0.233892389416696	0	0	2	0.2	0.361256768869606	0.132035152714962	0.114800903137009	0.631556392310514	0.516755489173505	0	0	3	0.1	0.177879184345696	0.0649984530247919	0.0561355338406144	0.311294664102073	0.255159130261459	0	0	3	0.2	0.395789899511211	0.144620989239573	0.125724245325832	0.693674676468721	0.567950431142889
28	0	0	0	0.1	0.257857901520535	0.0685148066555072	0.114159031429656	0.39586716524574	0.281708133816084	0	0	0	0.2	0.49534882660338	0.13101714731913	0.219592826171867	0.755664671182693	0.536071845010826	0	0	1	0.1	0.251865903462311	0.0677477248610154	0.11393268707	0.386682874775103	0.272750187705103	0	0	1	0.2	0.546314971103947	0.147042234720942	0.246169142096368	0.839087263296731	0.592918121200363	0	0	2	0.1	0.274125609320502	0.07434762868411	0.12539259085775	0.422120688474875	0.296728097617125	0	0	2	0.2	0.608062356718495	0.165357543482799	0.278634966678874	0.935308578520039	0.656673611841165	0	0	3	0.1	0.298027019477611	0.081308788521124	0.136439496901224	0.459272347795581	0.322832850894357	0	0	3	0.2	0.665977626154356	0.182344707706631	0.306203071994151	1.03094091735437	0.724737845360215
36	0	0	0	0.1	0.165421320825778	0.0615064642604308	0.0426693036828044	0.285855585832234	0.243186282149429	0	0	0	0.2	0.304576050938298	0.112870708602335	0.0767040755660827	0.520017449295838	0.443313373729755	0	0	1	0.1	0.14706053556063	0.0549775583562659	0.0364312883747377	0.254765444204168	0.218334155829431	0	0	1	0.2	0.313871695938771	0.117139471025134	0.077018867907772	0.543265983406922	0.46624711549915	0	0	2	0.1	0.15558077097997	0.0582660565236551	0.0385881337949945	0.273651683941581	0.235063550146586	0	0	2	0.2	0.340980894502915	0.127676900602627	0.0858817983182383	0.598026356539792	0.512144558221553	0	0	3	0.1	0.166944966574829	0.0626739530285842	0.0427562923027583	0.294603384915523	0.251847092612765	0	0	3	0.2	0.369098922675614	0.13845206430713	0.0946250001711287	0.647583696637292	0.552958696466163
27	0	0	0	0.1	0.163688892181798	0.0622151839880597	0.0425111581544719	0.285720815583179	0.243209657428707	0	0	0	0.2	0.304059286612383	0.115220677774054	0.0815320929113954	0.532174805752878	0.450642712841482	0	0	1	0.1	0.146912248441933	0.0561028710294384	0.0400496067439773	0.256437083087115	0.216387476343137	0	0	1	0.2	0.315585099461245	0.120508653355548	0.085591474376422	0.549412644405895	0.463821170029473	0	0	2	0.1	0.156537494852632	0.0600583592895987	0.0424749882201547	0.273759900725268	0.231284912505113	0	0	2	0.2	0.344685798560132	0.132399356189131	0.0933888867256847	0.602189753355338	0.508800866629653	0	0	3	0.1	0.168510134392339	0.064879406725345	0.0465404441898714	0.294094665699238	0.247554221509367	0	0	3	0.2	0.373891568963459	0.144187240811039	0.1010325142568	0.652876726680734	0.551844212423934
54	0	0	0	0.1	0.0382448827719873	0.0618772876378144	-0.0825201347220554	0.153456903769733	0.235977038491788	0	0	0	0.2	0.0709870412390841	0.115122775116386	-0.156629994024722	0.283085813532558	0.439715807557281	0	0	1	0.1	0.0338015784739194	0.0551780179265485	-0.0744779590916173	0.136279293230304	0.210757252321921	0	0	1	0.2	0.072720272956381	0.118789943971782	-0.160110287326433	0.29638605817614	0.456496345502572	0	0	2	0.1	0.0358877302903523	0.0587646315591135	-0.0792640832564404	0.145605815227864	0.224869898484305	0	0	2	0.2	0.0790787750362824	0.129643466134117	-0.174193377398155	0.321278143391389	0.495471520789543	0	0	3	0.1	0.0385511041036416	0.0633188234208615	-0.085014502402079	0.156578079764009	0.241592582166088	0	0	3	0.2	0.0857309324487981	0.140806470412046	-0.189455879985464	0.35019043467328	0.539646314658744
22	0	0	0	0.1	0.297792227226385	0.0616479466615742	0.181382407482101	0.416308074551772	0.234925667069671	0	0	0	0.2	0.557478110451442	0.113745894673513	0.339649723670294	0.779875907818541	0.440226184148247	0	0	1	0.1	0.27847520596823	0.058123641160002	0.166487528317561	0.397374126998109	0.230886598680549	0	0	1	0.2	0.599349323879262	0.124556682474365	0.357814368826118	0.85521556080185	0.497401191975732	0	0	2	0.1	0.300698060042712	0.0632140253382625	0.177948692997276	0.429089343880771	0.251140650883496	0	0	2	0.2	0.662794401296738	0.13945239953629	0.392369800967693	0.947420374694803	0.55505057372711	0	0	3	0.1	0.325940523376628	0.0689867445268317	0.19384588793669	0.466587420654988	0.272741532718298	0	0	3	0.2	0.723840666350769	0.153507551889399	0.431022530385101	1.03911132187891	0.60808879149381
33	0	0	0	0.1	0.34572292410596	0.061267997993042	0.225600100179085	0.459438526293234	0.233838426114148	0	0	0	0.2	0.643170423181223	0.112845634950312	0.420394983456237	0.853644853243853	0.433249869787617	0	0	1	0.1	0.324733636566725	0.058722373962098	0.211806957650195	0.440389298418317	0.228582340768123	0	0	1	0.2	0.695864486805559	0.125515571083616	0.458304980894299	0.939365420325001	0.481060439430701	0	0	2	0.1	0.350560894172157	0.0639848267310885	0.22915632528653	0.479426466537872	0.250270141251343	0	0	2	0.2	0.770067860659059	0.141017798084166	0.502924924941073	1.0513807843774	0.548455859436324	0	0	3	0.1	0.379938224762344	0.0698916855156587	0.246799198523052	0.521691919893336	0.274892721370284	0	0	3	0.2	0.841294626966144	0.155600014508752	0.542375830771103	1.15873954948478	0.616363718713673
4	0	0	0	0.1	0.111899449578382	0.0623165903064574	-0.00680582656990801	0.234443190206331	0.241249016776239	0	0	0	0.2	0.203147460233086	0.112854713983522	-0.0120270140336995	0.424782925585121	0.43680993961882	0	0	1	0.1	0.0966262852057055	0.0537043788717542	-0.00649151818912285	0.20383957650242	0.210331094691543	0	0	1	0.2	0.204442504211499	0.113615932030221	-0.0135031802669418	0.428355177912113	0.441858358179055	0	0	2	0.1	0.100603348628956	0.0559220262608307	-0.00583785228813627	0.211843221978396	0.217681074266532	0	0	2	0.2	0.219224269650404	0.121984025588606	-0.0134181652277719	0.459424602084998	0.47284276731277	0	0	3	0.1	0.107074252666667	0.0596325607817969	-0.00620903880907113	0.226294834679162	0.232503873488233	0	0	3	0.2	0.235652815521637	0.131238249747938	-0.0156160447850948	0.49711844008969	0.512734484874784
107	0	0	0	0.1	0.344353395324871	0.0686831656518988	0.217451034654896	0.478840208999823	0.261389174344927	0	0	0	0.2	0.637788186038596	0.126314897920795	0.398538659584925	0.88771590475648	0.489177245171555	0	0	1	0.1	0.306058245174538	0.0629863460993008	0.187591954856168	0.431638364731674	0.244046409875506	0	0	1	0.2	0.653770244774458	0.133950449475721	0.401725078293493	0.917996592322057	0.516271514028565	0	0	2	0.1	0.321449451654847	0.066911185852431	0.196332143016139	0.454393320627111	0.258061177610972	0	0	2	0.2	0.705727009966729	0.146935239653666	0.431274967590918	0.999146715574242	0.567871747983324	0	0	3	0.1	0.343207184663122	0.0719859431383297	0.208815102771483	0.486695438424454	0.27788033565297	0	0	3	0.2	0.759882695918854	0.159804117756692	0.458663020539845	1.07582681780065	0.617163797260801
82	0	0	0	0.1	0.262017111444245	0.0724040945595593	0.123166779896412	0.40839089685685	0.285224116960438	0	0	0	0.2	0.481912854317781	0.132346036932064	0.227868529972128	0.747641852804475	0.519773322832347	0	0	1	0.1	0.231531904086661	0.0644572652142448	0.107011318510883	0.360940677229472	0.253929358718589	0	0	1	0.2	0.492065667773919	0.136473187439811	0.23233423849115	0.769959730255491	0.537625491764341	0	0	2	0.1	0.242207048793718	0.0675374117595647	0.115019571425518	0.37745293203573	0.262433360610212	0	0	2	0.2	0.529902919437113	0.147684458128817	0.252911489948137	0.8282091129169	0.575297622968764	0	0	3	0.1	0.258286793406123	0.0721067727076968	0.122396471497148	0.403414906423686	0.281018434926538	0	0	3	0.2	0.570290032866932	0.15935729924325	0.272732574365643	0.88423464695346	0.611502072587817
84	0	0	0	0.1	0.209823820763225	0.0660321493429184	0.0862188170464374	0.336723083976668	0.250504266930231	0	0	0	0.2	0.394311977464553	0.124071934662234	0.162678857096625	0.632188645028738	0.469509787932113	0	0	1	0.1	0.201041529092511	0.0641202356704241	0.0825800164502236	0.330060833935101	0.247480817484877	0	0	1	0.2	0.431792248899639	0.137745197979748	0.181132947413058	0.702962318372374	0.521829370959316	0	0	2	0.1	0.218249842842269	0.0699865337429938	0.0912000996849509	0.358903327958234	0.267703228273283	0	0	2	0.2	0.48031900775707	0.154212847147248	0.200467375665344	0.790075474219981	0.589608098554637	0	0	3	0.1	0.237298217574122	0.076242380655144	0.0973933025641041	0.389761866920807	0.292368564356703	0	0	3	0.2	0.526176115601398	0.169743457124286	0.218931954048946	0.865137619642671	0.646205665593726
86	0	0	0	0.1	0.117795670226517	0.0637506072119933	-0.0110520564283474	0.235352584468611	0.246404640896958	0	0	0	0.2	0.220505273146357	0.119067836263494	-0.0218195346818994	0.436129387595437	0.457948922277336	0	0	1	0.1	0.107984849388863	0.0584023301721416	-0.011613901649511	0.215068882881969	0.22668278453148	0	0	1	0.2	0.232929062899394	0.125905952383086	-0.0247519106692728	0.464166147537625	0.488918058206897	0	0	2	0.1	0.116212459161234	0.0628135602144083	-0.0113860751753742	0.232825019530861	0.244211094706235	0	0	2	0.2	0.256566207224777	0.138796095951078	-0.0276608789977343	0.515062726587623	0.542723605585357	0	0	3	0.1	0.125848263420103	0.0680667365841854	-0.0123820147069579	0.253184471372413	0.26556648607937	0	0	3	0.2	0.279712766880539	0.151321798243693	-0.0276463971060292	0.562935814528488	0.590582211634517
8	0	0	0	0.1	0.212017065627462	0.0660571581333836	0.0896888412698542	0.342418528095686	0.252729686825832	0	0	0	0.2	0.403707181861107	0.124703273509719	0.168481728809563	0.652391173971922	0.483909445162359	0	0	1	0.1	0.200002714267417	0.0627199443491342	0.0840923601672933	0.320432660693806	0.236340300526512	0	0	1	0.2	0.433445937885589	0.135484296706039	0.184295826727186	0.693722683264398	0.509426856537213	0	0	2	0.1	0.215837262615552	0.0679550791698038	0.092092474714111	0.348263973534964	0.256171498820853	0	0	2	0.2	0.478492761743716	0.150501905428175	0.206391821310803	0.770023917854793	0.56363209654399	0	0	3	0.1	0.233807564326469	0.0738333497288875	0.102122251860032	0.377095841704063	0.274973589844031	0	0	3	0.2	0.521942806965763	0.164894563787554	0.227075086345488	0.84088037073212	0.613805284386633
101	0	0	0	0.1	0.108167518184232	0.0574449946986471	0.00266291267771782	0.220268100951672	0.217605188273954	0	0	0	0.2	0.203114628649077	0.107953653117124	0.0054057831071568	0.419056108833267	0.41365032572611	0	0	1	0.1	0.105201715337011	0.0563062272510016	0.00243957283684263	0.217356513490148	0.214916940653305	0	0	1	0.2	0.225945494266002	0.121017634866616	0.00471012522582957	0.474284740422138	0.469574615196308	0	0	2	0.1	0.115186513487106	0.0618378545307178	0.00281439236589925	0.241753003056763	0.238938610690864	0	0	2	0.2	0.253282867468274	0.13616926841602	0.00722715738996835	0.532831543002499	0.525604385612531	0	0	3	0.1	0.125831120936775	0.0676701960120923	0.00397961165723158	0.26397279015102	0.259993178493788	0	0	3	0.2	0.278791182606695	0.150271177900841	0.00752964174797368	0.585239953320537	0.577710311572563
70	0	0	0	0.1	0.124281440666625	0.0641683313601168	-0.00102992485117462	0.248074720389421	0.249104645240595	0	0	0	0.2	0.235918808123045	0.121857455838769	-0.00302669568108649	0.469724512137801	0.472751207818888	0	0	1	0.1	0.120478837559007	0.0623384151679822	-0.000873622815309426	0.240594819826715	0.241468442642024	0	0	1	0.2	0.260155981199303	0.134726928041466	-0.00371303892794292	0.519962062538349	0.523675101466292	0	0	2	0.1	0.131402606802888	0.0681530867473642	-0.00147411976999107	0.264021403308108	0.265495523078099	0	0	2	0.2	0.290440754245855	0.150757978972193	-0.00374821267600474	0.583706967664995	0.587455180341	0	0	3	0.1	0.143208462888759	0.0743483172954479	-0.00208034755652314	0.288755596309322	0.290835943865845	0	0	3	0.2	0.318695790305713	0.165664684775191	-0.00286587489304328	0.639147221475968	0.642013096369011
77	0	0	0	0.1	0.11975584643098	0.0663746803827588	-0.0148306030423217	0.246064334754104	0.260894937796426	0	0	0	0.2	0.224134277746211	0.123741701594429	-0.0279988885876555	0.463153863567785	0.49115275215544	0	0	1	0.1	0.112068469888322	0.0618274796485943	-0.0133808838333451	0.228825123529742	0.242206007363088	0	0	1	0.2	0.240516197849787	0.132521151660953	-0.029293189263036	0.490778257131064	0.5200714463941	0	0	2	0.1	0.120730191684252	0.0665660955549979	-0.0145561571990277	0.245185427174588	0.259741584373616	0	0	2	0.2	0.265651254238704	0.146336863414542	-0.0318337760303892	0.53378346082176	0.565617236852149	0	0	3	0.1	0.130769948500448	0.072074951137925	-0.0161807048339963	0.26428587861619	0.280466583450187	0	0	3	0.2	0.289933077920735	0.159953421710382	-0.0356281261734823	0.588152599422217	0.623780725595699
102	0	0	0	0.1	0.23256933803423	0.0676942887386043	0.103921354441051	0.371308436455154	0.267387082014103	0	0	0	0.2	0.420096383008604	0.122495481450558	0.18470306057173	0.677563329994722	0.492860269422993	0	0	1	0.1	0.200147750573216	0.0594570027777917	0.0851393346492368	0.323389594120839	0.238250259471603	0	0	1	0.2	0.421225724526649	0.125207648316281	0.179203853549446	0.684289488094858	0.505085634545412	0	0	2	0.1	0.20687829115247	0.0620066386493233	0.0888473595991651	0.334533510748156	0.245686151148991	0	0	2	0.2	0.449491540216036	0.134971751722119	0.190243487849403	0.730255800429094	0.540012312579691	0	0	3	0.1	0.219330132785022	0.0661248296540006	0.0947188401073825	0.35761658052201	0.262897740414627	0	0	3	0.2	0.481503870600966	0.145526295332353	0.204670881413967	0.782667216893217	0.577996335479249
47	0	0	0	0.1	0.253009280346559	0.0672636464021294	0.126828627680957	0.391172654883482	0.264344027202525	0	0	0	0.2	0.462468347453529	0.12305950123139	0.228950281186693	0.712816080809486	0.483865799622793	0	0	1	0.1	0.224727976104122	0.0609623715893666	0.107205105581673	0.346421749435681	0.239216643854008	0	0	1	0.2	0.474631842060802	0.128593557328969	0.230142125098398	0.728276761801614	0.498134636703217	0	0	2	0.1	0.234879695198081	0.0640741887433028	0.112898635090275	0.365614664648983	0.252716029558708	0	0	2	0.2	0.51154985315411	0.139744075007809	0.244162576647076	0.794483549485076	0.550320972838	0	0	3	0.1	0.250208448963334	0.0685244823033317	0.120400064944893	0.38892884256742	0.268528777622528	0	0	3	0.2	0.550363205279165	0.151080737636864	0.259413519278794	0.8573239860137	0.597910466734906
49	0	0	0	0.1	0.139711845414701	0.0593245568067587	0.0232657571773383	0.255571227370595	0.232305470193257	0	0	0	0.2	0.25868544109296	0.109205778288067	0.0441797486478932	0.47295124952664	0.428771500878747	0	0	1	0.1	0.13071083820857	0.0549817021784274	0.022270108593561	0.236809654534372	0.214539545940811	0	0	1	0.2	0.279548399551647	0.117419697218484	0.0482734499065124	0.507229448831439	0.458955998924926	0	0	2	0.1	0.141537151924791	0.0594454729743118	0.0238582499659129	0.257778621863161	0.233920371897248	0	0	2	0.2	0.310488654563539	0.130373052246391	0.0544363658221406	0.570766773885212	0.516330408063072	0	0	3	0.1	0.153846376267125	0.0646039324145624	0.0261798961759538	0.280198456287764	0.25401856011181	0	0	3	0.2	0.340108909850758	0.142881237997732	0.0589669463985121	0.618273233564564	0.559306287166052
117	0	0	0	0.1	0.195645294336444	0.0703245356313375	0.0598845330372382	0.339498366205293	0.279613833168055	0	0	0	0.2	0.359145795030285	0.128976028281087	0.111511549484547	0.62642649782336	0.514914948338813	0	0	1	0.1	0.173385001715444	0.0630409764005067	0.0542202732388911	0.306040914866571	0.25182064162768	0	0	1	0.2	0.366875342669902	0.133347304386943	0.11474238188472	0.643123203510241	0.528380821625521	0	0	2	0.1	0.180686794457293	0.0660472620791914	0.0569765189278603	0.318135404897868	0.261158885970008	0	0	2	0.2	0.39408828044929	0.144250715040668	0.12356839118556	0.694039534262159	0.5704711430766	0	0	3	0.1	0.192114406935334	0.0704607123247035	0.0606477987677067	0.335584414213769	0.274936615446063	0	0	3	0.2	0.423197340356427	0.15543832090132	0.133255142117888	0.746071769230147	0.612816627112259
108	0	0	0	0.1	0.194092798991993	0.0596504146282202	0.0796984308040319	0.310190746893725	0.230492316089693	0	0	0	0.2	0.364868852943585	0.111885726583687	0.150899229141038	0.581518698962141	0.430619469821103	0	0	1	0.1	0.187789963357772	0.0582962222283761	0.0761684792244664	0.307563808982551	0.231395329758084	0	0	1	0.2	0.40360145231998	0.125199419630839	0.164531816056568	0.654972191353824	0.490440375297256	0	0	2	0.1	0.204940971515069	0.0638410468149701	0.0825918018690624	0.335619708387452	0.25302790651839	0	0	2	0.2	0.451113668742762	0.14060387676585	0.181081735928955	0.737248269497698	0.556166533568743	0	0	3	0.1	0.223414206563558	0.0697636958443657	0.091311198942639	0.364192579965172	0.272881381022533	0	0	3	0.2	0.495641008443796	0.155033812890623	0.203017235481075	0.809270917718051	0.606253682236976
93	0	0	0	0.1	0.261555756216443	0.065832557803168	0.135473983006173	0.392975970053927	0.257501987047754	0	0	0	0.2	0.474978648006414	0.118436107333234	0.248605770741747	0.711729464923064	0.463123694181317	0	0	1	0.1	0.227019267980234	0.0572174787377613	0.118703436069684	0.345562090407055	0.226858654337371	0	0	1	0.2	0.479984458275441	0.12023131739598	0.255116568869708	0.734126707531425	0.479010138661716	0	0	2	0.1	0.236279117021552	0.0594461059420704	0.125638559699064	0.361471128617092	0.235832568918028	0	0	2	0.2	0.514765311462257	0.129197562602632	0.277421265332912	0.782844532430275	0.505423267097364	0	0	3	0.1	0.251476899983036	0.0632021648891374	0.135581493784751	0.382078741565096	0.246497247780345	0	0	3	0.2	0.553097816414416	0.139097215632595	0.301126553645039	0.83618023150939	0.53505367786435
103	0	0	0	0.1	0.128305701979262	0.0607356692224592	0.00492156736595254	0.238545032816759	0.233623465450807	0	0	0	0.2	0.235622792853811	0.111017297922964	0.00917109106254	0.439333864720903	0.430162773658363	0	0	1	0.1	0.114801838062508	0.0541370350268917	0.00411069625111081	0.215017336740793	0.210906640489682	0	0	1	0.2	0.24440807253804	0.115066384326724	0.0104758949954961	0.461109528599043	0.450633633603547	0	0	2	0.1	0.121617374772203	0.0572949243609551	0.00424902669095146	0.227919612457949	0.223670585766998	0	0	2	0.2	0.266037899245774	0.125311391682117	0.0110577528707679	0.502492682490198	0.49143492961943	0	0	3	0.1	0.130600525621005	0.0615372212045984	0.00414143213960603	0.246419947257629	0.242278515118023	0	0	3	0.2	0.288208782757234	0.135860400781518	0.0100809494681397	0.547704465872911	0.537623516404771
15	0	0	0	0.1	0.257706579360265	0.0687272398076993	0.125914602705534	0.399905659573221	0.273991056867687	0	0	0	0.2	0.471663681648139	0.125156150144878	0.235431137540208	0.731429275541838	0.49599813800163	0	0	1	0.1	0.223561355894541	0.0601137314293235	0.107697923518273	0.345847734119075	0.238149810600802	0	0	1	0.2	0.474912614639104	0.127399344766352	0.230568373810865	0.734862214137813	0.504293840326948	0	0	2	0.1	0.232834751222522	0.0629039620227997	0.114070507252751	0.357975391886146	0.243904884633395	0	0	2	0.2	0.509088838273934	0.137554757676859	0.251055592971313	0.782023220974881	0.530967628003568	0	0	3	0.1	0.247536060491146	0.0671145477265423	0.12177650591376	0.381613869249596	0.259837363335835	0	0	3	0.2	0.54639299002358	0.148227078908998	0.265820990865517	0.844859191419953	0.579038200554436
56	0	0	0	0.1	0.128273020810256	0.0583419833634663	0.0163633992569396	0.252252996164071	0.235889596907131	0	0	0	0.2	0.238499447551233	0.108239310136337	0.0312647784354787	0.465373704744199	0.434108926308721	0	0	1	0.1	0.117142375614786	0.0534553253886266	0.0148655541479863	0.228717020583563	0.213851466435577	0	0	1	0.2	0.251381813166258	0.114616455593137	0.0328448103278235	0.492776154151843	0.45993134382402	0	0	2	0.1	0.125556890893845	0.0573520353793117	0.0157282879452675	0.248001683212999	0.232273395267732	0	0	2	0.2	0.276116774360404	0.126158391047161	0.0353555723121822	0.543460629128917	0.508105056816735	0	0	3	0.1	0.135697639788004	0.0620278652458964	0.0162475407388691	0.268163251663803	0.251915710924934	0	0	3	0.2	0.300755227723258	0.137498297149074	0.0406237370366711	0.589476417457872	0.548852680421201
5	0	0	0	0.1	0.284862129817663	0.068146163594428	0.155557201376904	0.417906692680424	0.26234949130352	0	0	0	0.2	0.515876537437899	0.122426969304777	0.28335078592854	0.758846670533082	0.475495884604542	0	0	1	0.1	0.233743838150296	0.0565036566687858	0.125450418993626	0.350790149284306	0.22533973029068	0	0	1	0.2	0.495303922991047	0.119045869737866	0.266216178542971	0.744157362027283	0.477941183484312	0	0	2	0.1	0.238020700110563	0.0575651184318465	0.127371987594696	0.35578806095398	0.228416073359285	0	0	2	0.2	0.519875106456951	0.125599830814365	0.276856003557254	0.780332337356817	0.503476333799562	0	0	3	0.1	0.250354139306337	0.0607091080144306	0.13385852433605	0.371251447257778	0.237392922921729	0	0	3	0.2	0.551834171951861	0.133789192391499	0.296998904364077	0.818572200946973	0.521573296582897
21	0	0	0	0.1	0.226725176883728	0.061455304528291	0.111597839395675	0.354106023099722	0.242508183704047	0	0	0	0.2	0.416879942962687	0.112640864404093	0.20860097071428	0.644931295693825	0.436330324979546	0	0	1	0.1	0.206462455423632	0.0566073792108159	0.105732561302791	0.329313252001916	0.223580690699125	0	0	1	0.2	0.439152776064776	0.120237448256814	0.223826239724157	0.693432121038261	0.469605881314103	0	0	2	0.1	0.219936692472914	0.0605838729191325	0.111574789104624	0.347687894257717	0.236113105153093	0	0	2	0.2	0.480873892664944	0.13253580222377	0.243940440416436	0.763009572429648	0.519069132013212	0	0	3	0.1	0.236834937457873	0.0655116155245999	0.11835749998155	0.377885287957011	0.259527787975461	0	0	3	0.2	0.522439345094454	0.144698343957342	0.263508783370387	0.835358782874069	0.571849999503682
25	0	0	0	0.1	0.179869737048658	0.0655843792220498	0.0577754317658563	0.306740407084216	0.24896497531836	0	0	0	0.2	0.330426153624668	0.119514655100709	0.110742219579577	0.564371815108692	0.453629595529115	0	0	1	0.1	0.158779755600864	0.0576127017575866	0.053962397419459	0.272665220421802	0.218702823002343	0	0	1	0.2	0.33837596249741	0.122382414373067	0.116149817738627	0.580262347643559	0.464112529904932	0	0	2	0.1	0.167217821302496	0.0606577149351189	0.0568940863474262	0.29182496568779	0.234930879340364	0	0	2	0.2	0.366286790369851	0.132729696301722	0.127318438631409	0.634518373931888	0.507199935300479	0	0	3	0.1	0.179091115669345	0.0650212628082852	0.0616700580606646	0.313062991750279	0.251392933689614	0	0	3	0.2	0.395559032485562	0.143592020538524	0.136895869762651	0.68893061048345	0.5520347407208
96	0	0	0	0.1	0.327974958447697	0.0652596765332077	0.199335774732682	0.464409087328992	0.26507331259631	0	0	0	0.2	0.609667450988834	0.120301266209192	0.364037290349835	0.858994957435155	0.49495766708532	0	0	1	0.1	0.295109781601911	0.0588956296637913	0.178715818887901	0.415069859616679	0.236354040728778	0	0	1	0.2	0.632046958099486	0.125789912795508	0.382343500992683	0.890976805576017	0.508633304583334	0	0	2	0.1	0.312210337855075	0.0623614481425999	0.190422962430577	0.440480131026157	0.25005716859558	0	0	2	0.2	0.686429434330908	0.137349722276089	0.415404563828585	0.963253706303073	0.547849142474488	0	0	3	0.1	0.334747313883706	0.0669664641923172	0.204048964833289	0.469593975098383	0.265545010265094	0	0	3	0.2	0.742074267727816	0.14905155501261	0.446983624322301	1.04168185768946	0.594698233367155
68	0	0	0	0.1	0.117565675045315	0.0613271423481019	0.00260598801309154	0.236694221543308	0.234088233530217	0	0	0	0.2	0.211600334024156	0.110228563664835	0.00370607893985566	0.423978598692912	0.420272519753057	0	0	1	0.1	0.098845343168399	0.0516227778452515	0.0016560858605017	0.199122993009783	0.197466907149282	0	0	1	0.2	0.208957051095031	0.109089530996911	0.00352310348720255	0.42441092825259	0.420887824765388	0	0	2	0.1	0.102301195585438	0.0534548854927781	0.00268809085673458	0.207137037455768	0.204448946599033	0	0	2	0.2	0.222773916666487	0.116532263380297	0.0036917189614276	0.452689185129859	0.448997466168431	0	0	3	0.1	0.10868398557322	0.0568330075848999	0.00201955953559931	0.221260518874348	0.219240959338749	0	0	3	0.2	0.238821103679041	0.124956770893246	0.00502489605730445	0.483554738920317	0.478529842863012
104	0	0	0	0.1	0.145241570832805	0.0669647042753676	0.0088099149595822	0.275725231887223	0.26691531692764	0	0	0	0.2	0.271315373055552	0.12462332741066	0.018165921879017	0.510562978049395	0.492397056170378	0	0	1	0.1	0.131950199642356	0.0606066763280091	0.0087828311804793	0.24776480063336	0.238981969452881	0	0	1	0.2	0.28312944512296	0.129950664077549	0.019473901599795	0.533564575708303	0.514090674108508	0	0	2	0.1	0.140244770796234	0.0644494393617839	0.0104130565375913	0.265223872903652	0.25481081636606	0	0	2	0.2	0.308767641288638	0.141919583587779	0.0240980470476542	0.584570580486457	0.560472533438803	0	0	3	0.1	0.150826052618539	0.0694491973386441	0.0105443301762556	0.286239658408207	0.275695328231951	0	0	3	0.2	0.334690471019578	0.154086529069686	0.0243825749295342	0.63237589502381	0.607993320094275
109	0	0	0	0.1	0.242601108683467	0.0591176791023875	0.12323795287492	0.35540782402504	0.232169871150119	0	0	0	0.2	0.454668641705401	0.110336123112688	0.23467975355119	0.661540615426367	0.426860861875176	0	0	1	0.1	0.226618865437406	0.0562766693398048	0.116920842889273	0.332270291924393	0.215349449035119	0	0	1	0.2	0.488645571925454	0.121163524168118	0.251423501402078	0.713401663510302	0.461978162108224	0	0	2	0.1	0.245237986008457	0.0613732155238449	0.128491243568911	0.360032865185592	0.231541621616681	0	0	2	0.2	0.54121410536119	0.135474429118525	0.283350616221135	0.796825493224647	0.513474877003512	0	0	3	0.1	0.266254574317795	0.0669035168097803	0.141008504983987	0.392902261250558	0.251893756266571	0	0	3	0.2	0.591751148096004	0.148972306150405	0.307729988355073	0.877123126702114	0.569393138347041
37	0	0	0	0.1	0.231789346912924	0.0687826087020608	0.0995120994988725	0.372636878466713	0.273124778967841	0	0	0	0.2	0.42936618682077	0.126534698123621	0.182433511942396	0.679136971385199	0.496703459442803	0	0	1	0.1	0.21081748842445	0.0622170234759766	0.0916851955190255	0.337643704355844	0.245958508836818	0	0	1	0.2	0.449208924701736	0.132213321047397	0.19425296442643	0.722228832795677	0.527975868369248	0	0	2	0.1	0.223260291826451	0.065763886917833	0.0965978779466863	0.362126482075775	0.265528604129089	0	0	2	0.2	0.489097944167277	0.144051028843942	0.213262638238797	0.795616657336581	0.582354019097784	0	0	3	0.1	0.23954642731908	0.0706166349607834	0.105238924191814	0.388411789264784	0.283172865072971	0	0	3	0.2	0.529478378611092	0.156246653316078	0.231526819711894	0.863532509591677	0.632005689879783
29	0	0	0	0.1	0.135643484889218	0.0774095200086121	-0.0137104359731044	0.278286690898712	0.291997126871817	0	0	0	0.2	0.255613914701853	0.145403435962451	-0.025232414699471	0.524918928953817	0.550151343653288	0	0	1	0.1	0.123601778653155	0.0702599198494303	-0.0123035254098893	0.254234109267216	0.266537634677105	0	0	1	0.2	0.265757200951344	0.150811591676965	-0.0271092020258364	0.546846873153228	0.573956075179064	0	0	2	0.1	0.130706246588234	0.0741403538636223	-0.0134302872582628	0.269468224327936	0.282898511586198	0	0	2	0.2	0.288243622011502	0.16351823615414	-0.0298588061473296	0.591989384791567	0.621848190938897	0	0	3	0.1	0.139942976776677	0.0793989792620002	-0.0126250232923793	0.286917700160868	0.299542723453248	0	0	3	0.2	0.311152298982766	0.176679208910484	-0.0322329273397198	0.643262745576861	0.675495672916581
100	0	0	0	0.1	0.132198589687943	0.0571439786636944	0.0214607777051263	0.240489662652815	0.219028884947689	0	0	0	0.2	0.245713994963107	0.105843965955454	0.0397011416044486	0.444189416893592	0.404488275289143	0	0	1	0.1	0.122194854682441	0.0526120573017442	0.0201392886001096	0.225054527388087	0.204915238787977	0	0	1	0.2	0.262467293380389	0.112951209816308	0.04250393286694	0.482486013064295	0.439982080197355	0	0	2	0.1	0.132018771530382	0.0568236669058926	0.021737327772849	0.243570455045371	0.221833127272522	0	0	2	0.2	0.290400136732079	0.124967497161836	0.0467575884381257	0.535535144145374	0.488777555707249	0	0	3	0.1	0.143252812666964	0.0617033469527702	0.0236952417372528	0.262928059484342	0.239232817747089	0	0	3	0.2	0.317540335429745	0.136676747740986	0.0517015142921481	0.581494233697037	0.529792719404889
94	0	0	0	0.1	0.162886563912369	0.0651649945550274	0.0347704489933143	0.296662838228009	0.261892389234695	0	0	0	0.2	0.311581876688313	0.124131108232574	0.0655072074048349	0.567530723079315	0.50202351567448	0	0	1	0.1	0.161209099326587	0.0644410514109094	0.0341716248065992	0.287052000103531	0.252880375296932	0	0	1	0.2	0.349566504540062	0.139581822859047	0.0745336404653187	0.623271575504928	0.548737935039609	0	0	2	0.1	0.177365559247597	0.0710049790825115	0.0396968155359333	0.318130699241649	0.278433883705716	0	0	2	0.2	0.392903658131881	0.157382215144945	0.0879742891044423	0.702489848073525	0.614515558969082	0	0	3	0.1	0.194145963877835	0.0778398394156006	0.0438741020401433	0.34588523318156	0.302011131141416	0	0	3	0.2	0.432911895412341	0.173791391647654	0.0964569907332092	0.767951241411256	0.671494250678046
87	0	0	0	0.1	0.0449119449833932	0.0611942115091005	-0.0728549478307854	0.159367687710581	0.232222635541367	0	0	0	0.2	0.085005612983908	0.115909663297729	-0.141368363807838	0.304613384775255	0.445981748583092	0	0	1	0.1	0.0444894514812222	0.0606804161981451	-0.0733924890357913	0.160807725820279	0.23420021485607	0	0	1	0.2	0.0956993069466951	0.130570899873864	-0.15722559678656	0.345757350495722	0.502982947282282	0	0	2	0.1	0.0489028844558905	0.0667398389834284	-0.0812711009229788	0.175881910918411	0.25715301184139	0	0	2	0.2	0.107720583788537	0.147035318719621	-0.179002573377237	0.387042608960842	0.56604518233808	0	0	3	0.1	0.0535806454667688	0.0730814834931296	-0.088563018666093	0.192518756194935	0.281081774861028	0	0	3	0.2	0.118916236246417	0.162235356280948	-0.197928129586381	0.42685524992672	0.624783379513101
99	0	0	0	0.1	0.162280458936302	0.0622428047740653	0.0403686584499105	0.287080941045927	0.246712282596017	0	0	0	0.2	0.299609728734187	0.114411350986544	0.0730362130935021	0.527544459492469	0.454508246398967	0	0	1	0.1	0.152390104109218	0.058575735324941	0.0345365962277161	0.268466323806954	0.233929727579238	0	0	1	0.2	0.32401283763829	0.124380387935591	0.0738834796605361	0.568164028833198	0.494280549172662	0	0	2	0.1	0.164063081458328	0.0632536624290398	0.0363500379109919	0.288170198450945	0.251820160539953	0	0	2	0.2	0.358442077921142	0.138213881178189	0.0804757622741218	0.629660659504251	0.549184897230129	0	0	3	0.1	0.177690122015941	0.0687081699732493	0.0398405914671559	0.315212680710266	0.27537208924311	0	0	3	0.2	0.391699035959381	0.151507034715401	0.0882142549103578	0.697256711974541	0.609042457064183
98	0	0	0	0.1	0.241760101892721	0.0660795415252373	0.118757481771719	0.382560316728441	0.263802834956722	0	0	0	0.2	0.438427390655382	0.118581712528224	0.219231051599018	0.683134291039213	0.463903239440195	0	0	1	0.1	0.206405231422828	0.0558556213762228	0.102993101764179	0.317177902884159	0.21418480111998	0	0	1	0.2	0.436579956677056	0.117663438998533	0.218004316981477	0.665993280735805	0.447988963754328	0	0	2	0.1	0.213489299438242	0.057681285849299	0.10613029191659	0.328425131143376	0.222294839226786	0	0	2	0.2	0.465486992750214	0.125663050085881	0.231366183284418	0.717696505162397	0.486330321877979	0	0	3	0.1	0.226511686914956	0.0612163458232778	0.113040013309696	0.348817307723763	0.235777294414067	0	0	3	0.2	0.498662352729366	0.134999280261668	0.248562114413393	0.765415370171262	0.516853255757869
66	0	0	0	0.1	0.174196158439443	0.067601913804177	0.0466021131754011	0.311605871728874	0.265003758553473	0	0	0	0.2	0.332702037845843	0.128169259517557	0.0908530598165304	0.592502586323002	0.501649526506471	0	0	1	0.1	0.168127212454221	0.0647694698641064	0.0431614592511057	0.29999499304596	0.256833533794854	0	0	1	0.2	0.3646984091434	0.140283927412154	0.0947041839011603	0.653245658416738	0.558541474515577	0	0	2	0.1	0.183194037998048	0.0706010272976863	0.0482705221177101	0.325527668401365	0.277257146283655	0	0	2	0.2	0.406233978927496	0.156476857527788	0.106827804493101	0.719863157395955	0.613035352902855	0	0	3	0.1	0.19950826454811	0.0768370682557388	0.052331162763691	0.353379205915982	0.301048043152291	0	0	3	0.2	0.445360926263166	0.171752303864581	0.11824404967212	0.791536751777793	0.673292702105672
14	0	0	0	0.1	0.204744284255194	0.0600343786381065	0.0828768371611379	0.322549776097377	0.239672938936239	0	0	0	0.2	0.374959731699243	0.109591631653181	0.153315402142574	0.594262283840169	0.440946881697595	0	0	1	0.1	0.187734855962297	0.0553759442170109	0.0758636461104471	0.2965342325893	0.220670586478853	0	0	1	0.2	0.397789433976906	0.117208973262826	0.162107925175545	0.630805189563439	0.468697264387893	0	0	2	0.1	0.200179007431706	0.0592361550087431	0.0827484430864333	0.320977412188417	0.238228969101984	0	0	2	0.2	0.436374354557281	0.129154538591644	0.181892271007935	0.703180542387528	0.521288271379593	0	0	3	0.1	0.21572601114818	0.0639832065641152	0.0905840499795973	0.349486170191655	0.258902120212058	0	0	3	0.2	0.474639269493921	0.141031176856098	0.20063215984506	0.760601061312222	0.559968901467161
30	0	0	0	0.1	0.179106242710261	0.0592401476876487	0.0570423654122069	0.294162959137749	0.237120593725542	0	0	0	0.2	0.327531965357404	0.108088955340653	0.102170705844425	0.538076071649661	0.435905365805236	0	0	1	0.1	0.15548719423205	0.0515483200895869	0.0475431251452021	0.256857040047686	0.209313914902483	0	0	1	0.2	0.331515763699351	0.109868790755573	0.103007291850331	0.552590241146516	0.449582949296185	0	0	2	0.1	0.163418653971787	0.0542541555637431	0.0508308818328148	0.272718464668028	0.221887582835213	0	0	2	0.2	0.358085358441378	0.118985171657412	0.114941431898217	0.600571810851924	0.485630378953707	0	0	3	0.1	0.174985031281407	0.0580945313659363	0.0576427116365833	0.294287596937056	0.236644885300472	0	0	3	0.2	0.386444904278332	0.128548443037697	0.125221547521806	0.653961402451993	0.528739854930187
91	0	0	0	0.1	0.149822890343031	0.0746000982088901	-0.000954240989759611	0.303185744986174	0.304139985975933	0	0	0	0.2	0.283029865964118	0.140628705779846	-0.000963024556755828	0.567954106818823	0.568917131375578	0	0	1	0.1	0.135846160918071	0.067377085070171	-0.000858206358391288	0.270791429201209	0.2716496355596	0	0	1	0.2	0.292773863837164	0.145232424821944	-0.000121187332889998	0.587484636661675	0.587605823994565	0	0	2	0.1	0.143561851513396	0.0711414988741456	-3.5536915489718e-05	0.284985804352382	0.285021341267872	0	0	2	0.2	0.317347631853251	0.157552298355394	-0.00184329243577102	0.636331709151139	0.63817500158691	0	0	3	0.1	0.153739656509311	0.0762415708323588	-5.04364875071744e-05	0.306552926378953	0.30660336286646	0	0	3	0.2	0.34241656142733	0.170131778438595	-0.000125418975910933	0.687920674255328	0.688046093231239
134	0	0	0	0.1	0.130914594922704	0.0597406557590087	0.0112257194270706	0.242760459141783	0.231534739714712	0	0	0	0.2	0.245791016629603	0.111981865973969	0.0220294377238088	0.457805642393049	0.43577620466924	0	0	1	0.1	0.127721291705763	0.0584438261959387	0.010796603783427	0.239324700438045	0.228528096654618	0	0	1	0.2	0.273819985712426	0.125361449341838	0.0237395369565751	0.516499862360082	0.492760325403507	0	0	2	0.1	0.139701764541914	0.064124088271179	0.0115014020653743	0.260589037742124	0.24908763567675	0	0	2	0.2	0.306920323519005	0.140996598196234	0.0263812241873469	0.575161680098175	0.548780455910828	0	0	3	0.1	0.152517531990778	0.070207406676616	0.0122228366928589	0.286180702899653	0.273957866206794	0	0	3	0.2	0.337821501450997	0.155636450780047	0.0283036344774514	0.63640600989019	0.608102375412738
55	0	0	0	0.1	0.247770288039945	0.0718030205865455	0.117324550765888	0.390801771715092	0.273477220949204	0	0	0	0.2	0.462760606576966	0.133691106217945	0.215909356149129	0.721411189929126	0.505501833779998	0	0	1	0.1	0.221337059038182	0.0647039093016518	0.103218292616922	0.344772049784381	0.241553757167459	0	0	1	0.2	0.474392362395626	0.138563403259039	0.22081534391826	0.745346145843331	0.524530801925071	0	0	2	0.1	0.232558640930516	0.0682354335497093	0.108810175827602	0.368969046845427	0.260158871017824	0	0	2	0.2	0.511925107730255	0.150386228480245	0.238599375697757	0.81678370499886	0.578184329301103	0	0	3	0.1	0.248334807901173	0.0731099228696402	0.115418938423494	0.395621624017337	0.280202685593843	0	0	3	0.2	0.551215381532779	0.162564986277196	0.255073265941706	0.883395195579956	0.628321929638251
44	0	0	0	0.1	0.227608366744928	0.0710451080065998	0.079697854444738	0.369632416884846	0.289934562440108	0	0	0	0.2	0.434429725088376	0.135000477682449	0.15122397336362	0.69772458074416	0.54650060738054	0	0	1	0.1	0.21651188189756	0.0676218372706548	0.0757115394102093	0.350298354167672	0.274586814757462	0	0	1	0.2	0.468943862772496	0.146455498884218	0.163061344324814	0.756021002915876	0.592959658591062	0	0	2	0.1	0.233684740765691	0.0731252371288984	0.0797105260242236	0.37886700694694	0.299156480922717	0	0	2	0.2	0.517926079103837	0.162293460070739	0.177132094642523	0.846040028732434	0.668907934089911	0	0	3	0.1	0.253039364313434	0.079293557042736	0.0864858925999622	0.41247255253376	0.325986659933798	0	0	3	0.2	0.564713481135773	0.177356442900475	0.192778608233125	0.923746744477734	0.730968136244609
69	0	0	0	0.1	0.165155769000749	0.0549491535816108	0.0606083245083985	0.271449315979034	0.210840991470636	0	0	0	0.2	0.311239088067465	0.102466209295923	0.114572138031335	0.506313687902092	0.391741549870757	0	0	1	0.1	0.165237009862081	0.054509766939664	0.0609800106413861	0.272322513950497	0.211342503309111	0	0	1	0.2	0.355782724378428	0.117085331205069	0.131089900363358	0.585153969852329	0.454064069488971	0	0	2	0.1	0.183286037935615	0.0604627958218987	0.0683415195126773	0.302743152226011	0.234401632713334	0	0	2	0.2	0.403544324634249	0.13307770151335	0.150155504045174	0.665205732249262	0.515050228204088	0	0	3	0.1	0.201625386425156	0.0665921973162384	0.0756426533461213	0.334279531909634	0.258636878563512	0	0	3	0.2	0.447087487310962	0.147617076623596	0.168122170423611	0.74062780564902	0.572505635225409
92	0	0	0	0.1	0.0733541883023008	0.0640072222111502	-0.057421824222591	0.198934109864692	0.256355934087283	0	0	0	0.2	0.137047418388337	0.119801200024683	-0.11156711046948	0.373370354680863	0.484937465150343	0	0	1	0.1	0.0679075900765446	0.059584025052961	-0.056008336214397	0.18521867181612	0.241227008030517	0	0	1	0.2	0.145504776481307	0.127870715727668	-0.122110294304438	0.396320753890179	0.518431048194617	0	0	2	0.1	0.0726378694603213	0.0639748380474407	-0.0606497341361517	0.19811868323344	0.258768417369591	0	0	2	0.2	0.159807843999853	0.140912051127097	-0.134997647407795	0.439776456522113	0.574774103929909	0	0	3	0.1	0.0784176746554564	0.0691997881115789	-0.065997056450752	0.216663848455805	0.282660904906557	0	0	3	0.2	0.173756340486927	0.153611878211212	-0.146022207499297	0.482810602725874	0.628832810225171
140	0	0	0	0.1	0.0744396528232948	0.0706043049068106	-0.0725143190980228	0.211540527650245	0.284054846748268	0	0	0	0.2	0.139632149946968	0.132907797633384	-0.136404456658214	0.400138017571467	0.536542474229682	0	0	1	0.1	0.068149002014923	0.0650769022745257	-0.0675168918356287	0.196565578308314	0.264082470143943	0	0	1	0.2	0.146599452359336	0.140242864332214	-0.145931679113838	0.42450012988489	0.570431808998728	0	0	2	0.1	0.0727929533689975	0.069668928470887	-0.0736887417620126	0.212210272083891	0.285899013845904	0	0	2	0.2	0.160399508528375	0.153952013125108	-0.162867475261597	0.468975606759547	0.631843082021144	0	0	3	0.1	0.0783729550397284	0.0752300263404737	-0.0813312772053915	0.227312970780163	0.308644247985555	0	0	3	0.2	0.174100551669812	0.167402382915722	-0.18139205903621	0.502439937077755	0.683831996113965
85	0	0	0	0.1	0.169810944149557	0.054478488422673	0.0567008929010339	0.274915471320018	0.218214578418984	0	0	0	0.2	0.313410867277388	0.100089285702608	0.110289202986348	0.50167336956491	0.391384166578562	0	0	1	0.1	0.159284751349554	0.0513631594696467	0.0559374815073038	0.259593087191941	0.203655605684637	0	0	1	0.2	0.340266760998989	0.109620045196423	0.121777586862018	0.557374310103966	0.435596723241947	0	0	2	0.1	0.172766480378971	0.0559600820712009	0.0622468844720254	0.284356262897989	0.222109378425964	0	0	2	0.2	0.378566597710934	0.122709342408402	0.138471254655866	0.620959209115038	0.482487954459171	0	0	3	0.1	0.18806826531905	0.0610999453093009	0.0698687876581817	0.310836782537158	0.240967994878977	0	0	3	0.2	0.415167404105397	0.135113005866289	0.153092651640687	0.686030455952698	0.532937804312011
97	0	0	0	0.1	0.190308620830484	0.0635730327649024	0.0636883785776549	0.322021077751361	0.258332699173706	0	0	0	0.2	0.345888819515826	0.115500427574402	0.117017303239871	0.58257125989653	0.465553956656659	0	0	1	0.1	0.16446903458529	0.0557161444536029	0.0552851336605926	0.280558723444767	0.225273589784174	0	0	1	0.2	0.347851717647119	0.117786699367279	0.11868105588465	0.591976419038858	0.473295363154208	0	0	2	0.1	0.170876535905173	0.0582414066231318	0.0594399034643093	0.29110249088692	0.231662587422611	0	0	2	0.2	0.372434177757848	0.127045125969991	0.129875097565333	0.633648232120424	0.503773134555091	0	0	3	0.1	0.181676102434815	0.0621301486079681	0.0636139518298974	0.310537350716373	0.246923398886475	0	0	3	0.2	0.399871480800571	0.136966160897452	0.13973793769084	0.681969289746665	0.542231352055825
88	0	0	0	0.1	0.272056168786519	0.0678181820295462	0.139048998361383	0.405656919948231	0.266607921586848	0	0	0	0.2	0.509394658099544	0.126800429527047	0.259369412577603	0.764604995306947	0.505235582729344	0	0	1	0.1	0.256480015778032	0.0653413326298111	0.128653783574247	0.387875728946811	0.259221945372564	0	0	1	0.2	0.547997282050359	0.139567694561316	0.274642876549165	0.832547793338839	0.557904916789674	0	0	2	0.1	0.274664645967466	0.070614769918824	0.135993940770789	0.418520390154377	0.282526449383589	0	0	2	0.2	0.602772505350857	0.155328760546614	0.298674339355697	0.919477931671192	0.620803592315494	0	0	3	0.1	0.296236565027278	0.0766577413668812	0.147047819277745	0.451666669364309	0.304618850086564	0	0	3	0.2	0.655799658421238	0.17016086205431	0.323703693191599	1.00498735240282	0.681283659211221
90	0	0	0	0.1	0.290618506215593	0.0678011265110943	0.16253259138178	0.428767811664359	0.26623522028258	0	0	0	0.2	0.532745554621597	0.123330196260322	0.304784058207844	0.77763842467655	0.472854366468706	0	0	1	0.1	0.264663955416243	0.0623097492282436	0.151589479443402	0.392470073113542	0.24088059367014	0	0	1	0.2	0.560428492216427	0.13129439534496	0.320699521002245	0.829047200424455	0.508347679422211	0	0	2	0.1	0.280284113428455	0.0661583666385148	0.162535634592593	0.414124867873723	0.25158923328113	0	0	2	0.2	0.611002846992848	0.144162328779723	0.353086726086293	0.899119270443346	0.546032544357053	0	0	3	0.1	0.300761801968528	0.0712757119520852	0.173740494891341	0.445431023998265	0.271690529106924	0	0	3	0.2	0.661916660354508	0.156992229636215	0.382308863507594	0.970486577274876	0.588177713767283
3	0	0	0	0.1	0.181021337753819	0.0714554311455484	0.0503556880471644	0.323548892174191	0.273193204127027	0	0	0	0.2	0.332871044997969	0.130797066664565	0.0940257670009814	0.600738091106878	0.506712324105897	0	0	1	0.1	0.15779079621063	0.0620077959241282	0.0418703020777015	0.282120616182322	0.24025031410462	0	0	1	0.2	0.335387354464023	0.131484103879801	0.0882712444761918	0.603223124792614	0.514951880316422	0	0	2	0.1	0.164013636160329	0.0643168097796822	0.0412090364267206	0.294334358522503	0.253125322095782	0	0	2	0.2	0.358947836207877	0.140715504913754	0.0882698451762388	0.639119545179042	0.550849700002803	0	0	3	0.1	0.174189056068968	0.0683133880729473	0.0431338574085887	0.308572122956456	0.265438265547867	0	0	3	0.2	0.384933260794448	0.150867174008526	0.0960246102477314	0.681143070632517	0.585118460384786
119	0	0	0	0.1	0.16876498221376	0.0613553193202022	0.0536514970819417	0.290890284757491	0.23723878767555	0	0	0	0.2	0.316615538501963	0.114394417458189	0.100611517003413	0.543575394778297	0.442963877774883	0	0	1	0.1	0.163190351207129	0.0592336201904516	0.0517015675582455	0.283829176249123	0.232127608690877	0	0	1	0.2	0.349471542799161	0.12658178791469	0.109293631513369	0.612205955585162	0.502912324071793	0	0	2	0.1	0.177405648621582	0.0644863819948577	0.0559907195025777	0.312127483368358	0.25613676386578	0	0	2	0.2	0.389587230358629	0.141462406110987	0.121807925889275	0.684209254051769	0.562401328162494	0	0	3	0.1	0.193029824174981	0.0701818962024638	0.061050903905525	0.340013904113607	0.278963000208082	0	0	3	0.2	0.427281087582158	0.15544412540535	0.135201887365407	0.752114557231884	0.616912669866477
79	0	0	0	0.1	0.275301571304374	0.0735360442247624	0.127456915774971	0.421287933994998	0.293831018220027	0	0	0	0.2	0.508166680235348	0.134874349747409	0.237040575484847	0.783503318307391	0.546462742822544	0	0	1	0.1	0.24986781771216	0.0670494102571853	0.113869649645933	0.385986212348895	0.272116562702961	0	0	1	0.2	0.528734713539572	0.141471700162487	0.244830545796154	0.818236761472946	0.573406215676792	0	0	2	0.1	0.262014985404313	0.0704968683211867	0.118652035532547	0.404216321350861	0.285564285818315	0	0	2	0.2	0.57145281673256	0.153803808202599	0.262524562348536	0.888228931900546	0.62570436955201	0	0	3	0.1	0.27934756601261	0.0753893520509717	0.128212303062336	0.43517671605482	0.306964412992483	0	0	3	0.2	0.61560109842355	0.166326053080597	0.281976462954777	0.95884945882903	0.676872995874253
120	0	0	0	0.1	0.149642461688047	0.0636917901480022	0.0322604839641206	0.274442746533139	0.242182262569018	0	0	0	0.2	0.283506754510746	0.120341452703425	0.0600313681391959	0.517013900683908	0.456982532544712	0	0	1	0.1	0.139340465430221	0.0593965695916229	0.0290207384539127	0.255195260077628	0.226174521623716	0	0	1	0.2	0.302230433982329	0.128722917583257	0.0645908165675905	0.551324499955075	0.486733683387485	0	0	2	0.1	0.150598461098216	0.0642397916516576	0.0329554494133604	0.276863292144312	0.243907842730952	0	0	2	0.2	0.333810099265457	0.142439051636387	0.0720007887294004	0.620277536632063	0.548276747902663	0	0	3	0.1	0.163322044857005	0.0697032244409646	0.034596217925522	0.301638920395486	0.267042702469964	0	0	3	0.2	0.364428014214667	0.155723206322445	0.0791358881938274	0.679016326071478	0.599880437877651
6	0	0	0	0.1	0.184181244887739	0.0744502170449491	0.0368134476774219	0.326682581882804	0.289869134205382	0	0	0	0.2	0.334843604689062	0.134702816969497	0.065742461637591	0.595712255971155	0.529969794333564	0	0	1	0.1	0.155503368550379	0.062670195196506	0.029489297739943	0.277701321078401	0.248212023338458	0	0	1	0.2	0.328375060552794	0.132046628553554	0.0624863039693602	0.584153668955197	0.521667364985837	0	0	2	0.1	0.158969315495722	0.0640917330864008	0.0295439323561198	0.284716797873088	0.255172865516968	0	0	2	0.2	0.346539928756392	0.139613511569033	0.0652939296425656	0.621841710037567	0.556547780395001	0	0	3	0.1	0.167459897526035	0.0675392694889029	0.0319685520654986	0.299778530824946	0.267809978759448	0	0	3	0.2	0.368768037969866	0.148853153367785	0.0691808311221061	0.664971768653937	0.595790937531831
127	0	0	0	0.1	0.13185236478039	0.0689395304452768	-0.00255618587152931	0.263532763601714	0.266088949473244	0	0	0	0.2	0.246720668811714	0.128923445364104	-0.00490458516553103	0.491476805096269	0.4963813902618	0	0	1	0.1	0.120940922271991	0.0635686889222254	-0.00251092124807538	0.25016410326458	0.252675024512655	0	0	1	0.2	0.259410362144776	0.136349724798375	-0.00482541706786529	0.53596193321656	0.540787350284425	0	0	2	0.1	0.128891963381065	0.0679001270229437	-0.00285213400652359	0.265318815168009	0.268170949174533	0	0	2	0.2	0.283675820217001	0.149533491976264	-0.00572385618161751	0.579744921815745	0.585468777997362	0	0	3	0.1	0.138699811916756	0.0731931399990375	-0.00401708077402356	0.284903900107508	0.288920980881532	0	0	3	0.2	0.307717272831535	0.162562027484559	-0.00754069001946691	0.631615564077437	0.639156254096904
106	0	0	0	0.1	0.0918053392967397	0.0696533637777719	-0.0545320846361717	0.22630567160375	0.280837756239921	0	0	0	0.2	0.166696734698499	0.126207569521553	-0.100265516292441	0.406589617042121	0.506855133334562	0	0	1	0.1	0.0789123384884699	0.0597948872426289	-0.0449619699980375	0.193227590322047	0.238189560320085	0	0	1	0.2	0.166795340720016	0.126322238370199	-0.0957643353485916	0.407366800754014	0.503131136102606	0	0	2	0.1	0.0817373313766138	0.0619399871320135	-0.0474144856255593	0.200316240297139	0.247730725922699	0	0	2	0.2	0.178162184660216	0.134987131221836	-0.102774129805797	0.439798670393833	0.542572800199629	0	0	3	0.1	0.0868135328596952	0.0658099221979013	-0.0496805787094749	0.213885697503958	0.263566276213433	0	0	3	0.2	0.191027635623536	0.144889220928687	-0.111878835693558	0.4767808900939	0.588659725787459
26	0	0	0	0.1	0.150687846248105	0.0677989285248497	0.0256042740437795	0.280834679631916	0.255230405588136	0	0	0	0.2	0.278860085135605	0.125371476051365	0.0469149929350893	0.525183872854281	0.478268879919192	0	0	1	0.1	0.133073017410095	0.0598533915891123	0.0214606443180637	0.254217837137931	0.232757192819867	0	0	1	0.2	0.283979089581937	0.127846756287069	0.0457022990067025	0.535432314115724	0.489730015109022	0	0	2	0.1	0.139411756955762	0.0627832122882741	0.0215230262813567	0.267516432537446	0.245993406256089	0	0	2	0.2	0.305919529234018	0.137988816202429	0.0477176075923572	0.583782528226983	0.536064920634626	0	0	3	0.1	0.148782942875304	0.0671187229653056	0.0220940354588816	0.280056579268782	0.257962543809901	0	0	3	0.2	0.329254501610956	0.14889371300294	0.0523097603926013	0.622810971361179	0.570501210968578
224	0	0	0	0.1	0.202926376025684	0.0626708438856612	0.0840810611033274	0.326118349993654	0.242037288890327	0	0	0	0.2	0.374409906724929	0.115240035363029	0.153292569302629	0.599942336116805	0.446649766814176	0	0	1	0.1	0.182900843033448	0.0566301606819272	0.0737708708869424	0.297905369726657	0.224134498839714	0	0	1	0.2	0.38990107565186	0.120843464849922	0.156743917018426	0.629378901021584	0.472634984003158	0	0	2	0.1	0.193839565597237	0.0603402946146815	0.0779556218583123	0.311707987168476	0.233752365310164	0	0	2	0.2	0.424594344747104	0.132502303834072	0.168752956618414	0.681665811227904	0.512912854609491	0	0	3	0.1	0.208154016291201	0.0650744901968031	0.0814336098089506	0.335892846398555	0.254459236589604	0	0	3	0.2	0.459886515874594	0.144222281128122	0.182444407198596	0.74411458146709	0.561670174268494
95	0	0	0	0.1	0.120771669920756	0.0626111824727615	-0.00246832242083363	0.23913982148745	0.241608143908284	0	0	0	0.2	0.219861930576833	0.113418565478252	-0.00396460782613081	0.43250747217135	0.43647207999748	0	0	1	0.1	0.10730106095859	0.055271330807095	-0.0017174007683496	0.213799223321689	0.215516624090039	0	0	1	0.2	0.227296169994577	0.116847643855597	-0.0047844254184448	0.449765716034253	0.454550141452697	0	0	2	0.1	0.113382317241521	0.0582708811705444	-0.0028148600974286	0.227238279366837	0.230053139464265	0	0	2	0.2	0.247055510445477	0.12691225996736	-0.00572595929806659	0.493293284252111	0.499019243550178	0	0	3	0.1	0.121591143937453	0.0625521035488351	-0.00208926451974147	0.241829892652574	0.243919157172316	0	0	3	0.2	0.267523071377292	0.137498838382929	-0.00518233816146531	0.533894695033863	0.539077033195328
89	0	0	0	0.1	0.174278979268424	0.0660266340770675	0.0496046472169005	0.307761085235314	0.258156438018413	0	0	0	0.2	0.322708427088938	0.121820350636408	0.0898058548335426	0.566955575492826	0.477149720659283	0	0	1	0.1	0.15610673425643	0.0592611039631562	0.0448315462203889	0.27469014992347	0.229858603703081	0	0	1	0.2	0.333941954528253	0.126571723798231	0.0948825921298692	0.591076475149928	0.496193883020059	0	0	2	0.1	0.165469589608292	0.0628852816571017	0.046605468150591	0.290342774869174	0.243737306718583	0	0	2	0.2	0.363292876813082	0.138045184343143	0.105673528563297	0.638540887690402	0.532867359127105	0	0	3	0.1	0.177656755207068	0.0675767604762082	0.0516466503544403	0.312052907169875	0.260406256815435	0	0	3	0.2	0.39343229304961	0.14980341920565	0.11207747884777	0.689341686819833	0.577264207972063
113	0	0	0	0.1	0.117427371905146	0.0556971806333921	0.0113791193734472	0.225972816389915	0.214593697016468	0	0	0	0.2	0.211929212825551	0.100379842299184	0.0214642620749724	0.406918883950265	0.385454621875292	0	0	1	0.1	0.103136350346552	0.0491057550671584	0.0103603840319277	0.200578813629074	0.190218429597146	0	0	1	0.2	0.218130092939788	0.103869353176641	0.0224504750686819	0.41986461952549	0.397414144456808	0	0	2	0.1	0.108939738456144	0.0520531761778472	0.0109023178922039	0.210137608196141	0.199235290303937	0	0	2	0.2	0.237086468490307	0.113373498911359	0.0239187383721742	0.456464471725448	0.432545733353274	0	0	3	0.1	0.117067984175392	0.0560313219576087	0.0117219946448878	0.227455892159687	0.215733897514799	0	0	3	0.2	0.256939047375235	0.12327529316189	0.0255917325605127	0.500019295277559	0.474427562717046
143	0	0	0	0.1	0.104837302802246	0.0561693779241352	-0.00696844670140269	0.211556411579973	0.218524858281376	0	0	0	0.2	0.196939880996806	0.105745036307082	-0.0131453521409509	0.400037340278777	0.413182692419728	0	0	1	0.1	0.10562004989746	0.0571364214005527	-0.0077651608273082	0.219773856618359	0.227539017445667	0	0	1	0.2	0.225945842179248	0.122494694076153	-0.0156414209099786	0.472015662696514	0.487657083606492	0	0	2	0.1	0.116965063884356	0.0637270529869926	-0.00846253561309911	0.248335702846119	0.256798238459218	0	0	2	0.2	0.256454027329132	0.139792593786342	-0.0194284846809697	0.545929872559617	0.565358357240586	0	0	3	0.1	0.128562983170293	0.0702522847911871	-0.00825543131389415	0.274883149317429	0.283138580631323	0	0	3	0.2	0.284037898205857	0.155400811406652	-0.0184202658644194	0.610888998561764	0.629309264426184
144	0	0	0	0.1	0.243949800570907	0.067387877989699	0.115477797871634	0.376414000589573	0.260936202717939	0	0	0	0.2	0.450484109849694	0.123669194109346	0.21603777241463	0.696611687660823	0.480573915246193	0	0	1	0.1	0.209616850467024	0.0580867623124065	0.0991459952748148	0.32947453908902	0.230328543814205	0	0	1	0.2	0.448061059858582	0.124081401626553	0.211392529657394	0.697308006546099	0.485915476888704	0	0	2	0.1	0.217484306233801	0.0605986986496186	0.101373868396096	0.340545694865833	0.239171826469737	0	0	2	0.2	0.477848729632722	0.133365929501375	0.22470721820738	0.7461278414881	0.521420623280721	0	0	3	0.1	0.230810095744095	0.0645492924411862	0.107771951182936	0.361090023458175	0.253318072275239	0	0	3	0.2	0.511520436833347	0.143488772881531	0.239447621214862	0.802604145409946	0.563156524195084
129	0	0	0	0.1	0.2242732722488	0.0662897942724616	0.0934910599220197	0.356248010719297	0.262756950797278	0	0	0	0.2	0.419847800581682	0.123736787255329	0.175313929220855	0.662865187290818	0.487551258069962	0	0	1	0.1	0.205086024946447	0.0614974142657449	0.0854393987656406	0.327451254088701	0.242011855323061	0	0	1	0.2	0.441258473984117	0.132211990852634	0.184146193338961	0.705253828691117	0.521107635352156	0	0	2	0.1	0.219078197496032	0.0661119355845982	0.0920749854565228	0.351991649565429	0.259916664108906	0	0	2	0.2	0.482978885492915	0.145905839017264	0.202154455161763	0.775343404474688	0.573188949312925	0	0	3	0.1	0.23619854628885	0.0715251733137299	0.0972221926979967	0.376837610562717	0.27961541786472	0	0	3	0.2	0.524731170049418	0.159135500230543	0.215027846414305	0.835869225290211	0.620841378875907
122	0	0	0	0.1	0.137160589055207	0.0717936377184048	-3.6014333468485e-05	0.273462400971331	0.273498415304799	0	0	0	0.2	0.261019007632985	0.13624818542508	-6.84749879517738e-05	0.522158031408372	0.522226506396324	0	0	1	0.1	0.129530731514293	0.0674405295477109	-2.12598300676757e-05	0.256810586048373	0.256831845878441	0	0	1	0.2	0.280170377200996	0.145745365480723	-6.13468450794095e-05	0.553736914464248	0.553798261309328	0	0	2	0.1	0.139563036724143	0.072585447533349	-3.63672168291009e-05	0.274344678668929	0.274381045885759	0	0	2	0.2	0.308959777164824	0.160785453288196	-4.7955766768601e-05	0.607780360527659	0.607828316294428	0	0	3	0.1	0.150972157104168	0.0784874808078525	-5.14488401353789e-05	0.296808596103284	0.29686004494342	0	0	3	0.2	0.336733744244054	0.175202666403216	-6.50596613197293e-05	0.661899483472563	0.661964543133883
126	0	0	0	0.1	0.151582367676546	0.0590068254068075	0.0386774732892448	0.275608106116341	0.236930632827096	0	0	0	0.2	0.283881459909297	0.109576787560984	0.0720008502618421	0.508972726347625	0.436971876085783	0	0	1	0.1	0.144998907474563	0.0557488090185207	0.0368261015452092	0.255203863175791	0.218377761630582	0	0	1	0.2	0.311586101418325	0.119453517477571	0.0784364229453581	0.546686478992562	0.468250056047204	0	0	2	0.1	0.158049261843196	0.0605921414173253	0.0393427828607467	0.276785313552995	0.237442530692248	0	0	2	0.2	0.347788614425794	0.133247429553816	0.0868185971557802	0.609998320034351	0.52317972287857	0	0	3	0.1	0.172356493183509	0.0660690691810848	0.0440939806964887	0.302640831603648	0.258546850907159	0	0	3	0.2	0.382072797905332	0.146433200984021	0.0968759583887	0.669355542218607	0.572479583829907
214	0	0	0	0.1	0.233050560319543	0.072439640856317	0.0890847823476404	0.368690392162685	0.279605609815045	0	0	0	0.2	0.432453671499757	0.134137780435458	0.164700165743244	0.680194336939715	0.515494171196471	0	0	1	0.1	0.201284628342619	0.0631640614825731	0.0763377406730518	0.317693676059059	0.241355935386007	0	0	1	0.2	0.430622902948816	0.135158585100358	0.161342344316611	0.689629917973735	0.528287573657124	0	0	2	0.1	0.208589315923826	0.0658454813844064	0.0784168622915366	0.334613377474823	0.256196515183287	0	0	2	0.2	0.458625176233614	0.144949810386308	0.170393116397603	0.731034647016491	0.560641530618888	0	0	3	0.1	0.221079969934136	0.0700604484263729	0.0824949652148541	0.354449431692262	0.271954466477408	0	0	3	0.2	0.490389116430714	0.155677051746348	0.182266082012247	0.791984497663818	0.609718415651571
130	0	0	0	0.1	0.118363328994321	0.06815886274547	-0.0106492806359013	0.249435878370239	0.26008515900614	0	0	0	0.2	0.221577620776606	0.127730771448849	-0.020967516271976	0.471726704049714	0.49269422032169	0	0	1	0.1	0.111488007750076	0.0645709484625955	-0.0103133793305284	0.233263628013881	0.243577007344409	0	0	1	0.2	0.238562267786777	0.138254599803999	-0.0224630549201906	0.50376020381143	0.52622325873162	0	0	2	0.1	0.119753278041181	0.0695544504581776	-0.0116620896449245	0.25363799087711	0.265300080522034	0	0	2	0.2	0.263014063915416	0.152955406406921	-0.0251810781986361	0.562569880864487	0.587750959063123	0	0	3	0.1	0.129527739419381	0.0753272766398369	-0.0123929137147971	0.275165437260161	0.287558350974959	0	0	3	0.2	0.286842642737327	0.167061569657963	-0.0287890128973468	0.609729548092127	0.638518560989474
118	0	0	0	0.1	0.0667155532904308	0.0741313336051115	-0.0894506860827063	0.207841901968147	0.297292588050854	0	0	0	0.2	0.123847000909664	0.137857164988755	-0.169910573886271	0.386650521104543	0.556561094990813	0	0	1	0.1	0.0580918524754477	0.064929794026772	-0.080986697447609	0.177632092431754	0.258618789879363	0	0	1	0.2	0.124139874873743	0.138869455061596	-0.17340362363869	0.376735487706331	0.550139111345021	0	0	2	0.1	0.0603606253268934	0.0676433742476581	-0.0844300178405012	0.183649344179796	0.268079362020297	0	0	2	0.2	0.13270276803212	0.148814384356942	-0.185305911924038	0.405579125857798	0.590885037781835	0	0	3	0.1	0.0641122417101022	0.0719300761866693	-0.089783861247889	0.196345174478256	0.286129035726145	0	0	3	0.2	0.142196743867378	0.159682165820084	-0.199925842244043	0.437880681271668	0.637806523515711
219	0	0	0	0.1	0.221693026998262	0.0697350507394878	0.0849774471904326	0.356046451070221	0.271069003879789	0	0	0	0.2	0.414163780708579	0.129141530906322	0.156634490215918	0.66644891362503	0.509814423409113	0	0	1	0.1	0.19576032192605	0.0612230296847018	0.0756621472250745	0.318287561736224	0.24262541451115	0	0	1	0.2	0.420293530126312	0.131042285194655	0.159135948901021	0.678531873463257	0.519395924562236	0	0	2	0.1	0.205294202745389	0.06417082641124	0.0777603824273498	0.332216242465771	0.254455860038421	0	0	2	0.2	0.452482370702603	0.141339255175668	0.170477273874091	0.734877845522069	0.564400571647979	0	0	3	0.1	0.218982390458054	0.0685368114974539	0.0832268185900011	0.353744746525777	0.270517927935776	0	0	3	0.2	0.486656651939789	0.152363733335472	0.182627112557204	0.787132093342391	0.604504980785187
139	0	0	0	0.1	0.237845819387374	0.0652997984134865	0.107300093078628	0.373572810977271	0.266272717898643	0	0	0	0.2	0.441098145130606	0.120570493213806	0.19811981803175	0.689526476257833	0.491406658226083	0	0	1	0.1	0.226464541031075	0.0623027781756117	0.103084647164169	0.351886477323468	0.248801830159299	0	0	1	0.2	0.480398456445692	0.132101881752128	0.221757115650345	0.742898766099277	0.521141650448931	0	0	2	0.1	0.243284837557668	0.0672384020627415	0.113515301850524	0.377681109492282	0.264165807641759	0	0	2	0.2	0.530889678347105	0.146975725186748	0.247090199295738	0.825857859870344	0.578767660574607	0	0	3	0.1	0.262984575884409	0.0729503754364514	0.122050085773268	0.407651346712683	0.285601260939415	0	0	3	0.2	0.579327676375371	0.16120429431446	0.267348551777516	0.899229743754897	0.631881191977381
114	0	0	0	0.1	0.0843239043526348	0.0576867303510723	-0.0324983539925663	0.196264309001442	0.228762662994008	0	0	0	0.2	0.155117855654168	0.106119856194238	-0.0606010671833005	0.359551728908538	0.420152796091839	0	0	1	0.1	0.0803464137939539	0.0549744999960687	-0.0314180459512436	0.182293288176709	0.213711334127953	0	0	1	0.2	0.170488321157984	0.116779823162612	-0.0671420651661501	0.388547701484161	0.455689766650311	0	0	2	0.1	0.0872003584917126	0.0598047997856609	-0.0337942063849651	0.198075901088477	0.231870107473442	0	0	2	0.2	0.190182484299291	0.130512622861183	-0.0767894201700662	0.434816219646893	0.51160563981696	0	0	3	0.1	0.0949538991666909	0.0652153000713895	-0.0367227389781806	0.217530890110055	0.254253629088236	0	0	3	0.2	0.208894192397687	0.143587610471863	-0.0822595193675377	0.482815323601739	0.565074842969276
221	0	0	0	0.1	0.166081655292807	0.0647835633298269	0.0420492058123982	0.295534422240822	0.253485216428424	0	0	0	0.2	0.304699377895005	0.11879925000281	0.0778952445108961	0.537574902945787	0.459679658434891	0	0	1	0.1	0.14266034846569	0.0561359177179224	0.0358599637765063	0.254272859342332	0.218412895565826	0	0	1	0.2	0.304090612586071	0.119690950857597	0.0761645419956249	0.549590814060849	0.473426272065224	0	0	2	0.1	0.148443174045074	0.0586396415844435	0.0366676791128576	0.269293367813298	0.23262568870044	0	0	2	0.2	0.325370264686164	0.128704400200365	0.0798475645204916	0.591223088366133	0.511375523845642	0	0	3	0.1	0.157920648260117	0.0625739712617654	0.0384654364087097	0.285601346140752	0.247135909732042	0	0	3	0.2	0.349155001512432	0.138545583885849	0.0883359696935328	0.632963700906883	0.54462773121335
226	0	0	0	0.1	0.15964609162987	0.0687134576604491	0.0146917520590333	0.301380612665322	0.286688860606289	0	0	0	0.2	0.301991309310128	0.130375111338454	0.026785155974214	0.569564590965343	0.542779434991129	0	0	1	0.1	0.151409254763551	0.0659792292831495	0.0136421690496513	0.283026383679017	0.269384214629366	0	0	1	0.2	0.325851354217918	0.142463963227823	0.0283783589099521	0.613353539269642	0.58497518035969	0	0	2	0.1	0.16303606640305	0.0715693459486369	0.0145752539974403	0.3074899243333	0.29291467033586	0	0	2	0.2	0.359655687050319	0.15832124393023	0.0327300882295864	0.680275790995217	0.647545702765631	0	0	3	0.1	0.176344739608259	0.0777361371549327	0.0164659253065365	0.3330417226896	0.316575797383064	0	0	3	0.2	0.392122706434541	0.173299010205083	0.0364703840707547	0.739686237966959	0.703215853896204
199	0	0	0	0.1	0.247695836893747	0.070755107931137	0.111009751639958	0.380948669305912	0.269938917665953	0	0	0	0.2	0.47274182920435	0.135555188688436	0.212565176356171	0.729317390647835	0.516752214291664	0	0	1	0.1	0.241624023971936	0.0707180246274941	0.107687801041553	0.379001984731275	0.271314183689722	0	0	1	0.2	0.522058073516187	0.153068544701944	0.233053788040783	0.818942388115054	0.585888600074271	0	0	2	0.1	0.262907023017036	0.0776531748263267	0.118032007388436	0.414147478494999	0.296115471106563	0	0	2	0.2	0.581429761836927	0.172255945965027	0.258707516642999	0.920102368434766	0.661394851791768	0	0	3	0.1	0.285902465281083	0.0848655713093366	0.128012402391975	0.45558499722429	0.327572594832315	0	0	3	0.2	0.63713180091896	0.189925888794433	0.282491764197714	1.01830149656304	0.735809732365327
133	0	0	0	0.1	0.171380449019926	0.0596818683907887	0.0645613411636539	0.293961234145341	0.229399892981687	0	0	0	0.2	0.31322422661423	0.108374476778638	0.119068270516453	0.528368775646698	0.409300505130245	0	0	1	0.1	0.158596384187122	0.0547788850280395	0.0602533628797199	0.268448342432026	0.208194979552306	0	0	1	0.2	0.335317912793264	0.115533870438454	0.126492359690427	0.563569872156612	0.437077512466185	0	0	2	0.1	0.169718400323045	0.0584967239337069	0.0621975018875237	0.287224107255355	0.225026605367831	0	0	2	0.2	0.369299551809798	0.127258845258349	0.134506913848898	0.626098337337877	0.49159142348898	0	0	3	0.1	0.183216357837381	0.0631736583856847	0.0666676885148569	0.312617897917819	0.245950209402962	0	0	3	0.2	0.402476850922534	0.138849481576328	0.146216923150051	0.680979658827546	0.534762735677495
197	0	0	0	0.1	0.172486107461468	0.0661014324872081	0.0443578377983283	0.304643656048317	0.260285818249988	0	0	0	0.2	0.31430811704798	0.120537141881698	0.0797613680737087	0.558419750957374	0.478658382883665	0	0	1	0.1	0.149135093809251	0.0577374138981443	0.0363768908555112	0.263680194831706	0.227303303976195	0	0	1	0.2	0.315929608958343	0.122551401204887	0.0781257397638506	0.55122131080011	0.47309557103626	0	0	2	0.1	0.15497494441092	0.0604517304271575	0.0375648028080498	0.273091964045132	0.235527161237082	0	0	2	0.2	0.338264260716983	0.132220473029298	0.0797652925953777	0.599477159511784	0.519711866916407	0	0	3	0.1	0.164831191778929	0.0645511336457988	0.0362983456132331	0.292485824291823	0.256187478678589	0	0	3	0.2	0.363041594620811	0.142581753254503	0.0819686316077912	0.649036881503855	0.567068249896064
217	0	0	0	0.1	0.251188287719975	0.0687325381794232	0.123823292881069	0.394574786212238	0.270751493331169	0	0	0	0.2	0.455183038172431	0.124057757742251	0.222716146105679	0.707508953349626	0.484792807243947	0	0	1	0.1	0.217848506593597	0.060228003343019	0.106845747112821	0.338288091055397	0.231442343942576	0	0	1	0.2	0.45825633518125	0.126323197172222	0.221439126390658	0.698871589754471	0.477432463363813	0	0	2	0.1	0.225042031448325	0.0624139231981336	0.107505149416186	0.350987207421043	0.243482058004858	0	0	2	0.2	0.488864031988619	0.135672065305756	0.230876624853573	0.761302660627483	0.53042603577391	0	0	3	0.1	0.238354213698201	0.0663438785058226	0.112656632667647	0.372733954559742	0.260077321892095	0	0	3	0.2	0.523187178055177	0.145870653381381	0.244287426627559	0.818649359520138	0.574361932892579
169	0	0	0	0.1	0.0848545746435141	0.052613571675322	-0.016303353273276	0.191687947595881	0.207991300869157	0	0	0	0.2	0.154480784185874	0.0956930898986288	-0.0295227441267223	0.349038584893661	0.378561329020383	0	0	1	0.1	0.0777819619869638	0.0483329399344126	-0.0145725188182348	0.176115006706451	0.190687525524686	0	0	1	0.2	0.164610789393202	0.102326459884982	-0.0311509334400158	0.374811052702352	0.405961986142368	0	0	2	0.1	0.0833095003202139	0.0518731941970688	-0.0159483613549591	0.188570895422101	0.20451925677706	0	0	2	0.2	0.181302905654042	0.113012422116658	-0.0343910078536588	0.409703353558292	0.444094361411951	0	0	3	0.1	0.0900716982921752	0.0562405747872153	-0.0176369806956356	0.202516464340729	0.220153445036365	0	0	3	0.2	0.197869652661523	0.123652362233615	-0.0390845230418372	0.443919904963129	0.483004428004966
125	0	0	0	0.1	0.184044456290366	0.0648929995614945	0.0575678549712514	0.313153650400955	0.255585795429704	0	0	0	0.2	0.340186775528062	0.119383947110556	0.107894175666114	0.5762089555536	0.468314779887486	0	0	1	0.1	0.172388409934257	0.0605184971154165	0.0545879173450589	0.29317736979504	0.238589452449981	0	0	1	0.2	0.366302775664687	0.128467388480208	0.114834620637081	0.614189424644903	0.499354804007822	0	0	2	0.1	0.184953885627386	0.0649700644975453	0.0589302258617525	0.312195924282745	0.253265698420992	0	0	2	0.2	0.404065902911735	0.142024829222274	0.127652413826162	0.684378436215866	0.556726022389704	0	0	3	0.1	0.199861514758618	0.0703327327356629	0.0638286117167811	0.336246211685964	0.272417599969183	0	0	3	0.2	0.440641732678467	0.155164097522096	0.137693804424923	0.743462886216515	0.605769081791592
80	0	0	0	0.1	0.256653405715472	0.0658341462158041	0.12701186406276	0.3887185407324	0.26170667666964	0	0	0	0.2	0.470283151969175	0.120250899502684	0.232254390714276	0.715000449806542	0.482746059092266	0	0	1	0.1	0.230616698427172	0.0601557428823541	0.114332723092546	0.356755465446056	0.24242274235351	0	0	1	0.2	0.488884806688749	0.127152237124347	0.243783407847176	0.749575752036261	0.505792344189085	0	0	2	0.1	0.243204304170471	0.0637122607605727	0.120446128903875	0.373688674399947	0.253242545496072	0	0	2	0.2	0.53059897168229	0.139069967680354	0.265453698251502	0.818020423855712	0.55256672560421	0	0	3	0.1	0.260332238038623	0.068462404566328	0.128343124537791	0.402573774492978	0.274230649955187	0	0	3	0.2	0.573473655429705	0.151027852576651	0.283709139280467	0.877785782910516	0.594076643630049
278	0	0	0	0.1	0.148477063957077	0.0711690953963001	0.00860004975182201	0.283293214918103	0.274693165166281	0	0	0	0.2	0.276577301771256	0.132407446636472	0.0168958149112506	0.528906375058401	0.51201056014715	0	0	1	0.1	0.134999971060934	0.0650208869309215	0.00825382381372089	0.256053935060848	0.247800111247127	0	0	1	0.2	0.288259770925522	0.138867204239788	0.0175778218604197	0.551046497239341	0.533468675378922	0	0	2	0.1	0.142706056481122	0.0689386618178685	0.00854950243394237	0.270032806100881	0.261483303666938	0	0	2	0.2	0.313154962169767	0.15146240081917	0.0180029407319889	0.592308647540751	0.574305706808762	0	0	3	0.1	0.152884219221561	0.0739670529915586	0.0101141552559552	0.289617908705865	0.27950375344991	0	0	3	0.2	0.338532298929121	0.164071552932252	0.0201160038532856	0.642935759395127	0.622819755541841
227	0	0	0	0.1	0.212928706290486	0.0612348748686973	0.0927454655273333	0.334315702481184	0.24157023695385	0	0	0	0.2	0.388528061301753	0.111252160744658	0.171005486801247	0.610169452834335	0.439163966033088	0	0	1	0.1	0.183985794459652	0.0531582779166872	0.0831250054329402	0.295110562122675	0.211985556689734	0	0	1	0.2	0.390469250870148	0.112648766692447	0.175844143883869	0.618475106043539	0.442630962159671	0	0	2	0.1	0.191572851010259	0.0554626367085716	0.0857770966683698	0.303724410626822	0.217947313958452	0	0	2	0.2	0.418545230963059	0.121401947149822	0.187300715726654	0.661391581314045	0.47409086558739	0	0	3	0.1	0.203842705754292	0.0592287527869822	0.0907092757315125	0.322651416909596	0.231942141178084	0	0	3	0.2	0.449379174807588	0.13079646330607	0.201185853266309	0.710227996473134	0.509042143206826
145	0	0	0	0.1	0.242573150062226	0.0778127047418269	0.0897637720893527	0.410668015994673	0.320904243905321	0	0	0	0.2	0.439423537683288	0.140240162018386	0.163828467122759	0.731547960720229	0.56771949359747	0	0	1	0.1	0.202558331158235	0.0648306969870463	0.0747446852753871	0.336363851128806	0.261619165853419	0	0	1	0.2	0.426411735667647	0.136088349999721	0.158730033059148	0.698054287912525	0.539324254853376	0	0	2	0.1	0.205214510036481	0.0655492195076506	0.0754443359375514	0.332799587399385	0.257355251461834	0	0	2	0.2	0.446544621616254	0.142586018638462	0.16615745926939	0.726961063984656	0.560803604715265	0	0	3	0.1	0.215076737927581	0.0687566575053961	0.0786150704861794	0.348773196081189	0.27015812559501	0	0	3	0.2	0.472976644985404	0.151299325821865	0.175261187395106	0.767183294511653	0.591922107116547
112	0	0	0	0.1	0.169324754672864	0.0729410349475219	0.01928311275269	0.3119637261176	0.29268061336491	0	0	0	0.2	0.323430422388928	0.138919892877091	0.0368995305788099	0.595170561784946	0.558271031206136	0	0	1	0.1	0.161589041536187	0.0698658792113391	0.0184366005033003	0.300188770851375	0.281752170348075	0	0	1	0.2	0.349593096363289	0.151086871448175	0.0402191308274971	0.650265983531702	0.610046852704204	0	0	2	0.1	0.174390114349396	0.0756619584252426	0.0194543374892558	0.328961138419563	0.309506800930307	0	0	2	0.2	0.386221107045902	0.167621643745683	0.0445836217663406	0.725580896807598	0.680997275041257	0	0	3	0.1	0.188725020471395	0.0821486953057976	0.0223101976911232	0.356598005472695	0.334287807781572	0	0	3	0.2	0.421045618105998	0.183289557258557	0.0481419389594333	0.796551510246033	0.7484095712866
174	0	0	0	0.1	0.262154264402804	0.069103660239414	0.127671360109326	0.403898263534115	0.276226903424789	0	0	0	0.2	0.48426319934533	0.126528983127807	0.238321344620943	0.737238530993429	0.498917186372486	0	0	1	0.1	0.247388773731888	0.0646540075247086	0.122809346424401	0.382696441858085	0.259887095433684	0	0	1	0.2	0.52380836325248	0.136432027380695	0.258057054395479	0.811174714088592	0.553117659693113	0	0	2	0.1	0.264770743902762	0.068990021031965	0.131049591663086	0.409955495351267	0.278905903688181	0	0	2	0.2	0.577031484680537	0.150409815934204	0.282178230311691	0.89136228298244	0.609184052670749	0	0	3	0.1	0.285507252931451	0.0744325374768609	0.141590285996948	0.440279205017117	0.298688919020169	0	0	3	0.2	0.628359116190314	0.164023711752601	0.307390144941647	0.963769986698622	0.656379841756974
225	0	0	0	0.1	0.123210775511615	0.0719788782407948	-0.023809230257779	0.267792920263691	0.29160215052147	0	0	0	0.2	0.222237795183313	0.129611211689236	-0.042568717894926	0.486332502928697	0.528901220823623	0	0	1	0.1	0.10460093205881	0.0609547399607038	-0.0198114181141664	0.227810424900859	0.247621843015026	0	0	1	0.2	0.219593671826526	0.127970164170744	-0.0420661862524996	0.477798886079316	0.519865072331815	0	0	2	0.1	0.106961596012859	0.0623036642953963	-0.020066651897602	0.232008512750057	0.252075164647659	0	0	2	0.2	0.232157108510858	0.135351561575008	-0.0444130907981093	0.503212892905981	0.54762598370409	0	0	3	0.1	0.112757899300059	0.0657415867389954	-0.0222966991996051	0.244805147396668	0.267101846596273	0	0	3	0.2	0.247313494974112	0.144189026436083	-0.0462083711890868	0.534060767950018	0.580269139139105
110	0	0	0	0.1	0.191194326961365	0.0733684369879112	0.0530832794732161	0.33717201419814	0.284088734724924	0	0	0	0.2	0.371210048392174	0.141852323126958	0.104598696142787	0.650262894613542	0.545664198470756	0	0	1	0.1	0.179950474696272	0.0688687666845292	0.0488820640639089	0.313222437523814	0.264340373459905	0	0	1	0.2	0.394860844686301	0.151126928505804	0.108623943007665	0.686110699781613	0.577486756773948	0	0	2	0.1	0.194233105778408	0.0743308827028349	0.0507506586496262	0.334890620916246	0.28413996226662	0	0	2	0.2	0.434789818183884	0.166723116485969	0.114566587207738	0.757344765741832	0.642778178534094	0	0	3	0.1	0.210172181481391	0.0805753628689163	0.055973543800404	0.36443643449996	0.308462890699556	0	0	3	0.2	0.473432955366246	0.181858936088651	0.121609797886857	0.823150346418209	0.701540548531352
160	0	0	0	0.1	0.251168126662112	0.0725411194937317	0.113764067409919	0.393190096114938	0.279426028705019	0	0	0	0.2	0.45597955175276	0.131066852046138	0.211634369278315	0.707879623939384	0.496245254661069	0	0	1	0.1	0.217443786803634	0.0633790114690276	0.0969479886890398	0.339350728350145	0.242402739661105	0	0	1	0.2	0.45798334611025	0.133046010998604	0.207032518520005	0.71577982785628	0.508747309336275	0	0	2	0.1	0.224477189728806	0.0656751895782152	0.100177871579034	0.350346156547476	0.250168284968442	0	0	2	0.2	0.488163732208046	0.14267742479168	0.220085461734299	0.762973287604806	0.542887825870507	0	0	3	0.1	0.237699651488241	0.0697343798660814	0.106631192400241	0.372703249180284	0.266072056780043	0	0	3	0.2	0.522362857262205	0.153346070964331	0.23730479457681	0.816392822307033	0.579088027730222
272	0	0	0	0.1	0.219697864742772	0.0601817962482896	0.108331295896874	0.336097555909886	0.227766260013011	0	0	0	0.2	0.414587866714107	0.113275242633411	0.202017956739636	0.634083214433855	0.432065257694219	0	0	1	0.1	0.213010427382692	0.059376800667508	0.10088516071305	0.332673191093431	0.231788030380381	0	0	1	0.2	0.459219537338025	0.128112188572925	0.214949728141211	0.714423968405591	0.49947424026438	0	0	2	0.1	0.233023895968171	0.0655840960195975	0.108296810314812	0.364040543024276	0.255743732709464	0	0	2	0.2	0.514098370583739	0.145091695932201	0.239089620164989	0.810613506991152	0.571523886826163	0	0	3	0.1	0.254355603954767	0.0720452352968937	0.118111379475473	0.400680478284708	0.282569098809235	0	0	3	0.2	0.565291083102905	0.160713224829957	0.264123682262663	0.894904476719437	0.630780794456774
132	0	0	0	0.1	0.220558844203546	0.0654653826770415	0.0990142777945697	0.353428279460445	0.254414001665876	0	0	0	0.2	0.404674505399663	0.120096052428524	0.181371446944933	0.652738958282478	0.471367511337546	0	0	1	0.1	0.194895954273312	0.0584589430735979	0.0854893644211257	0.314836603372324	0.229347238951198	0	0	1	0.2	0.414431397772986	0.124353957668385	0.182224461832896	0.6765293761704	0.494304914337504	0	0	2	0.1	0.204741884059786	0.0617385043582513	0.0894275534007329	0.330880907594079	0.241453354193346	0	0	2	0.2	0.447947687677367	0.135304670193852	0.195136601446912	0.723073209880941	0.527936608434029	0	0	3	0.1	0.218877715661007	0.0663137017598497	0.0946082963901403	0.3560175565833	0.26140926019316	0	0	3	0.2	0.483256624578995	0.146582683407608	0.210111639417468	0.790585094764882	0.580473455347414
138	0	0	0	0.1	0.156090202835435	0.0598476273810394	0.0441274466822637	0.274587929230007	0.230460482547743	0	0	0	0.2	0.29460572189442	0.112552434873057	0.0809558519532964	0.513759420130795	0.432803568177498	0	0	1	0.1	0.15065511037889	0.0580721020672287	0.0412317702070055	0.266376095122349	0.225144324915343	0	0	1	0.2	0.325033733015782	0.125182419781246	0.0893146232405755	0.574691705274685	0.48537708203411	0	0	2	0.1	0.164693053923737	0.0637656961937818	0.046003398152412	0.291606051120601	0.245602652968189	0	0	2	0.2	0.363420419151627	0.140830355790847	0.101743715544712	0.647003269480653	0.54525955393594	0	0	3	0.1	0.179596530089304	0.0697276688799334	0.050443461440239	0.320430612172353	0.269987150732114	0	0	3	0.2	0.399238156536477	0.155326946899679	0.115080646607418	0.713045944215906	0.597965297608488
175	0	0	0	0.1	0.135958385035991	0.0574430411165265	0.0191965283037616	0.245765132376827	0.226568604073065	0	0	0	0.2	0.255327041355755	0.107715890897326	0.0372437627517541	0.463917988188269	0.426674225436515	0	0	1	0.1	0.134597763131421	0.0569196835901597	0.0198525443846519	0.244225764705721	0.224373220321069	0	0	1	0.2	0.288800998231003	0.122240130964609	0.0424225984734178	0.52819858723535	0.485775988761932	0	0	2	0.1	0.148407632126081	0.0629552129372153	0.0214917156615085	0.270336052859563	0.248844337198055	0	0	2	0.2	0.326064825871903	0.138551824547848	0.0449441818962188	0.59260330124128	0.547659119345062	0	0	3	0.1	0.162753001013269	0.0691732725704243	0.022417614647853	0.297107789866355	0.274690175218502	0	0	3	0.2	0.360324606238607	0.153569184527851	0.04856842458783	0.661213059971766	0.612644635383936
196	0	0	0	0.1	0.183909210030125	0.0674157056304309	0.0530828538674785	0.316161207199917	0.263078353332438	0	0	0	0.2	0.345062813858549	0.12596254962549	0.100186890206177	0.58661240778649	0.486425517580313	0	0	1	0.1	0.172694654396511	0.0631148719572251	0.0500921618704706	0.297209784743468	0.247117622872997	0	0	1	0.2	0.370409710219226	0.135220987758778	0.107874041034987	0.635499708048764	0.527625667013777	0	0	2	0.1	0.185540234275926	0.067829331396094	0.0536490282362446	0.318568062252782	0.264919034016538	0	0	2	0.2	0.408214551498237	0.149278423511909	0.118290733231445	0.70073385936986	0.582443126138415	0	0	3	0.1	0.200551199835259	0.0733673504096042	0.0594671846821086	0.343128248233755	0.283661063551646	0	0	3	0.2	0.444727750570445	0.162781822266168	0.129223156983294	0.763483166899985	0.634260009916691
218	0	0	0	0.1	0.18106349540883	0.0601234112287867	0.0592615403476479	0.299765942486974	0.240504402139326	0	0	0	0.2	0.331724549022352	0.10991565685456	0.107918708399651	0.541709739711438	0.433791031311787	0	0	1	0.1	0.157198084788902	0.0528394945757222	0.0533029539044367	0.258867377830036	0.205564423925599	0	0	1	0.2	0.3351549538629	0.112622754898499	0.114479078127323	0.546952096031796	0.432473017904473	0	0	2	0.1	0.164895829427054	0.0557658195131211	0.0559505437072931	0.271517420437329	0.215566876730036	0	0	2	0.2	0.361288524399772	0.122348836667116	0.123353807156209	0.592811430330184	0.469457623173975	0	0	3	0.1	0.176314846328454	0.0598432602133254	0.0604858282614082	0.288511824744975	0.228025996483567	0	0	3	0.2	0.389537150648804	0.13260251614992	0.132129483758234	0.643696754658674	0.51156727090044
171	0	0	0	0.1	0.0772596679299252	0.0637607002773962	-0.0425287842162774	0.201639696620226	0.244168480836503	0	0	0	0.2	0.14476962383506	0.119288435049012	-0.0820074998729255	0.372507616435605	0.454515116308531	0	0	1	0.1	0.0700636328759386	0.0578489618392044	-0.0399484568010647	0.181358268424992	0.221306725226056	0	0	1	0.2	0.151020442633904	0.124642404829487	-0.0867502042401392	0.392782861120203	0.479533065360342	0	0	2	0.1	0.0748106946253211	0.0618718414860147	-0.0436912374083909	0.198074451327864	0.241765688736255	0	0	2	0.2	0.165134133269129	0.136595086412148	-0.0964777133227749	0.435646302394202	0.532124015716976	0	0	3	0.1	0.0806817135108047	0.066816034120762	-0.0468659367669882	0.213409199042713	0.260275135809701	0	0	3	0.2	0.179469251002138	0.14864301166574	-0.104491717871124	0.474984250760722	0.579475968631846
153	0	0	0	0.1	0.281034049484869	0.0776028266057421	0.128687480910245	0.427908675314523	0.299221194404278	0	0	0	0.2	0.521448422696377	0.143089869356297	0.239202126975406	0.797079897203857	0.557877770228451	0	0	1	0.1	0.247551291013653	0.0684510186214094	0.112479557955209	0.381265494759156	0.268785936803946	0	0	1	0.2	0.527398467091953	0.145583859420823	0.23828832496049	0.809393747898278	0.571105422937788	0	0	2	0.1	0.257083061314013	0.071192290416279	0.115469925480967	0.397729922515285	0.282259997034318	0	0	2	0.2	0.56383453781066	0.156355126757502	0.250805609220548	0.868403763289111	0.617598154068563	0	0	3	0.1	0.272743199429111	0.0757182919201373	0.121631490434577	0.42394546024492	0.302313969810343	0	0	3	0.2	0.603773619337646	0.167950543899476	0.265426023569481	0.943814180521666	0.678388156952185
116	0	0	0	0.1	0.28146736870865	0.0628859252520252	0.160867204519417	0.405666028727689	0.244798824208272	0	0	0	0.2	0.507634068176655	0.112390295283974	0.288760815891281	0.72624897941201	0.437488163520729	0	0	1	0.1	0.249205382708363	0.0565790352991373	0.140583507600087	0.360844908742787	0.2202614011427	0	0	1	0.2	0.523956450654622	0.118198205665858	0.294808230349157	0.754515509144488	0.459707278795331	0	0	2	0.1	0.261589196785424	0.0598555412951729	0.148339135921936	0.379121539840007	0.230782403918071	0	0	2	0.2	0.567426277494699	0.129520589499896	0.321673427562219	0.821783267063121	0.500109839500902	0	0	3	0.1	0.279471895559054	0.0643479214533344	0.158000098629975	0.405695114114449	0.247695015484474	0	0	3	0.2	0.612420241032955	0.141000654024861	0.347269414431621	0.89061652723199	0.543347112800369
170	0	0	0	0.1	0.140638770659836	0.0575452380455233	0.0300769265081952	0.256076136745507	0.225999210237311	0	0	0	0.2	0.254826750698887	0.103674968662988	0.0537894420809835	0.459251147072228	0.405461704991245	0	0	1	0.1	0.124083078603876	0.0506968418176011	0.0254205360811342	0.227501817334834	0.2020812812537	0	0	1	0.2	0.263138269080672	0.10718939663692	0.0539184746571053	0.480740935478712	0.426822460821607	0	0	2	0.1	0.131556231522781	0.0537182630324316	0.0274510181209727	0.238628790839547	0.211177772718575	0	0	2	0.2	0.286770975481374	0.116930626869397	0.060219080686333	0.521649603102781	0.461430522416448	0	0	3	0.1	0.141467897838322	0.057738125576562	0.0297608745114684	0.256702468819552	0.226941594308084	0	0	3	0.2	0.311144662986932	0.126950089406234	0.0652051944097066	0.56853145426461	0.503326259854904
162	0	0	0	0.1	0.181281440680558	0.0701174355731004	0.0444997102371562	0.322761088600845	0.278261378363689	0	0	0	0.2	0.329660357776648	0.127052651708412	0.0809400061280564	0.581579623945731	0.500639617817674	0	0	1	0.1	0.157983251364476	0.0612562578498138	0.0400833850181743	0.279892034175483	0.239808649157309	0	0	1	0.2	0.332855031490327	0.128862245844895	0.0853204206160299	0.590632775955269	0.505312355339239	0	0	2	0.1	0.163586135927998	0.0635863753001437	0.0419859346864365	0.29061961887661	0.248633684190173	0	0	2	0.2	0.35576256616648	0.138290409090538	0.0913211801975011	0.625837837772738	0.534516657575237	0	0	3	0.1	0.173389632331533	0.0675381735055288	0.0437019353326865	0.303278229470863	0.259576294138177	0	0	3	0.2	0.380970746178924	0.148441455117344	0.0975357934880862	0.667683876873284	0.570148083385198
121	0	0	0	0.1	0.107998636292104	0.0634505954940985	-0.0119746538301539	0.244668770270494	0.256643424100648	0	0	0	0.2	0.206051643462662	0.120824227314698	-0.0225284399408378	0.468316933619745	0.490845373560583	0	0	1	0.1	0.110029765782625	0.064628542308073	-0.0115118775508201	0.246871507838455	0.258383385389275	0	0	1	0.2	0.237355906762829	0.139453498788233	-0.0267910572669321	0.536461656948058	0.563252714214991	0	0	2	0.1	0.122109068548864	0.0718352046162956	-0.0136829234313879	0.275891320609938	0.289574244041326	0	0	2	0.2	0.26936168488786	0.15859055315158	-0.0311990642089914	0.607001736546326	0.638200800755317	0	0	3	0.1	0.134265551045491	0.0791118243737174	-0.014534305789791	0.303923827543121	0.318458133332912	0	0	3	0.2	0.298432506343457	0.176021918136099	-0.0331571500463862	0.673022961329071	0.706180111375458
237	0	0	0	0.1	0.135751086029008	0.0647903960797945	0.00355460036983293	0.25902204672239	0.255467446352557	0	0	0	0.2	0.250934660911742	0.119155050121754	0.00713554032431051	0.476206898112421	0.469071357788111	0	0	1	0.1	0.122380663103077	0.0581449807900661	0.00318653872343992	0.234768851292327	0.231582312568887	0	0	1	0.2	0.261472775159096	0.123984477952466	0.0066588949257506	0.501671100252237	0.495012205326486	0	0	2	0.1	0.130037170880657	0.0617512904730853	0.0041302751172448	0.249254045042074	0.245123769924829	0	0	2	0.2	0.285452936955738	0.135384311139359	0.00748077037813675	0.548880795951742	0.541400025573605	0	0	3	0.1	0.13999604269837	0.0664381857872567	0.00406362979503512	0.266416897637602	0.262353267842567	0	0	3	0.2	0.309750114336921	0.147060336401929	0.00959756530482914	0.596934797788924	0.587337232484094
150	0	0	0	0.1	0.244682788260807	0.072326785268337	0.10938182085876	0.391740112165496	0.282358291306736	0	0	0	0.2	0.459608575525734	0.135846928182077	0.209576887393815	0.733323529154581	0.523746641760766	0	0	1	0.1	0.224259624349641	0.0668505296253984	0.0978134714997019	0.359547839660338	0.261734368160636	0	0	1	0.2	0.482476572520364	0.143864261681303	0.211142048022572	0.778567536228257	0.567425488205686	0	0	2	0.1	0.238886496004755	0.0713883806685783	0.10315204313329	0.384791387478826	0.281639344345535	0	0	2	0.2	0.5269622922228	0.157843198664466	0.23033980826498	0.843394555228461	0.613054746963481	0	0	3	0.1	0.25696532261832	0.0769064291481901	0.111213562311264	0.412654518984932	0.301440956673669	0	0	3	0.2	0.571239572736289	0.171657876993331	0.248942491279311	0.92061256968295	0.67167007840364
163	0	0	0	0.1	0.103088366628662	0.0659486591049176	-0.0235185926540209	0.237287317744522	0.260805910398543	0	0	0	0.2	0.192911792780857	0.123313879135258	-0.0451109065481378	0.443902800021804	0.489013706569941	0	0	1	0.1	0.0923651912290269	0.059306487989996	-0.0213521835545843	0.214868604775499	0.236220788330083	0	0	1	0.2	0.198881201977429	0.127671929763294	-0.046534439934279	0.46272091057237	0.509255350506648	0	0	2	0.1	0.097998040344828	0.0630184195667675	-0.0233213798835984	0.229031307676653	0.252352687560252	0	0	2	0.2	0.216148360983554	0.139189952110637	-0.0500381637129902	0.503103929769457	0.553142093482447	0	0	3	0.1	0.105276933308986	0.0678524990675173	-0.0247475703378134	0.245399973979895	0.270147544317708	0	0	3	0.2	0.233943587351919	0.1508405167818	-0.0568538848001961	0.547085381749271	0.603939266549468
154	0	0	0	0.1	0.238304479083398	0.0613146636176052	0.118254290222957	0.361303772525699	0.243049482302743	0	0	0	0.2	0.439024479194534	0.112655756836006	0.215213107682995	0.664011079296007	0.448797971613012	0	0	1	0.1	0.212647569958324	0.0552930489823442	0.103979505109012	0.323823669511178	0.219844164402166	0	0	1	0.2	0.453063557861782	0.11791570042166	0.223334044315306	0.691461975943088	0.468127931627783	0	0	2	0.1	0.224317740496209	0.0588084910104918	0.108582461010711	0.34393828091859	0.235355819907878	0	0	2	0.2	0.49125791429461	0.12909606292071	0.237805553598561	0.758322721900735	0.520517168302174	0	0	3	0.1	0.240237216264071	0.0631931768737581	0.116940688464744	0.368467617569408	0.251526929104664	0	0	3	0.2	0.53073921508983	0.140257938403451	0.257407831058022	0.814599745144824	0.557191914086801
216	0	0	0	0.1	0.089786624880157	0.0646779290031601	-0.0348925121509705	0.218046288332045	0.252938800483016	0	0	0	0.2	0.161172500145907	0.116011311699337	-0.0632996018926446	0.398507508424021	0.461807110316666	0	0	1	0.1	0.0772903984919985	0.0556497104807811	-0.0308647286951777	0.191709279168149	0.222574007863327	0	0	1	0.2	0.16180753484856	0.11646756527986	-0.0646960141664065	0.399304692404964	0.464000706571371	0	0	2	0.1	0.079680605098977	0.0574175408226633	-0.0317602722114999	0.195625128576751	0.227385400788251	0	0	2	0.2	0.17249244718429	0.124301617827946	-0.0680749024236614	0.426938751276353	0.495013653700015	0	0	3	0.1	0.084423144107245	0.0608291326538153	-0.0334178103434583	0.208169743546892	0.241587553890351	0	0	3	0.2	0.184819309902751	0.133134621342896	-0.0738156167598767	0.457220506970295	0.531036123730172
164	0	0	0	0.1	0.322956076776245	0.0652408779812591	0.199655348699807	0.44841822437188	0.248762875672073	0	0	0	0.2	0.594281983406425	0.118961867264393	0.368366494315421	0.822274559224775	0.453908064909354	0	0	1	0.1	0.30258119284454	0.0619234615434649	0.18497019445819	0.425012101893982	0.240041907435792	0	0	1	0.2	0.640641895505512	0.130425767280489	0.388887731616273	0.898037927569034	0.509150195952761	0	0	2	0.1	0.323596099565358	0.0665948474698728	0.194973866936727	0.455859941827886	0.260886074891159	0	0	2	0.2	0.705084073580062	0.145051986969489	0.429392648743702	0.994409578599068	0.565016929855366	0	0	3	0.1	0.348933960442042	0.0721758295585339	0.211965138196966	0.491340566750981	0.279375428554015	0	0	3	0.2	0.767659300566107	0.159090728039741	0.466545442828262	1.07514208733372	0.608596644505454
267	0	0	0	0.1	0.0172203490055952	0.0613622737086361	-0.105162566540799	0.136680071708809	0.241842638249609	0	0	0	0.2	0.0319356647722194	0.114682866137633	-0.198759414594651	0.252617699696928	0.45137711429158	0	0	1	0.1	0.0156856228353481	0.0573142334340365	-0.099880094430451	0.125612441823196	0.225492536253647	0	0	1	0.2	0.0335036401819263	0.122903092303917	-0.213813624304979	0.269604016461541	0.48341764076652	0	0	2	0.1	0.0167181371768344	0.0616872322194758	-0.107951939950563	0.135506934763968	0.243458874714531	0	0	2	0.2	0.036616746221653	0.135626867300372	-0.237618689530537	0.298152461291173	0.535771150821709	0	0	3	0.1	0.0180234648553417	0.0667261141852003	-0.116587147247909	0.14651240361988	0.263099550867789	0	0	3	0.2	0.0397847875825425	0.147922744509756	-0.25998010846054	0.323007309280481	0.582987417741021
277	0	0	0	0.1	0.253920296901642	0.0646934173085488	0.129413061330694	0.390513635319998	0.261100573989304	0	0	0	0.2	0.470342922503353	0.11980684791802	0.244137707305574	0.728648472002447	0.484510764696872	0	0	1	0.1	0.247621564234973	0.0649545414708632	0.128101233722468	0.390642747887915	0.262541514165446	0	0	1	0.2	0.525025572709626	0.137567022857668	0.271415407089728	0.826694336981783	0.555278929892055	0	0	2	0.1	0.26927058045252	0.0714642611023304	0.138536426685666	0.423981397918318	0.285444971232652	0	0	2	0.2	0.586873942061604	0.155777181879272	0.300923518764531	0.921902551089999	0.620979032325468	0	0	3	0.1	0.292963173193357	0.0782519998744959	0.15069395775109	0.460112947052239	0.309418989301149	0	0	3	0.2	0.644480880702254	0.172579119563646	0.332343460943252	1.01003197677542	0.677688515832165
209	0	0	0	0.1	0.201157257201495	0.0688208429939051	0.0629624509287352	0.336243055936997	0.273280605008262	0	0	0	0.2	0.373775729607071	0.127094758158394	0.122204155661898	0.625271122884408	0.50306696722251	0	0	1	0.1	0.181535723945401	0.0618525958077979	0.0572231738214331	0.306393510262693	0.24917033644126	0	0	1	0.2	0.388013694278438	0.131909380617056	0.123170190805375	0.653219709924827	0.530049519119452	0	0	2	0.1	0.19196685506244	0.0653364050130243	0.0602446152603446	0.322899861809645	0.2626552465493	0	0	2	0.2	0.421594783451863	0.143539924525245	0.134661414160156	0.708712644104597	0.574051229944441	0	0	3	0.1	0.205909873836107	0.0702067885780277	0.0670036867935768	0.344961036961216	0.277957350167639	0	0	3	0.2	0.455932135415311	0.15545262982442	0.144710089414566	0.769842144735253	0.625132055320687
123	0	0	0	0.1	0.22561519148418	0.0562060484474657	0.115368177130062	0.335924744653948	0.220556567523886	0	0	0	0.2	0.4152002763345	0.103009737983715	0.210622408429736	0.619408518251272	0.408786109821535	0	0	1	0.1	0.211031780428832	0.0532594913189218	0.105466344495094	0.315826056704662	0.210359712209569	0	0	1	0.2	0.448770723196404	0.11327616485223	0.225050974817418	0.671016739069083	0.445965764251666	0	0	2	0.1	0.227336128458004	0.0578516764634669	0.113546733388816	0.342338909027254	0.228792175638438	0	0	2	0.2	0.496525914467218	0.126605070936936	0.249265754651353	0.746189925222028	0.496924170570675	0	0	3	0.1	0.246289865676301	0.0630545085040349	0.12320186962306	0.368532156737767	0.245330287114707	0	0	3	0.2	0.542644280734769	0.139259973228677	0.271269033026729	0.819513273954932	0.548244240928202
172	0	0	0	0.1	0.146248553680118	0.0596883462071688	0.0280296516760943	0.260913534723431	0.232883883047336	0	0	0	0.2	0.273593100385208	0.111449949953799	0.0537061208357931	0.489368425560784	0.435662304724991	0	0	1	0.1	0.136995741687561	0.0560744366241947	0.0260569527158419	0.245590885146504	0.219533932430662	0	0	1	0.2	0.2942980729726	0.120529553910423	0.0563855906789932	0.52874316261322	0.472357571934226	0	0	2	0.1	0.147946392950256	0.0608048757265228	0.027436282877816	0.266313600427763	0.238877317549947	0	0	2	0.2	0.325737481199551	0.134053313133006	0.0606693610720616	0.597123720727294	0.536454359655232	0	0	3	0.1	0.160518218508904	0.0661437179774694	0.030648444109418	0.292955958415066	0.262307514305648	0	0	3	0.2	0.3559765119771	0.146856209578203	0.0670070295595003	0.652277280656752	0.585270251097252
184	0	0	0	0.1	0.231936936790552	0.0666588503029125	0.0977691077795676	0.365577627851543	0.267808520071976	0	0	0	0.2	0.43360470532604	0.124166656011118	0.181102601619753	0.686262177653224	0.505159576033471	0	0	1	0.1	0.211712528442703	0.0614504213251182	0.0899814034710755	0.331416473664343	0.241435070193267	0	0	1	0.2	0.454925115127312	0.131763497684747	0.195478579957178	0.711169088161934	0.515690508204757	0	0	2	0.1	0.225847875027513	0.0657878811912118	0.0962135486169866	0.353450715322048	0.257237166705061	0	0	2	0.2	0.497518538169709	0.144961260357726	0.211752814441019	0.774366336778265	0.562613522337247	0	0	3	0.1	0.243246649386885	0.0710213862810714	0.103468876736066	0.380682812567096	0.27721393583103	0	0	3	0.2	0.539962312051567	0.157942083037982	0.234255393208436	0.843610998346947	0.609355605138512
124	0	0	0	0.1	0.192158417939484	0.0709673263652767	0.0561179409424039	0.337007838930585	0.280889897988181	0	0	0	0.2	0.369306756394805	0.135177728747055	0.109202731314599	0.642640154883903	0.533437423569305	0	0	1	0.1	0.182024257387863	0.0668200269810982	0.0569377466544019	0.32136862374227	0.264430877087868	0	0	1	0.2	0.396393081812818	0.145041413957726	0.122612117763702	0.702326581850823	0.579714464087121	0	0	2	0.1	0.196567468263603	0.0721065472929494	0.0603567129674058	0.346262842176138	0.285906129208732	0	0	2	0.2	0.437439926621176	0.160162032224919	0.133720414796801	0.768362558746282	0.63464214394948	0	0	3	0.1	0.212899097301379	0.0780757476258241	0.0631306246177537	0.373926169269026	0.310795544651272	0	0	3	0.2	0.476891388503997	0.174752734614594	0.143224310587523	0.835011360749211	0.691787050161688
131	0	0	0	0.1	0.10520013853886	0.0722941463850041	-0.0338665445732285	0.246927414025647	0.280793958598875	0	0	0	0.2	0.197692039572217	0.135541712000651	-0.0640157856844362	0.462709764852207	0.526725550536644	0	0	1	0.1	0.0948478656167544	0.0650216918982599	-0.0310887928840395	0.222405572232017	0.253494365116057	0	0	1	0.2	0.204476325808759	0.140173649944895	-0.0674613618910419	0.47866643198512	0.546127793876162	0	0	2	0.1	0.100622356327918	0.0689996900465281	-0.0334604183891604	0.235739001674945	0.269199420064106	0	0	2	0.2	0.222378146018439	0.15265755681165	-0.0759429821494058	0.521430789490342	0.597373771639748	0	0	3	0.1	0.108112797095731	0.0741912433312919	-0.0369747305344352	0.252892179141522	0.289866909675957	0	0	3	0.2	0.240646972878987	0.165295100209733	-0.0832192817805653	0.56942239614759	0.652641677928155
276	0	0	0	0.1	0.278643358133924	0.0618400795141593	0.159237528022883	0.41235028188574	0.253112753862856	0	0	0	0.2	0.51760861090535	0.113655039668158	0.297619580821161	0.764428992176134	0.466809411354973	0	0	1	0.1	0.260589113783738	0.058282590865975	0.150857750635672	0.392357057067661	0.241499306431989	0	0	1	0.2	0.557508275591239	0.124250702857224	0.323058365718351	0.832541588235936	0.509483222517584	0	0	2	0.1	0.280607841103346	0.0631308153911058	0.162629055278112	0.420555588255195	0.257926532977083	0	0	2	0.2	0.615805849158085	0.138619745283141	0.358504172149711	0.917534450086937	0.559030277937226	0	0	3	0.1	0.303743166156334	0.0686364501980107	0.177480282059385	0.453841778170757	0.276361496111372	0	0	3	0.2	0.672029393549284	0.152116354615728	0.392326966451961	0.999825525524056	0.607498559072095
193	0	0	0	0.1	0.173625240138615	0.0625223088074174	0.052889909904345	0.299673716191128	0.246783806286783	0	0	0	0.2	0.317844028659763	0.113778930985341	0.100633152530797	0.550077682540636	0.449444530009839	0	0	1	0.1	0.157980649022086	0.0565524710940842	0.0489979253567436	0.268666889532181	0.219668964175437	0	0	1	0.2	0.334573800815318	0.119572876738171	0.105690172422385	0.571168124289781	0.465477951867396	0	0	2	0.1	0.167769527501775	0.0601059902375918	0.0522011296031106	0.284677195016313	0.232476065413202	0	0	2	0.2	0.365620991526887	0.131061126897687	0.116093478221711	0.619801268528886	0.503707790307174	0	0	3	0.1	0.18039669046389	0.0647740886451872	0.0580812964884049	0.307057445307134	0.248976148818729	0	0	3	0.2	0.396824764131965	0.142654094613385	0.126275625844394	0.673934097342248	0.547658471497854
182	0	0	0	0.1	0.167450309708777	0.0740529846918949	0.0288587803940048	0.317105768186426	0.288246987792422	0	0	0	0.2	0.313795619456833	0.138108308206894	0.053810051231637	0.593740554131208	0.539930502899571	0	0	1	0.1	0.148055577331921	0.065252090499223	0.025695165937031	0.283238964046865	0.257543798109834	0	0	1	0.2	0.31826233776451	0.140060286267558	0.0560776134855511	0.602103021765277	0.546025408279726	0	0	2	0.1	0.155045427109753	0.0683083008566211	0.0278129766280739	0.292970991913579	0.265158015285505	0	0	2	0.2	0.342156274691517	0.150701094862274	0.0602831447528091	0.648258471060204	0.587975326307395	0	0	3	0.1	0.165283099592974	0.0728052322906569	0.029905104901519	0.31219544071433	0.282290335812811	0	0	3	0.2	0.367623082388676	0.162091031885863	0.0653958393912872	0.690997679496388	0.625601840105101
223	0	0	0	0.1	0.0762442723267876	0.0575642837160482	-0.0352888708330935	0.189725210196652	0.225014081029745	0	0	0	0.2	0.138708232129044	0.104738888244146	-0.0641636846952089	0.345441037986604	0.409604722681813	0	0	1	0.1	0.0654892603566432	0.0494350148900638	-0.030096441351045	0.160127057372285	0.19022349872333	0	0	1	0.2	0.139254497300551	0.105161082910616	-0.0634080431492662	0.339284206495686	0.402692249644953	0	0	2	0.1	0.0685168610489503	0.051743756135038	-0.0317800144952038	0.167695768554969	0.199475783050172	0	0	2	0.2	0.149836260044745	0.113210103953245	-0.0689149008929167	0.362143244985585	0.431058145878501	0	0	3	0.1	0.0732276861742931	0.0552843032284206	-0.0336801863726701	0.178893562213192	0.212573748585862	0	0	3	0.2	0.161377589800477	0.121918320511811	-0.0737473358982703	0.393650333070517	0.467397668968787
136	0	0	0	0.1	0.201176901725163	0.0612205638381158	0.0797195810256622	0.320180742134892	0.24046116110923	0	0	0	0.2	0.381797307199357	0.115560992587424	0.152973149377289	0.604597849386642	0.451624700009353	0	0	1	0.1	0.206231442915476	0.0625823055089442	0.0856078292228115	0.329346352802527	0.243738523579716	0	0	1	0.2	0.443029111583359	0.134295681655764	0.182465031847007	0.702339425100905	0.519874393253898	0	0	2	0.1	0.228919702770574	0.0695603022101378	0.0952131964349725	0.358898443382047	0.263685246947074	0	0	2	0.2	0.50339672341164	0.153071083594301	0.20791471421732	0.789268160688514	0.581353446471194	0	0	3	0.1	0.251709377552039	0.0766206771501552	0.104756246168175	0.393168231121315	0.288411984953139	0	0	3	0.2	0.557757005170544	0.170059788934334	0.231693317210413	0.881762447490573	0.650069130280159
204	0	0	0	0.1	0.218434340313423	0.0738101284781451	0.077846226139624	0.369316644691154	0.29147041855153	0	0	0	0.2	0.401716640563767	0.136046388931722	0.146769674772054	0.690359586515518	0.543589911743463	0	0	1	0.1	0.183894115844668	0.062809124293441	0.0669677973217451	0.314758527405552	0.247790730083807	0	0	1	0.2	0.392698899712002	0.13437332916775	0.143071583040743	0.669354007985556	0.526282424944813	0	0	2	0.1	0.189415047604311	0.0649979020704533	0.0686555281474353	0.326306694471975	0.25765116632454	0	0	2	0.2	0.416000882164942	0.143146949701694	0.151109018693946	0.710782078612685	0.559673059918739	0	0	3	0.1	0.200393294195649	0.0689299586414121	0.072913072605607	0.342911454144714	0.269998381539107	0	0	3	0.2	0.443810000638405	0.153171818671671	0.162993061133222	0.759035998015878	0.596042936882656
190	0	0	0	0.1	0.042206222608277	0.0623267115141959	-0.081095123625866	0.168112021178238	0.249207144804104	0	0	0	0.2	0.0780536050559797	0.115328356392454	-0.15004715264652	0.307652796496826	0.457699949143346	0	0	1	0.1	0.0376016475265855	0.0557598979992042	-0.0722634952873344	0.147853951657065	0.2201174469444	0	0	1	0.2	0.080458555855279	0.119384747347793	-0.154379803863784	0.317607330177793	0.471987134041577	0	0	2	0.1	0.0398527973273952	0.0592019029355265	-0.076670778202127	0.15766407945947	0.234334857661597	0	0	2	0.2	0.0874947096842971	0.130094565404038	-0.168559307590606	0.346005239280545	0.514564546871151	0	0	3	0.1	0.0428164232429097	0.0636268548154712	-0.0818760768095339	0.167681981836272	0.249558058645806	0	0	3	0.2	0.0947035335275335	0.140963137094737	-0.182736553699982	0.374158312750004	0.556894866449986
187	0	0	0	0.1	0.293813670499329	0.0726837373083554	0.155253580342573	0.438234221987139	0.282980641644565	0	0	0	0.2	0.534568556743587	0.131452845870387	0.284396473486231	0.799790520170517	0.515394046684285	0	0	1	0.1	0.263603190606244	0.0662455241098599	0.140058859675468	0.393702524066746	0.253643664391278	0	0	1	0.2	0.554166319178153	0.138733735018558	0.295611377732654	0.826164218629201	0.530552840896547	0	0	2	0.1	0.275694986687771	0.0696790719576088	0.14626862742698	0.413675979883857	0.267407352456877	0	0	2	0.2	0.598238081115217	0.151259716139735	0.31837186128123	0.892482916662021	0.574111055380791	0	0	3	0.1	0.293786314037331	0.0746324176790402	0.156793421731271	0.440056809675336	0.283263387944065	0	0	3	0.2	0.644356414101155	0.164008168850579	0.340826019262607	0.961749114694803	0.620923095432197
149	0	0	0	0.1	0.200076269317191	0.0594352440387301	0.0851124042949088	0.318068351048435	0.232955946753526	0	0	0	0.2	0.353769866513441	0.104577805185385	0.148725581180252	0.561094825468111	0.412369244287859	0	0	1	0.1	0.163211496751055	0.0485566272263413	0.0691383899447983	0.259421696769948	0.19028330682515	0	0	1	0.2	0.34184381248079	0.101516779766661	0.142917772362646	0.542175301006574	0.399257528643928	0	0	2	0.1	0.166389273549641	0.0496076950996316	0.0676608933407904	0.264027823658761	0.196366930317971	0	0	2	0.2	0.360266669533461	0.107447964479529	0.146777037816236	0.57176657777696	0.424989539960724	0	0	3	0.1	0.175386171132364	0.0524356708737952	0.071729833151155	0.280136897477777	0.208407064326622	0	0	3	0.2	0.383594979145545	0.114831805416772	0.158225411142481	0.611876361572767	0.453650950430286
141	0	0	0	0.1	0.182298904793408	0.0642255390743441	0.0648610727237763	0.314801860804665	0.249940788080888	0	0	0	0.2	0.328720669524419	0.115193685285319	0.116726537783217	0.563265687438951	0.446539149655733	0	0	1	0.1	0.159033268604327	0.0564787012575489	0.0569386085474367	0.269157710708904	0.212219102161468	0	0	1	0.2	0.335001890363286	0.118634770402981	0.118765942250675	0.564186489624026	0.445420547373351	0	0	2	0.1	0.16624457406167	0.0593092804592132	0.0584552871989706	0.281403409879666	0.222948122680695	0	0	2	0.2	0.361144722266045	0.12871714409832	0.126297253124694	0.609136466626415	0.482839213501721	0	0	3	0.1	0.177468858939922	0.0635075535355326	0.0613764087081717	0.305509582928572	0.244133174220401	0	0	3	0.2	0.389275562010804	0.139291515936855	0.134925020296108	0.666011544999822	0.531086524703714
208	0	0	0	0.1	0.211114396252837	0.0703462754455225	0.075315717106334	0.354383350942345	0.279067633836011	0	0	0	0.2	0.387157022828425	0.128390997175639	0.140391130378271	0.649163794103304	0.508772663725033	0	0	1	0.1	0.186921971887312	0.0624388707300662	0.0705158971556288	0.312418437491764	0.241902540336135	0	0	1	0.2	0.395344606427351	0.131843248784288	0.150554481808371	0.663780884297502	0.513226402489131	0	0	2	0.1	0.19473520498275	0.0652502637898069	0.0738248913498893	0.327224190336506	0.253399298986617	0	0	2	0.2	0.424622190289046	0.142365393636472	0.161729157194513	0.711417428320367	0.549688271125854	0	0	3	0.1	0.207126751616575	0.0696632147844433	0.07857807368724	0.346987210311916	0.268409136624676	0	0	3	0.2	0.456109084134531	0.153548601327474	0.172459660042109	0.762513229894745	0.590053569852636
128	0	0	0	0.1	0.199211133268219	0.0703356083977708	0.0592377177290832	0.340478139019781	0.281240421290697	0	0	0	0.2	0.383690177870117	0.134521039999303	0.11594524314241	0.656401077429496	0.540455834287086	0	0	1	0.1	0.200272105068919	0.0704013383179186	0.0609350343938198	0.345815371072662	0.284880336678842	0	0	1	0.2	0.434279256176497	0.152242437163907	0.134022802346806	0.740528526871037	0.606505724524231	0	0	2	0.1	0.220425208153708	0.0774236310290928	0.0676787169505466	0.374918958180922	0.307240241230375	0	0	2	0.2	0.488616030013781	0.171539883391239	0.151324384418382	0.827787892442099	0.676463508023716	0	0	3	0.1	0.241125146186819	0.0847164888878793	0.0743646862284831	0.406100709352797	0.331736023124314	0	0	3	0.2	0.53830796098159	0.189227397940349	0.168490168049109	0.914057858744299	0.74556769069519
266	0	0	0	0.1	0.0988705188987375	0.0645262366786573	-0.024927679252658	0.225985896071055	0.250913575323713	0	0	0	0.2	0.181993170062393	0.118858688429829	-0.0464937482564279	0.413397218740753	0.459890966997181	0	0	1	0.1	0.0917747913862525	0.0601495993865897	-0.0232983033629807	0.213946928320841	0.237245231683822	0	0	1	0.2	0.194774930879485	0.127838891422714	-0.0503611519285202	0.450609801902502	0.500970953831023	0	0	2	0.1	0.0982815064736187	0.064611531676537	-0.025587757005939	0.228821178029014	0.254408935034953	0	0	2	0.2	0.214415765511407	0.141210272366945	-0.0546848903641399	0.497234362203111	0.551919252567251	0	0	3	0.1	0.106130764130304	0.0699153125190946	-0.0281645967151984	0.249451108493062	0.27761570520826	0	0	3	0.2	0.233553268070356	0.154196686526018	-0.0604561335594832	0.546503196854412	0.606959330413895
195	0	0	0	0.1	0.0870687957970855	0.0609285176872932	-0.0318056946868067	0.205163785418428	0.236969480105235	0	0	0	0.2	0.168710253536035	0.117893424215312	-0.0589572658260608	0.396210858643554	0.455168124469615	0	0	1	0.1	0.0900645840655996	0.0629664934019217	-0.0320407667929826	0.214081864107752	0.246122630900735	0	0	1	0.2	0.196526861264353	0.13752839502192	-0.0704508038679564	0.462760905557315	0.533211709425272	0	0	2	0.1	0.100893620367591	0.0706530093215996	-0.0365344498292675	0.239546768338917	0.276081218168184	0	0	2	0.2	0.224471934359525	0.157344750788425	-0.0812436238842434	0.535505965163554	0.616749589047798	0	0	3	0.1	0.111479656799806	0.0782118663117645	-0.0397693279127703	0.264688641722515	0.304457969635285	0	0	3	0.2	0.24953176208132	0.17512628837375	-0.0922671297199232	0.586277473142421	0.678544602862344
236	0	0	0	0.1	0.146147009514873	0.0652797016045558	0.0172751034459836	0.284592858930611	0.267317755484628	0	0	0	0.2	0.273294034651011	0.121838495097771	0.0326791986766831	0.534269488169969	0.501590289493285	0	0	1	0.1	0.132150550197514	0.05859060612035	0.0165355685557291	0.252763755009843	0.236228186454114	0	0	1	0.2	0.283915670250978	0.125824663822241	0.0352184333045659	0.549862742315913	0.514644309011347	0	0	2	0.1	0.140271000985193	0.0619623881498496	0.0173887955920741	0.26591042641405	0.248521630821976	0	0	2	0.2	0.308964923189676	0.136688178731418	0.0380592183142836	0.586381889133673	0.548322670819389	0	0	3	0.1	0.150670080576959	0.066488840071324	0.018343847391816	0.28354059400462	0.265196746612803	0	0	3	0.2	0.334604537199267	0.147843634945955	0.0411810395767837	0.63181678688831	0.590635747311526
111	0	0	0	0.1	0.119054813032297	0.0711441518114919	-0.0176758358374204	0.253419819537552	0.271095655374972	0	0	0	0.2	0.222152492144432	0.132925597698065	-0.0326841806555935	0.476115771341527	0.508799951997121	0	0	1	0.1	0.109028971345839	0.0652827276349987	-0.0154704789170606	0.234261944323912	0.249732423240973	0	0	1	0.2	0.233254468971036	0.139868877816175	-0.0348567481752531	0.505994049839759	0.540850798015012	0	0	2	0.1	0.115872132266601	0.0694623589126754	-0.0176063674775064	0.252359612929077	0.269965980406584	0	0	2	0.2	0.254499685488789	0.152845170307678	-0.036947763798723	0.553884104066231	0.590831867864954	0	0	3	0.1	0.12446868509083	0.0746934717282028	-0.0187013428795264	0.269966443056784	0.28866778593631	0	0	3	0.2	0.275828878577858	0.165731414835003	-0.0395868649639709	0.598682519885923	0.638269384849894
173	0	0	0	0.1	0.218696180420625	0.0721049135070216	0.0827599978926877	0.357697983214089	0.274937985321401	0	0	0	0.2	0.417287002932682	0.136639875921079	0.154504823728473	0.677202859708074	0.522698035979602	0	0	1	0.1	0.206587882244196	0.0676403686356734	0.0768858207430314	0.335430360764277	0.258544540021246	0	0	1	0.2	0.447066475847988	0.146065023783565	0.165554865164918	0.728911104732484	0.563356239567566	0	0	2	0.1	0.22203985599453	0.0724849536302126	0.0822440996083894	0.36435721407023	0.282113114461841	0	0	2	0.2	0.492005518088066	0.160732330748862	0.181806737318533	0.806344933387215	0.624538196068682	0	0	3	0.1	0.239862452625369	0.0782698010058139	0.0885343924781606	0.39171009126785	0.30317569878969	0	0	3	0.2	0.535506330158521	0.175018283212136	0.19708094161491	0.875778365282528	0.678697423667617
241	0	0	0	0.1	0.239404214952093	0.0610803160229601	0.124949473788943	0.360850908874096	0.235901435085153	0	0	0	0.2	0.44863335380399	0.113941754946806	0.235373034495888	0.681744374644533	0.446371340148645	0	0	1	0.1	0.229335461798237	0.059310857477476	0.120175253042989	0.3521348542178	0.231959601174811	0	0	1	0.2	0.491808930293829	0.127100704765256	0.258821194819094	0.759756054555448	0.500934859736354	0	0	2	0.1	0.248928205417858	0.064896794716936	0.131493862633906	0.385377533248615	0.253883670614709	0	0	2	0.2	0.547239483285357	0.142778807998365	0.290889999126911	0.846157976466912	0.555267977340001	0	0	3	0.1	0.270628018745412	0.070868706012852	0.142437276649462	0.418496155542565	0.276058878893103	0	0	3	0.2	0.59960224361258	0.157549545170281	0.321328466730457	0.924848076951564	0.603519610221108
161	0	0	0	0.1	0.236406261919493	0.0710774559988367	0.0997235119784774	0.372445510698916	0.272721998720438	0	0	0	0.2	0.445063268072853	0.133372420210662	0.187533598983315	0.706280033154834	0.518746434171519	0	0	1	0.1	0.214348098273273	0.0647882447487062	0.0921595580109902	0.341213111584054	0.249053553573064	0	0	1	0.2	0.461063148239769	0.139341745355983	0.197318670991811	0.738136597433101	0.54081792644129	0	0	2	0.1	0.226448437927728	0.0686751579478304	0.0972085699119226	0.367260586805646	0.270052016893723	0	0	2	0.2	0.499774024356133	0.151872873298892	0.213242983907761	0.808111780320506	0.594868796412745	0	0	3	0.1	0.242362348279548	0.0737429723468893	0.103217472746155	0.394862280324877	0.291644807578723	0	0	3	0.2	0.539447100797892	0.164453197448592	0.230537819286943	0.868758747173088	0.638220927886145
115	0	0	0	0.1	0.255462801705719	0.0735498828121621	0.11818955257324	0.394080727682023	0.275891175108783	0	0	0	0.2	0.477680296323739	0.137357928589914	0.220959246948139	0.740748281477678	0.519789034529539	0	0	1	0.1	0.227487854146385	0.0659683872566393	0.0991546684637875	0.353178270029116	0.254023601565329	0	0	1	0.2	0.487938470229424	0.141552192259771	0.215068332042109	0.756849233937259	0.54178090189515	0	0	2	0.1	0.238591241416601	0.0694007052357104	0.107011815081359	0.370344335796449	0.26333252071509	0	0	2	0.2	0.525489715321718	0.153339923056357	0.236033623679321	0.815368637668787	0.579335013989466	0	0	3	0.1	0.254551515854492	0.0742826787367526	0.116859081630954	0.395145518189397	0.278286436558444	0	0	3	0.2	0.565338221878738	0.165567514372823	0.258986879881704	0.882431187710362	0.623444307828658
210	0	0	0	0.1	0.246643348358055	0.0613728051657869	0.132780733081417	0.362872629914743	0.230091896833326	0	0	0	0.2	0.459403507605475	0.113665064786753	0.248537904689674	0.674974464942453	0.426436560252779	0	0	1	0.1	0.23963762291952	0.060050596768381	0.132511689371036	0.354187566930774	0.221675877559738	0	0	1	0.2	0.510999930670987	0.127786417963536	0.28365924997114	0.760370674970395	0.476711424999255	0	0	2	0.1	0.260888016588275	0.0654968673318718	0.143254708995109	0.395352540889168	0.252097831894059	0	0	2	0.2	0.570959396545803	0.143514528221211	0.315697497800391	0.866833410965277	0.551135913164886	0	0	3	0.1	0.284112926913941	0.0715587746785313	0.157076669969188	0.433494786089469	0.276418116120281	0	0	3	0.2	0.626994986170054	0.158272411957025	0.344976654154268	0.959791755912802	0.614815101758534
203	0	0	0	0.1	0.0944699978381247	0.0600916671810217	-0.0264374186618851	0.214413615502807	0.240851034164692	0	0	0	0.2	0.174264319712172	0.110900065798921	-0.0479931675005296	0.394904257797232	0.442897425297762	0	0	1	0.1	0.0836620275627033	0.0534344313595996	-0.0228495791957363	0.191662138606792	0.214511717802529	0	0	1	0.2	0.179177879330938	0.114460973325898	-0.0486250179954087	0.411277999797711	0.45990301779312	0	0	2	0.1	0.0887654163744051	0.0568052509352503	-0.025449649211354	0.204327763012723	0.229777412224077	0	0	2	0.2	0.194999887956032	0.124824150738593	-0.0548340907177904	0.445829422075339	0.500663512793129	0	0	3	0.1	0.0954199427621589	0.061120809462519	-0.0264152830412653	0.2183670084503	0.244782291491565	0	0	3	0.2	0.211208400594938	0.135377353108839	-0.0627651636807603	0.481622942030589	0.544388105711349
202	0	0	0	0.1	0.150012056637451	0.0638774783419646	0.0172599536870533	0.269186439511719	0.251926485824666	0	0	0	0.2	0.277992972966601	0.117957903051551	0.0327565951146916	0.507153872907017	0.474397277792326	0	0	1	0.1	0.136760430031929	0.0579811721734315	0.0159280107333617	0.252878083330391	0.236950072597029	0	0	1	0.2	0.292530798631578	0.123985884041067	0.0332368446259447	0.539516449727937	0.506279605101993	0	0	2	0.1	0.146014170024621	0.0619221708710419	0.0166749615615798	0.265014974070214	0.248340012508634	0	0	2	0.2	0.320517769074003	0.135947439743881	0.0357236411041075	0.581901953765538	0.54617831266143	0	0	3	0.1	0.157415258470872	0.0668520295275674	0.0179325455307121	0.287239700030839	0.269307154500127	0	0	3	0.2	0.348389096890425	0.148072390388052	0.0368092643256715	0.640078546444931	0.603269282119259
206	0	0	0	0.1	0.165045038690319	0.0655787075238906	0.0397220195766006	0.292323112193176	0.252601092616575	0	0	0	0.2	0.303257318782759	0.120006198898728	0.0758353357583566	0.532426380969868	0.456591045211512	0	0	1	0.1	0.142321276575139	0.0567575823150839	0.0354318475234341	0.250601502028974	0.21516965450554	0	0	1	0.2	0.303366374003193	0.120871487521675	0.0755623753123569	0.538424576531075	0.462862201218719	0	0	2	0.1	0.148112255663523	0.0592736712574539	0.0369122210483117	0.263705512909832	0.22679329186152	0	0	2	0.2	0.324783275817998	0.129928624859859	0.082018767330911	0.580350627573619	0.498331860242708	0	0	3	0.1	0.157611408229364	0.0632558317215698	0.0397002916667748	0.282635106037477	0.242934814370703	0	0	3	0.2	0.348519464065233	0.139961955109395	0.0878955941673405	0.62283098615329	0.534935391985949
274	0	0	0	0.1	0.197716908092631	0.0686669379340086	0.0676829254671098	0.334188444260894	0.266505518793784	0	0	0	0.2	0.367975275190223	0.127080534399626	0.128847660729621	0.616953275257298	0.488105614527677	0	0	1	0.1	0.178907057245336	0.0616186076884536	0.0638554778470453	0.302304209045094	0.238448731198049	0	0	1	0.2	0.382488111197125	0.131570939119275	0.136574441587472	0.64651486116898	0.509940419581508	0	0	2	0.1	0.1891902649109	0.0650530326578804	0.068080779047889	0.318700447890759	0.25061966884287	0	0	2	0.2	0.415459731223685	0.142962892048433	0.148839126436074	0.701462129308603	0.552623002872529	0	0	3	0.1	0.202808853053986	0.0698175772982743	0.0743127041651385	0.342562347267842	0.268249643102703	0	0	3	0.2	0.449168416710057	0.154841552614518	0.163208028040679	0.761756365279777	0.598548337239098
332	0	0	0	0.1	0.298461089615421	0.0678680231616946	0.170066389387664	0.437673810435438	0.267607421047774	0	0	0	0.2	0.560310237236722	0.126561308278465	0.317802881473104	0.818995740083281	0.501192858610177	0	0	1	0.1	0.277370708519423	0.0643798771902594	0.155462843236519	0.409644874817192	0.254182031580673	0	0	1	0.2	0.596376381809207	0.138106123325779	0.337035533284465	0.883258161085503	0.546222627801038	0	0	2	0.1	0.297235988500439	0.0696354507859473	0.167465795401862	0.440004336586358	0.272538541184496	0	0	2	0.2	0.655073841274972	0.153660489626893	0.36812998333878	0.975803859992555	0.607673876653776	0	0	3	0.1	0.320805385126187	0.0757000062401328	0.179786740796071	0.477212375517185	0.297425634721114	0	0	3	0.2	0.712622655549156	0.168689227267434	0.397135523599322	1.06533978706646	0.668204263467138
176	0	0	0	0.1	0.345759029156603	0.0660931862037288	0.219224968222416	0.477789294012131	0.258564325789716	0	0	0	0.2	0.621111379725493	0.117422975948267	0.396370755971535	0.846443369975879	0.450072614004344	0	0	1	0.1	0.29266217398131	0.056892036060978	0.187423810403841	0.407592055770645	0.220168245366804	0	0	1	0.2	0.613951140458531	0.118571463096203	0.39270167260768	0.852794290206751	0.460092617599071	0	0	2	0.1	0.299508099454266	0.0586243429277796	0.190990399443504	0.419494142874624	0.22850374343112	0	0	2	0.2	0.649378753655705	0.127068743400473	0.412218945228567	0.910060178225138	0.49784123299657	0	0	3	0.1	0.315614854122855	0.062142930574213	0.19932245582213	0.445430781747519	0.246108325925389	0	0	3	0.2	0.691835306654662	0.136446778606629	0.436520176626601	0.974462813060848	0.537942636434247
159	0	0	0	0.1	0.179563712410427	0.0679325203675812	0.052638768804338	0.317367453489049	0.264728684684711	0	0	0	0.2	0.338622800179335	0.127836781196141	0.0994231358164793	0.593288600674035	0.493865464857556	0	0	1	0.1	0.162457779943809	0.0616609423198563	0.0470825532409685	0.287865953201902	0.240783399960933	0	0	1	0.2	0.351284013471	0.133241062482528	0.101466787597909	0.625769851327271	0.524303063729362	0	0	2	0.1	0.172922091818435	0.0657332964622682	0.0492710828925747	0.306627033858929	0.257355950966354	0	0	2	0.2	0.382830677035595	0.145623895919014	0.11072720235661	0.678208854054215	0.567481651697606	0	0	3	0.1	0.186016643523669	0.0707920991448214	0.0527620885916035	0.329132199284639	0.276370110693035	0	0	3	0.2	0.414750850257276	0.158206782159476	0.120295506294379	0.731725682272529	0.61143017597815
314	0	0	0	0.1	0.268918302193131	0.0733849702877723	0.125717354569215	0.408722767947241	0.283005413378026	0	0	0	0.2	0.514415676747108	0.139430319864248	0.239541489667198	0.777444848301649	0.53790335863445	0	0	1	0.1	0.264063640746011	0.0720727547322762	0.123989690849404	0.406110973718037	0.282121282868633	0	0	1	0.2	0.570032670565292	0.155466735156213	0.268991919484525	0.885526068567907	0.616534149083382	0	0	2	0.1	0.287132603401952	0.078678401558385	0.136255122363692	0.448902855787611	0.312647733423918	0	0	2	0.2	0.63473988979693	0.174184187071339	0.299078211935482	0.984267225634544	0.685189013699062	0	0	3	0.1	0.311999000263202	0.08572635336266	0.14706266492007	0.482627973480763	0.335565308560693	0	0	3	0.2	0.695237446851103	0.191679973020733	0.332825286771515	1.07769274928671	0.744867462515194
271	0	0	0	0.1	0.159379330787572	0.0610262408506417	0.0426433394707564	0.287511157021504	0.244867817550747	0	0	0	0.2	0.297549438998383	0.113072955503004	0.0810849202483001	0.530978950279016	0.449894030030715	0	0	1	0.1	0.150673882211489	0.0570154584221805	0.0415159786051603	0.262575296796287	0.221059318191127	0	0	1	0.2	0.322788669379987	0.12182103956634	0.0899397030654794	0.558967775746405	0.469028072680926	0	0	2	0.1	0.163007934883016	0.0614742039968005	0.0462487487683012	0.285090741795321	0.23884199302702	0	0	2	0.2	0.358030826854599	0.134991622479296	0.104713116199181	0.622793536289257	0.518080420090076	0	0	3	0.1	0.176897932534675	0.0666612690126942	0.0513625779155995	0.305894688413463	0.254532110497864	0	0	3	0.2	0.391559138965299	0.147537215511157	0.114494729656538	0.67701291066515	0.562518181008612
315	0	0	0	0.1	0.0608563084566844	0.0717815527986279	-0.0777701776976821	0.200848891766065	0.278619069463747	0	0	0	0.2	0.111062696525222	0.131272103723541	-0.14250135698663	0.365243360902877	0.507744717889508	0	0	1	0.1	0.0524484941479696	0.0623554031537155	-0.0675800082888728	0.173405660865934	0.240985669154807	0	0	1	0.2	0.110969812179025	0.132037257505225	-0.143113710557736	0.367906297885824	0.511020008443559	0	0	2	0.1	0.0542582928421955	0.064620914213839	-0.0711752957808658	0.180946752658771	0.252122048439636	0	0	2	0.2	0.118387822198951	0.141155445866135	-0.155312221017757	0.395083657691334	0.550395878709092	0	0	3	0.1	0.0575461995280708	0.0686668695810193	-0.0748145220562627	0.192747560206123	0.267562082262386	0	0	3	0.2	0.126748643245041	0.151235893958942	-0.165963716191886	0.423166179640213	0.589129895832099
192	0	0	0	0.1	0.103769035792131	0.0641320691364301	-0.0266575543175252	0.225583578018946	0.252241132336471	0	0	0	0.2	0.193625361096339	0.119756331054843	-0.048845065994287	0.425960179276149	0.474805245270436	0	0	1	0.1	0.0935254419292678	0.058091807866563	-0.0235767641375295	0.205115791714348	0.228692555851878	0	0	1	0.2	0.201106382878533	0.125006406649481	-0.0513019462296837	0.445559368975236	0.49686131520492	0	0	2	0.1	0.0995981315265454	0.0620299289492545	-0.0255595905387778	0.220494448023546	0.246054038562323	0	0	2	0.2	0.219487315702129	0.136791796338314	-0.0561480020783628	0.492394435065581	0.548542437143944	0	0	3	0.1	0.107239027842097	0.0668463923039837	-0.0280468698597497	0.239788031918852	0.267834901778601	0	0	3	0.2	0.238147503997492	0.148652622688167	-0.0599680334183664	0.536511510295713	0.59647954371408
324	0	0	0	0.1	0.203671236470326	0.0615568259004794	0.0773651008557673	0.317692792328489	0.240327691472722	0	0	0	0.2	0.385048245810869	0.116304150245029	0.14657672834278	0.605521908042612	0.458945179699831	0	0	1	0.1	0.201751604630814	0.0623734692690695	0.0757597612383772	0.323742569304067	0.24798280806569	0	0	1	0.2	0.434285345371091	0.134384748790614	0.165265590163464	0.699565103701484	0.534299513538021	0	0	2	0.1	0.221922685072558	0.0693021937128706	0.0832781208098269	0.359650866530654	0.276372745720827	0	0	2	0.2	0.489000394919045	0.152914495010639	0.183602811464723	0.792243121837601	0.608640310372878	0	0	3	0.1	0.243002212761753	0.0763432115766312	0.0903460267569113	0.392994596989331	0.30264857023242	0	0	3	0.2	0.539399193877764	0.169811969426923	0.201748853241178	0.874681465909087	0.672932612667909
146	0	0	0	0.1	0.111712060012515	0.0587966724839846	-0.00435450961000619	0.225319939558231	0.229674449168237	0	0	0	0.2	0.205556808539262	0.108218642262483	-0.00737335148240873	0.421086260541319	0.428459612023727	0	0	1	0.1	0.0968699204595363	0.051281798172872	-0.00401269067679722	0.199599183777136	0.203611874453934	0	0	1	0.2	0.207448983127934	0.109889725920141	-0.00781669355754688	0.425333272434175	0.433149965991722	0	0	2	0.1	0.101988478072859	0.0541416680379004	-0.00416984705415465	0.212334549284729	0.216504396338884	0	0	2	0.2	0.224085573913718	0.119116638759788	-0.00712455554185846	0.468505446304496	0.475630001846355	0	0	3	0.1	0.109211445307521	0.0580592909306979	-0.00405202514849771	0.230076535642456	0.234128560790954	0	0	3	0.2	0.24170769039017	0.128740835580597	-0.00967976886980801	0.509039084465345	0.518718853335153
167	0	0	0	0.1	0.169196664466766	0.0612130324336658	0.0554809296895215	0.294477641824406	0.238996712134884	0	0	0	0.2	0.310771414244011	0.11189520750751	0.101708447378877	0.534830557227033	0.433122109848157	0	0	1	0.1	0.147730504724932	0.0533120213911251	0.0466790010299198	0.254894978041351	0.208215977011431	0	0	1	0.2	0.315505816559862	0.113776044697946	0.0985685073033849	0.540488574147706	0.441920066844321	0	0	2	0.1	0.15549841126311	0.056258903267976	0.0473525623740684	0.267883046986847	0.220530484612779	0	0	2	0.2	0.341117705314836	0.123489710808097	0.10640884506626	0.58204866463097	0.47563981956471	0	0	3	0.1	0.166518896479683	0.0603837323531003	0.0502888289307421	0.282050731317956	0.231761902387214	0	0	3	0.2	0.368321360070246	0.133767224926769	0.112052912966571	0.617855174441685	0.505802261475114
142	0	0	0	0.1	0.211465578779563	0.0715772621240976	0.0802921094263354	0.353957338932187	0.273665229505852	0	0	0	0.2	0.390614764069522	0.132105219224774	0.150319393158985	0.654961404684437	0.504642011525452	0	0	1	0.1	0.186374326023978	0.0633259987006782	0.0709248241575124	0.314844339890733	0.243919515733221	0	0	1	0.2	0.396769646759965	0.134886668269586	0.15326065551459	0.679241494903416	0.525980839388826	0	0	2	0.1	0.194526039223898	0.0662771347215222	0.0748690732393397	0.328853240332346	0.253984167093006	0	0	2	0.2	0.426141424233139	0.145517186700366	0.162194007329881	0.728125650269057	0.565931642939176	0	0	3	0.1	0.207051157452712	0.0707333362200782	0.0771641928238599	0.352246577331028	0.275082384507168	0	0	3	0.2	0.457895431399334	0.156652004674914	0.170636631105939	0.784203702758885	0.613567071652947
222	0	0	0	0.1	0.176100172149353	0.0583068599988074	0.0643368616284597	0.294525995507045	0.230189133878585	0	0	0	0.2	0.334142357626686	0.110226000675319	0.124340337621278	0.558251711454694	0.433911373833417	0	0	1	0.1	0.163809073249623	0.0541521534853168	0.059876086231991	0.27617723547488	0.216301149242889	0	0	1	0.2	0.356394544867692	0.117950810027641	0.132814626425051	0.602642985609241	0.46982835918419	0	0	2	0.1	0.177605122997643	0.0589082668601698	0.0657392486685296	0.299557249588768	0.233818000920239	0	0	2	0.2	0.39441648961303	0.131146839031531	0.146952851550079	0.663319527567658	0.516366676017579	0	0	3	0.1	0.193025888664304	0.0642404321733041	0.0718152114342337	0.322831089645027	0.251015878210793	0	0	3	0.2	0.431275175814311	0.143989471963097	0.157709862941463	0.719263433315831	0.561553570374368
273	0	0	0	0.1	0.188861285112811	0.0599984657238112	0.0763088185840638	0.311636824094509	0.235328005510445	0	0	0	0.2	0.360354187664711	0.113744258086579	0.145265420219479	0.592051406079392	0.446785985859913	0	0	1	0.1	0.180172949234635	0.0571334462327545	0.0723968491683685	0.296868316461598	0.22447146729323	0	0	1	0.2	0.391996941192556	0.12424471385648	0.156722390738295	0.648901751386249	0.492179360647954	0	0	2	0.1	0.196537733830469	0.0624809377563259	0.0777450341356069	0.321570969322911	0.243825935187304	0	0	2	0.2	0.436544326084834	0.138898853925612	0.175813522582967	0.718622966805708	0.542809444222741	0	0	3	0.1	0.214157079906417	0.0682509913819165	0.0862233505306099	0.350994261352004	0.264770910821394	0	0	3	0.2	0.478665035061724	0.152782558152383	0.191442081084767	0.782056792529606	0.590614711444839
211	0	0	0	0.1	0.146967603693062	0.0631908297608664	0.0224445810646064	0.270224937120574	0.247780356055968	0	0	0	0.2	0.27796490186026	0.119070285300341	0.0420991718410067	0.50268535706668	0.460586185225674	0	0	1	0.1	0.140549843919956	0.060380513006531	0.0212689880404785	0.254325786718873	0.233056798678394	0	0	1	0.2	0.303306438466736	0.130190486670754	0.0461746091473778	0.545402830771712	0.499228221624334	0	0	2	0.1	0.152768988339771	0.0656598185657768	0.0227975102205192	0.27736084435649	0.25456333413597	0	0	2	0.2	0.337357240975687	0.145145435149194	0.0503309401462526	0.608027240346175	0.557696300199922	0	0	3	0.1	0.16614411257614	0.0715524350267401	0.0250451424131689	0.300683334072054	0.275638191658885	0	0	3	0.2	0.369663365997001	0.159193691576823	0.0555690180088309	0.666643111459898	0.611074093451068
194	0	0	0	0.1	0.238958785719599	0.0710034847891502	0.104936402268189	0.377243699469672	0.272307297201483	0	0	0	0.2	0.4404503516446	0.129685985127166	0.192093873708932	0.693988006643193	0.501894132934261	0	0	1	0.1	0.215598277798717	0.0639086311215771	0.0930232313451996	0.335748113697006	0.242724882351807	0	0	1	0.2	0.457713555864443	0.134820705464235	0.203536683902828	0.709110004819872	0.505573320917045	0	0	2	0.1	0.227065653515611	0.0670307518477489	0.101246967872286	0.352684639911517	0.251437672039232	0	0	2	0.2	0.496185624026485	0.146100118219086	0.224004366197736	0.768496481929638	0.544492115731902	0	0	3	0.1	0.242921870896112	0.0716141425772478	0.111307648359682	0.377546229354219	0.266238580994538	0	0	3	0.2	0.535855136233199	0.157887129227089	0.242238770344128	0.833411199252711	0.591172428908584
322	0	0	0	0.1	0.158898977487638	0.0559339998452759	0.0520104722872049	0.278711358352209	0.226700886065004	0	0	0	0.2	0.290792700805405	0.101912829570758	0.0958407631472744	0.509488063044082	0.413647299896808	0	0	1	0.1	0.145386445283904	0.0512940853619794	0.0482563155159306	0.253400999640864	0.205144684124934	0	0	1	0.2	0.308903718554022	0.108740758624257	0.102014779391782	0.539777471273542	0.43776269188176	0	0	2	0.1	0.155754165302801	0.0550289554932428	0.0518622814868491	0.269757678449204	0.217895396962355	0	0	2	0.2	0.340001403262279	0.12012276848748	0.113814003889396	0.590396256361519	0.476582252472123	0	0	3	0.1	0.168386889021641	0.0595650007002278	0.0560369250231676	0.291737794040013	0.235700869016846	0	0	3	0.2	0.370806796978346	0.131245428765548	0.122766775659094	0.643956907353533	0.521190131694439
260	0	0	0	0.1	0.185156559733362	0.0663476266773032	0.0652887937798186	0.323366174735565	0.258077380955747	0	0	0	0.2	0.345660537538373	0.122642175827405	0.124191989156868	0.610439758749784	0.486247769592917	0	0	1	0.1	0.178618055689583	0.0630658385235847	0.0646162725558749	0.314756499791102	0.250140227235227	0	0	1	0.2	0.381369484382182	0.134149389059566	0.138519308683924	0.674962969777951	0.536443661094028	0	0	2	0.1	0.19388431150903	0.0681930404759066	0.070617112821279	0.341975339183359	0.27135822636208	0	0	2	0.2	0.424888761840583	0.149279107297137	0.154209720676092	0.754139422196216	0.599929701520124	0	0	3	0.1	0.210858365420551	0.0740434262556329	0.0754845290939008	0.369717047721029	0.294232518627128	0	0	3	0.2	0.465986112115331	0.163704042106449	0.167580788123351	0.823511502909143	0.655930714785791
152	0	0	0	0.1	0.137582716943311	0.0678319832892719	0.0110256311296213	0.268139837151276	0.257114206021655	0	0	0	0.2	0.258141224548385	0.127458136306647	0.021039159737124	0.507038154802489	0.485998995065365	0	0	1	0.1	0.128373289212495	0.0636501163829513	0.0105562342265549	0.254827690577025	0.24427145635047	0	0	1	0.2	0.275145287897177	0.136569886130933	0.0206422782480904	0.54564132393056	0.52499904568247	0	0	2	0.1	0.137406688050324	0.0682484851646444	0.01016452792214	0.272279850129858	0.262115322207718	0	0	2	0.2	0.302130324262074	0.150429725729185	0.0236228623681838	0.598320030514104	0.574697168145921	0	0	3	0.1	0.148109338270784	0.0737418758001021	0.0104016443289459	0.293836586098675	0.28343494176973	0	0	3	0.2	0.328603545443032	0.163915425840212	0.0252906507533389	0.650864384494522	0.625573733741183
213	0	0	0	0.1	0.22983723744198	0.0606570735644734	0.110254138356805	0.346887754738984	0.236633616382179	0	0	0	0.2	0.416639020246681	0.109443222505286	0.200172344306307	0.627266509083272	0.427094164776965	0	0	1	0.1	0.20572437566656	0.0553832425054243	0.0984666840170856	0.311441835204177	0.212975151187091	0	0	1	0.2	0.434214787327973	0.116582879610891	0.21104586829071	0.653868567787144	0.442822699496434	0	0	2	0.1	0.217417234234279	0.0591134027772963	0.103837415392077	0.331239417276575	0.227402001884498	0	0	2	0.2	0.472663382514101	0.128456700146122	0.22406721508058	0.720830926010965	0.496763710930385	0	0	3	0.1	0.233282571834285	0.0638439492207168	0.110368405559838	0.358943683805233	0.248575278245395	0	0	3	0.2	0.512180372880842	0.140311872140316	0.244766156622179	0.789248954828814	0.544482798206635
137	0	0	0	0.1	0.110013891979359	0.0614178465776036	-0.0112597013067153	0.229099170538605	0.24035887184532	0	0	0	0.2	0.210143645410862	0.116620147046076	-0.0219353080461468	0.440805380823797	0.462740688869944	0	0	1	0.1	0.110951406195796	0.0610813277209743	-0.0116569549967356	0.227341061653449	0.238998016650184	0	0	1	0.2	0.240372076712439	0.132212001218269	-0.0238363791689364	0.494357705220014	0.51819408438895	0	0	2	0.1	0.123209669967596	0.0676790939392205	-0.0118469827239536	0.250546149921858	0.262393132645812	0	0	2	0.2	0.272651368748029	0.149776131723052	-0.0284565252107815	0.557403110495358	0.58585963570614	0	0	3	0.1	0.135524946398792	0.0744140184768514	-0.0143518160080465	0.274875898031634	0.28922771403968	0	0	3	0.2	0.301982922046441	0.165924663390048	-0.0310553503995311	0.618740489032874	0.649795839432405
198	0	0	0	0.1	0.186792857600038	0.0648394600730192	0.0629911607000703	0.314698599297974	0.251707438597904	0	0	0	0.2	0.348127553143196	0.120349722813414	0.118614204435967	0.580697396376783	0.462083191940815	0	0	1	0.1	0.173557550821835	0.059992156336352	0.0582291095317123	0.295038142373953	0.23680903284224	0	0	1	0.2	0.37158581233169	0.128296107138681	0.125841480032381	0.629803850390216	0.503962370357835	0	0	2	0.1	0.186267974580132	0.0643872474338788	0.0630629306018646	0.314682383465063	0.251619452863198	0	0	2	0.2	0.409233612322498	0.141548006952421	0.140726546366783	0.694179846123125	0.553453299756343	0	0	3	0.1	0.201341096195604	0.0696497644972038	0.0686818648624419	0.343389271426967	0.274707406564525	0	0	3	0.2	0.44591934599395	0.154573101814905	0.154583322027503	0.762287800564728	0.607704478537226
157	0	0	0	0.1	0.169805675830755	0.0650903914396947	0.0389820485828897	0.294817224090372	0.255835175507483	0	0	0	0.2	0.310518993869216	0.118865697049668	0.0718479449192893	0.545041726109591	0.473193781190302	0	0	1	0.1	0.14884969718928	0.0573314914971209	0.0342942800432487	0.264213478671476	0.229919198628227	0	0	1	0.2	0.316092749196838	0.121791865106487	0.0734706089102903	0.560099135405184	0.486628526494894	0	0	2	0.1	0.156084439730708	0.060370324682686	0.0373465545334234	0.278347434665405	0.241000880131982	0	0	2	0.2	0.340973130076329	0.132135684815154	0.0793573925576966	0.61121689640062	0.531859503842923	0	0	3	0.1	0.166600096863865	0.0647307577157948	0.0401747014783877	0.298967908758553	0.258793207280165	0	0	3	0.2	0.367421854540689	0.142853913696961	0.0868013041936253	0.662989927131066	0.576188622937441
244	0	0	0	0.1	0.25083991894648	0.0631631255391053	0.122640025098546	0.372996528148954	0.250356503050408	0	0	0	0.2	0.4702115175397	0.11723151150721	0.229319437448524	0.689653407128444	0.46033396967992	0	0	1	0.1	0.238997478740693	0.060628549644866	0.119579680604578	0.355854550799572	0.236274870194994	0	0	1	0.2	0.513221715654573	0.129593031592455	0.26066199908705	0.765057400566737	0.504395401479688	0	0	2	0.1	0.259247716202649	0.0660237989368247	0.133213332395079	0.386029780617897	0.252816448222818	0	0	2	0.2	0.570448152383765	0.145109561849829	0.291941073032657	0.857739945294769	0.565798872262111	0	0	3	0.1	0.281767920535568	0.0719604375233726	0.143621966092531	0.423535991733744	0.279914025641213	0	0	3	0.2	0.624731378080559	0.159622036449072	0.316093483528013	0.950779590003435	0.634686106475422
168	0	0	0	0.1	0.211140033042076	0.062440475052088	0.0899609726830715	0.333112242726088	0.243151270043016	0	0	0	0.2	0.398678432285949	0.117142815163988	0.171125190927062	0.62931209591583	0.458186904988768	0	0	1	0.1	0.203362785832304	0.0600142737821793	0.0880895155025734	0.323477101610386	0.235387586107813	0	0	1	0.2	0.437743575421582	0.128936897108441	0.189399989591884	0.691897266932893	0.502497277341009	0	0	2	0.1	0.221005981939523	0.0652406890166823	0.0945190110808236	0.351420963011249	0.256901951930426	0	0	2	0.2	0.487204935263177	0.143763182237586	0.207378276062377	0.775320034062684	0.567941758000307	0	0	3	0.1	0.240387345546265	0.0709127248219632	0.101597705572337	0.383317905674964	0.281720200102627	0	0	3	0.2	0.534059725587736	0.157777239500445	0.227737402595646	0.849336542695558	0.621599140099912
242	0	0	0	0.1	0.0796542332196496	0.0653187725475371	-0.0529065622162598	0.207799118036439	0.260705680252699	0	0	0	0.2	0.147539850048378	0.121097044644288	-0.0977598841908241	0.383816060138777	0.481575944329601	0	0	1	0.1	0.0705768505854155	0.0581964543612378	-0.0467543887410864	0.187169877650221	0.233924266391308	0	0	1	0.2	0.151326006116717	0.124716243142716	-0.101572754852106	0.3972444081701	0.498817163022205	0	0	2	0.1	0.0746686941009119	0.0616486694011295	-0.0505368852408942	0.195212655832693	0.245749541073587	0	0	2	0.2	0.164216713008473	0.135655846431778	-0.110063219624594	0.426555321192621	0.536618540817215	0	0	3	0.1	0.0801160887949006	0.0662049453485772	-0.0540365746145255	0.208363493882601	0.262400068497127	0	0	3	0.2	0.177617275888393	0.146882714728585	-0.120881346914521	0.461026802200725	0.581908149115246
235	0	0	0	0.1	0.121276299327825	0.0671367872328547	-0.0078650693729836	0.260261256911842	0.268126326284826	0	0	0	0.2	0.231334568206708	0.127769375656224	-0.0157069340409141	0.496054157750535	0.511761091791449	0	0	1	0.1	0.11861989086417	0.065536495437737	-0.00760409688245003	0.2526309717185	0.26023506860095	0	0	1	0.2	0.256373342577198	0.14150000679715	-0.0157756981706224	0.545790262105418	0.561565960276041	0	0	2	0.1	0.129587521568176	0.0714974022004081	-0.00750313474621014	0.274580383520082	0.282083518266292	0	0	2	0.2	0.286485801853175	0.158113862089446	-0.0170436397665037	0.607384681318865	0.624428321085369	0	0	3	0.1	0.141201203935425	0.0779498452807395	-0.00823475205408776	0.301001648030816	0.309236400084904	0	0	3	0.2	0.314594585819175	0.173532234465253	-0.0182093931532954	0.667833807358742	0.686043200512037
186	0	0	0	0.1	0.255507013591606	0.0763249755321451	0.108058191046114	0.407034431338664	0.29897624029255	0	0	0	0.2	0.469404496594155	0.139861154247311	0.1987072900268	0.744402254668585	0.545694964641785	0	0	1	0.1	0.23223208322077	0.070152553381662	0.0992542456646497	0.373117786551254	0.273863540886604	0	0	1	0.2	0.490597255754435	0.147781873059283	0.208562764862519	0.787686018104182	0.579123253241662	0	0	2	0.1	0.244208438940305	0.0740137645885888	0.104765531727483	0.390013750689444	0.285248218961961	0	0	2	0.2	0.531859783009362	0.16104182510408	0.227677671629937	0.852338661630533	0.624660990000595	0	0	3	0.1	0.260931820260287	0.0792365658008445	0.110830249577772	0.421049743109645	0.310219493531873	0	0	3	0.2	0.573909941556519	0.174286910964276	0.243018656785751	0.922255003327626	0.679236346541875
191	0	0	0	0.1	0.185997613603263	0.0597099911212832	0.0699444314263797	0.309049936195497	0.239105504769117	0	0	0	0.2	0.347062165291269	0.111273861200855	0.130554769143617	0.565543476726772	0.434988707583155	0	0	1	0.1	0.174800785259873	0.0567655033027907	0.0621728523932644	0.287588077390159	0.225415224996895	0	0	1	0.2	0.374777837403087	0.121720968446455	0.133516430542346	0.619026910892788	0.485510480350442	0	0	2	0.1	0.188778799814062	0.0616731290852728	0.0671744206333717	0.313637866648003	0.246463446014631	0	0	2	0.2	0.414942490306426	0.135707280447662	0.148200245628483	0.692573758332166	0.544373512703684	0	0	3	0.1	0.204776929472842	0.0670934444018264	0.0723059610615256	0.33805193691003	0.265745975848504	0	0	3	0.2	0.453582417859542	0.148999818238088	0.159953569767772	0.746669799496687	0.586716229728915
189	0	0	0	0.1	0.193367012007772	0.0653471239610972	0.072692582288359	0.325468764197307	0.252776181908948	0	0	0	0.2	0.354816234310874	0.119056875743446	0.132989235229156	0.588350146708624	0.455360911479468	0	0	1	0.1	0.169753735593394	0.0572026670160725	0.0645128491624205	0.286381823056987	0.221868973894566	0	0	1	0.2	0.361202193843712	0.121342534998119	0.136267539236308	0.601574090250358	0.46530655101405	0	0	2	0.1	0.178042866096669	0.05992341897362	0.0667845995343507	0.298252229337471	0.231467629803121	0	0	2	0.2	0.389635639223789	0.131097900708478	0.1454608329229	0.648762772571264	0.503301939648364	0	0	3	0.1	0.190178309762441	0.0640335063954774	0.0708019614986021	0.317186590974093	0.246384629475491	0	0	3	0.2	0.420026141606194	0.141429404536568	0.155642039076606	0.698158146317925	0.542516107241319
255	0	0	0	0.1	0.194345591578435	0.0675833130188072	0.0678263260722714	0.327188473284405	0.259362147212134	0	0	0	0.2	0.367873498609588	0.127708542634765	0.129970368426833	0.614110950827646	0.484140582400813	0	0	1	0.1	0.184542013255104	0.0647472120130406	0.0655670583136679	0.31909011953559	0.253523061221922	0	0	1	0.2	0.397866377980007	0.139694396039467	0.141711002922563	0.681561751067086	0.539850748144522	0	0	2	0.1	0.199226426636421	0.0702718467923067	0.070861895631301	0.345647146992165	0.274785251360864	0	0	2	0.2	0.440044606971811	0.155496575798456	0.157978572214826	0.761395950105269	0.603417377890443	0	0	3	0.1	0.215911083514457	0.0764734933598994	0.0770290841191643	0.373318863620211	0.296289779501047	0	0	3	0.2	0.48034173722507	0.170542717914895	0.173514793046156	0.838080122815068	0.664565329768912
158	0	0	0	0.1	0.139134314004682	0.0559661016068752	0.0307198278593846	0.249364654313337	0.218644826453952	0	0	0	0.2	0.259574023689851	0.103733729128507	0.0556998656217167	0.465106592579293	0.409406726957576	0	0	1	0.1	0.132867105513154	0.0531393061779579	0.0292492539906758	0.237606636809085	0.208357382818409	0	0	1	0.2	0.285120110898324	0.113886766567654	0.0610250884603332	0.509694937628596	0.448669849168263	0	0	2	0.1	0.144920544543778	0.0580118135938551	0.0316062996716483	0.261065068963619	0.22945876929197	0	0	2	0.2	0.318567861789061	0.127584156143668	0.0677657087735575	0.572972291229182	0.505206582455624	0	0	3	0.1	0.158148863326032	0.0634019653863495	0.0347516676725984	0.284847065024624	0.250095397352026	0	0	3	0.2	0.350213730476377	0.140564599841904	0.0772357605292964	0.628876949413735	0.551641188884439
166	0	0	0	0.1	0.206861846033904	0.0702415081930742	0.0761201401732533	0.348547867764888	0.272427727591635	0	0	0	0.2	0.388363861131571	0.131733972449643	0.139904939771567	0.65448546210913	0.514580522337563	0	0	1	0.1	0.190925886414675	0.065170031474947	0.0697075905901348	0.321799463932588	0.252091873342454	0	0	1	0.2	0.410315056198006	0.140142674321175	0.14863482104216	0.695924675579421	0.547289854537261	0	0	2	0.1	0.203878660635171	0.0697456303178028	0.0742203685716924	0.346226380520338	0.272006011948646	0	0	2	0.2	0.449351942978405	0.154054964103192	0.161400489979061	0.76490862990493	0.603508139925869	0	0	3	0.1	0.219679809801989	0.0752832244659736	0.0796108266775873	0.375853941210407	0.29624311453282	0	0	3	0.2	0.488002865486657	0.167742730635644	0.175024985635612	0.835794206498015	0.660769220862403
165	0	0	0	0.1	0.101786135363888	0.0684712811628437	-0.0247599171857135	0.240137184157499	0.264897101343212	0	0	0	0.2	0.192483808008678	0.129367541104797	-0.0478838980237991	0.453379809800213	0.501263707824012	0	0	1	0.1	0.0986546459573863	0.0663234551125932	-0.0251104640946941	0.233621468085441	0.258731932180135	0	0	1	0.2	0.21200175107068	0.142590046357126	-0.0547863971291033	0.499308976401023	0.554095373530127	0	0	2	0.1	0.107259707752994	0.0722003187152566	-0.0273353484431761	0.2522381735728	0.279573522015976	0	0	2	0.2	0.236219190258621	0.159098231832654	-0.0630420621043343	0.555550518757667	0.618592580862001	0	0	3	0.1	0.116569102394636	0.0785645201573042	-0.029897511795187	0.274685416257294	0.304582928052481	0	0	3	0.2	0.258787983457796	0.174571459527308	-0.0672288999261088	0.611667752570458	0.678896652496566
151	0	0	0	0.1	0.12795492075698	0.0560186921950075	0.0204480447006722	0.231616924555669	0.211168879854997	0	0	0	0.2	0.245098220759855	0.107113269891886	0.0396462155427819	0.440665413108469	0.401019197565687	0	0	1	0.1	0.124725843495745	0.0546887105874546	0.0202774454888747	0.232633498771009	0.212356053282134	0	0	1	0.2	0.272335954317259	0.119526035290044	0.0447606189909803	0.511468161446602	0.466707542455622	0	0	2	0.1	0.137693290319586	0.0605240996281132	0.022618287781896	0.255305118053533	0.232686830271637	0	0	2	0.2	0.306423294757164	0.134956012752273	0.0495483950169323	0.570819566558193	0.521271171541261	0	0	3	0.1	0.151061286931268	0.0666236723255223	0.024137189377719	0.281444869863461	0.257307680485742	0	0	3	0.2	0.338039450569109	0.14924994605492	0.0530357713100502	0.632313396716881	0.579277625406831
205	0	0	0	0.1	0.184239363453472	0.0618622905562128	0.0662007980432004	0.313260720833536	0.247059922790335	0	0	0	0.2	0.346492440754838	0.11613978266337	0.1236958860015	0.591049345317201	0.467353459315701	0	0	1	0.1	0.172145595642855	0.0580148523091813	0.0602912929870487	0.296914006128604	0.236622713141555	0	0	1	0.2	0.370859847462535	0.124999064589193	0.129351001431252	0.640451119380698	0.511100117949446	0	0	2	0.1	0.1854863577983	0.0626226843519068	0.0639331600742699	0.319989114198489	0.256055954124219	0	0	2	0.2	0.409248688238516	0.138387967292962	0.140771071093647	0.711981583197853	0.571210512104206	0	0	3	0.1	0.200877584158489	0.067972493162033	0.0684243194988521	0.348542760402837	0.280118440903985	0	0	3	0.2	0.446461082865132	0.151388712751676	0.152941993807876	0.781066450492426	0.62812445668455
253	0	0	0	0.1	0.206351606410648	0.0567977234731105	0.0950646520724333	0.317505289061409	0.222440636988976	0	0	0	0.2	0.379303597224089	0.103803630100099	0.180080722515678	0.575716666019309	0.395635943503631	0	0	1	0.1	0.193885852011298	0.0535028333503601	0.0898889879721233	0.302452621844421	0.212563633872298	0	0	1	0.2	0.411645549293556	0.113311139448817	0.191859997820304	0.637556111073537	0.445696113253233	0	0	2	0.1	0.209173648594686	0.0578783106299174	0.0949530507158115	0.327134789551903	0.232181738836091	0	0	2	0.2	0.456393868586495	0.126325479916468	0.208804527325446	0.712974127811416	0.50416960048597	0	0	3	0.1	0.226929495566324	0.0629416970736021	0.103300896240356	0.354584301960301	0.251283405719945	0	0	3	0.2	0.499476369201841	0.138563714994684	0.225861768566149	0.782043256190982	0.556181487624833
337	0	0	0	0.1	0.194944176905629	0.0644145287897912	0.0786128849625703	0.325713605806317	0.247100720843747	0	0	0	0.2	0.362999373749868	0.120036556834541	0.146124272581453	0.60812857849467	0.462004305913217	0	0	1	0.1	0.184588318098862	0.0618617086933719	0.0697857550424205	0.313495437238757	0.243709682196336	0	0	1	0.2	0.394090310636465	0.132226494527113	0.151800404571868	0.669799954193417	0.517999549621549	0	0	2	0.1	0.199004231278255	0.0671037934476954	0.0762498791480805	0.337802867724892	0.261552988576812	0	0	2	0.2	0.4361943603618	0.147404992260522	0.169524736542743	0.740330640951178	0.570805904408435	0	0	3	0.1	0.215563570118844	0.0729980347660684	0.081987682580486	0.365326609468167	0.283338926887681	0	0	3	0.2	0.476490444802073	0.161833650454043	0.183806879994993	0.803800834509998	0.619993954515006
245	0	0	0	0.1	0.0328932964651656	0.0561532306016932	-0.0743931333661578	0.136988639323098	0.211381772689256	0	0	0	0.2	0.0608986068139966	0.104343895318422	-0.140569697997937	0.254865869019102	0.395435567017039	0	0	1	0.1	0.0309731933710477	0.0534489596578173	-0.07363634090212	0.132967210303699	0.206603551205819	0	0	1	0.2	0.0663696254883859	0.114543183930584	-0.160199775170763	0.284481805478697	0.44468158064946	0	0	2	0.1	0.0337846546036964	0.0583901559383599	-0.0840916404326863	0.14450853993381	0.228600180366496	0	0	2	0.2	0.0741135841485603	0.128200501727086	-0.184130910909885	0.318283322757986	0.502414233667871	0	0	3	0.1	0.0368763308380101	0.0637811656357028	-0.090146897448572	0.156839634533866	0.246986531982438	0	0	3	0.2	0.0814630605833123	0.141082668794558	-0.202941421997188	0.345898296096004	0.548839718093192
354	0	0	0	0.1	0.210508380842716	0.0732322603055973	0.0721545105868009	0.350257727539497	0.278103216952696	0	0	0	0.2	0.392246537280362	0.137140865455282	0.133042428686653	0.668619730899569	0.535577302212916	0	0	1	0.1	0.189791093664256	0.0673368234683079	0.0636728807832845	0.330080594247029	0.266407713463744	0	0	1	0.2	0.404855191073108	0.144169239533368	0.135119573325631	0.703545345496659	0.568425772171027	0	0	2	0.1	0.19919479994762	0.0713457356075369	0.0656337137188373	0.352417570309	0.286783856590162	0	0	2	0.2	0.437116342855102	0.157326594021403	0.144395257622994	0.773079595840635	0.628684338217641	0	0	3	0.1	0.212545802270316	0.0765886738041179	0.0700908611486229	0.377210720696037	0.307119859547415	0	0	3	0.2	0.470885512481321	0.170508744178753	0.153662618376941	0.840047988512477	0.686385370135535
258	0	0	0	0.1	0.202005852030926	0.067082710363954	0.0671043851453142	0.326639636598281	0.259535251452967	0	0	0	0.2	0.374810435922368	0.12431845230729	0.126583718118699	0.605257653543638	0.478673935424939	0	0	1	0.1	0.186686142354249	0.0623449278780621	0.0660802299269238	0.304792828426362	0.238712598499438	0	0	1	0.2	0.398508455487741	0.133069205805522	0.141567153997789	0.646644070714529	0.505076916716741	0	0	2	0.1	0.199801443176068	0.0669146627523766	0.072101793383076	0.326909226191708	0.254807432808632	0	0	2	0.2	0.43799714750566	0.14680778756431	0.158623458486474	0.716685024278607	0.558061565792133	0	0	3	0.1	0.215592252378406	0.0723800875268431	0.0780881954455621	0.353432276254729	0.275344080809166	0	0	3	0.2	0.476718099218379	0.160214577688451	0.173764153173027	0.77965173120604	0.605887578033013
177	0	0	0	0.1	0.185802607659171	0.0636327437885744	0.0620020207774007	0.310600117882884	0.248598097105483	0	0	0	0.2	0.343604622113391	0.117422320631185	0.112903238678698	0.576497639674647	0.463594400995949	0	0	1	0.1	0.168711907285455	0.0580730581716267	0.0545078455704845	0.285283875742715	0.23077603017223	0	0	1	0.2	0.360268967092961	0.124064755875851	0.115021760650749	0.606840510686396	0.491818750035647	0	0	2	0.1	0.179788411122014	0.0621833807841597	0.0563399488539795	0.304386139714443	0.248046190860464	0	0	2	0.2	0.394139120954986	0.136472682107989	0.12282230066813	0.664705302573379	0.541883001905249	0	0	3	0.1	0.193560748757231	0.0671473909897608	0.060688897442128	0.326513114253186	0.265824216811058	0	0	3	0.2	0.428111622357217	0.148728680225316	0.133750877055058	0.724633248458373	0.590882371403315
275	0	0	0	0.1	0.130109371317499	0.0645565916859783	0.00802009611979947	0.257536800415388	0.249516704295589	0	0	0	0.2	0.250587007972099	0.124202947493123	0.0162381307143548	0.495017350347141	0.478779219632786	0	0	1	0.1	0.130403541840245	0.0647128962086439	0.00823140250740135	0.257183399039496	0.248951996532095	0	0	1	0.2	0.28328466716027	0.140629873210747	0.0177404394787771	0.561059487700777	0.543319048222	0	0	2	0.1	0.143817284451534	0.0714271469464091	0.00862193359045903	0.281893000233464	0.273271066643005	0	0	2	0.2	0.319201226412181	0.158693152051293	0.0189583852436881	0.635679416673797	0.616721031430109	0	0	3	0.1	0.157596159055587	0.078304856460946	0.0102115687511059	0.309593872666096	0.29938230391499	0	0	3	0.2	0.351900905169005	0.175221484014407	0.0233060942356784	0.704988086804239	0.681681992568561
188	0	0	0	0.1	0.0918378625682283	0.0651801283034903	-0.0414632288951328	0.216166330196267	0.2576295590914	0	0	0	0.2	0.171267566135497	0.121198449997765	-0.0767999140445803	0.399415362800589	0.476215276845169	0	0	1	0.1	0.0854761580883898	0.0603232725077783	-0.0375761167173811	0.198380210164982	0.235956326882363	0	0	1	0.2	0.183190381435946	0.129223457301047	-0.0801116140353448	0.421425648599772	0.501537262635117	0	0	2	0.1	0.0919783409845212	0.0648576209349129	-0.040070919151242	0.21376349415506	0.253834413306302	0	0	2	0.2	0.202149495478666	0.14256023672792	-0.0864397243688444	0.469957327646288	0.556397052015133	0	0	3	0.1	0.0996082708588615	0.0702462817685644	-0.0429194294799039	0.23031452290869	0.273233952388593	0	0	3	0.2	0.220641561178688	0.155685922172606	-0.0952409818688965	0.50926424846493	0.604505230333826
183	0	0	0	0.1	0.14628528092768	0.0655890304924474	0.0149697657195608	0.272641221576261	0.2576714558567	0	0	0	0.2	0.276595199704253	0.123878010418412	0.0289926968430118	0.511962757913637	0.482970061070625	0	0	1	0.1	0.148297528985596	0.0669305369163091	0.0167346338182767	0.283895343553977	0.2671607097357	0	0	1	0.2	0.317746765896623	0.143536952779267	0.0358015238614698	0.598969191844307	0.563167667982838	0	0	2	0.1	0.163864014194979	0.0743365323629225	0.0186484031531933	0.31446653670061	0.295818133547416	0	0	2	0.2	0.359666921694744	0.16337660939203	0.0393796424402621	0.68863343456711	0.649253792126848	0	0	3	0.1	0.179717285749637	0.0817396740515685	0.0203491821579337	0.344523070402291	0.324173888244357	0	0	3	0.2	0.397768009585643	0.181235160478683	0.0430271651443907	0.763915693296163	0.720888528151773
215	0	0	0	0.1	0.0945234308466516	0.0692071621574881	-0.0351005230546998	0.229756926478572	0.264857449533272	0	0	0	0.2	0.179011501152401	0.131421856587595	-0.0668206071948709	0.438369126024134	0.505189733219005	0	0	1	0.1	0.0886717606460372	0.065298712766002	-0.0326027555220553	0.220397431256959	0.253000186779014	0	0	1	0.2	0.19157725992618	0.141474117624548	-0.0711825586053494	0.48060209842223	0.551784657027579	0	0	2	0.1	0.0956328794222635	0.0707375086004945	-0.0352872452001697	0.239644018309556	0.274931263509726	0	0	2	0.2	0.211518445751105	0.156720635646384	-0.0781800636044398	0.531963919717374	0.610143983321814	0	0	3	0.1	0.103574621424593	0.0768680091061077	-0.0394281301840563	0.258297745553473	0.29772587573753	0	0	3	0.2	0.230825081843597	0.171476480294646	-0.0854981717079539	0.579220804383367	0.664718976091321
185	0	0	0	0.1	0.0916503651966195	0.057295582118299	-0.0158597825283337	0.20321445404413	0.219074236572464	0	0	0	0.2	0.173299648658158	0.10851920961758	-0.0294371403486206	0.384064365686484	0.413501506035105	0	0	1	0.1	0.091702282368122	0.0576246761454766	-0.0164737704893633	0.202741280616623	0.219215051105986	0	0	1	0.2	0.198078475694728	0.124697099539812	-0.0363780662123389	0.441507337524568	0.477885403736907	0	0	2	0.1	0.101938866066038	0.0641901830093465	-0.0186931317171843	0.229685665768776	0.248378797485961	0	0	2	0.2	0.224987316246565	0.141949503528791	-0.0414422116909201	0.508799258339548	0.550241470030468	0	0	3	0.1	0.112354492889827	0.0708681548125436	-0.0204773003452326	0.253150505917667	0.273627806262899	0	0	3	0.2	0.249478023217129	0.157649125892089	-0.044947785671377	0.566885423209251	0.611833208880628
259	0	0	0	0.1	0.193203283399065	0.0573582129931351	0.0886315338386757	0.311766723706855	0.223135189868179	0	0	0	0.2	0.37264933113876	0.110201475633635	0.17028280512382	0.592800275557386	0.422517470433566	0	0	1	0.1	0.208654097838078	0.06215735153559	0.0929260675216534	0.334372113359531	0.241446045837877	0	0	1	0.2	0.451811879711758	0.134388254059169	0.202358828693756	0.724460198174493	0.522101369480737	0	0	2	0.1	0.236261072891252	0.0705238642362284	0.104310811567339	0.377330995198187	0.273020183630848	0	0	2	0.2	0.522271324952335	0.15591399590255	0.230676310457099	0.837408938828325	0.606732628371226	0	0	3	0.1	0.262525892388887	0.0785220815023611	0.114909190252748	0.422454463648471	0.307545273395723	0	0	3	0.2	0.58423006978125	0.175038148208875	0.253649203811626	0.940375890062038	0.686726686250412
220	0	0	0	0.1	0.333080455420654	0.0745372777021945	0.185643081179637	0.487675244661696	0.302032163482059	0	0	0	0.2	0.620076383403174	0.138123264062875	0.3533217510231	0.911559816147402	0.558238065124302	0	0	1	0.1	0.30263616993449	0.0685498310669463	0.177244520382033	0.447652547221415	0.270408026839382	0	0	1	0.2	0.644624999369838	0.145784474144823	0.372640324143752	0.954835939585261	0.582195615441509	0	0	2	0.1	0.317991880694559	0.0724488757484947	0.18633822209353	0.472916337403737	0.286578115310207	0	0	2	0.2	0.696940944053384	0.159071817239295	0.410941555577888	1.03411795042945	0.623176394851558	0	0	3	0.1	0.33932665002911	0.0776258040518141	0.197483433796846	0.504009996351751	0.306526562554905	0	0	3	0.2	0.750771768674635	0.17245114543453	0.439754777895842	1.12067354523337	0.680918767337531
240	0	0	0	0.1	0.225381772122678	0.0656971039767147	0.0942810336784626	0.354953869639046	0.260672835960583	0	0	0	0.2	0.424212064948783	0.122479556428551	0.182547721755897	0.662308418685166	0.47976069692927	0	0	1	0.1	0.204092613958165	0.0592932165304452	0.0884636779220027	0.321356641753369	0.232892963831366	0	0	1	0.2	0.440506076082249	0.127639849901918	0.190887774738104	0.6956784937829	0.504790719044796	0	0	2	0.1	0.217034456193828	0.0631724239545322	0.0952503718663108	0.340012329426942	0.244761957560632	0	0	2	0.2	0.479899420079191	0.139719311657606	0.212253035767184	0.753562922564567	0.541309886797382	0	0	3	0.1	0.233320385204231	0.0680427240847155	0.102953971932173	0.366281839154822	0.263327867222649	0	0	3	0.2	0.519704541435381	0.151754317355396	0.231671284130092	0.818967904949454	0.587296620819361
265	0	0	0	0.1	0.0640425200368716	0.070770646160598	-0.0813183235020892	0.198555139183612	0.279873462685701	0	0	0	0.2	0.121098316631812	0.133980107040574	-0.1567996705232	0.371240095309701	0.528039765832901	0	0	1	0.1	0.0590297644920927	0.0653909201225239	-0.0766147800464796	0.181233632873645	0.257848412920125	0	0	1	0.2	0.127447365002341	0.141250432651004	-0.167594926521279	0.389463370924458	0.557058297445737	0	0	2	0.1	0.0630355708776095	0.0699000622304994	-0.0827709779959529	0.19262819121189	0.275399169207843	0	0	2	0.2	0.13951530934962	0.15477171198675	-0.183560405504046	0.426805144915698	0.610365550419744	0	0	3	0.1	0.068034396609917	0.0753771853832943	-0.0896691063549101	0.208352583210093	0.298021689565003	0	0	3	0.2	0.151495213940205	0.168126548626148	-0.200058287823513	0.463333238502147	0.663391526325661
327	0	0	0	0.1	0.169791987172294	0.0705683566292898	0.0354714959960357	0.308715815277364	0.273244319281329	0	0	0	0.2	0.312274605673101	0.12922902551068	0.0645853019423605	0.56888597028176	0.504300668339399	0	0	1	0.1	0.153925069942804	0.0641219401419831	0.0315680969371308	0.281191074675028	0.249622977737897	0	0	1	0.2	0.325513031983434	0.135200395584397	0.0673100827478994	0.600659610252718	0.533349527504819	0	0	2	0.1	0.161929056749297	0.0673992689262352	0.0338766321979448	0.298484133009048	0.264607500811103	0	0	2	0.2	0.352960880833246	0.146658834306851	0.0741405989879226	0.645652019481226	0.571511420493304	0	0	3	0.1	0.173074869394628	0.0719706870028851	0.0361739078335378	0.317743550935449	0.281569643101911	0	0	3	0.2	0.381100038401824	0.158393690539254	0.0801731101745134	0.698525255742356	0.618352145567842
250	0	0	0	0.1	0.118720902003174	0.0752081827051892	-0.0277000163382848	0.261701012262996	0.289401028601281	0	0	0	0.2	0.222128110730869	0.140425452237284	-0.0513760932262193	0.488667687318402	0.540043780544621	0	0	1	0.1	0.106370524811665	0.0673351605773256	-0.0242588687948463	0.2349638449856	0.259222713780446	0	0	1	0.2	0.227877941356392	0.144126723043355	-0.0511771712986585	0.503723776600508	0.554900947899166	0	0	2	0.1	0.11170255213127	0.070662019030588	-0.0243965909817093	0.247659949355465	0.272056540337174	0	0	2	0.2	0.245838700464245	0.155598982042883	-0.0559223925077109	0.542764371527209	0.59868676403492	0	0	3	0.1	0.11923138690194	0.0754866438741652	-0.0283829068727463	0.262145889257583	0.290528796130329	0	0	3	0.2	0.264615292041991	0.167614544700627	-0.0607844020878138	0.582918547035735	0.643702949123549
180	0	0	0	0.1	0.103443142141208	0.0584370282925771	-0.0110140339757829	0.219425997431755	0.230440031407538	0	0	0	0.2	0.189217599549269	0.106441469018599	-0.0201249022278285	0.399590187915583	0.419715090143411	0	0	1	0.1	0.0903275238234368	0.0507610555506994	-0.00955850355398164	0.187193778805532	0.196752282359513	0	0	1	0.2	0.192487706993338	0.108026065160236	-0.0209423642850532	0.398386498797576	0.419328863082629	0	0	2	0.1	0.0951441019366946	0.0534376503184789	-0.010174364338962	0.198030730595513	0.208205094934475	0	0	2	0.2	0.208344626106855	0.116953895821054	-0.0230213442333815	0.434616092219462	0.457637436452844	0	0	3	0.1	0.101989315928711	0.0573305616353637	-0.0118648273583927	0.214145730886224	0.226010558244616	0	0	3	0.2	0.225216619210063	0.12653026199811	-0.0260648388993219	0.473223495952483	0.499288334851805
328	0	0	0	0.1	0.188715124764725	0.0745901954650564	0.0409175250442582	0.344032851416427	0.303115326372169	0	0	0	0.2	0.35439558485715	0.14019321329827	0.0772891656422981	0.64814258993419	0.570853424291892	0	0	1	0.1	0.176835205500569	0.0705877136425279	0.0386170979707927	0.325981320777986	0.287364222807194	0	0	1	0.2	0.377261622255265	0.150578363158077	0.0842841993786997	0.69711907271326	0.61283487333456	0	0	2	0.1	0.187919877315233	0.0752144945819832	0.0417002686298091	0.342465246597322	0.300764977967513	0	0	2	0.2	0.412206926335341	0.165200940396029	0.0904216358070185	0.758283908477486	0.667862272670467	0	0	3	0.1	0.201751328463113	0.0809353668487788	0.0447925767766551	0.369769180586907	0.324976603810252	0	0	3	0.2	0.446688141944081	0.179613516014535	0.0971675306473155	0.818699574621778	0.721532043974462
207	0	0	0	0.1	0.0859483989255637	0.0631573152488597	-0.0258117467813446	0.216893190583482	0.242704937364827	0	0	0	0.2	0.165418454780347	0.12136218038267	-0.0496576697171172	0.415291391544629	0.464949061261746	0	0	1	0.1	0.0848134542417911	0.0621760548069663	-0.0260314472867225	0.206925034886874	0.232956482173597	0	0	1	0.2	0.184757938002828	0.135506872310547	-0.0563964394035959	0.448808290005494	0.50520472940909	0	0	2	0.1	0.0933964842582093	0.0684426806754745	-0.0276812588711099	0.226936668566506	0.254617927437616	0	0	2	0.2	0.207626377314597	0.152320915047166	-0.0635783327977972	0.499343399644761	0.562921732442559	0	0	3	0.1	0.102252449654775	0.0749926668541913	-0.0292636302790366	0.24516170701333	0.274425337292367	0	0	3	0.2	0.228684029789788	0.167849473409186	-0.0682375332920712	0.551838297600034	0.620075830892105
155	0	0	0	0.1	0.198239271943001	0.0697592995492322	0.0541033932599275	0.331440806527905	0.277337413267978	0	0	0	0.2	0.373897190870843	0.131274150969569	0.10038295409739	0.640344054094427	0.539961099997037	0	0	1	0.1	0.183062274570463	0.0646364864061986	0.0474323242157464	0.315152859703209	0.267720535487462	0	0	1	0.2	0.394339130141287	0.139219193504669	0.103114373565889	0.682223528702844	0.579109155136955	0	0	2	0.1	0.195381260753784	0.0691797983324431	0.0513909790889878	0.340630942686107	0.289239963597119	0	0	2	0.2	0.431334229801073	0.152940880926148	0.113221248746791	0.749006223689986	0.635784974943195	0	0	3	0.1	0.210371076670545	0.0746815921689485	0.0552434834319152	0.36458050202338	0.309337018591464	0	0	3	0.2	0.468067430474869	0.166369103235435	0.12394975006735	0.81838621289612	0.69443646282877
323	0	0	0	0.1	0.149758199323025	0.0496376907909378	0.0557952077300583	0.246676377258433	0.190881169528374	0	0	0	0.2	0.27682207449936	0.0912863437917363	0.10160840759693	0.456408872037092	0.354800464440162	0	0	1	0.1	0.145486911432964	0.0481184726937441	0.0538650958456007	0.238983914839926	0.185118818994326	0	0	1	0.2	0.311003749760542	0.10264374885689	0.114389883866731	0.50866436356407	0.394274479697339	0	0	2	0.1	0.1603378648047	0.0529737032799923	0.0584940572696764	0.262864147783999	0.204370090514323	0	0	2	0.2	0.351070724842901	0.115932693135355	0.126770579600387	0.573617405182223	0.446846825581836	0	0	3	0.1	0.176052172699738	0.0581522351242264	0.0629100832065971	0.289838485115431	0.226928401908834	0	0	3	0.2	0.388349181524821	0.128192297387955	0.138763318004568	0.645205683697934	0.506442365693366
342	0	0	0	0.1	0.177599559093752	0.0677223905362321	0.0470580737505484	0.318328863597389	0.271270789846841	0	0	0	0.2	0.32183803379307	0.122272634922773	0.0859298043503371	0.57594194019198	0.490012135841643	0	0	1	0.1	0.148945516475938	0.0567037211802445	0.039843695862428	0.263351103928532	0.223507408066104	0	0	1	0.2	0.315770088788626	0.119991616015226	0.0858563199343276	0.554445001688373	0.468588681754045	0	0	2	0.1	0.153574764660087	0.0584322856316646	0.0415203873016309	0.271743317766588	0.230222930464957	0	0	2	0.2	0.335350309861197	0.127555930051454	0.0926471439803292	0.598734822720265	0.506087678739935	0	0	3	0.1	0.162727206407723	0.0619018465335228	0.0447375331653638	0.289840363505029	0.245102830339665	0	0	3	0.2	0.358528768301405	0.136485498190624	0.0965296384265962	0.637770801135085	0.541241162708489
156	0	0	0	0.1	0.161184848592713	0.068169209147432	0.0315342080039437	0.296325357731422	0.264791149727479	0	0	0	0.2	0.302547723154067	0.127691967006995	0.0603479622042763	0.55471474175904	0.494366779554763	0	0	1	0.1	0.152779193533811	0.0645441013901295	0.0306389567334698	0.280579148447951	0.249940191714481	0	0	1	0.2	0.3272269518716	0.138356076535824	0.0645236415273872	0.599004600102812	0.534480958575425	0	0	2	0.1	0.164516198053775	0.0695773062549049	0.0325924821390389	0.302905004120127	0.270312521981088	0	0	2	0.2	0.361498076446994	0.153206793807524	0.0732525859204564	0.658480318418048	0.585227732497592	0	0	3	0.1	0.177973595169177	0.0754286794936035	0.0351152324906058	0.325789046615758	0.290673814125152	0	0	3	0.2	0.394498025284112	0.167483532192666	0.0785498453755322	0.715796102372653	0.637246256997121
321	0	0	0	0.1	0.172493087575355	0.064397107995305	0.0464955213469528	0.307046818111912	0.260551296764959	0	0	0	0.2	0.334219383370329	0.124380137370806	0.0899563716029101	0.599369441009366	0.509413069406456	0	0	1	0.1	0.169760777049555	0.0634944980870598	0.0439688000113382	0.307823702955513	0.263854902944175	0	0	1	0.2	0.371916663848998	0.13903359188865	0.0955571846671712	0.671643885629632	0.57608670096246	0	0	2	0.1	0.187009635404614	0.0700382180062465	0.0481744743294711	0.335695376027944	0.287520901698473	0	0	2	0.2	0.417578153241875	0.156592133691854	0.106517200273856	0.748847347182536	0.64233014690868	0	0	3	0.1	0.204811609861769	0.0767759575799435	0.053781780095082	0.366087206408583	0.312305426313501	0	0	3	0.2	0.459817368438592	0.172677406837378	0.118551704891208	0.824835582350484	0.706283877459276
147	0	0	0	0.1	0.26799265769613	0.0656747153312426	0.146150561144388	0.399343341710087	0.253192780565698	0	0	0	0.2	0.506659937754729	0.12327837587371	0.277070577726975	0.750008139730383	0.472937562003408	0	0	1	0.1	0.260886582943577	0.0650588219880266	0.142817062486235	0.391707547083874	0.248890484597639	0	0	1	0.2	0.561322526325716	0.139589494922381	0.307128600380767	0.843908676041497	0.53678007566073	0	0	2	0.1	0.284175340639889	0.071470041380005	0.153511843218105	0.426307944572936	0.272796101354831	0	0	2	0.2	0.626256096363819	0.157568832489317	0.338670283615047	0.944394539265123	0.605724255650076	0	0	3	0.1	0.309325345968057	0.078225986315818	0.166792471527987	0.466269129847657	0.299476658319669	0	0	3	0.2	0.687063250008042	0.174063371123552	0.369186428168349	1.03553557307275	0.666349144904398
249	0	0	0	0.1	0.0613621184085219	0.0610765758512527	-0.0541431990636723	0.191787252063459	0.245930451127131	0	0	0	0.2	0.113238727367345	0.112872025735593	-0.0996937821007205	0.348814084827339	0.448507866928059	0	0	1	0.1	0.0573361196463766	0.0571950819685171	-0.0506189752416996	0.171139523310713	0.221758498552412	0	0	1	0.2	0.121809539781211	0.121652573865352	-0.107711418063321	0.365022508747358	0.472733926810679	0	0	2	0.1	0.0615752178292301	0.0615422896404086	-0.0550021197737464	0.182043494423059	0.237045614196805	0	0	2	0.2	0.134430645325765	0.134441452792179	-0.120081495934809	0.399680876326811	0.519762372261619	0	0	3	0.1	0.0665355999763524	0.0666119309687266	-0.0591197943521971	0.196561328340808	0.255681122693005	0	0	3	0.2	0.146571017766442	0.14683196065462	-0.130699752511341	0.435765766387515	0.566465518898856
228	0	0	0	0.1	0.200514078816821	0.0619268654065209	0.0808061505938693	0.323862719661566	0.243056569067697	0	0	0	0.2	0.373972970097236	0.115869066727115	0.155040461416399	0.613916171174113	0.458875709757714	0	0	1	0.1	0.189008287234136	0.0597432045336269	0.0814178232840886	0.310559578188923	0.229141754904834	0	0	1	0.2	0.403758771305012	0.128000295744021	0.172409644785604	0.663153311677887	0.490743666892283	0	0	2	0.1	0.203366212891065	0.0650312325109801	0.0851392934397716	0.334578293445703	0.249439000005931	0	0	2	0.2	0.446011945216094	0.143087695799334	0.186561252718212	0.732541506580254	0.545980253862042	0	0	3	0.1	0.220098452897701	0.0708802852531276	0.0939480034430104	0.364213432691264	0.270265429248254	0	0	3	0.2	0.486777492618604	0.157386262001205	0.202526169553409	0.806604182233299	0.60407801267989
243	0	0	0	0.1	0.299104746332338	0.0752387664937139	0.158925790376749	0.447697221166794	0.288771430790044	0	0	0	0.2	0.549582950242832	0.137096939717122	0.290993889917546	0.819679795592336	0.52868590567479	0	0	1	0.1	0.261454591729439	0.0660862147718743	0.138758694849102	0.399399361987989	0.260640667138886	0	0	1	0.2	0.553629947217775	0.139422961502883	0.296569647749606	0.837596591334806	0.5410269435852	0	0	2	0.1	0.270254307699392	0.0685694376248488	0.144138308388502	0.410417781542453	0.266279473153951	0	0	2	0.2	0.590188683750103	0.14975496735057	0.316112048722899	0.899133553198043	0.583021504475144	0	0	3	0.1	0.286065800535281	0.0728333717748864	0.15322065589344	0.434160386312132	0.280939730418691	0	0	3	0.2	0.631002176642242	0.1610272792364	0.336058140874943	0.963002394180586	0.626944253305643
262	0	0	0	0.1	0.153407834008207	0.0672408266583891	0.0242315046032499	0.288618357618853	0.264386853015603	0	0	0	0.2	0.286355218030846	0.125125766568012	0.0462144197649276	0.540145092133444	0.493930672368517	0	0	1	0.1	0.142951473649751	0.062934188123613	0.0237897580016492	0.273579336241214	0.249789578239565	0	0	1	0.2	0.305673944907405	0.134472982046095	0.0475245298264351	0.587292522103419	0.539767992276984	0	0	2	0.1	0.153193207105364	0.0677102545609321	0.0224801369378938	0.293092457056629	0.270612320118735	0	0	2	0.2	0.336315468934588	0.148740438186685	0.0502947882340187	0.645751002808322	0.595456214574303	0	0	3	0.1	0.165374115575665	0.0733581172889968	0.0238580512730877	0.318043638118884	0.294185586845796	0	0	3	0.2	0.366128458802599	0.162571809458641	0.0524245207425254	0.703868830398151	0.651444309655625
374	0	0	0	0.1	0.223608468944801	0.0588322321984491	0.111426425572304	0.334990134574428	0.223563709002124	0	0	0	0.2	0.409795671717248	0.107206438213615	0.199791638354029	0.615653179342273	0.415861540988245	0	0	1	0.1	0.201352868408751	0.0533321513194022	0.0970406020021842	0.30528329432023	0.208242692318046	0	0	1	0.2	0.428131086553273	0.113197481959118	0.20538787955949	0.649608260274211	0.444220380714722	0	0	2	0.1	0.213895322586148	0.0569127040507798	0.10130544886775	0.322806914760954	0.221501465893204	0	0	2	0.2	0.467480376870962	0.124588188673014	0.219580561092519	0.711942199921099	0.49236163882858	0	0	3	0.1	0.230034326060495	0.0614435211375676	0.107652414621963	0.351473419828756	0.243821005206792	0	0	3	0.2	0.507161784401094	0.135891128855581	0.236765449321651	0.777465243013272	0.540699793691621
254	0	0	0	0.1	0.312116561368847	0.0716699814986432	0.176291667659179	0.453909714378439	0.27761804671926	0	0	0	0.2	0.571798049713308	0.129725811332233	0.325954105067998	0.823535168127537	0.49758106305954	0	0	1	0.1	0.26541642044043	0.0609319480443451	0.150052860381785	0.383434604623437	0.233381744241652	0	0	1	0.2	0.563889461338772	0.128950636084552	0.324666039195703	0.814475698990659	0.489809659794957	0	0	2	0.1	0.27294933810796	0.0628416914409501	0.15829508045518	0.393878984619552	0.235583904164373	0	0	2	0.2	0.59735650731564	0.137617464442284	0.347997839297441	0.864804787115947	0.516806947818506	0	0	3	0.1	0.288313478871863	0.0666039170507582	0.166738267453639	0.418257625209998	0.251519357756359	0	0	3	0.2	0.636892270987394	0.14756509101758	0.367325347031172	0.926495755771092	0.559170408739921
312	0	0	0	0.1	0.152329805434314	0.0676053226460644	0.0246355488112954	0.290674342826983	0.266038794015688	0	0	0	0.2	0.295931065246385	0.130776119636362	0.0504684883140854	0.558331877812706	0.50786338949862	0	0	1	0.1	0.160139070995193	0.0712998765007698	0.0254146025381573	0.305906542952325	0.280491940414167	0	0	1	0.2	0.348133952812561	0.154818150545567	0.0571949646846446	0.661007141395098	0.603812176710453	0	0	2	0.1	0.17930789118082	0.0800838166970753	0.0289031235630201	0.343977670477312	0.315074546914292	0	0	2	0.2	0.397884598027409	0.177722645804873	0.0623274680739541	0.759935095301579	0.697607627227625	0	0	3	0.1	0.197961193878476	0.0886638022695741	0.0299294092002962	0.382234416749051	0.352305007548754	0	0	3	0.2	0.442159349417019	0.198128371646027	0.0694793739703247	0.85552148538829	0.786042111417966
316	0	0	0	0.1	0.274377884039842	0.0705601019618188	0.138944983694978	0.414946849772208	0.27600186607723	0	0	0	0.2	0.507948154319348	0.130261763052896	0.256458345327871	0.76967623795703	0.513217892629159	0	0	1	0.1	0.247797630089746	0.0642685104211176	0.125118508732725	0.374747920253536	0.249629411520812	0	0	1	0.2	0.527259821666168	0.136690627082946	0.267095857868433	0.79810469362464	0.531008835756207	0	0	2	0.1	0.260932264614456	0.0680555530313783	0.131921793749721	0.396850749842079	0.264928956092358	0	0	2	0.2	0.571237856995449	0.149358995892366	0.287846009071808	0.870757496394683	0.582911487322875	0	0	3	0.1	0.278934848971796	0.0731898117217882	0.140913879770183	0.427280553991336	0.286366674221152	0	0	3	0.2	0.616339708584579	0.162223371743418	0.311346026551382	0.947150986755684	0.635804960204302
200	0	0	0	0.1	0.192706096040002	0.0682010461716604	0.065454145548953	0.329327697635988	0.263873552087035	0	0	0	0.2	0.362578647913011	0.12789369381437	0.124840847802908	0.625327261494341	0.500486413691433	0	0	1	0.1	0.178963718734699	0.0635010732068966	0.0630860213708355	0.30744048689135	0.244354465520514	0	0	1	0.2	0.385055802622817	0.136462244676629	0.132982611544183	0.658480825456849	0.525498213912666	0	0	2	0.1	0.191666765137931	0.0680620109771869	0.0669572902075367	0.332374419805308	0.265417129597771	0	0	2	0.2	0.422688497412662	0.150172513602082	0.145939006086798	0.731850870692967	0.585911864606169	0	0	3	0.1	0.206855980040277	0.0734805098173317	0.0719653467375091	0.355806834348738	0.283841487611229	0	0	3	0.2	0.459729493030936	0.163549023134504	0.158468319008499	0.797031658635688	0.63856333962719
296	0	0	0	0.1	0.29917856888607	0.0737335463597229	0.167604552952593	0.443915852618636	0.276311299666043	0	0	0	0.2	0.53461202764381	0.130261469249888	0.299005763673048	0.783673944133523	0.484668180460475	0	0	1	0.1	0.248972004015048	0.0618135030693467	0.139511657092548	0.373707231493456	0.234195574400907	0	0	1	0.2	0.52030240822791	0.127901523343626	0.29389934072563	0.7749913427758	0.48109200205017	0	0	2	0.1	0.251988572306487	0.0622392230639076	0.141751650507402	0.376894858983311	0.235143208475909	0	0	2	0.2	0.545317917268137	0.134153671533879	0.306712184674851	0.812419600455344	0.505707415780493	0	0	3	0.1	0.264097179917325	0.0650861234567335	0.148003029833649	0.394089734317184	0.246086704483535	0	0	3	0.2	0.578002645987552	0.142354204917484	0.320582854601328	0.861941336133421	0.541358481532093
325	0	0	0	0.1	0.131931059187857	0.0750504546991345	-0.0156511865223215	0.285359705682471	0.301010892204793	0	0	0	0.2	0.249862037856467	0.141773617974774	-0.0281761598577465	0.538375194931067	0.566551354788814	0	0	1	0.1	0.121279363636516	0.0688662857919835	-0.0137508232918768	0.260895302671927	0.274646125963804	0	0	1	0.2	0.261314741873624	0.148327188235318	-0.0299349788941359	0.562165373442846	0.592100352336982	0	0	2	0.1	0.128660360795059	0.0730948276478612	-0.0146589121725768	0.272741106787106	0.287400018959682	0	0	2	0.2	0.284379679865819	0.161606002594157	-0.0329789706328225	0.600355962160356	0.633334932793179	0	0	3	0.1	0.13802282032824	0.0785558195560935	-0.0165843909807892	0.289231349714286	0.305815740695076	0	0	3	0.2	0.307654361636396	0.175043918348239	-0.0367196033412197	0.647517723433905	0.684237326775125
320	0	0	0	0.1	0.1778353012743	0.0589370965822933	0.0652328932433655	0.292748096905588	0.227515203662222	0	0	0	0.2	0.327738722558461	0.108009690025241	0.120716307173606	0.536668069882329	0.415951762708723	0	0	1	0.1	0.165232699821894	0.0549285300369906	0.0636142651644055	0.272327513544927	0.208713248380521	0	0	1	0.2	0.351194857951243	0.116558139099285	0.133028954963255	0.574088854540369	0.441059899577114	0	0	2	0.1	0.177132916161811	0.0591677661353826	0.0673185743842564	0.292113370489133	0.224794796104876	0	0	2	0.2	0.387019296915862	0.129199923433808	0.147788246238846	0.641168158143601	0.493379911904755	0	0	3	0.1	0.191463352319838	0.0641533760332137	0.0722919953452678	0.319076925859091	0.246784930513823	0	0	3	0.2	0.422016569786676	0.141491946969428	0.161942861345442	0.701010544731617	0.539067683386175
330	0	0	0	0.1	0.167868912900518	0.0639908594589135	0.042032509187202	0.291427135886885	0.249394626699683	0	0	0	0.2	0.31876172551587	0.121161676254642	0.0790801066309455	0.554503223158673	0.475423116527727	0	0	1	0.1	0.168123052703892	0.0645294425744747	0.0429591169630769	0.297200500570146	0.254241383607069	0	0	1	0.2	0.362061033314405	0.138892042226789	0.0914167922162805	0.638293146116007	0.546876353899727	0	0	2	0.1	0.185354934590974	0.0714285146111911	0.0472655014541668	0.329910100252636	0.28264459879847	0	0	2	0.2	0.408388691996232	0.15738408572697	0.104814577756322	0.722646452064628	0.617831874308306	0	0	3	0.1	0.203143997458123	0.0784614479617801	0.0520499183859535	0.357834292256752	0.305784373870798	0	0	3	0.2	0.450965726230758	0.174285541597479	0.116237962103929	0.798973318111603	0.682735356007674
364	0	0	0	0.1	0.231352007698185	0.0632435754972897	0.112918092509642	0.360138675063052	0.24722058255341	0	0	0	0.2	0.430614049532982	0.11667700508301	0.210894387804573	0.668145231542057	0.457250843737484	0	0	1	0.1	0.221068224799427	0.0598000314867671	0.109203945136584	0.338207771453634	0.22900382631705	0	0	1	0.2	0.47182002840608	0.127281827674449	0.233158351363543	0.717116791906087	0.483958440542545	0	0	2	0.1	0.239449995209868	0.064678942816357	0.11786112265493	0.363019101926106	0.245157979271176	0	0	2	0.2	0.524542988002999	0.141690995041235	0.263240126388339	0.796433401250611	0.533193274862272	0	0	3	0.1	0.260080765583952	0.0702724858971816	0.130687194500244	0.397363598022204	0.266676403521961	0	0	3	0.2	0.574547447970229	0.155497727896116	0.28418257040046	0.882624232750703	0.598441662350243
181	0	0	0	0.1	0.188381800413223	0.0595837131046259	0.0762645278298573	0.30964550699037	0.233380979160512	0	0	0	0.2	0.337338620435699	0.106064794618758	0.137339383574414	0.546631890428491	0.409292506854078	0	0	1	0.1	0.157433052437944	0.049649212724361	0.0649612208594034	0.25533679125213	0.190375570392727	0	0	1	0.2	0.332329044936222	0.104525529344417	0.139036093509506	0.539931611964135	0.400895518454629	0	0	2	0.1	0.162938629035505	0.051350601104931	0.0680394260628644	0.264824005281641	0.196784579218777	0	0	2	0.2	0.354382238952403	0.111676996117503	0.146646858933428	0.574010483872153	0.427363624938725	0	0	3	0.1	0.173016791066376	0.0545884998892304	0.07228859385459	0.281084354809121	0.208795760954531	0	0	3	0.2	0.379934911769583	0.119901147925841	0.156237972883214	0.620249477370578	0.464011504487364
331	0	0	0	0.1	0.121930588634966	0.0598328420912326	0.00879599723077261	0.238939903991733	0.230143906760961	0	0	0	0.2	0.229542036698425	0.112449613842874	0.0156700841011278	0.450246396083714	0.434576311982587	0	0	1	0.1	0.114559840345026	0.0560046741318403	0.00754034138114952	0.226318954937984	0.218778613556834	0	0	1	0.2	0.247394129601507	0.121016402934848	0.0172786122944059	0.490936141668965	0.473657529374559	0	0	2	0.1	0.124168388152701	0.0607723376706593	0.00856662846126954	0.242236400117116	0.233669771655846	0	0	2	0.2	0.274319920491801	0.134341003492506	0.0193443691976527	0.535734283994282	0.516389914796629	0	0	3	0.1	0.134934443726083	0.0660308522933341	0.0100956011968264	0.266587879028163	0.256492277831337	0	0	3	0.2	0.300144774656305	0.147164814434252	0.0202900625338062	0.597203008856853	0.576912946323046
179	0	0	0	0.1	0.187727328075699	0.0657663398486455	0.0652055109914959	0.319718333621212	0.254512822629716	0	0	0	0.2	0.341353618428316	0.118903991732166	0.11975302893435	0.578081387784427	0.458328358850077	0	0	1	0.1	0.157947990919607	0.0551409996112142	0.0550762833669678	0.269259783152608	0.21418349978564	0	0	1	0.2	0.334640892946696	0.116554339495942	0.119106343016792	0.573224703962023	0.454118360945231	0	0	2	0.1	0.162235406461673	0.0566253767348089	0.0574869710317346	0.278969297229102	0.221482326197367	0	0	2	0.2	0.354349824033669	0.123658003314798	0.127128553798004	0.605631844447511	0.478503290649506	0	0	3	0.1	0.171347285843726	0.0598391847026097	0.0629483486360694	0.291823194762433	0.228874846126364	0	0	3	0.2	0.37777001775596	0.132105369618099	0.137935167787094	0.645060616679174	0.50712544889208
346	0	0	0	0.1	0.212183664842999	0.0680938793997649	0.0793622007558414	0.347135600505571	0.267773399749729	0	0	0	0.2	0.395409264290692	0.126419095076657	0.149654948727105	0.639565417994966	0.489910469267861	0	0	1	0.1	0.199396281435052	0.0644544374711266	0.0734222085773166	0.320923958537246	0.24750174995993	0	0	1	0.2	0.425275561862865	0.137431156056956	0.155559454378158	0.683648774535969	0.528089320157811	0	0	2	0.1	0.213832154101445	0.0695694499767879	0.0785175360561296	0.345308335042247	0.266790798986117	0	0	2	0.2	0.468545750499118	0.152630351041362	0.171488136706072	0.754780541166877	0.583292404460805	0	0	3	0.1	0.230947917873529	0.0755424032919573	0.0852249060620243	0.375807066409982	0.290582160347958	0	0	3	0.2	0.510422857977786	0.167163674643379	0.188720752228177	0.826144113434607	0.63742336120643
135	0	0	0	0.1	0.105479484200217	0.0627542851713926	-0.014509994506292	0.227726526217678	0.24223652072397	0	0	0	0.2	0.190223600098693	0.112895566920677	-0.0257565883586408	0.407659713518068	0.433416301876709	0	0	1	0.1	0.0914345307496149	0.0544777230629507	-0.0116735203073638	0.196584995455015	0.208258515762379	0	0	1	0.2	0.192385178063656	0.114413646033681	-0.0247447104618845	0.413637527507042	0.438382237968927	0	0	2	0.1	0.0950633558852947	0.0566236343410193	-0.0124970063511063	0.204057183386902	0.216554189738009	0	0	2	0.2	0.206413832298451	0.122773714067866	-0.0246116086355469	0.443223050562005	0.467834659197552	0	0	3	0.1	0.101209310382875	0.0602001955824738	-0.0123267739842503	0.218170657531653	0.230497431515903	0	0	3	0.2	0.221844441055181	0.131949742002179	-0.0281725633687819	0.475434496571685	0.503607059940467
269	0	0	0	0.1	0.192203856101175	0.0611343911565557	0.0798801618893018	0.315115126784047	0.235234964894745	0	0	0	0.2	0.347678450764499	0.110582470929935	0.14340253800209	0.575648997136515	0.432246459134425	0	0	1	0.1	0.167910443464605	0.0542065741211452	0.0709784908946597	0.277820595978363	0.206842105083704	0	0	1	0.2	0.353871369304475	0.114193318181299	0.149250711519113	0.591991122781737	0.442740411262624	0	0	2	0.1	0.175213137418229	0.0570201985573196	0.0730127434287884	0.293516517398828	0.22050377397004	0	0	2	0.2	0.38090203305206	0.12405552988772	0.160141770408327	0.63790229888847	0.477760528480144	0	0	3	0.1	0.186850426692127	0.0610939744248314	0.0789931605451717	0.313310887803518	0.234317727258346	0	0	3	0.2	0.410248272003406	0.13433635759112	0.171545643545883	0.68704275225768	0.515497108711798
377	0	0	0	0.1	0.054646808953323	0.0691063175172709	-0.0768841595959616	0.195987974890191	0.272872134486153	0	0	0	0.2	0.101777095145722	0.128973226958464	-0.145415205425028	0.36354762366687	0.508962829091898	0	0	1	0.1	0.0498528049755938	0.0634508342171518	-0.0710306374330221	0.179325017484015	0.250355654917037	0	0	1	0.2	0.106634890972711	0.135917473564298	-0.1535250123559	0.384147503526358	0.537672515882257	0	0	2	0.1	0.0530010204295672	0.0676538515137945	-0.0761548019905724	0.192405012431393	0.268559814421965	0	0	2	0.2	0.11637126586141	0.148765861731305	-0.169001813572376	0.42580050676551	0.594802320337886	0	0	3	0.1	0.0570123982405978	0.0729090759629333	-0.0821888725793005	0.209461552169725	0.291650424749025	0	0	3	0.2	0.126083639008554	0.161545862853064	-0.18227190662479	0.465830719737246	0.648102626362036
201	0	0	0	0.1	0.164989159232855	0.0588933304392069	0.0539520492174414	0.279174910103638	0.225222860886196	0	0	0	0.2	0.307099272213981	0.108898698069508	0.101375959174549	0.516295096973679	0.41491913779913	0	0	1	0.1	0.154531267311036	0.0545945636197827	0.0519063852924135	0.261440707873057	0.209534322580644	0	0	1	0.2	0.3312347587974	0.116784011379777	0.110800128858102	0.564565174971374	0.453765046113273	0	0	2	0.1	0.167073246464921	0.0589014427324856	0.0566497010072188	0.287002730110246	0.230353029103027	0	0	2	0.2	0.367177442685292	0.129309948060171	0.124561704702283	0.63407364275298	0.509511938050697	0	0	3	0.1	0.18151527285394	0.0639580624159691	0.0616842313303645	0.312500301142184	0.250816069811819	0	0	3	0.2	0.401862194082768	0.141719835477372	0.134139417380693	0.689428162407457	0.555288745026765
317	0	0	0	0.1	0.124636700868799	0.0789321563547015	-0.0322942812892426	0.290692674867335	0.322986956156577	0	0	0	0.2	0.236471935611228	0.149396169013479	-0.0627015100439593	0.549447694737627	0.612149204781586	0	0	1	0.1	0.116647097397641	0.0737809098912273	-0.0321766821954563	0.267931986325868	0.300108668521324	0	0	1	0.2	0.250855176320602	0.158423442433798	-0.0673990756145344	0.572268039394641	0.639667115009175	0	0	2	0.1	0.12426674029819	0.0785275000216468	-0.0330525189916749	0.282340529080074	0.315393048071749	0	0	2	0.2	0.274281289609811	0.173177974710984	-0.0727721362498721	0.622075676175871	0.694847812425743	0	0	3	0.1	0.133628921265005	0.0843889144548257	-0.0358068849422622	0.302957808807961	0.338764693750223	0	0	3	0.2	0.297322406463318	0.187775365387598	-0.0812294458061066	0.668061713668454	0.74929115947456
345	0	0	0	0.1	0.182074302272784	0.0631133210673075	0.0641142292774638	0.308219431478655	0.244105202201192	0	0	0	0.2	0.342686977863461	0.118200758216662	0.122321320951189	0.575321033510441	0.452999712559252	0	0	1	0.1	0.173009226638498	0.0600218480993679	0.0616369602811283	0.292233236275506	0.230596275994378	0	0	1	0.2	0.372111759151325	0.128884841156972	0.1330030730515	0.631381489666329	0.49837841661483	0	0	2	0.1	0.187273227378803	0.0650312931781002	0.0684478518360105	0.318425710413884	0.249977858577874	0	0	2	0.2	0.412743233426234	0.143453926498757	0.152272667555205	0.702505047063709	0.550232379508504	0	0	3	0.1	0.203330565510471	0.0707648612219501	0.0736570343632461	0.346165085016698	0.272508050653452	0	0	3	0.2	0.451518804561424	0.157343445145875	0.16261004837147	0.767374546913241	0.604764498541771
338	0	0	0	0.1	0.167038460905575	0.0647997017881281	0.0369404651543217	0.299227892219343	0.262287427065021	0	0	0	0.2	0.316299534648768	0.122447042036438	0.0706711345204086	0.566802635932388	0.49613150141198	0	0	1	0.1	0.1608731774284	0.0630807802873601	0.0355886916580207	0.290053948913652	0.254465257255631	0	0	1	0.2	0.34698259086411	0.13605216727709	0.0774463993798228	0.621800439972047	0.544354040592224	0	0	2	0.1	0.175146500727813	0.0691246328914549	0.0380133976029656	0.313033184961714	0.275019787358749	0	0	2	0.2	0.386596722226592	0.152813231740983	0.0851865958122032	0.689147715847372	0.603961120035168	0	0	3	0.1	0.19055945446715	0.0755184778979319	0.0412321344187692	0.339364366193759	0.29813223177499	0	0	3	0.2	0.423804372624758	0.168305898054796	0.0914892340683811	0.751231641516445	0.659742407448064
229	0	0	0	0.1	0.118640738527187	0.0601893525818175	0.00341330696827795	0.234433322107838	0.23102001513956	0	0	0	0.2	0.215575809527589	0.109213643273852	0.0060430111611131	0.420368833451084	0.414325822289971	0	0	1	0.1	0.104158920086119	0.0527886637144707	0.00245673374486126	0.202148983967046	0.199692250222185	0	0	1	0.2	0.220892223894663	0.111908262036544	0.00576588036186363	0.423162595511396	0.417396715149532	0	0	2	0.1	0.109790401339476	0.0556534858907697	0.00279203247663792	0.211168886618963	0.208376854142325	0	0	2	0.2	0.239539219592044	0.121371045627829	0.00545321474325039	0.461485558411935	0.456032343668685	0	0	3	0.1	0.117664586928453	0.0596218608048897	0.00202033446427533	0.226362263779346	0.224341929315071	0	0	3	0.2	0.258964608704836	0.131399966238676	0.0070357971500125	0.499199986508442	0.49216418935843
270	0	0	0	0.1	0.102113363382509	0.0797506880882143	-0.0487902423726327	0.249501920451193	0.298292162823826	0	0	0	0.2	0.191853352436303	0.14978861259446	-0.0928511982611886	0.466695094946702	0.559546293207891	0	0	1	0.1	0.0909975659265478	0.0711872176028941	-0.0429337323795323	0.223236914939285	0.266170647318817	0	0	1	0.2	0.195716595638873	0.153168213811044	-0.0935213997658065	0.482105400727826	0.575626800493633	0	0	2	0.1	0.0955746063876971	0.0748292094860501	-0.045003922120772	0.234296691294374	0.279300613415146	0	0	2	0.2	0.210897210910415	0.165320686836162	-0.10042116037856	0.518162963739164	0.618584124117724	0	0	3	0.1	0.101920988033141	0.0799435040394533	-0.047863191249448	0.251661557026936	0.299524748276384	0	0	3	0.2	0.226870997034829	0.177998581070516	-0.106067445335426	0.563934176625715	0.67000162196114
318	0	0	0	0.1	0.224017649925373	0.0716471595169179	0.0944042725599121	0.365727159862965	0.271322887303052	0	0	0	0.2	0.434032263794265	0.138473861304582	0.18006834075881	0.710077561709006	0.530009220950196	0	0	1	0.1	0.217625547619719	0.0702187656537064	0.0922153456447942	0.359587691784965	0.267372346140171	0	0	1	0.2	0.474287762947742	0.153185687137824	0.204988288439885	0.786293133948411	0.581304845508526	0	0	2	0.1	0.236014326452095	0.0766296266524186	0.101426324978522	0.394479015099197	0.293052690120675	0	0	2	0.2	0.525734922134409	0.171065272657679	0.221628472758141	0.877236478713148	0.655608005955007	0	0	3	0.1	0.256102880963068	0.0833884961656359	0.108663656172209	0.425676240589288	0.31701258441708	0	0	3	0.2	0.574350952535588	0.187743841077982	0.240774494409187	0.957139261118945	0.716364766709759
148	0	0	0	0.1	0.146862384549444	0.0619720587592186	0.0231079484587419	0.262415017107544	0.239307068648802	0	0	0	0.2	0.270038881411891	0.114190325862867	0.0432929848223947	0.486152116077138	0.442859131254743	0	0	1	0.1	0.131617194587221	0.055893112364591	0.0229328547848289	0.240338672955346	0.217405818170518	0	0	1	0.2	0.280373954864168	0.119182293073436	0.0493088975363544	0.512103656195481	0.462794758659126	0	0	2	0.1	0.139549369258351	0.0593735034938025	0.0249145929258771	0.257390386261662	0.232475793335785	0	0	2	0.2	0.30538905393568	0.130201379465536	0.0536747133209823	0.558143353748567	0.504468640427585	0	0	3	0.1	0.14989829522274	0.0639436394874487	0.0257267789868617	0.276319503794631	0.250592724807769	0	0	3	0.2	0.330991503699058	0.141449173010364	0.0581876592628326	0.605183773499388	0.546996114236556
261	0	0	0	0.1	0.101630986569676	0.0623484909022455	-0.0263668248081001	0.222770651984115	0.249137476792215	0	0	0	0.2	0.180318499238496	0.110605209287731	-0.0487292486292497	0.39116105129366	0.43989029992291	0	0	1	0.1	0.0825031897226735	0.0506524066754957	-0.0220295905821067	0.179787989205706	0.201817579787813	0	0	1	0.2	0.17287404515834	0.106194157808102	-0.0475643555019412	0.374430538198635	0.421994893700576	0	0	2	0.1	0.0836872290790118	0.0514601553432859	-0.0233625821366824	0.182000081659565	0.205362663796248	0	0	2	0.2	0.181410049836359	0.111577862549482	-0.0518275785823472	0.392356749932074	0.444184328514421	0	0	3	0.1	0.0880238461631236	0.0541711876127157	-0.0239097657739414	0.191489091605228	0.215398857379169	0	0	3	0.2	0.192731381269921	0.118725701697895	-0.0567829964818468	0.416825290553855	0.473608287035702
246	0	0	0	0.1	0.1605573194261	0.0635322709626297	0.0403344593280944	0.287729997450768	0.247395538122674	0	0	0	0.2	0.298236031456171	0.117779352608629	0.0745437328218214	0.534981751409965	0.460438018588144	0	0	1	0.1	0.150115662704418	0.0593553424764318	0.0374151754711178	0.268761567857768	0.23134639238665	0	0	1	0.2	0.32012450745541	0.126586759348802	0.0801878827346056	0.571022150989115	0.490834268254509	0	0	2	0.1	0.161112268571067	0.0637898556401352	0.0410026221144542	0.289794813301113	0.248792191186659	0	0	2	0.2	0.352880929532065	0.139764266001514	0.0886219133096151	0.6309716995891	0.542349786279485	0	0	3	0.1	0.17417757803924	0.0689809693461776	0.0442688606369525	0.309990931127389	0.265722070490437	0	0	3	0.2	0.384679523819894	0.152654835261006	0.0953124043508675	0.684374314693707	0.58906191034284
329	0	0	0	0.1	0.269296915244598	0.07045572594974	0.140098161014755	0.405629534997335	0.265531373982581	0	0	0	0.2	0.502251962529478	0.130836995266416	0.261667375023586	0.762158312774044	0.500490937750458	0	0	1	0.1	0.248772604318404	0.0660033837119394	0.132594168667275	0.380409404485557	0.247815235818282	0	0	1	0.2	0.530854281106187	0.140664212215681	0.283824145652481	0.814606131973673	0.530781986321193	0	0	2	0.1	0.264275261786015	0.0706793976592482	0.14091934701731	0.410003445248659	0.269084098231348	0	0	2	0.2	0.579574645222383	0.155099579985007	0.311530594434791	0.901632079155982	0.590101484721191	0	0	3	0.1	0.283816531482336	0.0763059834594831	0.153276753652136	0.44409430711967	0.290817553467534	0	0	3	0.2	0.628052747092658	0.169195354759695	0.339376640943076	0.977294015582052	0.637917374638976
304	0	0	0	0.1	0.0759206141395733	0.070792170754693	-0.0574253058154166	0.217603054602261	0.275028360417678	0	0	0	0.2	0.143080354133001	0.13367463431991	-0.108602116331015	0.406659934585792	0.515262050916807	0	0	1	0.1	0.0741215772723621	0.0694385428077964	-0.0578103763269266	0.212690408363576	0.270500784690503	0	0	1	0.2	0.158517879956666	0.148713057295378	-0.123778257288854	0.459722707036238	0.583500964325092	0	0	2	0.1	0.0805205642663799	0.0756574410908358	-0.0645576714961696	0.233549599651524	0.298107271147693	0	0	2	0.2	0.17667816563417	0.166201530841713	-0.143155628088306	0.51267988570566	0.655835513793966	0	0	3	0.1	0.0874755143363784	0.082340862410553	-0.0719919789731499	0.256573850496877	0.328565829470026	0	0	3	0.2	0.193644584858483	0.182548565547869	-0.158683929998164	0.570091127964131	0.728775057962295
212	0	0	0	0.1	0.222561589814851	0.0596274884303299	0.106869200893208	0.343472847949914	0.236603647056705	0	0	0	0.2	0.423570424695767	0.112884534564916	0.205071782185926	0.653572556312878	0.448500774126953	0	0	1	0.1	0.212730759107573	0.0574310936372601	0.101914724905463	0.326463807412307	0.224549082506844	0	0	1	0.2	0.461501359230973	0.124623150779822	0.222001489385438	0.705738322632012	0.483736833246575	0	0	2	0.1	0.2315027792829	0.0629114182390058	0.111269458034757	0.354286050561604	0.243016592526847	0	0	2	0.2	0.513221042469659	0.139781293866549	0.245348899250792	0.785934565988215	0.540585666737423	0	0	3	0.1	0.251939182495089	0.0687531222943983	0.12190259672958	0.387199120289277	0.265296523559697	0	0	3	0.2	0.56228596763716	0.153905704291941	0.269056646146201	0.86747375336441	0.598417107218209
291	0	0	0	0.1	0.261368084663395	0.065173578950047	0.133575043613034	0.386518547968005	0.252943504354971	0	0	0	0.2	0.469744639219311	0.116886929388666	0.245885844625026	0.695219960639564	0.449334116014538	0	0	1	0.1	0.217433872500686	0.0551004304859368	0.113279490000105	0.330628450827063	0.217348960826958	0	0	1	0.2	0.458373435948096	0.115998663825997	0.236399226694558	0.693596503750525	0.457197277055967	0	0	2	0.1	0.222708381660781	0.0567833719775324	0.113855454244012	0.339679186504119	0.225823732260107	0	0	2	0.2	0.484554870525883	0.123731968216708	0.246640149414398	0.738850127306851	0.492209977892452	0	0	3	0.1	0.235144721873966	0.0602689053772155	0.116935664568182	0.359277564985413	0.242341900417231	0	0	3	0.2	0.516562023435747	0.132740631276462	0.259860416819168	0.786542032030068	0.5266816152109
305	0	0	0	0.1	0.108528994944431	0.0616061524510685	-0.00991678398677976	0.231127741599692	0.241044525586471	0	0	0	0.2	0.193984894016916	0.10999429782267	-0.0166136185939668	0.412323592202226	0.428937210796193	0	0	1	0.1	0.0893016006323956	0.0508482139811928	-0.00757892964624487	0.190475318415568	0.198054248061813	0	0	1	0.2	0.188093567917701	0.107032729417306	-0.0143386684062809	0.406606513436828	0.420945181843109	0	0	2	0.1	0.0914624296212911	0.0521791102547167	-0.0070049789208197	0.199119151691845	0.206124130612665	0	0	2	0.2	0.198672948036666	0.113396370090246	-0.0158842258746063	0.435781712663816	0.451665938538423	0	0	3	0.1	0.0965990546110412	0.0552096045264173	-0.0079854292404514	0.211066660075429	0.21905208931588	0	0	3	0.2	0.211914595497725	0.1212038966043	-0.0169586256555017	0.466306298603305	0.483264924258807
334	0	0	0	0.1	0.323356443183512	0.06787951449972	0.19493649128702	0.461579866491783	0.266643375204762	0	0	0	0.2	0.589105929997604	0.123360209229429	0.353855675190378	0.841921882392508	0.488066207202129	0	0	1	0.1	0.285708998723906	0.0618420869897792	0.16736424305342	0.412766186268852	0.245401943215432	0	0	1	0.2	0.601547943536269	0.129694121828826	0.354181291680856	0.870208789566915	0.51602749788606	0	0	2	0.1	0.296693900451714	0.064857517741032	0.173302584695767	0.432407207856657	0.25910462316089	0	0	2	0.2	0.6448995386823	0.140920918453301	0.377749291812678	0.941072123798993	0.563322831986315	0	0	3	0.1	0.314940899523396	0.0693141052074751	0.183377866453493	0.46138613333936	0.278008266885867	0	0	3	0.2	0.691910765433625	0.152590353565701	0.403360396270229	1.01087933632271	0.607518940052485
326	0	0	0	0.1	0.171200883413345	0.0671612373599011	0.0414818599765135	0.298098936302259	0.256617076325746	0	0	0	0.2	0.311438222811337	0.121360487661488	0.0759384323645124	0.544947187109614	0.469008754745102	0	0	1	0.1	0.148818708557242	0.0580473552690866	0.0360079985528815	0.264057973710619	0.228049975157738	0	0	1	0.2	0.315329551066991	0.122571390936873	0.0763417802645265	0.561786201162248	0.485444420897721	0	0	2	0.1	0.155535605537741	0.060440216067062	0.0375565052333781	0.276547927558264	0.238991422324886	0	0	2	0.2	0.339282505765732	0.1317733657326	0.0817326245311999	0.609860560294513	0.528127935763313	0	0	3	0.1	0.165935228294766	0.064444694824326	0.0396724570990816	0.299801395587356	0.260128938488274	0	0	3	0.2	0.365334220703691	0.14189258618219	0.0874862772685505	0.656346790804247	0.568860513535696
341	0	0	0	0.1	0.15655808450467	0.0680125904011304	0.0238278264914785	0.292451708837078	0.268623882345599	0	0	0	0.2	0.291895364904631	0.126355144813238	0.0434832196556117	0.540708703886392	0.497225484230781	0	0	1	0.1	0.142452230360463	0.0612422119641637	0.0211766047038099	0.265373889989886	0.244197285286076	0	0	1	0.2	0.3049034134346	0.131013237851909	0.0438630367441135	0.571204738649638	0.527341701905525	0	0	2	0.1	0.151207423350219	0.0647727655291331	0.0216148469300707	0.283497040124927	0.261882193194857	0	0	2	0.2	0.332295452493757	0.142587669879655	0.0478260870948167	0.615215523288157	0.56738943619334	0	0	3	0.1	0.162410607733173	0.0695271575191722	0.0242398110647305	0.300138257981295	0.275898446916564	0	0	3	0.2	0.359937509482645	0.154431818642994	0.0526941401818177	0.663890025707171	0.611195885525354
365	0	0	0	0.1	0.148413297139603	0.0757426345862918	0.0043991013957415	0.294772541570102	0.29037344017436	0	0	0	0.2	0.270325360877993	0.137481138192272	0.00712808285530226	0.530381041858104	0.523252959002802	0	0	1	0.1	0.124264493184729	0.0631220683485945	0.00337954769967234	0.241035839495869	0.237656291796196	0	0	1	0.2	0.262521456280354	0.133251848323638	0.00610375606780939	0.510094953160273	0.503991197092463	0	0	2	0.1	0.12616353174722	0.0640585785606511	0.00287305318979919	0.243827484224362	0.240954431034563	0	0	2	0.2	0.275213004058459	0.139718667177513	0.0074521699290433	0.538783897197817	0.531331727268773	0	0	3	0.1	0.132342582024372	0.0672007758155717	0.00203905693088919	0.257770768247164	0.255731711316275	0	0	3	0.2	0.291737399598319	0.148135969074999	0.00731017217245895	0.571167331380933	0.563857159208474
340	0	0	0	0.1	0.266896743130315	0.0670740511100419	0.144340957451593	0.403876696057356	0.259535738605763	0	0	0	0.2	0.50433184113879	0.126438221722164	0.272058830486552	0.770578384013995	0.498519553527443	0	0	1	0.1	0.269398947828714	0.068755504888448	0.147541520272597	0.420247886025174	0.272706365752578	0	0	1	0.2	0.576029578431653	0.146966126382084	0.320047409088182	0.902622103877566	0.582574694789384	0	0	2	0.1	0.295881989033543	0.0760912431082425	0.164279730222898	0.468342126269796	0.304062396046898	0	0	2	0.2	0.648893569715673	0.167260427022881	0.361183149957565	1.0232489244114	0.662065774453833	0	0	3	0.1	0.323578530225543	0.0836313386687195	0.178766824073556	0.511108560731262	0.332341736657706	0	0	3	0.2	0.715568081365177	0.185596225646122	0.398095904031096	1.13274218632937	0.734646282298278
307	0	0	0	0.1	0.0725528799894337	0.0744422487246069	-0.082403876924771	0.212623720114944	0.295027597039715	0	0	0	0.2	0.13284189064559	0.136265839114494	-0.148166302782097	0.383373671529465	0.531539974311562	0	0	1	0.1	0.0625855354498102	0.0643961730247615	-0.0703026856599144	0.181791735912882	0.252094421572797	0	0	1	0.2	0.132374424902475	0.136184284388245	-0.149714500173883	0.383678630252084	0.533393130425967	0	0	2	0.1	0.0643621796834792	0.0664076710787522	-0.0733748491523514	0.188208934147804	0.261583783300155	0	0	2	0.2	0.140417206667234	0.14493587829578	-0.161209864557752	0.414207675242609	0.575417539800361	0	0	3	0.1	0.0680262948509847	0.0702569331607207	-0.0761251693459485	0.199715895554643	0.275841064900591	0	0	3	0.2	0.149863991837208	0.154870841911978	-0.171207121407925	0.444978789748918	0.616185911156844
239	0	0	0	0.1	0.282397715029233	0.0658383271041834	0.156009107937284	0.414864510960818	0.258855403023535	0	0	0	0.2	0.520448764782915	0.120770815423093	0.286486663278257	0.765315006152253	0.478828342873996	0	0	1	0.1	0.258329326168417	0.0612479916227407	0.14330276138191	0.385992609383344	0.242689848001434	0	0	1	0.2	0.547252414803962	0.129568971494277	0.311021338176722	0.818407914681174	0.507386576504452	0	0	2	0.1	0.272892070958252	0.0652564870419489	0.153749452584552	0.408064733309215	0.254315280724663	0	0	2	0.2	0.595446597506515	0.142555198345232	0.334359686100368	0.890335619998299	0.555975933897931	0	0	3	0.1	0.292407128962289	0.0703179658810766	0.162891121526195	0.436475424719919	0.273584303193724	0	0	3	0.2	0.64420508836708	0.155344487139934	0.360459003582967	0.957287794242985	0.596828790660018
256	0	0	0	0.1	0.097784893745313	0.0597798977549461	-0.0287391942530473	0.20971223334877	0.238451427601817	0	0	0	0.2	0.179931558759906	0.109706307046489	-0.0537358630637658	0.387005387601986	0.440741250665752	0	0	1	0.1	0.0863189680547383	0.0527818564168737	-0.026725773391173	0.184234437753255	0.210960211144428	0	0	1	0.2	0.184459479652963	0.112637535754277	-0.0583929281268109	0.392339627266855	0.450732555393666	0	0	2	0.1	0.0912567949554661	0.0558428426279499	-0.029303078899013	0.193022796704105	0.222325875603118	0	0	2	0.2	0.200208563455353	0.122430893874904	-0.06405979974463	0.421389658511919	0.485449458256549	0	0	3	0.1	0.0979703449430531	0.0599845594450087	-0.031894072785851	0.207273943640675	0.239168016426526	0	0	3	0.2	0.216584007937385	0.132515885104436	-0.0718010553386869	0.458575337941135	0.530376393279822
302	0	0	0	0.1	0.376446125572159	0.0787000579931155	0.229922969291803	0.534898981034659	0.304976011742856	0	0	0	0.2	0.679050369195808	0.14058507436953	0.417643092878084	0.955201649789405	0.537558556911321	0	0	1	0.1	0.305601036665677	0.0647484425058037	0.187194215726946	0.43278015502934	0.245585939302394	0	0	1	0.2	0.640787030901024	0.134604335437328	0.398298067108099	0.905164998176331	0.506866931068233	0	0	2	0.1	0.303188647977078	0.0642081907354012	0.186868505890748	0.432603935640862	0.245735429750113	0	0	2	0.2	0.658591649923249	0.139254656919373	0.400707374124991	0.941278361282386	0.540570987157396	0	0	3	0.1	0.313947857011709	0.0666051051785718	0.189325579781588	0.452409885521275	0.263084305739687	0	0	3	0.2	0.689814136443359	0.146535545085521	0.413596716987852	0.995415153477266	0.581818436489414
309	0	0	0	0.1	0.16064129600616	0.0578377349874654	0.0469956516648355	0.27079048797184	0.223794836307005	0	0	0	0.2	0.30433437542377	0.108959645510882	0.0890799220472019	0.511414139401213	0.422334217354011	0	0	1	0.1	0.158653042212555	0.0570724701801274	0.0480206380460421	0.270444264834764	0.222423626788722	0	0	1	0.2	0.342564494601946	0.123043951818988	0.104303765186716	0.585382464880942	0.481078699694227	0	0	2	0.1	0.174870541646455	0.0630493188177262	0.0520089887868646	0.298072379143665	0.2460633903568	0	0	2	0.2	0.386048043118505	0.139170050186686	0.117741043543587	0.657617025631356	0.539875982087769	0	0	3	0.1	0.191706037016034	0.0691919998743808	0.0562002247427357	0.325663274272248	0.269463049529513	0	0	3	0.2	0.426063349270529	0.154080530264748	0.129413307468916	0.726184976372281	0.596771668903365
263	0	0	0	0.1	0.198544956517038	0.0574733931471785	0.0907689215197423	0.309706315765744	0.218937394246002	0	0	0	0.2	0.370582380637446	0.106943049177756	0.170010164800863	0.579348276319065	0.409338111518202	0	0	1	0.1	0.190606662603573	0.0558310006423955	0.0871605733158945	0.303371238959615	0.216210665643721	0	0	1	0.2	0.409131339784223	0.119777287800379	0.187824525454809	0.651185629134741	0.463361103679932	0	0	2	0.1	0.208288376968447	0.0613399217414636	0.09508116746091	0.331792893742899	0.236711726281989	0	0	2	0.2	0.457773164088821	0.135031668527441	0.20927249298303	0.727751468221909	0.518478975238879	0	0	3	0.1	0.227304036091662	0.0671986150758247	0.104041299205643	0.358778856399687	0.254737557194044	0	0	3	0.2	0.503443418361216	0.149295974423072	0.229172649848591	0.801051482375911	0.57187883252732
393	0	0	0	0.1	0.2072284264868	0.0691234240937023	0.0646127545150914	0.341253098946564	0.276640344431473	0	0	0	0.2	0.396788657410687	0.131323621366962	0.123699464642174	0.654166421781592	0.530466957139418	0	0	1	0.1	0.211911372579222	0.0705027123049793	0.0688081230426329	0.34772292606163	0.278914803018997	0	0	1	0.2	0.456342056887917	0.151331971563522	0.148820421892271	0.752097976516706	0.603277554624435	0	0	2	0.1	0.234087599269594	0.0779010939106671	0.0783024974881402	0.387095263278386	0.308792765790246	0	0	2	0.2	0.516070669643335	0.171639301806158	0.171478023248136	0.860868953713154	0.689390930465018	0	0	3	0.1	0.256592033907163	0.0855748768709318	0.0850194965657978	0.429137718870757	0.344118222304959	0	0	3	0.2	0.570257213032825	0.190237491768567	0.190598467692583	0.953793168990432	0.763194701297849
268	0	0	0	0.1	0.215270792049013	0.0701619292754206	0.0825219818833447	0.353941631170891	0.271419649287547	0	0	0	0.2	0.406586705546843	0.13212586965733	0.156779933266486	0.668934682857709	0.512154749591224	0	0	1	0.1	0.208386079341433	0.0682728359399559	0.0805332345733466	0.346246902803565	0.265713668230218	0	0	1	0.2	0.447465040757323	0.14674016133376	0.173597708372697	0.743420472200258	0.569822763827561	0	0	2	0.1	0.226194297821004	0.0744839958033092	0.0854608284304639	0.378649114988872	0.293188286558408	0	0	2	0.2	0.497862882268782	0.164369331129604	0.189488560708864	0.836330374339179	0.646841813630315	0	0	3	0.1	0.245758167604805	0.0812153054637382	0.0944705562240973	0.413980672220082	0.319510115995985	0	0	3	0.2	0.545405896596524	0.180872543613323	0.207391086375617	0.915921919221796	0.708530832846178
310	0	0	0	0.1	0.133270602414903	0.0634671331664895	0.0114180027051509	0.251582820417999	0.240164817712848	0	0	0	0.2	0.246761944518243	0.117445675946319	0.0215752679759845	0.465572223539	0.443996955563015	0	0	1	0.1	0.119827077382252	0.0573402239265269	0.0107120508449468	0.232551521792374	0.221839470947427	0	0	1	0.2	0.256732638962603	0.122919188056766	0.0221733864176111	0.495282388607428	0.473109002189817	0	0	2	0.1	0.127671545458185	0.061300790190105	0.0101697178728137	0.248311452520048	0.238141734647234	0	0	2	0.2	0.280536258764112	0.134727863582791	0.0250224138144822	0.54494807851975	0.519925664705267	0	0	3	0.1	0.137441389464478	0.0661606712876888	0.0120478500695939	0.268771298281585	0.256723448211992	0	0	3	0.2	0.304533372203058	0.146567454466216	0.0273309856790335	0.596000071929503	0.568669086250469
311	0	0	0	0.1	0.271128701447832	0.0659237704027472	0.143650154428774	0.396620422020641	0.252970267591866	0	0	0	0.2	0.506210622545182	0.123122704940341	0.27232444107865	0.742557459066849	0.470233017988198	0	0	1	0.1	0.247350415198286	0.0615098211159288	0.133399385950106	0.368558083304621	0.235158697354515	0	0	1	0.2	0.531151555044057	0.132085402232596	0.288544651017101	0.783665928129555	0.495121277112454	0	0	2	0.1	0.263577925180336	0.0661050401895788	0.143600552547641	0.388242648127872	0.244642095580231	0	0	2	0.2	0.580348697035068	0.14591339346884	0.317184552805706	0.86339346304525	0.546208910239544	0	0	3	0.1	0.283658404826219	0.0715332958038038	0.154600383387832	0.423934008928309	0.269333625540477	0	0	3	0.2	0.629522335038995	0.159328213275005	0.346074054230941	0.946778230399708	0.600704176168767
298	0	0	0	0.1	0.199728174060205	0.0628193859873224	0.0786762965759641	0.321741465245808	0.243065168669844	0	0	0	0.2	0.36658814071061	0.114888417072049	0.142802125608449	0.597076747701846	0.454274622093398	0	0	1	0.1	0.174710579214007	0.0552375588663751	0.0680064635020353	0.286248796621359	0.218242333119324	0	0	1	0.2	0.371929359138366	0.117384176645544	0.146923716807515	0.607121305033899	0.460197588226384	0	0	2	0.1	0.182945647468719	0.0579919875184561	0.0717852877849001	0.30162547690148	0.22984018911658	0	0	2	0.2	0.400467558145564	0.126951250440559	0.157298526209141	0.660352340699489	0.503053814490348	0	0	3	0.1	0.195210348900143	0.0620365403571545	0.0767245222974912	0.322666862588512	0.245942340291021	0	0	3	0.2	0.431164521696977	0.13713064970631	0.17025443385661	0.714945568003448	0.544691134146838
371	0	0	0	0.1	0.252519344208493	0.0746129421179246	0.108663488070962	0.40203585459952	0.293372366528558	0	0	0	0.2	0.462701238983115	0.135803570253374	0.201184383193981	0.746406624310455	0.545222241116474	0	0	1	0.1	0.217280086567414	0.0642307430501866	0.0925935529562292	0.342632410764623	0.250038857808394	0	0	1	0.2	0.460439272619809	0.135767926706367	0.199408047166226	0.729935602791015	0.530527555624789	0	0	2	0.1	0.223715431503452	0.0663172657418402	0.0962967895001293	0.355126083904653	0.258829294404524	0	0	2	0.2	0.488858821028821	0.145045373481252	0.208435170926167	0.77936399263773	0.570928821711563	0	0	3	0.1	0.23643608829324	0.0703877255796934	0.101135938322268	0.376141509612936	0.275005571290669	0	0	3	0.2	0.521761890079675	0.155525354434499	0.227243718669962	0.83663951389284	0.609395795222879
231	0	0	0	0.1	0.153992362628963	0.0699570827634312	0.0190842899140263	0.293457245693402	0.274372955779375	0	0	0	0.2	0.285079764230247	0.12886662620374	0.0359838417396609	0.53191260559512	0.495928763855459	0	0	1	0.1	0.135525359665476	0.0611679461171421	0.017632933000438	0.257357082540743	0.239724149540305	0	0	1	0.2	0.289882542759848	0.13063738375986	0.0360636097143641	0.552861214900436	0.516797605186072	0	0	2	0.1	0.142314842449399	0.0641331192793333	0.0171498063786019	0.270323775903995	0.253173969525393	0	0	2	0.2	0.312706390461899	0.140912096403633	0.0371989467460574	0.593499867799313	0.556300921053255	0	0	3	0.1	0.152081209238415	0.0685471980781814	0.0181596677944711	0.286574688695733	0.268415020901262	0	0	3	0.2	0.336956310002141	0.151949628818021	0.0402838531629518	0.637735511366631	0.597451658203679
335	0	0	0	0.1	0.0774586213989762	0.0725117134991264	-0.0646510360050133	0.221975235438616	0.286626271443629	0	0	0	0.2	0.146818168578303	0.137366985546391	-0.124423075533421	0.41397007403392	0.538393149567341	0	0	1	0.1	0.073756909175669	0.0690698494171329	-0.0639558542385941	0.206882464451687	0.270838318690281	0	0	1	0.2	0.158728627069211	0.148702023605986	-0.137775511748482	0.446091732466461	0.583867244214943	0	0	2	0.1	0.0795140059541088	0.0745448073064953	-0.0695069272010119	0.222986309308737	0.292493236509749	0	0	2	0.2	0.175319722312452	0.164541180115348	-0.153373659413309	0.496421631631574	0.649795291044883	0	0	3	0.1	0.0859810268766089	0.0807275171328785	-0.0754458302343058	0.244300252579236	0.319746082813542	0	0	3	0.2	0.191161119802314	0.17966072272809	-0.167631422642431	0.54160169539793	0.70923311804036
178	0	0	0	0.1	0.281973436189559	0.0708019610926185	0.149564313967287	0.425378622551621	0.275814308584334	0	0	0	0.2	0.520656702989684	0.130225582402476	0.278739034959323	0.787662105863796	0.508923070904473	0	0	1	0.1	0.258084948776695	0.0657547928995225	0.137256764769796	0.393824411159361	0.256567646389565	0	0	1	0.2	0.547495035107922	0.139206476337031	0.29238350386481	0.834189894175876	0.541806390311065	0	0	2	0.1	0.272897973176802	0.0699307633714975	0.146723743857026	0.419647446895213	0.272923703038186	0	0	2	0.2	0.595924221100951	0.15295734684222	0.318296422303795	0.911056029741555	0.59275960743776	0	0	3	0.1	0.292367820368785	0.0752976156117154	0.154246266565332	0.447165688994346	0.292919422429014	0	0	3	0.2	0.644505264377779	0.16650294735006	0.340891086501139	0.990315608159744	0.649424521658605
306	0	0	0	0.1	0.268793287472637	0.0679222478335852	0.139925018313471	0.403673140730521	0.26374812241705	0	0	0	0.2	0.494035479952327	0.124351301209241	0.260793189129112	0.749891098460408	0.489097909331296	0	0	1	0.1	0.233349036494409	0.05944946370959	0.121904069130837	0.353564268772179	0.231660199641342	0	0	1	0.2	0.497706730740755	0.126691865245949	0.259484382309198	0.756197824495261	0.496713442186062	0	0	2	0.1	0.243706589934093	0.062340246818166	0.126384137429824	0.372460502127539	0.246076364697715	0	0	2	0.2	0.534343037314983	0.137008239402362	0.274948594984156	0.816223132384789	0.541274537400632	0	0	3	0.1	0.259742151140285	0.066687044033527	0.132727713722715	0.39976790311144	0.267040189388725	0	0	3	0.2	0.574353349868123	0.148113256271576	0.295477743063212	0.88352132254944	0.588043579486228
378	0	0	0	0.1	0.17868241717025	0.0615104458995729	0.0561320374981471	0.292487867639418	0.236355830141271	0	0	0	0.2	0.328503978755614	0.112651510422098	0.104949575860666	0.536041799624032	0.431092223763366	0	0	1	0.1	0.159995017243742	0.0553339870034038	0.0510353613464562	0.263293635189751	0.212258273843295	0	0	1	0.2	0.341036472018936	0.117916823777823	0.107847680164469	0.561293986068052	0.453446305903583	0	0	2	0.1	0.169677528401514	0.0589524185710349	0.0539410038080589	0.282596914709357	0.228655910901298	0	0	2	0.2	0.371542137112617	0.12920409009984	0.119247020429376	0.622105310908844	0.502858290479468	0	0	3	0.1	0.182326246232513	0.0635536168437951	0.0585009859837165	0.306228419213883	0.247727433230166	0	0	3	0.2	0.402778885091085	0.140683916327351	0.129519186985236	0.675569819496535	0.546050632511299
308	0	0	0	0.1	0.205224918907177	0.0638942354049155	0.0809864416525967	0.333411695299633	0.252425253647036	0	0	0	0.2	0.389179786888848	0.12097826009966	0.152287967672125	0.632464130908941	0.480176163236816	0	0	1	0.1	0.19682874585904	0.0617411668877951	0.0773252706716752	0.316399625819552	0.239074355147877	0	0	1	0.2	0.4250150017219	0.133602843842303	0.166131185793881	0.681018391131653	0.514887205337771	0	0	2	0.1	0.213768467450002	0.067584899326925	0.0832061297447834	0.345782887330989	0.262576757586205	0	0	2	0.2	0.472477058437846	0.149788271327233	0.183493811319491	0.771362646547759	0.587868835228269	0	0	3	0.1	0.232342188014614	0.0737798923990536	0.0892973185496127	0.378564065216321	0.289266746666708	0	0	3	0.2	0.517309298211388	0.16485002099756	0.198859890734056	0.850639358869798	0.651779468135742
348	0	0	0	0.1	0.159405443043959	0.0644265606628208	0.0369334890540421	0.286139864243051	0.249206375189009	0	0	0	0.2	0.293344762778241	0.118505204714192	0.0686284554895277	0.525485887751676	0.456857432262148	0	0	1	0.1	0.147403737674215	0.0600457738187819	0.0342872066506302	0.263623490367654	0.229336283717024	0	0	1	0.2	0.313105980855673	0.127593485574928	0.0729589026627671	0.563876318407384	0.490917415744617	0	0	2	0.1	0.157778689596312	0.0645640401443083	0.0348650877269395	0.285210566489307	0.250345478762367	0	0	2	0.2	0.344550434416286	0.141143935812687	0.0782754205954941	0.617239749778516	0.538964329183022	0	0	3	0.1	0.17036592666496	0.0698658581063863	0.037713659343006	0.307325758918436	0.26961209957543	0	0	3	0.2	0.375446316963543	0.154363914086641	0.0827233521175841	0.687686875294988	0.604963523177404
313	0	0	0	0.1	0.133307200851647	0.0639642870693911	0.0112652202471501	0.260298572410062	0.249033352162912	0	0	0	0.2	0.25023319968547	0.120155226689336	0.0203530093184566	0.48510221950735	0.464749210188893	0	0	1	0.1	0.126630602555426	0.061336989281779	0.00989063208871264	0.246150052279628	0.236259420190915	0	0	1	0.2	0.271607563019916	0.131648042067803	0.0210917742221109	0.527306063620805	0.506214289398694	0	0	2	0.1	0.136843784702021	0.066581950782877	0.0101615646951892	0.265130969539919	0.25496940484473	0	0	2	0.2	0.300962979120596	0.14656615620158	0.0229321156196796	0.58233052504111	0.55939840942143	0	0	3	0.1	0.148480423605126	0.0724196291194699	0.0122240537254875	0.289938696668252	0.277714642942765	0	0	3	0.2	0.329056747479178	0.160874412504256	0.0258521421001012	0.635164754879447	0.609312612779346
343	0	0	0	0.1	0.217922624189755	0.0639106835432006	0.0993443636246686	0.344430154176032	0.245085790551363	0	0	0	0.2	0.405062769597069	0.118381978534993	0.185546047502628	0.636814375340011	0.451268327837383	0	0	1	0.1	0.203398125916474	0.0606692342946676	0.0897082263329455	0.328223731490022	0.238515505157077	0	0	1	0.2	0.435436454136845	0.129589100652755	0.189367046148343	0.702940941922093	0.51357389577375	0	0	2	0.1	0.219295899220293	0.065810373175281	0.0948829041889014	0.355708577560933	0.260825673372031	0	0	2	0.2	0.481393578183794	0.144370285376184	0.206393513980848	0.78063927991997	0.574245765939121	0	0	3	0.1	0.237597946659387	0.0715377581333859	0.10147525611792	0.386133375353256	0.284658119235336	0	0	3	0.2	0.525671316805242	0.158351138590104	0.226213241574563	0.853004322562287	0.626791080987724
339	0	0	0	0.1	0.179341805247007	0.0677979595678101	0.0427104411048043	0.316528736651356	0.273818295546552	0	0	0	0.2	0.326411981036287	0.122828954078194	0.0795334758553874	0.581181216387769	0.501647740532382	0	0	1	0.1	0.159623872665292	0.0600971415801595	0.041276694018951	0.282961633412804	0.241684939393853	0	0	1	0.2	0.336716079859828	0.126525261497209	0.0863871299546897	0.59464678249813	0.50825965254344	0	0	2	0.1	0.167374660277028	0.0628970729133329	0.0426369157470871	0.295744333785302	0.253107418038215	0	0	2	0.2	0.364049997346474	0.136848550962721	0.0942377764651772	0.642406745344075	0.548168968878898	0	0	3	0.1	0.17875021258073	0.067221022043858	0.0444471791825341	0.314667883308705	0.270220704126171	0	0	3	0.2	0.392643392951391	0.147774497434426	0.100308810880731	0.687741453113044	0.587432642232314
333	0	0	0	0.1	0.0594796852756117	0.0657577748546068	-0.0739465226722053	0.18210921001173	0.256055732683935	0	0	0	0.2	0.111275747885659	0.12325101753981	-0.138261347967851	0.343893541885799	0.48215488985365	0	0	1	0.1	0.0539333064982099	0.0598686625417838	-0.0676324046213853	0.165902159370124	0.233534563991509	0	0	1	0.2	0.116088074967364	0.129063118978482	-0.142322438134155	0.358767309830641	0.501089747964796	0	0	2	0.1	0.0575622448299723	0.0640547380808216	-0.0711122114661512	0.178734116390637	0.249846327856788	0	0	2	0.2	0.126966827076293	0.141466170948096	-0.156802861766931	0.395133814357683	0.551936676124614	0	0	3	0.1	0.0620780503674297	0.0690596352956459	-0.0763995000523231	0.190928165926562	0.267327665978885	0	0	3	0.2	0.137879026392817	0.153766652053477	-0.170370834171244	0.427698165750496	0.59806899992174
280	0	0	0	0.1	0.214397515214434	0.0646014574213766	0.0936334062957043	0.346002152732025	0.252368746436321	0	0	0	0.2	0.392834499057033	0.118010836539124	0.171405751936556	0.631009929119607	0.459604177183052	0	0	1	0.1	0.191340608499075	0.0581310006296777	0.0818746417788864	0.310150337398746	0.22827569561986	0	0	1	0.2	0.4062849278304	0.123374706007673	0.174021731831241	0.662613032466748	0.488591300635507	0	0	2	0.1	0.201773809633471	0.0615994037217634	0.0857244049651882	0.329756312052919	0.244031907087731	0	0	2	0.2	0.440809278912475	0.134688677995678	0.186355231662807	0.726407714395333	0.540052482732526	0	0	3	0.1	0.216160355957675	0.0661761056186763	0.0914633597689066	0.356837738630115	0.265374378861208	0	0	3	0.2	0.476441954768518	0.146357614536099	0.203562558058108	0.786918768701875	0.583356210643767
392	0	0	0	0.1	0.222877422216716	0.0696685477346923	0.091161050614526	0.366486853389209	0.275325802774683	0	0	0	0.2	0.413160696894683	0.128711700993861	0.169187402863241	0.671129265218079	0.501941862354839	0	0	1	0.1	0.197649938868734	0.0620302116192864	0.0836287610462345	0.324322541617445	0.240693780571211	0	0	1	0.2	0.421753223878784	0.132155160138615	0.179945511810456	0.695143869402282	0.515198357591826	0	0	2	0.1	0.20706302346233	0.0650309106245738	0.0885035315424269	0.342856331357048	0.254352799814621	0	0	2	0.2	0.454336407468474	0.142820752176181	0.19101687004028	0.753256904510977	0.562240034470697	0	0	3	0.1	0.220827952466399	0.0694623490582282	0.0924967427168781	0.363289497701315	0.270792754984437	0	0	3	0.2	0.488894110152361	0.154037051974073	0.201644652831978	0.805581731574183	0.603937078742204
355	0	0	0	0.1	0.325290888993913	0.0697288016278372	0.197209810031222	0.47357580375416	0.276365993722938	0	0	0	0.2	0.616703346992725	0.13065027895563	0.377909304540361	0.900082159834971	0.522172855294609	0	0	1	0.1	0.319341781631699	0.0692339234136336	0.196333402562415	0.470673465243027	0.274340062680612	0	0	1	0.2	0.686906418415516	0.148243796040897	0.428390240047247	1.01351000250628	0.585119762459031	0	0	2	0.1	0.347995344005858	0.0761326154641084	0.217024423019825	0.518193639078129	0.301169216058304	0	0	2	0.2	0.766970724686883	0.167741681491569	0.478408119980485	1.13532660130737	0.656918481326884	0	0	3	0.1	0.378773767474402	0.0834294069537486	0.237182774713174	0.563715263531072	0.326532488817899	0	0	3	0.2	0.841427982099746	0.185769266491579	0.525095678307463	1.24844246536282	0.723346787055352
290	0	0	0	0.1	0.200430604119373	0.0629211703017841	0.0818949752531185	0.327862745228574	0.245967769975456	0	0	0	0.2	0.376791494680035	0.116685511528161	0.158521955390657	0.614073871317448	0.455551915926791	0	0	1	0.1	0.196876284038114	0.0610187568915534	0.0823176263226521	0.326579829018405	0.244262202695753	0	0	1	0.2	0.421310010871257	0.129862117558478	0.177921021483953	0.69283501305747	0.514913991573518	0	0	2	0.1	0.214946947533434	0.0663793877632891	0.0905847672100125	0.351397098708513	0.260812331498501	0	0	2	0.2	0.471789942460975	0.145392136064679	0.200614206436835	0.772891349332226	0.572277142895391	0	0	3	0.1	0.234400999547611	0.0723210646226431	0.0981002927290423	0.382362236811028	0.284261944081986	0	0	3	0.2	0.518701742405048	0.159896187043854	0.219407746747846	0.847443854214095	0.628036107466249
295	0	0	0	0.1	0.190018578552013	0.0643704374309103	0.06704172690505	0.318021182248874	0.250979455343824	0	0	0	0.2	0.350317583718617	0.118321078238749	0.12395507588701	0.582778398530807	0.458823322643797	0	0	1	0.1	0.165592112242159	0.0563657933774095	0.0584231058738358	0.28080181987228	0.222378713998444	0	0	1	0.2	0.354632479834558	0.120682934703709	0.124893550700677	0.597547353748675	0.472653803047998	0	0	2	0.1	0.174273363625893	0.0595433901951143	0.0613784364245864	0.295474883459758	0.234096447035172	0	0	2	0.2	0.383121827203577	0.131079992391586	0.135523509361608	0.64668486119981	0.511161351838202	0	0	3	0.1	0.186595047150308	0.0639568528067568	0.0649228767104766	0.31637646730176	0.251453590591283	0	0	3	0.2	0.413461263877809	0.141945804629125	0.14650853460481	0.697476094790331	0.550967560185521
349	0	0	0	0.1	0.176137238822028	0.0564345191183206	0.0694087421969884	0.286530508684362	0.217121766487373	0	0	0	0.2	0.328574698465966	0.104685166022057	0.131385079699308	0.532471127364646	0.401086047665338	0	0	1	0.1	0.169204721507415	0.054025774468638	0.0682296928922926	0.278299944021556	0.210070251129264	0	0	1	0.2	0.363719336645246	0.115912521127692	0.146407934328283	0.597495697160682	0.4510877628324	0	0	2	0.1	0.185602749412358	0.0592189430569694	0.0727673623036674	0.306330127323567	0.2335627650199	0	0	2	0.2	0.408218222686927	0.130356077711102	0.162217464591735	0.673119466615974	0.51090200202424	0	0	3	0.1	0.20307235472425	0.0647882425123547	0.0812167201786815	0.336450926776782	0.2552342065981	0	0	3	0.2	0.450017253269311	0.143805492613377	0.17962365826092	0.752839075135888	0.573215416874967
257	0	0	0	0.1	0.269829606574758	0.0629596979176145	0.158982003144324	0.393631796608028	0.234649793463704	0	0	0	0.2	0.492495406321578	0.114489970424278	0.285547052038301	0.725340447418449	0.439793395380148	0	0	1	0.1	0.244854284409912	0.0581477601783805	0.139712474185102	0.35916131871053	0.219448844525428	0	0	1	0.2	0.517770074781185	0.122687719053389	0.298107801138185	0.760558110408838	0.462450309270653	0	0	2	0.1	0.259450668780685	0.0621946008803154	0.149207404156268	0.384788941204116	0.235581537047848	0	0	2	0.2	0.564943380539156	0.135635044634471	0.327605450955601	0.839547993757374	0.511942542801772	0	0	3	0.1	0.278668251825877	0.0672596091836261	0.159260890238727	0.415153758163615	0.255892867924888	0	0	3	0.2	0.612653952486448	0.148375182469871	0.348831383465406	0.916056788624844	0.567225405159438
284	0	0	0	0.1	0.162848067116296	0.0723757616653092	0.0271705309249558	0.306290802003765	0.279120271078809	0	0	0	0.2	0.312499016686366	0.138538543761477	0.0523462073028997	0.584704469342349	0.53235826203945	0	0	1	0.1	0.15475068594043	0.0689134710506063	0.0259426531821859	0.297973664801133	0.272031011618947	0	0	1	0.2	0.336213128014533	0.149615398680066	0.0569647412599605	0.650717148380758	0.593752407120797	0	0	2	0.1	0.166944783766791	0.074454209362529	0.0285016349101	0.323637415461725	0.295135780551625	0	0	2	0.2	0.370971441735083	0.165531172514079	0.0627376162311659	0.721273860233845	0.658536244002679	0	0	3	0.1	0.180732636590887	0.0807178850656618	0.0306815549040395	0.35077289578696	0.320091340882921	0	0	3	0.2	0.404378643639806	0.180731908959523	0.0690157478610526	0.791330088104679	0.722314340243627
264	0	0	0	0.1	0.292722663429318	0.0652130204037132	0.159687644330447	0.417196084506399	0.257508440175951	0	0	0	0.2	0.541390878064807	0.119826258444677	0.293608261143612	0.784888677243404	0.491280416099792	0	0	1	0.1	0.255434602283315	0.0577018265030765	0.140045873489056	0.370323066110326	0.230277192621271	0	0	1	0.2	0.547037002735605	0.123613021163195	0.301101309644707	0.788757667021169	0.487656357376462	0	0	2	0.1	0.267667094539875	0.0611054790500475	0.147449103441964	0.386771790812823	0.239322687370859	0	0	2	0.2	0.58856575398097	0.134754776209173	0.324888812127001	0.858796313668965	0.533907501541964	0	0	3	0.1	0.285645634839062	0.0657193871174126	0.155589764656494	0.417071325936351	0.261481561279857	0	0	3	0.2	0.633200548601698	0.146169684070285	0.34942956343012	0.937021955811224	0.587592392381103
279	0	0	0	0.1	0.215044011593895	0.0679511746120116	0.0844797518417837	0.356377836252246	0.271898084410462	0	0	0	0.2	0.400533500993618	0.126173807095225	0.155605936920882	0.653276324957361	0.49767038803648	0	0	1	0.1	0.199802626350821	0.0636034342935058	0.0773317551992084	0.326785865488155	0.249454110288947	0	0	1	0.2	0.426713563082534	0.135716568726053	0.165244350272266	0.688091464501909	0.522847114229643	0	0	2	0.1	0.213446251941472	0.0681400091843216	0.0825637188701025	0.347227280733677	0.264663561863575	0	0	2	0.2	0.468136417363183	0.149666829873817	0.180896949789684	0.762224602061914	0.58132765227223	0	0	3	0.1	0.230041992841833	0.0736302386892174	0.0869836422856857	0.37547784335007	0.288494201064384	0	0	3	0.2	0.509022767518973	0.163228621088638	0.193936051136928	0.832227216273613	0.638291165136685
297	0	0	0	0.1	0.130095186124859	0.0742468061149131	-0.00729182479765175	0.286168667479608	0.29346049227726	0	0	0	0.2	0.245540889398284	0.140212350961801	-0.0141855268358508	0.543064104758586	0.557249631594437	0	0	1	0.1	0.121797373427975	0.0695937184675246	-0.0070581456782628	0.271269391000346	0.278327536678609	0	0	1	0.2	0.261594393501332	0.149697900522014	-0.015208743509716	0.585010469824832	0.600219213334548	0	0	2	0.1	0.130266496532936	0.0745677278195826	-0.00775570744047788	0.288585526844109	0.296341234284587	0	0	2	0.2	0.287038307398345	0.164507081060356	-0.0191192087813312	0.635504993968235	0.654624202749566	0	0	3	0.1	0.140369735113794	0.0804256328166803	-0.0086848123588606	0.311044509828754	0.319729322187615	0	0	3	0.2	0.311932561513895	0.178985721051319	-0.0199370774090893	0.684494623653942	0.704431701063031
319	0	0	0	0.1	0.0627520225669704	0.0691852146465907	-0.0783899087040143	0.191882252222892	0.270272160926907	0	0	0	0.2	0.115702727208848	0.12778922729971	-0.148409113737289	0.354829776141814	0.503238889879103	0	0	1	0.1	0.0579289234425534	0.0641855770631627	-0.0735062834975617	0.176686532876006	0.250192816373567	0	0	1	0.2	0.122913191954789	0.136419893263326	-0.155969066986668	0.375597198058424	0.531566265045092	0	0	2	0.1	0.0617341433927578	0.0686393615838656	-0.0793502564128506	0.190628218520016	0.269978474932867	0	0	2	0.2	0.134857396897299	0.149979975092697	-0.173348084347178	0.411351150033619	0.584699234380797	0	0	3	0.1	0.0665299714955543	0.0741390602585085	-0.0859124376740596	0.203145214717684	0.289057652391744	0	0	3	0.2	0.146751610957477	0.163477280022182	-0.187895236903084	0.449698202294299	0.637593439197384
294	0	0	0	0.1	0.219355843397963	0.0674447745717066	0.0886732998024067	0.35305635166138	0.264383051858973	0	0	0	0.2	0.404496181474112	0.124019423465712	0.161675567134215	0.650919330326714	0.489243763192499	0	0	1	0.1	0.193519489285563	0.060195876463986	0.0753570877729465	0.312973407173959	0.237616319401013	0	0	1	0.2	0.411648927963092	0.127900279600082	0.160232430045642	0.670951596557143	0.510719166511501	0	0	2	0.1	0.202115140049072	0.0632715020340744	0.0794818105520678	0.331731628097768	0.2522498175457	0	0	2	0.2	0.442524401785524	0.138535767277307	0.172407542042153	0.724888804327728	0.552481262285574	0	0	3	0.1	0.215282110258216	0.0676426941777992	0.0844655375408913	0.35363723020658	0.269171692665689	0	0	3	0.2	0.475725905488071	0.149674110110109	0.186931890656448	0.780362931618772	0.593431040962324
233	0	0	0	0.1	0.110443255587827	0.0598017066431903	-0.00855952871785224	0.230190043150518	0.23874957186837	0	0	0	0.2	0.206098913080339	0.111477838119638	-0.0145059045391624	0.429123160290141	0.443629064829303	0	0	1	0.1	0.105598686899957	0.0570933263349378	-0.0074251024861659	0.216509457808214	0.22393456029438	0	0	1	0.2	0.22622037666762	0.12233477632734	-0.0152232099730445	0.466163033117998	0.481386243091043	0	0	2	0.1	0.114944239198531	0.0621560670086877	-0.00856746935287981	0.236948929844455	0.245516399197335	0	0	2	0.2	0.252428722980409	0.13651890317726	-0.0168182976340849	0.523298095829727	0.540116393463812	0	0	3	0.1	0.125193357474176	0.0677791685509088	-0.00836818296998782	0.258004096361237	0.266372279331225	0	0	3	0.2	0.277138323928215	0.149988830009994	-0.0178594529627753	0.568090501373566	0.585949954336341
287	0	0	0	0.1	0.13375902421261	0.0692549783385565	0.00181834817215329	0.269262530685251	0.267444182513098	0	0	0	0.2	0.255796412834493	0.132087674798527	0.00444950741358698	0.506416463054278	0.501966955640691	0	0	1	0.1	0.126955593626254	0.065910429109647	0.00257770235869995	0.251636802557198	0.249059100198498	0	0	1	0.2	0.275574285403302	0.143023305247139	0.00377525509085453	0.547060028134491	0.543284773043636	0	0	2	0.1	0.137223407601246	0.0714687679061336	0.00292249441361914	0.275252456621528	0.272329962207909	0	0	2	0.2	0.304673989535211	0.158729284463677	0.00586813275562526	0.610599361970138	0.604731229214513	0	0	3	0.1	0.148823743251357	0.0777269305227139	0.00208107418050232	0.298327986546027	0.296246912365524	0	0	3	0.2	0.332596813834233	0.173617040738663	0.00527236728252367	0.670386410440431	0.665114043157907
299	0	0	0	0.1	0.277278545159452	0.0631962643880028	0.15730727251971	0.405829983592658	0.248522711072948	0	0	0	0.2	0.528079741175189	0.119225513542103	0.298885734112987	0.768960888060669	0.470075153947682	0	0	1	0.1	0.265516008530835	0.0605145533206625	0.154464746072308	0.394023683385275	0.239558937312967	0	0	1	0.2	0.576519558409767	0.131040428103603	0.335992796410039	0.862520170339679	0.52652737392964	0	0	2	0.1	0.289167693404393	0.0659411386977164	0.168424163823756	0.436185374695574	0.267761210871818	0	0	2	0.2	0.641390058845345	0.146594064479194	0.375557745912661	0.967600126170061	0.592042380257401	0	0	3	0.1	0.314647960781732	0.0719875130754597	0.184057977861718	0.474311585249612	0.290253607387895	0	0	3	0.2	0.702516251834068	0.161269302220298	0.41130457465557	1.06253120106497	0.651226626409398
300	0	0	0	0.1	0.138373245482789	0.0671133015002298	0.0091609654943444	0.274497079743454	0.265336114249109	0	0	0	0.2	0.261960700627663	0.126937821255701	0.0173465655750149	0.516173594379297	0.498827028804282	0	0	1	0.1	0.131184685366808	0.0635239432845467	0.00900342431933754	0.255552941920048	0.24654951760071	0	0	1	0.2	0.283086030237684	0.137060692212991	0.0186937018857135	0.552073841952322	0.533380140066608	0	0	2	0.1	0.141837473470353	0.0686260905172516	0.00994488207069369	0.277334652963242	0.267389770892548	0	0	2	0.2	0.313346643546211	0.151645679686164	0.0205084192663808	0.616303685026743	0.595795265760363	0	0	3	0.1	0.153834969864207	0.0743670125090615	0.0101431816559334	0.300317606125052	0.290174424469118	0	0	3	0.2	0.342330011906853	0.165737621950426	0.022733971845037	0.669487431509734	0.646753459664697
336	0	0	0	0.1	0.20901644323203	0.0617672909605833	0.0860806903887774	0.33320378294104	0.247123092552263	0	0	0	0.2	0.386766089492203	0.114073198666573	0.161995074397906	0.615942783891895	0.453947709493989	0	0	1	0.1	0.191226466551738	0.0573841313640056	0.0791532672564402	0.304436294051099	0.225283026794659	0	0	1	0.2	0.408179121481841	0.122420256353606	0.170466176212936	0.647369278617309	0.476903102404373	0	0	2	0.1	0.204120442040286	0.0616772076321723	0.0854344968631977	0.327821680622738	0.24238718375954	0	0	2	0.2	0.447433713719657	0.13546180683912	0.186309282219887	0.715827857935056	0.52951857571517	0	0	3	0.1	0.220003968433058	0.0668943738006325	0.091447233526926	0.354820330374532	0.263373096847606	0	0	3	0.2	0.486506104997713	0.148278741829893	0.201377240298998	0.778738130252164	0.577360889953165
234	0	0	0	0.1	0.0918846658818415	0.0644603996477866	-0.0366372596905245	0.20989800568847	0.246535265378994	0	0	0	0.2	0.172314951783102	0.120922714359247	-0.067889372972001	0.39357566958889	0.461465042560891	0	0	1	0.1	0.0900836756835669	0.0633280659754523	-0.038551357317643	0.209962395119806	0.248513752437449	0	0	1	0.2	0.192189114887041	0.135247911652699	-0.082148328398152	0.445329126553698	0.52747745495185	0	0	2	0.1	0.098095716907175	0.0691403209916879	-0.041679742754836	0.226618160012598	0.268297902767434	0	0	2	0.2	0.214843107044523	0.151526487171699	-0.0913862925265283	0.500255968623284	0.591642261149812	0	0	3	0.1	0.106797021238887	0.0753629029765957	-0.0439358167605421	0.250121864588058	0.2940576813486	0	0	3	0.2	0.235997386831767	0.166559521170281	-0.0988140260354354	0.555165182928979	0.653979208964414
379	0	0	0	0.1	0.121022449883533	0.0720726835509321	-0.00593979358154817	0.267347178548318	0.273286972129866	0	0	0	0.2	0.21578913783908	0.12835308519693	-0.0110219463336999	0.473478129172948	0.484500075506648	0	0	1	0.1	0.100629918147977	0.0599372887104401	-0.0049132954176186	0.222750594237299	0.227663889654917	0	0	1	0.2	0.209616602454716	0.124875899867688	-0.0105813487613547	0.463690899957964	0.474272248719319	0	0	2	0.1	0.101476837531168	0.0605731760473437	-0.0056511991134649	0.228098411386471	0.233749610499936	0	0	2	0.2	0.219150515580973	0.130890280176729	-0.0108025868691993	0.492094412575986	0.502896999445186	0	0	3	0.1	0.106144106103191	0.063510738029256	-0.00415349794230421	0.238995701004195	0.243149198946499	0	0	3	0.2	0.232057932930319	0.138867810644837	-0.0120425578464044	0.52300289171206	0.535045449558465
288	0	0	0	0.1	0.207083803139454	0.0695991292294338	0.0650536158012529	0.344607671616044	0.279554055814791	0	0	0	0.2	0.38246111465251	0.128456337380029	0.119234958031275	0.636910345530165	0.51767538749889	0	0	1	0.1	0.181732340871767	0.0614099729294937	0.0557584351896943	0.306182653183872	0.250424217994178	0	0	1	0.2	0.387275928584858	0.131086770080177	0.119051818198461	0.655602007864282	0.536550189665821	0	0	2	0.1	0.18961997238734	0.0643578693980483	0.0579346416315124	0.322874591822563	0.264939950191051	0	0	2	0.2	0.415765848336728	0.141452569103805	0.126453753041049	0.709982683776513	0.583528930735464	0	0	3	0.1	0.201849150944353	0.0687336159888743	0.0614820142445023	0.344046073311292	0.282564059066789	0	0	3	0.2	0.446570488530906	0.152460289662501	0.138204246041607	0.7638365462129	0.625632300171293
281	0	0	0	0.1	0.1400378282488	0.0619197487991133	0.0187016697456399	0.254577260770821	0.235875591025181	0	0	0	0.2	0.260127334500036	0.114613883589924	0.0340343124747325	0.473319026152548	0.439284713677816	0	0	1	0.1	0.126757088387107	0.0558696236276526	0.0174022078532968	0.228777091670926	0.211374883817629	0	0	1	0.2	0.271737841065324	0.119684771601731	0.0366974065899271	0.49091312592581	0.454215719335883	0	0	2	0.1	0.135169359832908	0.0595417461062589	0.0182182726171318	0.245128929757925	0.226910657140793	0	0	2	0.2	0.297216280179441	0.131099430423265	0.0394089478491874	0.541953145124885	0.502544197275698	0	0	3	0.1	0.145698802211662	0.0642125832285887	0.0202211646503708	0.26373174698243	0.243510582332059	0	0	3	0.2	0.322794102752016	0.142544653022684	0.0435031217587938	0.58779640826823	0.544293286509437
282	0	0	0	0.1	0.216624361038239	0.0623420157486777	0.0997446183504119	0.341900731144479	0.242156112794067	0	0	0	0.2	0.407357651479135	0.116140961982896	0.189974031467281	0.64423695745609	0.45426292598881	0	0	1	0.1	0.210531248220377	0.0604836426684701	0.0972736669513155	0.335429015044185	0.238155348092869	0	0	1	0.2	0.450870353853339	0.129161551246762	0.211015708796481	0.716737838978992	0.505722130182512	0	0	2	0.1	0.228915624988706	0.0659123280138919	0.106852690180162	0.368141483038476	0.261288792858314	0	0	2	0.2	0.502844184260519	0.144706984654734	0.235508600551027	0.803361479821398	0.567852879270371	0	0	3	0.1	0.249089105625771	0.0718744621156296	0.117957328502624	0.40105430966364	0.283096981161017	0	0	3	0.2	0.551711350453258	0.159414366066641	0.259968131883238	0.884359722734516	0.624391590851278
251	0	0	0	0.1	0.277864987039684	0.0602396291144145	0.163228837561779	0.397337010656423	0.234108173094644	0	0	0	0.2	0.518227436750987	0.111358810163715	0.301288949345466	0.734582061607628	0.433293112262161	0	0	1	0.1	0.253830527010232	0.0557608823577637	0.146823171969264	0.363858005466633	0.217034833497369	0	0	1	0.2	0.546340794678806	0.119647252724509	0.315850266346876	0.783038370857264	0.467188104510388	0	0	2	0.1	0.272169005164175	0.0599730000546127	0.156810447333015	0.390900604163426	0.234090156830412	0	0	2	0.2	0.600024088908592	0.132455075378612	0.342263365410735	0.863842512446893	0.521579147036158	0	0	3	0.1	0.294034443820958	0.0650170916439772	0.169409728446393	0.426087792470572	0.25667806402418	0	0	3	0.2	0.652920327687639	0.144819943088734	0.373147439921074	0.936351733866447	0.563204293945373
351	0	0	0	0.1	0.119588998722106	0.0699910325047023	-0.0179557092806705	0.254584621344964	0.272540330625635	0	0	0	0.2	0.230813012857146	0.13451539352843	-0.0359216630948749	0.490879499973141	0.526801163068016	0	0	1	0.1	0.115830768253623	0.0673149992495003	-0.0173231388823755	0.244261124207266	0.261584263089642	0	0	1	0.2	0.252523536826138	0.14661060552547	-0.0393486725243595	0.532592155236158	0.571940827760517	0	0	2	0.1	0.126128408074979	0.0733114929422024	-0.0205933862897277	0.266458566343652	0.28705195263338	0	0	2	0.2	0.280892224494103	0.163194373416544	-0.0415117917298135	0.593574161280129	0.635085953009943	0	0	3	0.1	0.137267747388604	0.0797220940555283	-0.0208922969471726	0.290287827567746	0.311180124514919	0	0	3	0.2	0.307558586604672	0.178693008736886	-0.0479517673239733	0.652801447841031	0.700753215165005
285	0	0	0	0.1	0.132015642630486	0.067782926140642	-4.31664153270953e-05	0.26492777994507	0.264970946360397	0	0	0	0.2	0.247341443036861	0.127013657755113	-0.000944257096115483	0.495756373525108	0.496700630621224	0	0	1	0.1	0.121895208338476	0.0628685980346538	-4.23714753860636e-05	0.245111141383608	0.245153512858994	0	0	1	0.2	0.261296096886647	0.134871251240344	-6.14127804187979e-05	0.530342148848449	0.530403561628868	0	0	2	0.1	0.12989517351525	0.0671959620880219	-3.66220366739813e-05	0.261181743335993	0.261218365372667	0	0	2	0.2	0.285752853965764	0.147968518703271	-9.72864457167211e-05	0.577073241296658	0.577170527742375	0	0	3	0.1	0.139806597773261	0.0723980878006627	-5.07353585462915e-05	0.28221053088599	0.282261266244537	0	0	3	0.2	0.310019176620456	0.160811386466334	-0.000126909768038234	0.626115840619478	0.626242750387516
248	0	0	0	0.1	0.209922755678836	0.0725621232630651	0.0600683150749548	0.353503262170556	0.293434947095601	0	0	0	0.2	0.39363678467762	0.13604283319111	0.118401238536716	0.661901243553593	0.543500005016877	0	0	1	0.1	0.189869070043443	0.0662849106476706	0.0572037331616133	0.322609088196204	0.265405355034591	0	0	1	0.2	0.40746615320428	0.142332316808031	0.124356495639891	0.697052674026234	0.572696178386344	0	0	2	0.1	0.200417960690986	0.070323863053272	0.0619310636627189	0.339711989585723	0.277780925923004	0	0	2	0.2	0.441590552909425	0.155153708948265	0.136830692339006	0.752437904047999	0.615607211708993	0	0	3	0.1	0.214519149883564	0.0754748862580195	0.0675971406020344	0.366361506895738	0.298764366293704	0	0	3	0.2	0.476505944632143	0.168085402994176	0.149886480214568	0.815522853422867	0.665636373208299
366	0	0	0	0.1	0.0960355021671407	0.0620451231300426	-0.0217841367981763	0.22406504654224	0.245849183340416	0	0	0	0.2	0.175308281556344	0.113221911586512	-0.0393992765929133	0.401947458289937	0.44134673488285	0	0	1	0.1	0.0849792924290259	0.0550208307436275	-0.0200100444528102	0.195360094163423	0.215370138616233	0	0	1	0.2	0.180080497842218	0.116519182791093	-0.0418468772203454	0.414750423082091	0.456597300302436	0	0	2	0.1	0.0893521479642437	0.057868911243466	-0.020833835498823	0.207813484033462	0.228647319532285	0	0	2	0.2	0.194848149153475	0.126196479389559	-0.0457681947852609	0.457946522443884	0.503714717229145	0	0	3	0.1	0.095625222265281	0.0618741396766046	-0.0225298715046573	0.223205110198384	0.245734981703041	0	0	3	0.2	0.210323951181217	0.136427542515355	-0.0515409979673882	0.493886942005011	0.545427939972399
238	0	0	0	0.1	0.139473726730463	0.0669207328351503	0.003865862652164	0.270765034110153	0.266899171457989	0	0	0	0.2	0.261108618112992	0.124518336134062	0.0064780145876424	0.496203591397201	0.489725576809558	0	0	1	0.1	0.134952119440058	0.0643650083963794	0.003411178292276	0.257608550571431	0.254197372279155	0	0	1	0.2	0.288172973081482	0.137075399829871	0.00743176614828895	0.549282929781099	0.54185116363281	0	0	2	0.1	0.1465397340349	0.0698426542105109	0.00433827589700936	0.283518733509036	0.279180457612026	0	0	2	0.2	0.321214430014842	0.152914998647839	0.00776836653200635	0.617106708264333	0.609338341732326	0	0	3	0.1	0.159346005484809	0.0759748356137007	0.00410573472425182	0.307748913972259	0.303643179248007	0	0	3	0.2	0.352421428343404	0.167962282473176	0.00788762484701633	0.677940310326694	0.670052685479677
301	0	0	0	0.1	0.226336204610091	0.0602247487457099	0.113768902263671	0.352433081421764	0.238664179158093	0	0	0	0.2	0.409207668830039	0.107812318577037	0.207006707267907	0.63639092003681	0.429384212768903	0	0	1	0.1	0.199621144892382	0.0530325336189128	0.103098085922052	0.310505856326696	0.207407770404644	0	0	1	0.2	0.422112376570972	0.111631147951686	0.216819994457953	0.650757150923978	0.433937156466025	0	0	2	0.1	0.210755346759238	0.0559399324211747	0.105801550047054	0.322432083768117	0.216630533721063	0	0	2	0.2	0.458692029827016	0.121659179010215	0.233781445008677	0.707446751136972	0.473665306128295	0	0	3	0.1	0.226080150471938	0.0600776483206333	0.115105238022082	0.344576861170923	0.229471623148841	0	0	3	0.2	0.496532886906989	0.132060977182896	0.253277858968818	0.760877748199537	0.507599889230719
394	0	0	0	0.1	0.103996904629789	0.0631086470856764	-0.0217063780084625	0.228576966186147	0.250283344194609	0	0	0	0.2	0.195374409154742	0.118394863719028	-0.042010901784756	0.425020511642588	0.467031413427344	0	0	1	0.1	0.0978463869651034	0.0592918117282251	-0.0213959163397818	0.212596276720628	0.23399219306041	0	0	1	0.2	0.210495432037811	0.12758190982098	-0.0465861909642364	0.460751588695737	0.507337779659973	0	0	2	0.1	0.10568860409241	0.0640876853522057	-0.0229990544404986	0.232794115747766	0.255793170188264	0	0	2	0.2	0.232937707748113	0.141398041443283	-0.0531904066241453	0.51044043304706	0.563630839671205	0	0	3	0.1	0.114638495734916	0.0696315068807677	-0.024506523096136	0.251775027868261	0.276281550964397	0	0	3	0.2	0.25452182087822	0.154799244162946	-0.0558141113734385	0.557378457788893	0.613192569162331
286	0	0	0	0.1	0.123012225143488	0.0676548142650156	-0.0092304218079011	0.25725164424787	0.266482066055771	0	0	0	0.2	0.230772725534327	0.126964975288406	-0.0170018665085698	0.482955463417688	0.499957329926258	0	0	1	0.1	0.116043311225674	0.0639173171749616	-0.00865351391389693	0.244145177144342	0.252798691058239	0	0	1	0.2	0.248955963051222	0.137207858354922	-0.0190567946649088	0.524609172447095	0.543665967112004	0	0	2	0.1	0.125019835870159	0.0689197136053263	-0.00881648903362697	0.262075602498673	0.2708920915323	0	0	2	0.2	0.275022221654085	0.151789987007112	-0.0223161014346111	0.578348334247005	0.600664435681616	0	0	3	0.1	0.135399993142968	0.0746502011463929	-0.0101222878472644	0.284151273123331	0.294273560970596	0	0	3	0.2	0.300171862361675	0.165757954264085	-0.0203050511152786	0.628996456666525	0.649301507781804
399	0	0	0	0.1	0.149267743746665	0.0677354820689286	0.0147689444319857	0.280296182943717	0.265527238511732	0	0	0	0.2	0.274903424920705	0.12458552095818	0.0261265946048035	0.52222066676669	0.496094072161886	0	0	1	0.1	0.134425665774807	0.0609088261174354	0.0130367428218308	0.254650806913459	0.241614064091628	0	0	1	0.2	0.285231888485178	0.129198049596409	0.0272044503529539	0.539522379641429	0.512317929288476	0	0	2	0.1	0.141580810660869	0.0641337872844077	0.0139934779694861	0.269436014755142	0.255442536785656	0	0	2	0.2	0.309210988230622	0.140330781046805	0.029776508086888	0.586244424597351	0.556467916510463	0	0	3	0.1	0.151513161636537	0.0686923327342055	0.0141868659581391	0.287090668446817	0.272903802488678	0	0	3	0.2	0.334027002561384	0.151642478361033	0.0305842319557675	0.632959863565333	0.602375631609566
380	0	0	0	0.1	0.0895364400917761	0.0624273229217582	-0.0332361934817725	0.216205682724071	0.249441876205844	0	0	0	0.2	0.16850328987447	0.117551342122245	-0.0647369427664641	0.407059990700816	0.47179693346728	0	0	1	0.1	0.0851606591423062	0.0597379852101871	-0.0342510171280392	0.209835708287941	0.24408672541598	0	0	1	0.2	0.183282589438103	0.128682698422227	-0.0736157649737556	0.442765166215906	0.516380931189662	0	0	2	0.1	0.0923888393248843	0.0650624724790638	-0.0368162978057756	0.224975506355452	0.261791804161227	0	0	2	0.2	0.203613935348017	0.143438336003002	-0.080596618807095	0.499051966383509	0.579648585190604	0	0	3	0.1	0.10043548637737	0.070852095847111	-0.0402822924809641	0.248248510728853	0.288530803209817	0	0	3	0.2	0.222964524491415	0.157411171628419	-0.0900705726221138	0.548909426781955	0.638979999404069
283	0	0	0	0.1	0.139793102141133	0.0794751339376416	-0.0137442042482775	0.302170209881067	0.315914414129344	0	0	0	0.2	0.258338828332203	0.146580296189866	-0.0235476707285238	0.564963057490983	0.588510728219507	0	0	1	0.1	0.124858207950828	0.0707618007518532	-0.01117975474808	0.270053904528157	0.281233659276237	0	0	1	0.2	0.264960979140773	0.15008360574189	-0.0247103226693698	0.578248187661285	0.602958510330655	0	0	2	0.1	0.13042416815387	0.0738709626860026	-0.0116863880021273	0.281051248462761	0.292737636464889	0	0	2	0.2	0.285025817295984	0.161545751222502	-0.0269219660137557	0.614804984010761	0.641726950024517	0	0	3	0.1	0.138824599662087	0.0787169790282414	-0.0126530480017582	0.296748239988027	0.309401287989785	0	0	3	0.2	0.306491723738821	0.173710489904572	-0.0286845851217861	0.65388635440036	0.682570939522146
359	0	0	0	0.1	0.287584250662541	0.0735114727352128	0.142384740730909	0.433253457284346	0.290868716553437	0	0	0	0.2	0.52900639132641	0.135017419616632	0.26526088252382	0.789491809531088	0.524230927007268	0	0	1	0.1	0.248967750514075	0.0649094028348322	0.120483105903146	0.379469156024448	0.258986050121303	0	0	1	0.2	0.528711925497339	0.137552087825481	0.257370594803474	0.807006287836043	0.549635693032569	0	0	2	0.1	0.25715919928175	0.0674392603255637	0.123569719205739	0.396004390195361	0.272434670989623	0	0	2	0.2	0.562651471912645	0.147676265711166	0.271471210246359	0.863639863574966	0.592168653328607	0	0	3	0.1	0.272114968244243	0.071718410745111	0.13040970018677	0.415515311503456	0.285105611316685	0	0	3	0.2	0.601199888044017	0.158817176052563	0.291197174630468	0.920543690970801	0.629346516340333
347	0	0	0	0.1	0.128816235294095	0.0511374376744316	0.0301835464325013	0.226658666514227	0.196475120081725	0	0	0	0.2	0.241122591185364	0.0957349406073343	0.0571978978810154	0.430076669174095	0.372878771293079	0	0	1	0.1	0.123020714281819	0.0490923425273286	0.0283426210524577	0.222028723031689	0.193686101979231	0	0	1	0.2	0.26522396914767	0.105999566954791	0.0633449677148717	0.474661444376993	0.411316476662121	0	0	2	0.1	0.13486607834726	0.0540048762961709	0.0326505960795655	0.243905328891462	0.211254732811897	0	0	2	0.2	0.29734325913091	0.119322554602378	0.0717478919004583	0.540524174188844	0.468776282288385	0	0	3	0.1	0.14752657742973	0.0592261329492598	0.03485263981713	0.266880610208562	0.232027970391432	0	0	3	0.2	0.32745218357862	0.131815353962813	0.0796607631766609	0.596879361833228	0.517218598656567
395	0	0	0	0.1	0.135318972327146	0.0701836310473993	0.00300173553190391	0.274421430842964	0.27141969531106	0	0	0	0.2	0.252231912309834	0.131017363583036	0.00565003802970471	0.513376881390908	0.507726843361203	0	0	1	0.1	0.12393541321293	0.064786257442435	0.003234559823827	0.255947162947294	0.252712603123467	0	0	1	0.2	0.264520174080456	0.138345993720979	0.00579194683634622	0.545125368157276	0.53933342132093	0	0	2	0.1	0.131339415162013	0.0688148813304089	0.00276105870139941	0.271702518355891	0.268941459654491	0	0	2	0.2	0.288096379792036	0.151061676353086	0.00717813432082532	0.598845586175073	0.591667451854247	0	0	3	0.1	0.140854433043315	0.0738330172969614	0.00192551858987325	0.292202268932874	0.290276750343001	0	0	3	0.2	0.31176465948955	0.163670634406515	0.004867619717168	0.649646349327469	0.644778729610301
368	0	0	0	0.1	0.140915561133778	0.0641163534146652	0.0184791003165774	0.271094826459364	0.252615726142786	0	0	0	0.2	0.262954916516146	0.119523183676987	0.0342840352774156	0.499112413514905	0.46482837823749	0	0	1	0.1	0.129551602929651	0.0593304316146506	0.0169291504175539	0.247910540679242	0.230981390261688	0	0	1	0.2	0.278340700551489	0.127381802087803	0.0355218536481511	0.525118460144008	0.489596606495857	0	0	2	0.1	0.139074304488454	0.0638573524913525	0.0183543896415613	0.266614527626341	0.248260137984779	0	0	2	0.2	0.30619473812204	0.140622485662733	0.0389584718545119	0.580118053685203	0.541159581830691	0	0	3	0.1	0.150284526213275	0.0691211029561541	0.0182527383291556	0.286333312477563	0.268080574148407	0	0	3	0.2	0.33350144883438	0.153401082649101	0.0431263596375195	0.62757469646353	0.584448336826011
230	0	0	0	0.1	0.224950788532001	0.0639968055556955	0.0986694779767859	0.346468881601853	0.247799403625067	0	0	0	0.2	0.412725174893563	0.116569347707896	0.18362319547346	0.633838837626752	0.450215642153292	0	0	1	0.1	0.202214711350209	0.0572669832331506	0.0886962979439426	0.311016367096181	0.222320069152238	0	0	1	0.2	0.429090774880876	0.121187330896992	0.188524653336296	0.664146334097865	0.475621680761569	0	0	2	0.1	0.213566713863515	0.0604527959456737	0.0939430830702379	0.331826982171942	0.237883899101704	0	0	2	0.2	0.466319154090649	0.132025328710809	0.204759160516251	0.726114167008629	0.521355006492378	0	0	3	0.1	0.228937994438027	0.0649208135667652	0.0991708181111157	0.355690984839286	0.25652016672817	0	0	3	0.2	0.504474238449514	0.143239427393574	0.221977979209276	0.787137632169975	0.5651596529607
292	0	0	0	0.1	0.160119067890516	0.0576003030944028	0.0488027902805686	0.276163788864566	0.227360998583997	0	0	0	0.2	0.290526795600516	0.103960665509481	0.0877863027657912	0.498575729585246	0.410789426819455	0	0	1	0.1	0.14267932854388	0.0508256101036975	0.0437017885459554	0.244240876665213	0.200539088119258	0	0	1	0.2	0.301522018402107	0.107207175267345	0.0926214555062879	0.524204810885311	0.431583355379023	0	0	2	0.1	0.150730084033283	0.0535030299520992	0.0461798705011986	0.258021439483815	0.211841568982617	0	0	2	0.2	0.328017648810155	0.116421592789766	0.100421612440165	0.565752096594416	0.46533048415425	0	0	3	0.1	0.161765291596816	0.0574666362239208	0.0497528316498844	0.277969514809342	0.228216683159458	0	0	3	0.2	0.355298460908562	0.12625906802406	0.108524086356221	0.613495305235627	0.504971218879407
361	0	0	0	0.1	0.204242250760605	0.0558463041949031	0.0938821609204245	0.304787373971272	0.210905213050848	0	0	0	0.2	0.377237875051279	0.102474031729825	0.174302315310708	0.562462820684242	0.388160505373535	0	0	1	0.1	0.188081689664742	0.0519202164982489	0.0876162406331419	0.286181909532265	0.198565668899123	0	0	1	0.2	0.402837882877136	0.111060043610353	0.188345148127104	0.615912172804975	0.427567024677871	0	0	2	0.1	0.202977034981149	0.0564422293226645	0.0946062603753865	0.312083828560753	0.217477568185367	0	0	2	0.2	0.445562970236737	0.12401240676743	0.207933515389872	0.684426248145695	0.476492732755823	0	0	3	0.1	0.22028628395279	0.0616281855767779	0.102195302076065	0.340303326375074	0.238108024299009	0	0	3	0.2	0.487151199866755	0.136529780619039	0.227196556793249	0.755260979487993	0.528064422694744
375	0	0	0	0.1	0.209691778563631	0.063358287657885	0.0858278362630982	0.33359873321898	0.247770896955882	0	0	0	0.2	0.384324255313845	0.114926495785593	0.159668135545031	0.610127503689305	0.450459368144274	0	0	1	0.1	0.184189610749211	0.0554225108018211	0.0741653290241784	0.292211816940305	0.218046487916126	0	0	1	0.2	0.392348846816358	0.117526913139007	0.157343620297309	0.620035932754009	0.462692312456699	0	0	2	0.1	0.193808297153494	0.0582530973369194	0.0772107479420987	0.306784642107414	0.229573894165316	0	0	2	0.2	0.424381625596038	0.127379821346909	0.169408356944794	0.66803186243051	0.498623505485716	0	0	3	0.1	0.207459383422962	0.0622838409247097	0.08360349825855	0.32828487603558	0.24468137777703	0	0	3	0.2	0.458047739913635	0.137591764225102	0.183880166130678	0.722792065127495	0.538911898996818
405	0	0	0	0.1	0.106227795240922	0.0575631938356561	-0.00731642259228713	0.219239008318465	0.226555430910752	0	0	0	0.2	0.197933524836736	0.106939331045221	-0.0140052332996709	0.412918793984311	0.426924027283981	0	0	1	0.1	0.100641443699065	0.0544583484637561	-0.0071406249758843	0.205692522136553	0.212833147112437	0	0	1	0.2	0.215686104339806	0.116643653201413	-0.0142964090765637	0.440522027473349	0.454818436549913	0	0	2	0.1	0.109321834058074	0.0592154442681365	-0.00701257191662562	0.220350925818587	0.227363497735212	0	0	2	0.2	0.240189923802147	0.130033850116102	-0.0159809313774689	0.486501637713833	0.502482569091302	0	0	3	0.1	0.119068088988894	0.0645176206543727	-0.00995352060422257	0.238349641651642	0.248303162255864	0	0	3	0.2	0.263504361490008	0.142816274115312	-0.0194715093919402	0.52843771781419	0.54790922720613
402	0	0	0	0.1	0.223457378959022	0.0611263483863593	0.109985458444544	0.342904354108774	0.23291889566423	0	0	0	0.2	0.405554170443111	0.110460697325169	0.200114428156232	0.624731214426532	0.4246167862703	0	0	1	0.1	0.191117078326175	0.0528354318899168	0.0933857305089188	0.297173330830577	0.203787600321658	0	0	1	0.2	0.405220059236401	0.111860532820341	0.196010997325006	0.624454370015061	0.428443372690055	0	0	2	0.1	0.198731187992114	0.0552481884232423	0.0973968577737154	0.308468603636343	0.211071745862627	0	0	2	0.2	0.43384753312531	0.120730212259454	0.21070787034868	0.672432260703334	0.461724390354654	0	0	3	0.1	0.211398125009367	0.0590666019526558	0.103129178691997	0.32755826563314	0.224429086941143	0	0	3	0.2	0.465835997443132	0.130310941729785	0.225989333729923	0.724341774170599	0.498352440440676
398	0	0	0	0.1	0.126907844080421	0.0587100554833427	0.0136655786971625	0.244529327328728	0.230863748631566	0	0	0	0.2	0.235394419130449	0.108146006280333	0.0263154083024989	0.449499033792466	0.423183625489967	0	0	1	0.1	0.119044032272156	0.0543156478809299	0.0131475034349749	0.227869034714233	0.214721531279258	0	0	1	0.2	0.254630824118685	0.115831610212917	0.0278529663214832	0.486141783844771	0.458288817523288	0	0	2	0.1	0.128883020257174	0.0585087010888583	0.0142249799938517	0.247516714234384	0.233291734240532	0	0	2	0.2	0.282609236212041	0.128191817809966	0.0313343723454553	0.54259623192045	0.511261859574995	0	0	3	0.1	0.139981451884849	0.0634639175685301	0.0158558833186905	0.268811981928256	0.252956098609566	0	0	3	0.2	0.309356383609392	0.140035629939605	0.0352960237764375	0.590845712727043	0.555549688950606
381	0	0	0	0.1	0.271625115340037	0.0721286871737427	0.13139116070852	0.411665901046317	0.280274740337797	0	0	0	0.2	0.509458259842848	0.134241638254462	0.250543781504516	0.777118838797289	0.526575057292773	0	0	1	0.1	0.249578364267396	0.0662714647631174	0.12095218504534	0.377639522747866	0.256687337702526	0	0	1	0.2	0.535517574836836	0.14163970315408	0.261847994768324	0.816686099763055	0.554838104994731	0	0	2	0.1	0.265309559180513	0.0703545161440563	0.128760137785755	0.406807495992559	0.278047358206804	0	0	2	0.2	0.584199934094472	0.154841856955102	0.288700221670081	0.898541137840854	0.609840916170773	0	0	3	0.1	0.285050250136959	0.0756865604859158	0.138891111164733	0.434160283447533	0.295269172282799	0	0	3	0.2	0.632876045860777	0.168164057453429	0.310053750067813	0.9620460865842	0.651992336516387
293	0	0	0	0.1	0.178803241374259	0.0594015997191009	0.0653640117408185	0.293193746418937	0.227829734678118	0	0	0	0.2	0.317757172072018	0.104915208115228	0.114998106001802	0.527697305676611	0.412699199674809	0	0	1	0.1	0.145576156449125	0.0484075421752544	0.0525946213872676	0.239495192774324	0.186900571387056	0	0	1	0.2	0.306278694630261	0.101418917676685	0.110872649562661	0.501328790858743	0.390456141296082	0	0	2	0.1	0.148889971446772	0.0495048786674148	0.0534127845897636	0.244530407882942	0.191117623293179	0	0	2	0.2	0.32326245216802	0.107290625913608	0.115437231241376	0.530403492033854	0.414966260792478	0	0	3	0.1	0.157235716976275	0.0522864741215069	0.0547663173265023	0.25642424225218	0.201657924925677	0	0	3	0.2	0.344636615941657	0.114677832383173	0.122871925965356	0.559693575761186	0.436821649795829
406	0	0	0	0.1	0.174243404090362	0.0662005324463183	0.041597916265681	0.306002988570322	0.264405072304641	0	0	0	0.2	0.317437640786108	0.119674284697085	0.0770201070659343	0.55576960960266	0.478749502536726	0	0	1	0.1	0.147078630152109	0.0554722920869257	0.0366327273631809	0.259051989717743	0.222419262354562	0	0	1	0.2	0.312187916976547	0.117470189855168	0.0781793932631066	0.550037084675985	0.471857691412878	0	0	2	0.1	0.151528049162772	0.0571218758933972	0.0385414328345447	0.269368205635507	0.230826772800962	0	0	2	0.2	0.331404216563195	0.124868474476012	0.0853558044696095	0.585305503274263	0.499949698804653	0	0	3	0.1	0.160430091542923	0.0605599203948291	0.0424319484530096	0.285552221783196	0.243120273330186	0	0	3	0.2	0.353957920711096	0.133615628132446	0.0932304040262057	0.628694625235401	0.535464221209196
247	0	0	0	0.1	0.280499738832956	0.0693070134263092	0.148079669864362	0.410375451400329	0.262295781535967	0	0	0	0.2	0.50900760221367	0.124520176819037	0.273343462662269	0.741737154896329	0.46839369223406	0	0	1	0.1	0.236979308047996	0.0580497896555732	0.129556985840685	0.345868484192572	0.216311498351887	0	0	1	0.2	0.501113775810937	0.122207631568929	0.275079349234265	0.733039887178746	0.457960537944481	0	0	2	0.1	0.243457110496844	0.0594488736750091	0.135328886845362	0.361282018793454	0.225953131948092	0	0	2	0.2	0.530892779604847	0.129693871879609	0.29363838308973	0.792806970476437	0.499168587386707	0	0	3	0.1	0.25709748934278	0.0628512838605353	0.142375023660714	0.3859476188923	0.243572595231587	0	0	3	0.2	0.566108397969779	0.13852374522156	0.313752659317232	0.856081337303554	0.542328677986323
387	0	0	0	0.1	0.240420993531984	0.0631689896083582	0.117102194366008	0.361939515407874	0.244837321041866	0	0	0	0.2	0.433358055691729	0.113426311342741	0.217133096166384	0.645120550364887	0.427987454198503	0	0	1	0.1	0.203806679901369	0.0543136316001899	0.102175916150721	0.304359741453457	0.202183825302736	0	0	1	0.2	0.430095306796881	0.114258129119153	0.216471526814551	0.640650352374193	0.424178825559643	0	0	2	0.1	0.210567018750129	0.0563169657985943	0.104955636747027	0.317018750091925	0.212063113344899	0	0	2	0.2	0.45815879538695	0.122542624239729	0.226174898547229	0.687929449001948	0.461754550454719	0	0	3	0.1	0.223325055872156	0.0599291926461004	0.110726143570257	0.336883970502557	0.226157826932299	0	0	3	0.2	0.490580207060555	0.13185965019917	0.24390030228607	0.738962710677551	0.49506240839148
232	0	0	0	0.1	0.25937407383955	0.0652995801919075	0.141937598300408	0.397756478470369	0.255818880169961	0	0	0	0.2	0.476456952976778	0.11948887986589	0.259570707360752	0.723839626576231	0.464268919215479	0	0	1	0.1	0.235479707589143	0.0601414359119552	0.128511562449522	0.358539691149256	0.230028128699735	0	0	1	0.2	0.499882706107801	0.127477595626352	0.272995290844342	0.771409740728115	0.498414449883772	0	0	2	0.1	0.249585901084726	0.0642359771686712	0.135545503578212	0.388393049041575	0.252847545463363	0	0	2	0.2	0.545082766853751	0.140563379100594	0.296056659342453	0.849830996626112	0.553774337283659	0	0	3	0.1	0.268004494644529	0.0694116769555339	0.145449623952078	0.419670087529216	0.274220463577138	0	0	3	0.2	0.590667733632711	0.153514394164562	0.323290981642787	0.930859104283105	0.607568122640318
358	0	0	0	0.1	0.154292240962353	0.0767490281657813	0.00720759056534388	0.306314869836542	0.299107279271198	0	0	0	0.2	0.290506658724381	0.144557240354649	0.0138512016778064	0.57075603781157	0.556904836133764	0	0	1	0.1	0.143841418344113	0.071918075717792	0.00697244500130202	0.281966221979444	0.274993776978142	0	0	1	0.2	0.30763241814192	0.15387992767898	0.0152918627690153	0.607484471505374	0.592192608736359	0	0	2	0.1	0.152693739411761	0.0765421586301603	0.00737694285938066	0.299976582096485	0.292599639237104	0	0	2	0.2	0.335552911876805	0.168427920916253	0.0176382880335995	0.660284161943477	0.642645873909878	0	0	3	0.1	0.163861908397657	0.0822769337517315	0.00824243032698268	0.323441719441598	0.315199289114616	0	0	3	0.2	0.363303501300355	0.182768337197939	0.0158735087975867	0.721715360213403	0.705841851415816
396	0	0	0	0.1	0.273350619675946	0.0798964039647796	0.123619843406047	0.4354962461631	0.311876402757053	0	0	0	0.2	0.5061097117851	0.146936591900368	0.227860850085037	0.802707954197042	0.574847104112005	0	0	1	0.1	0.243796493984026	0.0715749742842692	0.108349874424988	0.38566495023191	0.277315075806923	0	0	1	0.2	0.517791948476739	0.151474370691223	0.231029403207162	0.821452310274681	0.59042290706752	0	0	2	0.1	0.254069592146432	0.0747222820853433	0.113298038267425	0.411333743809172	0.298035705541747	0	0	2	0.2	0.555788416309846	0.163411007940023	0.246835081211828	0.90184885134446	0.655013770132632	0	0	3	0.1	0.269984843306715	0.0795518834818298	0.12188823582391	0.435793874546077	0.313905638722166	0	0	3	0.2	0.596407483477698	0.17600646289714	0.269214358760887	0.965102917756597	0.69588855899571
383	0	0	0	0.1	0.171017440677842	0.0659744010909406	0.0490174576601827	0.295042279750563	0.24602482209038	0	0	0	0.2	0.311017151908476	0.120000819842893	0.0914240159425049	0.540470962801954	0.449046946859449	0	0	1	0.1	0.147455108932066	0.0574974206234892	0.043454077927581	0.259569455053376	0.216115377125795	0	0	1	0.2	0.312071072098906	0.121815476925662	0.0924930220570913	0.550918143865754	0.458425121808662	0	0	2	0.1	0.153100218536745	0.0600536880501313	0.044921588721664	0.27624927451725	0.231327685795586	0	0	2	0.2	0.333951462716993	0.131153499565087	0.098156681555528	0.601211383599538	0.503054702044009	0	0	3	0.1	0.162821582503442	0.0640425097563413	0.0476928993454318	0.295562187294361	0.247869287948929	0	0	3	0.2	0.358411772705499	0.141301449249063	0.106534389157582	0.653595451725619	0.547061062568037
289	0	0	0	0.1	0.165575549777983	0.0656443701090015	0.0438112545789048	0.299129051080999	0.255317796502094	0	0	0	0.2	0.305500630232811	0.120755124401495	0.0813386485952505	0.545413930834747	0.464075282239497	0	0	1	0.1	0.146748145846451	0.0583435406753677	0.0383980773221738	0.262386398911066	0.223988321588892	0	0	1	0.2	0.313344902534853	0.124468603278707	0.0817098773898293	0.558517196528914	0.476807319139085	0	0	2	0.1	0.15466953847605	0.0615637188369125	0.0403601582967425	0.278630705802129	0.238270547505386	0	0	2	0.2	0.33925182282049	0.135042689294355	0.0870221817191638	0.611200115281258	0.524177933562094	0	0	3	0.1	0.165677415852756	0.0659955360008991	0.043459708813104	0.296706962281791	0.253247253468687	0	0	3	0.2	0.366446638326665	0.146195975420249	0.0934430236133912	0.653504198775609	0.560061175162218
363	0	0	0	0.1	0.205207309197609	0.0693140945433382	0.0704803360940643	0.34818856221544	0.277708226121375	0	0	0	0.2	0.374225381571686	0.126309612601332	0.133025226385215	0.63726124061316	0.504236014227945	0	0	1	0.1	0.171037369928753	0.0585808083424085	0.0630665628945736	0.292229931764266	0.229163368869692	0	0	1	0.2	0.363221231932492	0.124472059710115	0.135193248100683	0.612504434964172	0.477311186863489	0	0	2	0.1	0.174994955530823	0.060424640909262	0.0637318259371198	0.30029480946046	0.236562983523341	0	0	2	0.2	0.383022923927654	0.132437923990771	0.139106167090779	0.652938582899057	0.513832415808279	0	0	3	0.1	0.184534638984232	0.0640239140598164	0.065949023478801	0.315067661073277	0.249118637594476	0	0	3	0.2	0.407563193221878	0.14184603078242	0.148009275420751	0.68832529867281	0.540316023252059
397	0	0	0	0.1	0.202762197237437	0.061865916380898	0.0817316280836155	0.331540530615847	0.249808902532232	0	0	0	0.2	0.377553115161612	0.114667135994578	0.150137810641933	0.622536465003822	0.472398654361889	0	0	1	0.1	0.197073463321354	0.0599561554160545	0.0802347953534283	0.327081924967216	0.246847129613788	0	0	1	0.2	0.420254478087721	0.127672927855714	0.171833222518005	0.68477824302362	0.512945020505615	0	0	2	0.1	0.214799304646623	0.065322988327541	0.0878888961924794	0.35291418082162	0.265025284629141	0	0	2	0.2	0.470034973381997	0.143042464619744	0.193423724820938	0.76861698378243	0.575193258961492	0	0	3	0.1	0.234104572095743	0.071204670055788	0.0964401749805376	0.385624196606628	0.28918402162609	0	0	3	0.2	0.516639916440412	0.157492044435364	0.211908236711689	0.850879892275857	0.638971655564168
388	0	0	0	0.1	0.0834799623371163	0.0574905658147046	-0.0235271347593116	0.200664852764416	0.224191987523727	0	0	0	0.2	0.152839865329597	0.105019129160802	-0.0445936226145673	0.36686722881319	0.411460851427757	0	0	1	0.1	0.0739045715252156	0.0506134310140454	-0.020811162986915	0.177159484762754	0.197970647749669	0	0	1	0.2	0.157551927530255	0.10782763657054	-0.0449149365661891	0.373592417082286	0.418507353648475	0	0	2	0.1	0.0783702073448969	0.0535679051105183	-0.0227315762028049	0.185166823244485	0.20789839944729	0	0	2	0.2	0.17162757802931	0.117310608320669	-0.0489246357729457	0.40276328464949	0.451687920422436	0	0	3	0.1	0.0842821214877223	0.0575007832552922	-0.0237645600291509	0.197698368949976	0.221462928979127	0	0	3	0.2	0.186038601421313	0.12701481245558	-0.0528612619466779	0.433954978206464	0.486816240153142
252	0	0	0	0.1	0.224699194230413	0.0753044518156665	0.0828737103723657	0.377763757989067	0.294890047616701	0	0	0	0.2	0.418537117808333	0.13930214661247	0.153045313295246	0.701289430069764	0.548244116774519	0	0	1	0.1	0.20173428459945	0.0672941297537678	0.07619736973723	0.33866311162423	0.262465741887	0	0	1	0.2	0.430422368269782	0.143188860603494	0.162501679862828	0.7224307931951	0.559929113332272	0	0	2	0.1	0.211415366847699	0.0704131688706173	0.0799744211044655	0.352812768110027	0.272838347005562	0	0	2	0.2	0.463987575097508	0.154422480244853	0.175709958498855	0.77131267096362	0.595602712464766	0	0	3	0.1	0.225407514257831	0.0750723952509562	0.0873570654033934	0.373346292792404	0.28598922738901	0	0	3	0.2	0.499311655973033	0.16637005163546	0.188299461054775	0.830426780401391	0.642127319346616
352	0	0	0	0.1	0.237706436618411	0.0768904193224421	0.0894417972486334	0.391628566785989	0.302186769537356	0	0	0	0.2	0.431454073411419	0.139476338552119	0.161129599705494	0.704183326363324	0.54305372665783	0	0	1	0.1	0.201851739115138	0.0655615839425716	0.0773238530199143	0.329916879062806	0.252593026042892	0	0	1	0.2	0.42420031943337	0.137610200069534	0.163420211282207	0.693329691267634	0.529909479985428	0	0	2	0.1	0.205278899796092	0.066785730979896	0.0777719360764471	0.336109855760919	0.258337919684471	0	0	2	0.2	0.446158818529933	0.145277638653172	0.169806701753548	0.732552254409668	0.56274555265612	0	0	3	0.1	0.215521366341517	0.070197533930507	0.0821647040994194	0.35383607257145	0.271671368472031	0	0	3	0.2	0.473535965178783	0.154595697427289	0.178902837579615	0.781335539131229	0.602432701551614
411	0	0	0	0.1	0.173336765147825	0.0639803231494159	0.0526927390573849	0.299648235324211	0.246955496266826	0	0	0	0.2	0.331494051969765	0.12143691242562	0.100298641107206	0.576730959634908	0.476432318527702	0	0	1	0.1	0.171916730277533	0.0628092354938191	0.0515963425319542	0.301600745765692	0.250004403233738	0	0	1	0.2	0.372250853459841	0.135709332866767	0.111324430786839	0.650059781993117	0.538735351206277	0	0	2	0.1	0.188951544551931	0.0688718491483597	0.0569210965899483	0.327339573577599	0.27041847698765	0	0	2	0.2	0.418340124050017	0.15247299468808	0.127410642828864	0.7250445511762	0.597633908347336	0	0	3	0.1	0.206713517944855	0.0753480709909607	0.063403101699407	0.359644676136542	0.296241574437135	0	0	3	0.2	0.460681872184334	0.167909896256809	0.142153634738429	0.802727651306943	0.660574016568514
385	0	0	0	0.1	0.102524363628919	0.0619484051940486	-0.0200100069705116	0.23163260226535	0.251642609235861	0	0	0	0.2	0.193113197818567	0.116206540152597	-0.0371887036522479	0.431500497596807	0.468689201249055	0	0	1	0.1	0.096007745857026	0.0575695866712903	-0.0183290700641615	0.212691247597901	0.231020317662062	0	0	1	0.2	0.207385041917595	0.124192546385146	-0.0403672381082191	0.457015195291757	0.497382433399976	0	0	2	0.1	0.10393682493163	0.062179506542238	-0.020161636348657	0.229372308949413	0.24953394529807	0	0	2	0.2	0.229712797042546	0.137347169938457	-0.0451688315952836	0.511747575879127	0.556916407474411	0	0	3	0.1	0.112865760949843	0.0674453642777457	-0.022464301435598	0.252994373126896	0.275458674562494	0	0	3	0.2	0.251169985677007	0.150013222050278	-0.0487914932439448	0.561263581827837	0.610055075071782
350	0	0	0	0.1	0.159151632063909	0.0679047761653645	0.0177736042586119	0.291579183632449	0.273805579373837	0	0	0	0.2	0.294470710638222	0.125087441940967	0.0317538790954124	0.538908819568845	0.507154940473433	0	0	1	0.1	0.148877490423897	0.0633124968700702	0.0167157268106822	0.269748866486882	0.2530331396762	0	0	1	0.2	0.315587436972108	0.133964117710516	0.0357459264375107	0.569969816024789	0.534223889587279	0	0	2	0.1	0.158836057665072	0.0675966250450089	0.018766594359374	0.286877015764981	0.268110421405607	0	0	2	0.2	0.346560066507925	0.147392667744463	0.0393371021885874	0.628449363480733	0.589112261292146	0	0	3	0.1	0.171100147688005	0.0728697769905787	0.0203675025332036	0.308911631347123	0.288544128813919	0	0	3	0.2	0.376957945746535	0.160503377649401	0.0441301013462571	0.681601928905035	0.637471827558778
386	0	0	0	0.1	0.284511418350908	0.0749583098556882	0.138813585692636	0.434131708533829	0.295318122841194	0	0	0	0.2	0.517113563199487	0.13501113128931	0.259552500899506	0.784563807889662	0.525011306990156	0	0	1	0.1	0.25089645865549	0.0658949178839999	0.125406279032166	0.384648967967435	0.259242688935269	0	0	1	0.2	0.526555708260786	0.137592374489777	0.263550533984365	0.802404590031913	0.538854056047548	0	0	2	0.1	0.259601684517207	0.0679591907375959	0.129945073317303	0.394452923974672	0.264507850657369	0	0	2	0.2	0.563193173856001	0.147351769842461	0.283359115212826	0.857828576110733	0.574469460897908	0	0	3	0.1	0.274969214748925	0.0720351443013467	0.136948570941716	0.420756642072727	0.283808071131011	0	0	3	0.2	0.603254803940576	0.158162600180751	0.301829888359556	0.925753393918861	0.623923505559305
303	0	0	0	0.1	0.186470923214405	0.0653123908658161	0.0572465242111777	0.314662228517439	0.257415704306261	0	0	0	0.2	0.34230289397506	0.119428206194767	0.105818176851861	0.570219363520435	0.464401186668574	0	0	1	0.1	0.166719949614308	0.0587055348943591	0.0507797781529479	0.280075003337508	0.229295225184561	0	0	1	0.2	0.353732643265308	0.124407808536937	0.105925268808132	0.592622734701178	0.486697465893046	0	0	2	0.1	0.175415973015559	0.061990632813511	0.0524173849654891	0.295654220877934	0.243236835912445	0	0	2	0.2	0.383010215242654	0.135431776866555	0.111428860384796	0.644457060914425	0.533028200529628	0	0	3	0.1	0.187604776703953	0.0665036731540073	0.0541156433976732	0.318091663260159	0.263976019862486	0	0	3	0.2	0.413449940336811	0.146721239767741	0.11887346097083	0.700165868824488	0.581292407853658
373	0	0	0	0.1	0.0487980798513887	0.0646770251753965	-0.0735139021479801	0.169472003344329	0.242985905492309	0	0	0	0.2	0.091482402878219	0.121579870529167	-0.140362125395551	0.318973975061683	0.459336100457234	0	0	1	0.1	0.0445750697843082	0.0594691982297705	-0.0686800732887829	0.154677367135216	0.223357440423999	0	0	1	0.2	0.095868903587616	0.12801632072421	-0.150176758215432	0.332933000235288	0.48310975845072	0	0	2	0.1	0.0475221875426147	0.0635646144573082	-0.0758323494051088	0.166355780418425	0.242188129823534	0	0	2	0.2	0.104796345864099	0.140315676018868	-0.166338988827862	0.365093721697457	0.531432710525319	0	0	3	0.1	0.0511922344551409	0.0685276287490312	-0.0811904010165228	0.178033909863099	0.259224310879622	0	0	3	0.2	0.113819378195571	0.152447189602101	-0.18015344346146	0.395781312953932	0.575934756415392
382	0	0	0	0.1	0.192656269131614	0.0624707213444976	0.0748201176771673	0.31050048454906	0.235680366871893	0	0	0	0.2	0.351940460735725	0.114213961230941	0.139006564303284	0.568252604727642	0.429246040424358	0	0	1	0.1	0.167893738406984	0.055497542720251	0.0659206833960801	0.278818396515683	0.212897713119603	0	0	1	0.2	0.356643331271886	0.118055003891433	0.140475873436272	0.594667061530725	0.454191188094454	0	0	2	0.1	0.175629461939018	0.0587036822344701	0.067600377561251	0.295785536152466	0.228185158591215	0	0	2	0.2	0.383827318075171	0.128437838998593	0.150215242210948	0.650755432185153	0.500540189974205	0	0	3	0.1	0.187341222888356	0.0629328023549937	0.0725713154347419	0.318318188527196	0.245746873092454	0	0	3	0.2	0.413145908320905	0.139111803442018	0.157697189786569	0.704603533247908	0.54690634346134
400	0	0	0	0.1	0.127548572593471	0.0547756573601096	0.0178632219435616	0.2350557791246	0.217192557181039	0	0	0	0.2	0.235119833098932	0.101171505123809	0.032267089137232	0.437307239199672	0.40504015006244	0	0	1	0.1	0.116560568102611	0.0507425915185656	0.0166172352382522	0.217090031660123	0.200472796421871	0	0	1	0.2	0.249421047601429	0.108808436328299	0.0368138722657646	0.468434300431066	0.431620428165301	0	0	2	0.1	0.125512114266912	0.0549706057601825	0.0182004786117392	0.239836251896315	0.221635773284576	0	0	2	0.2	0.27527272705927	0.12086730108256	0.0413518503072798	0.525199288300839	0.483847437993559	0	0	3	0.1	0.136016765328674	0.0597744182200519	0.0199416483645375	0.259583855067323	0.239642206702786	0	0	3	0.2	0.3005752013597	0.132459752216653	0.0440267412742863	0.573703519183049	0.529676777908763
413	0	0	0	0.1	0.117134592834825	0.0692748645195434	-0.0177097831553943	0.248048083929116	0.26575786708451	0	0	0	0.2	0.222449653933556	0.131616541241152	-0.0343934478065994	0.471651870247764	0.506045318054363	0	0	1	0.1	0.108771539968682	0.0646751064006668	-0.0171993792015639	0.233509827028415	0.250709206229979	0	0	1	0.2	0.235705914593719	0.140311509119214	-0.0374933552984536	0.505075022540135	0.542568377838588	0	0	2	0.1	0.116893303936882	0.0697369941224655	-0.0191038071378088	0.25007726385402	0.269181070991829	0	0	2	0.2	0.259089811792699	0.154855324297706	-0.041037628049529	0.556320350479004	0.597357978528532	0	0	3	0.1	0.126314200371872	0.0755791151955009	-0.0207860673004607	0.271643219284374	0.292429286584835	0	0	3	0.2	0.28195939833701	0.168960424852233	-0.0450600724820587	0.609792563947074	0.654852636429133
384	0	0	0	0.1	0.196445541821381	0.0585704028474055	0.0870572105119692	0.319840777048903	0.232783566536934	0	0	0	0.2	0.379647664467288	0.112482977514022	0.168021413542516	0.620342808443199	0.452321394900684	0	0	1	0.1	0.216582696821321	0.0643249941271954	0.0960687297222975	0.355648729361632	0.259579999639334	0	0	1	0.2	0.469283063883291	0.139303542398837	0.207547616340414	0.767801295922004	0.56025367958159	0	0	2	0.1	0.247425305558395	0.073731361693016	0.109169524165317	0.4050400840924	0.295870559927083	0	0	2	0.2	0.546745403860864	0.163142248740503	0.243103760452713	0.892787089618233	0.649683329165521	0	0	3	0.1	0.276010873834466	0.0824822440954679	0.121423823703607	0.448022747094312	0.326598923390705	0	0	3	0.2	0.613943948611278	0.183824112517658	0.270096941732982	0.99716408350076	0.727067141767777
401	0	0	0	0.1	0.271367978064248	0.0727464305369279	0.122493933277622	0.415635880409727	0.293141947132105	0	0	0	0.2	0.496332945622667	0.13208231137366	0.223679772361849	0.753530724261164	0.529850951899315	0	0	1	0.1	0.228615714422576	0.0608735252837637	0.107313091905438	0.346272433696924	0.238959341791486	0	0	1	0.2	0.485873355769383	0.12907980981335	0.227986412725451	0.739635373263264	0.511648960537812	0	0	2	0.1	0.234649984801412	0.0624249966015396	0.111933120345485	0.357441399779095	0.245508279433609	0	0	2	0.2	0.513665422536004	0.136789081601181	0.246046261546943	0.790774907481169	0.544728645934226	0	0	3	0.1	0.247740716864422	0.0659755011860394	0.11928346641206	0.381548204096107	0.262264737684047	0	0	3	0.2	0.547269038402059	0.146114271034963	0.2621726379265	0.847595385565119	0.585422747638618
360	0	0	0	0.1	0.0791649355156718	0.0579999293292312	-0.033347112563291	0.19312731275631	0.226474425319601	0	0	0	0.2	0.150364414866111	0.109889398309101	-0.0641363228784531	0.365714379826787	0.42985070270524	0	0	1	0.1	0.0807145209269449	0.0587342552088817	-0.0347161057295048	0.203380978425872	0.238097084155377	0	0	1	0.2	0.173943133598382	0.126578792221654	-0.0745434635076843	0.428467707927516	0.503011171435201	0	0	2	0.1	0.0898279617432568	0.0653969705397335	-0.0391451062655454	0.220110803379607	0.259255909645152	0	0	2	0.2	0.19799986961641	0.144045932374253	-0.0860173710111938	0.486018619634306	0.5720359906455	0	0	3	0.1	0.098955054090757	0.0720804442675774	-0.0433369589743358	0.242812898987293	0.286149857961629	0	0	3	0.2	0.219799426019675	0.159938771842441	-0.0994507082446838	0.535838386998899	0.635289095243583
367	0	0	0	0.1	0.179117244096397	0.0659997599026815	0.0505681269578187	0.310435222054141	0.259867095096323	0	0	0	0.2	0.330118695457292	0.121481247324504	0.0922781919229402	0.573599665653983	0.481321473731043	0	0	1	0.1	0.166972603942432	0.061589049678031	0.0474986518881087	0.290668405033922	0.243169753145813	0	0	1	0.2	0.353162378359205	0.130267826661618	0.0992252391249526	0.616063725563066	0.516838486438113	0	0	2	0.1	0.1779059658837	0.0657390634840973	0.0493403504653851	0.312506419016672	0.263166068551287	0	0	2	0.2	0.387484163338887	0.143309079070016	0.106901960286832	0.677448636517677	0.570546676230844	0	0	3	0.1	0.191476767415132	0.0709096305098629	0.0527503244296279	0.334639345281067	0.281889020851439	0	0	3	0.2	0.421152596771096	0.156198128562025	0.116050449799123	0.735603822287802	0.619553372488678
426	0	0	0	0.1	0.238853192772838	0.0671197624274339	0.106860773568588	0.368446466266083	0.261585692697494	0	0	0	0.2	0.42974139411071	0.120060365134227	0.189481106256228	0.661329110260794	0.471848004004565	0	0	1	0.1	0.20080058951926	0.0564377204811167	0.0890353684546492	0.308067355408992	0.219031986954343	0	0	1	0.2	0.422216020355798	0.118353958588201	0.192030275421566	0.647682533256963	0.455652257835397	0	0	2	0.1	0.205384433707077	0.0577730742491583	0.0945563024651727	0.312304024848903	0.217747722383731	0	0	2	0.2	0.446174882183016	0.125581841216134	0.20752668007014	0.683639930714145	0.476113250644005	0	0	3	0.1	0.216593251322739	0.0610549652109188	0.102313279311835	0.332688410727289	0.230375131415454	0	0	3	0.2	0.475365456866947	0.134174349359735	0.226707622758672	0.730565526027243	0.503857903268571
369	0	0	0	0.1	0.211931447996685	0.0602536551616576	0.0958055874333802	0.329566125338461	0.23376053790508	0	0	0	0.2	0.387897524121277	0.109710807108298	0.176633662497909	0.605437649984759	0.42880398748685	0	0	1	0.1	0.188345498453212	0.0542034242756008	0.0870647001800732	0.301467627057422	0.214402926877349	0	0	1	0.2	0.400697286952111	0.114984128803224	0.182071155889533	0.644041246123521	0.461970090233988	0	0	2	0.1	0.199260122557952	0.0576083903988047	0.0931571041022288	0.319731358542702	0.226574254440473	0	0	2	0.2	0.435732110387974	0.126010057258337	0.202022048880946	0.70147504242582	0.499452993544874	0	0	3	0.1	0.213945931979626	0.0620571122377915	0.100373733475454	0.34413764652515	0.243763913049696	0	0	3	0.2	0.471869624222576	0.137129812053325	0.218701251033513	0.760160436242787	0.541459185209274
357	0	0	0	0.1	0.131349496574032	0.0578719948394349	0.01805053874809	0.244489735830697	0.226439197082607	0	0	0	0.2	0.244898718850896	0.108108647587768	0.0332527344944258	0.456844802097728	0.423592067603302	0	0	1	0.1	0.115384467690705	0.0512883810678884	0.0155190157785134	0.216005066931689	0.200486051153175	0	0	1	0.2	0.24920122414948	0.111023404312147	0.0348927743123984	0.469480811263994	0.434588036951596	0	0	2	0.1	0.122469029742216	0.0547372594997438	0.0171217717748848	0.231409675000249	0.214287903225364	0	0	2	0.2	0.270712990274707	0.121270419828903	0.0381382181133519	0.510847711181132	0.47270949306778	0	0	3	0.1	0.131686919094307	0.0590052794637875	0.0182314436872841	0.248957458382644	0.23072601469536	0	0	3	0.2	0.293004177749716	0.131723279091244	0.0421513085464835	0.559310360135744	0.517159051589261
362	0	0	0	0.1	0.188490927628142	0.0649837885293608	0.0641401007830017	0.31796515412063	0.253825053337628	0	0	0	0.2	0.351425568309158	0.121040154827601	0.118834534717314	0.595100837626902	0.476266302909588	0	0	1	0.1	0.1719899533854	0.060126590470141	0.0575019017587572	0.290744367125996	0.233242465367239	0	0	1	0.2	0.368298305882987	0.128730783014529	0.123801906091865	0.61965030358016	0.495848397488295	0	0	2	0.1	0.182853260605843	0.0643025204174135	0.0610168995504737	0.311267923402968	0.250251023852495	0	0	2	0.2	0.40197274406973	0.141430753365878	0.136220383866339	0.685081048332358	0.548860664466019	0	0	3	0.1	0.196648969863671	0.0693393820279599	0.0662055365662917	0.336816597369999	0.270611060803707	0	0	3	0.2	0.435797509354312	0.153852730574154	0.146558907679849	0.746066214340373	0.599507306660524
390	0	0	0	0.1	0.165685865009953	0.0564796531795647	0.053658480902876	0.275632476097181	0.221973995194305	0	0	0	0.2	0.311520338464517	0.106099967406758	0.101284758334411	0.521330413860936	0.420045655526525	0	0	1	0.1	0.162215930827223	0.055871141578246	0.0522702533771416	0.274414255783694	0.222144002406553	0	0	1	0.2	0.349609420543112	0.120562160380337	0.112560832701797	0.598377299708386	0.485816467006588	0	0	2	0.1	0.178907080218723	0.0620088840775402	0.0570200466006528	0.308244219547714	0.251224172947061	0	0	2	0.2	0.39432812705075	0.136964021886719	0.126144564779697	0.683489939592136	0.557345374812439	0	0	3	0.1	0.196291110680601	0.0683255277528371	0.0622596570942997	0.33738106663454	0.275121409540241	0	0	3	0.2	0.435611589813784	0.152033976841771	0.138225770968797	0.75350206262178	0.615276291652983
356	0	0	0	0.1	0.129659300529097	0.0632927998346378	0.0114820293240392	0.252612492498303	0.241130463174264	0	0	0	0.2	0.231624882808121	0.113116097050027	0.0207970604644978	0.450712048595405	0.429914988130907	0	0	1	0.1	0.107767080208946	0.0529358932548138	0.00959250443950035	0.211592046893079	0.201999542453579	0	0	1	0.2	0.226240439849456	0.111134770027628	0.019999779290745	0.442931387680923	0.422931608390178	0	0	2	0.1	0.11028151373482	0.0543168142038628	0.00972965424441854	0.217067081352657	0.207337427108239	0	0	2	0.2	0.239171729760386	0.117967719746354	0.0220635226514198	0.469790706869941	0.447727184218521	0	0	3	0.1	0.116422787111442	0.0574512654338069	0.009813564633151	0.22974048618478	0.219926921551629	0	0	3	0.2	0.255127924879459	0.126182110209054	0.0235367969275485	0.500588038654037	0.477051241726489
391	0	0	0	0.1	0.186099855893426	0.0613269272948366	0.065473800929674	0.306253717440703	0.240779916511029	0	0	0	0.2	0.336261347469846	0.110203558048082	0.117841596967205	0.549152797876326	0.431311200909121	0	0	1	0.1	0.155709975134068	0.0514237875679562	0.0531630663133233	0.255783015565388	0.202619949252065	0	0	1	0.2	0.329387425217254	0.108608948430871	0.112334294982482	0.546572469189929	0.434238174207448	0	0	2	0.1	0.160106298050367	0.053038000531276	0.0548624031295777	0.268686279734677	0.213823876605099	0	0	2	0.2	0.349044524614407	0.11563340356564	0.121014810953344	0.587719592034678	0.466704781081335	0	0	3	0.1	0.169376491741959	0.0562399251491415	0.0607662668709515	0.28442125676358	0.223654989892629	0	0	3	0.2	0.372726000214924	0.123810937805257	0.131900976643316	0.627219522300937	0.49531854565762
353	0	0	0	0.1	0.134809850400287	0.0568916208647205	0.0251019814374913	0.243197547623674	0.218095566186183	0	0	0	0.2	0.246452780860616	0.103807816173625	0.0468159664927636	0.443593410620599	0.396777444127836	0	0	1	0.1	0.123383709364116	0.0520537470233273	0.0238525219184477	0.221875572078781	0.198023050160333	0	0	1	0.2	0.26192124887931	0.11046767191648	0.0523758747578324	0.468861101973954	0.416485227216121	0	0	2	0.1	0.132235806450661	0.0558442127685409	0.025114895876157	0.237577775980738	0.212462880104581	0	0	2	0.2	0.288526429646341	0.121897802143009	0.0552383449775392	0.520303341286721	0.465064996309182	0	0	3	0.1	0.143014822465224	0.0605159155053578	0.0277833367754571	0.257941457200269	0.230158120424812	0	0	3	0.2	0.314749410172446	0.133194705259948	0.0607789858291431	0.56720738456919	0.506428398740046
427	0	0	0	0.1	0.127316216855196	0.0605227314279967	0.00968175230271216	0.250130149345109	0.240448397042397	0	0	0	0.2	0.235812902435761	0.111776966751804	0.0174740565010897	0.458393691796742	0.440919635295652	0	0	1	0.1	0.114679199938124	0.0545223001695732	0.00860852483035794	0.222833528371842	0.214225003541484	0	0	1	0.2	0.245838104741286	0.116851792017757	0.0172435499835292	0.4759479772084	0.458704427224871	0	0	2	0.1	0.12238430358089	0.0582195948330786	0.00839165814536076	0.237606535187796	0.229214877042435	0	0	2	0.2	0.269093823852536	0.127963535221898	0.0191106590171241	0.521900887766348	0.502790228749224	0	0	3	0.1	0.132074561692934	0.0627945396088929	0.00979968328279133	0.253403276362753	0.243603593079962	0	0	3	0.2	0.292423806415773	0.139021905374836	0.0191623991760044	0.563926349169858	0.544763949993853
376	0	0	0	0.1	0.0601173441646166	0.0674889902362251	-0.0706574976706848	0.195092547558904	0.265750045229589	0	0	0	0.2	0.112268614086665	0.126315776395356	-0.133782293418284	0.360582662505132	0.494364955923416	0	0	1	0.1	0.0549898049429436	0.0619184703982706	-0.0657197294873587	0.17615164227089	0.241871371758249	0	0	1	0.2	0.118030605825724	0.133097463942377	-0.142776718351035	0.375977814506126	0.518754532857161	0	0	2	0.1	0.0587561789960018	0.0662412727815896	-0.0704108102359521	0.187140909353237	0.257551719589189	0	0	2	0.2	0.129296661590795	0.145983990433185	-0.155837280719601	0.412450208674981	0.568287489394582	0	0	3	0.1	0.0632979383950282	0.0714321702500916	-0.0754640804386124	0.201922846939169	0.277386927377781	0	0	3	0.2	0.140429938086709	0.158780414107267	-0.169198267023949	0.448350203808125	0.617548470832074
344	0	0	0	0.1	0.146558576145139	0.0615025433622596	0.0273664396946876	0.268668495977555	0.241302056282867	0	0	0	0.2	0.273761772928608	0.114985204343165	0.0507859004063722	0.507570783393134	0.456784882986762	0	0	1	0.1	0.134411584988374	0.0568216419341853	0.0247936532483595	0.247650656187189	0.222857002938829	0	0	1	0.2	0.288434956226181	0.12218577654727	0.0527366992708838	0.53022738861379	0.477490689342906	0	0	2	0.1	0.143599924562826	0.0610572296594098	0.0256666180823297	0.262597910009131	0.236931291926801	0	0	2	0.2	0.316039072983404	0.134725084591021	0.059219072569698	0.577180130127178	0.51796105755748	0	0	3	0.1	0.154781397169054	0.0661147082471433	0.0283328758570099	0.284448118028038	0.256115242171029	0	0	3	0.2	0.343407796792892	0.146999899198329	0.0630827529221306	0.625541258227395	0.562458505305264
370	0	0	0	0.1	0.221593614071952	0.0674391200335236	0.0919214652361862	0.353898133793893	0.261976668557706	0	0	0	0.2	0.408064717104883	0.123586279854236	0.168405811303237	0.644688361788347	0.47628255048511	0	0	1	0.1	0.192749357399509	0.0585730359867864	0.0772980841417199	0.306313333075386	0.229015248933666	0	0	1	0.2	0.411488006739893	0.1250336297545	0.166942759002866	0.647035314365379	0.480092555362513	0	0	2	0.1	0.201527877751874	0.061493199859556	0.0826903109903376	0.318542647791818	0.23585233680148	0	0	2	0.2	0.442285502765525	0.135163535196605	0.182316824566191	0.707666160544181	0.52534933597799	0	0	3	0.1	0.215010451187033	0.0657754693189794	0.0886167091024212	0.346630223508701	0.25801351440628	0	0	3	0.2	0.475748841233591	0.145979883394485	0.197740244979313	0.769511062965623	0.57177081798631
372	0	0	0	0.1	0.1308065478761	0.0670111523647537	-0.00106629555593165	0.259422795492056	0.260489091047988	0	0	0	0.2	0.244189283423321	0.125089284786543	-0.00286125308952894	0.491973344882029	0.494834597971558	0	0	1	0.1	0.120243534884235	0.0617537690613175	-0.000909641960940511	0.24449554396852	0.24540518592946	0	0	1	0.2	0.257705896035249	0.132445837584697	-0.00248546966769099	0.527071083889282	0.529556553556974	0	0	2	0.1	0.128441413084885	0.0661287934366699	-0.00149216707716217	0.262767191376242	0.264259358453404	0	0	2	0.2	0.282447737150377	0.145644713422723	-0.00376668813803248	0.579277082756324	0.583043770894357	0	0	3	0.1	0.138481559289587	0.0714348950140385	-0.00206541417291523	0.282029615492267	0.284095029665182	0	0	3	0.2	0.307045657885021	0.158614329448214	-0.00268435097037009	0.632156308213656	0.634840659184026
409	0	0	0	0.1	0.230372467050563	0.0690874182924823	0.0964340473816772	0.364755047285355	0.268320999903677	0	0	0	0.2	0.437855625860621	0.130437791805644	0.186642780857894	0.690518313305212	0.503875532447318	0	0	1	0.1	0.217614179627078	0.0651220995095149	0.0925238563719258	0.346265879066634	0.253742022694708	0	0	1	0.2	0.471382187720155	0.14066602506464	0.201369661594959	0.744801778663815	0.543432117068856	0	0	2	0.1	0.235187361754793	0.070328740476635	0.100602461194768	0.370361356696864	0.269758895502095	0	0	2	0.2	0.521101668053362	0.155713514487564	0.223134185968508	0.820363762164661	0.597229576196152	0	0	3	0.1	0.254838160647368	0.0761348275130826	0.110570778886858	0.403902855835068	0.293332076948209	0	0	3	0.2	0.56835413204171	0.170069931693593	0.243138763504705	0.898707792112227	0.655569028607522
389	0	0	0	0.1	0.14713827957588	0.0630274893263821	0.0213605887237353	0.27045947558447	0.249098886860734	0	0	0	0.2	0.270086412678546	0.115284749151664	0.039189888258422	0.49492404754694	0.455734159288518	0	0	1	0.1	0.130234752955661	0.0555908753194277	0.0203960389172082	0.241999353822025	0.221603314904817	0	0	1	0.2	0.277486443206238	0.118345773423986	0.044184270044899	0.512254345062278	0.468070075017379	0	0	2	0.1	0.137480139965541	0.0587183047718719	0.0221895313940992	0.254937802287086	0.232748270892987	0	0	2	0.2	0.301062481235224	0.128682973426429	0.0494664187425717	0.559115002348757	0.509648583606185	0	0	3	0.1	0.147408119271422	0.0630549071779501	0.0250332811609917	0.274538072414003	0.249504791253011	0	0	3	0.2	0.325458385349309	0.139310344813175	0.0535988442274229	0.604355953654815	0.550757109427392
416	0	0	0	0.1	0.0994050872605633	0.0641910735421447	-0.0293151603811714	0.220124885006288	0.24944004538746	0	0	0	0.2	0.18606580196287	0.120030424167514	-0.0551623972489798	0.413567426780067	0.468729824029047	0	0	1	0.1	0.0901351849852828	0.0584096030511778	-0.0263521046768885	0.200013947166467	0.226366051843356	0	0	1	0.2	0.193858468918218	0.125581060540126	-0.0566445853203498	0.43463437498873	0.491278960309079	0	0	2	0.1	0.095954295115784	0.0622570586868863	-0.0269596844509775	0.215889752628276	0.242849437079253	0	0	2	0.2	0.211544898146591	0.137387056954416	-0.0586612832952131	0.477742238295382	0.536403521590595	0	0	3	0.1	0.103272733386604	0.0671241547933373	-0.028113343477703	0.234097635714605	0.262210979192308	0	0	3	0.2	0.229427065600595	0.149248755707644	-0.0645652538675433	0.52096025398102	0.585525507848563
414	0	0	0	0.1	0.0779247413258249	0.0685108449472759	-0.0582257893113306	0.207154376102473	0.265380165413803	0	0	0	0.2	0.148077038180771	0.130300421849814	-0.109739585231533	0.394168529338725	0.503908114570258	0	0	1	0.1	0.0711469532171629	0.0625547907328093	-0.0548399599266484	0.187304770066546	0.242144729993194	0	0	1	0.2	0.154755053548114	0.13620223532339	-0.117820373228915	0.408347661103825	0.52616803433274	0	0	2	0.1	0.0763502974862235	0.0670978421319675	-0.0587583265698835	0.202344494516358	0.261102821086242	0	0	2	0.2	0.169627978471997	0.149357392123648	-0.131066749534036	0.450026583871745	0.581093333405781	0	0	3	0.1	0.0824038678223895	0.0725195887072787	-0.0645700883189039	0.218449936701234	0.283020025020138	0	0	3	0.2	0.184263084996632	0.162403807428856	-0.143087092645346	0.487769843142158	0.630856935787504
410	0	0	0	0.1	0.142223450468334	0.0692652500907952	0.00189780095778457	0.278639490856085	0.2767416898983	0	0	0	0.2	0.261535860965393	0.127439672415589	0.00271748298331542	0.517387339781236	0.514669856797921	0	0	1	0.1	0.129653261329841	0.0635978967246399	0.00165945149249989	0.25553725622351	0.25387780473101	0	0	1	0.2	0.274543459884367	0.134798347366545	0.00378364577048466	0.543311907486099	0.539528261715614	0	0	2	0.1	0.137136517416186	0.067624267290179	0.00148411057147724	0.272707005168008	0.271222894596531	0	0	2	0.2	0.299075445434695	0.147574591470213	0.00381088326558006	0.593693866085949	0.589882982820369	0	0	3	0.1	0.147163856511276	0.072785472187958	0.00200435049752401	0.291465522679287	0.289461172181763	0	0	3	0.2	0.324006095166186	0.160472155782684	0.00512350018754888	0.645306154852602	0.640182654665053
423	0	0	0	0.1	0.251862470713169	0.0652390924719368	0.12152485268738	0.380001642997127	0.258476790309748	0	0	0	0.2	0.469150263539093	0.120876485104416	0.224607096061339	0.712081328189844	0.487474232128505	0	0	1	0.1	0.227669737940852	0.0599483184366679	0.111420719301507	0.346707438563711	0.235286719262204	0	0	1	0.2	0.487659107844342	0.128139722701241	0.239304229126799	0.739971139894413	0.500666910767614	0	0	2	0.1	0.241229612326427	0.0640713475159863	0.116789301385236	0.369745315644869	0.252956014259633	0	0	2	0.2	0.530361408942261	0.140994161641814	0.256716592394918	0.811567789094835	0.554851196699917	0	0	3	0.1	0.258790657831315	0.0691599930972928	0.125131822919982	0.398453849439406	0.273322026519424	0	0	3	0.2	0.573823283754931	0.153568933615507	0.27945577308281	0.888652161651246	0.609196388568435
418	0	0	0	0.1	0.201137881503642	0.0693626526841742	0.0697317074534075	0.33528087261057	0.265549165157162	0	0	0	0.2	0.38050262628571	0.130859199609821	0.131521619578679	0.63813059230105	0.506608972722371	0	0	1	0.1	0.180846454433141	0.0625045242458471	0.0611028403881609	0.305213544083504	0.244110703695343	0	0	1	0.2	0.391956957071598	0.135624835911538	0.130347849696455	0.658184821129257	0.527836971432802	0	0	2	0.1	0.191979600134865	0.0666350075257939	0.063840337059948	0.32289059918419	0.259050262124243	0	0	2	0.2	0.425898715640152	0.14816648627443	0.139109110633212	0.718313710041094	0.579204599407882	0	0	3	0.1	0.206225250914338	0.0717850409355761	0.0676942078639365	0.345245487149491	0.277551279285554	0	0	3	0.2	0.460673544547825	0.160843369250048	0.149392357634177	0.778145454252715	0.628753096618538
403	0	0	0	0.1	0.233038971165118	0.0614995718958598	0.1118154933367	0.355463525973982	0.243648032637282	0	0	0	0.2	0.424383604347084	0.111992329483072	0.209092968435687	0.644222706280427	0.43512973784474	0	0	1	0.1	0.20809084691092	0.0561682540102011	0.100514701656433	0.322578343305209	0.222063641648776	0	0	1	0.2	0.441101221938465	0.119095525358051	0.212390563491063	0.684486511572098	0.472095948081035	0	0	2	0.1	0.220214148283734	0.0601150832039303	0.104616548528851	0.34036285963608	0.235746311107229	0	0	2	0.2	0.480215133929544	0.131427876250662	0.228955125101926	0.743228512844283	0.514273387742357	0	0	3	0.1	0.236467709296209	0.0650203142003313	0.112477646618321	0.366938069849864	0.254460423231543	0	0	3	0.2	0.520413074190947	0.143507792952022	0.251006827001567	0.808905279608399	0.557898452606832
404	0	0	0	0.1	0.160324925873084	0.0686779839622005	0.024764922578	0.298895029589081	0.274130107011081	0	0	0	0.2	0.306335623122775	0.13082036298911	0.0487413322699275	0.569892653730853	0.521151321460926	0	0	1	0.1	0.152242235298092	0.06520942511365	0.0252614632099334	0.283610849986903	0.25834938677697	0	0	1	0.2	0.329792458111017	0.141227854062812	0.0546184263086692	0.615857965255362	0.561239538946693	0	0	2	0.1	0.164196218930786	0.0703595063998301	0.0262085777981807	0.304618760157987	0.278410182359807	0	0	2	0.2	0.363905467944197	0.156119630731323	0.0576545728550558	0.675982510875159	0.618327938020103	0	0	3	0.1	0.177629540688141	0.0761774899002749	0.0287184400131003	0.330774159522153	0.302055719509053	0	0	3	0.2	0.396605348358002	0.170326286731745	0.0621609537311602	0.738498197727763	0.676337243996603
412	0	0	0	0.1	0.316861175611507	0.06847778858598	0.190663708764483	0.460227163310343	0.26956345454586	0	0	0	0.2	0.583721179881682	0.125602334215712	0.352292545684914	0.847025004876007	0.494732459191093	0	0	1	0.1	0.296102853630519	0.0656753400335134	0.174600311337594	0.433478476626367	0.258878165288773	0	0	1	0.2	0.627536998409197	0.138643569005911	0.374742430183053	0.920255765588607	0.545513335405554	0	0	2	0.1	0.316481709918042	0.070887785744091	0.188360734913704	0.462509078579378	0.274148343665674	0	0	2	0.2	0.690028369968653	0.154574855415536	0.406789812307677	1.01003329223933	0.603243479931653	0	0	3	0.1	0.340964859508834	0.0768928614784018	0.201499931387655	0.496260218571281	0.294760287183626	0	0	3	0.2	0.750561835348725	0.169556932770571	0.440642766000045	1.09545499959343	0.654812233593382
417	0	0	0	0.1	0.145381183815627	0.0652039691137446	0.0254775964644922	0.275009884878253	0.249532288413761	0	0	0	0.2	0.271574765675617	0.121924353940861	0.0466617125598824	0.515206044181985	0.468544331622103	0	0	1	0.1	0.131618217845185	0.0592791728517649	0.0217493947758752	0.252808114737424	0.231058719961549	0	0	1	0.2	0.282280224745082	0.127252861890006	0.0465903361538754	0.54704922461664	0.500458888462764	0	0	2	0.1	0.139499631314387	0.0629247553987519	0.0229452293809653	0.269879677689933	0.246934448308968	0	0	2	0.2	0.307059271011444	0.138712775082326	0.0505273603969909	0.600298203176535	0.549770842779544	0	0	3	0.1	0.149696539738701	0.0676068454853338	0.0244234239385573	0.291918904821507	0.26749548088295	0	0	3	0.2	0.332265589701061	0.15032550754877	0.0560163593876651	0.644348890020403	0.588332530632737
468	0	0	0	0.1	0.0892775725430429	0.0688867147074044	-0.0436086323302533	0.223033985009523	0.266642617339776	0	0	0	0.2	0.168766478621896	0.129937765319463	-0.0857694297288812	0.421698924162581	0.507468353891462	0	0	1	0.1	0.0848042568430788	0.0652706893322175	-0.0428230043418671	0.211664996219592	0.254488000561459	0	0	1	0.2	0.182443733148774	0.140426483496599	-0.0945776121944453	0.451707467912595	0.546285080107041	0	0	2	0.1	0.0914248912540028	0.0704416027684727	-0.0471014461675336	0.226670810627034	0.273772256794567	0	0	2	0.2	0.201704160569469	0.155355825232317	-0.104413454134502	0.495741318474883	0.600154772609385	0	0	3	0.1	0.099061004322628	0.0763038536029764	-0.0502429110740575	0.243990551308651	0.294233462382709	0	0	3	0.2	0.220209417790538	0.169720730057505	-0.113347220783239	0.543968741813786	0.657315962597025
415	0	0	0	0.1	0.287983086529623	0.0661514406678259	0.158449585894737	0.423945406851459	0.265495820956722	0	0	0	0.2	0.538959284409132	0.122601533181242	0.305253917530569	0.78098255232389	0.475728634793321	0	0	1	0.1	0.271232544383	0.0626919317766822	0.150419158700448	0.390544003019665	0.240124844319217	0	0	1	0.2	0.579728572710748	0.133507079195332	0.324599753246678	0.83949396765949	0.514894214412812	0	0	2	0.1	0.290702649723762	0.0675408750326488	0.162673478138715	0.425760969671219	0.263087491532504	0	0	2	0.2	0.63813698730487	0.148249664507681	0.359957455888973	0.93610262840983	0.576145172520857	0	0	3	0.1	0.313711770799929	0.0732348385691588	0.17673675829842	0.457175483224545	0.280438724926126	0	0	3	0.2	0.694578288350517	0.162457624747115	0.391774475840526	1.02123602865509	0.629461552814566
475	0	0	0	0.1	0.221363275375643	0.0663532154170135	0.0867959250990282	0.346719269390463	0.259923344291435	0	0	0	0.2	0.403400067719187	0.120336101349046	0.164917861448865	0.637196115056284	0.472278253607419	0	0	1	0.1	0.188820938790559	0.056847335070792	0.075221301933075	0.301543503241183	0.226322201308108	0	0	1	0.2	0.400429723286785	0.120417188565603	0.16337457342812	0.640793184756799	0.47741861132868	0	0	2	0.1	0.195211864421511	0.0589778501826891	0.0796892792660724	0.313692497648855	0.234003218382782	0	0	2	0.2	0.426444949172939	0.128974437408506	0.175806817337856	0.679500553604158	0.503693736266303	0	0	3	0.1	0.206924762798993	0.0627488012324267	0.0854888356220445	0.330527593100066	0.245038757478022	0	0	3	0.2	0.456354118939957	0.138676760053561	0.18562251085493	0.729879684741815	0.544257173886885
408	0	0	0	0.1	0.187290992887886	0.0756359046954863	0.0395008592932178	0.332880822013369	0.293379962720151	0	0	0	0.2	0.343972969885192	0.138939576161843	0.0728462992135882	0.612829250011798	0.53998295079821	0	0	1	0.1	0.166008779036101	0.0673699882120698	0.0368192673135532	0.297506388406937	0.260687121093384	0	0	1	0.2	0.350350168931386	0.142315102194641	0.0782338884727643	0.629798946947933	0.551565058475169	0	0	2	0.1	0.172061021286347	0.0699971045037489	0.0387106027914967	0.311249345216427	0.27253874242493	0	0	2	0.2	0.374804033776647	0.15276184864566	0.0847967658904753	0.673024747453981	0.588227981563506	0	0	3	0.1	0.182408357615461	0.0742926793286939	0.0418778872703058	0.328660202049033	0.286782314778727	0	0	3	0.2	0.401642464222613	0.164012229044728	0.0912308742065574	0.725430476155423	0.634199601948865
466	0	0	0	0.1	0.141975588981193	0.069586747914884	0.0054723390900852	0.280099650445977	0.274627311355892	0	0	0	0.2	0.269467937880707	0.131575154952388	0.0104082487926027	0.533764861553898	0.523356612761295	0	0	1	0.1	0.130890189855568	0.0639435086359067	0.00498538487380734	0.261094228893929	0.256108844020121	0	0	1	0.2	0.28361577951905	0.138322631619717	0.0107291384817505	0.565403117655252	0.554673979173502	0	0	2	0.1	0.140174623407313	0.0684356977901258	0.00573698028988478	0.276366929069581	0.270629948779696	0	0	2	0.2	0.310800830098365	0.151671368390019	0.0131682215457429	0.607806636909672	0.594638415363929	0	0	3	0.1	0.151288905607466	0.0738116592693896	0.00609063104730657	0.297383042032628	0.291292410985321	0	0	3	0.2	0.337790254121654	0.164832588590234	0.0128288967190488	0.662010138315557	0.649181241596508
473	0	0	0	0.1	0.154576627915698	0.0686235212517437	0.0193273742531564	0.29381177409769	0.274484399844533	0	0	0	0.2	0.289197135795138	0.128383378653735	0.0359942398865662	0.544160871903704	0.508166632017138	0	0	1	0.1	0.142020315106301	0.0633338951651294	0.0184147356028933	0.266492987066084	0.248078251463191	0	0	1	0.2	0.304232407151408	0.135799804649453	0.0384609210999717	0.568643751111792	0.53018283001182	0	0	2	0.1	0.151131780686544	0.067632629483409	0.0201898976729786	0.282280862929945	0.262090965256966	0	0	2	0.2	0.332287311835922	0.148928292409099	0.0422816997566472	0.619702737193511	0.577421037436864	0	0	3	0.1	0.162488220467429	0.0729078802621367	0.0204737214397648	0.303476960237038	0.283003238797273	0	0	3	0.2	0.360211295613619	0.161863897335607	0.0456988014247233	0.673521189020014	0.627822387595291
477	0	0	0	0.1	0.142136744046396	0.0670820391533148	0.0165581798976754	0.282597768574804	0.266039588677128	0	0	0	0.2	0.265687386682364	0.124928262973696	0.0331108536685356	0.525172291014972	0.492061437346436	0	0	1	0.1	0.129613247161569	0.0609679826474759	0.0165687744343577	0.255977011676707	0.23940823724235	0	0	1	0.2	0.278481830880238	0.13073003315481	0.0346692165856169	0.545907372613661	0.511238156028045	0	0	2	0.1	0.138322849756625	0.0649294538859642	0.0177460638334505	0.270896169870385	0.253150106036935	0	0	2	0.2	0.304650515112373	0.142919819262046	0.0396523127812397	0.594273314810777	0.554621002029538	0	0	3	0.1	0.149032561612316	0.0699003358169562	0.01879473939572	0.288987186698043	0.270192447302323	0	0	3	0.2	0.330866019891524	0.155137083187093	0.0401554311149239	0.635715626517341	0.595560195402417
428	0	0	0	0.1	0.125000698990721	0.0660234644672835	-0.00295443024788468	0.250126547067456	0.253080977315341	0	0	0	0.2	0.229861665617532	0.121357128191761	-0.00656434271978913	0.464110546802048	0.470674889521837	0	0	1	0.1	0.109370583458368	0.057834151232558	-0.0034418039077403	0.223096566925546	0.226538370833286	0	0	1	0.2	0.233258659533119	0.12335322183826	-0.00748249885075732	0.476453559409942	0.483936058260699	0	0	2	0.1	0.114741753038472	0.0606790312165138	-0.00426739097792393	0.234803527359426	0.23907091833735	0	0	2	0.2	0.251521026095385	0.133081746945744	-0.00777788354929025	0.515759284531321	0.523537168080611	0	0	3	0.1	0.122561275592757	0.064838091943896	-0.00417297540024955	0.249042695053337	0.253215670453587	0	0	3	0.2	0.270986940843764	0.143395829916069	-0.00535693366580436	0.551846805086536	0.55720373875234
455	0	0	0	0.1	0.195611872488712	0.0776434407343647	0.0360179356905779	0.342837703090223	0.306819767399645	0	0	0	0.2	0.366453511438155	0.144787144516134	0.0660369145813283	0.64204170656002	0.576004791978692	0	0	1	0.1	0.17393769238038	0.0693395001803107	0.0303287012363026	0.310718892473956	0.280390191237653	0	0	1	0.2	0.37285765336154	0.148327539018084	0.0633019633994348	0.664438442554185	0.601136479154751	0	0	2	0.1	0.181758460365391	0.0725844111772291	0.0307779619788461	0.324751568556607	0.293973606577761	0	0	2	0.2	0.400311134154233	0.159879871883933	0.0683522045410332	0.720070369292229	0.651718164751195	0	0	3	0.1	0.193477282083984	0.0774881834973766	0.0315280028129004	0.347012444801114	0.315484441988213	0	0	3	0.2	0.429796052405144	0.172146095612152	0.0757802962714233	0.773295767350237	0.697515471078814
474	0	0	0	0.1	0.224233070313857	0.0718489434667846	0.0831197538087162	0.369214905450814	0.286095151642098	0	0	0	0.2	0.426559611279918	0.13602006847858	0.160512330991347	0.700064565026957	0.53955223403561	0	0	1	0.1	0.20657142060842	0.0665310909727058	0.076767588518574	0.340492374180927	0.263724785662353	0	0	1	0.2	0.448070470603336	0.144086512123315	0.166906247607204	0.734643190725299	0.567736943118095	0	0	2	0.1	0.220876944291224	0.0712361816185264	0.0831735616640851	0.361520534754957	0.278346973090872	0	0	2	0.2	0.490140173042295	0.158312812298619	0.18449943226865	0.801213411211641	0.616713978942991	0	0	3	0.1	0.237964961526749	0.0769593527007755	0.0892615677556271	0.390947323593878	0.301685755838251	0	0	3	0.2	0.531715090012712	0.172208219246851	0.199173626326476	0.880285815334791	0.681112189008315
467	0	0	0	0.1	0.094523872257318	0.0715006074192324	-0.0413766150931149	0.237229623954533	0.278606239047648	0	0	0	0.2	0.178456731084441	0.134964926123668	-0.0772921639362404	0.446312595966363	0.523604759902603	0	0	1	0.1	0.0876731183017358	0.0664821722701454	-0.0380399553920214	0.221794513058926	0.259834468450947	0	0	1	0.2	0.188880558006128	0.143428446681024	-0.0815111733985384	0.483720033386349	0.565231206784888	0	0	2	0.1	0.0937739188688776	0.0713030375807107	-0.041124386830087	0.239522359000296	0.280646745830383	0	0	2	0.2	0.207115032934502	0.15766689161507	-0.0913825744336013	0.523368886154806	0.614751460588407	0	0	3	0.1	0.101119677301408	0.0770656654525438	-0.0440031488021237	0.255617805976026	0.299620954778149	0	0	3	0.2	0.225025185382503	0.171621113054599	-0.097400772141911	0.576029629153033	0.673430401294944
432	0	0	0	0.1	0.214384398681178	0.0586695012544227	0.10201239275315	0.335613961975907	0.233601569222758	0	0	0	0.2	0.396582687788207	0.108204798817932	0.192224570793015	0.616828914416028	0.424604343623013	0	0	1	0.1	0.193031217362296	0.0532518971316943	0.0923693132910715	0.299488334554309	0.207119021263237	0	0	1	0.2	0.412888338139416	0.114029908901	0.200252001992884	0.637325204871794	0.437073202878909	0	0	2	0.1	0.20519720999787	0.0570439700482391	0.0987765238069038	0.319573012464166	0.220796488657263	0	0	2	0.2	0.450466922168592	0.125539494299803	0.219230917625048	0.705552027342189	0.486321109717141	0	0	3	0.1	0.220737894357682	0.061660107720837	0.105561319728907	0.349036435254428	0.24347511552552	0	0	3	0.2	0.488496701618245	0.137055319482942	0.236290381276689	0.773191705892438	0.536901324615749
465	0	0	0	0.1	0.1041599488796	0.0530937804243139	0	0.204893336593887	0.204893336593887	0	0	0	0.2	0.188955416666456	0.0962069999832529	-2.1927614953897e-05	0.372964321904695	0.372986249519649	0	0	1	0.1	0.0950375846686756	0.0486405581664167	0	0.185735431565673	0.185735431565673	0	0	1	0.2	0.201517121354812	0.103129531598548	-2.96289811008693e-05	0.393615087872492	0.393644716853593	0	0	2	0.1	0.102292082630238	0.0524915558283007	0	0.202619013215483	0.202619013215483	0	0	2	0.2	0.22286945053545	0.114362906498858	-4.67352085205071e-05	0.439644441409792	0.439691176618312	0	0	3	0.1	0.110926174457975	0.0569975206140377	0	0.220640326728283	0.220640326728283	0	0	3	0.2	0.243644780606842	0.125259663880336	0	0.48530507121521	0.48530507121521
471	0	0	0	0.1	0.210854949079586	0.063097402240739	0.088404469828096	0.336571884097838	0.248167414269742	0	0	0	0.2	0.400416241276079	0.120081326179895	0.168258465119358	0.640688389883177	0.472429924763819	0	0	1	0.1	0.19765933330268	0.0601341878074414	0.0827181134201885	0.32073171284301	0.238013599422822	0	0	1	0.2	0.428830642868832	0.130765749236775	0.179249468340129	0.693118945798255	0.513869477458126	0	0	2	0.1	0.213680923173553	0.0655130319377134	0.0889418120947836	0.347588870288158	0.258647058193374	0	0	2	0.2	0.473814896926426	0.145800207220915	0.198122169836696	0.773312920318476	0.57519075048178	0	0	3	0.1	0.231712071928164	0.07142980746422	0.09716813808505	0.379096503149855	0.281928365064805	0	0	3	0.2	0.517246314768587	0.159986273299102	0.217511455273526	0.844806661501936	0.627295206228409
407	0	0	0	0.1	0.108999638836711	0.0545513936096595	0.00595141121182243	0.2141226383296	0.208171227117778	0	0	0	0.2	0.197749787513012	0.0984697715094175	0.0111523465841675	0.390509920377494	0.379357573793327	0	0	1	0.1	0.0967684105736581	0.0478602452494219	0.00464883564584555	0.193618164356743	0.188969328710897	0	0	1	0.2	0.20554714568745	0.101543139685347	0.00973365792454087	0.409543185928712	0.399809528004172	0	0	2	0.1	0.10313968316804	0.0508600828756883	0.0054711761046653	0.205841294533293	0.200370118428628	0	0	2	0.2	0.225083733940946	0.111106742110648	0.0135615083275077	0.447778986715675	0.434217478388168	0	0	3	0.1	0.111309088208577	0.0549406755439748	0.00579885743607637	0.221611748449697	0.215812891013621	0	0	3	0.2	0.244894019686055	0.120908696887957	0.0140021341919651	0.485462272511786	0.471460138319821
507	0	0	0	0.1	0.254542903870167	0.0609399491486623	0.13928424294335	0.374222787752752	0.234938544809402	0	0	0	0.2	0.475977742086727	0.113547445357205	0.261205117489023	0.695529417531815	0.434324300042793	0	0	1	0.1	0.236210497833689	0.0574482921108382	0.130773676048947	0.352197762077766	0.221424086028819	0	0	1	0.2	0.508351958657128	0.123604210821875	0.283018591487701	0.761663396797851	0.47864480531015	0	0	2	0.1	0.254541317993623	0.0623253064772712	0.141412766157701	0.384776794666325	0.243364028508624	0	0	2	0.2	0.561036242028596	0.137841486404433	0.30978364861126	0.851884156741052	0.542100508129792	0	0	3	0.1	0.275616100582027	0.0679010898534397	0.151572629998815	0.419523866092925	0.26795123609411	0	0	3	0.2	0.612253304439333	0.151487729596569	0.338128752787728	0.933812417026532	0.595683664238804
452	0	0	0	0.1	0.123460258732529	0.0743774468996879	-0.024447298150593	0.271460163070565	0.295907461221158	0	0	0	0.2	0.221040400242103	0.133211266095412	-0.0423144965687629	0.480460005243422	0.522774501812185	0	0	1	0.1	0.0978779343169524	0.0590758968042899	-0.0188699405412946	0.210950926735557	0.229820867276852	0	0	1	0.2	0.205272387216867	0.124047661518344	-0.0403105309921588	0.451094487765651	0.491405018757809	0	0	2	0.1	0.0968525851247857	0.0586069745393677	-0.0187643373848811	0.211851439660252	0.230615777045134	0	0	2	0.2	0.210386864899577	0.127476081135212	-0.0432840141441059	0.460439113908439	0.503723128052545	0	0	3	0.1	0.100340376980717	0.0607676507506496	-0.0183234384295321	0.218125192672445	0.236448631101977	0	0	3	0.2	0.220305234678038	0.133678428370536	-0.0432530856548395	0.485148883922265	0.528401969577105
518	0	0	0	0.1	0.2046275420096	0.0628543263435816	0.0875647898903759	0.331957569138884	0.244392779248508	0	0	0	0.2	0.377793213873301	0.115985100500643	0.163242263818004	0.618788610714601	0.455546346896597	0	0	1	0.1	0.181314784659965	0.0567501004551979	0.0778461470941446	0.30128495769516	0.223438810601015	0	0	1	0.2	0.387610099028757	0.121507460291637	0.165413848568303	0.648596596742401	0.483182748174098	0	0	2	0.1	0.191428372144036	0.0605266354368029	0.0818416087726262	0.321562041731563	0.239720432958937	0	0	2	0.2	0.420252158215702	0.133338866513618	0.180412310819593	0.703191295942081	0.522778985122488	0	0	3	0.1	0.205119512655879	0.0653263099906848	0.0885999953738366	0.343965757877283	0.255365762503446	0	0	3	0.2	0.45417440802665	0.145286269899475	0.194656930094347	0.76186225536968	0.567205325275333
472	0	0	0	0.1	0.170044106534692	0.0575889483648499	0.0624462799898716	0.290558976535417	0.228112696545546	0	0	0	0.2	0.317286016062293	0.106877395716875	0.120406662610003	0.543969020199538	0.423562357589534	0	0	1	0.1	0.168534670248827	0.0570055151694501	0.0605221186011737	0.285946341627511	0.225424223026337	0	0	1	0.2	0.359873403883605	0.121395930439063	0.13213201169215	0.605923151938971	0.473791140246821	0	0	2	0.1	0.185507343473685	0.0627048011150708	0.0671595261644545	0.309987526473562	0.242828000309108	0	0	2	0.2	0.406044742574945	0.137263742874582	0.148913179992494	0.679830658926003	0.530917478933509	0	0	3	0.1	0.203224831194732	0.0687927091498861	0.0758119399962487	0.33977872601045	0.263966786014201	0	0	3	0.2	0.448503180505485	0.151802205121726	0.165920691004063	0.748540382570069	0.582619691566006
447	0	0	0	0.1	0.277786779125212	0.0695286072999034	0.145891151674938	0.415611246169804	0.269720094494867	0	0	0	0.2	0.526845167420773	0.131321633374363	0.279705683108162	0.781248418807926	0.501542735699764	0	0	1	0.1	0.255700577473058	0.0649659400801338	0.135825625218041	0.387992966560977	0.252167341342936	0	0	1	0.2	0.553698927154027	0.140388240683336	0.295126223560405	0.827011895547975	0.53188567198757	0	0	2	0.1	0.273196196312689	0.0697901546806973	0.145358001148313	0.410703167546953	0.26534516639864	0	0	2	0.2	0.605591209556871	0.154918577055841	0.32667328841264	0.905814571308737	0.579141282896097	0	0	3	0.1	0.294345065176315	0.0755785884150369	0.158930130062714	0.441476263138037	0.282546133075323	0	0	3	0.2	0.657015282032501	0.169185507186048	0.352976488229489	0.990731852506272	0.637755364276784
451	0	0	0	0.1	0.0560618091633613	0.0716286460490009	-0.0817668014239799	0.193147090223025	0.274913891647005	0	0	0	0.2	0.104493079670242	0.133582461183209	-0.153172354656318	0.358535484058712	0.51170783871503	0	0	1	0.1	0.0505802068470086	0.0649337441750621	-0.0763830683345741	0.174615831512193	0.250998899846767	0	0	1	0.2	0.108282220673145	0.138988453309924	-0.16365006243764	0.371951772445039	0.535601834882679	0	0	2	0.1	0.0535250965804825	0.068824825591431	-0.0799187700548476	0.186609028633923	0.266527798688771	0	0	2	0.2	0.117665519932219	0.151331992753624	-0.173157765468143	0.405725089205606	0.578882854673749	0	0	3	0.1	0.0574293837576716	0.0738658614300429	-0.0855664797266511	0.200125450257907	0.285691929984558	0	0	3	0.2	0.127378018889595	0.163869449005673	-0.187150480218233	0.442884672944281	0.630035153162514
450	0	0	0	0.1	0.142558256985784	0.0698194559532607	0.0149731384798255	0.287030881442252	0.272057742962426	0	0	0	0.2	0.27353726915446	0.133379041591786	0.0278552471694219	0.547523719095985	0.519668471926563	0	0	1	0.1	0.144348328644544	0.0704261986366704	0.0146444014124796	0.289869415816484	0.275225014404005	0	0	1	0.2	0.312072509006664	0.151895676482889	0.0300975057302129	0.625345348837343	0.59524784310713	0	0	2	0.1	0.159338555906117	0.0775993538029435	0.0151217078782845	0.320001088266202	0.304879380387918	0	0	2	0.2	0.352262155871943	0.171389266741653	0.0352090421256412	0.710723883260423	0.675514841134782	0	0	3	0.1	0.17465201995031	0.0849448223054064	0.0169801288474814	0.350510326700632	0.333530197853151	0	0	3	0.2	0.388800154922581	0.189140566304235	0.0370541615500342	0.782232072668932	0.745177911118898
505	0	0	0	0.1	0.150923557932943	0.0622956538784498	0.0364181740535145	0.282821817132801	0.246403643079287	0	0	0	0.2	0.282929848880342	0.117086984347777	0.0685736110026327	0.533703818746093	0.46513020774346	0	0	1	0.1	0.142249755803998	0.0594951953566423	0.0355890156056692	0.27045101833939	0.23486200273372	0	0	1	0.2	0.305469196059887	0.1279655204228	0.0745652618540111	0.58570584406305	0.511140582209039	0	0	2	0.1	0.153592396754388	0.0646009449777372	0.0364408831838608	0.295978132251614	0.259537249067753	0	0	2	0.2	0.337977854687851	0.142483899776847	0.0806714782405154	0.655818342799845	0.57514686455933	0	0	3	0.1	0.166477285998735	0.0702485569383336	0.0398545787462698	0.321063637168908	0.281209058422638	0	0	3	0.2	0.369322349962162	0.156193274827978	0.0881201277278818	0.717254414729755	0.629134287001874
445	0	0	0	0.1	0.193381148032549	0.0733956308686217	0.047725891395347	0.344033323771359	0.296307432376012	0	0	0	0.2	0.365820952287644	0.138091713326076	0.0926422779047577	0.651202208453192	0.558559930548434	0	0	1	0.1	0.173884700114262	0.0657023825090295	0.0449536478286651	0.307948008790483	0.262994360961818	0	0	1	0.2	0.376059853211265	0.141937895109169	0.0957654915295845	0.663103544585535	0.567338053055951	0	0	2	0.1	0.183895480733138	0.0694704970032045	0.0479723901019114	0.323084763731458	0.275112373629546	0	0	2	0.2	0.407498509662894	0.154002067150495	0.105598452827364	0.714196089556156	0.608597636728792	0	0	3	0.1	0.197041035959121	0.074506029194704	0.0507696353299661	0.345603091986301	0.294833456656335	0	0	3	0.2	0.439784078325022	0.166499374112325	0.114064481859892	0.771227510118263	0.657163028258371
476	0	0	0	0.1	0.147310706042795	0.0749394794636735	0.00577138277232842	0.302023575545842	0.296252192773513	0	0	0	0.2	0.260980814831996	0.13269380826126	0.0103793795247017	0.535432853591024	0.525053474066322	0	0	1	0.1	0.122642749263374	0.0628412625017731	0.00474434382030959	0.252297445496355	0.247553101676045	0	0	1	0.2	0.253827971705944	0.129936703307318	0.00977204399604429	0.516343943246626	0.506571899250582	0	0	2	0.1	0.123086479416832	0.063272667949295	0.0054647015967792	0.249819796332647	0.244355094735867	0	0	2	0.2	0.264812426962596	0.136028066454037	0.0103526734648396	0.534030648637191	0.523677975172351	0	0	3	0.1	0.12851062186719	0.0661889598586644	0.00601219898929778	0.260900499040844	0.254888300051546	0	0	3	0.2	0.279894989919452	0.144098409136473	0.00943502794465339	0.567684811975766	0.558249784031113
442	0	0	0	0.1	0.301087205410654	0.0717893637259539	0.165739327251645	0.449060938960995	0.28332161170935	0	0	0	0.2	0.550599196712804	0.130330961102019	0.302002772295745	0.821381668643095	0.51937889634735	0	0	1	0.1	0.260616263686326	0.0632421375653484	0.138915291615493	0.395246682458646	0.256331390843153	0	0	1	0.2	0.549966092070829	0.133033652183328	0.295170625370417	0.829337661310355	0.534167035939938	0	0	2	0.1	0.267579785868536	0.0655718211436831	0.143743824446527	0.404827884109682	0.261084059663155	0	0	2	0.2	0.582978427941674	0.142980227311312	0.311457546809414	0.88110424239719	0.569646695587775	0	0	3	0.1	0.282163035427867	0.0695935220881538	0.149701205647464	0.427016514865687	0.277315309218223	0	0	3	0.2	0.621259708060213	0.153758694959877	0.33058653907771	0.943501895460232	0.612915356382522
454	0	0	0	0.1	0.262142210922944	0.0681769549051795	0.13804892736336	0.404237873360785	0.266188945997426	0	0	0	0.2	0.503763889949869	0.129687964288903	0.267901854176203	0.757949580249956	0.490047726073753	0	0	1	0.1	0.249108171566389	0.0648333136460094	0.127334472471782	0.3818390392823	0.254504566810518	0	0	1	0.2	0.544282689934922	0.141202272442288	0.277445816990802	0.842775999337063	0.565330182346261	0	0	2	0.1	0.270784644313435	0.0705037653544702	0.140185772188734	0.41996843655638	0.279782664367646	0	0	2	0.2	0.60355564799289	0.15731698969533	0.315116205429287	0.927558597783332	0.612442392354045	0	0	3	0.1	0.294386957962946	0.0768030249746208	0.152661633305278	0.452886509796596	0.300224876491318	0	0	3	0.2	0.660014799938513	0.172583659664079	0.342306659744998	1.00735548455711	0.665048824812116
420	0	0	0	0.1	0.216563674019266	0.0660259423495252	0.0935482366644977	0.351001079315414	0.257452842650916	0	0	0	0.2	0.394263349468021	0.120178229442999	0.173515124423604	0.636966170378595	0.463451045954991	0	0	1	0.1	0.192011373038747	0.0593602110870953	0.0836734954491898	0.314984966777211	0.231311471328021	0	0	1	0.2	0.406331197863756	0.12548699804204	0.178741805097839	0.670842230073938	0.492100424976098	0	0	2	0.1	0.201966329986218	0.0627265494496775	0.0883517863737712	0.33653861350092	0.248186827127148	0	0	2	0.2	0.440008142357141	0.136799175160019	0.191405960342878	0.729195598482244	0.537789638139366	0	0	3	0.1	0.216018403212336	0.0673852310195917	0.0946679039728485	0.355705281235705	0.261037377262856	0	0	3	0.2	0.475107577080738	0.148357018537909	0.207595216070742	0.780668522110767	0.573073306040026
424	0	0	0	0.1	0.126298083680194	0.0660468609887509	0.00193175251552762	0.258254095697699	0.256322343182171	0	0	0	0.2	0.228448555573657	0.11922405485211	0.00257210374899347	0.469389750408578	0.466817646659585	0	0	1	0.1	0.106611835737316	0.0555234106162578	0.00153278515018968	0.219364208411681	0.217831423261491	0	0	1	0.2	0.225640224552674	0.117445554454972	0.00215809332515526	0.465682856627015	0.46352476330186	0	0	2	0.1	0.110208173728082	0.0573427909025653	0.0013747173448077	0.226079724025588	0.22470500668078	0	0	2	0.2	0.240368349932643	0.125137503617123	0.00342733963690268	0.494872836486766	0.491445496849864	0	0	3	0.1	0.116938795793865	0.0608579815443792	0	0.238105883980546	0.238105883980546	0	0	3	0.2	0.257503218930894	0.134116018279504	0.00244011992004398	0.524243509229032	0.521803389308988
453	0	0	0	0.1	0.289141127724891	0.0731755607975144	0.146370621839376	0.436697482027734	0.290326860188358	0	0	0	0.2	0.549130119249223	0.137992741133162	0.27779600683128	0.822335091069854	0.544539084238573	0	0	1	0.1	0.270647176117994	0.0693802803675002	0.135523007517867	0.407263082410874	0.271740074893008	0	0	1	0.2	0.585213436026134	0.149763699560584	0.292843231782722	0.882796195791776	0.589952964009054	0	0	2	0.1	0.290257187710447	0.0749161463998344	0.145369111949062	0.4394305127828	0.294061400833738	0	0	2	0.2	0.642609132447208	0.165963376185857	0.322839436278871	0.97708520138268	0.654245765103809	0	0	3	0.1	0.313206787309126	0.0811640140517532	0.15862491011016	0.476835476952711	0.31821056684255	0	0	3	0.2	0.698675692860276	0.18146493351594	0.353203434845409	1.06812902127847	0.714925586433059
561	0	0	0	0.1	0.190610325613461	0.0644719109502343	0.0658820101964615	0.316633231041593	0.250751220845131	0	0	0	0.2	0.364550683438651	0.122466669188076	0.132358108387109	0.601645511209068	0.469287402821959	0	0	1	0.1	0.184769015606874	0.0621210215800568	0.0684872964673004	0.307251644043649	0.238764347576349	0	0	1	0.2	0.401060486975009	0.134690222644231	0.147791520797449	0.662587241867798	0.514795721070349	0	0	2	0.1	0.201666025618857	0.0678670076831761	0.0744441418405127	0.33224758386888	0.257803442028368	0	0	2	0.2	0.447405231803906	0.150684912089757	0.164453960031172	0.743512847210245	0.579058887179072	0	0	3	0.1	0.219770140539547	0.0740896895464868	0.0813292428772791	0.363141246869398	0.281812003992119	0	0	3	0.2	0.490961991411692	0.165713981278747	0.181562934645744	0.812801486958942	0.631238552313197
449	0	0	0	0.1	0.257091434612882	0.0664900142695169	0.134128757453548	0.386155922882555	0.252027165429006	0	0	0	0.2	0.487122922035661	0.125834706863102	0.257690666997984	0.720436600370244	0.46274593337226	0	0	1	0.1	0.243025179344729	0.0642373691003756	0.125834032903709	0.365474173186228	0.239640140282519	0	0	1	0.2	0.525087652047225	0.139037124760949	0.274090245385736	0.785201523046367	0.511111277660631	0	0	2	0.1	0.262279743757177	0.0701832663562026	0.134665689677579	0.398089315913108	0.263423626235529	0	0	2	0.2	0.580052784628999	0.155718354523139	0.296885804131476	0.883756891668692	0.586871087537217	0	0	3	0.1	0.284155595130232	0.0766148204549133	0.146333912361623	0.437202485541291	0.290868573179668	0	0	3	0.2	0.633029228945375	0.171391084656507	0.323332927469077	0.975597028196162	0.652264100727085
487	0	0	0	0.1	0.201621853827499	0.0624074848674471	0.0804482806276152	0.328886772252813	0.248438491625198	0	0	0	0.2	0.376368086035127	0.116294179880912	0.151358685202053	0.609416758920219	0.458058073718166	0	0	1	0.1	0.189099902567765	0.0593373604974077	0.0769253464005379	0.306988157736014	0.230062811335476	0	0	1	0.2	0.404465843264976	0.126929065653501	0.163401750376821	0.655683945600135	0.492282195223314	0	0	2	0.1	0.203099464971199	0.0641757757398889	0.0824613083787301	0.329786067926618	0.247324759547888	0	0	2	0.2	0.445928742427615	0.141029661193225	0.179811206282294	0.72416894934455	0.544357743062255	0	0	3	0.1	0.219631078529762	0.06972361493831	0.0895469351073094	0.356264581729261	0.266717646621952	0	0	3	0.2	0.486104565074405	0.154510585807005	0.196052811346026	0.795390143833298	0.599337332487272
444	0	0	0	0.1	0.173753709287454	0.0673819444698822	0.045224476509351	0.300618820665369	0.255394344156018	0	0	0	0.2	0.324475626776438	0.125532378201682	0.0825978838911401	0.566864282727745	0.484266398836605	0	0	1	0.1	0.153699842248689	0.0598753921064244	0.0384228955415621	0.27094788427599	0.232524988734428	0	0	1	0.2	0.330507675178505	0.128812293524688	0.0824727989893969	0.580995406761912	0.498522607772515	0	0	2	0.1	0.161856434189081	0.0632888807796602	0.0416368958402727	0.28597822881624	0.244341332975968	0	0	2	0.2	0.356988561650029	0.139768178182765	0.0917994066056532	0.635146000694932	0.543346594089279	0	0	3	0.1	0.173172614065403	0.0678891389666589	0.0451946298675331	0.30654496598118	0.261350336113647	0	0	3	0.2	0.384927866653121	0.151186581789853	0.100630082501737	0.682497395773294	0.581867313271556
422	0	0	0	0.1	0.19072688933336	0.0599243428948899	0.0698360924736918	0.303769331720597	0.233933239246905	0	0	0	0.2	0.358834680369379	0.111450482308309	0.133920391462033	0.574458529155847	0.440538137693814	0	0	1	0.1	0.195896970665837	0.0607960478394462	0.071180590861783	0.31334254293334	0.242161952071557	0	0	1	0.2	0.418893180705965	0.129527945660945	0.153036311915495	0.671649183695595	0.5186128717801	0	0	2	0.1	0.217823601194029	0.0674677195045338	0.0805033876705175	0.352244527573347	0.27174113990283	0	0	2	0.2	0.477117450721011	0.147591377957569	0.174520503327453	0.776623371766146	0.602102868438693	0	0	3	0.1	0.239844773904256	0.0742619722033505	0.0882459948415806	0.388980774689169	0.300734779847589	0	0	3	0.2	0.529588515460606	0.163879222471089	0.19488154208928	0.865219399317036	0.670337857227756
446	0	0	0	0.1	0.210682414780374	0.0686645944361459	0.0829280007494819	0.350603236031931	0.26767523528245	0	0	0	0.2	0.382777187416954	0.12476909608468	0.151646532857468	0.638490372711439	0.486843839853971	0	0	1	0.1	0.171181567931043	0.056437220690484	0.067134702116771	0.286061872609381	0.21892717049261	0	0	1	0.2	0.363903889057842	0.119988919090831	0.142744210804086	0.607999606814968	0.465255396010882	0	0	2	0.1	0.174015625311921	0.0576458214788114	0.0701324816497579	0.29367025508745	0.223537773437692	0	0	2	0.2	0.381012936324841	0.126430020551201	0.151166658413457	0.647888075012477	0.49672141659902	0	0	3	0.1	0.182859359931751	0.060785062784428	0.0735070106194808	0.310793104405641	0.237286093786161	0	0	3	0.2	0.404037498856567	0.134631605906836	0.160283302951784	0.690236911722659	0.529953608770875
443	0	0	0	0.1	0.0711242299246558	0.0625140073908221	-0.0461071619457365	0.195693563369534	0.24180072531527	0	0	0	0.2	0.126917525192981	0.111560608690286	-0.0846925266873321	0.344109957283441	0.428802483970773	0	0	1	0.1	0.058638072806156	0.0515692541709438	-0.0398266952571334	0.157332778563998	0.197159473821132	0	0	1	0.2	0.123325861823061	0.10840042455971	-0.084140824805975	0.329224203751286	0.413365028557261	0	0	2	0.1	0.0599820469400776	0.0527587115384293	-0.0402037469808108	0.160522119077378	0.200725866058189	0	0	2	0.2	0.130259727949575	0.114577197487476	-0.0882285725759384	0.350270214938363	0.438498787514301	0	0	3	0.1	0.0633045645551542	0.0557213211027401	-0.0433920352092154	0.169330120619529	0.212722155828744	0	0	3	0.2	0.138786889943406	0.122201138602428	-0.0952239581678839	0.370514899743003	0.465738857910887
581	0	0	0	0.1	0.1432164998233	0.062367182346359	0.0232965788941525	0.269143367679158	0.245846788785005	0	0	0	0.2	0.266697788655655	0.11589670169098	0.0434220250114968	0.499608796992883	0.456186771981386	0	0	1	0.1	0.130132945248475	0.0568982412408896	0.0204289184138185	0.245109347562222	0.224680429148403	0	0	1	0.2	0.279391097255316	0.122160076608033	0.0426869496154802	0.525968036275528	0.483281086660048	0	0	2	0.1	0.138987158228724	0.0609424753790992	0.0211860169187447	0.263287411349972	0.242101394431227	0	0	2	0.2	0.305883180173213	0.134291530669202	0.0456285536949607	0.575856466983445	0.530227913288485	0	0	3	0.1	0.149832783041672	0.0658943565364465	0.0220071289371297	0.280840019921474	0.258832890984345	0	0	3	0.2	0.332494875461993	0.14623677614686	0.0494614387494314	0.624577514595307	0.575116075845875
437	0	0	0	0.1	0.186874893472941	0.0646330731428208	0.0664840014225923	0.315288268777118	0.248804267354526	0	0	0	0.2	0.346843996121895	0.119970202915057	0.12301002519206	0.589268187307999	0.466258162115939	0	0	1	0.1	0.168014283776411	0.0589388173438058	0.0585213411928623	0.287154705840261	0.228633364647399	0	0	1	0.2	0.359533559060388	0.126263613584631	0.124995303114727	0.612728831908519	0.487733528793793	0	0	2	0.1	0.177912227487009	0.0628832132309007	0.062175358327277	0.302899239599256	0.240723881271979	0	0	2	0.2	0.390931526388919	0.138388400219292	0.137725035145549	0.664339454358221	0.526614419212672	0	0	3	0.1	0.191002177959264	0.0677614966062501	0.0671039130653359	0.324355813839762	0.257251900774426	0	0	3	0.2	0.422968299466523	0.150500855079989	0.148166952680784	0.721532309271109	0.573365356590325
517	0	0	0	0.1	0.155484276157507	0.0616707920981188	0.0249640545226713	0.274413172164898	0.249449117642227	0	0	0	0.2	0.293332380625954	0.116621673279957	0.0484745111630254	0.516869259894301	0.468394748731276	0	0	1	0.1	0.147437452214925	0.0592076074980369	0.0245807862835046	0.264995833628875	0.24041504734537	0	0	1	0.2	0.318467220069519	0.128237263859873	0.054135717038821	0.576850409270418	0.522714692231597	0	0	2	0.1	0.16022359541366	0.0646933597527826	0.0268579631021549	0.290798131202994	0.263940168100839	0	0	2	0.2	0.354023967225686	0.143451739862734	0.059163558597261	0.644272051294762	0.585108492697501	0	0	3	0.1	0.174427874565648	0.0706823548263814	0.0303525705695806	0.316919242659826	0.286566672090245	0	0	3	0.2	0.388024042525403	0.157786991300891	0.0658911980892238	0.706784199084125	0.640893000994902
429	0	0	0	0.1	0.21195584573495	0.0645389178480207	0.0948388841656146	0.342685446037699	0.247846561872085	0	0	0	0.2	0.391119968235662	0.11844683588866	0.175114246615819	0.62480954060381	0.449695293987991	0	0	1	0.1	0.184174454967526	0.0564074806943614	0.0826951456484479	0.298584597942632	0.215889452294184	0	0	1	0.2	0.394519121578932	0.12047441842088	0.175570453860124	0.642402666790637	0.466832212930513	0	0	2	0.1	0.193345041772719	0.0592876153446474	0.0868514571359767	0.317165942938803	0.230314485802826	0	0	2	0.2	0.425052316285492	0.130373758283518	0.190506297095702	0.695777540248276	0.505271243152574	0	0	3	0.1	0.206656552024666	0.0634304515871994	0.094779536779169	0.340207977893439	0.24542844111427	0	0	3	0.2	0.457944374281535	0.140780420364793	0.209374401034613	0.753518255394015	0.544143854359402
469	0	0	0	0.1	0.115172885321439	0.0600466313336355	-0.00187971793023411	0.232208603959101	0.234088321889335	0	0	0	0.2	0.212846986723193	0.110691867744596	-0.00392362032382957	0.425935986686844	0.429859607010674	0	0	1	0.1	0.106595960318982	0.0554669807421428	-0.00159625307846769	0.211468903328342	0.213065156406809	0	0	1	0.2	0.227453645334856	0.118396364144457	-0.00442110480973604	0.453307693717051	0.457728798526787	0	0	2	0.1	0.11457467408161	0.0596734652468926	-0.00142825056243166	0.228870028837702	0.230298279400134	0	0	2	0.2	0.250983199278722	0.13089052391569	-0.00359401964909799	0.506450531335885	0.510044550984983	0	0	3	0.1	0.124102339331991	0.0647479774311479	-0.00203263110069557	0.250657401395261	0.252690032495956	0	0	3	0.2	0.274036304164611	0.143128992368502	-0.00485257845178937	0.551669712178481	0.55652229063027
543	0	0	0	0.1	0.193800496086526	0.0640571559987222	0.0692250708184933	0.323191490175702	0.253966419357208	0	0	0	0.2	0.359000298787305	0.117845623306764	0.127742312270127	0.596095965826728	0.468353653556601	0	0	1	0.1	0.178997901457336	0.059073287933763	0.0641324622399668	0.29684230366522	0.232709841425253	0	0	1	0.2	0.381288117704647	0.125346467608194	0.138392832942016	0.628502584294827	0.490109751352811	0	0	2	0.1	0.191016826452887	0.0629656728268455	0.0696034671145761	0.314707907469745	0.245104440355169	0	0	2	0.2	0.418089990969804	0.13758880712494	0.154656767799094	0.684459576937621	0.529802809138527	0	0	3	0.1	0.205791264428974	0.0678499744923219	0.0755631325763553	0.339575858870671	0.264012726294316	0	0	3	0.2	0.454540877490805	0.149862378598602	0.169493932760533	0.751134992473637	0.581641059713104
479	0	0	0	0.1	0.266360706796679	0.077752514101835	0.122431933809486	0.419029833293656	0.29659789948417	0	0	0	0.2	0.494668578225857	0.142643610581542	0.227280855162698	0.773888862210886	0.546608007048187	0	0	1	0.1	0.229552648693822	0.0666107545501228	0.106103716883246	0.364935152716704	0.258831435833459	0	0	1	0.2	0.490741131867847	0.141652325043906	0.225761515312674	0.781098386205871	0.555336870893197	0	0	2	0.1	0.236950316606685	0.068591474123956	0.11025619646797	0.378643583668531	0.268387387200561	0	0	2	0.2	0.521113224370025	0.150660172590278	0.24273974685434	0.833651366733233	0.590911619878893	0	0	3	0.1	0.250538628424331	0.0725348293971706	0.117567621414445	0.399846870155036	0.282279248740591	0	0	3	0.2	0.555964221402058	0.161050965784606	0.261356942881826	0.888927014678033	0.627570071796208
430	0	0	0	0.1	0.0786986361715516	0.0606388543190426	-0.0362792490861136	0.201413457183899	0.237692706270013	0	0	0	0.2	0.14854256805572	0.114137620437519	-0.068083109775344	0.382196148006392	0.450279257781736	0	0	1	0.1	0.0753750516054172	0.0579825328961628	-0.0328978991422499	0.197499414954144	0.230397314096394	0	0	1	0.2	0.162652074210692	0.125015821354413	-0.0721737583758509	0.425547357055337	0.497721115431188	0	0	2	0.1	0.082183565848871	0.0632136667346017	-0.0355799438196	0.212483610577934	0.248063554397534	0	0	2	0.2	0.181349605235125	0.139518358460544	-0.0792744821041388	0.468272139793494	0.547546621897633	0	0	3	0.1	0.089484133116788	0.068861793186835	-0.03835534053235	0.230958013783111	0.269313354315461	0	0	3	0.2	0.199073152863025	0.153186223969146	-0.085367145718268	0.512734324809089	0.598101470527357
506	0	0	0	0.1	0.133601241755528	0.058541325958209	0.0163173197360331	0.246271607193485	0.229954287457452	0	0	0	0.2	0.246715574904855	0.107576230367197	0.0300218897990706	0.459395271462362	0.429373381663292	0	0	1	0.1	0.123432299394064	0.0540291423160137	0.0138474041460151	0.230486150431528	0.216638746285513	0	0	1	0.2	0.263399042519279	0.115072012782334	0.0309488454591847	0.493341671758389	0.462392826299204	0	0	2	0.1	0.132650937217813	0.0580934481032782	0.0156010354154582	0.246748331152016	0.231147295736557	0	0	2	0.2	0.290498839216775	0.127156805325583	0.0330778784615669	0.542482098153825	0.509404219692258	0	0	3	0.1	0.143551908933897	0.0629968736764254	0.0160739407012872	0.267808413731055	0.251734473029768	0	0	3	0.2	0.317059448330573	0.138998977680182	0.035332682277397	0.591526428321308	0.556193746043911
458	0	0	0	0.1	0.170709129686362	0.0578130661829674	0.0626087122811821	0.288324320100469	0.225715607819287	0	0	0	0.2	0.314341575237603	0.106148106814793	0.120021940112402	0.532115202378074	0.412093262265672	0	0	1	0.1	0.156073179249117	0.0527116181036235	0.0595938250779014	0.263967546658006	0.204373721580105	0	0	1	0.2	0.333435242941562	0.112658080758091	0.129103540446367	0.568533887071525	0.439430346625158	0	0	2	0.1	0.167681309415553	0.0567497416258037	0.065653781653667	0.284553776377812	0.218899994724145	0	0	2	0.2	0.367576427753466	0.124661310648549	0.14350086174187	0.626860027327045	0.483359165585175	0	0	3	0.1	0.181583057647076	0.0616001048044411	0.0704067413098423	0.311553988123136	0.241147246813293	0	0	3	0.2	0.401090020600441	0.136488690018659	0.157246491417749	0.695699405080187	0.538452913662437
576	0	0	0	0.1	0.108048572014663	0.0638131402422875	-0.0177964649076787	0.233489934932515	0.251286399840194	0	0	0	0.2	0.200389509109961	0.118151727065342	-0.0334971091233849	0.440438670869297	0.473935779992682	0	0	1	0.1	0.0965983419897135	0.0568796823382248	-0.0163845219493361	0.212419237921019	0.228803759870355	0	0	1	0.2	0.207127739110048	0.121977960521363	-0.0362712601059188	0.449591444788869	0.485862704894787	0	0	2	0.1	0.102575935593624	0.060467835824653	-0.0183066274657814	0.224957816793604	0.243264444259386	0	0	2	0.2	0.225618503304514	0.133020878017894	-0.0398667636198475	0.495437212644335	0.535303976264183	0	0	3	0.1	0.110350177948425	0.0650667007473058	-0.0191911065113796	0.242094679150917	0.261285785662296	0	0	3	0.2	0.244599712402477	0.14440545209665	-0.0429709293088973	0.535900331468479	0.578871260777376
592	0	0	0	0.1	0.0771482265446141	0.0650135204856546	-0.0440748349073005	0.204230259576452	0.248305094483752	0	0	0	0.2	0.139071763504377	0.117127206600909	-0.0794241904930982	0.368309848041606	0.447734038534704	0	0	1	0.1	0.0642545949528038	0.0541760335743738	-0.0365021727772945	0.169216124973223	0.205718297750517	0	0	1	0.2	0.135987349766965	0.11462259324109	-0.0765234600377342	0.354607443975974	0.431130904013708	0	0	2	0.1	0.0661954966795955	0.0558720429053901	-0.0372312745859093	0.17421726707079	0.211448541656699	0	0	2	0.2	0.144358234185186	0.121794456528925	-0.0823342032809306	0.378359028709549	0.46069323199048	0	0	3	0.1	0.0701467848633736	0.0592297907873946	-0.0402674059710725	0.182858012957938	0.22312541892901	0	0	3	0.2	0.154421566527797	0.130346943135448	-0.0874344356444093	0.402543719234027	0.489978154878437
596	0	0	0	0.1	0.200609699895335	0.0600032142922061	0.0830097428966475	0.316347895439184	0.233338152542537	0	0	0	0.2	0.36134198292952	0.107888101467037	0.152021913732513	0.567016029021328	0.414994115288814	0	0	1	0.1	0.175978070879212	0.0531806652297763	0.0766357469843154	0.282570496216205	0.20593474923189	0	0	1	0.2	0.370583777149634	0.111884755266046	0.163283790769701	0.591604444333298	0.428320653563596	0	0	2	0.1	0.184676318719912	0.056057661683994	0.0816272110603011	0.298580425774621	0.21695321471432	0	0	2	0.2	0.400856712353866	0.121805189851007	0.176689886103206	0.644446135520888	0.467756249417682	0	0	3	0.1	0.197464189465524	0.0601690483128974	0.0878258262027886	0.319456089721505	0.231630263518717	0	0	3	0.2	0.432992712992921	0.13205038739122	0.192539370940959	0.699785049281996	0.507245678341037
436	0	0	0	0.1	0.00585942880812879	0.0665644284650785	-0.125539693851645	0.130611570938018	0.256151264789663	0	0	0	0.2	0.0106632807868522	0.123276211686453	-0.233777252787563	0.237130011776	0.470907264563563	0	0	1	0.1	0.00518930317221108	0.0612053570125787	-0.118399230189131	0.11998186230794	0.238381092497071	0	0	1	0.2	0.0110409068282887	0.130292311270897	-0.250663778073381	0.253977479998285	0.504641258071666	0	0	2	0.1	0.00553162583097063	0.0651659029532275	-0.124936932588754	0.127713639811816	0.252650572400571	0	0	2	0.2	0.0121503550429741	0.142760073941698	-0.27458666856349	0.279044441213337	0.553631109776827	0	0	3	0.1	0.00602357771482812	0.0701997871717815	-0.136095498135632	0.138134715438641	0.274230213574273	0	0	3	0.2	0.0130790614986233	0.155201460693655	-0.297743232738274	0.306383962456048	0.604127195194322
497	0	0	0	0.1	0.213551238916247	0.0723022601075151	0.0736243047375559	0.351132322071449	0.277508017333893	0	0	0	0.2	0.409706590045823	0.138803676033388	0.14279073531182	0.682228600504074	0.539437865192254	0	0	1	0.1	0.204732433364586	0.0696020609732256	0.0717399398646893	0.342203928101684	0.270463988236995	0	0	1	0.2	0.444714895511961	0.151623364555646	0.153271019797267	0.747485404999733	0.594214385202466	0	0	2	0.1	0.221726404668748	0.0756504717398522	0.0772370720139554	0.371823506765787	0.294586434751831	0	0	2	0.2	0.49247722990016	0.168622308843636	0.171706547423995	0.822582105264372	0.650875557840377	0	0	3	0.1	0.240488944059067	0.0822789673975403	0.0834523176124008	0.402194466333093	0.318742148720692	0	0	3	0.2	0.537904606415863	0.184698601047132	0.187584085772531	0.901204090618867	0.713620004846336
434	0	0	0	0.1	0.164210712405543	0.0675542955505401	0.0337206980587831	0.297026380646821	0.263305682588038	0	0	0	0.2	0.315142408550717	0.128997479085477	0.0638283890087834	0.575333783105953	0.511505394097169	0	0	1	0.1	0.161056772969052	0.0662406324651467	0.0314961384115648	0.294312867179034	0.262816728767469	0	0	1	0.2	0.34945049586776	0.14360355786126	0.0682783700248394	0.642296563255775	0.574018193230935	0	0	2	0.1	0.1761001561501	0.0726079580552521	0.0336776894536435	0.324246952555896	0.290569263102253	0	0	2	0.2	0.390620642680959	0.161117030704555	0.0757547964291745	0.717117760907787	0.641362964478612	0	0	3	0.1	0.192045642323358	0.0792248821695902	0.0372272116009803	0.350898270340218	0.313671058739238	0	0	3	0.2	0.428930431515919	0.177383929384997	0.0842976867148814	0.790113702782889	0.705816016068007
577	0	0	0	0.1	0.161638691840503	0.0635750366501663	0.0358720972332	0.290397801762741	0.254525704529541	0	0	0	0.2	0.293798204026214	0.115531147150203	0.0648199341211411	0.531165164835022	0.466345230713881	0	0	1	0.1	0.137048454623017	0.0545823601945725	0.0297084747156198	0.250706909323003	0.220998434607383	0	0	1	0.2	0.290723910356282	0.115787448651255	0.0626048137635786	0.527484111325241	0.464879297561663	0	0	2	0.1	0.141845893361564	0.0568463902322493	0.0299572016199922	0.258029765968562	0.22807256434857	0	0	2	0.2	0.309810325523435	0.124189926783458	0.0658273287187514	0.563294735947271	0.49746740722852	0	0	3	0.1	0.15051789355222	0.0604703310742031	0.0323189272746542	0.274262223660634	0.24194329638598	0	0	3	0.2	0.331882107265413	0.13347116719871	0.0704500802559266	0.604909199693606	0.534459119437679
441	0	0	0	0.1	0.160891567228443	0.061579085414323	0.0428170800793624	0.276494177175338	0.233677097095976	0	0	0	0.2	0.305398111545939	0.116706320773712	0.080325061750651	0.527346731506005	0.447021669755354	0	0	1	0.1	0.153053546753338	0.0587719417856977	0.0397630319396333	0.272983988842036	0.233220956902403	0	0	1	0.2	0.333025370403435	0.127835631655644	0.0874306401824882	0.589588757146914	0.502158116964425	0	0	2	0.1	0.167633547291228	0.0644160962351553	0.0447227035203831	0.295426401801556	0.250703698281173	0	0	2	0.2	0.372170448407869	0.14312165792927	0.098616128629954	0.658741380947688	0.560125252317734	0	0	3	0.1	0.183167048554925	0.0704165220040891	0.0486357093442772	0.324011904771852	0.275376195427575	0	0	3	0.2	0.409063613419971	0.157481379367477	0.106210915222227	0.726158099842804	0.619947184620578
486	0	0	0	0.1	0.22232060955324	0.0669266025639877	0.0796561030543078	0.356628260904938	0.27697215785063	0	0	0	0.2	0.405260991478624	0.121089267611578	0.144479205860812	0.643056100881299	0.498576895020487	0	0	1	0.1	0.193402259526485	0.058314199208116	0.067356277851896	0.306010706005029	0.238654428153133	0	0	1	0.2	0.409452737489537	0.123126501164374	0.142533966360228	0.646801583593618	0.50426761723339	0	0	2	0.1	0.2013330663797	0.0608928886022555	0.0693121971518496	0.318936047149484	0.249623849997634	0	0	2	0.2	0.439241864785524	0.132861833881706	0.153973891694554	0.695927293954686	0.541953402260132	0	0	3	0.1	0.214241812702246	0.0649940052961765	0.0739598204197084	0.340074046179995	0.266114225760287	0	0	3	0.2	0.471819661758652	0.143320849669364	0.16373909181756	0.751156356442001	0.58741726462444
470	0	0	0	0.1	0.143506724908401	0.0661961132347484	0.00577116390324844	0.270977566251271	0.265206402348022	0	0	0	0.2	0.26785289746771	0.123411313903782	0.0103561030149469	0.509007045216168	0.498650942201222	0	0	1	0.1	0.135582370212114	0.0624167629408387	0.0050153831090145	0.258647681215385	0.253632298106371	0	0	1	0.2	0.289417622452996	0.133361985518309	0.0120383480966333	0.548892061922936	0.536853713826303	0	0	2	0.1	0.145810708447194	0.0672193177735738	0.00578614379773148	0.275909318920892	0.27012317512316	0	0	2	0.2	0.319559484534652	0.147407825300919	0.0133841268531852	0.601219352401747	0.587835225548561	0	0	3	0.1	0.157735836298414	0.072730352727444	0.00589944154165084	0.298057364113936	0.292157922572285	0	0	3	0.2	0.348761705147376	0.161097036394372	0.0144415300563947	0.657144316218486	0.642702786162091
496	0	0	0	0.1	0.262511498830453	0.07463845432955	0.118935377684169	0.410235097763774	0.291299720079605	0	0	0	0.2	0.480555059004557	0.135410049763125	0.217137309356446	0.747212507683618	0.530075198327172	0	0	1	0.1	0.228656579075479	0.0647117293772254	0.101474797335629	0.357098839177564	0.255624041841935	0	0	1	0.2	0.4835650857711	0.136200841570729	0.214057750547546	0.755508768451044	0.541451017903498	0	0	2	0.1	0.236364043008695	0.0667158498422337	0.103329234750132	0.372753342456285	0.269424107706153	0	0	2	0.2	0.51557740328618	0.145370774027338	0.224998365177702	0.812938710491301	0.587940345313598	0	0	3	0.1	0.250319979775203	0.0706473653643661	0.108089413544592	0.39762707296042	0.289537659415827	0	0	3	0.2	0.551458825082874	0.155719789453701	0.241545215486361	0.873535619720954	0.631990404234592
485	0	0	0	0.1	0.25216236306491	0.0714217181974566	0.116876317953984	0.393495960400494	0.27661964244651	0	0	0	0.2	0.468514737361249	0.131885482616724	0.216585837273915	0.730768293206008	0.514182455932093	0	0	1	0.1	0.219401041462311	0.062545593813514	0.0997004535912509	0.349329121275364	0.249628667684113	0	0	1	0.2	0.470306973144916	0.133744409871999	0.216004022169437	0.746554715180099	0.530550693010662	0	0	2	0.1	0.228796166526416	0.0653148176077302	0.105394624095422	0.364548041278966	0.259153417183544	0	0	2	0.2	0.503704298084148	0.143922968391113	0.234787043980259	0.799635473368814	0.564848429388555	0	0	3	0.1	0.243446097322828	0.0696978299862246	0.113055825370992	0.385581712204724	0.272525886833733	0	0	3	0.2	0.540384335294017	0.155017240497044	0.248815142598601	0.863017894159478	0.614202751560877
431	0	0	0	0.1	0.165533259537822	0.0600210260517184	0.0440036235100776	0.276277841722001	0.232274218211924	0	0	0	0.2	0.305579747540369	0.110653348102239	0.0804940518164407	0.51121434577472	0.43072029395828	0	0	1	0.1	0.152560194757915	0.0555472044531118	0.0405299061868801	0.258497978940911	0.217968072754031	0	0	1	0.2	0.325358774347796	0.118445941371308	0.088417345905653	0.548022910454676	0.459605564549023	0	0	2	0.1	0.163604906923356	0.059694262952895	0.0442263509802169	0.279116306867465	0.234889955887248	0	0	2	0.2	0.358156639646779	0.130880394708203	0.0950776991915778	0.609567734949808	0.51449003575823	0	0	3	0.1	0.176875797991957	0.064676536818814	0.0467665868476508	0.30290991741501	0.256143330567359	0	0	3	0.2	0.390519072119264	0.143099694934735	0.104080490528876	0.668522595239375	0.564442104710499
421	0	0	0	0.1	0.221644774846847	0.0615998330766389	0.106905934438266	0.349209646621793	0.242303712183526	0	0	0	0.2	0.418069638654971	0.115982071504857	0.205657475956547	0.668911694020093	0.463254218063546	0	0	1	0.1	0.207190623151963	0.0578963565512092	0.101664822059781	0.334336731486203	0.232671909426422	0	0	1	0.2	0.448047990358392	0.125243176899182	0.222809081734277	0.717347077509378	0.494537995775101	0	0	2	0.1	0.224090842623902	0.062796542761169	0.111741234860868	0.359201084519022	0.247459849658154	0	0	2	0.2	0.495669935786242	0.139126174378434	0.248220321063939	0.790816202090574	0.542595881026635	0	0	3	0.1	0.243132840520408	0.0683288007368135	0.120054405595614	0.386156799927087	0.266102394331473	0	0	3	0.2	0.54166957542038	0.152539292779941	0.269332289341191	0.867016387073253	0.597684097732062
419	0	0	0	0.1	0.228563612649141	0.0603100876521593	0.115693375281033	0.346394139397216	0.230700764116184	0	0	0	0.2	0.421922071450686	0.110457347342444	0.213708403808492	0.637670703104286	0.423962299295794	0	0	1	0.1	0.206191683641743	0.0545912516229268	0.104392613274274	0.312398832527408	0.208006219253134	0	0	1	0.2	0.439543736325683	0.116035360250612	0.223896176723657	0.670976593599063	0.447080416875407	0	0	2	0.1	0.218432949527474	0.0580460486153266	0.109687413832083	0.33117219309102	0.221484779258937	0	0	2	0.2	0.478423118327321	0.127017910870112	0.240259151460689	0.727631177267328	0.487372025806639	0	0	3	0.1	0.234476640277001	0.0624277141569706	0.115473170070369	0.354539760703831	0.239066590633462	0	0	3	0.2	0.518028651791128	0.138224178908207	0.256515239270654	0.783240943508048	0.526725704237394
478	0	0	0	0.1	0.23667782328429	0.0685403569059562	0.104963215017251	0.379101424338457	0.274138209321205	0	0	0	0.2	0.429704940909143	0.124232768502702	0.187709549467466	0.687056051404276	0.49934650193681	0	0	1	0.1	0.201133338925263	0.0590628433962028	0.0890227964943104	0.321274003552503	0.232251207058193	0	0	1	0.2	0.4254577002492	0.124863995601741	0.190923515733686	0.677054610061297	0.486131094327611	0	0	2	0.1	0.207224241495447	0.0612111577557191	0.0927476622162153	0.330546308553868	0.237798646337653	0	0	2	0.2	0.451930159967284	0.133791309807302	0.201826909309293	0.725699643579981	0.523872734270688	0	0	3	0.1	0.219210962984107	0.0650833052307666	0.0987962592621908	0.352962130527796	0.254165871265606	0	0	3	0.2	0.482867282226628	0.143693180199932	0.214030577286653	0.776554316110038	0.562523738823385
488	0	0	0	0.1	0.166746552397527	0.0668268118871131	0.0378308723420496	0.300971389799371	0.263140517457321	0	0	0	0.2	0.3119838022692	0.12503534966649	0.0723503759392187	0.571131654318103	0.498781278378885	0	0	1	0.1	0.162752172335671	0.0660690118883944	0.0376362667283731	0.297161744431808	0.259525477703435	0	0	1	0.2	0.346699131679671	0.140771414456276	0.0803065083122096	0.63122414205214	0.550917633739931	0	0	2	0.1	0.176779895742818	0.0721522271422137	0.0404585720411869	0.321203784442767	0.28074521240158	0	0	2	0.2	0.386625344490839	0.158017332480375	0.0869148564422413	0.707184165018738	0.620269308576497	0	0	3	0.1	0.192066010216423	0.0786377326165727	0.0429612173914665	0.354507905068138	0.311546687676671	0	0	3	0.2	0.423999669227092	0.173910634225156	0.0952718213933192	0.774928593538879	0.67965677214556
494	0	0	0	0.1	0.1171252296472	0.0690375809358745	-0.0221536757721648	0.246091007964506	0.268244683736671	0	0	0	0.2	0.216307109518012	0.127399679661016	-0.0412570010250681	0.454545429076914	0.495802430101982	0	0	1	0.1	0.104462142763187	0.0619696717857428	-0.019558013868626	0.222089643884156	0.241647657752782	0	0	1	0.2	0.222649186136792	0.132098791405945	-0.0429662416155904	0.473421510253195	0.516387751868785	0	0	2	0.1	0.110049291531254	0.0656021843669095	-0.0213123411523626	0.234739528494378	0.256051869646741	0	0	2	0.2	0.241141878565383	0.143775816294837	-0.0476943922852142	0.517970930809374	0.565665323094588	0	0	3	0.1	0.117763243822939	0.0703698638387697	-0.0224013902501281	0.254610542540437	0.277011932790566	0	0	3	0.2	0.26037657598955	0.155711021531334	-0.0494296689169544	0.568325067792272	0.617754736709226
425	0	0	0	0.1	0.143902059385591	0.0699936804313521	0.0108636654434623	0.278253142611128	0.267389477167666	0	0	0	0.2	0.264317685683424	0.128796259412998	0.0204112209834133	0.510145253227473	0.48973403224406	0	0	1	0.1	0.123090005361101	0.0602551812610074	0.0097257165908335	0.239234044847692	0.229508328256859	0	0	1	0.2	0.262328233548782	0.128584623668588	0.0194198674085449	0.509203197960437	0.489783330551892	0	0	2	0.1	0.12756381574386	0.0625949124625731	0.00983184661407391	0.250446513281032	0.240614666666958	0	0	2	0.2	0.279723064073399	0.13753110803857	0.0218663867918098	0.553439465013569	0.531573078221759	0	0	3	0.1	0.135452241683529	0.0665263739261049	0.00997941554051187	0.267003445584194	0.257024030043682	0	0	3	0.2	0.299532568704262	0.147386631730447	0.0225639459179934	0.596435085580989	0.573871139662996
562	0	0	0	0.1	0.201666915769577	0.0643034906937087	0.0730297740127889	0.325300456377114	0.252270682364325	0	0	0	0.2	0.379958474653908	0.1207957942671	0.140274433402671	0.609162143796908	0.468887710394237	0	0	1	0.1	0.193576658021427	0.0626561901486117	0.0700119030950208	0.314432765898068	0.244420862803047	0	0	1	0.2	0.415959485502313	0.134821853513745	0.150595499260955	0.677191198022339	0.526595698761384	0	0	2	0.1	0.209967120555956	0.0687613121736431	0.0775169104943305	0.342830889045965	0.265313978551634	0	0	2	0.2	0.462412328771575	0.151708993740768	0.169237436408286	0.763580168196428	0.594342731788143	0	0	3	0.1	0.228151187881276	0.0751503146347852	0.084216181103718	0.377384984039394	0.293168802935676	0	0	3	0.2	0.506281342831993	0.167274651839844	0.186194662568198	0.844194516539008	0.65799985397081
580	0	0	0	0.1	0.106451905072417	0.0655794328897449	-0.0195446011826349	0.235530353927672	0.255074955110307	0	0	0	0.2	0.19437772754594	0.119637809461862	-0.0359642752330932	0.427046235123077	0.46301051035617	0	0	1	0.1	0.0931591477377595	0.0575130181370428	-0.0175455780808882	0.202008153401234	0.219553731482123	0	0	1	0.2	0.197342797186575	0.121853901829982	-0.0378544001101363	0.431541095803935	0.469395495914072	0	0	2	0.1	0.0972898586119809	0.0602234407299833	-0.0182296221405814	0.21436624037399	0.232595862514572	0	0	2	0.2	0.212301279610401	0.131449927863001	-0.0391685939738056	0.465275961996631	0.504444555970437	0	0	3	0.1	0.103678318088225	0.0642839219517943	-0.0200097823060179	0.228854091349304	0.248863873655322	0	0	3	0.2	0.228385087747825	0.141703241169782	-0.0418155231727446	0.502015897748561	0.543831420921305
566	0	0	0	0.1	0.134276951500863	0.0602464770723906	0.0132107681689533	0.249038657989752	0.235827889820799	0	0	0	0.2	0.254431331468678	0.11376122336819	0.0243053068015112	0.472098397330287	0.447793090528776	0	0	1	0.1	0.133469980752501	0.0596605685873061	0.0126404651586841	0.245839221308092	0.233198756149408	0	0	1	0.2	0.287668925997492	0.12854678662099	0.0283412840679416	0.530525493414722	0.50218420934678	0	0	2	0.1	0.147202049490443	0.0658154039883327	0.0145713214668819	0.271247759468575	0.256676438001694	0	0	2	0.2	0.324667552522169	0.145295291472732	0.0332943050824469	0.601950026404381	0.568655721321934	0	0	3	0.1	0.161438801498216	0.0722551551874926	0.0166875574833535	0.298833014476949	0.282145456993595	0	0	3	0.2	0.35858994441919	0.160697468299184	0.0373360534926591	0.663734698361826	0.626398644869167
433	0	0	0	0.1	0.12390169810078	0.0604791985057184	0.00648433314626505	0.235704258060166	0.229219924913901	0	0	0	0.2	0.232910489966267	0.113111341666059	0.0121645158829696	0.440777918472394	0.428613402589424	0	0	1	0.1	0.114718781923038	0.0557676921099761	0.00637144311331008	0.219321008227711	0.212949565114401	0	0	1	0.2	0.247583138705276	0.120085309535994	0.0129301573440004	0.47741138882118	0.464481231477179	0	0	2	0.1	0.123593587461927	0.0600036248982364	0.00557427431231335	0.23835181012001	0.232777535807697	0	0	2	0.2	0.272970504974926	0.132442681473807	0.0125730177243738	0.526616214968715	0.514043197244342	0	0	3	0.1	0.133862187328042	0.0650167554413943	0.00601931304493043	0.258015667619643	0.251996354574713	0	0	3	0.2	0.297778739209216	0.144578626311765	0.0147581795664653	0.581084766851849	0.566326587285383
527	0	0	0	0.1	0.122636627102846	0.0608625129937608	0.00329653577347928	0.245483784157337	0.242187248383857	0	0	0	0.2	0.225958081971307	0.111808285659145	0.00686814655610354	0.447575645222427	0.440707498666323	0	0	1	0.1	0.106870393942706	0.0528204041859245	0.00327296446053653	0.214620901936742	0.211347937476205	0	0	1	0.2	0.229088896145254	0.113130787345685	0.00775435093129924	0.459496101736713	0.451741750805414	0	0	2	0.1	0.112786555798411	0.0557060292207941	0.00285255209802012	0.225649213219698	0.222796661121678	0	0	2	0.2	0.247942549068905	0.122469570318293	0.00742824276603717	0.497169318380953	0.489741075614916	0	0	3	0.1	0.120953887483415	0.0597227214390623	0.00387950853322454	0.241384566772773	0.237505058239549	0	0	3	0.2	0.267965967725573	0.132384592671346	0.00976022753400226	0.534082660878839	0.524322433344836
530	0	0	0	0.1	0.235694481271455	0.0669467795921801	0.1106263881903	0.371997826683119	0.261371438492819	0	0	0	0.2	0.446350299944241	0.126446654318998	0.203357857471724	0.708272617270253	0.50491475979853	0	0	1	0.1	0.228233313536341	0.0655125101555196	0.105708093384321	0.369068375244167	0.263360281859846	0	0	1	0.2	0.490497009703741	0.140962668292067	0.230136357963283	0.794198207582962	0.564061849619678	0	0	2	0.1	0.247258879891029	0.071468400043058	0.116233306037074	0.401263182821702	0.285029876784628	0	0	2	0.2	0.544715966345753	0.157977202988927	0.256534480201556	0.883047763722467	0.626513283520912	0	0	3	0.1	0.268322416826612	0.0779857248770864	0.124466539756306	0.437399198524452	0.312932658768146	0	0	3	0.2	0.595919910773589	0.17387502489914	0.27633016583043	0.977734740386211	0.701404574555782
435	0	0	0	0.1	0.178894335016717	0.0601651774525136	0.0592158037430772	0.297304593845725	0.238088790102647	0	0	0	0.2	0.335308421381409	0.112355223135364	0.113393567519649	0.556749676297531	0.443356108777883	0	0	1	0.1	0.162292599822853	0.0544584266867578	0.0550206577827963	0.274047733380909	0.219027075598112	0	0	1	0.2	0.350086791754179	0.117485570850769	0.118208454983615	0.591074646708634	0.472866191725019	0	0	2	0.1	0.173445769238646	0.0583216432221766	0.0589726722485899	0.294661498601581	0.235688826352991	0	0	2	0.2	0.383015692847508	0.1290619813769	0.131866074891949	0.651400521271751	0.519534446379802	0	0	3	0.1	0.187033471414398	0.0631117708641455	0.0652311646823565	0.31666780092888	0.251436636246524	0	0	3	0.2	0.416168627230289	0.140710233406695	0.14107162030439	0.703710710817567	0.562639090513177
493	0	0	0	0.1	0.153223244987536	0.0579020740788229	0.0430705788366852	0.265202919916287	0.222132341079602	0	0	0	0.2	0.283340213555905	0.106816547592151	0.0794495464003812	0.48974986670314	0.410300320302759	0	0	1	0.1	0.138775345667569	0.0529871367355787	0.0409691236786666	0.246294220056844	0.205325096378178	0	0	1	0.2	0.296643314698519	0.11318561236682	0.0889476697299539	0.531684884652528	0.442737214922575	0	0	2	0.1	0.147873202631175	0.0567462334249438	0.0434432567219594	0.266719184906804	0.223275928184845	0	0	2	0.2	0.324517757068095	0.124587667997949	0.0971814265597047	0.583655375274883	0.486473948715178	0	0	3	0.1	0.159427390721734	0.0613495304306371	0.0478638706020925	0.28858480228146	0.240720931679367	0	0	3	0.2	0.35256790398596	0.135884159829931	0.107368632672276	0.637172474704499	0.529803842032222
456	0	0	0	0.1	0.213329006907335	0.0683217308729467	0.0775207598350891	0.349869274284533	0.272348514449444	0	0	0	0.2	0.393482101976247	0.12545771883266	0.140499612833523	0.639963531595424	0.499463918761901	0	0	1	0.1	0.189594796006723	0.0606505996129928	0.0658157324423646	0.307438559603286	0.241622827160922	0	0	1	0.2	0.40350858212968	0.129030172733892	0.141773827846863	0.653118398935151	0.511344571088288	0	0	2	0.1	0.198942998251915	0.0637093552344418	0.0693893490584216	0.320668274168407	0.251278925109985	0	0	2	0.2	0.435548319378943	0.139703389019877	0.152961568197849	0.7069918515624	0.554030283364551	0	0	3	0.1	0.212447682901088	0.0682094922936343	0.0747068590724579	0.345050819311981	0.270343960239524	0	0	3	0.2	0.469315953794894	0.151005164465972	0.163890924612958	0.763340123707751	0.599449199094793
440	0	0	0	0.1	0.205091671918619	0.0587271704002931	0.0922095480643762	0.319271395521929	0.227061847457552	0	0	0	0.2	0.378399014209722	0.107847905509506	0.168459258098792	0.592054804937339	0.423595546838547	0	0	1	0.1	0.190494520554701	0.0550628320890444	0.082929817005354	0.304102311084684	0.22117249407933	0	0	1	0.2	0.405789014946919	0.117020015819407	0.178007178991267	0.651575970229187	0.47356879123792	0	0	2	0.1	0.204772996145711	0.0594818958950578	0.0900020958525453	0.331132044718095	0.24112994886555	0	0	2	0.2	0.447908195928799	0.130178333767885	0.196963683869695	0.722828630826526	0.525864946956831	0	0	3	0.1	0.221542204911064	0.0646187478637426	0.0969745224578777	0.358372647798632	0.261398125340754	0	0	3	0.2	0.48871541979707	0.142759203521441	0.213176278376085	0.792414672095343	0.579238393719258
573	0	0	0	0.1	0.210289541299266	0.0702597670881082	0.0784291897984471	0.355512439576093	0.277083249777646	0	0	0	0.2	0.388807920473558	0.129385299773651	0.142974494175713	0.655426321258636	0.512451827082923	0	0	1	0.1	0.187565787032195	0.0629109449077281	0.0699433905202747	0.321757877528465	0.25181448700819	0	0	1	0.2	0.399448766207589	0.133660221111236	0.148574639674043	0.68020607939863	0.531631439724587	0	0	2	0.1	0.196865745498696	0.066164030752967	0.0729141504294721	0.335203378459252	0.26228922802978	0	0	2	0.2	0.43122774109121	0.144868593323255	0.158023462109524	0.730927084035104	0.57290362192558	0	0	3	0.1	0.210152151313869	0.0707426461207883	0.0769162969405716	0.355917443642518	0.279001146701947	0	0	3	0.2	0.46457043673532	0.156558219432056	0.169117297466227	0.783732711038513	0.614615413572286
579	0	0	0	0.1	0.0931716449473305	0.0655367424048487	-0.0336997473531643	0.213644179611601	0.247343926964766	0	0	0	0.2	0.175833077512234	0.123522202258845	-0.0643984601303259	0.402884822497405	0.467283282627731	0	0	1	0.1	0.0909512475582389	0.0637966993472178	-0.0329319163494963	0.210279738109744	0.24321165445924	0	0	1	0.2	0.19545011128086	0.137089369886467	-0.070871630791157	0.454680719178185	0.525552349969342	0	0	2	0.1	0.0993433665055666	0.0696689556104444	-0.0358971282616356	0.23137923540717	0.267276363668806	0	0	2	0.2	0.218653571965976	0.153445496456277	-0.0782784544357411	0.510678745387129	0.58895719982287	0	0	3	0.1	0.108292770576642	0.0759981619161672	-0.0395412546585066	0.254445955302537	0.293987209961044	0	0	3	0.2	0.240314563084039	0.168680950417809	-0.0872129677013144	0.563950514464276	0.65116348216559
438	0	0	0	0.1	0.141192371851722	0.0635967161091057	0.0180607005655516	0.25850786673641	0.240447166170858	0	0	0	0.2	0.258278058069489	0.115970213139837	0.0334177721488071	0.47061771943542	0.437199947286613	0	0	1	0.1	0.127018814884551	0.0572649498085511	0.0165124411537048	0.233077268391387	0.216564827237683	0	0	1	0.2	0.268968899067601	0.121031161536774	0.0351372432571432	0.49259122321784	0.457453979960697	0	0	2	0.1	0.134195511913775	0.0605259422987968	0.0170914482621845	0.249439891485271	0.232348443223086	0	0	2	0.2	0.29252937598582	0.131921361734422	0.0370332078099001	0.542956403567671	0.505923195757771	0	0	3	0.1	0.143924917172435	0.0649628871547011	0.0182353398388315	0.269258732206236	0.251023392367404	0	0	3	0.2	0.316615447333178	0.142952967156526	0.0404577607303506	0.592713822177905	0.552256061447554
520	0	0	0	0.1	0.0926882974085938	0.058800538367815	-0.0260901258601019	0.199549100809228	0.22563922666933	0	0	0	0.2	0.171842786896822	0.108921509054332	-0.0482618356893705	0.374473570484471	0.422735406173842	0	0	1	0.1	0.0870867970714129	0.0554593697518921	-0.0236913512830516	0.19064846908948	0.214339820372531	0	0	1	0.2	0.186138955703579	0.118462615468673	-0.0508289092860623	0.408302232296321	0.459131141582383	0	0	2	0.1	0.0942540324039047	0.0601815861740665	-0.0258995076217153	0.207648269914738	0.233547777536453	0	0	2	0.2	0.206628546244837	0.131871253946792	-0.0583496362470516	0.451587895210429	0.509937531457481	0	0	3	0.1	0.102403371593355	0.0653931724729152	-0.0286396663827091	0.224705126249165	0.253344792631874	0	0	3	0.2	0.226313871676838	0.144629118716833	-0.0618469279438838	0.494314513249896	0.55616144119378
583	0	0	0	0.1	0.263375835436383	0.0671326811053637	0.140555459235547	0.394892513580294	0.254337054344747	0	0	0	0.2	0.473124566775542	0.120207589684112	0.250280008856228	0.700839072764256	0.450559063908028	0	0	1	0.1	0.210419195414401	0.0541425383947235	0.108899908616676	0.320487568929679	0.211587660313003	0	0	1	0.2	0.443580762728178	0.114033733430481	0.226407005788373	0.672570331935968	0.446163326147595	0	0	2	0.1	0.210805687174871	0.0546004536965309	0.109171640123868	0.323532221912784	0.214360581788916	0	0	2	0.2	0.459202444105714	0.119036695793947	0.237860695443931	0.708183291624285	0.470322596180354	0	0	3	0.1	0.219918156644905	0.0572455771581635	0.112333059844023	0.339866864771386	0.227533804927363	0	0	3	0.2	0.483724855479453	0.126180814362275	0.251179461796353	0.74688771561253	0.495708253816177
499	0	0	0	0.1	0.120710451990731	0.071228620043874	-0.0189912664348944	0.25900816359896	0.277999430033855	0	0	0	0.2	0.229338081314524	0.135293391286422	-0.0361772033894262	0.497344828278304	0.53352203166773	0	0	1	0.1	0.114801698257787	0.0680972731564478	-0.0179631357345784	0.252206197158309	0.270169332892888	0	0	1	0.2	0.247976514177686	0.147247349738032	-0.0390733174945251	0.544030884298592	0.583104201793117	0	0	2	0.1	0.124044658320657	0.0738526907077313	-0.0190370471803713	0.273954715106627	0.292991762286998	0	0	2	0.2	0.274306317273858	0.163459992774937	-0.0419334587470856	0.607826057639588	0.649759516386673	0	0	3	0.1	0.13446944722704	0.0802161149176794	-0.0221111708892048	0.300368874775767	0.322480045664971	0	0	3	0.2	0.299593638512195	0.179024851579659	-0.0448835579464545	0.664054788111234	0.708938346057688
512	0	0	0	0.1	0.246009306093506	0.0651816495160463	0.119662379204736	0.378382799181948	0.258720419977213	0	0	0	0.2	0.455699828500173	0.120388522506598	0.225619613444841	0.691990702083031	0.46637108863819	0	0	1	0.1	0.216769266209178	0.0587049777300758	0.106007567475459	0.341712409430387	0.235704841954928	0	0	1	0.2	0.463820498044533	0.125489939335511	0.228518139698982	0.733791019657144	0.505272879958163	0	0	2	0.1	0.227593101349048	0.0622674074347385	0.111637521126323	0.362078545971486	0.250441024845162	0	0	2	0.2	0.500123165024764	0.136942521771743	0.244719643069603	0.791080644661406	0.546361001591802	0	0	3	0.1	0.243078460341298	0.0669158517194953	0.118162200488174	0.384624416809898	0.266462216321724	0	0	3	0.2	0.538663082640859	0.148486075688409	0.263897297141531	0.846369299459662	0.582472002318131
553	0	0	0	0.1	0.193102686840483	0.0643175055749264	0.0744789417540029	0.32314999717702	0.248671055423017	0	0	0	0.2	0.364350257774565	0.120513793231887	0.143060135029243	0.613721453150866	0.470661318121623	0	0	1	0.1	0.18685086444176	0.061781391460418	0.0752598703237681	0.311127925212355	0.235868054888587	0	0	1	0.2	0.402456398885666	0.132675838968716	0.163891101043227	0.669465838029195	0.505574736985968	0	0	2	0.1	0.204112507997723	0.0672903045474353	0.0847069202400308	0.338909405452251	0.25420248521222	0	0	2	0.2	0.449982190847632	0.148319129179598	0.185783454058293	0.745758652544361	0.559975198486068	0	0	3	0.1	0.222523006029262	0.0733419323617339	0.0917113295012994	0.36587619820771	0.27416486870641	0	0	3	0.2	0.494167732046933	0.16298536923038	0.201973965519709	0.818912012593703	0.616938047073995
523	0	0	0	0.1	0.289270808353836	0.071157081654811	0.15913760687623	0.431948707200464	0.272811100324234	0	0	0	0.2	0.53763347895404	0.131668235219857	0.297622854904449	0.798643276562572	0.501020421658124	0	0	1	0.1	0.255246055676152	0.0630335675332238	0.141637117371168	0.382091382862631	0.240454265491463	0	0	1	0.2	0.544852386594962	0.134364072536673	0.297966751271585	0.815317702420513	0.517350951148928	0	0	2	0.1	0.265708225606837	0.065731276052605	0.14445871280098	0.402106971463205	0.257648258662225	0	0	2	0.2	0.583462205919081	0.144534577675323	0.316648500284657	0.880737799196667	0.56408929891201	0	0	3	0.1	0.282261276012359	0.0699095012268271	0.153417800459449	0.425967711830347	0.272549911370898	0	0	3	0.2	0.625321873294564	0.155424711290881	0.340686792868043	0.949646828711886	0.608960035843843
567	0	0	0	0.1	0.0302508195227826	0.0515091774305204	-0.069273533096692	0.1302223577984	0.199495890895092	0	0	0	0.2	0.0553657286076202	0.0946482357121792	-0.127082210408324	0.240889337832409	0.367971548240733	0	0	1	0.1	0.028470427586333	0.0491292118084745	-0.0684692899666561	0.120650120335471	0.189119410302127	0	0	1	0.2	0.0606599070429768	0.104811589799945	-0.147456106681332	0.256454872135504	0.403910978816836	0	0	2	0.1	0.0311282756687485	0.0539210055970337	-0.07699263023972	0.131292416034637	0.208285046274357	0	0	2	0.2	0.068061703789957	0.117959183919331	-0.166127123555038	0.286967594582251	0.453094718137289	0	0	3	0.1	0.0340869444464031	0.0591191447051506	-0.0842790275141862	0.145513259844988	0.229792287359174	0	0	3	0.2	0.0749517712287365	0.130203891732375	-0.183576531717396	0.316105499944273	0.499682031661669
534	0	0	0	0.1	0.26537610587414	0.0596847833999659	0.151535157273982	0.382261169998963	0.230726012724981	0	0	0	0.2	0.490833054712439	0.109703663029733	0.285740730348192	0.697785266297709	0.412044535949517	0	0	1	0.1	0.254285007362855	0.0580011346487069	0.147396738543546	0.363952930470286	0.21655619192674	0	0	1	0.2	0.539775798478866	0.122699435496362	0.311079069007437	0.772618438996501	0.461539369989064	0	0	2	0.1	0.27484969652577	0.0631022025786969	0.15802376305082	0.392998925094388	0.234975162043568	0	0	2	0.2	0.599670188371459	0.137650475451207	0.343226178655392	0.863246194025713	0.520020015370321	0	0	3	0.1	0.298085908076942	0.0688024072671028	0.168607050219877	0.427593277341295	0.258986227121418	0	0	3	0.2	0.656457009171815	0.151834112367417	0.370535577458664	0.945415539193402	0.574879961734738
462	0	0	0	0.1	0.215715518487994	0.0662334184506491	0.0864616753818368	0.347111405715366	0.260649730333529	0	0	0	0.2	0.410823020087875	0.125176108472506	0.165888239625292	0.658230433656231	0.492342194030939	0	0	1	0.1	0.211280425503758	0.064640661791599	0.0868518153235448	0.345532642314137	0.258680826990593	0	0	1	0.2	0.45645825014049	0.139333247084761	0.183693818605565	0.741633868521498	0.557940049915933	0	0	2	0.1	0.230943197695364	0.0707048893297519	0.0934622318719939	0.376613826575313	0.283151594703319	0	0	2	0.2	0.51052921706608	0.156333491409414	0.203247733093542	0.835744613655597	0.632496880562055	0	0	3	0.1	0.251827942907495	0.0771984051538754	0.101992885184602	0.408311353009717	0.306318467825115	0	0	3	0.2	0.560828764304428	0.172125835206657	0.222851137369413	0.909007096381287	0.686155959011874
500	0	0	0	0.1	0.299111115339196	0.064177216136533	0.179008101346416	0.424949858967567	0.245941757621151	0	0	0	0.2	0.543365403763422	0.115098235721771	0.322085880652812	0.770683322202634	0.448597441549822	0	0	1	0.1	0.264615558330205	0.0563844309659585	0.155184366340401	0.3760421785228	0.220857812182398	0	0	1	0.2	0.559372587877038	0.118278744127557	0.331372308804135	0.79426674226835	0.462894433464215	0	0	2	0.1	0.277856396822156	0.05890410763435	0.164857010592634	0.392817172463747	0.227960161871113	0	0	2	0.2	0.604999578939496	0.127995409450275	0.35970309199028	0.855727227066236	0.496024135075956	0	0	3	0.1	0.297066156460581	0.0629772109736138	0.174924430309044	0.420932379952121	0.246007949643077	0	0	3	0.2	0.653050989801221	0.138428674995871	0.384500704899357	0.92424636425975	0.539745659360393
495	0	0	0	0.1	0.182894602257887	0.0627666665799181	0.062304428930976	0.302379392723693	0.240074963792717	0	0	0	0.2	0.332229312014815	0.11418707764534	0.112978610960914	0.548959893587313	0.435981282626399	0	0	1	0.1	0.156247460804205	0.054054126305536	0.0532929741675529	0.261034679410578	0.207741705243025	0	0	1	0.2	0.331413662294338	0.114847325484879	0.112338240938867	0.559414885735404	0.447076644796537	0	0	2	0.1	0.162462059233183	0.0564259894119581	0.055394641176427	0.274577956033529	0.219183314857102	0	0	2	0.2	0.354815003434344	0.123572937396952	0.120234879518319	0.608002102379158	0.487767222860839	0	0	3	0.1	0.172908449674402	0.0602605904374597	0.058933556199896	0.293083131711157	0.234149575511261	0	0	3	0.2	0.380920959428367	0.133275024948365	0.129597563376639	0.648127779296696	0.518530215920057
546	0	0	0	0.1	0.208997663557738	0.062651109091951	0.0884076691968199	0.326571531059001	0.238163861862181	0	0	0	0.2	0.400398909104822	0.119048504807538	0.171539712821109	0.625871375816611	0.454331662995502	0	0	1	0.1	0.210912556204513	0.0629516252601546	0.0892574581316998	0.330954205447805	0.241696747316105	0	0	1	0.2	0.457180519053146	0.136313348016438	0.194773814871549	0.728629951841807	0.533856136970258	0	0	2	0.1	0.233520083336279	0.0698495329125129	0.0991073866927462	0.369700554887355	0.270593168194609	0	0	2	0.2	0.517126036775612	0.15477821092443	0.221077913880802	0.830965089982819	0.609887176102017	0	0	3	0.1	0.256400185893649	0.0768372909107672	0.109621202761008	0.405578754487374	0.295957551726366	0	0	3	0.2	0.571679860273799	0.171626632167234	0.242962181972244	0.913515722612345	0.670553540640101
509	0	0	0	0.1	0.241592634270755	0.0835237889347893	0.0742416106374837	0.405193570081789	0.330951959444305	0	0	0	0.2	0.456599869316109	0.157289385359674	0.14763704799609	0.771188839330928	0.623551791334838	0	0	1	0.1	0.219877942362731	0.0760040214815523	0.0734182317241079	0.377949070151765	0.304530838427657	0	0	1	0.2	0.472963761815823	0.163556531198913	0.158606699517791	0.813563508468882	0.654956808951091	0	0	2	0.1	0.231772856036409	0.08025310596811	0.0775089201072959	0.397756141229722	0.320247221122426	0	0	2	0.2	0.511741886220546	0.177625876619022	0.173477597151297	0.880045727434537	0.70656813028324	0	0	3	0.1	0.247668496296486	0.0859667387922029	0.0828422480434585	0.424844020171852	0.342001772128393	0	0	3	0.2	0.551296157143317	0.191744031836519	0.186978980842026	0.938850612822333	0.751871631980307
439	0	0	0	0.1	0.225855417429204	0.0671190284549603	0.0969514832432067	0.358230492466597	0.261279009223391	0	0	0	0.2	0.420071623414458	0.124315200028367	0.187361873997141	0.662513107789499	0.475151233792359	0	0	1	0.1	0.195010294989538	0.0585488107980905	0.088012050769352	0.313250434393144	0.225238383623792	0	0	1	0.2	0.419216341563324	0.125686721656265	0.187199787595764	0.6702958995073	0.483096111911536	0	0	2	0.1	0.203639103280714	0.0613927103472494	0.0888066392895942	0.326203627266208	0.237396987976614	0	0	2	0.2	0.449093780492339	0.135521683733244	0.195860723808001	0.718176545004206	0.522315821196205	0	0	3	0.1	0.216897610686227	0.0657129265830092	0.0924642163657318	0.346217177861572	0.25375296149584	0	0	3	0.2	0.482097867784275	0.146196864276226	0.209367837149085	0.771710946204993	0.562343109055909
511	0	0	0	0.1	0.11875626413683	0.069519807982221	-0.0197280782134359	0.252602001021055	0.272330079234491	0	0	0	0.2	0.220312643451475	0.129221329397887	-0.0384277092142097	0.470494856923498	0.508922566137708	0	0	1	0.1	0.107413382758757	0.0632387910706264	-0.0183181355519273	0.233022856782277	0.251340992334204	0	0	1	0.2	0.229485514856454	0.135393462866456	-0.0378096485155915	0.499542236338325	0.537351884853917	0	0	2	0.1	0.113910547780646	0.0672876537243976	-0.0199499500037444	0.245688575544472	0.265638525548217	0	0	2	0.2	0.249975505119374	0.147933629949733	-0.0407096387123402	0.538703247354183	0.579412886066523	0	0	3	0.1	0.122225329895642	0.0723740273863158	-0.0185358867365393	0.263130524543281	0.28166641127982	0	0	3	0.2	0.270737948821447	0.160457191442252	-0.042833199311975	0.581632015120108	0.624465214432083
503	0	0	0	0.1	0.0598877693118782	0.0600662299503429	-0.0610558856239124	0.176162703241932	0.237218588865844	0	0	0	0.2	0.110872487821628	0.111327973248284	-0.112578263486289	0.324295088540098	0.436873352026388	0	0	1	0.1	0.0567229088329929	0.0571724746746704	-0.0592449370712464	0.166955865640977	0.226200802712224	0	0	1	0.2	0.120574233721975	0.12163701812238	-0.126893364041888	0.354702883854176	0.481596247896065	0	0	2	0.1	0.0612069381659285	0.0618314752936642	-0.0652449233711281	0.181246178425707	0.246491101796835	0	0	2	0.2	0.133752365125706	0.135153905687744	-0.14277382031902	0.396421586168682	0.539195406487702	0	0	3	0.1	0.0663970423148088	0.0671644220722406	-0.0705659110575044	0.197957224488204	0.268523135545709	0	0	3	0.2	0.146368011075033	0.148131505497103	-0.154931213231593	0.435285663618865	0.590216876850459
498	0	0	0	0.1	0.241621298832548	0.0721700002307519	0.102463911641005	0.385286806508229	0.282822894867223	0	0	0	0.2	0.450954411066952	0.134147346534487	0.186475020451203	0.713055902080936	0.526580881629734	0	0	1	0.1	0.223293394615986	0.0672906024735174	0.0900700465078157	0.357336087773976	0.26726604126616	0	0	1	0.2	0.476289212690203	0.143255402091857	0.194608475676019	0.755204467523163	0.560595991847144	0	0	2	0.1	0.237012202655975	0.0717429621324624	0.0961879193771207	0.380955216502834	0.284767297125714	0	0	2	0.2	0.519701213825885	0.157427733381958	0.207382837064625	0.830121825629631	0.622738988565006	0	0	3	0.1	0.254467025140444	0.0773166192292487	0.102002837795818	0.410905115808675	0.308902278012857	0	0	3	0.2	0.563137510847869	0.171454204405346	0.22538988357811	0.905522721438642	0.680132837860532
550	0	0	0	0.1	0.145143415139209	0.0596615070683956	0.0315957696359218	0.259218904950055	0.227623135314133	0	0	0	0.2	0.266960558261777	0.109282736849988	0.0587498567605984	0.478366289245505	0.419616432484907	0	0	1	0.1	0.133032650867401	0.0546589374825812	0.0290985358334544	0.240233049330135	0.211134513496681	0	0	1	0.2	0.282992389037338	0.116088438196226	0.0630860894955851	0.50967717247268	0.446591082977094	0	0	2	0.1	0.142243858952916	0.0584726061927377	0.0324104410692237	0.257638388526995	0.225227947457771	0	0	2	0.2	0.310900643947389	0.127787730285234	0.0708310801064663	0.558824561886248	0.487993481779782	0	0	3	0.1	0.153483617066205	0.063149979872703	0.0341636482010098	0.277357346508061	0.243193698307051	0	0	3	0.2	0.33847532540227	0.139326174032953	0.0771990316211565	0.610143092537095	0.532944060915939
563	0	0	0	0.1	0.257083569196173	0.0739255320046382	0.117668377572165	0.407293083885732	0.289624706313568	0	0	0	0.2	0.472762320461678	0.135990956283888	0.214675289418948	0.748608429446037	0.533933140027089	0	0	1	0.1	0.22870781673119	0.0669182726892188	0.104266260514195	0.365637550293942	0.261371289779747	0	0	1	0.2	0.483974675854181	0.141708985098013	0.217284081029659	0.773050180818571	0.555766099788913	0	0	2	0.1	0.238270957499938	0.0702307927503607	0.107265925309454	0.379967367580316	0.272701442270862	0	0	2	0.2	0.51983215935466	0.153554291862945	0.23248638978303	0.829017313517477	0.596530923734447	0	0	3	0.1	0.253324544847146	0.0749887796284127	0.112633716897361	0.402587140902761	0.289953424005399	0	0	3	0.2	0.558356452072352	0.165924595640416	0.247518597162564	0.888994317937012	0.641475720774448
457	0	0	0	0.1	0.136989548180159	0.0590628135519255	0.0291099426560335	0.256022969633632	0.226913026977599	0	0	0	0.2	0.260902132693393	0.112189611906353	0.0563867042956404	0.48270804061508	0.426321336319439	0	0	1	0.1	0.132646988018026	0.0572874086983376	0.0287448420936452	0.24816488095782	0.219420038864174	0	0	1	0.2	0.288340771903135	0.124492826965828	0.0609461363330244	0.540252703138167	0.479306566805142	0	0	2	0.1	0.145714190099088	0.0630273478861564	0.0304234323840287	0.27180719329035	0.241383760906321	0	0	2	0.2	0.323381130536127	0.139811907785837	0.067132824235994	0.605503237015913	0.538370412779919	0	0	3	0.1	0.159440916479774	0.0689866596778968	0.0339950266924915	0.297945626776818	0.263950600084326	0	0	3	0.2	0.355822926205382	0.154060030087221	0.0757070422528915	0.66532978065351	0.589622738400618
508	0	0	0	0.1	0.190909376450827	0.0623792316161968	0.0676611026974119	0.312939655509021	0.245278552811609	0	0	0	0.2	0.349294506206672	0.113586925261262	0.123902880478912	0.570805438014819	0.446902557535907	0	0	1	0.1	0.167677415782031	0.0546326122077366	0.0600079446989588	0.27186039703576	0.211852452336801	0	0	1	0.2	0.35619972219038	0.115896995796674	0.128691424608401	0.573124729674119	0.444433305065717	0	0	2	0.1	0.175824406089724	0.0573016421166106	0.0632366588617926	0.286349254914832	0.22311259605304	0	0	2	0.2	0.384326425317614	0.125281514506671	0.138488690348781	0.622795915008685	0.484307224659904	0	0	3	0.1	0.187933540464578	0.0612751372190399	0.0671229489866682	0.303607730302643	0.236484781315975	0	0	3	0.2	0.414389143260984	0.135287109798269	0.149293773576263	0.674034374444558	0.524740600868295
519	0	0	0	0.1	0.333674506874258	0.0646003645774986	0.212594270366454	0.46426029889936	0.251666028532907	0	0	0	0.2	0.60743065006718	0.117385598603568	0.390710948610751	0.844606586099802	0.453895637489051	0	0	1	0.1	0.294625617054538	0.0592592610674664	0.18556963439674	0.414080592957623	0.228510958560883	0	0	1	0.2	0.623910203303891	0.12524747261615	0.394204183104436	0.878734650275513	0.484530467171077	0	0	2	0.1	0.309258827625023	0.0631550883949301	0.192744271136869	0.436774112744207	0.244029841607338	0	0	2	0.2	0.674251604487127	0.137954969832905	0.420873818851706	0.949519693277589	0.528645874425883	0	0	3	0.1	0.33036601504639	0.068143849347126	0.204428054333599	0.467887764609084	0.263459710275485	0	0	3	0.2	0.727188683136636	0.150482288661119	0.450455789409645	1.03265824945988	0.582202460050235
587	0	0	0	0.1	0.23369727063256	0.0730548527954405	0.0902154786269267	0.387199257066918	0.296983778439991	0	0	0	0.2	0.432141988287696	0.134574766110851	0.164469743295325	0.719621571676088	0.555151828380763	0	0	1	0.1	0.201639641916915	0.0633303631992549	0.0767901455219522	0.331548169252427	0.254758023730475	0	0	1	0.2	0.431354882689691	0.135487684633482	0.164864732991095	0.71545709512929	0.550592362138195	0	0	2	0.1	0.209797796315609	0.0661954127590705	0.0799226728916549	0.345245563903309	0.265322891011654	0	0	2	0.2	0.461206474765181	0.145774239268142	0.17636494659121	0.75921718305901	0.582852236467799	0	0	3	0.1	0.222994415837748	0.0706167918413234	0.0858497174469098	0.366361221826222	0.280511504379312	0	0	3	0.2	0.494450759581612	0.157010916734724	0.189704327988643	0.811546362259894	0.621842034271251
572	0	0	0	0.1	0.232175703755998	0.069913930490901	0.0962869395585786	0.374396495069132	0.278109555510554	0	0	0	0.2	0.423144738043157	0.127038905142162	0.177009315242186	0.687213830303688	0.510204515061502	0	0	1	0.1	0.200704959885234	0.0613483292911675	0.0862465844775989	0.325263217987449	0.23901663350985	0	0	1	0.2	0.424043141337561	0.129494019575884	0.181041285761346	0.685397606703121	0.504356320941775	0	0	2	0.1	0.207388888349765	0.0639474396998334	0.0899395133647745	0.338444887180925	0.24850537381615	0	0	2	0.2	0.451977995627614	0.139405588139188	0.192489454517212	0.737729279777539	0.545239825260328	0	0	3	0.1	0.219630527897074	0.0680794997094578	0.0945930791373476	0.360325876784357	0.265732797647009	0	0	3	0.2	0.483405211369881	0.150035651231019	0.202729777838977	0.793277131599942	0.590547353760965
504	0	0	0	0.1	0.229983922942233	0.0619398456308002	0.114717736630508	0.362041806433082	0.247324069802574	0	0	0	0.2	0.427664439825701	0.114864693399487	0.215947007668362	0.673411450305469	0.457464442637107	0	0	1	0.1	0.218739622417562	0.0593644157939909	0.11103402237164	0.341916473888755	0.230882451517115	0	0	1	0.2	0.467451520260914	0.126814570096033	0.236422370522169	0.735113214397095	0.498690843874926	0	0	2	0.1	0.23698587384771	0.0644924229719525	0.120259367073341	0.377120456463105	0.256861089389764	0	0	2	0.2	0.519451418640732	0.141709088104083	0.261385356227526	0.827974489868152	0.566589133640626	0	0	3	0.1	0.257392782082798	0.0702810550325203	0.130484297631971	0.409127839495845	0.278643541863875	0	0	3	0.2	0.568921233547871	0.155722524840155	0.286779251378195	0.904522326424321	0.617743075046126
569	0	0	0	0.1	0.18643758088709	0.0732276207806201	0.0444048565887365	0.332080466371181	0.287675609782445	0	0	0	0.2	0.352944839995064	0.138309909798389	0.0856074340568662	0.624720556538376	0.53911312248151	0	0	1	0.1	0.177118384967784	0.0692540819088876	0.0421876076571315	0.317827303681516	0.275639696024384	0	0	1	0.2	0.38162987571261	0.149292707566913	0.0896647563682011	0.68494856184779	0.595283805479588	0	0	2	0.1	0.191107303100311	0.074696559848957	0.0453725739573756	0.344555726014331	0.299183152056956	0	0	2	0.2	0.42183889323915	0.165202002008204	0.0990815611404875	0.756477181355442	0.657395620214955	0	0	3	0.1	0.207004415906555	0.080938157626807	0.0493157134443171	0.370917314250331	0.321601600806014	0	0	3	0.2	0.460455604679411	0.1804921205486	0.110235318855518	0.824783978828656	0.714548659973138
532	0	0	0	0.1	0.0891206557335408	0.0542592584132052	-0.0171556888342028	0.194523770584953	0.211679459419156	0	0	0	0.2	0.163306852321818	0.0993941876390781	-0.0318590662957242	0.350617004460546	0.38247607075627	0	0	1	0.1	0.079033883188127	0.0481797035780532	-0.0167364452929751	0.17275018722638	0.189486632519355	0	0	1	0.2	0.168960812833876	0.103109313551825	-0.0343786581855789	0.369110238920987	0.403488897106565	0	0	2	0.1	0.0842665938487913	0.0515523026632808	-0.0181855708010723	0.18574536097128	0.203930931772352	0	0	2	0.2	0.184839035918127	0.113134345930922	-0.0394144180409747	0.410054041649375	0.44946845969035	0	0	3	0.1	0.090960588460855	0.0556976626515591	-0.018192025044901	0.202221420483137	0.220413445528038	0	0	3	0.2	0.200868100493803	0.123284528405798	-0.0441936861231084	0.447184485234894	0.491378171358002
531	0	0	0	0.1	0.266840323643493	0.071792694134845	0.12995098044952	0.415677563753746	0.285726583304226	0	0	0	0.2	0.513843132881013	0.137220197837386	0.253144742817524	0.794543457494433	0.541398714676909	0	0	1	0.1	0.257032827884666	0.0683232285652745	0.125111948989117	0.395684918787949	0.270572969798831	0	0	1	0.2	0.559514824679262	0.148665205781112	0.272928376932621	0.860262602420512	0.587334225487891	0	0	2	0.1	0.278919287250888	0.0740837782241593	0.135118400515004	0.430918859867858	0.295800459352854	0	0	2	0.2	0.620511023573141	0.16508607447306	0.29907878561951	0.957344876581241	0.658266090961732	0	0	3	0.1	0.302797448712489	0.0804300608227365	0.146586237631441	0.465440916557308	0.318854678925867	0	0	3	0.2	0.678104045192389	0.180750621061374	0.3285502946415	1.04102725420937	0.71247695956787
513	0	0	0	0.1	0.111206993461829	0.0576249487595913	0.00237013622553122	0.219566659335342	0.217196523109811	0	0	0	0.2	0.209708714669395	0.108486286382476	0.00448455347282016	0.414171787919903	0.409687234447083	0	0	1	0.1	0.112403862361901	0.0581873987096238	0.00241655867464214	0.229756039561857	0.227339480887215	0	0	1	0.2	0.241426958445352	0.125062172964061	0.00454772397863816	0.491279170923393	0.486731446944755	0	0	2	0.1	0.124803434042432	0.0647594119776131	0.00276073594960935	0.252955782857624	0.250195046908014	0	0	2	0.2	0.2743035498686	0.142424797370744	0.00711211170108418	0.553372194038205	0.546260082337121	0	0	3	0.1	0.137407074556611	0.0714181119911014	0.00197867898330548	0.279268833307275	0.27729015432397	0	0	3	0.2	0.304257383874399	0.158220734148809	0.0049603082667788	0.617255550164628	0.612295241897849
551	0	0	0	0.1	0.150708898266559	0.057426525631195	0.0376516601637812	0.266739545163101	0.229087884999319	0	0	0	0.2	0.27340335412711	0.103724773630379	0.0692634709642556	0.484646819148671	0.415383348184415	0	0	1	0.1	0.135174472849024	0.0513707008721806	0.0346332675013911	0.236651796836474	0.202018529335083	0	0	1	0.2	0.285753085772694	0.108366644114301	0.0735235505855796	0.503762095430168	0.430238544844588	0	0	2	0.1	0.143419478659367	0.0544217812749516	0.0372915977141948	0.249542025269048	0.212250427554853	0	0	2	0.2	0.312153055167168	0.118438991594431	0.0804320227232028	0.548942712140994	0.468510689417791	0	0	3	0.1	0.154351668471697	0.0585876492652329	0.039070884397467	0.271555707049074	0.232484822651607	0	0	3	0.2	0.339083134460223	0.128794008334324	0.0874274952176162	0.597390685532749	0.509963190315133
459	0	0	0	0.1	0.223919645272948	0.0675336319999169	0.0893020387181731	0.35285760348945	0.263555564771276	0	0	0	0.2	0.417808366504402	0.125177843406994	0.167354878943326	0.6541021778991	0.486747298955774	0	0	1	0.1	0.212689000909744	0.0640094062443496	0.0861893843683501	0.335038468243362	0.248849083875012	0	0	1	0.2	0.454176335385044	0.136483729616705	0.186258792629349	0.707871553627636	0.521612760998287	0	0	2	0.1	0.22940813994169	0.0691241183560448	0.0945413390985918	0.358642358650568	0.264101019551977	0	0	2	0.2	0.50282679360695	0.151694933361238	0.206288392069341	0.786876646912154	0.580588254842813	0	0	3	0.1	0.248457601040072	0.0750515521545068	0.101846286162215	0.39147071810514	0.289624431942925	0	0	3	0.2	0.54929844299188	0.166265353180599	0.223250614217271	0.860636202586354	0.637385588369083
502	0	0	0	0.1	0.209189126934175	0.0688418549400663	0.0747347717139307	0.349843819331117	0.275109047617187	0	0	0	0.2	0.382553696982037	0.124872722651306	0.137939823347186	0.632125231959897	0.494185408612712	0	0	1	0.1	0.179485499615609	0.0584502671695343	0.0654030368202565	0.292639951437093	0.227236914616837	0	0	1	0.2	0.381589040709167	0.123987793505959	0.140876740022855	0.623351245085762	0.482474505062906	0	0	2	0.1	0.186347004625422	0.0605505549087218	0.0696460673250695	0.303494256683011	0.233848189357941	0	0	2	0.2	0.407700328766109	0.132505047558263	0.151057687012087	0.664534351381755	0.513476664369668	0	0	3	0.1	0.198047018266486	0.0643664338205934	0.0745797854739117	0.322727043046203	0.248147257572291	0	0	3	0.2	0.437066664208765	0.14225161243445	0.163250009965217	0.712037808225921	0.548787798260704
463	0	0	0	0.1	0.282614602949745	0.0666113740827935	0.16012687461713	0.425846717618975	0.265719843001845	0	0	0	0.2	0.530579106470497	0.124106660122226	0.300235546687743	0.796009348651546	0.495773801963803	0	0	1	0.1	0.271224171766301	0.0645183074613279	0.150833101343803	0.412559593929304	0.2617264925855	0	0	1	0.2	0.581415600021304	0.137893992288002	0.326556760356067	0.882564145220676	0.556007384864609	0	0	2	0.1	0.293680928667712	0.0701120158152392	0.163081179220593	0.44661278137153	0.283531602150937	0	0	2	0.2	0.645450769669817	0.154257886455682	0.362937798694763	0.978731776579717	0.615793977884954	0	0	3	0.1	0.31865740094295	0.0763945714548434	0.178146448002127	0.485924066774189	0.307777618772062	0	0	3	0.2	0.706190570432428	0.169587292802592	0.395260441157217	1.07121943679033	0.675958995633108
542	0	0	0	0.1	0.122002440818126	0.0729713055032655	-0.0165720872545687	0.264849073744224	0.281421160998792	0	0	0	0.2	0.225662390716985	0.134577636655862	-0.030174831011392	0.491417640470315	0.521592471481707	0	0	1	0.1	0.106544849461512	0.0635108981524393	-0.0147263414547908	0.235601821090008	0.250328162544799	0	0	1	0.2	0.226896567577207	0.135177432314472	-0.0312575807228333	0.499289332379844	0.530546913102677	0	0	2	0.1	0.110628605971633	0.0659522148118133	-0.0146003362225005	0.243875213325632	0.258475549548132	0	0	2	0.2	0.242514637054196	0.144598045431599	-0.0334015820173774	0.533039071423031	0.566440653440408	0	0	3	0.1	0.117354363754861	0.0700026260252797	-0.0163728158815859	0.257939008227773	0.274311824109359	0	0	3	0.2	0.259770273742026	0.155079841819652	-0.0351260968316376	0.571179263286255	0.606305360117893
588	0	0	0	0.1	0.283624035847805	0.0673243748142205	0.155167428002369	0.420302420708719	0.26513499270635	0	0	0	0.2	0.540084628183783	0.127887796394381	0.299675814591171	0.792145816092027	0.492470001500856	0	0	1	0.1	0.272824542742917	0.0657616454701456	0.149232127911697	0.403347636152789	0.254115508241092	0	0	1	0.2	0.590231660352305	0.142675394701307	0.323400204742309	0.871082235813074	0.547682031070765	0	0	2	0.1	0.296267699775394	0.0722996366656485	0.163850300513189	0.438605297211947	0.274754996698758	0	0	2	0.2	0.65584452595114	0.160716652045668	0.360425939299285	0.972203466505942	0.611777527206657	0	0	3	0.1	0.321754250242289	0.0791605602199449	0.175815370120311	0.477817651651668	0.302002281531357	0	0	3	0.2	0.717362358703607	0.177384320366913	0.38540788531621	1.07135780491367	0.685949919597455
464	0	0	0	0.1	0.179430735994292	0.0671107678119852	0.057204468382979	0.327519982006374	0.270315513623395	0	0	0	0.2	0.350222425717838	0.129990132417182	0.112532381537869	0.627389401120826	0.514857019582957	0	0	1	0.1	0.187859738255522	0.0694111914571621	0.0607747993009139	0.340227932900658	0.279453133599744	0	0	1	0.2	0.410200704431404	0.151346961468253	0.133587940926265	0.73658709302132	0.602999152095055	0	0	2	0.1	0.210174811065137	0.0774658300650407	0.0686364779188764	0.377029065663747	0.30839258774487	0	0	2	0.2	0.467939184350595	0.172525363959344	0.15189804435199	0.838765223097788	0.686867178745797	0	0	3	0.1	0.231937632238277	0.0854116329004643	0.0751549564141389	0.414883591758673	0.339728635344534	0	0	3	0.2	0.51963269114082	0.191572436732596	0.168902452739515	0.927804244268491	0.758901791528976
448	0	0	0	0.1	0.218986336553626	0.0745808507402008	0.0797457550005996	0.366234887857346	0.286489132856746	0	0	0	0.2	0.423202344151352	0.143712835032931	0.153711836355456	0.709266910993159	0.555555074637703	0	0	1	0.1	0.21788756572285	0.0750770376829017	0.0827557528632017	0.366997369217431	0.284241616354229	0	0	1	0.2	0.475055510212771	0.163783622585708	0.177829235946333	0.80084729460927	0.623018058662937	0	0	2	0.1	0.239943212783026	0.0831552624684239	0.0883285322877364	0.407330728357497	0.31900219606976	0	0	2	0.2	0.534008352658285	0.185484340497957	0.195697288768401	0.911154007525017	0.715456718756616	0	0	3	0.1	0.262572572349565	0.091351407602218	0.0946339731794184	0.449153568676823	0.354519595497405	0	0	3	0.2	0.588051790926092	0.205172694454624	0.212807270568861	1.00902311703209	0.796215846463233
481	0	0	0	0.1	0.107656110934246	0.0609574850634623	-0.0117597666709401	0.229992193722407	0.241751960393347	0	0	0	0.2	0.200525384321623	0.113635550735332	-0.0215555319127312	0.429687062024388	0.451242593937119	0	0	1	0.1	0.102376957438461	0.0583078133209922	-0.0112941227690574	0.220792745162531	0.232086867931589	0	0	1	0.2	0.218841695333473	0.12485627340019	-0.0235967059125846	0.475022475992046	0.49861918190463	0	0	2	0.1	0.111053868864154	0.0635377607181897	-0.012682860497285	0.238996456481686	0.251679316978971	0	0	2	0.2	0.243440191710315	0.139533386156587	-0.0262175784134422	0.52994261794012	0.556160196353563	0	0	3	0.1	0.120585969189752	0.069235866008847	-0.0140737914629033	0.260471093057023	0.274544884519926	0	0	3	0.2	0.266645973794812	0.153291577387734	-0.0274235926268256	0.580798711934096	0.608222304560922
522	0	0	0	0.1	0.256955155089066	0.066979132692563	0.120079713279709	0.393807078919679	0.273727365639971	0	0	0	0.2	0.475211045450418	0.12332265869086	0.225736764644496	0.725301080938297	0.499564316293802	0	0	1	0.1	0.235590809768293	0.0621477496345444	0.111561585559548	0.36235222369918	0.250790638139632	0	0	1	0.2	0.500572135655957	0.13185069382603	0.239717596482978	0.771694839029507	0.531977242546529	0	0	2	0.1	0.249608832315631	0.066247934492027	0.117802356844934	0.381925713579612	0.264123356734678	0	0	2	0.2	0.54557433703974	0.144940050625689	0.263130029592337	0.828319662434155	0.565189632841818	0	0	3	0.1	0.267782905547907	0.071418047938814	0.128984296658283	0.410454923305859	0.281470626647576	0	0	3	0.2	0.590818394589815	0.157934471507024	0.284903577874849	0.89685200304618	0.611948425171331
545	0	0	0	0.1	0.216473880743035	0.064033019297334	0.0932830438947172	0.346935720127103	0.253652676232385	0	0	0	0.2	0.407311409056695	0.119214981250017	0.175099758553689	0.641017221286279	0.46591746273259	0	0	1	0.1	0.207751865540311	0.0613044025444704	0.0874565095489892	0.328689372772066	0.241232863223077	0	0	1	0.2	0.446231109010657	0.13119276315136	0.188266467588662	0.706271412284457	0.518004944695795	0	0	2	0.1	0.225416362011662	0.0665971655470271	0.0941129607050838	0.358144450871887	0.264031490166803	0	0	2	0.2	0.496101576998105	0.146479284961931	0.207579202386569	0.78716085323338	0.579581650846811	0	0	3	0.1	0.244877580582753	0.0724912290477008	0.103347687374123	0.387745992981411	0.284398305607288	0	0	3	0.2	0.543356595796204	0.160860649373563	0.226558921063176	0.862344261827161	0.635785340763985
541	0	0	0	0.1	0.227087572902554	0.0690361635088986	0.0986792072232291	0.375863083247463	0.277183876024234	0	0	0	0.2	0.42227273555665	0.127542850384195	0.182469020852721	0.69943004580928	0.516961024956559	0	0	1	0.1	0.21517098454289	0.0652777705953474	0.0923233465495194	0.351523928034808	0.259200581485289	0	0	1	0.2	0.457471789693884	0.138347081838241	0.197271932457808	0.743073060917805	0.545801128459997	0	0	2	0.1	0.230885918242482	0.0700149840615651	0.100981414812148	0.372238659201556	0.271257244389407	0	0	2	0.2	0.504658205566468	0.152968598519719	0.220519129802375	0.821772503992494	0.601253374190119	0	0	3	0.1	0.249344614585436	0.0756560875653983	0.110446095655458	0.40384018486331	0.293394089207852	0	0	3	0.2	0.550105830096795	0.166991366401743	0.244183123803831	0.893347586238013	0.649164462434182
554	0	0	0	0.1	0.150788856221457	0.0714252586671759	0.0105061645427227	0.29515951922907	0.284653354686347	0	0	0	0.2	0.282878950623287	0.134332296477436	0.0193522570689669	0.557549416588581	0.538197159519614	0	0	1	0.1	0.137347173892043	0.0653358203680564	0.0105250936930411	0.269221827967921	0.25869673427488	0	0	1	0.2	0.295042599915362	0.14065683018407	0.0216715568799719	0.576769886510736	0.555098329630764	0	0	2	0.1	0.145679728222449	0.0694794111256844	0.0112424358827421	0.285246875915981	0.274004440033239	0	0	2	0.2	0.321184132972726	0.153418252484286	0.0224825913157246	0.628664877196077	0.606182285880352	0	0	3	0.1	0.15641200105054	0.0747136880896575	0.0101595110601268	0.304536606236384	0.294377095176257	0	0	3	0.2	0.347500938653511	0.166221232555265	0.0248296260036582	0.686663109117209	0.661833483113551
599	0	0	0	0.1	0.118979291588069	0.0664677341845596	-0.00521635440826076	0.250957636036591	0.256173990444851	0	0	0	0.2	0.220735779029257	0.12290693539977	-0.00942679539442372	0.472828088888514	0.482254884282938	0	0	1	0.1	0.104833008545836	0.0582523513525344	-0.00496325003912565	0.226514786151392	0.231478036190517	0	0	1	0.2	0.224912361043605	0.124863189963472	-0.0104380726100487	0.485759271124509	0.496197343734557	0	0	2	0.1	0.110585984454027	0.0613181479325938	-0.00564581704633661	0.236996777268708	0.242642594315045	0	0	2	0.2	0.243456978096355	0.134986446541707	-0.0113221086171641	0.521982884183555	0.533304992800719	0	0	3	0.1	0.118461645114692	0.0657094757171647	-0.00612860152281521	0.252774550505042	0.258903152027857	0	0	3	0.2	0.262802525985146	0.145736934151978	-0.0126255957291156	0.559479545416559	0.572105141145674
620	0	0	0	0.1	0.16517295879725	0.0624835462394952	0.0440476978395865	0.287835562803612	0.243787864964025	0	0	0	0.2	0.304531537029673	0.11490803679892	0.0809723851580909	0.529963438750318	0.448991053592227	0	0	1	0.1	0.152030972063782	0.0577803892573772	0.0396976594585579	0.269207725726434	0.229510066267876	0	0	1	0.2	0.323679109252257	0.122926132646957	0.0843264610220665	0.574937128674641	0.490610667652574	0	0	2	0.1	0.162715868936122	0.0620067854735308	0.0421749565877512	0.286630537432313	0.244455580844562	0	0	2	0.2	0.35589931675782	0.135822727715787	0.0938466417540753	0.633328205531102	0.539481563777027	0	0	3	0.1	0.175677091179672	0.0670942995214081	0.0454502367655023	0.314288012167044	0.268837775401542	0	0	3	0.2	0.387631865178504	0.148338159009058	0.0988327926818049	0.695283983512049	0.596451190830244
544	0	0	0	0.1	0.125598824816634	0.0729098789305431	-0.0193190204020414	0.264178175950806	0.283497196352847	0	0	0	0.2	0.248504420225361	0.144376000347112	-0.0385058275645459	0.532442148710293	0.570947976274839	0	0	1	0.1	0.128659941780775	0.0750054719876281	-0.0193589096994785	0.277569849531011	0.29692875923049	0	0	1	0.2	0.284146197299735	0.165944266037208	-0.0432175017129251	0.62370247351162	0.666919975224545	0	0	2	0.1	0.143139191969389	0.0836507537605322	-0.0225838089703337	0.31349823689043	0.336082045860764	0	0	2	0.2	0.321693360358469	0.188376686751102	-0.0491723659465159	0.705380235957603	0.754552601904118	0	0	3	0.1	0.157414788721219	0.0921831769421931	-0.0234798959901377	0.344001963103114	0.367481859093252	0	0	3	0.2	0.355701633809532	0.208575771236693	-0.0550610197985887	0.784808138566505	0.839869158365094
626	0	0	0	0.1	0.22621756607603	0.0655994112335215	0.100889903991398	0.351694973218278	0.25080506922688	0	0	0	0.2	0.414417664747838	0.119672541477557	0.185678080691193	0.652191746431578	0.466513665740385	0	0	1	0.1	0.191940751480244	0.0559724419738284	0.0834448475577529	0.303380425238167	0.219935577680414	0	0	1	0.2	0.40931149753449	0.119240749090644	0.179999907089292	0.644623194459968	0.464623287370676	0	0	2	0.1	0.19892919637711	0.0582174557053341	0.0853623062070108	0.316771663877774	0.231409357670763	0	0	2	0.2	0.436190952089576	0.127946389517168	0.186599825247997	0.696026029427305	0.509426204179308	0	0	3	0.1	0.211200164284862	0.0621116973831247	0.0905364156927271	0.337189738239507	0.24665332254678	0	0	3	0.2	0.46711118790814	0.137741739037147	0.197480913760982	0.744477761969432	0.54699684820845
585	0	0	0	0.1	0.186734602972766	0.066570736377485	0.0534159962306802	0.314642635766833	0.261226639536152	0	0	0	0.2	0.344968529829322	0.122419315869184	0.0961601125054414	0.580369802426025	0.484209689920583	0	0	1	0.1	0.16506416049018	0.0588177330813763	0.046124097950403	0.276841518829093	0.23071742087869	0	0	1	0.2	0.352484232113916	0.125389461199794	0.0967255900074999	0.600502752854544	0.503777162847044	0	0	2	0.1	0.173581037140129	0.0618786980547408	0.0481954084964945	0.292744341008353	0.244548932511859	0	0	2	0.2	0.380930685888132	0.135881187134494	0.106284424169419	0.646006036308662	0.539721612139242	0	0	3	0.1	0.1856477948782	0.0662775685537678	0.0524046099433433	0.312849417805691	0.260444807862348	0	0	3	0.2	0.41088454548251	0.14686830586428	0.118706452087766	0.688931505983449	0.570225053895683
460	0	0	0	0.1	0.086190964785531	0.0725214361174291	-0.0500314277719509	0.238660970896237	0.288692398668188	0	0	0	0.2	0.16337135973219	0.13737335162338	-0.0964270815607886	0.451540483683265	0.547967565244054	0	0	1	0.1	0.0794445796507933	0.0669429234358443	-0.0462162173175847	0.219212513547813	0.265428730865398	0	0	1	0.2	0.171609218619752	0.144753090292453	-0.0993382351499965	0.476298656490731	0.575636891640727	0	0	2	0.1	0.0847754578399346	0.0715544628455493	-0.0493672375254581	0.23537700365039	0.284744241175849	0	0	2	0.2	0.18764592713192	0.158583819120782	-0.106865950779285	0.519835648116363	0.626701598895648	0	0	3	0.1	0.0912005059346027	0.0771502100304301	-0.0533377983293312	0.252302754697354	0.305640553026685	0	0	3	0.2	0.203502426130122	0.172315025663211	-0.118184747839045	0.561635913385029	0.679820661224074
533	0	0	0	0.1	0.223917292802746	0.0780628652591587	0.0741642889984099	0.379146196268862	0.304981907270452	0	0	0	0.2	0.424523740477065	0.148119359997768	0.142919605336427	0.732686586561232	0.589766981224805	0	0	1	0.1	0.211168672391524	0.0745824454955645	0.0706712075060433	0.372114882609765	0.301443675103722	0	0	1	0.2	0.452544047355701	0.160036275435937	0.15146122082013	0.802248535485146	0.650787314665016	0	0	2	0.1	0.224501041670141	0.0798602058300182	0.0760538374714524	0.396924309162896	0.320870471691444	0	0	2	0.2	0.494316464652269	0.176162754500902	0.164680315248717	0.878189742729847	0.71350942748113	0	0	3	0.1	0.240965252471988	0.0861079808140212	0.0810472177189282	0.427582881618907	0.346535663899979	0	0	3	0.2	0.535361242086884	0.191682129362851	0.179324733326304	0.952203654645571	0.772878921319267
491	0	0	0	0.1	0.370117425247269	0.0764047910130544	0.234740466665665	0.520966477376688	0.286226010711023	0	0	0	0.2	0.696008663128713	0.142563923165405	0.44450082691388	0.967059226932503	0.522558400018623	0	0	1	0.1	0.334681281410982	0.0706206104546888	0.213689711394075	0.477516272548244	0.263826561154169	0	0	1	0.2	0.720487180966615	0.151355360649115	0.460469989045819	1.02681981153085	0.566349822485036	0	0	2	0.1	0.353562009038257	0.0749129869199649	0.226908764247079	0.506394955325561	0.279486191078482	0	0	2	0.2	0.780664915868979	0.165637569446889	0.497242600481299	1.12227864388867	0.625036043407371	0	0	3	0.1	0.378439718020622	0.0804671019604082	0.242124527294711	0.543291137347714	0.301166610053003	0	0	3	0.2	0.842287117356218	0.179877460319348	0.534385525955961	1.21290274835273	0.678517222396773
461	0	0	0	0.1	0.239246848912177	0.06698334297556	0.114121584152079	0.372954930310337	0.258833346158259	0	0	0	0.2	0.444076775948407	0.123971307707568	0.213100815293697	0.696452688269047	0.483351872975351	0	0	1	0.1	0.22665589048865	0.0640263816478517	0.106870403161332	0.358025941735333	0.251155538574	0	0	1	0.2	0.482168744891681	0.135967990666973	0.222669337766032	0.76215564212131	0.539486304355278	0	0	2	0.1	0.243780156750465	0.0691616903939302	0.112956270145965	0.386704538267171	0.273748268121206	0	0	2	0.2	0.532927922903203	0.151247723050298	0.247186362845162	0.849579587802083	0.602393224956921	0	0	3	0.1	0.263748684103914	0.0750305525700223	0.122885827361161	0.421805460752504	0.298919633391343	0	0	3	0.2	0.581715150083446	0.165945959412397	0.270630917496094	0.93468279916208	0.664051881665987
574	0	0	0	0.1	0.178628022135756	0.0721425989427046	0.0320413173183375	0.324007899192607	0.291966581874269	0	0	0	0.2	0.344224367931553	0.1387568987426	0.0612346046455732	0.619151372476528	0.557916767830955	0	0	1	0.1	0.171651914380465	0.0693920573539899	0.0309485843951569	0.309390055294774	0.278441470899617	0	0	1	0.2	0.373802576950117	0.151278792987048	0.0672454531345658	0.671801113570194	0.604555660435628	0	0	2	0.1	0.186100223682397	0.0754432930184705	0.0332422952148609	0.333903098444265	0.300660803229404	0	0	2	0.2	0.414127453698062	0.168305323613099	0.0740539179854264	0.743688238026035	0.669634320040609	0	0	3	0.1	0.201952962633526	0.0821074814318517	0.0368801936784183	0.365939805974498	0.329059612296079	0	0	3	0.2	0.452526137333444	0.184353018052828	0.0826821478850797	0.820547510433745	0.737865362548665
595	0	0	0	0.1	0.0258545087835644	0.0781214080632069	-0.129084700646781	0.175807192983204	0.304891893629985	0	0	0	0.2	0.0478288663993909	0.145565680578458	-0.248212010034981	0.323872147851291	0.572084157886272	0	0	1	0.1	0.0229373840517312	0.0706090167407111	-0.123602511377591	0.155833583855562	0.279436095233153	0	0	1	0.2	0.0489360733166372	0.150769980237721	-0.267919191604313	0.333205874633999	0.601125066238312	0	0	2	0.1	0.0240539153959163	0.0743951067663295	-0.133010147739036	0.164167142698559	0.297177290437595	0	0	2	0.2	0.0527442952101957	0.16344118134625	-0.293052648513773	0.361973363326198	0.655026011839971	0	0	3	0.1	0.025674697627886	0.0795846079975534	-0.142759176209583	0.174465584650643	0.317224760860226	0	0	3	0.2	0.0568454607835508	0.176482493584584	-0.318712936026502	0.391166314274106	0.709879250300607
489	0	0	0	0.1	0.177838357205797	0.0638564142583279	0.0634319639530786	0.307625955910098	0.244193991957019	0	0	0	0.2	0.337982027637979	0.120749521472217	0.12149456402411	0.580162331543179	0.458667767519069	0	0	1	0.1	0.175300762157354	0.0625955899435524	0.0621817153417426	0.303783188849529	0.241601473507786	0	0	1	0.2	0.378621937586612	0.135187881191266	0.135354925529129	0.668874904557863	0.533519979028734	0	0	2	0.1	0.192658585390663	0.0689048023578289	0.0679364662406923	0.34006566907009	0.272129202829397	0	0	2	0.2	0.425610741804486	0.152396806041081	0.149612075058005	0.751953219308286	0.602341144250281	0	0	3	0.1	0.21076012321305	0.0755385002654933	0.0740904872405996	0.373770353745604	0.299679866505005	0	0	3	0.2	0.4688872499926	0.168233155890127	0.166238033395338	0.835218179074844	0.668980145679506
492	0	0	0	0.1	0.115815550591475	0.0611148785730473	-0.00353664796442044	0.235609418829741	0.239146066794162	0	0	0	0.2	0.220066243673894	0.115801170330953	-0.00602122090877088	0.451200075834668	0.457221296743439	0	0	1	0.1	0.108365476434241	0.0570630816114006	-0.00331897130251517	0.221425851044331	0.224744822346846	0	0	1	0.2	0.235549990436591	0.123860215476399	-0.00681453511254907	0.482247242786013	0.489061777898562	0	0	2	0.1	0.117493903655471	0.0617912933873678	-0.00433428430573111	0.240725575175956	0.245059859481687	0	0	2	0.2	0.260798142165403	0.137124213343955	-0.00720614565697358	0.535042619906292	0.542248765563265	0	0	3	0.1	0.127596102119317	0.0670894963813455	-0.00410845339217444	0.262008932822639	0.266117386214813	0	0	3	0.2	0.285025033166351	0.1499834592639	-0.00789630140804567	0.58383795253315	0.591734253941195
672	0	0	0	0.1	0.126975792089048	0.0658156225554339	-0.00193201193845122	0.261216232208419	0.26314824414687	0	0	0	0.2	0.240406185761341	0.124710940114703	-0.00332691035150449	0.491037924452994	0.494364834804499	0	0	1	0.1	0.117720782941575	0.0612232717612763	-0.00173083835203557	0.23852732641319	0.240258164765225	0	0	1	0.2	0.254307232394042	0.132421473564212	-0.00373986235103845	0.515250947305372	0.51899080965641	0	0	2	0.1	0.126132197861923	0.065742919157836	-0.00152554270312942	0.257525358912928	0.259050901616057	0	0	2	0.2	0.278986980498666	0.145697148948918	-0.00405468200950681	0.56532337928995	0.569378061299457	0	0	3	0.1	0.13602543120025	0.0710545699655001	-0.00213305871690481	0.277262973630076	0.279396032346981	0	0	3	0.2	0.303228825033354	0.158691287637321	-0.00527273754450288	0.616798248445455	0.622070985989958
515	0	0	0	0.1	0.229253825510058	0.0634694917073486	0.0991776132486022	0.361262499972	0.262084886723398	0	0	0	0.2	0.431383625999096	0.1191056437811	0.191313182440024	0.679522418689834	0.48820923624981	0	0	1	0.1	0.212153492633763	0.0595475782594855	0.0929601250494951	0.337857872703527	0.244897747654031	0	0	1	0.2	0.457583417766174	0.128354148974686	0.203904217448804	0.719252562945048	0.515348345496245	0	0	2	0.1	0.227766397177453	0.0643298550381521	0.100124628069839	0.356882468817491	0.256757840747652	0	0	2	0.2	0.502994118843439	0.142285327150863	0.225995356873344	0.784081929873435	0.558086573000091	0	0	3	0.1	0.246085209428151	0.0698233245613338	0.109648533825594	0.382173403180948	0.272524869355354	0	0	3	0.2	0.547470543646369	0.155754509524606	0.243210339383061	0.853612533556637	0.610402194173575
565	0	0	0	0.1	0.203683184269531	0.0678357161011315	0.0699691531567874	0.339690433533292	0.269721280376505	0	0	0	0.2	0.375874525421226	0.124671179625147	0.130864795792844	0.620598813247041	0.489734017454196	0	0	1	0.1	0.181054444939279	0.0602677544935577	0.0623423142804551	0.302113945710984	0.239771631430529	0	0	1	0.2	0.38630251536876	0.128365234451708	0.135982423729822	0.646816663474335	0.510834239744514	0	0	2	0.1	0.190777757349123	0.0635153521134247	0.0673806785942387	0.317823697254131	0.250443018659892	0	0	2	0.2	0.41824628908013	0.139287491623844	0.148130078413323	0.700429813193235	0.552299734779912	0	0	3	0.1	0.204255667615418	0.0679811344772784	0.0732334614135219	0.339350360689631	0.266116899276109	0	0	3	0.2	0.451489087704834	0.150609220057551	0.160876118114374	0.753298969170674	0.5924228510563
510	0	0	0	0.1	0.187430181219959	0.0659003472185647	0.0685289557501507	0.326174737089226	0.257645781339076	0	0	0	0.2	0.346975683764054	0.121425681598539	0.130470584869484	0.60928685725499	0.478816272385505	0	0	1	0.1	0.16743556973982	0.0585884371600342	0.0623718316965784	0.291492565172225	0.229120733475647	0	0	1	0.2	0.357352440167324	0.124771091432435	0.132667453986383	0.622565171448876	0.489897717462493	0	0	2	0.1	0.17640754924223	0.0616031990996494	0.0636027031549761	0.305631878014415	0.242029174859439	0	0	2	0.2	0.387010485272481	0.135188631057266	0.141800970959052	0.671193266234147	0.529392295275095	0	0	3	0.1	0.188922778575348	0.0659636889794095	0.069323564823411	0.32621452410206	0.256890959278649	0	0	3	0.2	0.417907903911082	0.146200027878014	0.151425136293046	0.720101330720986	0.56867619442794
600	0	0	0	0.1	0.184694622855231	0.0627978052697725	0.0724942987349116	0.314581240794205	0.242086942059293	0	0	0	0.2	0.341953172594635	0.115406341909963	0.13515155243044	0.578127027296156	0.442975474865716	0	0	1	0.1	0.16706484733435	0.0565359731346474	0.064825719148031	0.279370240969198	0.214544521821167	0	0	1	0.2	0.357419572534635	0.120637569319751	0.138829404459596	0.602678615520163	0.463849211060567	0	0	2	0.1	0.177988011765374	0.0602209076895476	0.0690482660851464	0.297994683745743	0.228946417660597	0	0	2	0.2	0.390782445501113	0.132157921698698	0.151402362528064	0.658060150920058	0.506657788391994	0	0	3	0.1	0.191720074807289	0.0649782750005788	0.0751529851111764	0.321811218335699	0.246658233224523	0	0	3	0.2	0.424404236738045	0.143755807058357	0.163841150783281	0.712378479762342	0.548537328979061
603	0	0	0	0.1	0.15772784551684	0.0687721448892681	0.0182877280652888	0.287147361295568	0.268859633230279	0	0	0	0.2	0.291338898449492	0.126535058613823	0.0345831657991373	0.526302126637617	0.491718960838479	0	0	1	0.1	0.140784058765582	0.0612989723880628	0.0170050720212269	0.258514299532668	0.241509227511441	0	0	1	0.2	0.299960049823896	0.130534904779511	0.0353610819026363	0.551011336299751	0.515650254397114	0	0	2	0.1	0.148243622582011	0.0646954601852696	0.017678356355129	0.275108517148731	0.257430160793601	0	0	2	0.2	0.324912540787764	0.141704234841797	0.0393595904236643	0.603996828411144	0.56463723798748	0	0	3	0.1	0.15872055591509	0.0693699156331939	0.0187315519297301	0.295239494509246	0.276507942579516	0	0	3	0.2	0.350773406285701	0.153461294548272	0.0426083805073721	0.65519933014061	0.612590949633238
564	0	0	0	0.1	0.174103079348654	0.0598813639656298	0.0647641576611462	0.293516718470458	0.228752560809312	0	0	0	0.2	0.321819703517653	0.109474105561769	0.120924356397348	0.538610092622024	0.417685736224676	0	0	1	0.1	0.156381389001257	0.0530078875736393	0.0579425475427837	0.258002818986848	0.200060271444064	0	0	1	0.2	0.335003292650239	0.113168591205521	0.124159799287377	0.558862678438392	0.434702879151015	0	0	2	0.1	0.166734541161969	0.0563222137590832	0.0615396882415836	0.276383396922998	0.214843708681414	0	0	2	0.2	0.366270950236304	0.123629550840774	0.135193318578751	0.611674217756829	0.476480899178078	0	0	3	0.1	0.179659143583508	0.0606899351428363	0.0659059523610782	0.300863294639028	0.23495734227795	0	0	3	0.2	0.397776982297499	0.134414489266657	0.147984203111361	0.669978916709489	0.521994713598128
547	0	0	0	0.1	0.129625259812255	0.0597257915158719	0.0195966809194219	0.257117373570354	0.237520692650932	0	0	0	0.2	0.233990605400329	0.107502493570526	0.0351605253003888	0.464636936353985	0.429476411053596	0	0	1	0.1	0.112655597554782	0.0520697773437797	0.0164775392988993	0.223015260415385	0.206537721116486	0	0	1	0.2	0.237880301679568	0.109699450903122	0.0362298792563141	0.46851579642212	0.432285917165806	0	0	2	0.1	0.118062857903605	0.0545699428876131	0.0179297554274482	0.232594931366425	0.214665175938977	0	0	2	0.2	0.256768810770634	0.118699496791559	0.038428013406882	0.505186410433397	0.466758397026515	0	0	3	0.1	0.126196368917909	0.0583783183776861	0.0178727010499523	0.249481401502071	0.231608700452119	0	0	3	0.2	0.277052367582879	0.128253110079778	0.0408409458601084	0.545774397422184	0.504933451562076
501	0	0	0	0.1	0.193292747755706	0.0609633786797168	0.0831049172873841	0.316191239757392	0.233086322470008	0	0	0	0.2	0.356813269697073	0.112073093656788	0.152941356240386	0.585421571371744	0.432480215131358	0	0	1	0.1	0.183475477483415	0.0576714785854047	0.0790448815927624	0.306084084581129	0.227039202988366	0	0	1	0.2	0.389885866020179	0.122562619426211	0.169252918567608	0.647200741941039	0.47794782337343	0	0	2	0.1	0.198324506607873	0.0624401013964501	0.0858185761614295	0.331246395879282	0.245427819717852	0	0	2	0.2	0.432846805819324	0.136487290161799	0.188056236359265	0.721373892824079	0.533317656464814	0	0	3	0.1	0.215071025574337	0.0678860856551845	0.0930601465708144	0.356849647943697	0.263789501372882	0	0	3	0.2	0.473739450288287	0.149677453684711	0.205027151809291	0.784067374605284	0.579040222795993
555	0	0	0	0.1	0.237222357168429	0.0632302575297728	0.120879137522079	0.36824647800146	0.247367340479381	0	0	0	0.2	0.439289798100608	0.115725773187687	0.220761251911081	0.677078825856735	0.456317573945654	0	0	1	0.1	0.222354626010959	0.058298833612028	0.111644194576015	0.339272247645281	0.227628053069266	0	0	1	0.2	0.473296199828614	0.123552484868507	0.236461251733858	0.721881321357065	0.485420069623207	0	0	2	0.1	0.238707731682475	0.0621890634878754	0.119994670025185	0.365405831298833	0.245411161273647	0	0	2	0.2	0.522036202645802	0.135993556743989	0.263403417801318	0.797172784726306	0.533769366924988	0	0	3	0.1	0.257971722974738	0.0670745646944438	0.129221208221581	0.393175757211208	0.263954548989627	0	0	3	0.2	0.569220488258022	0.148173135882593	0.288886573223977	0.869295995285202	0.580409422061225
529	0	0	0	0.1	0.276413965923558	0.0594218402965845	0.162385127513154	0.405516127332687	0.243130999819533	0	0	0	0.2	0.511652412922937	0.109003506994215	0.297885059261429	0.74511747593264	0.44723241667121	0	0	1	0.1	0.263036047946367	0.0567845873077182	0.154345605742659	0.384291377213037	0.229945771470378	0	0	1	0.2	0.56148855500434	0.1210464382271	0.324044777431341	0.819308320814571	0.49526354338323	0	0	2	0.1	0.285878563653969	0.0621208006921415	0.168563251492471	0.418993305075301	0.250430053582831	0	0	2	0.2	0.62589555887725	0.136285946496191	0.366582216219005	0.91986609788109	0.553283881662085	0	0	3	0.1	0.310880892690021	0.0679656746010054	0.184184553055574	0.457759286176269	0.273574733120695	0	0	3	0.2	0.686221977291804	0.150586848618565	0.401193773805212	1.00852381546517	0.607330041659954
593	0	0	0	0.1	0.210538911957086	0.0675420924764952	0.0762528724000525	0.351194056078491	0.274941183678438	0	0	0	0.2	0.398570290980926	0.126840920661854	0.14892868804058	0.668252137933239	0.519323449892659	0	0	1	0.1	0.197568313774901	0.062791414934703	0.0739645902340655	0.327839989409123	0.253875399175057	0	0	1	0.2	0.427065169145517	0.135282250783438	0.164948894053173	0.7030390249857	0.538090130932527	0	0	2	0.1	0.213016650576265	0.0673847920722746	0.0805144562320813	0.35490255376542	0.274388097533339	0	0	2	0.2	0.471242043382367	0.149079722628215	0.179865438967138	0.779487657116647	0.599622218149509	0	0	3	0.1	0.23060589678678	0.0729347816232176	0.0871858541528385	0.381261880679351	0.294076026526512	0	0	3	0.2	0.513880982700522	0.162648429407939	0.197012342094595	0.845342790345879	0.648330448251284
575	0	0	0	0.1	0.289977124064208	0.0712104928895861	0.156174418336806	0.428297400635193	0.272122982298387	0	0	0	0.2	0.544451544395725	0.133207261195987	0.296360962379822	0.80798442517203	0.511623462792208	0	0	1	0.1	0.27700596622694	0.0685071967568226	0.148948939586831	0.412883723529672	0.263934783942841	0	0	1	0.2	0.592105479105933	0.146166998480377	0.317730512852422	0.885873160088395	0.568142647235973	0	0	2	0.1	0.297878897861345	0.0738439043905747	0.160421588465354	0.448777725414207	0.288356136948853	0	0	2	0.2	0.653780831544326	0.162277533938474	0.355878001354758	0.982538158915022	0.626660157560263	0	0	3	0.1	0.321942614416432	0.0799916268307413	0.172448751497345	0.487092783627709	0.314644032130364	0	0	3	0.2	0.712745229089576	0.177550965373327	0.380670129737428	1.08091160124398	0.700241471506555
528	0	0	0	0.1	0.204423477162415	0.0641279134159296	0.084156371941482	0.325799219473704	0.241642847532222	0	0	0	0.2	0.36879826680432	0.115214994296945	0.153253325206881	0.588417651288934	0.435164326082053	0	0	1	0.1	0.171692223755566	0.0542143252951576	0.0724375582245104	0.277887089543293	0.205449531318782	0	0	1	0.2	0.363219882104022	0.114384598300325	0.156382377291725	0.585662051247944	0.429279673956219	0	0	2	0.1	0.177306305339527	0.056086830627387	0.0777133113957857	0.285284767596279	0.207571456200493	0	0	2	0.2	0.386538176779802	0.122238328572884	0.170054000038547	0.624526577143381	0.454472577104834	0	0	3	0.1	0.187952297598409	0.0595502007362086	0.0822655578792198	0.305890578442969	0.223625020563749	0	0	3	0.2	0.413577461932139	0.131107055124076	0.180829451238091	0.673584672696874	0.492755221458783
571	0	0	0	0.1	0.183356465910322	0.0641888258757642	0.0669460959133479	0.316774066589051	0.249827970675703	0	0	0	0.2	0.346381855898844	0.120724115071909	0.124754984977904	0.599013571995634	0.47425858701773	0	0	1	0.1	0.175088055239965	0.0612876616357679	0.0638296742284911	0.306051808352141	0.24222213412365	0	0	1	0.2	0.377996883435433	0.132251335136059	0.137127956761244	0.658498399883053	0.52137044312181	0	0	2	0.1	0.190414952279639	0.0667407240530471	0.070057971612901	0.33369800801628	0.263640036403379	0	0	2	0.2	0.420636105416589	0.147577453291168	0.152304968336624	0.738525831858075	0.586220863521451	0	0	3	0.1	0.207235297916524	0.0727678753470428	0.0764209190579318	0.362253265983738	0.285832346925807	0	0	3	0.2	0.461058672424414	0.162143747105982	0.16581329971263	0.803723777246778	0.637910477534148
552	0	0	0	0.1	0.223738145524845	0.065833987906556	0.0984222485912555	0.359762871734611	0.261340623143356	0	0	0	0.2	0.408375094644235	0.11889719609139	0.180812490079379	0.65394799035149	0.473135500272111	0	0	1	0.1	0.194723276090671	0.0567432568578771	0.0860310449082732	0.308259214492685	0.222228169584412	0	0	1	0.2	0.413069888888519	0.11984513272516	0.185168696393869	0.657425661188351	0.472256964794482	0	0	2	0.1	0.203223909376714	0.0590459272668142	0.0909009094449319	0.323578096808366	0.232677187363434	0	0	2	0.2	0.443847514549905	0.128861281920624	0.200414783815722	0.704222659244045	0.503807875428323	0	0	3	0.1	0.216640011436513	0.0628783985668316	0.0972731788067723	0.343351308172851	0.246078129366078	0	0	3	0.2	0.477578186746913	0.138686664095109	0.214830971240034	0.756553458484647	0.541722487244613
490	0	0	0	0.1	0.0338002039886413	0.0672895489434443	-0.0951650146265153	0.160371274671341	0.255536289297856	0	0	0	0.2	0.0631862687054501	0.125916795936924	-0.17831433515149	0.303964935603032	0.482279270754522	0	0	1	0.1	0.0311357550631847	0.0621362625872868	-0.0864730233826469	0.15258472633712	0.239057749719767	0	0	1	0.2	0.0667688648426113	0.133260763919819	-0.188443310594476	0.326621792433453	0.515065103027929	0	0	2	0.1	0.0333462798859016	0.0664211124922676	-0.092952529920102	0.162413851126134	0.255366381046236	0	0	2	0.2	0.0733437265706642	0.146165219248073	-0.204535092172339	0.359141223900189	0.563676316072528	0	0	3	0.1	0.0359366155137125	0.0715630138713747	-0.0997747036932636	0.176696406016439	0.276471109709702	0	0	3	0.2	0.0798011909985634	0.158825278367516	-0.218802476935014	0.392121552799773	0.610924029734787
559	0	0	0	0.1	0.174624277903476	0.0744011258566106	0.0331922476800919	0.328817741794176	0.295625494114084	0	0	0	0.2	0.320435735444664	0.136422447187625	0.0607674613890325	0.604423660728385	0.543656199339352	0	0	1	0.1	0.1531776027022	0.06513820505475	0.0297348103841391	0.292273666636628	0.262538856252489	0	0	1	0.2	0.324029275490618	0.137763876789227	0.0625987704834006	0.618811369968317	0.556212599484916	0	0	2	0.1	0.158695489980981	0.0673946875181306	0.0309196255471907	0.301933037703193	0.271013412156002	0	0	2	0.2	0.34632250121373	0.147139881166099	0.0666330621827839	0.657622486031923	0.590989423849139	0	0	3	0.1	0.16834141348321	0.0714419346691592	0.0340732719685375	0.318293076821752	0.284219804853214	0	0	3	0.2	0.370890991466113	0.157644439440715	0.0720381648354471	0.702142293449978	0.630104128614531
625	0	0	0	0.1	0.151844982404843	0.0708329956619062	0.0204362385332958	0.290711350089955	0.270275111556659	0	0	0	0.2	0.287193558963527	0.134108906565019	0.0379784836866104	0.546648332452924	0.508669848766314	0	0	1	0.1	0.151441145541852	0.0709626253781131	0.0195830758165304	0.291298036144605	0.271714960328074	0	0	1	0.2	0.324158235289233	0.152178830950361	0.0430860155602438	0.624678562374114	0.58159254681387	0	0	2	0.1	0.165826803126026	0.077954183854571	0.0219452864735361	0.317315163502738	0.295369877029202	0	0	2	0.2	0.363981029635565	0.171550037229946	0.0483330471861616	0.704156863313599	0.655823816127437	0	0	3	0.1	0.18093894608361	0.0852949534404718	0.0247805163226507	0.347559878908502	0.322779362585852	0	0	3	0.2	0.400490482085496	0.189176544011866	0.0525000603284706	0.773382583779836	0.720882523451365
616	0	0	0	0.1	0.210511731245488	0.0632950353149931	0.0870487010792907	0.332604388812662	0.245555687733372	0	0	0	0.2	0.382029573327084	0.114427103443487	0.157107307609535	0.605401916402401	0.448294608792866	0	0	1	0.1	0.179627385133419	0.0544712486255424	0.0732539122938778	0.283310958769856	0.210057046475978	0	0	1	0.2	0.381202485132752	0.115283193166283	0.154644298458937	0.60396689404696	0.449322595588023	0	0	2	0.1	0.18695310527278	0.0568006939214877	0.0742658877473579	0.295950212732378	0.22168432498502	0	0	2	0.2	0.408254367372566	0.123985436815594	0.163619534993768	0.645932790451493	0.482313255457726	0	0	3	0.1	0.199036342158084	0.0605417509420578	0.0797343861955039	0.316869100798467	0.237134714602964	0	0	3	0.2	0.438522813874851	0.133412454527347	0.175823357688916	0.694864677435527	0.519041319746611
556	0	0	0	0.1	0.222266932820777	0.0642605384227404	0.0925403946446841	0.346104106600193	0.253563711955509	0	0	0	0.2	0.413199518974117	0.118533971321784	0.171899876693806	0.647145320686572	0.475245443992766	0	0	1	0.1	0.201458566258221	0.0581137112082867	0.0836781897388688	0.314697195853347	0.231019006114478	0	0	1	0.2	0.431480159327938	0.124208669039465	0.176586513993114	0.680010778336447	0.503424264343333	0	0	2	0.1	0.21412214272234	0.0618227194736721	0.0871859463769919	0.33749793600936	0.250311989632368	0	0	2	0.2	0.470617729784581	0.13599324931095	0.190082163478718	0.742097064183574	0.552014900704856	0	0	3	0.1	0.23022548275489	0.0666856284662495	0.0939903991221381	0.364437394073293	0.270446994951155	0	0	3	0.2	0.510142795458333	0.147959630001131	0.208033287873326	0.806666047681291	0.598632759807965
558	0	0	0	0.1	0.289629912471588	0.0714496591678889	0.152235813997744	0.440684557937634	0.28844874393989	0	0	0	0.2	0.54007500343448	0.132487548345212	0.284058913506461	0.816263340223179	0.532204426716718	0	0	1	0.1	0.256453523267093	0.0640935541209504	0.136854598166079	0.390991451138542	0.254136852972464	0	0	1	0.2	0.550875345026238	0.137289232087234	0.298074735262092	0.833824134773197	0.535749399511105	0	0	2	0.1	0.269791406007676	0.0677118123918845	0.146548002163268	0.408114840546143	0.261566838382875	0	0	2	0.2	0.59460975221242	0.149430295815439	0.320652384736142	0.903711235660704	0.583058850924562	0	0	3	0.1	0.288357530828708	0.0726505557772492	0.157354793098473	0.436653736330381	0.279298943231908	0	0	3	0.2	0.640542846815037	0.161849666622248	0.346123828331457	0.980033179109106	0.633909350777648
617	0	0	0	0.1	0.329283493271749	0.0734763554183298	0.18499362423428	0.476693444762627	0.291699820528348	0	0	0	0.2	0.593054152650106	0.132099318782775	0.339550455873101	0.85788687164888	0.51833641577578	0	0	1	0.1	0.272048075920534	0.0623110701065281	0.156008233282564	0.398459168867275	0.242450935584711	0	0	1	0.2	0.57215575248516	0.130582778545513	0.329826314516092	0.838527972571258	0.508701658055166	0	0	2	0.1	0.27513277604867	0.0634374181290023	0.156875779770221	0.405343818062337	0.248468038292117	0	0	2	0.2	0.598063347971695	0.13800322203155	0.340476034833945	0.883920336736147	0.543444301902202	0	0	3	0.1	0.288062896086642	0.0667129231693753	0.16334325386756	0.42820927335658	0.264866019489021	0	0	3	0.2	0.632938898630447	0.146992543874634	0.356625259652422	0.940200644874255	0.583575385221833
618	0	0	0	0.1	0.197908937136804	0.0614467176314531	0.0812709987235118	0.322951804250587	0.241680805527075	0	0	0	0.2	0.370833258653765	0.114339543588274	0.153465844676836	0.597319887195076	0.44385404251824	0	0	1	0.1	0.18950625515285	0.0584092000804909	0.0777664647775846	0.308047754923206	0.230281290145621	0	0	1	0.2	0.407136768534528	0.124971404766	0.169621799128363	0.662760101520167	0.493138302391804	0	0	2	0.1	0.206285200404868	0.0633166683552023	0.0855912902229643	0.338196351319448	0.252605061096484	0	0	2	0.2	0.453886434753871	0.139135342520058	0.190606445418078	0.741304025891572	0.550697580473494	0	0	3	0.1	0.224713380929273	0.0688122221840925	0.0940077771561006	0.368545600380565	0.274537823224464	0	0	3	0.2	0.498146971503155	0.152609475248563	0.209989702182961	0.819270628976034	0.609280926793073
637	0	0	0	0.1	0.113542638908525	0.0589160442018527	0.00758840876511401	0.230719224183583	0.223130815418469	0	0	0	0.2	0.212746575703178	0.110074330411789	0.0142755557250423	0.435635389085198	0.421359833360156	0	0	1	0.1	0.107823021565116	0.0558921328125126	0.00649809557683248	0.220085166355894	0.213587070779061	0	0	1	0.2	0.2318272308679	0.120163161252492	0.0149588371011796	0.473844086132667	0.458885249031487	0	0	2	0.1	0.117236302150661	0.0608381245627092	0.00849235033217203	0.239218163421408	0.230725813089236	0	0	2	0.2	0.258179847227235	0.134073197780445	0.0147162835864366	0.529311923455606	0.514595639869169	0	0	3	0.1	0.127675306066005	0.0663028839985344	0.00803857714151292	0.261162728784835	0.253124151643322	0	0	3	0.2	0.283145038033522	0.147199534415042	0.0200567745422704	0.582121258756726	0.562064484214456
619	0	0	0	0.1	0.115981543219669	0.0651299525697035	-0.00450598792645482	0.245243037534183	0.249749025460638	0	0	0	0.2	0.222676099523492	0.124497947787515	-0.00796881020631557	0.467285848541454	0.47525465874777	0	0	1	0.1	0.114380804949394	0.0637079397184042	-0.00348942886545182	0.247720411923651	0.251209840789103	0	0	1	0.2	0.248818296459085	0.138358669344727	-0.0076196414721989	0.540256059303406	0.547875700775605	0	0	2	0.1	0.125874037565354	0.0699229783835681	-0.00303450309757968	0.272075572664868	0.275110075762448	0	0	2	0.2	0.279554501854097	0.15523704642203	-0.00806623748819092	0.602090661015248	0.610156898503439	0	0	3	0.1	0.137795440797016	0.0764817312042877	-0.00424005076673792	0.297368020413723	0.301608071180461	0	0	3	0.2	0.308075818761756	0.170956142424537	-0.0107388847472913	0.662115758444773	0.672854643192065
597	0	0	0	0.1	0.121452019160001	0.0671385681504377	-0.00806268875108392	0.256849271419455	0.264911960170539	0	0	0	0.2	0.219478211317869	0.121432297993875	-0.0142200283597552	0.462634525207465	0.47685455356722	0	0	1	0.1	0.105725176318447	0.0586324176467029	-0.00771163959466977	0.227375772476864	0.235087412071534	0	0	1	0.2	0.222217392978923	0.123381173579659	-0.0159979318226805	0.478309070167867	0.494307001990548	0	0	2	0.1	0.109762804844013	0.0610328209790367	-0.00705923373649794	0.237742586415576	0.244801820152074	0	0	2	0.2	0.238254661523469	0.132673010257128	-0.0171510484858261	0.510476848486059	0.527627896971885	0	0	3	0.1	0.116634405549711	0.0649486667405593	-0.00806650497557537	0.25131030821727	0.259376813192846	0	0	3	0.2	0.255831921347969	0.142669821014769	-0.0173547979164794	0.549363114272074	0.566717912188553
643	0	0	0	0.1	0.120060065191074	0.0726929391166846	-0.0274178932560097	0.259707546794867	0.287125440050877	0	0	0	0.2	0.231076736011533	0.139772405470527	-0.0529270736666157	0.498797103177373	0.551724176843988	0	0	1	0.1	0.115000759047815	0.0698564059910189	-0.025856762743317	0.247553662633544	0.273410425376861	0	0	1	0.2	0.25022733332496	0.152076453611396	-0.056604307097458	0.545833309143957	0.602437616241415	0	0	2	0.1	0.124504259025021	0.0758083554808436	-0.027879626538951	0.274354530121295	0.302234156660246	0	0	2	0.2	0.276900388329753	0.168779604238332	-0.0623728940716477	0.61632520052507	0.678698094596718	0	0	3	0.1	0.135107654828311	0.0823632888716086	-0.0290595991987463	0.300054314369573	0.329113913568319	0	0	3	0.2	0.302367784808439	0.184638677596553	-0.0663157461952345	0.673981956956925	0.74029770315216
610	0	0	0	0.1	0.174761234007675	0.0759580825054303	0.0301703540332027	0.320030463004558	0.289860108971356	0	0	0	0.2	0.323381899528256	0.140498226938608	0.0573477141875805	0.589241261836907	0.531893547649327	0	0	1	0.1	0.154826382059868	0.0674033696733437	0.0272030629466259	0.282942511988822	0.255739449042196	0	0	1	0.2	0.329272318713951	0.143437349970803	0.0583041151631157	0.604775945355439	0.546471830192323	0	0	2	0.1	0.161377071721949	0.0703540477135975	0.0298112530170117	0.298989340714274	0.269178087697263	0	0	2	0.2	0.353383954563842	0.154266434517024	0.0638904582422866	0.655746120810245	0.591855662567958	0	0	3	0.1	0.171620067716295	0.0749428200162761	0.031162111084157	0.317424353010835	0.286262241926678	0	0	3	0.2	0.379305372742343	0.165830891083202	0.0695460565700822	0.700279339106597	0.630733282536515
526	0	0	0	0.1	0.293115985077606	0.0841487667098855	0.127623731204081	0.456705691232127	0.329081960028047	0	0	0	0.2	0.553662812202841	0.158621497409217	0.245512961409367	0.875142001983587	0.62962904057422	0	0	1	0.1	0.268996896304639	0.0783680701702995	0.118804451406985	0.432178433705478	0.313373982298493	0	0	1	0.2	0.577365721541695	0.1681602053837	0.256591926949307	0.922067820520167	0.66547589357086	0	0	2	0.1	0.283577044854737	0.0831761342442401	0.126554614379186	0.45734631150129	0.330791697122104	0	0	2	0.2	0.625153121833672	0.183667864929417	0.278786982747919	1.00752310562374	0.728736122875821	0	0	3	0.1	0.302921446490832	0.0892134605660858	0.133047384813433	0.489952737170034	0.356905352356601	0	0	3	0.2	0.673564873757939	0.198923737574666	0.294377359312852	1.08659869104814	0.792221331735287
578	0	0	0	0.1	0.343186509324766	0.0716606472636626	0.209249885974573	0.486951547576486	0.277701661601913	0	0	0	0.2	0.643147387242254	0.133255181120519	0.395114677062746	0.908476248573167	0.513361571510421	0	0	1	0.1	0.3128896263067	0.0663109614813803	0.185248196064067	0.45035438982843	0.265106193764363	0	0	1	0.2	0.670538378486163	0.141845740561315	0.401667415540745	0.960328436501686	0.558661020960941	0	0	2	0.1	0.330474997031698	0.0706044508296129	0.199227559966048	0.473223455589315	0.273995895623266	0	0	2	0.2	0.727319053074509	0.155684202653379	0.436635598681155	1.04442058736533	0.607784988684179	0	0	3	0.1	0.353663111645473	0.0759916632149774	0.211286537047917	0.509561467958894	0.298274930910977	0	0	3	0.2	0.785101846259772	0.169497279508348	0.467481141180633	1.13940774722394	0.671926606043306
605	0	0	0	0.1	0.179612958311503	0.0673252810669067	0.0507095061902805	0.313011665695895	0.262302159505614	0	0	0	0.2	0.339522493857782	0.126309527493408	0.0969993932836227	0.591483972076452	0.494484578792829	0	0	1	0.1	0.169074301303292	0.0631956000948088	0.0472794800895888	0.299110022110551	0.251830542020962	0	0	1	0.2	0.364632581659825	0.135805542971035	0.0999795880130823	0.642725605418689	0.542746017405607	0	0	2	0.1	0.182207002296397	0.0679948315025928	0.0483379758861651	0.319407464897323	0.271069489011158	0	0	2	0.2	0.402472258697331	0.149972478598914	0.107996977728214	0.702772139709089	0.594775161980875	0	0	3	0.1	0.197295391346403	0.0736590683762737	0.0525062461476348	0.343994925989941	0.291488679842306	0	0	3	0.2	0.439088570797223	0.163792768982047	0.116408742214806	0.762736877792469	0.646328135577663
594	0	0	0	0.1	0.245553392719148	0.0714955486670774	0.105048631258894	0.392921482786484	0.28787285152759	0	0	0	0.2	0.45814447053049	0.133554164060473	0.195112148436428	0.730958124499511	0.535845976063083	0	0	1	0.1	0.222116134116316	0.0662711944218103	0.0969279886973836	0.359533335184453	0.262605346487069	0	0	1	0.2	0.476077381648194	0.142359768208687	0.212006396440139	0.774711649636608	0.562705253196468	0	0	2	0.1	0.235202170165515	0.0709562923948261	0.104636984010043	0.387968998636703	0.28333201462666	0	0	2	0.2	0.5174300792851	0.156639384045653	0.229587457632759	0.855692820626772	0.626105362994013	0	0	3	0.1	0.252216025112111	0.0766008809724581	0.112258201914898	0.417332436722734	0.305074234807836	0	0	3	0.2	0.559470846461506	0.170643089695218	0.247778011061514	0.923914856466284	0.67613684540477
661	0	0	0	0.1	0.215473846666847	0.0654847350487885	0.0943364525111378	0.34734309228805	0.253006639776913	0	0	0	0.2	0.394374053601558	0.119144903821363	0.173538043860129	0.633910808885933	0.460372765025804	0	0	1	0.1	0.19405779423791	0.0594420598806489	0.0845506972135164	0.318942582015041	0.234391884801525	0	0	1	0.2	0.410696598418115	0.125505463535236	0.180952971366463	0.67035920901049	0.489406237644026	0	0	2	0.1	0.204685818494125	0.0629622441494579	0.0888265597074524	0.335831415076183	0.247004855368731	0	0	2	0.2	0.44612064669306	0.13730865349621	0.194330901201822	0.729885587159513	0.535554685957691	0	0	3	0.1	0.219137371035087	0.0676949161406756	0.0941620602463664	0.359567326469253	0.265405266222887	0	0	3	0.2	0.482254855526485	0.149136566253333	0.20790834636857	0.790280126477994	0.582371780109424
535	0	0	0	0.1	0.243706959222513	0.0639432787142669	0.122594154277164	0.374101635127026	0.251507480849862	0	0	0	0.2	0.435506583124681	0.113976942497259	0.219858721728311	0.670493544580474	0.450634822852163	0	0	1	0.1	0.211117344869843	0.0565811652436357	0.105306713992598	0.329686090417668	0.22437937642507	0	0	1	0.2	0.440786017592948	0.11778818654315	0.220593068251681	0.689108655191679	0.468515586939998	0	0	2	0.1	0.218261290290611	0.05893214175589	0.108494702425989	0.34466235564541	0.236167653219421	0	0	2	0.2	0.471305284320861	0.127320377215647	0.236545158492337	0.747861297029401	0.511316138537064	0	0	3	0.1	0.231437838332431	0.0629314078593349	0.115669241596295	0.369498024930827	0.253828783334532	0	0	3	0.2	0.505437953536074	0.137432682920508	0.254118469054439	0.798084898733397	0.543966429678959
483	0	0	0	0.1	0.1708277924934	0.0665255277270437	0.0424320025739013	0.298085903459754	0.255653900885852	0	0	0	0.2	0.312971496584482	0.121689632863774	0.0799533643681564	0.543494459978466	0.463541095610309	0	0	1	0.1	0.153935019220027	0.0599987478141072	0.0411818794105425	0.270733426310728	0.229551546900186	0	0	1	0.2	0.326555191139298	0.127275442601229	0.087226961091083	0.577787169302057	0.490560208210974	0	0	2	0.1	0.16305206122138	0.0636189407309301	0.0428560276448947	0.289371157409513	0.246515129764619	0	0	2	0.2	0.355875853257483	0.139065273577594	0.0935642278817591	0.629611072390469	0.53604684450871	0	0	3	0.1	0.175105878281427	0.0684915566020627	0.0462271098615878	0.313164307109627	0.266937197248039	0	0	3	0.2	0.385699383811788	0.151061568114825	0.102045034611558	0.684182339336586	0.582137304725028
648	0	0	0	0.1	0.155052945785875	0.0621473208582167	0.0339670609706096	0.284063070103425	0.250096009132815	0	0	0	0.2	0.291635331789693	0.116449434274795	0.0636192857939405	0.532590520189935	0.468971234395994	0	0	1	0.1	0.145328672854428	0.0581582466523817	0.0302584483124908	0.264934981296637	0.234676532984146	0	0	1	0.2	0.313364836672172	0.125418612698071	0.0636774911457136	0.570324122731131	0.506646631585417	0	0	2	0.1	0.157091599038697	0.0630296174969602	0.0315091722994162	0.286250410512431	0.254741238213015	0	0	2	0.2	0.346780436639684	0.139172865716081	0.0697559715391849	0.631041236229718	0.561285264690533	0	0	3	0.1	0.170468419114666	0.068506034335001	0.0342164638984149	0.310041824066986	0.275825360168571	0	0	3	0.2	0.379027546407336	0.15245198267759	0.0776633462644324	0.691392271344745	0.613728925080312
667	0	0	0	0.1	0.155950440162776	0.0655775531384166	0.0277084504620701	0.281907397670707	0.254198947208636	0	0	0	0.2	0.286677765074976	0.120314982841399	0.0513477237863353	0.524150593214371	0.472802869428036	0	0	1	0.1	0.137587541429001	0.058128408094228	0.0238054238030589	0.255290236739536	0.231484812936477	0	0	1	0.2	0.293113605096342	0.123695033594088	0.0511082500539966	0.542275191055054	0.491166941001057	0	0	2	0.1	0.144771578027942	0.0613064241658048	0.0257656544926756	0.269885801432461	0.244120146939785	0	0	2	0.2	0.317076589691754	0.134225982071927	0.0530663765488616	0.587300842315204	0.534234465766343	0	0	3	0.1	0.154914007652345	0.0657774878429878	0.0260899639587956	0.289430028126431	0.263340064167636	0	0	3	0.2	0.342305310954547	0.145356121577383	0.059804320135698	0.639867782165215	0.580063462029517
607	0	0	0	0.1	0.0962501181743846	0.070168732174532	-0.0419653641482579	0.229968663762217	0.271934027910474	0	0	0	0.2	0.181177950419128	0.131604179867524	-0.0793242540869437	0.430711925312195	0.510036179399139	0	0	1	0.1	0.0882697682181791	0.0640459888670552	-0.0380413754103607	0.207856017480174	0.245897392890534	0	0	1	0.2	0.189962497776147	0.137719595478967	-0.0823543350688331	0.44396260415015	0.526316939218983	0	0	2	0.1	0.0939905629458039	0.068122190492042	-0.0395938586915797	0.221915586580103	0.261509445271683	0	0	2	0.2	0.207507366927429	0.150484771912843	-0.0892130850688147	0.49037547566488	0.579588560733695	0	0	3	0.1	0.101152442802548	0.0734053471720928	-0.0421694483500659	0.238455224387537	0.280624672737602	0	0	3	0.2	0.224966322775005	0.163211802391079	-0.0943844919082254	0.530019368046135	0.624403859954361
549	0	0	0	0.1	0.215020136668114	0.0577769880330904	0.106904157871229	0.328483980103051	0.221579822231822	0	0	0	0.2	0.399543130982753	0.106352004437358	0.195759667486556	0.60786778770975	0.412108120223194	0	0	1	0.1	0.199509026859013	0.0537881301860314	0.0961762819844243	0.306485107584284	0.210308825599859	0	0	1	0.2	0.426960820731576	0.114568757940778	0.207762217485474	0.656977826563911	0.449215609078438	0	0	2	0.1	0.214366941130841	0.057895237946849	0.102980205854658	0.331446968415873	0.228466762561215	0	0	2	0.2	0.47057386116579	0.126921352176163	0.227404527229881	0.722800567356472	0.495396040126591	0	0	3	0.1	0.231946305394774	0.0627382056081234	0.111372069089978	0.357010247187319	0.245638178097341	0	0	3	0.2	0.513315908324683	0.138994753636818	0.249086476370409	0.79105649656881	0.541970020198401
645	0	0	0	0.1	0.146258636453177	0.0637979437489559	0.0241628136446349	0.269158798652466	0.244995985007831	0	0	0	0.2	0.269432105680298	0.117308779105262	0.0456634634831972	0.494163441123158	0.44849997763996	0	0	1	0.1	0.13039569083604	0.0568924441293375	0.0217488128307649	0.238728839158411	0.216980026327646	0	0	1	0.2	0.278021722319785	0.121280891119488	0.0469092878328624	0.506549782787104	0.459640494954242	0	0	2	0.1	0.137776623234239	0.0601223607873137	0.0245815119803021	0.252642947358366	0.228061435378064	0	0	2	0.2	0.301778168874141	0.131813722331269	0.0534113128934048	0.557329598467386	0.503918285573981	0	0	3	0.1	0.147696175053477	0.0644339183203426	0.0266662524992774	0.270317974289159	0.243651721789882	0	0	3	0.2	0.326252548870009	0.142592370551403	0.0572055423619295	0.602004595661638	0.544799053299709
538	0	0	0	0.1	0.143667149488665	0.0580073475249945	0.0245482758219581	0.254423241909114	0.229874966087156	0	0	0	0.2	0.263897897672205	0.106121041128386	0.0433401721262913	0.463206247819987	0.419866075693696	0	0	1	0.1	0.124176528981143	0.049769806180626	0.0199031546669825	0.218823231647728	0.198920076980745	0	0	1	0.2	0.265455142865002	0.106419442231269	0.0415070816392124	0.467571948098749	0.426064866459537	0	0	2	0.1	0.13029213416434	0.0522705229477369	0.0196258120794549	0.227811943840805	0.20818613176135	0	0	2	0.2	0.286109792113754	0.114922271944628	0.0431665306776097	0.500571164616678	0.457404633939069	0	0	3	0.1	0.139353066328271	0.0559741870349908	0.0206712374955316	0.244699858457135	0.224028620961603	0	0	3	0.2	0.308362291089358	0.124113532499516	0.0467884602701869	0.542494742067722	0.495706281797535
606	0	0	0	0.1	0.175133399535106	0.0685658639605633	0.0423574094281641	0.307789906746197	0.265432497318033	0	0	0	0.2	0.326364220258006	0.127754828864562	0.0801318432834893	0.576148130591286	0.496016287307797	0	0	1	0.1	0.160690709848202	0.0632993213520687	0.0384085957205631	0.281022176307451	0.242613580586888	0	0	1	0.2	0.343105887155792	0.135390594806119	0.082527751296312	0.60942854436169	0.526900793065378	0	0	2	0.1	0.170547279970426	0.0675455956768275	0.0411266062488047	0.301748687096396	0.260622080847591	0	0	2	0.2	0.37413072559307	0.148571232814849	0.0904862366748043	0.664893956569296	0.574407719894492	0	0	3	0.1	0.183091813096474	0.0728803008112864	0.0438353624945002	0.323224618424259	0.279389255929759	0	0	3	0.2	0.405241788957867	0.161658356157715	0.0964464284142414	0.715594098288726	0.619147669874485
662	0	0	0	0.1	0.14548314763405	0.063586767707665	0.0236469403225569	0.279193228599574	0.255546288277017	0	0	0	0.2	0.275037947862525	0.119526690445622	0.044986167029964	0.519811882590582	0.474825715560618	0	0	1	0.1	0.141671045018689	0.0614107084642417	0.0237626962508086	0.267368352619172	0.243605656368364	0	0	1	0.2	0.304387594454549	0.131669910323232	0.0522960032434929	0.567520422042211	0.515224418798718	0	0	2	0.1	0.154280666813537	0.0667881664836328	0.0262521771348819	0.283326752872701	0.257074575737819	0	0	2	0.2	0.339648216759504	0.146980519254954	0.058921573710679	0.622579288634714	0.563657714924035	0	0	3	0.1	0.167937384851877	0.0727349547067316	0.0291182227157018	0.310888108463913	0.281769885748211	0	0	3	0.2	0.372704064361966	0.161591025484387	0.0657931784164848	0.693537501954112	0.627744323537628
676	0	0	0	0.1	0.114838937532465	0.0599541160360534	-0.00336026881852467	0.226482375265418	0.229842644083943	0	0	0	0.2	0.211812405530971	0.11027027472489	-0.00690429707489688	0.419424430730795	0.426328727805692	0	0	1	0.1	0.101172062930025	0.0529504980333655	-0.00319222975375613	0.198519227465351	0.201711457219107	0	0	1	0.2	0.216994460920034	0.113529773302715	-0.00667450500920152	0.426809449577006	0.433483954586207	0	0	2	0.1	0.107426658694617	0.0564081403718759	-0.00281020532849477	0.213906935681396	0.216717141009891	0	0	2	0.2	0.236229794589732	0.124019826624387	-0.00714838892614568	0.468620323875947	0.475768712802093	0	0	3	0.1	0.115572026930914	0.0608183010724187	-0.00400847588748023	0.230368784021743	0.234377259909223	0	0	3	0.2	0.25597445957007	0.134738248993657	-0.00981175701720522	0.510875727080285	0.520687484097491
557	0	0	0	0.1	0.248251201058019	0.0663743655406079	0.126488730272634	0.381624867325891	0.255136137053257	0	0	0	0.2	0.458096211438494	0.12192975788402	0.234014602426027	0.706413399933391	0.472398797507364	0	0	1	0.1	0.216155787560311	0.0584675503138165	0.111344129715809	0.335140445371452	0.223796315655643	0	0	1	0.2	0.461226573608323	0.124656517203685	0.2366027934067	0.715432923381596	0.478830129974896	0	0	2	0.1	0.225240973429412	0.0612700978391373	0.115345284106161	0.349090860658759	0.233745576552599	0	0	2	0.2	0.494157659731671	0.13466488274291	0.253124728527374	0.766113733223837	0.512989004696463	0	0	3	0.1	0.239614459213426	0.0654819832456389	0.123394498598005	0.370725672112613	0.247331173514608	0	0	3	0.2	0.530334477571542	0.145272650661874	0.273074026493057	0.820602497708321	0.547528471215264
480	0	0	0	0.1	0.246555855412762	0.0602344921399866	0.133444644149902	0.360247806186715	0.226803162036813	0	0	0	0.2	0.461012921120851	0.112407269249364	0.25129320284263	0.673215069973922	0.421921867131292	0	0	1	0.1	0.242354034051761	0.0603848406696567	0.132384718698086	0.363422194926269	0.231037476228183	0	0	1	0.2	0.517407400469126	0.128878241635209	0.281702581243663	0.76950409448057	0.487801513236907	0	0	2	0.1	0.264950427401453	0.0665554810018996	0.145832247668874	0.397924958037263	0.252092710368389	0	0	2	0.2	0.580181565715641	0.145953543050492	0.314472228898682	0.87643410329939	0.561961874400709	0	0	3	0.1	0.289038585992622	0.0729618221656882	0.158190356209423	0.433460913477965	0.275270557268541	0	0	3	0.2	0.638322447341303	0.161680477019839	0.347713528027496	0.96782386260308	0.620110334575584
484	0	0	0	0.1	0.238116491075466	0.0674009204744388	0.117146249536182	0.381832870025867	0.264686620489685	0	0	0	0.2	0.443542316150107	0.124796819562024	0.218989947699007	0.702126300466191	0.483136352767184	0	0	1	0.1	0.213439099661196	0.0609224382075647	0.10383984893359	0.337997000621795	0.234157151688205	0	0	1	0.2	0.457547525539697	0.130224681054147	0.223809537425215	0.721130489414977	0.497320951989762	0	0	2	0.1	0.22541907989056	0.064514159817565	0.108635375128963	0.358067635093965	0.249432259965003	0	0	2	0.2	0.495966142306794	0.14204189000225	0.240742714354182	0.789714145357813	0.548971431003631	0	0	3	0.1	0.241463812028588	0.0692981809445377	0.116349414631875	0.385302396653696	0.268952982021822	0	0	3	0.2	0.535616975814382	0.153998459957333	0.256030507667867	0.859571660016739	0.603541152348872
669	0	0	0	0.1	0.224193212941812	0.0778799442325652	0.0671711679292578	0.377422807758094	0.310251639828836	0	0	0	0.2	0.417692888675498	0.144675875384671	0.126696553694711	0.699766832346108	0.573070278651397	0	0	1	0.1	0.198219422816431	0.0690440263208943	0.0612949736906062	0.336222631842267	0.274927658151661	0	0	1	0.2	0.423811329746042	0.147494704689669	0.131780248291247	0.725271654866393	0.593491406575146	0	0	2	0.1	0.206781302503033	0.0721217028976986	0.0653326659426998	0.350716152627397	0.285383486684697	0	0	2	0.2	0.454475687612327	0.158836131065703	0.143259366476959	0.765006438868303	0.621747072391344	0	0	3	0.1	0.219867272534826	0.0768314897402008	0.0689439091649467	0.371112082557001	0.302168173392054	0	0	3	0.2	0.487487379553526	0.170727794142509	0.153992883401076	0.825606128596323	0.671613245195247
525	0	0	0	0.1	0.259168130717347	0.0660697112795655	0.142520025128715	0.400121095857384	0.257601070728669	0	0	0	0.2	0.476104129235551	0.12109947753019	0.259034107881146	0.733802770964175	0.474768663083029	0	0	1	0.1	0.236832629940971	0.0614243886958873	0.128196627432511	0.363063333854844	0.234866706422333	0	0	1	0.2	0.501379704745189	0.129943641626999	0.271550688416355	0.765672315385224	0.494121626968869	0	0	2	0.1	0.250689240476762	0.0655532696353156	0.136564648599055	0.382780114333619	0.246215465734565	0	0	2	0.2	0.546461266812607	0.143029377800306	0.296436655893841	0.837691831101131	0.54125517520729	0	0	3	0.1	0.268873163662889	0.0706117716108661	0.145851967867762	0.414826899172486	0.268974931304723	0	0	3	0.2	0.591669310366171	0.155930765721033	0.320775364289422	0.912647492148394	0.591872127858972
482	0	0	0	0.1	0.219262848723399	0.0632168281563839	0.0993720315346964	0.342104382264981	0.242732350730285	0	0	0	0.2	0.401609009687244	0.116092598894169	0.183148903555	0.634551403412816	0.451402499857816	0	0	1	0.1	0.193220462974599	0.0569921348010356	0.0841113757392593	0.305715020389288	0.221603644650029	0	0	1	0.2	0.41053548283436	0.121264641401325	0.179432052097792	0.654261413732979	0.474829361635187	0	0	2	0.1	0.202828341033991	0.0604690599344973	0.0883965083229876	0.32443327629783	0.236036767974842	0	0	2	0.2	0.44339275457286	0.132541793172159	0.190672599004529	0.710648338448101	0.519975739443572	0	0	3	0.1	0.216746279285033	0.0649953027598366	0.0928974164727098	0.34556758423708	0.25267016776437	0	0	3	0.2	0.478022648807453	0.143945278517001	0.20508062098442	0.768564322451156	0.563483701466736
589	0	0	0	0.1	0.156502797809659	0.064390904801446	0.0286874705187018	0.275547489244692	0.246860018725991	0	0	0	0.2	0.285995032805309	0.117253024989319	0.0533410364937376	0.506253912846033	0.452912876352296	0	0	1	0.1	0.137316951743647	0.0564970216471871	0.0261560439252679	0.241451292742311	0.215295248817043	0	0	1	0.2	0.291304313482942	0.119694189899055	0.0556490656027864	0.511597490034316	0.45594842443153	0	0	2	0.1	0.143806008963994	0.0592186648926303	0.0280427303502883	0.254819544758902	0.226776814408614	0	0	2	0.2	0.314052233367591	0.129365252453492	0.0617656446794777	0.555747805072479	0.493982160393002	0	0	3	0.1	0.153493095181576	0.0632770656398417	0.0301585557945742	0.271140008784603	0.240981452990029	0	0	3	0.2	0.338372089055496	0.139675090603315	0.0648690392195572	0.594527986266357	0.529658947046799
649	0	0	0	0.1	0.248709430987485	0.0683687183880279	0.12351599267453	0.382002895871959	0.258486903197429	0	0	0	0.2	0.460414885053569	0.126150191982327	0.228173382469808	0.704158166061407	0.475984783591599	0	0	1	0.1	0.227948359454219	0.0628362597882061	0.112216838122901	0.352497551843501	0.240280713720601	0	0	1	0.2	0.484745873859734	0.133660320482971	0.23744954009019	0.751950327051871	0.514500786961681	0	0	2	0.1	0.241685897633926	0.0668822407124699	0.11887826035598	0.378399236276926	0.259520975920946	0	0	2	0.2	0.528669688043752	0.146660209646606	0.262431664880925	0.833615507700799	0.571183842819874	0	0	3	0.1	0.259424954273466	0.0720214899994725	0.129663214227409	0.408950840212927	0.279287625985518	0	0	3	0.2	0.57272878077847	0.159611366652175	0.285386677720407	0.90133685672187	0.615950179001463
539	0	0	0	0.1	0.0364327627198943	0.0680189251422669	-0.0987420239256043	0.167144164620189	0.265886188545793	0	0	0	0.2	0.069474140288458	0.130528164761478	-0.190943822234452	0.31714998336098	0.508093805595431	0	0	1	0.1	0.0358921730589005	0.0677711202302466	-0.0977448798421147	0.167560338889825	0.26530521873194	0	0	1	0.2	0.0775106139877084	0.146720919729917	-0.21133966624747	0.359244592801887	0.570584259049357	0	0	2	0.1	0.0392696567829835	0.0744311303528216	-0.105873680485095	0.185200470628418	0.291074151113514	0	0	2	0.2	0.0868928663474519	0.164827620096545	-0.233411189947003	0.411740214759475	0.645151404706478	0	0	3	0.1	0.0429702221471639	0.0813484572250346	-0.115468179475815	0.204442080226014	0.319910259701829	0	0	3	0.2	0.0955644442373937	0.181616390613268	-0.257844498916227	0.456233494253915	0.714077993170142
598	0	0	0	0.1	0.151077067522384	0.0645495380570389	0.0252904609739178	0.283349795474607	0.25805933450069	0	0	0	0.2	0.279491213647152	0.118713722806742	0.0480190483603885	0.51950237350452	0.471483325144131	0	0	1	0.1	0.132867715374556	0.0562723933545122	0.0218717606523511	0.243380754678645	0.221508994026294	0	0	1	0.2	0.284524451997481	0.120274287296758	0.0471863901007052	0.521395645027601	0.474209254926896	0	0	2	0.1	0.139920479628333	0.0590974159567425	0.0233266697513004	0.254683281589045	0.231356611837744	0	0	2	0.2	0.307650048194467	0.129859205833327	0.0519494100273043	0.558704425582099	0.506755015554795	0	0	3	0.1	0.149848992396425	0.0632215742752807	0.0239722161521314	0.270683424803	0.246711208650868	0	0	3	0.2	0.332006619407396	0.140083800036039	0.0541714709871252	0.602768964284844	0.548597493297719
644	0	0	0	0.1	0.242288356929569	0.0644286546683588	0.118400988037922	0.363981363451243	0.245580375413321	0	0	0	0.2	0.440236604980669	0.116245789338923	0.216541544318412	0.664734448113706	0.448192903795294	0	0	1	0.1	0.218088276443214	0.0587803674269139	0.102291542397027	0.341443797567645	0.239152255170618	0	0	1	0.2	0.459810034075957	0.123404621557638	0.217033289805932	0.714633122668487	0.497599832862555	0	0	2	0.1	0.229990628552415	0.0622139334491143	0.108420131512642	0.358002635039779	0.249582503527137	0	0	2	0.2	0.499765491410206	0.134917218088715	0.23752125096983	0.777481858978595	0.539960608008765	0	0	3	0.1	0.24634257227784	0.0668128735721976	0.117312517738855	0.382518277756684	0.265205760017829	0	0	3	0.2	0.540704883039165	0.146422560458202	0.256181935345222	0.83929255217234	0.583110616827119
524	0	0	0	0.1	0.279097542228795	0.0645769589655768	0.154555471848982	0.409733639807244	0.255178167958262	0	0	0	0.2	0.50782390039206	0.116527032538229	0.278778831511528	0.75375857344514	0.474979741933612	0	0	1	0.1	0.243521297165335	0.0566554348128855	0.134685730182372	0.364124745841438	0.229439015659066	0	0	1	0.2	0.515008699694508	0.119370723598469	0.285572467023478	0.769096149848672	0.483523682825194	0	0	2	0.1	0.253676564458174	0.0591825454949013	0.139679577893778	0.37714436672205	0.237464788828272	0	0	2	0.2	0.552889988564958	0.129093949521588	0.304587535839008	0.817017363683622	0.512429827844613	0	0	3	0.1	0.270047332979557	0.0632860395667608	0.147174388174607	0.403358435208485	0.256184047033878	0	0	3	0.2	0.594305980654646	0.139732846848746	0.325738119472928	0.884273732874553	0.558535613401625
560	0	0	0	0.1	0.212862838945963	0.0637521524611047	0.0974455654869157	0.342925805670196	0.24548024018328	0	0	0	0.2	0.381277665726142	0.113968314714916	0.175911373102149	0.61486458771207	0.438953214609921	0	0	1	0.1	0.184099510779202	0.0553102896209814	0.0845586776604992	0.29818838967499	0.213629712014491	0	0	1	0.2	0.385742907777367	0.115811070168248	0.176913205170556	0.623647251368025	0.446734046197469	0	0	2	0.1	0.191056265822105	0.0575511846945463	0.0871222304940672	0.308169666962784	0.221047436468716	0	0	2	0.2	0.413478127049344	0.124678122490234	0.186674271058534	0.664067045263142	0.477392774204608	0	0	3	0.1	0.203107899488775	0.0613654439807169	0.0927558709155363	0.3261596904478	0.233403819532264	0	0	3	0.2	0.44429459775169	0.134357465850551	0.205190293859279	0.708243586984429	0.50305329312515
602	0	0	0	0.1	0.18026178485037	0.0705483985952385	0.0455338926570373	0.324866054439403	0.279332161782366	0	0	0	0.2	0.34754995254331	0.135665898264208	0.087813772010685	0.623935486452857	0.536121714442172	0	0	1	0.1	0.176518361710809	0.0693951086927504	0.04478158775328	0.318340264905457	0.273558677152177	0	0	1	0.2	0.384013876247004	0.150827941481656	0.0976354622868888	0.688112725076177	0.590477262789288	0	0	2	0.1	0.192635695437018	0.0758508224201054	0.0495758027845857	0.347548844337084	0.297973041552498	0	0	2	0.2	0.428252665917204	0.168637204671856	0.108414816719256	0.773549939446181	0.665135122726925	0	0	3	0.1	0.20976080594152	0.0826830922741066	0.0535162037664045	0.378670161918386	0.325153958151982	0	0	3	0.2	0.469549987766559	0.185200743693053	0.120753174286169	0.853834907647995	0.733081733361826
647	0	0	0	0.1	0.163903360763842	0.0620872380019503	0.0403555701059815	0.277213322251515	0.236857752145533	0	0	0	0.2	0.309062296536538	0.116329325663508	0.0764226686834518	0.520545724564259	0.444123055880807	0	0	1	0.1	0.165191960197883	0.0621441254246567	0.0399986283082308	0.279921027224795	0.239922398916564	0	0	1	0.2	0.354518196541207	0.133177377341203	0.0895829394283818	0.60358975699668	0.514006817568298	0	0	2	0.1	0.183057856275863	0.0688340127525137	0.0474356602451228	0.312182548935022	0.264746888689899	0	0	2	0.2	0.402226490391098	0.151206043470095	0.10542187182931	0.690180677492093	0.584758805662782	0	0	3	0.1	0.201096314498562	0.0757017851672936	0.0526304846415996	0.342651544545272	0.290021059903672	0	0	3	0.2	0.445293391664396	0.167699691421614	0.117482405790042	0.760081019332806	0.642598613542764
590	0	0	0	0.1	0.0215040904281622	0.0625944505939795	-0.105581855955878	0.13872673739451	0.244308593350388	0	0	0	0.2	0.040208638254647	0.117246707145522	-0.200109344791877	0.258225892684268	0.458335237476145	0	0	1	0.1	0.0204900569090714	0.0600750002987952	-0.109169580350498	0.136111756105248	0.245281336455746	0	0	1	0.2	0.0437792202828643	0.128404476138837	-0.231996057004604	0.293602266413083	0.525598323417688	0	0	2	0.1	0.0221533713454955	0.0650341349942866	-0.118581686649427	0.147876845773821	0.266458532423247	0	0	2	0.2	0.0486321504333465	0.142776378559843	-0.258149761909038	0.321366813224811	0.579516575133849	0	0	3	0.1	0.0240409699762963	0.0706452950569432	-0.127204473336334	0.158887841402555	0.286092314738889	0	0	3	0.2	0.053158821646144	0.156430772249769	-0.284939462556153	0.347734950662339	0.632674413218491
624	0	0	0	0.1	0.113885894887286	0.0689864868135567	-0.0210450998795776	0.251888997918821	0.272934097798398	0	0	0	0.2	0.205620568846044	0.124584386746853	-0.0396468380391911	0.449877748427437	0.489524586466629	0	0	1	0.1	0.0988774572655477	0.0602811755685925	-0.0189090491489249	0.219803969174572	0.238713018323497	0	0	1	0.2	0.207215726129813	0.126360065032229	-0.0382501942662543	0.46115331407568	0.499403508341934	0	0	2	0.1	0.101966624691898	0.0624190061788742	-0.0184341378671632	0.229205349916508	0.247639487783671	0	0	2	0.2	0.221042607851349	0.135305365308244	-0.0418922862302207	0.491973927004228	0.533866213234448	0	0	3	0.1	0.107990742353293	0.0662197822664132	-0.0201035395094999	0.241596419372868	0.261699958882368	0	0	3	0.2	0.236551815184485	0.145188949198681	-0.044629030172569	0.526014565503769	0.570643595676338
654	0	0	0	0.1	0.0806363762066263	0.0590231264689373	-0.041036888035867	0.199468578918647	0.240505466954514	0	0	0	0.2	0.152011261698989	0.111082549297973	-0.0782090169930892	0.36788435952719	0.446093376520279	0	0	1	0.1	0.0771494777448502	0.0561723878739248	-0.0397132468280536	0.181736900535008	0.221450147363061	0	0	1	0.2	0.16676947715395	0.121483143764413	-0.0864160105886351	0.393524209763347	0.479940220351982	0	0	2	0.1	0.0844360301578602	0.0614891536421825	-0.0431834579356486	0.198615698678732	0.241799156614381	0	0	2	0.2	0.186623003162687	0.13596535986898	-0.0963488955076158	0.449526076394436	0.545874971902052	0	0	3	0.1	0.0923209814095477	0.0672206000698814	-0.0484388885222965	0.221774467701128	0.270213356223425	0	0	3	0.2	0.20530881159272	0.14980158240192	-0.105628409680661	0.496202731119031	0.601831140799693
695	0	0	0	0.1	0.294248562825748	0.0656083711100084	0.170257456916176	0.421048524015841	0.250791067099664	0	0	0	0.2	0.515774085957066	0.114354191177784	0.29537331929377	0.735662405115203	0.440289085821433	0	0	1	0.1	0.224486918458318	0.0511406434589114	0.127137262650883	0.32178214631373	0.194644883662847	0	0	1	0.2	0.466360094183336	0.105724853428909	0.265882182004849	0.666482297533149	0.4006001155283	0	0	2	0.1	0.218227325604863	0.0501606427107653	0.12417089200657	0.315337065626139	0.191166173619569	0	0	2	0.2	0.471061563970232	0.108253442648877	0.268259325886641	0.681159807173261	0.41290048128662	0	0	3	0.1	0.224162167465184	0.0518671725284355	0.127438687618158	0.325136686885637	0.197697999267479	0	0	3	0.2	0.489506725234233	0.113525968918679	0.277908939175768	0.703945653138456	0.426036713962688
623	0	0	0	0.1	0.0926697365360414	0.0613904797219762	-0.0283906813821162	0.211765499684944	0.24015618106706	0	0	0	0.2	0.171622430844056	0.113526800996142	-0.0547157706192431	0.394233749393251	0.448949520012494	0	0	1	0.1	0.0865495784305629	0.0574536760080062	-0.0280093377817006	0.19618263800572	0.224191975787421	0	0	1	0.2	0.184467634504723	0.122389290537865	-0.0601845677394332	0.416909597432347	0.47709416517178	0	0	2	0.1	0.0930618222702666	0.0619366209304996	-0.0300733656457652	0.209579412595825	0.23965277824159	0	0	2	0.2	0.203687610077917	0.135564001204336	-0.0672651211559092	0.458449652705896	0.525714773861805	0	0	3	0.1	0.100704240128031	0.0671207628917627	-0.0339003036911441	0.226885052268053	0.260785355959197	0	0	3	0.2	0.222395267990662	0.148266068477853	-0.0767421414375417	0.502860004932131	0.579602146369673
692	0	0	0	0.1	0.215459750949946	0.0635530080186724	0.0955020466560329	0.339707467504826	0.244205420848793	0	0	0	0.2	0.398316017870811	0.117591286737264	0.179528053721255	0.630552796156321	0.451024742435066	0	0	1	0.1	0.19268278534134	0.058013934934106	0.0881639830182235	0.309474831202775	0.221310848184552	0	0	1	0.2	0.412597558597572	0.124407611175218	0.188610364712918	0.659534630545556	0.470924265832638	0	0	2	0.1	0.204773571742805	0.0623125693485083	0.0930991001614832	0.330809985358914	0.237710885197431	0	0	2	0.2	0.44988756104878	0.137269714953695	0.205341919263386	0.726699119038742	0.521357199775355	0	0	3	0.1	0.220277232950951	0.0675585092235168	0.100517485584686	0.356999610765955	0.256482125181269	0	0	3	0.2	0.487889145869361	0.150017319317075	0.22330366952787	0.793894826176967	0.570591156649097
516	0	0	0	0.1	0.201127430567262	0.0626042918672166	0.0739378901181952	0.324309889077596	0.250371998959401	0	0	0	0.2	0.369131451658573	0.114576249492616	0.134917031031767	0.597351161228908	0.46243413019714	0	0	1	0.1	0.177344401123657	0.0550054177007887	0.0659896531167841	0.28183299621813	0.215843343101345	0	0	1	0.2	0.377802815414446	0.117178163464162	0.140098680744983	0.59965979846856	0.459561117723577	0	0	2	0.1	0.186698487677008	0.0579964347219728	0.069663571752702	0.296011756885188	0.226348185132486	0	0	2	0.2	0.408723645583916	0.12726721823798	0.150926509828248	0.652446905964031	0.501520396135783	0	0	3	0.1	0.199756552134521	0.062295051283236	0.0733152294650956	0.320784485413857	0.247469255948762	0	0	3	0.2	0.441024779459986	0.137783357773412	0.161126243470819	0.711001907001988	0.549875663531169
689	0	0	0	0.1	0.155403160933553	0.0697200491066645	0.0177054329781554	0.296791564087873	0.279086131109718	0	0	0	0.2	0.292282670974385	0.130756618171007	0.0337916697409069	0.555946540581746	0.522154870840839	0	0	1	0.1	0.147607771552833	0.0661358482766187	0.0182271699932694	0.28359324555817	0.265366075564901	0	0	1	0.2	0.316402619550497	0.141647174494034	0.0381569981377655	0.605806695422074	0.567649697284308	0	0	2	0.1	0.15902509281527	0.0713327989080783	0.0192727611533025	0.305252948473375	0.285980187320073	0	0	2	0.2	0.349712802762007	0.156822152487904	0.0436142675537803	0.673171114652739	0.629556847098959	0	0	3	0.1	0.17211476458706	0.0772226693395861	0.0206737298787876	0.330087067141465	0.309413337262678	0	0	3	0.2	0.381597013141111	0.171358256000051	0.0482260418498375	0.73360085851504	0.685374816665202
663	0	0	0	0.1	0.060761528245416	0.0594875992428516	-0.0608190073364012	0.177104592688101	0.237923600024502	0	0	0	0.2	0.118640199525521	0.116343323392264	-0.120146449202367	0.339289333587798	0.459435782790165	0	0	1	0.1	0.0625996992858789	0.0614734516655704	-0.0651940619292831	0.17957830611572	0.244772368045003	0	0	1	0.2	0.137342192005617	0.135131771545865	-0.143511432472225	0.382482033979131	0.525993466451356	0	0	2	0.1	0.0700424376366289	0.068944084120337	-0.0718989509001684	0.200592064139446	0.272491015039615	0	0	2	0.2	0.156643143347611	0.154366291926353	-0.160471998354701	0.447995705590281	0.608467703944982	0	0	3	0.1	0.0774646489444425	0.076362537860279	-0.0804042330936371	0.220447188780502	0.300851421874139	0	0	3	0.2	0.173919700700523	0.171753229470888	-0.179857936829401	0.493648443529248	0.673506380358649
536	0	0	0	0.1	0.19835402519927	0.0689457639897236	0.0631445344003574	0.336223955959795	0.273079421559438	0	0	0	0.2	0.367250789709373	0.127168027425146	0.117548398625929	0.627542968757697	0.509994570131768	0	0	1	0.1	0.177170124029178	0.0616160576437719	0.0554288901852688	0.304144346717927	0.248715456532659	0	0	1	0.2	0.377297808350491	0.131200088056956	0.117779187569587	0.648061531201147	0.53028234363156	0	0	2	0.1	0.185772942922736	0.0647299913432544	0.057447569413793	0.319501010804388	0.262053441390595	0	0	2	0.2	0.40709607790947	0.142076980357389	0.127428483971718	0.701542633729738	0.574114149758019	0	0	3	0.1	0.198243127845088	0.0692197121635967	0.0611575802841321	0.342694060843182	0.28153648055905	0	0	3	0.2	0.438262873353967	0.153437350137394	0.135087958855801	0.754694519106166	0.619606560250366
686	0	0	0	0.1	0.136011188374555	0.0666997704033194	0.00943844599895119	0.264082489233261	0.25464404323431	0	0	0	0.2	0.254711701762238	0.124683000599652	0.0180092250815815	0.493013785925482	0.475004560843901	0	0	1	0.1	0.12403218658226	0.0605512675361189	0.00958677972685544	0.235250246918669	0.225663467191814	0	0	1	0.2	0.266489202333682	0.13014880982655	0.0201904609691703	0.512306856571526	0.492116395602356	0	0	2	0.1	0.132032600099799	0.0644316880892072	0.0103683762662481	0.254231583204934	0.243863206938686	0	0	2	0.2	0.290886640614868	0.14204696374285	0.021857160178022	0.56303953789162	0.541182377713598	0	0	3	0.1	0.141961007611495	0.0693296670218476	0.0122073718013276	0.274252626953056	0.262045255151729	0	0	3	0.2	0.315278873537701	0.154146865044478	0.026860494637063	0.612468508465649	0.585608013828586
521	0	0	0	0.1	0.123595835510781	0.0624235507083021	0.0107503461097566	0.250699352133048	0.239949006023292	0	0	0	0.2	0.229059874336984	0.115868638937318	0.0201507551262955	0.464265310935108	0.444114555808812	0	0	1	0.1	0.109960260158753	0.0559087502502955	0.00980297838304648	0.225742690480213	0.215939712097167	0	0	1	0.2	0.235437487896559	0.119850197563489	0.020727871255216	0.484162669848096	0.46343479859288	0	0	2	0.1	0.116264476690418	0.0593381971559314	0.0100996292207081	0.242429990052389	0.232330360831681	0	0	2	0.2	0.255479468263418	0.130597478677121	0.0226470442726701	0.526791638518836	0.504144594246166	0	0	3	0.1	0.12468634403929	0.0637872669494488	0.0103466088004422	0.25887454828443	0.248527939483988	0	0	3	0.2	0.276251789765493	0.141629979993554	0.0246142946344978	0.572926625873917	0.548312331239419
514	0	0	0	0.1	0.192872135811895	0.0657936260116066	0.0643227999647505	0.318422684819916	0.254099884855165	0	0	0	0.2	0.352790344717392	0.120431431715637	0.121073964786607	0.582677364313003	0.461603399526396	0	0	1	0.1	0.16958877924272	0.0583124691425007	0.057551263933076	0.279912850084359	0.222361586151283	0	0	1	0.2	0.359984164841998	0.124020840568166	0.123790239155365	0.596896876524594	0.473106637369229	0	0	2	0.1	0.177891659803439	0.06156467216936	0.0610434984230437	0.295670191336705	0.234626692913662	0	0	2	0.2	0.388612674131992	0.134840585865024	0.133774184993973	0.644006967229053	0.51023278223508	0	0	3	0.1	0.190020233800541	0.0660677115546003	0.0652670059194809	0.316617340874455	0.251350334954974	0	0	3	0.2	0.419006571094199	0.146053270033942	0.143695091206609	0.699213433220332	0.555518342013723
674	0	0	0	0.1	0.12330273160509	0.0597507493893555	0.00986779295883596	0.248125472327445	0.238257679368609	0	0	0	0.2	0.235240182863426	0.113828788172574	0.0186636651595238	0.470815656743945	0.452151991584421	0	0	1	0.1	0.121467708253866	0.0587233523865753	0.00992352865961949	0.237971291112725	0.228047762453105	0	0	1	0.2	0.263351428320998	0.12738006174448	0.0212509737484764	0.520184069907794	0.498933096159317	0	0	2	0.1	0.133787267473076	0.0646688975715096	0.0115072173006822	0.265185055209171	0.253677837908489	0	0	2	0.2	0.296232042221176	0.143379706129978	0.026454852811051	0.584776073145198	0.558321220334147	0	0	3	0.1	0.146510797494238	0.0708901062443178	0.0123889205225737	0.289365708970282	0.276976788447708	0	0	3	0.2	0.326597177453634	0.158396481044104	0.0284206956596106	0.643376234081019	0.614955538421408
713	0	0	0	0.1	0.15022489758979	0.0602909547991	0.0334703504782926	0.261760808149664	0.228290457671371	0	0	0	0.2	0.277694717582354	0.110831627997443	0.0615572504265005	0.479882125060284	0.418324874633783	0	0	1	0.1	0.132950468152932	0.0529952998943491	0.0280913868999908	0.232391322706899	0.204299935806908	0	0	1	0.2	0.284985123836075	0.113467301039006	0.0592724785323154	0.504640054268173	0.445367575735857	0	0	2	0.1	0.140861718456096	0.0561046102384104	0.0301549798489156	0.25235200994591	0.222197030096994	0	0	2	0.2	0.309707337721991	0.123434174871952	0.0655865300147436	0.556530394466686	0.490943864451942	0	0	3	0.1	0.151348660885847	0.0603839795364494	0.0328765777141381	0.272618850942706	0.239742273228568	0	0	3	0.2	0.335394956093529	0.133800025932701	0.0715730269722687	0.60837945812845	0.536806431156181
671	0	0	0	0.1	0.0530121814648273	0.0622312183336278	-0.068545454464197	0.173900299171739	0.242445753635936	0	0	0	0.2	0.0997273039518625	0.116938348616602	-0.130798992302509	0.323363885885977	0.454162878188486	0	0	1	0.1	0.0486091412614706	0.0571764986201173	-0.0682062666680065	0.157420077741102	0.225626344409109	0	0	1	0.2	0.105085650588591	0.123544085363793	-0.146359390015594	0.341046472253189	0.487405862268783	0	0	2	0.1	0.0522657494694506	0.0614814381237298	-0.0727821015335078	0.169900682553538	0.242682784087046	0	0	2	0.2	0.115593551053644	0.136046704124644	-0.162135053320203	0.378070643470295	0.540205696790497	0	0	3	0.1	0.0565512338611278	0.0666734745676796	-0.0795310293236813	0.184702532237094	0.264233561560775	0	0	3	0.2	0.125990782685059	0.148328587401928	-0.173445997064726	0.40867822640082	0.582124223465546
675	0	0	0	0.1	0.290088426314251	0.0679369951968685	0.160475510398326	0.430266288143955	0.269790777745628	0	0	0	0.2	0.530459638482767	0.12310951604703	0.29623136839802	0.788227731910119	0.491996363512099	0	0	1	0.1	0.251481940632917	0.0593351018209058	0.137606616652231	0.376571898209408	0.238965281557177	0	0	1	0.2	0.534208713097323	0.125606750957093	0.289640318726363	0.797263795072762	0.507623476346399	0	0	2	0.1	0.261888670589537	0.0621014389283135	0.143506949574491	0.392681003418317	0.249174053843825	0	0	2	0.2	0.57266941444955	0.13590710580811	0.318562111036031	0.855720218853327	0.537158107817296	0	0	3	0.1	0.278612756189708	0.0663202309272398	0.153506765464592	0.416859811070159	0.263353045605567	0	0	3	0.2	0.614710993529565	0.146825695754571	0.331509165104848	0.921679882509654	0.590170717404806
733	0	0	0	0.1	0.102934713398764	0.0688910232312462	-0.0305585855059743	0.237731007184165	0.26828959269014	0	0	0	0.2	0.190602400012629	0.127376367063282	-0.0557250652471152	0.441865140853863	0.497590206100978	0	0	1	0.1	0.0921174773207454	0.0616707266215939	-0.0266949613819007	0.213264679557753	0.239959640939654	0	0	1	0.2	0.195973407695209	0.131188414765691	-0.0562938451807013	0.449786467365473	0.506080312546175	0	0	2	0.1	0.0965608893903869	0.0647236595767653	-0.0282610860348607	0.221908188904866	0.250169274939727	0	0	2	0.2	0.211379970566207	0.141763532343302	-0.0611142912835364	0.48657915583006	0.547693447113596	0	0	3	0.1	0.103012333007721	0.0691461495095908	-0.0283764075466305	0.236344188888268	0.264720596434898	0	0	3	0.2	0.22759413455402	0.15286584986093	-0.065159785205424	0.5251678158014	0.590327601006824
712	0	0	0	0.1	0.0564234624666409	0.0575596407070974	-0.0553246420507364	0.168953773371477	0.224278415422214	0	0	0	0.2	0.103383868752128	0.10565536900248	-0.100764130822479	0.309722016788679	0.410486147611157	0	0	1	0.1	0.0512482946745551	0.0524383322768356	-0.0538766086581326	0.153024278022538	0.206900886680671	0	0	1	0.2	0.108861641114092	0.111488968262677	-0.113391148350424	0.328575485811326	0.44196663416175	0	0	2	0.1	0.0546572389015671	0.0560142315353156	-0.056548853052643	0.163803734651374	0.220352587704017	0	0	2	0.2	0.11937003930304	0.12240590890284	-0.12189943494765	0.358676105221465	0.480575540169114	0	0	3	0.1	0.0589576657154254	0.0604328836337899	-0.0601153982448412	0.176386298050799	0.23650169629564	0	0	3	0.2	0.129819305752981	0.133325661321263	-0.131089642056982	0.38426927847457	0.515358920531552
698	0	0	0	0.1	0.222433960827335	0.0837315637950513	0.0504372527709354	0.387294740708715	0.336857487937779	0	0	0	0.2	0.422110006751016	0.158205608679119	0.0967451818181313	0.733370260414691	0.63662507859656	0	0	1	0.1	0.208814705505032	0.0782279898493148	0.0475562446219181	0.364490168415201	0.316933923793283	0	0	1	0.2	0.447840143856849	0.167578072815229	0.104010052252672	0.785800782627403	0.681790730374731	0	0	2	0.1	0.221626296435058	0.0830453075847013	0.0514178906909631	0.387392341894348	0.335974451203385	0	0	2	0.2	0.488261864267614	0.182869893207121	0.114337959004241	0.861010454548957	0.746672495544716	0	0	3	0.1	0.237498463392083	0.0888732816234264	0.0564750124720351	0.416014779887781	0.359539767415746	0	0	3	0.2	0.527873459993778	0.197859601607325	0.125457755315211	0.928291806362495	0.802834051047283
748	0	0	0	0.1	0.38582158315158	0.0782626360028045	0.237603481796682	0.538901586766922	0.30129810497024	0	0	0	0.2	0.717625204591506	0.143675304364448	0.444040139628974	1.02514284544599	0.581102705817015	0	0	1	0.1	0.34793019969521	0.071741125341968	0.210808474599486	0.498554871987192	0.287746397387706	0	0	1	0.2	0.741672756667451	0.151857153424966	0.447804406243326	1.06259722997467	0.614792823731344	0	0	2	0.1	0.364798269386703	0.0756295435030559	0.220678584858755	0.5229189744467	0.302240389587945	0	0	2	0.2	0.800044358129563	0.165751353662509	0.4833794011675	1.14539959573468	0.662020194567179	0	0	3	0.1	0.388911908787783	0.0810570135988418	0.235006487029531	0.557527936575322	0.322521449545792	0	0	3	0.2	0.860908388945439	0.179827899717385	0.519436915477263	1.23431457028479	0.714877654807526
673	0	0	0	0.1	0.248476694594659	0.0697494870759255	0.113192907331264	0.383281180353886	0.270088273022622	0	0	0	0.2	0.456086038030872	0.126809150902304	0.207844081455356	0.708399348748794	0.500555267293438	0	0	1	0.1	0.214283249482736	0.0600246035031959	0.0985228473231187	0.334839277425336	0.236316430102218	0	0	1	0.2	0.456905755225692	0.127207651301702	0.210793440518207	0.709781333843146	0.498987893324939	0	0	2	0.1	0.223276523477115	0.0622981942507332	0.105387687915305	0.343865156524807	0.238477468609501	0	0	2	0.2	0.489452825179821	0.136260646558498	0.232895169145126	0.749013779104254	0.516118609959127	0	0	3	0.1	0.237618944389651	0.0661802296039012	0.113609303755053	0.37008340140326	0.256474097648207	0	0	3	0.2	0.525347910968229	0.146398301334297	0.252623003033052	0.819459721461499	0.566836718428447
609	0	0	0	0.1	0.302872226378031	0.0695319439887472	0.170013228979269	0.445046976972921	0.275033747993652	0	0	0	0.2	0.555916517301104	0.127121544755225	0.31573484866059	0.809485092473687	0.493750243813097	0	0	1	0.1	0.263259850227974	0.0617262970012469	0.147618316848252	0.388775099595077	0.241156782746825	0	0	1	0.2	0.559831515176947	0.13112863772253	0.315573778324207	0.825690947078379	0.510117168754172	0	0	2	0.1	0.273836716698877	0.0648874769007612	0.153421574249124	0.406566493417903	0.253144919168779	0	0	2	0.2	0.599451178001987	0.14244599130217	0.335538818315889	0.888303121710341	0.552764303394452	0	0	3	0.1	0.291166954453345	0.0696192974438449	0.162583854446307	0.43340019262071	0.270816338174403	0	0	3	0.2	0.64315698656048	0.15433960510447	0.359300822287079	0.955221231637496	0.595920409350418
687	0	0	0	0.1	0.251750391228674	0.0700713680733168	0.119892215360551	0.396235356341881	0.27634314098133	0	0	0	0.2	0.465039609717233	0.128935084809742	0.219527246323564	0.740948811834141	0.521421565510577	0	0	1	0.1	0.219370191686665	0.0615201476668194	0.107495945572345	0.347616406619325	0.24012046104698	0	0	1	0.2	0.468785323725481	0.131148590455333	0.229221424111475	0.740943765762677	0.511722341651202	0	0	2	0.1	0.229203643481856	0.064390351217557	0.111382931077502	0.361754668261476	0.250371737183974	0	0	2	0.2	0.503469882053417	0.141482782502643	0.243047740748759	0.795037225361531	0.551989484612772	0	0	3	0.1	0.244230019890032	0.0686877916536868	0.11899511608722	0.382631241447461	0.263636125360241	0	0	3	0.2	0.540877444244809	0.152530340674271	0.261765607969436	0.846626584193674	0.584860976224237
540	0	0	0	0.1	0.213303671830991	0.0644228185893095	0.085275376309406	0.339488907129349	0.254213530819943	0	0	0	0.2	0.396047818643109	0.118817067563534	0.158568340639194	0.631461348382986	0.472893007743792	0	0	1	0.1	0.193763462745745	0.0587515176691523	0.0774545999254761	0.310625886763526	0.23317128683805	0	0	1	0.2	0.414610707532016	0.12535989486277	0.166169730854312	0.664111813022923	0.497942082168611	0	0	2	0.1	0.206100108293968	0.0626384766583687	0.0831193540658473	0.330198995006282	0.247079640940434	0	0	2	0.2	0.45266965809336	0.137501111161096	0.18123291543547	0.726315414497414	0.545082499061944	0	0	3	0.1	0.221809026989046	0.067503767718102	0.0891914516040582	0.355479509830162	0.266288058226103	0	0	3	0.2	0.491067379245079	0.149620442071007	0.19581886944553	0.792385239077547	0.596566369632017
537	0	0	0	0.1	0.213407413602676	0.0634072074635283	0.0921564463675194	0.337535493025347	0.245379046657828	0	0	0	0.2	0.399532285451931	0.11773832404573	0.173580146539839	0.634344197855683	0.460764051315843	0	0	1	0.1	0.196276870757866	0.0576208167210563	0.0857121168003275	0.307676388961472	0.221964272161144	0	0	1	0.2	0.422216638554357	0.123735661033017	0.18364098884171	0.665008122852978	0.481367134011268	0	0	2	0.1	0.210281893124135	0.061700431608923	0.0923652827660324	0.331499553400791	0.239134270634759	0	0	2	0.2	0.463501409900286	0.136041211782916	0.203563779337303	0.728423830848671	0.524860051511368	0	0	3	0.1	0.227062293277199	0.066670960449838	0.100178081940375	0.356460778377985	0.25628269643761	0	0	3	0.2	0.504311598481517	0.148400694641881	0.221425165229134	0.794296876964815	0.572871711735681
711	0	0	0	0.1	0.262073753592501	0.072481199139155	0.123344222379734	0.406381462966135	0.283037240586401	0	0	0	0.2	0.497943955621269	0.136892042249195	0.235093265167004	0.764708585025254	0.529615319858249	0	0	1	0.1	0.246496054890466	0.068373002646193	0.117273721515935	0.385777593773704	0.268503872257769	0	0	1	0.2	0.5318814968854	0.147242562882047	0.256821437602587	0.831631116613069	0.574809679010482	0	0	2	0.1	0.264139689649084	0.073346977467793	0.128621438791085	0.41077576716274	0.282154328371655	0	0	2	0.2	0.584027702954048	0.162368657678797	0.284148895250704	0.911924902664763	0.627776007414059	0	0	3	0.1	0.284887929770047	0.0792941265157542	0.139603428162474	0.44652961525572	0.306926187093245	0	0	3	0.2	0.634879918255429	0.177074265797529	0.308837643583821	0.991568410541956	0.682730766958135
685	0	0	0	0.1	0.167987746310657	0.0640745459655175	0.0501115522362904	0.300877490932463	0.250765938696173	0	0	0	0.2	0.324259692904312	0.123685689953612	0.10085321411862	0.572780989727362	0.471927775608742	0	0	1	0.1	0.176832561814359	0.067683827402449	0.0544484363487114	0.314701770558699	0.260253334209988	0	0	1	0.2	0.383200027845344	0.147038074757259	0.120661094363614	0.689373720326583	0.568712625962969	0	0	2	0.1	0.19828501959572	0.076200763300448	0.0631268334845847	0.356942404569569	0.293815571084985	0	0	2	0.2	0.438835565250756	0.169106504353362	0.140548278704289	0.78803874470165	0.647490465997361	0	0	3	0.1	0.21913245870863	0.0845027843581759	0.0698545203932863	0.392843727839925	0.322989207446638	0	0	3	0.2	0.488226696969319	0.1887993938948	0.154379193736109	0.881032497800148	0.726653304064039
655	0	0	0	0.1	0.130903196560625	0.0633298167084997	0.00685952215062732	0.258406289412026	0.251546767261399	0	0	0	0.2	0.239595611491903	0.115515945246464	0.0108570380133527	0.468007342835257	0.457150304821904	0	0	1	0.1	0.117026952730304	0.0564042866863288	0.00578361170454661	0.227746783355138	0.221963171650591	0	0	1	0.2	0.247916884804184	0.119373464267423	0.0117306609390156	0.479794244618944	0.468063583679928	0	0	2	0.1	0.12332273282714	0.0593440911021512	0.00705928571752207	0.239636376645874	0.232577090928352	0	0	2	0.2	0.268978709619751	0.129517782859933	0.0110362619524704	0.524241643186875	0.513205381234405	0	0	3	0.1	0.132059820253306	0.0635488356691321	0.0079473686329904	0.256842331716507	0.248894963083517	0	0	3	0.2	0.290769216363213	0.14005958013673	0.0125031427073016	0.56418974664312	0.551686603935818
688	0	0	0	0.1	0.248712175715575	0.0702007338623923	0.114072433836312	0.392043585518476	0.277971151682165	0	0	0	0.2	0.454398080730463	0.128447196311978	0.209802993454435	0.719850553066423	0.510047559611988	0	0	1	0.1	0.213487795694366	0.0615006205301655	0.0989990439675281	0.344419438706625	0.245420394739097	0	0	1	0.2	0.452528340707341	0.13050846372009	0.210211268615732	0.727199063457465	0.516987794841734	0	0	2	0.1	0.220519515342793	0.0641893913941148	0.102236162356384	0.356881591256728	0.254645428900344	0	0	2	0.2	0.481777032449404	0.140522760040999	0.224234600456976	0.778976876251734	0.554742275794758	0	0	3	0.1	0.233590039990488	0.0684427619791814	0.108239394528316	0.378646659570801	0.270407265042485	0	0	3	0.2	0.515185785745722	0.151375583488038	0.240039508022072	0.839355662375827	0.599316154353755
697	0	0	0	0.1	0.172813005001509	0.0607599681645026	0.0648076917824197	0.290388514599162	0.225580822816742	0	0	0	0.2	0.317946477950211	0.111090278479704	0.118515431457043	0.532885274598552	0.414369843141509	0	0	1	0.1	0.156655565620669	0.0546272096239594	0.057082983021922	0.260694436297516	0.203611453275594	0	0	1	0.2	0.333896519430042	0.116187842634095	0.121553598351425	0.553431654621612	0.431878056270188	0	0	2	0.1	0.167076587365189	0.0582001026762918	0.0597260485076758	0.278649926554581	0.218923878046906	0	0	2	0.2	0.36578883337692	0.127493406254606	0.130643440512988	0.611257863623566	0.480614423110577	0	0	3	0.1	0.180150262217624	0.0628449399637776	0.0640605017919731	0.300836986394221	0.236776484602248	0	0	3	0.2	0.397774256504272	0.138940444306712	0.139413595438725	0.664547618102044	0.525134022663319
548	0	0	0	0.1	0.138301139949608	0.0642125866055273	0.00967254504125371	0.265099201194718	0.255426656153464	0	0	0	0.2	0.255754092413806	0.118929831431882	0.0189820200646734	0.493551341714883	0.474569321650209	0	0	1	0.1	0.126477964188628	0.0589147257776495	0.0099275823568968	0.24868333647234	0.238755754115443	0	0	1	0.2	0.269329003826892	0.125796190733267	0.021313409387893	0.5279147725963	0.506601363208407	0	0	2	0.1	0.134506246539829	0.0629331549437481	0.0113220059278464	0.263357074115362	0.252035068187516	0	0	2	0.2	0.29435237302969	0.138016941190298	0.0243375234582786	0.574982317614797	0.550644794156519	0	0	3	0.1	0.144646659933714	0.0678232697490156	0.0120319529299248	0.283534683895739	0.271502730965815	0	0	3	0.2	0.319394172489134	0.150096818193079	0.0251491712531276	0.629604077395875	0.604454906142748
714	0	0	0	0.1	0.154696453898697	0.0658349912988506	0.0308226046658299	0.288005903612979	0.257183298947149	0	0	0	0.2	0.294238738065325	0.124966184794787	0.058107148462938	0.546939391978339	0.488832243515401	0	0	1	0.1	0.149877721626311	0.0638069159871018	0.0295564339587629	0.275998783004437	0.246442349045674	0	0	1	0.2	0.323699186478717	0.137952459070343	0.0632190689836643	0.601018894285084	0.53779982530142	0	0	2	0.1	0.163137941335916	0.0697145541484923	0.0318989888957485	0.299888472933413	0.267989484037665	0	0	2	0.2	0.360482789144683	0.154298553430757	0.0706697569156306	0.658502863183779	0.587833106268149	0	0	3	0.1	0.177484594844534	0.0760877906779412	0.0349242338386615	0.324181978226966	0.289257744388305	0	0	3	0.2	0.395190544462478	0.16960117134353	0.0753235000586542	0.723889486425164	0.64856598636651
699	0	0	0	0.1	0.162279558794962	0.0640042400524476	0.0353554875385756	0.283324049739766	0.24796856220119	0	0	0	0.2	0.294300245382408	0.115920415792986	0.0640578208757406	0.522434840997638	0.458377020121897	0	0	1	0.1	0.137721683342896	0.0546420522218394	0.0310550520129008	0.246567490281072	0.215512438268171	0	0	1	0.2	0.292325903876671	0.115984623136584	0.0666924606182936	0.523123616516195	0.456431155897901	0	0	2	0.1	0.143162790508459	0.0569979593022823	0.0323632522264206	0.256673355643294	0.224310103416873	0	0	2	0.2	0.312814845922283	0.124700947357738	0.0699296624849044	0.563572914738626	0.493643252253722	0	0	3	0.1	0.152438536158402	0.0607906019639095	0.0353313409293801	0.273389978582873	0.238058637653493	0	0	3	0.2	0.335875193892187	0.134286797141143	0.0763124681420362	0.607040394762036	0.53072792662
726	0	0	0	0.1	0.149522365193489	0.0665907038633731	0.0233264624332332	0.283676291145566	0.260349828712332	0	0	0	0.2	0.272325867395581	0.121265258681053	0.0418688001565792	0.526580590380269	0.48471179022369	0	0	1	0.1	0.127273174687191	0.0570455109061322	0.0200692529847478	0.243638494924601	0.223569241939853	0	0	1	0.2	0.269855288220665	0.120935734865318	0.0412263568567183	0.515161629762201	0.473935272905482	0	0	2	0.1	0.13152485693621	0.0591000820161322	0.0193761675278684	0.250930241779913	0.231554074252045	0	0	2	0.2	0.287258214509295	0.129230441609779	0.0437916646702953	0.550279533969119	0.506487869298823	0	0	3	0.1	0.139404141780667	0.0627246912969424	0.0216367014538051	0.265819254838058	0.244182553384253	0	0	3	0.2	0.307326048116513	0.138548530288556	0.0431935078889961	0.584006020906045	0.540812513017049
703	0	0	0	0.1	0.206179223277306	0.0632171165485716	0.0891813492720424	0.335375741281828	0.246194392009786	0	0	0	0.2	0.38943217419821	0.118647891235619	0.169772805540442	0.631936268065357	0.462163462524914	0	0	1	0.1	0.201171981314059	0.0617181980378524	0.0872595153634604	0.328714992470517	0.241455477107057	0	0	1	0.2	0.433867095004522	0.132844090522335	0.189174924730103	0.708595377403823	0.51942045267372	0	0	2	0.1	0.220860582844673	0.0679048809081975	0.0957554573961241	0.361538562110363	0.265783104714239	0	0	2	0.2	0.487239388619343	0.14985761868867	0.216679250446135	0.798638019331375	0.58195876888524	0	0	3	0.1	0.241414718542138	0.0743745575483467	0.105229361825134	0.39588346413075	0.290654102305616	0	0	3	0.2	0.536389272588027	0.165556491773867	0.238399563452664	0.876130281642959	0.637730718190295
586	0	0	0	0.1	0.0762026739448223	0.0639432705040398	-0.0520793934997755	0.199488870923055	0.25156826442283	0	0	0	0.2	0.14004078017467	0.117582322319522	-0.100106540307358	0.365170337276219	0.465276877583577	0	0	1	0.1	0.0691253929095003	0.0581560621635883	-0.0484002655610778	0.181689858491202	0.23009012405228	0	0	1	0.2	0.146543181318912	0.123455826972363	-0.104522213576379	0.380484321824237	0.485006535400616	0	0	2	0.1	0.0731854653760582	0.0617146312831706	-0.0530939516029254	0.191801427901568	0.244895379504493	0	0	2	0.2	0.159712175809989	0.1348341515669	-0.11590811423846	0.415625129122439	0.5315332433609	0	0	3	0.1	0.0785521202216433	0.0663507294923542	-0.0562610347669159	0.206655193634713	0.262916228401629	0	0	3	0.2	0.172980096648354	0.146313282296691	-0.125033722736202	0.452058079958836	0.577091802695038
584	0	0	0	0.1	0.109121392546476	0.0627360858330395	-0.0144351813295844	0.233011448248798	0.247446629578382	0	0	0	0.2	0.202851451983229	0.116206345446877	-0.0281760346444784	0.433016518901898	0.461192553546377	0	0	1	0.1	0.100777922389809	0.0576047523877446	-0.0139048112727374	0.216998296949543	0.23090310822228	0	0	1	0.2	0.215760466046132	0.123145190401772	-0.0287550013278161	0.460423511335968	0.489178512663784	0	0	2	0.1	0.108168454029298	0.0617353106810455	-0.0141183938608724	0.229720933657738	0.243839327518611	0	0	2	0.2	0.237555009219966	0.135534756753597	-0.0308574244000651	0.501042064940919	0.531899489340984	0	0	3	0.1	0.116996614231315	0.0667079441760097	-0.0144888304886632	0.245835046873966	0.260323877362629	0	0	3	0.2	0.259043215022248	0.147787931407867	-0.034118364114014	0.542889281366371	0.577007645480385
704	0	0	0	0.1	0.124696314924263	0.0656011145296165	-0.00197258428415969	0.251427442091055	0.253400026375214	0	0	0	0.2	0.23759344788292	0.124786860330389	-0.00381256786460335	0.476623396003818	0.480435963868421	0	0	1	0.1	0.122149726030888	0.0642345258676845	-0.00263651220415801	0.251099636105966	0.253736148310124	0	0	1	0.2	0.263919239331507	0.13895451265474	-0.00518425575228018	0.531421693994744	0.536605949747024	0	0	2	0.1	0.133559729669371	0.0704285896886975	-0.00301415719382927	0.269611578574195	0.272625735768024	0	0	2	0.2	0.295266426936003	0.155829891893418	-0.00605027720173453	0.593908437232004	0.599958714433739	0	0	3	0.1	0.145705940889896	0.0769918682270318	-0.00417351166963995	0.293565606786113	0.297739118455753	0	0	3	0.2	0.324415353950932	0.171536201188808	-0.00555148952003063	0.654056780996829	0.659608270516859
710	0	0	0	0.1	0.239254154006181	0.0581399050163977	0.128487774497661	0.347060103072782	0.218572328575122	0	0	0	0.2	0.44009094052561	0.106260818654884	0.239229749405446	0.640793036029535	0.401563286624089	0	0	1	0.1	0.225934868122963	0.0553103355622209	0.119706080121412	0.333802607324997	0.214096527203586	0	0	1	0.2	0.479271618988449	0.116975500298713	0.253501160589477	0.707586913776664	0.454085753187187	0	0	2	0.1	0.243789878791323	0.0599336070175024	0.128649913953223	0.359217228155592	0.230567314202369	0	0	2	0.2	0.531628210220092	0.130522272128499	0.282361327684045	0.789994328250726	0.50763300056668	0	0	3	0.1	0.264391446913559	0.0651704327920694	0.140002600184826	0.391322789960247	0.251320189775421	0	0	3	0.2	0.581744748337864	0.143508464214371	0.309030992533577	0.869275862677335	0.560244870143758
568	0	0	0	0.1	0.0731138971499162	0.0650852317445237	-0.0562867269703879	0.199302125015758	0.255588851986146	0	0	0	0.2	0.137072773675405	0.122160228492546	-0.10609958970568	0.369836368464738	0.475935958170418	0	0	1	0.1	0.0705228833709326	0.0629480859556425	-0.054470291790405	0.194946516671983	0.249416808462388	0	0	1	0.2	0.150708487602565	0.134592000134028	-0.116075393689195	0.414960869040803	0.531036262729998	0	0	2	0.1	0.0764330862120526	0.0683144934158553	-0.0590451689547624	0.211229109045468	0.27027427800023	0	0	2	0.2	0.167707530917271	0.150011007820066	-0.129893006574076	0.462480670877377	0.592373677451453	0	0	3	0.1	0.0830570829919592	0.0742630612005042	-0.0652580966049619	0.229058540949221	0.294316637554183	0	0	3	0.2	0.18367658879792	0.164533746902102	-0.144650635709139	0.508222441743719	0.652873077452857
727	0	0	0	0.1	0.223957047333722	0.0599628623613717	0.114277566223431	0.34283838861166	0.228560822388229	0	0	0	0.2	0.408874402860027	0.108732787044421	0.209164567833306	0.617029240945619	0.407864673112313	0	0	1	0.1	0.204338975336911	0.0546801972796749	0.104511895124026	0.307634278424396	0.20312238330037	0	0	1	0.2	0.433012562498016	0.115477493354066	0.220853966874936	0.651824197446857	0.430970230571922	0	0	2	0.1	0.217964365139733	0.0583205911753139	0.112151499213908	0.329718148262548	0.21756664904864	0	0	2	0.2	0.475112596108966	0.127033358284324	0.24425095197715	0.719170518314082	0.474919566336932	0	0	3	0.1	0.235074648372973	0.0630021721200698	0.120802826806447	0.356969968173727	0.236167141367279	0	0	3	0.2	0.517055582755683	0.138749871815038	0.268632686620727	0.782721344026627	0.514088657405899
582	0	0	0	0.1	0.178927423234289	0.0700060265512002	0.0380503966307768	0.323284118940079	0.285233722309302	0	0	0	0.2	0.331758653711571	0.129522046890089	0.0720239333024578	0.59084390514718	0.518819971844722	0	0	1	0.1	0.161382376103976	0.063524505951034	0.0343052331049712	0.288822367090227	0.254517133985256	0	0	1	0.2	0.344005834451314	0.135243438023793	0.0735838743143548	0.607646405963398	0.534062531649043	0	0	2	0.1	0.170116726784281	0.06708906689898	0.035498058013468	0.302013986095763	0.266515928082295	0	0	2	0.2	0.372902544744437	0.147079650631067	0.080522864297884	0.653934276748746	0.573411412450862	0	0	3	0.1	0.18213897419581	0.0719178180486345	0.0381297876941926	0.318191440398905	0.280061652704712	0	0	3	0.2	0.40270468776039	0.15914735406346	0.0844174543805141	0.7070233646795	0.622605910298985
690	0	0	0	0.1	0.143063064485616	0.0658988705708976	0.011520161439167	0.269739787591991	0.258219626152824	0	0	0	0.2	0.263003907473117	0.120737765980377	0.0207780672821967	0.492998171876321	0.472220104594125	0	0	1	0.1	0.119818909153788	0.054989188293257	0.00982940685707848	0.227839820073123	0.218010413216044	0	0	1	0.2	0.256292716267484	0.117512413587491	0.0209609159828868	0.488896527585717	0.46793561160283	0	0	2	0.1	0.123607131358215	0.0567548792315752	0.00991716580944352	0.238148113075056	0.228230947265613	0	0	2	0.2	0.271677258355292	0.124672798536074	0.022103871717851	0.522166219928781	0.50006234821093	0	0	3	0.1	0.130908280260857	0.0601044249482087	0.0117710058284064	0.251742092504165	0.239971086675759	0	0	3	0.2	0.290010790879202	0.133313249957239	0.0250347923359171	0.556993765627627	0.531958973291709
629	0	0	0	0.1	0.0712699533287248	0.0658492230917457	-0.053300425567507	0.200540652063368	0.253841077630874	0	0	0	0.2	0.133563739687222	0.123510599868601	-0.100521788492263	0.373197678801455	0.473719467293718	0	0	1	0.1	0.0680944453765879	0.0630737600320709	-0.0516496952033332	0.192962140796921	0.244611836000254	0	0	1	0.2	0.145748903254716	0.135177625355782	-0.110121882862552	0.411750367532071	0.521872250394623	0	0	2	0.1	0.0736783116755877	0.068404430867984	-0.0573401322656278	0.209825592614893	0.267165724880521	0	0	2	0.2	0.16171576764713	0.150338865570813	-0.124095459637179	0.457565407735927	0.581660867373106	0	0	3	0.1	0.0799705391014536	0.0743644960957944	-0.0618662823937453	0.228386706893116	0.290252989286862	0	0	3	0.2	0.176893661916247	0.164761789933062	-0.135977905077184	0.506592495662875	0.642570400740059
631	0	0	0	0.1	0.133973686273553	0.065912251160284	0.00994368764515017	0.263558856482231	0.253615168837081	0	0	0	0.2	0.253244052636441	0.123925972521771	0.0194664918403012	0.494213199002866	0.474746707162565	0	0	1	0.1	0.126645647952091	0.0619204668927215	0.00956520189976366	0.248132134090748	0.238566932190984	0	0	1	0.2	0.273342523039798	0.133394920039541	0.0226174191217364	0.536585011505672	0.513967592383936	0	0	2	0.1	0.13697637237542	0.0669189018789786	0.0116422437602037	0.270602368773573	0.25896012501337	0	0	2	0.2	0.302695142775222	0.147738333067097	0.0250230496039988	0.597051676571325	0.572028626967326	0	0	3	0.1	0.148621530382165	0.0726204205124126	0.0121872658018624	0.292350089772649	0.280162823970786	0	0	3	0.2	0.330712707280714	0.161487942862334	0.0281322749963758	0.650935834351538	0.622803559355162
694	0	0	0	0.1	0.334204378764061	0.077068579892805	0.192235811606761	0.491756571427321	0.29952075982056	0	0	0	0.2	0.629661804363022	0.144470167333085	0.363775928867678	0.915106797592518	0.55133086872484	0	0	1	0.1	0.315663160421963	0.0729586597896428	0.180780518082604	0.460579415992243	0.279798897909639	0	0	1	0.2	0.676499789743045	0.1563455318514	0.387679682979574	0.988171898777903	0.600492215798329	0	0	2	0.1	0.337633001536363	0.0783939413233387	0.191869766733341	0.494630726154373	0.302760959421031	0	0	2	0.2	0.742833841544243	0.173085510158506	0.426699006095273	1.09782660115974	0.671127595064468	0	0	3	0.1	0.363734720415551	0.0848358019649572	0.208765120837397	0.537642833474829	0.328877712637432	0	0	3	0.2	0.807227568915954	0.189313774735622	0.464466195256549	1.19964856538455	0.735182370127997
656	0	0	0	0.1	0.199978420690736	0.0595571789044817	0.0859310032836562	0.316479005741448	0.230548002457792	0	0	0	0.2	0.370014304750187	0.110164019885609	0.166097473241528	0.584763607164422	0.418666133922894	0	0	1	0.1	0.182247352108136	0.0551304956257755	0.0805144100030235	0.289773469554795	0.209259059551771	0	0	1	0.2	0.389641304107495	0.118146562180434	0.17472510045243	0.622401940111139	0.44767683965871	0	0	2	0.1	0.194679549255671	0.0594757965014489	0.0858542090254215	0.311758495063461	0.225904286038039	0	0	2	0.2	0.427153176986672	0.130882541361902	0.190300832907733	0.688800717391572	0.498499884483839	0	0	3	0.1	0.209929267579584	0.0645273743099764	0.0929249006295206	0.339417582013768	0.246492681384248	0	0	3	0.2	0.464451471615778	0.143262667863009	0.206625772231954	0.751571142355497	0.544945370123542
696	0	0	0	0.1	0.201110073684857	0.0705614813774986	0.0612317460830687	0.3403726009955	0.279140854912431	0	0	0	0.2	0.384516590112777	0.134026318926385	0.119768918776628	0.64639805706317	0.526629138286542	0	0	1	0.1	0.201158739570902	0.0702355824295813	0.0640437493345589	0.338999873956803	0.274956124622244	0	0	1	0.2	0.43422367766297	0.151301346531975	0.140455195412354	0.738246347270302	0.597791151857948	0	0	2	0.1	0.220892711616614	0.0770751618622957	0.070993515807701	0.374966858955704	0.303973343148003	0	0	2	0.2	0.487995512357285	0.170225481927741	0.157901425356581	0.82785216683871	0.669950741482129	0	0	3	0.1	0.241505392775875	0.0842170394401319	0.0786285297621645	0.409374309947545	0.33074578018538	0	0	3	0.2	0.53746299471802	0.187645263729842	0.173891260398612	0.9119130601836	0.738021799784988
650	0	0	0	0.1	0.105792076686167	0.0570178215690963	-0.007504604457967	0.218546024289211	0.226050628747178	0	0	0	0.2	0.195738673737318	0.105139856841221	-0.0141291977430016	0.404504734207622	0.418633931950623	0	0	1	0.1	0.0965510422466094	0.0517890740074329	-0.00664970263236251	0.197674118773743	0.204323821406106	0	0	1	0.2	0.207000392371519	0.110894595034869	-0.0140160058729886	0.421363731123023	0.435379736996012	0	0	2	0.1	0.103823791924193	0.0556227444914569	-0.00725991519245719	0.212187479296218	0.219447394488675	0	0	2	0.2	0.228081541932849	0.122275551325635	-0.0169802016790736	0.465615456726229	0.482595658405302	0	0	3	0.1	0.112443007284568	0.0603247540414863	-0.00787431456430919	0.229392349543955	0.237266664108264	0	0	3	0.2	0.248974102663716	0.133536979820804	-0.0180177509871457	0.508436610932511	0.526454361919657
709	0	0	0	0.1	0.144119478252784	0.0644271030291531	0.0199809289798147	0.270433860456217	0.250452931476402	0	0	0	0.2	0.27589886480787	0.122983058793829	0.0390517933186626	0.51349727775049	0.474445484431827	0	0	1	0.1	0.148024741144625	0.0660791196071289	0.0211793230642026	0.275468374706072	0.254289051641869	0	0	1	0.2	0.319655145311017	0.14259542365287	0.0455271949895112	0.596612485442478	0.551085290452967	0	0	2	0.1	0.164593863885729	0.0735108213591365	0.0236667945198414	0.307370216691007	0.283703422171165	0	0	2	0.2	0.36334065069708	0.162354107450715	0.0515992995868044	0.680183187974516	0.628583888387711	0	0	3	0.1	0.181147081726043	0.0809160233326997	0.0268997070598475	0.338118128304066	0.311218421244219	0	0	3	0.2	0.402781895020749	0.180185170088722	0.0580688123009065	0.756547359432321	0.698478547131415
591	0	0	0	0.1	0.270185283606797	0.077159891197731	0.116327832986308	0.422651002040867	0.30632316905456	0	0	0	0.2	0.49420928006731	0.140641223110241	0.213382666204489	0.771998442866988	0.558615776662498	0	0	1	0.1	0.228678208577755	0.0654719666467476	0.0990641780510658	0.360798489752598	0.261734311701532	0	0	1	0.2	0.484429229978797	0.138523383895459	0.212462937927854	0.76529523016879	0.552832292240936	0	0	2	0.1	0.233713408788641	0.0669787015334019	0.104369139912678	0.371125396980151	0.266756257067473	0	0	2	0.2	0.510667149294412	0.14666969188027	0.228586250872929	0.810396772227581	0.581810521354653	0	0	3	0.1	0.245962519026803	0.0706259304182342	0.109953260564361	0.390598658871506	0.280645398307146	0	0	3	0.2	0.542645685131154	0.156347556532377	0.241555262087294	0.866869371199307	0.625314109112014
725	0	0	0	0.1	0.247765688519	0.079555003308425	0.0998615000988287	0.414064325198862	0.314202825100034	0	0	0	0.2	0.451567696925194	0.14408488293131	0.180320194153468	0.752213224192666	0.571893030039197	0	0	1	0.1	0.204856816997054	0.0655311483862246	0.0821683062850629	0.346046041805875	0.263877735520813	0	0	1	0.2	0.432872735045309	0.137943590959352	0.17201544399565	0.727890191645202	0.555874747649552	0	0	2	0.1	0.206397265811121	0.0657810530556566	0.0832633605955056	0.346188320921729	0.262924960326223	0	0	2	0.2	0.45064086395663	0.143535753665733	0.178927181877532	0.750654487084386	0.571727305206855	0	0	3	0.1	0.215587879878307	0.0686541262961062	0.0863641837006805	0.359391526235499	0.273027342534819	0	0	3	0.2	0.475556315966411	0.151537204711874	0.187681249403513	0.78758522684919	0.599903977445678
601	0	0	0	0.1	0.124659890683556	0.0700377161747747	-0.00858600575847668	0.260152357665363	0.26873836342384	0	0	0	0.2	0.231475861119555	0.129621933204428	-0.0160963633341454	0.487529644691228	0.503626008025373	0	0	1	0.1	0.111118834390736	0.062110135559626	-0.00773801105524292	0.234546189315067	0.24228420037031	0	0	1	0.2	0.237900397053001	0.132903389438488	-0.0166922468306979	0.499786785614511	0.516479032445209	0	0	2	0.1	0.117216087930453	0.0654467916636934	-0.00863620973099418	0.245767682986457	0.254403892717451	0	0	2	0.2	0.257679608488643	0.143957138500786	-0.0186903050143026	0.542838219397554	0.561528524411856	0	0	3	0.1	0.125531097941908	0.0700742270291488	-0.00828442389387697	0.263414188683799	0.271698612577676	0	0	3	0.2	0.278267858641603	0.155426528536104	-0.0184860204293279	0.584193478386076	0.602679498815404
707	0	0	0	0.1	0.301809187544892	0.0613661431067694	0.189217613283089	0.424730209440241	0.235512596157151	0	0	0	0.2	0.546064728994067	0.109820851828233	0.339342162554408	0.758801019287369	0.419458856732961	0	0	1	0.1	0.26343882342778	0.0544007081892783	0.162750424272406	0.371021821001426	0.20827139672902	0	0	1	0.2	0.55631027853175	0.114180794217604	0.344594680691223	0.784446718850144	0.439852038158921	0	0	2	0.1	0.275377555893997	0.0571730963772726	0.16868451581533	0.39011868159271	0.221434165777379	0	0	2	0.2	0.599249832898566	0.124299607543591	0.36975045641025	0.845236148074395	0.475485691664145	0	0	3	0.1	0.293764539922393	0.0612449187443094	0.180028268687231	0.417687241921712	0.23765897323448	0	0	3	0.2	0.645365446391354	0.134728074416817	0.397920011421807	0.917601708482542	0.519681697060735
758	0	0	0	0.1	0.127758845765918	0.0666172673303645	-0.00648608861395294	0.256140624636302	0.262626713250255	0	0	0	0.2	0.242269468833899	0.125936357465804	-0.0122255226833358	0.485331371674329	0.497556894357665	0	0	1	0.1	0.123328506332585	0.0638441522120576	-0.00618599793621987	0.251999468786065	0.258185466722285	0	0	1	0.2	0.265862050060991	0.137532894323309	-0.0134301685217326	0.542393735090541	0.555823903612274	0	0	2	0.1	0.134065584580346	0.0692119218212408	-0.00732223220163246	0.273826737712443	0.281148969914075	0	0	2	0.2	0.295864294562535	0.15291507543084	-0.0155088888526396	0.604862627556366	0.620371516409005	0	0	3	0.1	0.145752620833764	0.0751779052928419	-0.00643086026462484	0.294288208860053	0.300719069124678	0	0	3	0.2	0.324237977121253	0.167375413537712	-0.0166695827650682	0.655850417691287	0.672520000456355
630	0	0	0	0.1	0.140471674311455	0.0627931722253592	0.0159856703969542	0.268286266335147	0.252300595938193	0	0	0	0.2	0.266836241585662	0.119373966371996	0.0293261022462476	0.507707485310296	0.478381383064048	0	0	1	0.1	0.134439242700631	0.0603083712944738	0.0145497323620245	0.257057468824341	0.242507736462316	0	0	1	0.2	0.291311793869376	0.130982602123449	0.0310062732216249	0.56336440835254	0.532358135130915	0	0	2	0.1	0.146496657771598	0.0659639232546096	0.0146111216055543	0.280391500903822	0.265780379298268	0	0	2	0.2	0.324443276492053	0.146480218785912	0.0346597753421956	0.628092433574378	0.593432658232182	0	0	3	0.1	0.159522485013925	0.0721179961059788	0.0168617577251856	0.307869284295078	0.291007526569892	0	0	3	0.2	0.355730125505385	0.161118759020866	0.0365139882112663	0.68851545413073	0.652001465919463
708	0	0	0	0.1	0.178622294771845	0.0580437548285568	0.0649263788506175	0.285981932988503	0.221055554137885	0	0	0	0.2	0.326229620860263	0.105424519516997	0.11992086015306	0.518881633713505	0.398960773560445	0	0	1	0.1	0.157244405945594	0.051096059979891	0.058321746678532	0.253747978422412	0.19542623174388	0	0	1	0.2	0.334941005563663	0.108584089819832	0.125445353709915	0.537359217285972	0.411913863576056	0	0	2	0.1	0.166400138786589	0.054145396160259	0.0626176976759893	0.271179870738088	0.208562173062099	0	0	2	0.2	0.364072193664915	0.118496844649752	0.136690535860859	0.594321234273976	0.457630698413117	0	0	3	0.1	0.178702561597482	0.058279702202906	0.0687736585354462	0.292912042582367	0.224138384046921	0	0	3	0.2	0.394188368858889	0.128753357596213	0.150017117284864	0.648798604601015	0.49878148731615
718	0	0	0	0.1	0.16830989058621	0.071926738785107	0.0262132227508456	0.313508878230393	0.287295655479547	0	0	0	0.2	0.312805641105162	0.133198174572722	0.0496574516800676	0.585270388791091	0.535612937111024	0	0	1	0.1	0.150173121340781	0.0643037008607258	0.0249761754341709	0.2825496876326	0.257573512198429	0	0	1	0.2	0.321026213754485	0.13738437301229	0.052563637377558	0.605092889805908	0.55252925242835	0	0	2	0.1	0.157890281950553	0.0677931553012331	0.0268029133120685	0.298532020749337	0.271729107437269	0	0	2	0.2	0.346915373045862	0.148927378771277	0.056948681384579	0.655264770002035	0.598316088617456	0	0	3	0.1	0.168705017776433	0.0725413619316033	0.0271490655459118	0.320536561034028	0.293387495488117	0	0	3	0.2	0.373880406312954	0.160939605240658	0.0624041210868716	0.708386912329184	0.645982791242312
658	0	0	0	0.1	0.128621547894322	0.0593149161130467	0.00564780272927995	0.244727080085239	0.239079277355959	0	0	0	0.2	0.24437787404478	0.112429449406901	0.0102554898012653	0.465482508661741	0.455227018860475	0	0	1	0.1	0.125467507292588	0.0577796051070638	0.00548638957463957	0.236473350494019	0.230986960919379	0	0	1	0.2	0.271980174826223	0.125208876751139	0.00972275284060008	0.512246539195788	0.502523786355188	0	0	2	0.1	0.138032315307646	0.0636155449665161	0.00549416243304365	0.261128241470091	0.255634079037047	0	0	2	0.2	0.305605908428882	0.140933585032386	0.0122076531160085	0.579102972929581	0.566895319813573	0	0	3	0.1	0.151134623997155	0.0697653216158601	0.00426790689535448	0.28766921620138	0.283401309306025	0	0	3	0.2	0.336962886990267	0.155615012944402	0.0143507983294879	0.638872242928639	0.624521444599151
755	0	0	0	0.1	0.147420046243537	0.0560338959686245	0.0336755154995692	0.258066569423821	0.224391053924252	0	0	0	0.2	0.276771700799176	0.105239068932923	0.0660067140137174	0.481842283121527	0.415835569107809	0	0	1	0.1	0.141471908203466	0.0542855406278935	0.0327599306682583	0.25187161803593	0.219111687367672	0	0	1	0.2	0.305010929498223	0.117186544747134	0.0711325857257947	0.54558668621818	0.474454100492386	0	0	2	0.1	0.154931212702888	0.059735776459845	0.0361275579681808	0.281372221400705	0.245244663432524	0	0	2	0.2	0.341595638477599	0.131957777716817	0.0820866075525926	0.620162148501004	0.538075540948411	0	0	3	0.1	0.169252489604619	0.0654698397904543	0.0403060435748582	0.307626836500835	0.267320792925977	0	0	3	0.2	0.375793481210035	0.145538021044944	0.0907798446373584	0.677494791308008	0.586714946670649
613	0	0	0	0.1	0.176744480314284	0.0612228088796316	0.0604003695848968	0.294344214592754	0.233943845007857	0	0	0	0.2	0.328643257101518	0.113859183932012	0.114001381227233	0.547047876695645	0.433046495468412	0	0	1	0.1	0.161422964582361	0.0562488622269129	0.0543660733644505	0.273076663551683	0.218710590187233	0	0	1	0.2	0.345904622459447	0.12079644014438	0.11583134847643	0.591280801541682	0.475449453065252	0	0	2	0.1	0.172382750097684	0.0604588920062632	0.0573215249702192	0.295303530462436	0.237982005492217	0	0	2	0.2	0.379081388830683	0.133289286099007	0.128828111827244	0.649733168007612	0.520905056180369	0	0	3	0.1	0.186060056753425	0.0654611809528281	0.0622541238259527	0.320199643502955	0.257945519677002	0	0	3	0.2	0.412241604776721	0.14556943068748	0.139895519980457	0.70822234381709	0.568326823836633
770	0	0	0	0.1	0.267849889267169	0.0687927845135046	0.13404350761195	0.402219786331395	0.268176278719445	0	0	0	0.2	0.500867156825972	0.127417721433504	0.254839521211499	0.75461062702123	0.499771105809731	0	0	1	0.1	0.241753899786118	0.0620093450959957	0.12005062261684	0.367313477775096	0.247262855158256	0	0	1	0.2	0.519009998360854	0.132747230146072	0.257223368846848	0.789720378563798	0.532497009716951	0	0	2	0.1	0.255791052357513	0.0657807460816931	0.125070383718848	0.389963197544089	0.264892813825241	0	0	2	0.2	0.563607726461632	0.144946243681062	0.276083109136077	0.859850943628277	0.583767834492199	0	0	3	0.1	0.274332589491485	0.0707192433962424	0.1342509358439	0.418188429302271	0.283937493458371	0	0	3	0.2	0.609221065537581	0.157335865705968	0.29595540988886	0.927097967803302	0.631142557914442
653	0	0	0	0.1	0.172206394918763	0.071181875142732	0.0387187121235145	0.314108417234316	0.275389705110802	0	0	0	0.2	0.332330704225603	0.136840491732898	0.0734096070443024	0.598306091465713	0.52489648442141	0	0	1	0.1	0.163883797103905	0.0680257916604525	0.0352882272960051	0.299639151480949	0.264350924184943	0	0	1	0.2	0.357824257992162	0.14834007037394	0.0773941635070492	0.648703500602892	0.571309337095843	0	0	2	0.1	0.177366399729438	0.0737627710043832	0.038041346466276	0.320981216308826	0.28293986984255	0	0	2	0.2	0.395412614032549	0.164429749081424	0.0833606914659118	0.715560644750327	0.632199953284415	0	0	3	0.1	0.192299002581148	0.0801097489860582	0.0392459445319935	0.351267728493522	0.312021783961529	0	0	3	0.2	0.431471566311696	0.179754398094587	0.0891191140548211	0.786609531553148	0.697490417498327
608	0	0	0	0.1	0.191503352290946	0.0657418204261324	0.066050388924004	0.316147791972258	0.250097403048254	0	0	0	0.2	0.358084654877954	0.122313284023022	0.125255763953088	0.591100210470498	0.465844446517411	0	0	1	0.1	0.173542977195355	0.0600386404795731	0.0610807618411753	0.287636543397448	0.226555781556273	0	0	1	0.2	0.37321336459967	0.128913719498318	0.130772429227537	0.618719328141674	0.487946898914137	0	0	2	0.1	0.184660882792182	0.064165010720051	0.0640583075536924	0.308797927052431	0.244739619498738	0	0	2	0.2	0.407055014435282	0.141531233868638	0.142133356212935	0.685438991361483	0.543305635148548	0	0	3	0.1	0.198722065202583	0.0692800833462842	0.0686766286986461	0.335585298147841	0.266908669449195	0	0	3	0.2	0.441346503633513	0.153978635283575	0.153476264705493	0.749563124773885	0.596086860068392
615	0	0	0	0.1	0.261826611923905	0.0683379079761218	0.134543593245758	0.393989364795834	0.259445771550076	0	0	0	0.2	0.483248331002809	0.125941424154702	0.252815035158543	0.731870667070058	0.479055631911516	0	0	1	0.1	0.236493073978097	0.0627319200204782	0.122631051700008	0.363437062993191	0.240806011293183	0	0	1	0.2	0.502311405870126	0.133138353606641	0.258166666758388	0.769577800156465	0.511411133398077	0	0	2	0.1	0.248977034865727	0.0664709324277356	0.129150307516222	0.386124552026697	0.256974244510475	0	0	2	0.2	0.544390914170071	0.145514191940113	0.284232290535653	0.841822039931313	0.55758974939566	0	0	3	0.1	0.266383497262857	0.0714472499046975	0.138819575390601	0.412625978706537	0.273806403315936	0	0	3	0.2	0.587841828281205	0.158115717686309	0.308493686317607	0.91086060392163	0.602366917604023
728	0	0	0	0.1	0.253236402394385	0.0728613795095334	0.104132114559985	0.401509829546768	0.297377714986783	0	0	0	0.2	0.460947642242819	0.133198178364516	0.188154756369966	0.724164304176085	0.536009547806119	0	0	1	0.1	0.214732592868058	0.0632030693907371	0.0874484608305869	0.339188746937202	0.251740286106615	0	0	1	0.2	0.4536070281455	0.133913224430706	0.183821831217218	0.715959431424836	0.532137600207618	0	0	2	0.1	0.219700909623185	0.065393410259182	0.0894484019774477	0.348875038120007	0.259426636142559	0	0	2	0.2	0.478876862248578	0.143117329584799	0.19281639192451	0.760006222043813	0.567189830119302	0	0	3	0.1	0.231394064739437	0.0693408737729194	0.0934608747109162	0.371747571939897	0.278286697228981	0	0	3	0.2	0.509504025468971	0.153382849608547	0.207552986456513	0.829629602274138	0.622076615817625
731	0	0	0	0.1	0.144538937763251	0.0578532676041316	0.0301429678945121	0.256914745069887	0.226771777175375	0	0	0	0.2	0.264585923156098	0.105621692772131	0.0555861784484666	0.473307532583713	0.417721354135246	0	0	1	0.1	0.126433332836883	0.0504028503754271	0.0261282966614439	0.228089498456818	0.201961201795374	0	0	1	0.2	0.26930696761758	0.107351775804052	0.0544887019695122	0.487274231408572	0.432785529439059	0	0	2	0.1	0.133045275709213	0.0530448084590867	0.0272692726602277	0.239744330069366	0.212475057409138	0	0	2	0.2	0.291239258858451	0.116250512482759	0.0600300335087464	0.530248127513107	0.47021809400436	0	0	3	0.1	0.142407074386227	0.0568878607665755	0.0305049529287226	0.257659646910208	0.227154693981485	0	0	3	0.2	0.314555086574957	0.125820800116171	0.0648140173786481	0.574464323799534	0.509650306420886
716	0	0	0	0.1	0.100257331802534	0.0559479140291692	-0.00771562505550777	0.214715130973995	0.222430756029503	0	0	0	0.2	0.188855480471914	0.105145388439542	-0.0151121774596842	0.402959021162213	0.418071198621897	0	0	1	0.1	0.101567307729719	0.0565657896244764	-0.00855231997712385	0.213769867181898	0.222322187159022	0	0	1	0.2	0.218277433864716	0.121424686465601	-0.0180161865543007	0.460142465623495	0.478158652177795	0	0	2	0.1	0.113162115462852	0.0629912475811553	-0.00898646681310456	0.239141865719616	0.248128332532721	0	0	2	0.2	0.248777354261155	0.138516254052391	-0.0200743029087031	0.528664086780472	0.548738389689175	0	0	3	0.1	0.124830732082225	0.0694760080849499	-0.0105778710630648	0.26449447033	0.275072341393065	0	0	3	0.2	0.276286307639252	0.153907275028986	-0.0229674175779639	0.587413618956773	0.610381036534737
641	0	0	0	0.1	0.162571623973557	0.060228457981426	0.0475644578075677	0.2755501342427	0.227985676435132	0	0	0	0.2	0.298530384656234	0.110032727579031	0.0911495063994755	0.508697191510904	0.417547685111429	0	0	1	0.1	0.148718694717183	0.0550138757681421	0.0466256943098259	0.254377603750851	0.207751909441025	0	0	1	0.2	0.315958622581022	0.11675102190761	0.0983464047644738	0.543360831065171	0.445014426300697	0	0	2	0.1	0.158720177328375	0.0588151905962427	0.050397228289408	0.270668422205605	0.220271193916197	0	0	2	0.2	0.346634167216077	0.128536163295651	0.111159702884806	0.591928949481069	0.480769246596264	0	0	3	0.1	0.171162158057755	0.0635921410500398	0.0545305146404998	0.294346082900264	0.239815568259765	0	0	3	0.2	0.377032606638961	0.140225230108547	0.121095069731691	0.65238492772195	0.53128985799026
604	0	0	0	0.1	0.163182138551264	0.0672326458900882	0.0291738161192787	0.292444727970243	0.263270911850964	0	0	0	0.2	0.302186080603778	0.124380520284233	0.0532056617662135	0.547957030878143	0.49475136911193	0	0	1	0.1	0.145550356215633	0.0604485887602019	0.0249434845632345	0.268772302406508	0.243828817843273	0	0	1	0.2	0.310791823897126	0.129018280580976	0.054400674572113	0.56654911526023	0.512148440688117	0	0	2	0.1	0.153325610655152	0.063864867572007	0.0258248532477573	0.282019264163092	0.256194410915334	0	0	2	0.2	0.336392955913769	0.140200172225377	0.0581847847205597	0.620975857020721	0.562791072300162	0	0	3	0.1	0.164047104201176	0.0685215955713834	0.0285361506170981	0.304436485610367	0.275900334993269	0	0	3	0.2	0.363114496952253	0.15162345933762	0.0637980823466605	0.677532545743151	0.613734463396491
628	0	0	0	0.1	0.219327657035574	0.0620828819862962	0.0992092733650051	0.340875789568212	0.241666516203207	0	0	0	0.2	0.413727138673838	0.116170045598059	0.19159369361196	0.637600069830027	0.446006376218067	0	0	1	0.1	0.209529631006636	0.0593875875258866	0.0949495212400728	0.32322532204024	0.228275800800167	0	0	1	0.2	0.452224294206522	0.127793718584246	0.204358201408518	0.694555274816899	0.490197073408382	0	0	2	0.1	0.228112679213596	0.0646532137297459	0.102116238142278	0.351406816239411	0.249290578097132	0	0	2	0.2	0.503674715038642	0.142781487343336	0.223076396051403	0.775318081950407	0.552241685899004	0	0	3	0.1	0.248332513399318	0.0704981225720947	0.11059731876759	0.381869964164589	0.271272645396999	0	0	3	0.2	0.552193583725746	0.156964682321845	0.242988247737222	0.854885431304321	0.611897183567099
622	0	0	0	0.1	0.254697912002616	0.0701858126765044	0.122196436103114	0.402303123143122	0.280106687040007	0	0	0	0.2	0.461240403752188	0.126490436722923	0.221111099423705	0.729351700477796	0.508240601054091	0	0	1	0.1	0.216445297140266	0.0598902701321831	0.103321459569126	0.346166052862337	0.242844593293211	0	0	1	0.2	0.456712769699737	0.126167862783165	0.216618128310544	0.734793337866941	0.518175209556398	0	0	2	0.1	0.222682923187566	0.0617812423953307	0.106195401782247	0.35988889056815	0.253693488785904	0	0	2	0.2	0.484958366722833	0.134631019386693	0.230107279765085	0.783105312675527	0.552998032910441	0	0	3	0.1	0.235457126117308	0.0654529945865988	0.113262526168398	0.377154096663215	0.263891570494817	0	0	3	0.2	0.517879819981345	0.144341183998055	0.245533665269914	0.834803260336259	0.589269595066344
614	0	0	0	0.1	0.145584885590386	0.0703686263273784	0.0123252023230421	0.288037015316083	0.275711812993041	0	0	0	0.2	0.271600338995747	0.131473420762399	0.0220662496804307	0.530013294889546	0.507947045209115	0	0	1	0.1	0.132001835214568	0.0641250345129159	0.0106327899656145	0.25740951942494	0.246776729459325	0	0	1	0.2	0.282735155139559	0.137630443688628	0.0228290648077838	0.55847050261101	0.535641437803226	0	0	2	0.1	0.139910700648102	0.068261732996027	0.0113014937133466	0.276998673983697	0.26569718027035	0	0	2	0.2	0.307600230227658	0.150435579424689	0.0257271992197311	0.611947491018284	0.586220291798553	0	0	3	0.1	0.150143530892579	0.0734389989279149	0.0120881945805634	0.297780886705237	0.285692692124674	0	0	3	0.2	0.332800897972151	0.163243020367436	0.0293716729318885	0.664722798587547	0.635351125655659
757	0	0	0	0.1	0.217828153311623	0.0651782584523574	0.0894013952243493	0.342210023203803	0.252808627979454	0	0	0	0.2	0.402531133379476	0.119327392700702	0.166737734398178	0.628624822890141	0.461887088491963	0	0	1	0.1	0.191062388844428	0.0570145791569512	0.079450864887054	0.299579830198673	0.220128965311619	0	0	1	0.2	0.408676870766219	0.121643207858728	0.168611176074893	0.641366782707522	0.472755606632629	0	0	2	0.1	0.200641411551473	0.060021241225147	0.0822156080307957	0.31582037047689	0.233604762446095	0	0	2	0.2	0.440739917333799	0.131904413410545	0.179565520981661	0.697676442188645	0.518110921206983	0	0	3	0.1	0.21435791923421	0.0643326121949359	0.0877666167290932	0.337958891968462	0.250192275239369	0	0	3	0.2	0.474786935229745	0.142652661164837	0.194555212259218	0.757450583176393	0.562895370917175
651	0	0	0	0.1	0.199448916557445	0.0641381323918747	0.075446563566561	0.32563256024793	0.250185996681369	0	0	0	0.2	0.377638046310132	0.120709078829129	0.143671850843043	0.609532961563571	0.465861110720527	0	0	1	0.1	0.182254615400132	0.0584244196522835	0.0681995490517121	0.299170754440461	0.230971205388749	0	0	1	0.2	0.39508163802646	0.126609128292026	0.149671219611529	0.64718907738176	0.497517857770231	0	0	2	0.1	0.194963834627376	0.0625771514347854	0.0733387931272249	0.318716633171269	0.245377840044044	0	0	2	0.2	0.432367509923739	0.139002828483587	0.163982315058167	0.70584793820566	0.541865623147493	0	0	3	0.1	0.210349400232194	0.0675948141772099	0.0793135158353126	0.344149914743457	0.264836398908144	0	0	3	0.2	0.469592830262697	0.151437853737254	0.177075214884964	0.765489253598935	0.588414038713971
668	0	0	0	0.1	0.147664141516557	0.0651368635991864	0.0196090753617484	0.279902781229588	0.260293705867839	0	0	0	0.2	0.274384546115374	0.120475088094455	0.0377686466389493	0.514813379192601	0.477044732553652	0	0	1	0.1	0.132361275178726	0.05767199947586	0.0179420595392963	0.25123909369967	0.233297034160373	0	0	1	0.2	0.283731605272811	0.12348939405827	0.0387558302263759	0.532232100599021	0.493476270372645	0	0	2	0.1	0.140249714106671	0.0609225154118286	0.0182574971042397	0.259221892921677	0.240964395817437	0	0	2	0.2	0.308474200499925	0.133996025451277	0.0416372766635178	0.572052293391426	0.530415016727908	0	0	3	0.1	0.150597154838367	0.0653721628080402	0.019910476350622	0.276589725360783	0.256679249010161	0	0	3	0.2	0.333924284626737	0.145000421452205	0.0436241703821126	0.612350749547403	0.56872657916529
635	0	0	0	0.1	0.245745579982585	0.0567038083096355	0.138207284287579	0.35816845411588	0.219961169828302	0	0	0	0.2	0.459410375759008	0.104828407874368	0.264001176577337	0.674022689953646	0.410021513376309	0	0	1	0.1	0.247951697508613	0.0581794443917782	0.141931145885534	0.372297285661547	0.230366139776013	0	0	1	0.2	0.528710518764427	0.12325222707914	0.301902057684328	0.795211963657427	0.493309905973099	0	0	2	0.1	0.273816715613375	0.0645279443917472	0.154501190746319	0.415079778097731	0.260578587351412	0	0	2	0.2	0.598724919687512	0.140884171036141	0.337537393776875	0.907237475947464	0.569700082170589	0	0	3	0.1	0.300389991708222	0.071148707093979	0.168082343518859	0.456874664842833	0.288792321323975	0	0	3	0.2	0.662382706769768	0.156846110567552	0.372753260045692	1.0087606695961	0.63600740955041
678	0	0	0	0.1	0.237103016272818	0.0609881904328271	0.124505448394815	0.360808071463356	0.236302623068541	0	0	0	0.2	0.434177374208963	0.110993389521962	0.229260679050546	0.658313430761158	0.429052751710613	0	0	1	0.1	0.218290231621762	0.0564664488142593	0.114847298847846	0.336294664629924	0.221447365782078	0	0	1	0.2	0.463677395331099	0.11963657886315	0.243531188762006	0.713734253402557	0.470203064640551	0	0	2	0.1	0.234131384453993	0.0607748474941766	0.124227869754501	0.359199444806981	0.23497157505248	0	0	2	0.2	0.511035080020637	0.13281861031578	0.269596825213129	0.788053661910726	0.518456836697597	0	0	3	0.1	0.253157180936974	0.0659818622609196	0.133085075679282	0.390796732587501	0.257711656908219	0	0	3	0.2	0.557473172090406	0.14561185753227	0.292440392338561	0.865623357650064	0.573182965311502
657	0	0	0	0.1	0.154379677545902	0.0674155463402609	0.0200454131474272	0.285047689421642	0.265002276274215	0	0	0	0.2	0.28435469038034	0.124110366379115	0.0373915341792219	0.520766967683687	0.483375433504465	0	0	1	0.1	0.134576984798983	0.0591695467871989	0.0180974599519453	0.251801946872983	0.233704486921037	0	0	1	0.2	0.287088327317466	0.126348040427818	0.0373297426135765	0.535954314672968	0.498624572059392	0	0	2	0.1	0.14067681993312	0.0622349471202451	0.0181939513631313	0.263488314354727	0.245294362991596	0	0	2	0.2	0.308542052019241	0.136647483106522	0.04046229028342	0.578851373846248	0.538389083562828	0	0	3	0.1	0.150028940955892	0.0665881487701219	0.0198985835749476	0.282559113255803	0.262660529680855	0	0	3	0.2	0.331926991344017	0.147578293860732	0.0441383492976504	0.631150646400921	0.587012297103271
612	0	0	0	0.1	0.135522573314183	0.0577438588544749	0.0195876520666574	0.250409967723119	0.230822315656462	0	0	0	0.2	0.249601338355564	0.10619381993292	0.0376516920001177	0.461003540064848	0.42335184806473	0	0	1	0.1	0.128164931136045	0.0548216180670822	0.0188928672473797	0.237055352593274	0.218162485345894	0	0	1	0.2	0.272579247504387	0.116499204815385	0.0409001405052626	0.503872340548459	0.462972200043196	0	0	2	0.1	0.13886897059865	0.0594918619206613	0.0205783192760847	0.25919339838787	0.238615079111786	0	0	2	0.2	0.303105760269269	0.129966922338658	0.0449658590496085	0.567106564708556	0.522140705658948	0	0	3	0.1	0.15088266970118	0.0647523182483113	0.0215649287107308	0.280983195175535	0.259418266464804	0	0	3	0.2	0.33232987358023	0.142735376717607	0.0475673704304996	0.618343399411803	0.570776028981303
670	0	0	0	0.1	0.238806188911006	0.0592449981359312	0.126463047441958	0.360368248498369	0.233905201056411	0	0	0	0.2	0.432206662279725	0.106733060908539	0.226750735331365	0.656878325896927	0.430127590565561	0	0	1	0.1	0.206829739239994	0.0525377730842309	0.103855681236074	0.314747130324995	0.210891449088921	0	0	1	0.2	0.437571513061763	0.110995222322767	0.219712722100972	0.663768987958443	0.444056265857471	0	0	2	0.1	0.216296984365138	0.0557052434750721	0.108202639382407	0.330886474761779	0.222683835379372	0	0	2	0.2	0.471242399258624	0.121481654177309	0.234843320162823	0.721968283393142	0.487124963230319	0	0	3	0.1	0.230836778506508	0.0599791512567274	0.11509619306406	0.353630877226742	0.238534684162682	0	0	3	0.2	0.507527476113028	0.132141026745321	0.256035826935008	0.782144747966621	0.526108921031613
760	0	0	0	0.1	0.222622531326557	0.0674570690757983	0.0961680625133543	0.35994499307422	0.263776930560866	0	0	0	0.2	0.418355169198658	0.126430355800571	0.177364573808911	0.678427909711838	0.501063335902927	0	0	1	0.1	0.209136399283009	0.0643590259283223	0.0920243078071168	0.339211440261823	0.247187132454706	0	0	1	0.2	0.44939017868958	0.138350843024356	0.196737087706499	0.737864802634095	0.541127714927596	0	0	2	0.1	0.224959142601153	0.0698262409190359	0.0987190952975863	0.367800932753069	0.269081837455482	0	0	2	0.2	0.49549932887608	0.154033921656791	0.216000027061006	0.815161570297278	0.599161543236273	0	0	3	0.1	0.243305489429058	0.0759484073251925	0.106113757349251	0.401229655484213	0.295115898134962	0	0	3	0.2	0.540261612535344	0.169050384777443	0.233340827138826	0.889221005151591	0.655880178012765
717	0	0	0	0.1	0.148971249338812	0.0622324162740325	0.0299767009599294	0.26882464600994	0.238847945050011	0	0	0	0.2	0.278253178230169	0.116062951685024	0.0565192247087292	0.507320987783703	0.450801763074974	0	0	1	0.1	0.142222502248561	0.059615569990756	0.0297083628124684	0.258199190871207	0.228490828058739	0	0	1	0.2	0.30447216415787	0.127649979817482	0.0652529162573933	0.548163211535125	0.482910295277732	0	0	2	0.1	0.154294697008599	0.0648358820369733	0.0334770951862332	0.27994973661673	0.246472641430496	0	0	2	0.2	0.338713806384877	0.142414728358713	0.0745736307308055	0.616155028225215	0.54158139749441	0	0	3	0.1	0.167707369050152	0.0705281872142144	0.0364870416293426	0.306497900634471	0.270010859005128	0	0	3	0.2	0.371131613154157	0.156395681761047	0.0821607577647846	0.679796874269923	0.597636116505138
756	0	0	0	0.1	0.238614778664483	0.0662642643669524	0.113100388483803	0.37114712397494	0.258046735491136	0	0	0	0.2	0.437655289648981	0.120372963527735	0.208800791938723	0.671740908289357	0.462940116350634	0	0	1	0.1	0.209732958908806	0.058072317309022	0.0981490621470857	0.326037914263772	0.227888852116686	0	0	1	0.2	0.446026577849413	0.122930083437562	0.208827393001288	0.68489604806022	0.476068655058932	0	0	2	0.1	0.219824802204731	0.0607505015045707	0.10557798066149	0.339140018912761	0.233562038251271	0	0	2	0.2	0.480912568766887	0.132771548316697	0.233109583911547	0.73738040475706	0.504270820845513	0	0	3	0.1	0.234656157168261	0.0649072409696067	0.112452298481903	0.361086598803329	0.248634300321427	0	0	3	0.2	0.51815168672439	0.143311682228018	0.250902310980964	0.794770040533326	0.543867729552362
652	0	0	0	0.1	0.172036298643129	0.0719309365177982	0.0281848144998378	0.305666506939654	0.277481692439816	0	0	0	0.2	0.31303168754922	0.130739582170942	0.0534819849951974	0.555969185876459	0.502487200881262	0	0	1	0.1	0.152704430161627	0.0639637332611488	0.0253011472890484	0.272637922157857	0.247336774868808	0	0	1	0.2	0.321119077154765	0.134426957371317	0.0538298753069264	0.573626559878198	0.519796684571272	0	0	2	0.1	0.159019417219201	0.0666826797519417	0.0267141937450568	0.283465297870896	0.256751104125839	0	0	2	0.2	0.345249233701348	0.144859428271423	0.0595940514761287	0.614267956931814	0.554673905455686	0	0	3	0.1	0.169102310488776	0.0709014155945189	0.0297154633368339	0.301607083387923	0.271891620051089	0	0	3	0.2	0.371078084816378	0.155929153091994	0.061011322863927	0.661570373606682	0.600559050742755
763	0	0	0	0.1	0.152914958415051	0.0758948879234894	0.0104867133134768	0.307937385501307	0.29745067218783	0	0	0	0.2	0.293173135112009	0.144930063273954	0.021181110611926	0.597200109904874	0.576018999292948	0	0	1	0.1	0.148747847103867	0.0732642399732973	0.0105164680984839	0.302422050139214	0.291905582040731	0	0	1	0.2	0.321076663622734	0.158086053139	0.0220705800064368	0.656105823069858	0.634035243063421	0	0	2	0.1	0.160844668253655	0.0791542707136879	0.0119001595488537	0.331973041119806	0.320072881570952	0	0	2	0.2	0.355785243747167	0.175205231654134	0.0241325072951023	0.725217297599936	0.701084790304834	0	0	3	0.1	0.174277576241917	0.0857510335344684	0.0125509560438349	0.356799964959471	0.344249008915636	0	0	3	0.2	0.388489853094009	0.191402347451935	0.0270690951972042	0.79336407267436	0.766294977477156
749	0	0	0	0.1	0.181740475890449	0.0612213890588867	0.0691179089463043	0.297475405098909	0.228357496152605	0	0	0	0.2	0.33375021804646	0.111875690965855	0.127201358426886	0.553729859601825	0.426528501174938	0	0	1	0.1	0.159674518929141	0.054107647153265	0.060852640568232	0.267597214807981	0.206744574239749	0	0	1	0.2	0.341068592885669	0.115373355507903	0.130747271829361	0.570672958193724	0.439925686364363	0	0	2	0.1	0.168660800599868	0.057396724020965	0.0655795968196932	0.283225276860295	0.217645680040602	0	0	2	0.2	0.369917451172398	0.125868600073337	0.144795633867243	0.622781691711432	0.477986057844189	0	0	3	0.1	0.180964289271433	0.0618127552052828	0.0689075299544134	0.304416447805722	0.235508917851309	0	0	3	0.2	0.400120010190458	0.136653940505505	0.156975338152263	0.673293007235947	0.516317669083684
719	0	0	0	0.1	0.130983935173805	0.0598387152222776	0.0182084176258765	0.249894366594712	0.231685948968835	0	0	0	0.2	0.239709470647003	0.109277433244587	0.033531594228227	0.460775529336109	0.427243935107882	0	0	1	0.1	0.120922228780632	0.0553762266145887	0.0174418702000743	0.235169706413283	0.217727836213209	0	0	1	0.2	0.256315385210015	0.117464441377379	0.0379329350239413	0.50102167472535	0.463088739701408	0	0	2	0.1	0.129635429811819	0.0595768057409331	0.0193625302150837	0.253577005064303	0.234214474849219	0	0	2	0.2	0.2825190865442	0.130029584402876	0.0433168157281155	0.552550034611315	0.5092332188832	0	0	3	0.1	0.140138265026124	0.0645487535384367	0.0197951518045853	0.273820653079115	0.254025501274529	0	0	3	0.2	0.308211497950335	0.142180681144305	0.0462701454567239	0.60730805450726	0.561037909050536
691	0	0	0	0.1	0.273640568485529	0.0665581647879803	0.148885867076519	0.407246120325627	0.258360253249108	0	0	0	0.2	0.51637631851701	0.124959285501011	0.284586598134796	0.769751767034223	0.485165168899427	0	0	1	0.1	0.253823885895801	0.0630737265046436	0.139119230505682	0.386368417892737	0.247249187387055	0	0	1	0.2	0.5479151648499	0.1358840002428	0.300925300183791	0.835385939756162	0.534460639572371	0	0	2	0.1	0.272296720477159	0.0682385876348795	0.149552969786585	0.420803231107548	0.271250261320963	0	0	2	0.2	0.601837197283631	0.151075177019883	0.33340247759479	0.928331642363614	0.594929164768824	0	0	3	0.1	0.293906543053513	0.0741177016156793	0.162113240640542	0.455954142952803	0.293840902312261	0	0	3	0.2	0.654553746522387	0.165522514256806	0.362348785011672	1.01729758290584	0.654948797894171
724	0	0	0	0.1	0.220241950544668	0.0646691972069914	0.0946361145857822	0.345560210684134	0.250924096098352	0	0	0	0.2	0.401398527459709	0.117483023365878	0.174890965645838	0.62227666630508	0.447385700659241	0	0	1	0.1	0.191785408019404	0.0568397072994033	0.0826982205126495	0.298983625174679	0.21628540466203	0	0	1	0.2	0.407047890976575	0.1203922365357	0.17706444659252	0.634876081433461	0.45781163484094	0	0	2	0.1	0.200731393247813	0.0596805354357347	0.0863580031496314	0.314981323466941	0.22862332031731	0	0	2	0.2	0.438466007042481	0.130440262317031	0.189138161076246	0.691542578614574	0.502404417538328	0	0	3	0.1	0.214297055773566	0.0639443482697995	0.0924059792916262	0.337313421475102	0.244907442183476	0	0	3	0.2	0.47236600737717	0.141187027396493	0.202035271573521	0.747695482935663	0.545660211362142
693	0	0	0	0.1	0.143441911593078	0.0581164873118779	0.0206911165092115	0.258503828010404	0.237812711501192	0	0	0	0.2	0.266787402022939	0.10787855138071	0.0397505935149538	0.478176003407132	0.438425409892178	0	0	1	0.1	0.130434790176521	0.0529202856352969	0.0211459967040521	0.23435331001853	0.213207313314478	0	0	1	0.2	0.280073869059161	0.113667884811269	0.0459125927380684	0.502848922238561	0.456936329500492	0	0	2	0.1	0.139609003294532	0.0567871463924966	0.0225873623208355	0.250489078137119	0.227901715816284	0	0	2	0.2	0.307250530360372	0.12514363745079	0.0492667970818161	0.550869294834959	0.501602497753143	0	0	3	0.1	0.150732595973277	0.0614288625982032	0.0241186746412438	0.272302544206487	0.248183869565243	0	0	3	0.2	0.33429108254647	0.136535978518296	0.0547759692534738	0.607064731430237	0.552288762176763
627	0	0	0	0.1	0.154161344747511	0.0668845847089375	0.0319303767034752	0.290005686976041	0.258075310272565	0	0	0	0.2	0.288481245475552	0.124668065019913	0.05943832294703	0.538043892518068	0.478605569571038	0	0	1	0.1	0.142419155146888	0.0612285203755862	0.0294659993933182	0.267632370814047	0.238166371420729	0	0	1	0.2	0.305516876445958	0.131287119601655	0.0617869131397815	0.568460421605484	0.506673508465703	0	0	2	0.1	0.152279905289541	0.0653141324749387	0.0313883122878483	0.286259074044905	0.254870761757056	0	0	2	0.2	0.335037434476471	0.143843684471058	0.068117931584875	0.628016265744438	0.559898334159563	0	0	3	0.1	0.164211203386744	0.0704209443956556	0.032586391722827	0.307392953153494	0.274806561430667	0	0	3	0.2	0.36429711889057	0.156378902503353	0.0718740667262393	0.680281763328939	0.6084076966027
679	0	0	0	0.1	0.228929252749338	0.066681156671639	0.0971077183820892	0.359998437673391	0.262890719291301	0	0	0	0.2	0.428334716881936	0.1238145662351	0.18109868508997	0.670165546484805	0.489066861394835	0	0	1	0.1	0.21566203404616	0.0625481828530409	0.0908356579574706	0.337074793997093	0.246239136039623	0	0	1	0.2	0.461792255312051	0.133604009876555	0.197526195983	0.720816415827725	0.523290219844724	0	0	2	0.1	0.231985302718088	0.067330284313261	0.0998312809947956	0.360459232620576	0.26062795162578	0	0	2	0.2	0.509662905686423	0.147865257670019	0.220888796340696	0.795067106073059	0.574178309732363	0	0	3	0.1	0.25092426794315	0.0728570237312575	0.109717904975988	0.391698437709658	0.281980532733671	0	0	3	0.2	0.555911049913459	0.161759123832708	0.244737555618468	0.869444627538754	0.624707071920286
666	0	0	0	0.1	0.0225458781850039	0.0612874142327998	-0.103939356985295	0.14435677285695	0.248296129842245	0	0	0	0.2	0.0430515431910852	0.116923383720961	-0.195749725632029	0.274863283534149	0.470613009166178	0	0	1	0.1	0.0219927411275521	0.0601143229492884	-0.103766799604648	0.139259497462138	0.243026297066786	0	0	1	0.2	0.0476730556554684	0.130390614071518	-0.224323926887289	0.303432283556356	0.527756210443645	0	0	2	0.1	0.0241259587945729	0.066099153838497	-0.111651098190337	0.153724784518482	0.265375882708819	0	0	2	0.2	0.0535272669658404	0.14654517383983	-0.250017049387831	0.341710898155371	0.591727947543201	0	0	3	0.1	0.0264010075833589	0.0723954484591553	-0.12229267168031	0.169093965995109	0.291386637675419	0	0	3	0.2	0.0589649345946578	0.161561688491854	-0.274229545005534	0.373165519187906	0.647395064193441
715	0	0	0	0.1	0.218208249199526	0.0627676413313176	0.099408157338729	0.343581602264599	0.24417344492587	0	0	0	0.2	0.399379959227316	0.114525741043483	0.184775503672091	0.630760585966119	0.445985082294028	0	0	1	0.1	0.19007427771486	0.0550739339740234	0.0880240719594223	0.30203601877542	0.214011946815998	0	0	1	0.2	0.404353591171802	0.117082580862592	0.185793064906944	0.644769427801461	0.458976362894518	0	0	2	0.1	0.19902775325653	0.0578951888861262	0.0914817189882523	0.317234197094246	0.225752478105993	0	0	2	0.2	0.435452079314175	0.126871511637317	0.200873915868993	0.693338610187295	0.492464694318302	0	0	3	0.1	0.212446501785001	0.0619943413235041	0.0973365164451313	0.338359177435245	0.241022660990113	0	0	3	0.2	0.468926077201804	0.137149956612028	0.214036321431029	0.745189721663044	0.531153400232016
677	0	0	0	0.1	0.295192361611288	0.0764228421549506	0.153270509170111	0.448257316643038	0.294986807472928	0	0	0	0.2	0.552144073850474	0.142620717942412	0.290996477794302	0.829117382091187	0.538120904296885	0	0	1	0.1	0.272541564847641	0.0716202904782588	0.140697255351904	0.417656072511739	0.276958817159834	0	0	1	0.2	0.580988790403415	0.152564396718253	0.300360264959285	0.886199698094934	0.585839433135649	0	0	2	0.1	0.288008929391075	0.0761175073306809	0.149321044650546	0.445852673934624	0.296531629284079	0	0	2	0.2	0.631607593779937	0.167185506957139	0.327482105346543	0.981025535298658	0.653543429952115	0	0	3	0.1	0.308270298749649	0.0817645347921692	0.159507408852237	0.47775235024118	0.318244941388943	0	0	3	0.2	0.682300683578106	0.181471863371569	0.354422633883286	1.05534818246341	0.70092554858012
732	0	0	0	0.1	0.184748596516476	0.0670025843229498	0.0610431021883375	0.322394293692005	0.261351191503667	0	0	0	0.2	0.336040465888897	0.121756073372119	0.111421233761146	0.58462870659534	0.473207472834194	0	0	1	0.1	0.160491262194115	0.0584351682984089	0.0531124063854358	0.281642074716183	0.228529668330747	0	0	1	0.2	0.339302253774695	0.123578819482702	0.113817535749342	0.592897575969274	0.479080040219932	0	0	2	0.1	0.166932312797719	0.0608980416434293	0.0557341775988305	0.294169705784915	0.238435528186084	0	0	2	0.2	0.363774304889993	0.132906905799464	0.121080772666843	0.639306744496798	0.518225971829955	0	0	3	0.1	0.177504494474251	0.0648846595209031	0.0586170879992424	0.310925761884964	0.252308673885721	0	0	3	0.2	0.390641438636637	0.143021003525942	0.129178094698974	0.685203728621674	0.5560256339227
723	0	0	0	0.1	0.0356284914941487	0.067123822593261	-0.0980108077681416	0.162608760858651	0.260619568626792	0	0	0	0.2	0.0668510157287807	0.126635092857937	-0.186366195790273	0.311187615752461	0.497553811542734	0	0	1	0.1	0.0338524206756194	0.0645955055087213	-0.0967554398900668	0.158549815247719	0.255305255137786	0	0	1	0.2	0.0724677462986166	0.138511957478491	-0.208812963342907	0.347441094342664	0.556254057685571	0	0	2	0.1	0.0364987732002921	0.0698804405678337	-0.105683879020857	0.17378883983792	0.279472718858777	0	0	2	0.2	0.0801354617522203	0.153685592040927	-0.233950110803077	0.389994938364056	0.623945049167133	0	0	3	0.1	0.039485741753615	0.0757578765712996	-0.115606386905877	0.189636188073586	0.305242574979463	0	0	3	0.2	0.0874611904815656	0.168029118536553	-0.258385049374536	0.418839803653185	0.677224853027721
789	0	0	0	0.1	0.270898671261714	0.0764373098095306	0.118143826972113	0.422136293782845	0.303992466810732	0	0	0	0.2	0.511550036758323	0.143020358457226	0.229844826580594	0.796578399716587	0.566733573135993	0	0	1	0.1	0.252311775591181	0.0704593200909118	0.112321389213104	0.394826456549544	0.28250506733644	0	0	1	0.2	0.541952078960821	0.15111995975501	0.240636134931877	0.840993000497777	0.600356865565901	0	0	2	0.1	0.268611026308424	0.0748811225649395	0.120216939930391	0.414588262488644	0.294371322558253	0	0	2	0.2	0.592113185371594	0.1653265224505	0.265806050027013	0.91653611387218	0.650730063845166	0	0	3	0.1	0.288522074618411	0.0805538374749555	0.128925188039927	0.447703204093187	0.31877801605326	0	0	3	0.2	0.641436071427393	0.179413398126384	0.285489234136675	0.986557015050301	0.701067780913627
787	0	0	0	0.1	0.0465973394665768	0.06259234742336	-0.0795641098357874	0.166894533179566	0.246458643015353	0	0	0	0.2	0.0845156139476662	0.113713638016892	-0.14339259326737	0.298594655425181	0.441987248692551	0	0	1	0.1	0.0405264445846349	0.0547462177689267	-0.068203744329849	0.143388480392102	0.211592224721951	0	0	1	0.2	0.0858701855552661	0.115977945507743	-0.144159826563293	0.303197422379651	0.447357248942944	0	0	2	0.1	0.0425251854947805	0.057473174602903	-0.07089465673214	0.150118428736643	0.221013085468783	0	0	2	0.2	0.0926876056845036	0.125374757246893	-0.156359355133598	0.326596005538808	0.482955360672407	0	0	3	0.1	0.0454851386378782	0.0614837438157978	-0.0755751041448316	0.162822565837537	0.238397669982368	0	0	3	0.2	0.100017806341285	0.135276104502835	-0.167858277832582	0.354473308016003	0.522331585848585
680	0	0	0	0.1	0.174987331918329	0.0629570932213371	0.0528594284459137	0.295743619481694	0.24288419103578	0	0	0	0.2	0.328436577957136	0.117189589661879	0.0994601974996048	0.549181402070555	0.44972120457095	0	0	1	0.1	0.166773482672351	0.0593820653032418	0.0510646374536885	0.279505650912639	0.228441013458951	0	0	1	0.2	0.358640281812387	0.127269726554075	0.10874138332226	0.598039277633601	0.489297894311341	0	0	2	0.1	0.181250076088123	0.0642921438461521	0.0556814032551004	0.299929447510616	0.244248044255515	0	0	2	0.2	0.399183038340991	0.141558675624737	0.120798037154764	0.65971060796829	0.538912570813525	0	0	3	0.1	0.197177477338402	0.0699485387796576	0.0609871053358426	0.326153146744834	0.265166041408992	0	0	3	0.2	0.437542551218614	0.155198059674911	0.135039478838034	0.723918233805699	0.588878754967665
570	0	0	0	0.1	0.265681631434346	0.0693395251663567	0.133077648092639	0.401638504793376	0.268560856700737	0	0	0	0.2	0.504093245596175	0.130095683776599	0.254453000454039	0.768196640084159	0.51374363963012	0	0	1	0.1	0.250430080556774	0.065031691455678	0.124566625100202	0.382423633923041	0.257857008822839	0	0	1	0.2	0.540624118157013	0.139791609342864	0.267982288045033	0.825262006882647	0.557279718837613	0	0	2	0.1	0.269189178439006	0.0698184720866006	0.132802389980662	0.408978051009886	0.276175661029224	0	0	2	0.2	0.59524423304064	0.154148890266073	0.291028908722265	0.90189529072047	0.610866381998205	0	0	3	0.1	0.290935658629439	0.0754949720761924	0.141184229559039	0.439049544045137	0.297865314486098	0	0	3	0.2	0.648214391112411	0.16827854120578	0.314396797553376	0.982655184711756	0.66825838715838
730	0	0	0	0.1	0.320877732581042	0.074990816365636	0.174802246309061	0.460245179004403	0.285442932695343	0	0	0	0.2	0.600370053123124	0.139060565812419	0.332625664972128	0.868013289522817	0.535387624550688	0	0	1	0.1	0.286022633081596	0.0669047821861847	0.15783387287774	0.415059561221773	0.257225688344033	0	0	1	0.2	0.613614709846876	0.143237058692717	0.342429646078545	0.889702020172152	0.547272374093607	0	0	2	0.1	0.299851516245604	0.0703283359713353	0.16802896929727	0.435612659005399	0.267583689708129	0	0	2	0.2	0.660651743023938	0.155238728453371	0.371102651747657	0.958213176252272	0.587110524504615	0	0	3	0.1	0.319769212911753	0.0751593626474174	0.179816350465133	0.466832209652079	0.287015859186946	0	0	3	0.2	0.710426002465548	0.167736756783053	0.400600860923936	1.03679923703708	0.636198376113146
783	0	0	0	0.1	0.186310479149772	0.0732521073457436	0.0530867768369261	0.336320415751013	0.283233638914086	0	0	0	0.2	0.352348981215449	0.138711409882514	0.100580969696479	0.638782413048091	0.538201443351612	0	0	1	0.1	0.180129931994306	0.0715569214936133	0.0499752374903175	0.330819677529991	0.280844440039674	0	0	1	0.2	0.385865367338159	0.15355432506718	0.108220858517252	0.711231919356425	0.603011060839172	0	0	2	0.1	0.194316155405482	0.0776795691624902	0.0545626117510086	0.360420389559551	0.305857777808543	0	0	2	0.2	0.427172510524866	0.171106249149745	0.12016766216985	0.79751260377704	0.67734494160719	0	0	3	0.1	0.210260564041319	0.0844236805476877	0.0583966516468424	0.390628726758959	0.332232075112116	0	0	3	0.2	0.466332417586477	0.18761611932488	0.133479340397689	0.872664785561094	0.739185445163406
737	0	0	0	0.1	0.184868069576532	0.0710602489866034	0.051060168434693	0.327069204434834	0.276009036000141	0	0	0	0.2	0.351225273337936	0.134855663674727	0.0985404453013204	0.618582301854353	0.520041856553032	0	0	1	0.1	0.168140960947791	0.0650465148150439	0.045103253359267	0.298258223710051	0.253154970350784	0	0	1	0.2	0.364863718719237	0.141378919633424	0.096921576479557	0.649120888712517	0.55219931223296	0	0	2	0.1	0.179127527829699	0.0696893543711349	0.0468049839213696	0.322080479575203	0.275275495653834	0	0	2	0.2	0.397709072328831	0.155147962596142	0.103898959629109	0.719846934101618	0.615947974472509	0	0	3	0.1	0.192735097267891	0.0753187351914133	0.050970802304087	0.349682653986223	0.298711851682136	0	0	3	0.2	0.43077870177226	0.168789006264886	0.112792658802015	0.783943191720511	0.671150532918495
632	0	0	0	0.1	0.288814955147312	0.0730636806328014	0.154185688489085	0.44326189404206	0.289076205552975	0	0	0	0.2	0.551915695026334	0.139507207429655	0.297017252435581	0.850446276058374	0.553429023622793	0	0	1	0.1	0.279280646685177	0.0720412107044374	0.145839412806524	0.435834250740441	0.289994837933917	0	0	1	0.2	0.602965843869843	0.155926810714244	0.315180804311433	0.941647094039516	0.626466289728083	0	0	2	0.1	0.301754441035735	0.0786826075772128	0.156468937008111	0.475842904978099	0.319373967969988	0	0	2	0.2	0.6673669985738	0.174761873780133	0.344937058424566	1.05937164995331	0.71443459152874	0	0	3	0.1	0.326775502896879	0.0858288969999339	0.168436853308813	0.513768848155236	0.345331994846424	0	0	3	0.2	0.728353848541625	0.19226876179537	0.37459830301195	1.1522694721883	0.77767116917635
636	0	0	0	0.1	0.160541765648246	0.0631756631433842	0.0485949465567261	0.285542630452305	0.236947683895579	0	0	0	0.2	0.295731558087747	0.116637379485788	0.0881568784939513	0.531690460495959	0.443533582002008	0	0	1	0.1	0.145768861046751	0.0581088937091223	0.0420483562421815	0.262400182536462	0.22035182629428	0	0	1	0.2	0.310334166497418	0.123881221100466	0.0900716677047377	0.559950562318272	0.469878894613535	0	0	2	0.1	0.155134772090273	0.0622208527183972	0.0449452176195923	0.279807865395073	0.23486264777548	0	0	2	0.2	0.339394782573591	0.136515255948938	0.095567844562818	0.619367190354701	0.523799345791883	0	0	3	0.1	0.166941113057782	0.0672830067637529	0.0483303726499716	0.30339511055491	0.255064737904938	0	0	3	0.2	0.36847786071228	0.14882619059749	0.103335906535503	0.673322318055497	0.569986411519993
721	0	0	0	0.1	0.155024344227491	0.0594546498375021	0.0414949954893047	0.271794738418069	0.230299742928764	0	0	0	0.2	0.281406956768884	0.107628130748874	0.0761355851009637	0.495223028751783	0.419087443650819	0	0	1	0.1	0.13567676663203	0.0521793088578028	0.036731534368854	0.241310942889786	0.204579408520932	0	0	1	0.2	0.287426335874359	0.110415490007887	0.0773227434758045	0.510115112951966	0.432792369476161	0	0	2	0.1	0.142562770274146	0.0550042229789874	0.036765490490582	0.249993310381347	0.213227819890765	0	0	2	0.2	0.31080903957262	0.119989847924835	0.0817922551350034	0.550966684094711	0.469174428959708	0	0	3	0.1	0.15251385901073	0.058977633043345	0.0407990395783977	0.271308050066597	0.230509010488199	0	0	3	0.2	0.335603057839907	0.129973200398236	0.0868490188860125	0.592884538919257	0.506035520033244
722	0	0	0	0.1	0.169891474151189	0.0639788679720505	0.0480042796553791	0.293529230228727	0.245524950573348	0	0	0	0.2	0.307783838769307	0.11536891702224	0.0878293579530229	0.531961618044351	0.444132260091328	0	0	1	0.1	0.148484034615811	0.0557460598283549	0.0427455953648982	0.25551192352413	0.212766328159232	0	0	1	0.2	0.313460902976956	0.117443571081149	0.0906616552900722	0.537834883863726	0.447173228573653	0	0	2	0.1	0.155206527094731	0.0582916569933902	0.0451057277414368	0.266761602270251	0.221655874528814	0	0	2	0.2	0.337677044040358	0.126797821629628	0.0977569906214474	0.578455896715165	0.480698906093717	0	0	3	0.1	0.165540141219903	0.0621442149302924	0.0477024138048137	0.285333861591118	0.237631447786304	0	0	3	0.2	0.363793570049215	0.13682919383306	0.103182812291958	0.625644623611626	0.522461811319669
720	0	0	0	0.1	0.202003501929756	0.0589406208331619	0.0920953893115926	0.318360575000539	0.226265185688946	0	0	0	0.2	0.365742043720511	0.106078465927559	0.168663679815273	0.576477619930269	0.407813940114997	0	0	1	0.1	0.177788546994529	0.052306534579893	0.0783082872521426	0.282006515865355	0.203698228613212	0	0	1	0.2	0.375824006781366	0.110119649343304	0.167104336325258	0.59811267271037	0.431008336385112	0	0	2	0.1	0.187142502122607	0.0551569026181273	0.0835990473477383	0.296888280703324	0.213289233355586	0	0	2	0.2	0.407289146683907	0.119932692151919	0.181369066834278	0.643744268443078	0.4623752016088	0	0	3	0.1	0.200462721697783	0.0592476819792947	0.0886071998455252	0.318095379638467	0.229488179792942	0	0	3	0.2	0.440249459258298	0.130139195484905	0.196581845267358	0.693095602743434	0.496513757476075
835	0	0	0	0.1	0.251937327433039	0.0750077125734468	0.103456573599133	0.403312097026894	0.299855523427762	0	0	0	0.2	0.463196498675087	0.137458039273625	0.192264322571492	0.736237044301928	0.543972721730436	0	0	1	0.1	0.219307177348597	0.0655502742193604	0.0886970965326087	0.352728504651401	0.264031408118792	0	0	1	0.2	0.465010826144119	0.139067998769696	0.188953261565626	0.750120936775871	0.561167675210245	0	0	2	0.1	0.226697569466514	0.0681414651073574	0.0944621233172928	0.366830570344591	0.272368447027298	0	0	2	0.2	0.495476688955555	0.149376536497167	0.20728793058923	0.79984485456497	0.592556923975739	0	0	3	0.1	0.240039127220743	0.0724517026243747	0.100818588190601	0.388534869770444	0.287716281579843	0	0	3	0.2	0.529792899497879	0.160523315265022	0.223366244757304	0.855622623989656	0.632256379232352
759	0	0	0	0.1	0.280529592243876	0.0651175992696525	0.14900516155639	0.407967273700962	0.258962112144573	0	0	0	0.2	0.529984430457626	0.122469002455579	0.282962572732209	0.771162496216132	0.488199923483923	0	0	1	0.1	0.271670773827305	0.0644436329080663	0.14304210869825	0.40558993327867	0.26254782458042	0	0	1	0.2	0.584447005826608	0.138401103654866	0.308432237819173	0.872800595480707	0.564368357661534	0	0	2	0.1	0.295504553779715	0.0706800959947644	0.159542387167196	0.449059803494423	0.289517416327227	0	0	2	0.2	0.651202678126669	0.155929229053329	0.353467730037904	0.985033624508339	0.631565894470435	0	0	3	0.1	0.321374574602979	0.0773018823573116	0.171713916548593	0.487008563897171	0.315294647348578	0	0	3	0.2	0.713659992159405	0.17209252591896	0.382951690046686	1.07676301649818	0.693811326451497
736	0	0	0	0.1	0.14399626728143	0.0633078206185036	0.0220099736048174	0.265417133949304	0.243407160344486	0	0	0	0.2	0.267468606569852	0.117559015043675	0.0424442751136817	0.503327046225244	0.460882771111562	0	0	1	0.1	0.128367807191174	0.0566535617231552	0.0215664464265201	0.238226911606072	0.216660465179552	0	0	1	0.2	0.27505235955537	0.121643108029492	0.0457985941488576	0.512280803607057	0.4664822094582	0	0	2	0.1	0.135616390671695	0.0600981026335297	0.0228408322133938	0.25282671241357	0.229985880200177	0	0	2	0.2	0.298228360594533	0.132551015678168	0.0517093336961899	0.558991366087692	0.507282032391502	0	0	3	0.1	0.14538094013882	0.06459217211082	0.0242495980002935	0.270126343404792	0.245876745404499	0	0	3	0.2	0.322208110829042	0.143636668332002	0.0554505870315308	0.602781554029043	0.547330966997512
769	0	0	0	0.1	0.135725306766194	0.0633653193532755	0.0130176363262412	0.261551354253169	0.248533717926928	0	0	0	0.2	0.251416797807329	0.117182999261029	0.0241485648855444	0.480378007560469	0.456229442674925	0	0	1	0.1	0.119372360788494	0.0557901239382276	0.0117350529183718	0.228864173628	0.217129120709628	0	0	1	0.2	0.256447052830632	0.119802783685169	0.0253145863230475	0.488176873500169	0.462862287177121	0	0	2	0.1	0.126361010689114	0.0591666038787369	0.0123766315935159	0.24486991994805	0.232493288354534	0	0	2	0.2	0.278314413920116	0.130352917089115	0.0262906881987845	0.537167223860184	0.510876535661399	0	0	3	0.1	0.135717471905134	0.0635957417478331	0.0139164814281695	0.265152718551331	0.251236237123162	0	0	3	0.2	0.301052746390085	0.141238792358727	0.0301505920674785	0.590676649806884	0.560526057739405
781	0	0	0	0.1	0.215336149031911	0.0623281226875345	0.0870826312792209	0.332283334025488	0.245200702746267	0	0	0	0.2	0.387848618976844	0.111203326507693	0.162399250067154	0.599989597534267	0.437590347467113	0	0	1	0.1	0.180219494447554	0.0516953025644972	0.0786109919074875	0.279341345150309	0.200730353242822	0	0	1	0.2	0.380967361966786	0.108824306408963	0.165924427852535	0.59454390776978	0.428619479917244	0	0	2	0.1	0.185819217556218	0.0530657653301411	0.0810490812986828	0.288329512352858	0.207280431054176	0	0	2	0.2	0.404794844953227	0.115516057921644	0.177092638911456	0.629346435036427	0.45225379612497	0	0	3	0.1	0.19689329323855	0.0561875888303788	0.0868670673932347	0.305314182450493	0.218447115057259	0	0	3	0.2	0.433065405882757	0.123672581812355	0.1938985281282	0.669644812622521	0.475746284494321
771	0	0	0	0.1	0.184132342023945	0.0542733535431706	0.0837182355081615	0.295468317262401	0.21175008175424	0	0	0	0.2	0.334729937955516	0.0980868399624973	0.149109365917127	0.53532585617605	0.386216490258924	0	0	1	0.1	0.166335072107261	0.0490771513471556	0.0729083877014722	0.266813319270458	0.193904931568986	0	0	1	0.2	0.352969694081098	0.103851834889949	0.154324468690715	0.564585710490721	0.410261241800006	0	0	2	0.1	0.177913200082911	0.0524918711138409	0.0786500763828621	0.28337777699563	0.204727700612768	0	0	2	0.2	0.387857022502941	0.114466882477346	0.170376339976929	0.613782406029113	0.443406066052184	0	0	3	0.1	0.192214376836241	0.0568320744066931	0.0850551042380684	0.306067193364069	0.221012089126001	0	0	3	0.2	0.422764312832218	0.12498061990877	0.187351007621399	0.671756725071171	0.484405717449773
706	0	0	0	0.1	0.205864079478493	0.0602999473352027	0.0969499215488367	0.325422905068181	0.228472983519344	0	0	0	0.2	0.389053864806624	0.113905681094881	0.181545010645783	0.615390238485429	0.433845227839646	0	0	1	0.1	0.202202549886975	0.0601875254247158	0.0890882937286104	0.332404650198027	0.243316356469416	0	0	1	0.2	0.436023344676731	0.13001759101129	0.19377440928343	0.71217088187281	0.518396472589381	0	0	2	0.1	0.222142418571119	0.0665840755556698	0.0970477139657844	0.361648151671082	0.264600437705297	0	0	2	0.2	0.490101785490584	0.147255053799734	0.215605885113303	0.79895384494909	0.583347959835787	0	0	3	0.1	0.243132436843718	0.0730936596919847	0.104889907933446	0.395526179618622	0.290636271685176	0	0	3	0.2	0.540151103057617	0.163001276577432	0.239057551015687	0.884238061573356	0.645180510557669
765	0	0	0	0.1	0.256968248556541	0.059728913728709	0.146228414671492	0.374259189149347	0.228030774477855	0	0	0	0.2	0.476557562966852	0.110358455891299	0.276708528829218	0.694562231435763	0.417853702606545	0	0	1	0.1	0.242554945963356	0.0572575617064183	0.136858690311903	0.355735321236927	0.218876630925024	0	0	1	0.2	0.517974250118746	0.122257136326569	0.294940461936697	0.762783385720254	0.467842923783557	0	0	2	0.1	0.262474444533471	0.0626136581102869	0.14875355688246	0.390425112935198	0.241671556052738	0	0	2	0.2	0.575146552058516	0.137494254426936	0.325688459566736	0.861070429340771	0.535381969774035	0	0	3	0.1	0.284982903500477	0.0683849853419346	0.162328106723942	0.428862305956917	0.266534199232975	0	0	3	0.2	0.629470845052308	0.151612277195955	0.355758381705616	0.953996639778238	0.598238258072622
772	0	0	0	0.1	0.0148881193787148	0.0697533632824987	-0.12013285017919	0.151033451670197	0.271166301849387	0	0	0	0.2	0.0277322855196004	0.130271267056458	-0.222660882409349	0.275205515379054	0.497866397788403	0	0	1	0.1	0.0135857232691057	0.0636326679106498	-0.106930807720116	0.134774155502698	0.241704963222814	0	0	1	0.2	0.0291185278043195	0.136264902774971	-0.231092329604026	0.291680109593427	0.522772439197453	0	0	2	0.1	0.0144511595798589	0.0675817643146368	-0.113363936585808	0.144592881280611	0.25795681786642	0	0	2	0.2	0.0318528349000908	0.148567456644953	-0.250811918152085	0.321542880143114	0.572354798295199	0	0	3	0.1	0.0155650608593749	0.0725790800736762	-0.122016004631764	0.15611731450786	0.278133319139624	0	0	3	0.2	0.0345709415627047	0.160928605195411	-0.269661969131108	0.354043138785	0.623705107916108
664	0	0	0	0.1	0.282573920941413	0.0723410664382631	0.14557006879269	0.430073448890655	0.284503380097965	0	0	0	0.2	0.538958395304377	0.138425046845507	0.284564564318527	0.820122685439086	0.535558121120559	0	0	1	0.1	0.267874075270233	0.0706001599055573	0.142869219468131	0.411572385937343	0.268703166469212	0	0	1	0.2	0.579879462559694	0.153445614935068	0.312748053662763	0.89066334996805	0.577915296305286	0	0	2	0.1	0.288354209081225	0.076862518266094	0.155949704850739	0.44579616361471	0.289846458763971	0	0	2	0.2	0.638849358313126	0.17115637355247	0.345771927352045	0.994398553283099	0.648626625931054	0	0	3	0.1	0.31157740195805	0.0835244547687625	0.169348322894853	0.484056693166729	0.314708370271876	0	0	3	0.2	0.695378834982996	0.187594207328667	0.375439086780221	1.08905879798143	0.713619711201206
788	0	0	0	0.1	0.151258564698929	0.0640099534463146	0.0269392030234743	0.27504530590996	0.248106102886485	0	0	0	0.2	0.269538338477334	0.11411407171199	0.0483156535384541	0.493465871367289	0.445150217828835	0	0	1	0.1	0.122119837034903	0.052018040891878	0.0218260568909025	0.227005461988576	0.205179405097674	0	0	1	0.2	0.256147275239226	0.10915162630644	0.0458081660962539	0.475743221553983	0.429935055457729	0	0	2	0.1	0.123010095372559	0.0526578069981441	0.0220582669543689	0.231847322202231	0.209789055247862	0	0	2	0.2	0.266828129898986	0.114429308314885	0.047902067995277	0.507331700263376	0.459429632268099	0	0	3	0.1	0.128717785774422	0.0553116353859778	0.0233646088658866	0.244088787026905	0.220724178161018	0	0	3	0.2	0.282107516294385	0.121439519277586	0.0510950399071898	0.536944217882806	0.485849177975617
764	0	0	0	0.1	0.192313338445581	0.0607142041366134	0.0772853129811196	0.30908700330461	0.231801690323491	0	0	0	0.2	0.349309811752731	0.109819851058852	0.139984186080789	0.561222587509086	0.421238401428297	0	0	1	0.1	0.164863611847556	0.0521984175712997	0.0663356096436138	0.267204875729209	0.200869266085595	0	0	1	0.2	0.350181892971861	0.110739377021935	0.141184808872759	0.568873027783128	0.42768821891037	0	0	2	0.1	0.172161835348322	0.0546807225714966	0.0687586142021498	0.282204676993709	0.213446062791559	0	0	2	0.2	0.376208151441348	0.119533707124953	0.151013661737993	0.612913162676337	0.461899500938343	0	0	3	0.1	0.183632645011989	0.0584212619037008	0.0715741174027581	0.300631995552693	0.229057878149935	0	0	3	0.2	0.40476315583137	0.129065093666503	0.160126455032983	0.663723542036425	0.503597087003441
702	0	0	0	0.1	0.228303872248041	0.0713881658532207	0.0914768858410881	0.373934142303557	0.282457256462468	0	0	0	0.2	0.431381549734201	0.134294040497912	0.173634043473388	0.701896648579162	0.528262605105774	0	0	1	0.1	0.219778623750405	0.069482277559157	0.0875806508380238	0.361318269957031	0.273737619119007	0	0	1	0.2	0.471644771348703	0.148816653637863	0.18742821667018	0.766399330095189	0.578971113425009	0	0	2	0.1	0.237469557869845	0.0754115817365814	0.0958902759165888	0.389723951805509	0.29383367588892	0	0	2	0.2	0.522665572811388	0.165983712813149	0.209091941652855	0.854298120136568	0.645206178483713	0	0	3	0.1	0.257344779629984	0.081953238663056	0.103447272917881	0.420841959962634	0.317394687044753	0	0	3	0.2	0.571080594453982	0.182084849589376	0.228351564170348	0.933356223450786	0.705004659280438
745	0	0	0	0.1	0.221117652330775	0.0753748854129188	0.0794110073660709	0.373313136067682	0.293902128701611	0	0	0	0.2	0.41354148736327	0.14041880987973	0.152105206496179	0.698692082506493	0.546586876010313	0	0	1	0.1	0.201493699617618	0.0687714094649225	0.0734861736333816	0.34444666930307	0.270960495669688	0	0	1	0.2	0.430687630196291	0.14681151339391	0.157370806069616	0.731088677024913	0.573717870955296	0	0	2	0.1	0.212521144793046	0.0725882522272557	0.077849285508928	0.362116258421083	0.284266972912155	0	0	2	0.2	0.466963488578714	0.15957482872334	0.173414722753895	0.798901545081615	0.625486822327719	0	0	3	0.1	0.227352574662751	0.0777783230113038	0.0836156107439475	0.38988956346542	0.306273952721472	0	0	3	0.2	0.50405187553282	0.172642172136482	0.187033007364446	0.86863509245174	0.681602085087294
811	0	0	0	0.1	0.154057241517307	0.0589386292258393	0.0343598948768883	0.268173987226393	0.233814092349505	0	0	0	0.2	0.282629915919694	0.107796454657308	0.0620593698690506	0.488599405260522	0.426540035391472	0	0	1	0.1	0.137011950428049	0.0522369211521105	0.0295502083691217	0.237368326230481	0.207818117861359	0	0	1	0.2	0.292853284249289	0.111590957937302	0.0655032955962316	0.509004412541819	0.443501116945587	0	0	2	0.1	0.146055455372993	0.0556379916950101	0.0328179385424825	0.253818044404619	0.221000105862137	0	0	2	0.2	0.320166016372776	0.122151337918418	0.0723739639478473	0.559971279358247	0.4875973154104	0	0	3	0.1	0.157416403937779	0.0600546819432906	0.0364846315883524	0.274075718462254	0.237591086873902	0	0	3	0.2	0.347885901703723	0.132887053517221	0.0784769592366862	0.607492448946357	0.529015489709671
611	0	0	0	0.1	0.207802830551888	0.0700997369846017	0.0811682670064767	0.350432319070117	0.269264052063641	0	0	0	0.2	0.384770585343899	0.129868551430252	0.149810500210399	0.652608936523721	0.502798436313322	0	0	1	0.1	0.182202591946907	0.0618304434652865	0.0690225548903141	0.307199233814697	0.238176678924383	0	0	1	0.2	0.389251989313563	0.132284073892738	0.147106165351449	0.654804094727793	0.507697929376345	0	0	2	0.1	0.190331286216245	0.0648443138259295	0.0723338705953028	0.322436480356061	0.250102609760758	0	0	2	0.2	0.41803661280016	0.1427136944215	0.161708585392782	0.710685954881421	0.548977369488639	0	0	3	0.1	0.202732051894306	0.0692129841034967	0.0776899528470258	0.343767560545561	0.266077607698536	0	0	3	0.2	0.449197462015264	0.15393512709317	0.175113937109164	0.763027587021704	0.58791364991254
660	0	0	0	0.1	0.221218913790772	0.0672515926125085	0.0917853758866439	0.351707037369653	0.259921661483009	0	0	0	0.2	0.412184890483156	0.124978495064651	0.171732369766314	0.654244051855945	0.482511682089631	0	0	1	0.1	0.198204614570242	0.0607316783748185	0.0823291216606911	0.317318809197921	0.23498968753723	0	0	1	0.2	0.424769076287156	0.130276905410352	0.176115027329609	0.685664159863292	0.509549132533682	0	0	2	0.1	0.209125497486289	0.0644751494830832	0.0870628497258157	0.337188222279163	0.250125372553347	0	0	2	0.2	0.460151058632883	0.142142945866093	0.194226401835296	0.737947693114546	0.54372129127925	0	0	3	0.1	0.223965522215135	0.0694192331868104	0.0951403230787239	0.36025554530794	0.265115222229216	0	0	3	0.2	0.496827726639502	0.154286474650766	0.211763640210916	0.797909135726183	0.586145495515267
782	0	0	0	0.1	0.214017962719118	0.0727973104314755	0.0715565777058433	0.364120548307087	0.292563970601244	0	0	0	0.2	0.398847797350437	0.135272078172554	0.135211636649979	0.670438838407213	0.535227201757235	0	0	1	0.1	0.193392678485629	0.0657077596936778	0.0658310362684921	0.32465537300594	0.258824336737448	0	0	1	0.2	0.412786015106436	0.140284965949732	0.140788910734149	0.690423603022177	0.549634692288028	0	0	2	0.1	0.203451534936663	0.0691935473782794	0.0693225510972577	0.341974566901572	0.272652015804314	0	0	2	0.2	0.446456187585184	0.152095075722342	0.151922754347293	0.747862000266329	0.595939245919036	0	0	3	0.1	0.217309403275058	0.074018371824792	0.0745506232221181	0.365160015877791	0.290609392655672	0	0	3	0.2	0.481164824423499	0.164195383946215	0.165880857346466	0.807661521347907	0.641780664001441
742	0	0	0	0.1	0.176462074208419	0.0727920971359876	0.0310429019505679	0.318265970354866	0.287223068404298	0	0	0	0.2	0.330349127549338	0.135739087323762	0.0588941958530435	0.593734619884214	0.534840424031171	0	0	1	0.1	0.16723452958944	0.0693330918727998	0.0303773051354774	0.302921744437083	0.272544439301606	0	0	1	0.2	0.356354912598872	0.147451296750327	0.0633562705904566	0.645081366026044	0.581725095435587	0	0	2	0.1	0.178925430500959	0.0744221316948753	0.0323455895276377	0.320364917017434	0.288019327489796	0	0	2	0.2	0.392000236301229	0.162824337762987	0.0684095303013724	0.705327910995532	0.63691838069416	0	0	3	0.1	0.192941754642229	0.0803564994117841	0.0331572416183206	0.352205634999241	0.31904839338092	0	0	3	0.2	0.4264566010168	0.177703571602408	0.0746799522712025	0.780248150983909	0.705568198712706
779	0	0	0	0.1	0.133119446064554	0.0795257014170359	-0.0202258179408016	0.282444686731516	0.302670504672318	0	0	0	0.2	0.257294225423472	0.153673714149471	-0.0371392979143789	0.559257502697755	0.596396800612134	0	0	1	0.1	0.132754291675934	0.0794205957741882	-0.0197301430707795	0.288916802315812	0.308646945386592	0	0	1	0.2	0.287126566741365	0.172036619377279	-0.0422407359728146	0.629277473426349	0.671518209399164	0	0	2	0.1	0.144617332869333	0.0866971651144244	-0.0216320340399989	0.317590550311501	0.3392225843515	0	0	2	0.2	0.32033627018395	0.19229185917503	-0.0466764748817212	0.705431474654837	0.752107949536558	0	0	3	0.1	0.157225275416097	0.0943973399088731	-0.0237724467916013	0.347304532072016	0.371076978863617	0	0	3	0.2	0.351116264730802	0.211078630580647	-0.0512090127421913	0.775625455259529	0.826834468001721
646	0	0	0	0.1	0.296022835075792	0.063581081081147	0.169969004357284	0.42240712058126	0.252438116223976	0	0	0	0.2	0.540726576120874	0.115563087451944	0.313903351077399	0.765660965233182	0.451757614155783	0	0	1	0.1	0.266161159487524	0.0587672520638001	0.149720688262509	0.389173300420933	0.239452612158424	0	0	1	0.2	0.563336934676277	0.124012147428701	0.325725800324421	0.82252951835327	0.49680371802885	0	0	2	0.1	0.280822646759303	0.0626321161951864	0.165232957485458	0.411044408074185	0.245811450588727	0	0	2	0.2	0.612040706945019	0.13682634273155	0.358940963993603	0.89780673743308	0.538865773439478	0	0	3	0.1	0.300843137806007	0.0677135462306663	0.175513157152224	0.44113243312183	0.265619275969607	0	0	3	0.2	0.662103273607932	0.149469750427637	0.388196444594942	0.988587421726629	0.600390977131687
795	0	0	0	0.1	0.22924193473222	0.0724457469077646	0.0875296866455474	0.370915519475265	0.283385832829718	0	0	0	0.2	0.424581593461823	0.133118374423565	0.165894320908626	0.683074695560897	0.517180374652271	0	0	1	0.1	0.208395842001282	0.0649607439818505	0.0819032763728029	0.333872809008534	0.251969532635731	0	0	1	0.2	0.443253825370108	0.137743362603918	0.174935721266732	0.708188914908749	0.533253193642017	0	0	2	0.1	0.22002169898123	0.0682016936901817	0.0876784760761601	0.353459901856406	0.265781425780246	0	0	2	0.2	0.481475423026293	0.149216020817652	0.193351651970936	0.769054038561897	0.575702386590961	0	0	3	0.1	0.235613760336384	0.0729098420287952	0.0965001812261947	0.376369263899955	0.279869082673761	0	0	3	0.2	0.520374850344336	0.161218697417141	0.212883963346981	0.830379489766301	0.617495526419321
766	0	0	0	0.1	0.156892964200957	0.0651849630057273	0.0347450414734359	0.28078421335968	0.246039171886244	0	0	0	0.2	0.290350570575245	0.119766100975209	0.0647268925841332	0.5214881946416	0.456761302057467	0	0	1	0.1	0.142085678837179	0.0583593117193516	0.0310748655609273	0.257828435512899	0.226753569951972	0	0	1	0.2	0.303983549234353	0.124469717241317	0.0665289286024607	0.549271237712022	0.482742309109561	0	0	2	0.1	0.151622285130146	0.0620128885822848	0.0333082601129655	0.275992450684532	0.242684190571566	0	0	2	0.2	0.332867566348392	0.135929792283003	0.0724336365795985	0.600090344456194	0.527656707876596	0	0	3	0.1	0.163490490164948	0.0666965388442011	0.0358358328472751	0.296252709138142	0.260416876290867	0	0	3	0.2	0.361860867284503	0.147564545842609	0.0797617340922777	0.65276190571243	0.573000171620152
701	0	0	0	0.1	0.237015784312443	0.0683002994598859	0.106191284402352	0.375690750364363	0.269499465962011	0	0	0	0.2	0.439626345000831	0.12635453654183	0.19897802971903	0.691046987450876	0.492068957731847	0	0	1	0.1	0.212402873984957	0.0620013132774246	0.0942947002097402	0.337592972796904	0.243298272587164	0	0	1	0.2	0.45385571663394	0.132452867399153	0.203177344945815	0.729586858956777	0.526409514010962	0	0	2	0.1	0.224019208939073	0.0658341019822026	0.0989604626043219	0.358752773158456	0.259792310554134	0	0	2	0.2	0.491788112417482	0.144836423069924	0.218714722723882	0.789605476842304	0.570890754118422	0	0	3	0.1	0.23984183860185	0.0708520941393651	0.104785709112468	0.384446051311313	0.279660342198846	0	0	3	0.2	0.531043105271722	0.157342349478623	0.23327317456632	0.856117094842875	0.622843920276555
682	0	0	0	0.1	0.075801681350177	0.0629725656889717	-0.0467186779223162	0.198356556821438	0.245075234743754	0	0	0	0.2	0.138144715347037	0.114681895237643	-0.0870835771352207	0.366624040796211	0.453707617931432	0	0	1	0.1	0.0618597542672639	0.0514924094327848	-0.0395638356920438	0.163803961121644	0.203367796813688	0	0	1	0.2	0.13235206744522	0.110062166080273	-0.0854219782342835	0.347384668780321	0.432806647014604	0	0	2	0.1	0.0637019764297784	0.0530924821581683	-0.040105013275822	0.169062944529583	0.209167957805405	0	0	2	0.2	0.140091400699148	0.116536874700681	-0.085306298920198	0.371336366991897	0.456642665912095	0	0	3	0.1	0.0675672034275486	0.0562099403333082	-0.0415354025403131	0.180192979559148	0.221728382099462	0	0	3	0.2	0.149514654203478	0.124402701040342	-0.0938594077941824	0.39912150259593	0.492980910390113
793	0	0	0	0.1	0.322611880620796	0.0677495041938382	0.195338654615949	0.45498387719024	0.259645222574291	0	0	0	0.2	0.582779485654434	0.121419950771113	0.350017503618046	0.829881325625743	0.479863822007696	0	0	1	0.1	0.274059477801863	0.0585390892888897	0.163651673172019	0.392710234090366	0.229058560918347	0	0	1	0.2	0.578632333348666	0.122936263556521	0.348440857005846	0.829963226779298	0.481522369773452	0	0	2	0.1	0.282892988118717	0.0606240419243719	0.170070551820594	0.410603296222521	0.240532744401928	0	0	2	0.2	0.615914060232085	0.131988381983492	0.370775741128862	0.894012553198225	0.523236812069363	0	0	3	0.1	0.299689340309799	0.0644235924143737	0.178429236465182	0.434675837065526	0.256246600600343	0	0	3	0.2	0.658941445659736	0.141962486851582	0.393502003503579	0.958023426570815	0.564521423067236
639	0	0	0	0.1	0.375696829308107	0.0657317663380116	0.252558545966517	0.499396843354303	0.246838297387786	0	0	0	0.2	0.695411983936667	0.121985442289372	0.464786915929103	0.926886400043243	0.46209948411414	0	0	1	0.1	0.348003225990671	0.0646749815127176	0.231433735929503	0.476270068519217	0.244836332589714	0	0	1	0.2	0.74002961386926	0.137662212341829	0.490337148289644	1.01396152405737	0.523624375767728	0	0	2	0.1	0.370070588949142	0.0704421143849503	0.242206796566645	0.514172316878146	0.271965520311501	0	0	2	0.2	0.809323185255353	0.154731564375259	0.526445575321716	1.12372271113446	0.597277135812746	0	0	3	0.1	0.397770031329642	0.0767632733380322	0.259467126948517	0.556465132506661	0.296998005558144	0	0	3	0.2	0.877902240034394	0.170427170541892	0.572918619037099	1.23292591727979	0.66000729824269
634	0	0	0	0.1	0.010206324684829	0.0709972722044462	-0.137380594418538	0.141956347259399	0.279336941677937	0	0	0	0.2	0.0192455979226006	0.136480787613646	-0.26395196446986	0.273041647995924	0.536993612465783	0	0	1	0.1	0.00897558523402126	0.0663009194322628	-0.129754934032325	0.133195808973324	0.262950743005648	0	0	1	0.2	0.0194297890862509	0.144617854802769	-0.281390159916498	0.291476103157627	0.572866263074125	0	0	2	0.1	0.00947526064250321	0.0713256996299063	-0.13851471936002	0.142589605062003	0.281104324422023	0	0	2	0.2	0.0210210238623157	0.1588419126524	-0.308314635835636	0.31399370382918	0.622308339664816	0	0	3	0.1	0.0101404732915651	0.077035701801039	-0.150495118707227	0.153514489832637	0.304009608539864	0	0	3	0.2	0.0227078921669818	0.172862930617775	-0.338737023290465	0.341522980195567	0.680260003486032
621	0	0	0	0.1	0.208920227359584	0.0634482582235431	0.0856449407869105	0.334615708130021	0.248970767343111	0	0	0	0.2	0.399666809113971	0.120719194215056	0.162531218972646	0.642980605657456	0.48044938668481	0	0	1	0.1	0.201489988315057	0.0609914969814451	0.0827474159790478	0.321179758694703	0.238432342715656	0	0	1	0.2	0.43804343337633	0.132464530311691	0.181619021278626	0.700068668368582	0.518449647089956	0	0	2	0.1	0.21988982942902	0.0665788654465551	0.0915295980539327	0.353331037581613	0.26180143952768	0	0	2	0.2	0.488271104756793	0.147999679149989	0.203152110782701	0.78345234087987	0.580300230097169	0	0	3	0.1	0.239489980910525	0.0726298912782905	0.100161950212043	0.382842819330548	0.282680869118506	0	0	3	0.2	0.535483243652321	0.16264243618061	0.224374245604696	0.853502241764689	0.629127996159993
794	0	0	0	0.1	0.191916682629419	0.057447988611414	0.0815103790942207	0.298886135661374	0.217375756567154	0	0	0	0.2	0.357499070003995	0.106373638882203	0.152494567246809	0.556457415366597	0.403962848119788	0	0	1	0.1	0.179279259799572	0.0540030710868081	0.0772291345131808	0.284262336821618	0.207033202308437	0	0	1	0.2	0.385109471733971	0.115724838747781	0.166403442522661	0.614082191879843	0.447678749357182	0	0	2	0.1	0.194103858589128	0.0586280013879453	0.0829990218618536	0.312984155816665	0.229985133954812	0	0	2	0.2	0.427081252300704	0.128857261637108	0.180724199160801	0.688574060772873	0.507849861612071	0	0	3	0.1	0.210839452381224	0.0637685766388384	0.0894226795726332	0.341700766314903	0.25227808674227	0	0	3	0.2	0.467374852647671	0.141349645181222	0.196819750447367	0.75317385233544	0.556354101888073
729	0	0	0	0.1	0.223573504223548	0.0704304268220036	0.0813009423095661	0.362216242788154	0.280915300478587	0	0	0	0.2	0.407913291881083	0.127534138468391	0.152132456380386	0.665422676562691	0.513290220182304	0	0	1	0.1	0.189567787681499	0.0600163061762237	0.0708266671324443	0.313804728416825	0.242978061284381	0	0	1	0.2	0.403025230428852	0.12719005609893	0.150274810359896	0.66863515712284	0.518360346762944	0	0	2	0.1	0.196051152049516	0.0622318227375452	0.0740232912179932	0.326737731431136	0.252714440213143	0	0	2	0.2	0.429059777256872	0.136136435501069	0.163061463870713	0.718994405342248	0.555932941471535	0	0	3	0.1	0.207975023194547	0.0661989223838424	0.0799550973545805	0.347323879545236	0.267368782190655	0	0	3	0.2	0.45921079726786	0.146225188400737	0.177509442101736	0.768721888494247	0.591212446392511
833	0	0	0	0.1	0.202453394166993	0.0715283517086687	0.0612991281751689	0.351429098957526	0.290129970782357	0	0	0	0.2	0.38384465516982	0.135055502182315	0.115019721060971	0.666902533128488	0.551882812067517	0	0	1	0.1	0.190532201958083	0.0676359790416012	0.0554884719451347	0.331753838442444	0.27626536649731	0	0	1	0.2	0.409525277218629	0.145156528067605	0.120044888218923	0.707883578346147	0.587838690127223	0	0	2	0.1	0.203437313258283	0.0724324467334696	0.0592058037121164	0.353874957134155	0.294669153422039	0	0	2	0.2	0.448664888445088	0.159785701323412	0.130295487295454	0.779693186082638	0.649397698787183	0	0	3	0.1	0.218966645100745	0.0781397098987368	0.0639507826755485	0.379276967730968	0.315326185055419	0	0	3	0.2	0.48693661077224	0.173834987103011	0.141527395764398	0.841820289241123	0.700292893476725
700	0	0	0	0.1	0.319820276786712	0.0726279545333914	0.178939650228068	0.457804924476765	0.278865274248697	0	0	0	0.2	0.590374214552189	0.133415462621543	0.329018812750213	0.855432810478357	0.526413997728143	0	0	1	0.1	0.274590795254584	0.0636556354985943	0.152465618475026	0.396802340078859	0.244336721603833	0	0	1	0.2	0.586222948364391	0.135507454701442	0.323531184236648	0.858985483821883	0.535454299585235	0	0	2	0.1	0.284180567667325	0.0664202846364804	0.157564036545729	0.417260022714145	0.259695986168415	0	0	2	0.2	0.624151260591375	0.146197217378023	0.342683580370643	0.917617513269946	0.574933932899304	0	0	3	0.1	0.301225590268952	0.070886614786858	0.165482541751379	0.443150564126653	0.277668022375274	0	0	3	0.2	0.667255119830054	0.157524791365277	0.366022366252615	0.982034340070762	0.616011973818147
836	0	0	0	0.1	0.146512607406107	0.0589722298750253	0.0386456437073169	0.269007857057439	0.230362213350122	0	0	0	0.2	0.263020928766742	0.105357512873107	0.0678076401611084	0.475890604840122	0.408082964679014	0	0	1	0.1	0.125915399533531	0.0504908037672089	0.0319099638422339	0.231780399129183	0.199870435286949	0	0	1	0.2	0.265503746911407	0.106264830022995	0.067218292677931	0.485227439648315	0.418009146970384	0	0	2	0.1	0.131610573366993	0.052743931746357	0.0327757411643754	0.240266125487766	0.20749038432339	0	0	2	0.2	0.286006230921833	0.114555415040622	0.0718658938869724	0.520583335555334	0.448717441668362	0	0	3	0.1	0.14051625524234	0.0563906765636696	0.0350038765023884	0.255754867972902	0.220750991470513	0	0	3	0.2	0.308299526785874	0.123589844661625	0.0752516741149339	0.558572522317484	0.48332084820255
705	0	0	0	0.1	0.0730469106420975	0.055871396725382	-0.0339691936856754	0.180056448425532	0.214025642111207	0	0	0	0.2	0.131111738490209	0.100406659060315	-0.0611901749364568	0.322523610725817	0.383713785662274	0	0	1	0.1	0.0651329939958091	0.0501700325848623	-0.031395458084119	0.162894683650785	0.194290141734904	0	0	1	0.2	0.137029955086977	0.105549171412742	-0.0649178376857473	0.340367311960878	0.405285149646625	0	0	2	0.1	0.0691318080713879	0.0533902812273544	-0.0335974847219101	0.176186823326993	0.209784308048903	0	0	2	0.2	0.149812994091798	0.115720715528215	-0.0715147315854069	0.376000418623474	0.447515150208881	0	0	3	0.1	0.0743300245593655	0.0575995515170544	-0.0358031205563518	0.18944308900312	0.225246209559472	0	0	3	0.2	0.162640924250006	0.125910205063437	-0.0784475053679632	0.413321210783021	0.491768716150984
659	0	0	0	0.1	0.0762192241681306	0.0649507251019107	-0.0511822285928122	0.19808774626449	0.249269974857303	0	0	0	0.2	0.140212354725407	0.119517590400991	-0.094583820124483	0.364313395379479	0.458897215503962	0	0	1	0.1	0.0704780464493338	0.0602356270375479	-0.0453936492474296	0.187059859632156	0.232453508879586	0	0	1	0.2	0.149152925140888	0.127533741008314	-0.0970868869788834	0.397634993071068	0.494721880049951	0	0	2	0.1	0.0750304363763471	0.0642145341501696	-0.0493572661698644	0.200203426908917	0.249560693078781	0	0	2	0.2	0.163479786569989	0.140068065173456	-0.1090367503935	0.435808202749509	0.544844953143009	0	0	3	0.1	0.080780897872313	0.0692563847430379	-0.0544582547429808	0.217180172657687	0.271638427400668	0	0	3	0.2	0.177569460806563	0.152188098805453	-0.122196907333595	0.479724269601207	0.601921176934802
683	0	0	0	0.1	0.14686572776137	0.0624843028393748	0.0258952548188554	0.268690993742728	0.242795738923873	0	0	0	0.2	0.270001870626332	0.114798547568754	0.0490903539131904	0.49604729025527	0.44695693634208	0	0	1	0.1	0.130518432109757	0.0559219906355539	0.0234700639340295	0.24337894854277	0.21990888460874	0	0	1	0.2	0.278421603942249	0.11934478148649	0.0492590674340362	0.517953944023317	0.468694876589281	0	0	2	0.1	0.138212010447669	0.0593828979566147	0.023591554936531	0.256775765218767	0.233184210282236	0	0	2	0.2	0.302751298815893	0.130323037526642	0.0498751203104131	0.568263145046188	0.518388024735775	0	0	3	0.1	0.148341509474184	0.0639150185902596	0.024690357092237	0.277598907505365	0.252908550413128	0	0	3	0.2	0.327728131766232	0.141367209466099	0.0530697785094652	0.613245214172597	0.560175435663131
638	0	0	0	0.1	0.221018199025926	0.0605999533548671	0.106910678494458	0.34267393684715	0.235763258352693	0	0	0	0.2	0.396551111340527	0.108003120961956	0.192977536645856	0.615758690804758	0.422781154158901	0	0	1	0.1	0.19072991809474	0.0523106789974807	0.0925998695991068	0.295038272289755	0.202438402690648	0	0	1	0.2	0.401293931176061	0.109719790163316	0.194296765616436	0.615378586350262	0.421081820733826	0	0	2	0.1	0.198902531700012	0.0546938745724976	0.0957860723462417	0.304124559024808	0.208338486678566	0	0	2	0.2	0.431639222614558	0.118643345102482	0.206144125732896	0.657985970849707	0.451841845116811	0	0	3	0.1	0.212066672259987	0.0584832315414256	0.103426561095596	0.326126420964228	0.222699859868632	0	0	3	0.2	0.464858993832777	0.128271172883183	0.226110414670749	0.71274753210541	0.486637117434661
792	0	0	0	0.1	0.290592323665843	0.0655440424380626	0.164846470694283	0.419459617379077	0.254613146684795	0	0	0	0.2	0.527180345323103	0.11877718625336	0.299715138996093	0.77476259004644	0.475047451050347	0	0	1	0.1	0.255392717893879	0.0596189668034063	0.142970219434834	0.377154829756919	0.234184610322085	0	0	1	0.2	0.539454552844382	0.1257721519084	0.301693933327339	0.797039284946128	0.495345351618789	0	0	2	0.1	0.267402089431526	0.0633072273250311	0.148316006408085	0.397139046943593	0.248823040535508	0	0	2	0.2	0.581889912722455	0.138052523847213	0.323340517474919	0.859894118976004	0.536553601501085	0	0	3	0.1	0.28510750843103	0.0681634673980545	0.158987622899033	0.423133501409582	0.264145878510549	0	0	3	0.2	0.626485916526515	0.150177927999043	0.346906874210069	0.92989187242001	0.58298499820994
808	0	0	0	0.1	0.243280188357981	0.0590222697498655	0.132006300183428	0.36426982105636	0.232263520872932	0	0	0	0.2	0.440501178342011	0.106590122962931	0.240620526922619	0.656189006627652	0.415568479705033	0	0	1	0.1	0.211127564374811	0.0520492005462848	0.115089671532116	0.317138183841689	0.202048512309573	0	0	1	0.2	0.447820137117835	0.110481773328419	0.244784179363693	0.668582799588097	0.423798620224404	0	0	2	0.1	0.221929676057181	0.0552795803276084	0.120719802417144	0.330017321080162	0.209297518663019	0	0	2	0.2	0.484197848303067	0.12096550355874	0.263032456147757	0.720209259101009	0.457176802953252	0	0	3	0.1	0.23761735095911	0.0596255824351038	0.129892726028406	0.355696099076086	0.22580337304768	0	0	3	0.2	0.522972730882638	0.131799859676866	0.287444145599789	0.779181114838068	0.491736969238278
640	0	0	0	0.1	0.225130587963998	0.0608911702210555	0.0984716835940484	0.345803422656218	0.24733173906217	0	0	0	0.2	0.42426099940655	0.114185991275961	0.189219051379795	0.646092893091721	0.456873841711925	0	0	1	0.1	0.220797422521844	0.0600516350554566	0.0995469727612677	0.33868020119752	0.239133228436253	0	0	1	0.2	0.473817363564799	0.129040697585426	0.211992549017281	0.72762370095735	0.51563115194007	0	0	2	0.1	0.241306817939717	0.066086386627448	0.108982207984594	0.375555110145252	0.266572902160658	0	0	2	0.2	0.530663581657418	0.145773477251814	0.238057628533073	0.825790867662074	0.587733239129001	0	0	3	0.1	0.263243470884503	0.0725358815484229	0.119282885360484	0.411731235006567	0.292448349646084	0	0	3	0.2	0.583414468278801	0.161387962702132	0.262640089223866	0.915296158126764	0.652656068902898
768	0	0	0	0.1	0.22179872482667	0.0631861078061966	0.102683731151764	0.357173968977207	0.254490237825443	0	0	0	0.2	0.419346041384052	0.118595890066737	0.194137285152095	0.671626346686671	0.477489061534576	0	0	1	0.1	0.220363540859798	0.0629800769369795	0.104399976087981	0.358066976496559	0.253667000408579	0	0	1	0.2	0.474349142402165	0.135332892414928	0.227002102560726	0.761359973035432	0.534357870474707	0	0	2	0.1	0.24263639735508	0.0695683514568246	0.115260025433199	0.391399393754639	0.27613936832144	0	0	2	0.2	0.534547050450886	0.153273652422131	0.254718594972456	0.853147573269101	0.598428978296645	0	0	3	0.1	0.265746479538609	0.0763861380889123	0.125981689710748	0.42795924057347	0.301977550862722	0	0	3	0.2	0.589942670062657	0.169943545217944	0.277730118400078	0.947305105224726	0.669574986824648
778	0	0	0	0.1	0.152361470708231	0.0653683352416765	0.0272764024040846	0.283933975088722	0.256657572684638	0	0	0	0.2	0.286479478191348	0.122389028852782	0.0515151097098405	0.536660416212475	0.485145306502635	0	0	1	0.1	0.142180207780542	0.0606754518702632	0.0258689674875121	0.269712572537195	0.243843605049683	0	0	1	0.2	0.306554054591772	0.130711225037425	0.056139903694596	0.577406823692738	0.521266919998142	0	0	2	0.1	0.153389361531836	0.0653460538288462	0.0287634808659142	0.289363510627274	0.260600029761359	0	0	2	0.2	0.338700634830841	0.144291652495795	0.0637130246509856	0.635835524541704	0.572122499890719	0	0	3	0.1	0.166247833628181	0.0707772791539591	0.0314850387385565	0.314966147198153	0.283481108459596	0	0	3	0.2	0.369782057250603	0.15753291456932	0.0695073799191707	0.697417886567375	0.627910506648204
684	0	0	0	0.1	0.167288324527593	0.063049045111844	0.047334616909916	0.289773401039153	0.242438784129237	0	0	0	0.2	0.308942793024331	0.116038353264006	0.0880088628309368	0.53181258330869	0.443803720477753	0	0	1	0.1	0.144546410709507	0.0545495693868427	0.042400305069663	0.254545984649092	0.212145679579429	0	0	1	0.2	0.309544948318403	0.116734126651381	0.0913786427383115	0.539261273708995	0.447882630970683	0	0	2	0.1	0.151098863715133	0.0571809952678564	0.043589872673836	0.267976686199555	0.224386813525719	0	0	2	0.2	0.332323634960106	0.125900190876596	0.0939943421136124	0.591230621150671	0.497236279037059	0	0	3	0.1	0.161176373844615	0.0611958119382126	0.0459431373624588	0.288760261739084	0.242817124376625	0	0	3	0.2	0.357199839185674	0.135729367725007	0.101819712562594	0.640372883761586	0.538553171198992
633	0	0	0	0.1	0.156855050510848	0.0662184280005412	0.0218244220677035	0.285954527027984	0.26413010496028	0	0	0	0.2	0.289703307488639	0.122034052644816	0.0415546450888485	0.526299755339128	0.48474511025028	0	0	1	0.1	0.135791633076073	0.0573109878840161	0.0196993757544968	0.246778810545103	0.227079434790607	0	0	1	0.2	0.290328393105375	0.122513875738919	0.043657234635988	0.526924705891788	0.4832674712558	0	0	2	0.1	0.141688354935732	0.0598546609455582	0.0216596548574205	0.256836206024916	0.235176551167496	0	0	2	0.2	0.311254253787506	0.13168684791341	0.0479628754185841	0.559727327792833	0.511764452374249	0	0	3	0.1	0.150925821502767	0.063870308085487	0.0230600262174456	0.271001131858195	0.24794110564075	0	0	3	0.2	0.334386019102545	0.141681995459081	0.0526306870070516	0.601573912322367	0.548943225315315
762	0	0	0	0.1	0.151219762793061	0.0698434876670116	0.0170790966856141	0.291488682347732	0.274409585662118	0	0	0	0.2	0.277816523109712	0.128372593372476	0.0315871881270272	0.531999324303679	0.500412136176651	0	0	1	0.1	0.13386118001629	0.062073430881056	0.0149177461922906	0.260697668644214	0.245779922451923	0	0	1	0.2	0.283686937348916	0.13182533511119	0.0320341225651111	0.550865874350385	0.518831751785274	0	0	2	0.1	0.13967235339171	0.0651082474888301	0.0159743366067138	0.26950865564032	0.253534319033606	0	0	2	0.2	0.30487413742842	0.142450784690381	0.0343484114514141	0.587660375425442	0.553311963974028	0	0	3	0.1	0.148612964003559	0.0695776834587815	0.0181412690586639	0.290134169047597	0.271992899988933	0	0	3	0.2	0.327625774909879	0.153617257166271	0.0361309538221401	0.636404449589612	0.600273495767472
777	0	0	0	0.1	0.256113492250864	0.063219854168082	0.142191690966358	0.389262970661029	0.247071279694671	0	0	0	0.2	0.47813215282917	0.116888537751312	0.266750276677285	0.72585458740608	0.459104310728795	0	0	1	0.1	0.239841935538812	0.0594891422503404	0.134187660127397	0.365941793551284	0.231754133423887	0	0	1	0.2	0.513557444407756	0.126921526043709	0.291148751313216	0.781135012306133	0.489986260992916	0	0	2	0.1	0.257676055990553	0.0641266968047895	0.145962308416508	0.39002661644477	0.244064308028262	0	0	2	0.2	0.566037297670623	0.140852946872735	0.314150048345108	0.858565757174533	0.544415708829425	0	0	3	0.1	0.278579833299047	0.0695306535563072	0.154162414556818	0.423658079218469	0.269495664661651	0	0	3	0.2	0.617023503303595	0.154413300570493	0.335238451639524	0.937645223480094	0.60240677184057
780	0	0	0	0.1	0.134336293723023	0.0709493497412409	-0.000586065588372769	0.270910305423948	0.27149637101232	0	0	0	0.2	0.244347795626835	0.129278366532423	-0.000136791708284953	0.501513029507594	0.501649821215879	0	0	1	0.1	0.115253962351304	0.0612135651516878	-6.21895901019263e-05	0.239880420718354	0.239942610308456	0	0	1	0.2	0.242877378835337	0.129190602798723	-0.000116652891786067	0.498866534696552	0.498983187588338	0	0	2	0.1	0.118301446814945	0.0630546437262427	-7.0333317025713e-05	0.247911421399536	0.247981754716562	0	0	2	0.2	0.257474202612791	0.137501209813437	-0.00196562642914713	0.538166824831408	0.540132451260555	0	0	3	0.1	0.124894689556998	0.0667216558006182	-9.95542686007932e-05	0.262829213811171	0.262928768079772	0	0	3	0.2	0.274656716911538	0.147044192324552	-0.000122226843330624	0.57675829030355	0.576880517146881
812	0	0	0	0.1	0.207667822998399	0.0623008927975928	0.0823755202837233	0.328812196552697	0.246436676268973	0	0	0	0.2	0.383029098464841	0.114188508736952	0.150304728137704	0.599973149997391	0.449668421859687	0	0	1	0.1	0.19096436922339	0.0568105503125071	0.0762782928041367	0.298073965138565	0.221795672334429	0	0	1	0.2	0.40650250254734	0.120825611543869	0.164752682857166	0.633275549691187	0.468522866834021	0	0	2	0.1	0.204023136989016	0.0607363287203709	0.0843348452487626	0.319599606000182	0.235264760751419	0	0	2	0.2	0.446288340252931	0.132954797695315	0.186003865377972	0.699786247919202	0.513782382541229	0	0	3	0.1	0.22012796890893	0.0656094368446468	0.0913285026649519	0.347350782337204	0.256022279672252	0	0	3	0.2	0.485647349247508	0.145041932382382	0.203209642978704	0.764203237371459	0.560993594392755
642	0	0	0	0.1	0.261952906531523	0.0673149244768296	0.135799415578134	0.401172990214718	0.265373574636584	0	0	0	0.2	0.474728692239706	0.121669263318775	0.247450129608351	0.724050617721133	0.476600488112782	0	0	1	0.1	0.227777176050992	0.0593731725821839	0.11650696715274	0.351007490699344	0.234500523546604	0	0	1	0.2	0.480670303220194	0.125000502862473	0.246634251296743	0.738393626697023	0.49175937540028	0	0	2	0.1	0.237039540028934	0.0620058611374725	0.122154635333077	0.36598591401418	0.243831278681103	0	0	2	0.2	0.515750390021827	0.135023358940095	0.266434607506221	0.794128770101311	0.52769416259509	0	0	3	0.1	0.25212158044582	0.0661280369678675	0.130845926167019	0.388990386547653	0.258144460380634	0	0	3	0.2	0.554161571438137	0.145521127837182	0.287120370156762	0.859273933715262	0.5721535635585
809	0	0	0	0.1	0.100260124433315	0.0680885195994649	-0.0330012387781653	0.233201157462175	0.26620239624034	0	0	0	0.2	0.188894576650398	0.128334642968138	-0.0632260761193833	0.442972326351353	0.506198402470736	0	0	1	0.1	0.0952889129272025	0.0650088432908116	-0.0326272175377722	0.223539579640143	0.256166797177916	0	0	1	0.2	0.204520656452523	0.139664408632407	-0.0692158628136581	0.484536837900109	0.553752700713767	0	0	2	0.1	0.102746811098841	0.0703255322764147	-0.0366838355404343	0.242978937721873	0.279662773262307	0	0	2	0.2	0.226242823292475	0.155041178810024	-0.0779270647533703	0.53903126462585	0.616958329379221	0	0	3	0.1	0.111302731785283	0.0763416976563251	-0.0388395301949206	0.265191958611579	0.3040314888065	0	0	3	0.2	0.247157720116883	0.169610847557792	-0.0844051651117735	0.593336758345415	0.677741923457189
834	0	0	0	0.1	0.141028890567107	0.0680145503874081	0.010600460368373	0.266600813743093	0.25600035337472	0	0	0	0.2	0.266017139475312	0.127883008557098	0.0199463099149987	0.502457826495238	0.482511516580239	0	0	1	0.1	0.133807831842317	0.0643884160943068	0.0108882500865078	0.252187025214004	0.241298775127496	0	0	1	0.2	0.288050637028335	0.138565118759619	0.0235246169122033	0.539684270882378	0.516159653970174	0	0	2	0.1	0.14471924471897	0.0697123618222504	0.0119784346328392	0.273628931490743	0.261650496857904	0	0	2	0.2	0.319191545374006	0.153803252227176	0.0262363581827466	0.611996406566314	0.585760048383568	0	0	3	0.1	0.157013610757109	0.0757361037484377	0.0126057250642072	0.299199248571269	0.286593523507062	0	0	3	0.2	0.348977064763591	0.168363223977175	0.0299844937895549	0.672367509383237	0.642383015593682
822	0	0	0	0.1	0.291932114445455	0.0587141150314264	0.179730725526833	0.410641663424687	0.230910937897854	0	0	0	0.2	0.53251513850956	0.106347614061372	0.329420820326483	0.750600852191637	0.421180031865154	0	0	1	0.1	0.269856361682819	0.0561701302481095	0.164417161555785	0.384825680762369	0.220408519206584	0	0	1	0.2	0.570353275754889	0.118094887409289	0.3504649574472	0.814472045834164	0.464007088386964	0	0	2	0.1	0.288438131613837	0.060873335189387	0.175848921893062	0.411702127279179	0.235853205386116	0	0	2	0.2	0.627552677060568	0.132303587215207	0.384301893752575	0.898430430349024	0.514128536596449	0	0	3	0.1	0.311203213066502	0.0661902152954393	0.190989155627983	0.44587926188527	0.254890106257287	0	0	3	0.2	0.68353679611424	0.145622130087259	0.420552894029219	0.981783799813455	0.561230905784236
752	0	0	0	0.1	0.282642369790346	0.0680481524929326	0.147552855309497	0.417986189161692	0.270433333852195	0	0	0	0.2	0.529844931762256	0.126450669307113	0.286203049458872	0.783695803766819	0.497492754307947	0	0	1	0.1	0.271526275508417	0.0661725583674139	0.147016725816117	0.405849857436674	0.258833131620557	0	0	1	0.2	0.580693135810205	0.14111843897764	0.315321954349425	0.865207602908227	0.549885648558801	0	0	2	0.1	0.293603021031989	0.0720313184894809	0.158607564277546	0.441737562644551	0.283129998367004	0	0	2	0.2	0.644371037134849	0.15814775019604	0.349528865686768	0.965352824116073	0.615823958429305	0	0	3	0.1	0.318312702606272	0.07842840607245	0.170808102296998	0.478212973476499	0.307404871179502	0	0	3	0.2	0.704592906360751	0.174049753212606	0.379792427222234	1.06175783634498	0.681965409122749
784	0	0	0	0.1	0.174805675457634	0.068191318410983	0.0438688821984051	0.311046283467246	0.267177401268841	0	0	0	0.2	0.329535717198658	0.128057617169672	0.0843722473710437	0.589772222291541	0.505399974920497	0	0	1	0.1	0.161598387589778	0.0630398010207236	0.042435977037851	0.292707513389621	0.25027153635177	0	0	1	0.2	0.347770585191219	0.135539435628136	0.0920754991667782	0.631493935720112	0.539418436553334	0	0	2	0.1	0.172490862522747	0.0673708441806137	0.0469763866762131	0.313452881178834	0.266476494502621	0	0	2	0.2	0.380530089225793	0.148720143964696	0.103570810584925	0.696895663839038	0.593324853254113	0	0	3	0.1	0.185634731638739	0.0726742965963905	0.0507006866907733	0.337228737967213	0.28652805127644	0	0	3	0.2	0.412901638584567	0.161741225328503	0.116423740032234	0.753135495137099	0.636711755104865
734	0	0	0	0.1	0.0958752051928081	0.0591260563657745	-0.0181660768321696	0.209821940483523	0.227988017315692	0	0	0	0.2	0.183977453067109	0.113578485336851	-0.0339803381786896	0.402274274951313	0.436254613130002	0	0	1	0.1	0.0984730924816179	0.0609693361098403	-0.0175840036502013	0.218756029203974	0.236340032854175	0	0	1	0.2	0.21347931565048	0.132387160500232	-0.0397709750194976	0.471691442680833	0.511462417700331	0	0	2	0.1	0.109869784781221	0.0682449790903319	-0.0198527899638802	0.240777239891193	0.260630029855074	0	0	2	0.2	0.243387827067538	0.151288779285754	-0.0457396646361565	0.533859148795231	0.579598813431387	0	0	3	0.1	0.121241723472466	0.075420422823873	-0.0221864599602742	0.26624983019161	0.288436290151884	0	0	3	0.2	0.270226104991402	0.168275511993436	-0.0499270515983466	0.593249992971319	0.643177044569666
828	0	0	0	0.1	0.180241527544515	0.0573064298587407	0.0721792556248833	0.299870170180871	0.227690914555988	0	0	0	0.2	0.335243385881462	0.106138934009429	0.134192113691193	0.553018238432924	0.418826124741732	0	0	1	0.1	0.168549575373068	0.0538626883602213	0.0672170416526874	0.278330729523532	0.211113687870845	0	0	1	0.2	0.361485593415331	0.115463833213141	0.144857133480605	0.597042812598732	0.452185679118127	0	0	2	0.1	0.182387449487879	0.0585113661318102	0.0745395405145932	0.302996824473355	0.228457283958761	0	0	2	0.2	0.400817305503504	0.128716324857081	0.163105282429511	0.665909031687038	0.502803749257527	0	0	3	0.1	0.198012859969794	0.0636948775386846	0.0801054815242892	0.330011797725926	0.249906316201637	0	0	3	0.2	0.438475853122922	0.141269887299214	0.180157429541108	0.729788085239211	0.549630655698103
791	0	0	0	0.1	0.242928730192082	0.064267949793213	0.118130962359571	0.366121622840756	0.247990660481185	0	0	0	0.2	0.44569612699046	0.117226954739288	0.217442001898551	0.67424368869593	0.456801686797378	0	0	1	0.1	0.223097057481948	0.0594579133139828	0.107175905556912	0.343689465259947	0.236513559703035	0	0	1	0.2	0.472141786842999	0.125389825115752	0.224661652772312	0.723196999793317	0.498535347021004	0	0	2	0.1	0.236943844780569	0.0632631332931725	0.112772758428656	0.365406785567327	0.252634027138671	0	0	2	0.2	0.516230681318454	0.137772877092708	0.246093168973509	0.79367098411314	0.547577815139631	0	0	3	0.1	0.254688882354796	0.0681593106766635	0.122063438480341	0.395876073003106	0.273812634522765	0	0	3	0.2	0.560304070223074	0.149913238300207	0.26581170260842	0.870732214392773	0.604920511784352
746	0	0	0	0.1	0.094949261818991	0.059989626156912	-0.0263737475815979	0.212016306154014	0.238390053735612	0	0	0	0.2	0.175902464927191	0.111159542605242	-0.0478321320679425	0.397557468509659	0.445389600577602	0	0	1	0.1	0.0852264703865538	0.0539735128837327	-0.0230759945365566	0.195716649897166	0.218792644433723	0	0	1	0.2	0.18269946677007	0.115813010860377	-0.0491227123063254	0.416949194403072	0.466071906709397	0	0	2	0.1	0.0907325602838391	0.0575934566812088	-0.0257654851581526	0.209837648926122	0.235603134084275	0	0	2	0.2	0.199460623131421	0.126765611463852	-0.055974158422921	0.463955897702599	0.51993005612552	0	0	3	0.1	0.0977166781666763	0.0620831508353269	-0.028528821507681	0.227046767349132	0.255575588856813	0	0	3	0.2	0.216467143981206	0.137706224530006	-0.0612650923433877	0.507099708318375	0.568364800661762
837	0	0	0	0.1	0.14111457870114	0.0663696301683714	0.0102330175178484	0.274787719575758	0.26455470205791	0	0	0	0.2	0.26143182969139	0.122801985702417	0.020383723873805	0.515815539134056	0.495431815260251	0	0	1	0.1	0.12761009775625	0.060026172011604	0.0101415998711118	0.247572228100218	0.237430628229106	0	0	1	0.2	0.271973692746161	0.127983216767998	0.0207195172442218	0.530939786426551	0.510220269182329	0	0	2	0.1	0.13498633943269	0.0635738805940651	0.0115661384360365	0.263954735283573	0.252388596847537	0	0	2	0.2	0.295810444566497	0.139509315863177	0.0248599537740672	0.583497026745397	0.558637072971329	0	0	3	0.1	0.144767772977642	0.0683710086511018	0.0122203549910749	0.283683611498018	0.271463256506943	0	0	3	0.2	0.320171019995516	0.151335739807468	0.0259344394658273	0.628364146074897	0.60242970660907
810	0	0	0	0.1	0.249172812102827	0.0652047231280835	0.121811290741723	0.378136114766538	0.256324824024815	0	0	0	0.2	0.434835930737729	0.113296065397546	0.213908250748426	0.662757846684492	0.448849595936065	0	0	1	0.1	0.194496028428516	0.0517091761205511	0.0955644204010849	0.302660972643631	0.207096552242546	0	0	1	0.2	0.403238171997079	0.106825357724821	0.201109110336681	0.624807281028511	0.423698170691829	0	0	2	0.1	0.192062739145528	0.0513692353250756	0.0951165593006836	0.300523831825069	0.205407272524385	0	0	2	0.2	0.413567006385778	0.110604872872742	0.205028941963216	0.639432908091586	0.43440396612837	0	0	3	0.1	0.198983969936744	0.0535021742193607	0.0974739359226914	0.309420454986611	0.21194651906392	0	0	3	0.2	0.433586632605867	0.116630893961545	0.211677311278159	0.671575815144784	0.459898503866625
665	0	0	0	0.1	0.277902903654701	0.0706039440638222	0.144407047251675	0.429897221337534	0.285490174085858	0	0	0	0.2	0.5326393352571	0.134048053343492	0.27985299310836	0.812892320944704	0.533039327836345	0	0	1	0.1	0.271025773743494	0.0688994848881822	0.14229865772449	0.419523549835401	0.277224892110911	0	0	1	0.2	0.587627294950426	0.149063967834912	0.307831689934256	0.892967418214446	0.58513572828019	0	0	2	0.1	0.295145350379289	0.0753437038129787	0.151361220121663	0.448363472724797	0.297002252603134	0	0	2	0.2	0.654447877812845	0.167344958247908	0.338591146598211	0.991632455441725	0.653041308843515	0	0	3	0.1	0.321089194486555	0.0823578191745894	0.166460636129352	0.48599986199349	0.319539225864139	0	0	3	0.2	0.71701322227426	0.184439128837944	0.369941221498116	1.08121505170458	0.711273830206464
807	0	0	0	0.1	0.0742353642632078	0.0633677110060901	-0.0464609572312969	0.204661434733637	0.251122391964934	0	0	0	0.2	0.137949584037187	0.117876624001522	-0.086601951053213	0.375501756667127	0.46210370772034	0	0	1	0.1	0.069194461914068	0.0591459077867613	-0.0437684454509507	0.191740246358251	0.235508691809202	0	0	1	0.2	0.148061007400746	0.126721509682803	-0.0931059877548832	0.411916550886715	0.505022538641598	0	0	2	0.1	0.0745887355888234	0.0638518681050896	-0.0479145345046616	0.205521281876459	0.253435816381121	0	0	2	0.2	0.163739948098599	0.140242152707831	-0.10509758253325	0.448989698123013	0.554087280656262	0	0	3	0.1	0.0808763655853847	0.069217573001152	-0.0518767877259292	0.221705827871102	0.273582615597031	0	0	3	0.2	0.178936928406806	0.153273498803163	-0.116733566314967	0.488663074018406	0.605396640333373
790	0	0	0	0.1	0.272078039276474	0.0703229831502513	0.13599920842301	0.412573657727972	0.276574449304962	0	0	0	0.2	0.493383827594535	0.125769531807912	0.249153525469487	0.740448595007036	0.491295069537549	0	0	1	0.1	0.239938668991904	0.0610665173176474	0.120125436343372	0.363743617375856	0.243618181032483	0	0	1	0.2	0.504935272574527	0.12760436896923	0.256618168029583	0.762433825753578	0.505815657723994	0	0	2	0.1	0.250023986909473	0.063241938437633	0.125470807288423	0.38028239498518	0.254811587696757	0	0	2	0.2	0.542989235804424	0.137058979268645	0.273881372381276	0.823900932645234	0.550019560263958	0	0	3	0.1	0.266107826457182	0.0672125270524806	0.132110467164152	0.401772381184549	0.269661914020397	0	0	3	0.2	0.583840925799149	0.147352867148668	0.294100239154279	0.881132664666041	0.587032425511762
681	0	0	0	0.1	0.118868516408626	0.0592089306853637	-0.00273175689740265	0.237716621592434	0.240448378489836	0	0	0	0.2	0.219915193464197	0.109216965706532	-0.0050323620976867	0.428877783904264	0.43391014600195	0	0	1	0.1	0.110947732253196	0.0551575802013258	-0.00250023472047773	0.216299237558263	0.218799472278741	0	0	1	0.2	0.236612543981968	0.117465905615365	-0.00584951921770525	0.459191074859822	0.465040594077527	0	0	2	0.1	0.119538819382265	0.0593488463081262	-0.00288469263355639	0.23366296563221	0.236547658265766	0	0	2	0.2	0.26173041595603	0.129846072599595	-0.00564672203663112	0.514089023613062	0.519735745649693	0	0	3	0.1	0.129556689501548	0.0643101821843493	-0.00392983596106119	0.256701660603538	0.260631496564599	0	0	3	0.2	0.286068290283689	0.14202040019455	-0.00716268662874888	0.562046659602205	0.569209346230954
743	0	0	0	0.1	0.166229829916374	0.0662102709530638	0.0363034628564322	0.296994517109817	0.260691054253385	0	0	0	0.2	0.304137110893831	0.120872602330237	0.0653463974611626	0.54711131954656	0.481764922085397	0	0	1	0.1	0.150860681202388	0.0601452178235198	0.0316694534745047	0.275372389707568	0.243702936233063	0	0	1	0.2	0.318915908213236	0.127084941350307	0.0686572208981709	0.58205095325759	0.513393732359419	0	0	2	0.1	0.159665744202778	0.0637060936572556	0.0343575098462328	0.29065635998193	0.256298850135697	0	0	2	0.2	0.347647877777814	0.138748700383769	0.0758597167633942	0.635393692616863	0.559533975853469	0	0	3	0.1	0.171296200384805	0.0684133429890416	0.0366111405868065	0.311639136477358	0.275027995890551	0	0	3	0.2	0.376629889964035	0.150566227753852	0.0820441805920765	0.685508626140705	0.603464445548629
830	0	0	0	0.1	0.186311555456396	0.0626040435149819	0.0654278444964931	0.310431934642219	0.245004090145726	0	0	0	0.2	0.34287414286446	0.114800626653127	0.119368072357653	0.56778166821057	0.448413595852916	0	0	1	0.1	0.171728006820342	0.0576400824581751	0.0613034724617032	0.284261754866147	0.222958282404444	0	0	1	0.2	0.364831868211794	0.122232493019376	0.129045862755881	0.605466439625668	0.476420576869787	0	0	2	0.1	0.183452817252723	0.0615331349365002	0.0649263321349609	0.303803248561342	0.238876916426381	0	0	2	0.2	0.400777159609128	0.134318811267188	0.14186487195611	0.661855795102839	0.51999092314673	0	0	3	0.1	0.197887307537451	0.0663643511841612	0.0702378348243026	0.323467383949217	0.253229549124915	0	0	3	0.2	0.436188125151965	0.146392828827548	0.155217282028572	0.714677074306432	0.55945979227786
796	0	0	0	0.1	0.186469438169551	0.0606319701982733	0.0692689724720821	0.303060848991391	0.233791876519308	0	0	0	0.2	0.34742463144516	0.112508357775268	0.127544919836422	0.563708188922363	0.436163269085941	0	0	1	0.1	0.175459121855255	0.0570584765177411	0.0638245446214743	0.286118808900858	0.222294264279384	0	0	1	0.2	0.375788373992169	0.122073009864769	0.135964671149685	0.609508580582201	0.473543909432515	0	0	2	0.1	0.189641098291247	0.0618612984324185	0.0664615419289004	0.305740706935376	0.239279165006475	0	0	2	0.2	0.416344825200442	0.135987140560378	0.145974350854244	0.67313717551863	0.527162824664385	0	0	3	0.1	0.205682671709156	0.0673239210713448	0.0723563023593606	0.330357224649214	0.258000922289853	0	0	3	0.2	0.455336060777886	0.149235938455081	0.159593922462578	0.734350200675275	0.574756278212697
751	0	0	0	0.1	0.211450957968263	0.0767571927410751	0.0672236557534815	0.368433897847045	0.301210242093564	0	0	0	0.2	0.398405710735732	0.144377052263853	0.127127872665095	0.683223101223986	0.556095228558891	0	0	1	0.1	0.189802904208044	0.06921127647626	0.0602155976363582	0.327352267159992	0.267136669523634	0	0	1	0.2	0.408270202386015	0.149062368619157	0.129268083544621	0.708581924437781	0.579313840893161	0	0	2	0.1	0.199320579632814	0.0730253266304488	0.0641421537310339	0.34396713960798	0.279824985876946	0	0	2	0.2	0.440092316167207	0.161646033879041	0.140701637407952	0.76561777953656	0.624916142128608	0	0	3	0.1	0.212666434796815	0.0781546421354344	0.067810465926667	0.368836745355104	0.301026279428437	0	0	3	0.2	0.473465218644632	0.17460397270063	0.152993070587355	0.826308229065567	0.673315158478212
785	0	0	0	0.1	0.228173269864573	0.0600838880939852	0.10901534393545	0.346858390465962	0.237843046530512	0	0	0	0.2	0.428207622392698	0.112073696187719	0.206958775271765	0.645057864151762	0.438099088879998	0	0	1	0.1	0.222383505076748	0.0584254335731993	0.106068377620701	0.33318504367759	0.22711666605689	0	0	1	0.2	0.477570474433544	0.125223786712606	0.225140339549978	0.720488763848203	0.495348424298225	0	0	2	0.1	0.243478581718129	0.063882630137595	0.116265777443295	0.37044621320789	0.254180435764595	0	0	2	0.2	0.535363438360931	0.140486241702635	0.256443497600077	0.811745451563462	0.555301953963385	0	0	3	0.1	0.26575018563174	0.0697320434272092	0.127955640121552	0.406475615900909	0.278519975779358	0	0	3	0.2	0.58884975312716	0.154707460678589	0.283514039648929	0.904893373700485	0.621379334051556
798	0	0	0	0.1	0.229563377862267	0.0642776937851607	0.103391373914388	0.355933216952678	0.25254184303829	0	0	0	0.2	0.432133513811563	0.119926772952002	0.198983719120446	0.668884721944907	0.469901002824462	0	0	1	0.1	0.225360092262329	0.062632938352597	0.104561486999004	0.352296532398516	0.247735045399513	0	0	1	0.2	0.48339990203209	0.134038425897275	0.229046608544709	0.755477179814667	0.526430571269958	0	0	2	0.1	0.246423051778348	0.0685178762091297	0.11639672031126	0.387503083581268	0.271106363270008	0	0	2	0.2	0.541703140368903	0.150773440013875	0.259824755908701	0.85701668658427	0.597191930675569	0	0	3	0.1	0.268918745912779	0.0749167068330954	0.127784308950003	0.42679938632672	0.299015077376718	0	0	3	0.2	0.595869450554236	0.166454121049031	0.285894364610059	0.951085534658519	0.66519117004846
767	0	0	0	0.1	0.193801135641452	0.0720855620661515	0.0582535861813681	0.336955461866626	0.278701875685258	0	0	0	0.2	0.356087939475606	0.131252921061124	0.108705714267062	0.606398719022123	0.49769300475506	0	0	1	0.1	0.168199875444469	0.0618147584740431	0.0486471678973522	0.288223577881145	0.239576409983793	0	0	1	0.2	0.357447877761561	0.130891086592488	0.103236245864791	0.60789292307372	0.504656677208929	0	0	2	0.1	0.174593399235323	0.0638330553857604	0.0501744256700486	0.298200145887757	0.248025720217709	0	0	2	0.2	0.382058639880272	0.139579536218257	0.108433101963503	0.656484254418992	0.548051152455489	0	0	3	0.1	0.185309999624781	0.067718598287732	0.0535087256287746	0.317743994089172	0.264235268460397	0	0	3	0.2	0.409324904593562	0.149353141977784	0.116408000609321	0.703966075649671	0.58755807504035
754	0	0	0	0.1	0.140823661899025	0.0703710117781649	0.00360654661963851	0.27898397079531	0.275377424175672	0	0	0	0.2	0.265824554861869	0.132444566402002	0.00573630952969629	0.522846553723028	0.517110244193331	0	0	1	0.1	0.134587441761399	0.0671247551301303	0.00238022533805316	0.269393246170785	0.267013020832732	0	0	1	0.2	0.288845504515525	0.143944736460184	0.00555251760761441	0.572349714294244	0.56679719668663	0	0	2	0.1	0.145236118257663	0.0724041998075658	0.00273711252732224	0.285974623396959	0.283237510869636	0	0	2	0.2	0.319668720083845	0.159464665976085	0.00700848235104906	0.624639681418309	0.61763119906726	0	0	3	0.1	0.157257984910136	0.0785265881816796	0.00388678949581551	0.3060805132947	0.302193723798884	0	0	3	0.2	0.348787463465962	0.174333015902197	0.00477709917175933	0.674371148252087	0.669594049080328
922	0	0	0	0.1	0.0472757779287934	0.070204967606851	-0.0954344470919568	0.181797051820415	0.277231498912371	0	0	0	0.2	0.0884291547995446	0.131711771828464	-0.174926201714564	0.338063136200807	0.512989337915371	0	0	1	0.1	0.0441928135072329	0.0662381093822931	-0.0880687621960435	0.170792501428037	0.258861263624081	0	0	1	0.2	0.0946993340178349	0.142212946951077	-0.19038360702687	0.3698965989887	0.560280206015569	0	0	2	0.1	0.047475999098253	0.0714985446494058	-0.0959266232258416	0.183290985257324	0.279217608483166	0	0	2	0.2	0.104373028257483	0.15730067854609	-0.211282376224857	0.409134177360537	0.620416553585394	0	0	3	0.1	0.0513551724237113	0.0775085597215059	-0.104321064226241	0.199072735687104	0.303393799913345	0	0	3	0.2	0.11378767284919	0.171943484406319	-0.236122339028593	0.444695961799022	0.680818300827615
819	0	0	0	0.1	0.227834661136336	0.0689897474683374	0.0930864642427654	0.361495593679473	0.268409129436708	0	0	0	0.2	0.418900141302919	0.126049471179999	0.171565418808257	0.668580214995105	0.497014796186849	0	0	1	0.1	0.202755425013736	0.0616524288456543	0.0834815715091295	0.320006411804648	0.236524840295519	0	0	1	0.2	0.430086611260631	0.130441651519649	0.178200293211356	0.682057595727989	0.503857302516633	0	0	2	0.1	0.21218844054166	0.0646597810945614	0.0872149343941627	0.34057981008438	0.253364875690217	0	0	2	0.2	0.463547857967863	0.141351558887687	0.191524501905859	0.744912633673178	0.553388131767319	0	0	3	0.1	0.226224420185859	0.0691843414342532	0.0931718162744423	0.363252985544724	0.270081169270282	0	0	3	0.2	0.499047050322762	0.152776712812853	0.206357439201493	0.801626028778674	0.595268589577181
903	0	0	0	0.1	0.202760103517416	0.0601907265737869	0.088998823879189	0.316066293766903	0.227067469887714	0	0	0	0.2	0.383412196957711	0.113874872893538	0.168258128479142	0.599778344641353	0.431520216162211	0	0	1	0.1	0.19806865167723	0.0601734519771395	0.0853669247569679	0.318840171790523	0.233473247033555	0	0	1	0.2	0.428189093708107	0.13024932849029	0.182081957916277	0.687727880519619	0.505645922603342	0	0	2	0.1	0.217850529530143	0.0668607769233064	0.0918729608418266	0.353258685228466	0.26138572438664	0	0	2	0.2	0.481327849742568	0.148066884207244	0.204516113017029	0.779256846480486	0.574740733463457	0	0	3	0.1	0.23848468776746	0.0736328787289986	0.0998698647377438	0.389167693240192	0.289297828502448	0	0	3	0.2	0.53054559664318	0.164229298424879	0.222535861225807	0.867457807357097	0.64492194613129
818	0	0	0	0.1	0.173885286303964	0.0553799573905049	0.0676191937481567	0.28396968995993	0.216350496211773	0	0	0	0.2	0.329020713979001	0.103911382535601	0.132913980700847	0.533619343046359	0.400705362345512	0	0	1	0.1	0.174129089360809	0.0550656869274094	0.0700727485184386	0.283390414376741	0.213317665858302	0	0	1	0.2	0.375484173208697	0.118429400213504	0.150838565313827	0.605391217631263	0.454552652317436	0	0	2	0.1	0.192917046277945	0.0609572501741696	0.078220099932274	0.310973233851622	0.232753133919348	0	0	2	0.2	0.425428679463007	0.134313237542714	0.171497711982083	0.684858922612019	0.513361210629936	0	0	3	0.1	0.212151162481362	0.0670133011476901	0.0841960004923812	0.339452864875519	0.255256864383138	0	0	3	0.2	0.471072427196635	0.148856513396421	0.186616445570609	0.756470634973518	0.569854189402909
753	0	0	0	0.1	0.0412388412289593	0.0629211391542978	-0.080896640648777	0.165794286865472	0.246690927514249	0	0	0	0.2	0.0778360849338377	0.118917248985337	-0.153990461787262	0.315240328580684	0.469230790367946	0	0	1	0.1	0.0385459470828421	0.0590278118467897	-0.0771342599729423	0.152774651449291	0.229908911422233	0	0	1	0.2	0.0832999226502662	0.127584366498541	-0.162680804440619	0.329476018540048	0.492156822980667	0	0	2	0.1	0.0416365882278528	0.0638149235598276	-0.0811400209418462	0.16563028655073	0.246770307492576	0	0	2	0.2	0.0920482775382939	0.141121104336161	-0.177815248495098	0.36996524803421	0.547780496529309	0	0	3	0.1	0.0451641386516205	0.0692123335036338	-0.0875379300438024	0.181215706604844	0.268753636648647	0	0	3	0.2	0.100396690102271	0.154204284272781	-0.19347231156518	0.408134736638191	0.601607048203372
816	0	0	0	0.1	0.130960752334254	0.0619531533263358	0.0192485489305643	0.246797943064896	0.227549394134331	0	0	0	0.2	0.23647613385939	0.111720339545589	0.0346096317281158	0.446939497598232	0.412329865870117	0	0	1	0.1	0.115168209302734	0.0544710146861175	0.0165424180642658	0.218632576859032	0.202090158794766	0	0	1	0.2	0.242416616654127	0.11467040560407	0.0345536869755475	0.463515740091004	0.428962053115456	0	0	2	0.1	0.120658057018801	0.0571182634138042	0.0163353519810574	0.229562894977011	0.213227542995954	0	0	2	0.2	0.261950100541615	0.124071443791194	0.036033061794003	0.50084104312162	0.464807981327617	0	0	3	0.1	0.128874661529043	0.0610428605230682	0.0174889537525383	0.24554936154014	0.228060407787602	0	0	3	0.2	0.282631878176492	0.134150831967621	0.0398424674632246	0.539315932362203	0.499473464898979
773	0	0	0	0.1	0.114408526890867	0.0638560707227807	-0.00865563076200383	0.232438435986635	0.241094066748639	0	0	0	0.2	0.215036559209975	0.119962090621582	-0.0165880629694069	0.432244925787569	0.448832988756976	0	0	1	0.1	0.105256749509905	0.058862792827346	-0.00824969984268021	0.211320362672497	0.219570062515178	0	0	1	0.2	0.227033755999337	0.127013240470451	-0.0163810594564211	0.453611870847802	0.469992930304223	0	0	2	0.1	0.112997733675993	0.0632493615619694	-0.00867295228143964	0.226292606349774	0.234965558631214	0	0	2	0.2	0.249576487666126	0.13983422923252	-0.0167079752703931	0.506488001140518	0.523195976410911	0	0	3	0.1	0.122084554118951	0.0684544048700896	-0.00827355597418667	0.247694619183535	0.255968175157722	0	0	3	0.2	0.271682532353723	0.152493632167535	-0.0201559371178603	0.552562721082297	0.572718658200157
844	0	0	0	0.1	0.142896718749648	0.0633473832742785	0.016022720390293	0.261410403758578	0.245387683368285	0	0	0	0.2	0.263074971738047	0.116426396531653	0.0293118134811154	0.488017192935916	0.458705379454801	0	0	1	0.1	0.127994663075593	0.0570265647153142	0.0141460498463458	0.23321385596197	0.219067806115625	0	0	1	0.2	0.27273773383655	0.121534904890327	0.0297310163098805	0.502064522936084	0.472333506626203	0	0	2	0.1	0.135526988960004	0.0605348910226701	0.0144296211662753	0.247690469427395	0.233260848261119	0	0	2	0.2	0.296757660473764	0.13268744294464	0.0325640371622603	0.542134315466881	0.509570278304621	0	0	3	0.1	0.145478276659125	0.065073748434506	0.0161918074856109	0.266083209255368	0.249891401769757	0	0	3	0.2	0.321272408317441	0.143912317188225	0.0361061203749334	0.591022135050352	0.554916014675418
735	0	0	0	0.1	0.184556429470328	0.0691911546745654	0.0472852789079814	0.319475408831158	0.272190129923177	0	0	0	0.2	0.335556643655326	0.125570246620101	0.0849555764329635	0.576729612920257	0.491774036487293	0	0	1	0.1	0.160590346945281	0.0605252076951872	0.0403019956165414	0.280558373942218	0.240256378325677	0	0	1	0.2	0.338275121184437	0.127378763447747	0.0853084319496215	0.584892669041508	0.499584237091886	0	0	2	0.1	0.16603657175952	0.062776081461954	0.0420453809082509	0.286328881654421	0.24428350074617	0	0	2	0.2	0.361075150983182	0.136545773332385	0.0906176093179499	0.620282738052245	0.529665128734295	0	0	3	0.1	0.175958512537227	0.0667409869361376	0.04364683384491	0.303604461694388	0.259957627849478	0	0	3	0.2	0.386664287814305	0.146800305096063	0.0952495904323206	0.66917559529233	0.573926004860009
865	0	0	0	0.1	0.177572370337258	0.0665153680700379	0.0511372948502512	0.307002286565767	0.255864991715516	0	0	0	0.2	0.333276889780864	0.124411982618873	0.0934851831711622	0.578414989456289	0.484929806285127	0	0	1	0.1	0.16060753761165	0.0604414216927006	0.0442056603782354	0.275853300122715	0.23164763974448	0	0	1	0.2	0.345857170503687	0.130114998902937	0.0952015565627581	0.592067708244725	0.496866151681966	0	0	2	0.1	0.170552446586706	0.0644793464208018	0.0460118252117472	0.290604488268116	0.244592663056368	0	0	2	0.2	0.37647497751411	0.142392871163188	0.101641986410999	0.646679602978681	0.545037616567682	0	0	3	0.1	0.183192427053314	0.0694684319580129	0.0500775395651755	0.313399299473682	0.263321759908506	0	0	3	0.2	0.407493829257898	0.154603990773002	0.110648664258795	0.702292581001903	0.591643916743108
864	0	0	0	0.1	0.118725793824392	0.064843084577466	-0.00976548913397271	0.246878341423268	0.25664383055724	0	0	0	0.2	0.218786432895542	0.119252356068092	-0.0180493251031909	0.45519630970307	0.473245634806261	0	0	1	0.1	0.10713659249353	0.0587369331372155	-0.00808011913735626	0.22964942374464	0.237729542881996	0	0	1	0.2	0.227838773639603	0.124840350658785	-0.0169611650575584	0.483993731454822	0.50095489651238	0	0	2	0.1	0.113368799008456	0.0623793516838628	-0.00834224996710592	0.244295029662727	0.252637279629833	0	0	2	0.2	0.247974080499946	0.136460462981096	-0.0176407433775878	0.536031215680044	0.553671959057632	0	0	3	0.1	0.121669137216605	0.0671056760222467	-0.00993820396260776	0.261854666408446	0.271792870371054	0	0	3	0.2	0.268559415916528	0.14813639539534	-0.0193874843034566	0.58038217060623	0.599769654909686
892	0	0	0	0.1	0.280002968732843	0.0695807771450944	0.148862549838548	0.423899303087502	0.275036753248954	0	0	0	0.2	0.532351095412811	0.131865711496363	0.285538378293675	0.80386301716551	0.518324638871835	0	0	1	0.1	0.266124004225755	0.0670600527640757	0.14280147975255	0.404557990910901	0.261756511158351	0	0	1	0.2	0.575329145493319	0.145166120362055	0.312458880685181	0.877583676030977	0.565124795345796	0	0	2	0.1	0.287218727735512	0.0729909866538523	0.154765585906447	0.437142792296588	0.282377206390142	0	0	2	0.2	0.63563376467395	0.162174905203979	0.340480057872231	0.965102704984715	0.624622647112485	0	0	3	0.1	0.3110261535064	0.079482783609246	0.167987009004554	0.472863001325732	0.304875992321179	0	0	3	0.2	0.693340955411244	0.178059231428382	0.371399648812889	1.05425007765054	0.682850428837655
814	0	0	0	0.1	0.171374489025097	0.0689357796405343	0.0413360024494258	0.307234130554641	0.265898128105215	0	0	0	0.2	0.318533392454297	0.128151383177708	0.0750094659854703	0.577252326565667	0.502242860580197	0	0	1	0.1	0.15440836467801	0.062255285266608	0.0361866168777664	0.279986217253086	0.24379960037532	0	0	1	0.2	0.330434677842575	0.133425683160228	0.0761027137454575	0.602919195523245	0.526816481777788	0	0	2	0.1	0.163464311621523	0.0660064637779592	0.0377009929363358	0.300324390177794	0.262623397241459	0	0	2	0.2	0.359158743970033	0.145348068707934	0.0829144503466933	0.666183788043579	0.583269337696885	0	0	3	0.1	0.175401364780992	0.0708443276388699	0.0406262908590218	0.325081817116909	0.284455526257887	0	0	3	0.2	0.388488633467819	0.157492435631582	0.0886957990349666	0.723068414466579	0.634372615431612
899	0	0	0	0.1	0.245376169589227	0.067012683190441	0.114782986324128	0.375875437294476	0.261092450970348	0	0	0	0.2	0.448951066240547	0.122251060169366	0.210379956900523	0.685025420214903	0.47464546331438	0	0	1	0.1	0.211308637654929	0.0586600275051176	0.0985062835690638	0.335942544210028	0.237436260640965	0	0	1	0.2	0.448341748405451	0.124193163888259	0.206112070242969	0.710974750234211	0.504862679991242	0	0	2	0.1	0.21868952817496	0.0610740223168834	0.100677983749112	0.345647480197966	0.244969496448855	0	0	2	0.2	0.477984273657102	0.133519260167762	0.217749765517502	0.757450651661538	0.539700886144036	0	0	3	0.1	0.231850767626195	0.0649783486802609	0.105489149955184	0.367989972160751	0.262500822205566	0	0	3	0.2	0.511562550906207	0.14364671902593	0.233046591559801	0.815330403877267	0.582283812317466
815	0	0	0	0.1	0.182792588241147	0.0535411125151448	0.082370219131408	0.291856991244873	0.209486772113465	0	0	0	0.2	0.344299115582862	0.100104237325767	0.157055963963072	0.545396229795065	0.388340265831993	0	0	1	0.1	0.183241687855153	0.0535167190663525	0.0825608044438614	0.29469050866249	0.212129704218629	0	0	1	0.2	0.393942713037138	0.11474528004761	0.174780733731535	0.63294797157507	0.458167237843535	0	0	2	0.1	0.203036748033458	0.0593297269178997	0.091159586491739	0.326136002877539	0.2349764163858	0	0	2	0.2	0.44657156642789	0.130530698658323	0.199599378821248	0.715319043073309	0.515719664252061	0	0	3	0.1	0.223107030490848	0.0653408159264437	0.0985779750082487	0.356958042791574	0.258380067783326	0	0	3	0.2	0.494394889309594	0.14493244496237	0.220264259557617	0.793160889474715	0.572896629917097
744	0	0	0	0.1	0.164158889055641	0.0557171132633603	0.0594553731090944	0.267469574469609	0.208014201360514	0	0	0	0.2	0.310152208951339	0.105120632260457	0.114313767980304	0.507458695300576	0.393144927320272	0	0	1	0.1	0.155580755025716	0.0534346930909317	0.0530218222441248	0.259357887964618	0.206336065720493	0	0	1	0.2	0.337903642422919	0.116172682765528	0.113887121707716	0.56863717143454	0.454750049726824	0	0	2	0.1	0.17050358449513	0.0589356591469183	0.0577924758248327	0.288647428365196	0.230854952540363	0	0	2	0.2	0.378003487159531	0.130896364671145	0.127395232650288	0.639685126154351	0.512289893504063	0	0	3	0.1	0.186442060306016	0.0647312752496252	0.0643462251522965	0.317328186703394	0.252981961551097	0	0	3	0.2	0.415734179213897	0.144752517035215	0.142489440691263	0.711410989824508	0.568921549133245
845	0	0	0	0.1	0.136393871464578	0.0697178855905874	-0.00463108504098027	0.279554788663558	0.284185873704538	0	0	0	0.2	0.250814428754925	0.127732891248399	-0.00869956255603418	0.506289567548864	0.514989130104898	0	0	1	0.1	0.120694631934622	0.0614979522326863	-0.00335394007346348	0.246503404754555	0.249857344828018	0	0	1	0.2	0.256271695994897	0.130420222007003	-0.00939045388715605	0.524513475186698	0.533903929073854	0	0	2	0.1	0.126286952815329	0.0643873104087631	-0.00434529257231373	0.254249080397281	0.258594372969595	0	0	2	0.2	0.276041055406631	0.140631441815649	-0.0110976819926464	0.564392789044689	0.575490471037335	0	0	3	0.1	0.134623820717163	0.0686404784891683	-0.00412504813916385	0.271839806655727	0.275964854794891	0	0	3	0.2	0.297138240297555	0.151515346983216	-0.0102726038033042	0.605352071056303	0.615624674859607
832	0	0	0	0.1	0.167713216953989	0.064125883186133	0.0466630832577345	0.29464562895727	0.247982545699535	0	0	0	0.2	0.314296642888329	0.11919491367713	0.0860302866841211	0.550663370404268	0.464633083720147	0	0	1	0.1	0.158391324094973	0.060153071925975	0.0422820745126999	0.281382455842375	0.239100381329676	0	0	1	0.2	0.339768996312632	0.12865425146302	0.0904050596851104	0.600657354676162	0.510252294991052	0	0	2	0.1	0.171030239184971	0.0648362696429972	0.0456843583686068	0.301535332217012	0.255850973848406	0	0	2	0.2	0.376166368193663	0.142478374619958	0.0985060619453926	0.661135982805904	0.562629920860512	0	0	3	0.1	0.185472292909091	0.0702822381971841	0.0502337451706501	0.324745769925847	0.274512024755197	0	0	3	0.2	0.411250394008495	0.15581992805308	0.109628946500821	0.711920292155391	0.60229134565457
931	0	0	0	0.1	0.206263004882173	0.0731389767528497	0.0688554832663026	0.341630335528647	0.272774852262345	0	0	0	0.2	0.382755815812809	0.13581311272161	0.124416880594373	0.638289916773903	0.51387303617953	0	0	1	0.1	0.183634438617202	0.0656567739152017	0.0601467106136912	0.304521579743658	0.244374869129967	0	0	1	0.2	0.391559705064556	0.140152675734437	0.128100526558485	0.650417605875858	0.522317079317374	0	0	2	0.1	0.192219076324804	0.0690266648146855	0.0637111082227564	0.321796709058643	0.258085600835886	0	0	2	0.2	0.421580434323331	0.151698359064633	0.140244715269857	0.705980550895839	0.565735835625983	0	0	3	0.1	0.204810270134853	0.0737616965653288	0.0695645362235778	0.343046693672647	0.273482157449069	0	0	3	0.2	0.453272360066481	0.163660857613794	0.152165806811546	0.763154303802652	0.610988496991107
831	0	0	0	0.1	0.130445218623047	0.0706777977910375	0.000846767959023948	0.265467070353924	0.2646203023949	0	0	0	0.2	0.235808309989349	0.127824618599284	0.00247376397555378	0.480071219375897	0.477597455400343	0	0	1	0.1	0.108715826664555	0.0591308290421148	0.00160753237432392	0.222004425350218	0.220396892975894	0	0	1	0.2	0.229494216029318	0.124921950727609	0.00227360005175764	0.477493410289952	0.475219810238194	0	0	2	0.1	0.110992530975629	0.0605554798247674	0.0013426936702994	0.22852475679717	0.227182063126871	0	0	2	0.2	0.241913817134391	0.132101598481986	0.00179442954584045	0.499852697815179	0.498058268269339	0	0	3	0.1	0.116969546898609	0.0639208946038715	-4.98707956915728e-05	0.241060892474258	0.241110763269949	0	0	3	0.2	0.257403214498718	0.140903690826631	0.00250348396602427	0.535353792529521	0.532850308563496
817	0	0	0	0.1	0.07152396142751	0.0660014128921316	-0.0543409663380719	0.198654795597999	0.252995761936071	0	0	0	0.2	0.136297915620574	0.125751892978329	-0.104595841220557	0.377308107529471	0.481903948750029	0	0	1	0.1	0.0698033124917406	0.0644118624809273	-0.053577290891589	0.194345089884571	0.24792238077616	0	0	1	0.2	0.151134351459075	0.139433855614258	-0.117420018031239	0.4241827496951	0.54160276772634	0	0	2	0.1	0.0764468389650538	0.07052123308812	-0.0595522175197458	0.213685517620045	0.27323773513979	0	0	2	0.2	0.169251564634705	0.156106475825555	-0.131484668921046	0.471992325275183	0.603476994196229	0	0	3	0.1	0.083546524277675	0.0770170653206905	-0.0649809201811941	0.232839880112801	0.297820800293995	0	0	3	0.2	0.186157547521267	0.171662158450484	-0.145435047393716	0.516866231156184	0.6623012785499
847	0	0	0	0.1	0.118822730966454	0.0595333910037971	0.00284219714229204	0.233500737157526	0.230658540015234	0	0	0	0.2	0.214677632738244	0.107285773628543	0.00639595023727093	0.423242225546224	0.416846275308953	0	0	1	0.1	0.101740435842619	0.0510155586149841	0.00312033718668224	0.203573218926871	0.200452881740188	0	0	1	0.2	0.215269315776495	0.107872338502188	0.00743757483610182	0.427890154623143	0.420452579787041	0	0	2	0.1	0.106130326453505	0.0533496791017553	0.0040218604277804	0.212756202598594	0.208734342170813	0	0	2	0.2	0.231279050892844	0.116178077419838	0.00682787102715854	0.462221054373972	0.455393183346813	0	0	3	0.1	0.113106874138215	0.0569694333993473	0.0038495080752488	0.228143082224633	0.224293574149384	0	0	3	0.2	0.24889780158529	0.125249616362751	0.0070240787763386	0.501446578965073	0.494422500188735
747	0	0	0	0.1	0.142077326638648	0.0703709379923487	0.000471500521942516	0.277689597334903	0.27721809681296	0	0	0	0.2	0.264060091312353	0.130663008002852	0.000769331341889788	0.51545123299994	0.51468190165805	0	0	1	0.1	0.127511939672158	0.0632478589681189	-2.06298953596406e-05	0.247125697197126	0.247146327092486	0	0	1	0.2	0.272946513820108	0.135566899065749	-5.83891264974346e-05	0.532190960753226	0.532249349879724	0	0	2	0.1	0.134836271438491	0.0671657250048564	0	0.263521375458141	0.263521375458141	0	0	2	0.2	0.296436130242954	0.147828144374566	0	0.580090432315554	0.580090432315554	0	0	3	0.1	0.14461204511375	0.0722714818726457	0	0.284898456710196	0.284898456710196	0	0	3	0.2	0.320559148939742	0.160476576289029	-6.23568216265156e-05	0.629883801189506	0.629946158011133
774	0	0	0	0.1	0.0892726015333871	0.0587491233677419	-0.031321816311032	0.204023827429654	0.235345643740686	0	0	0	0.2	0.166210582327873	0.109349497611251	-0.0588769646546862	0.383201202164736	0.442078166819422	0	0	1	0.1	0.0824820888232325	0.0543750735360669	-0.0296522922053206	0.189730556558938	0.219382848764259	0	0	1	0.2	0.176953142943678	0.116755133517238	-0.0630151044505165	0.408583602488414	0.47159870693893	0	0	2	0.1	0.0887707997345838	0.0586563846053867	-0.0312769661629045	0.2048799291688	0.236156895331705	0	0	2	0.2	0.195182281539536	0.129130225525717	-0.0691313375184432	0.45089859624669	0.520029933765133	0	0	3	0.1	0.0960844232090608	0.0636685145816955	-0.0347688641392721	0.222089337818353	0.256858201957625	0	0	3	0.2	0.212970296342003	0.141255862029562	-0.0741751305787527	0.494303085983626	0.568478216562379
896	0	0	0	0.1	0.080932853511784	0.0588880730498701	-0.0267916532878593	0.194894281632444	0.221685934920304	0	0	0	0.2	0.153495595606299	0.111494906438025	-0.0512142335857027	0.368217056739528	0.419431290325231	0	0	1	0.1	0.0778322747176949	0.0565138532023487	-0.0258441250684361	0.184447614979288	0.210291740047724	0	0	1	0.2	0.168481700747945	0.122300551322826	-0.056217712583813	0.400878655949364	0.457096368533177	0	0	2	0.1	0.0850408654417599	0.0617640121216848	-0.0292643967304664	0.202370294263115	0.231634690993581	0	0	2	0.2	0.188251108079137	0.136747222089594	-0.0636940345067224	0.447635162949675	0.511329197456398	0	0	3	0.1	0.0928011302974267	0.0673912378605558	-0.031209481176931	0.222051710363043	0.253261191539974	0	0	3	0.2	0.206820006069586	0.150241464546169	-0.0717141084784313	0.494935537426612	0.566649645905044
923	0	0	0	0.1	0.187868814742382	0.0660424269345126	0.0587920605188376	0.313268286737052	0.254476226218214	0	0	0	0.2	0.352288195629848	0.12352177629997	0.111938017879928	0.587483264134758	0.47554524625483	0	0	1	0.1	0.174054352048494	0.0614480500486679	0.0564885745723879	0.295565574987361	0.239077000414973	0	0	1	0.2	0.374032519574235	0.132138128108906	0.122163267990981	0.635546244133871	0.51338297614289	0	0	2	0.1	0.186484145212201	0.0661369737368115	0.0616634889233394	0.317384486657894	0.255720997734554	0	0	2	0.2	0.410984006773289	0.14605429328474	0.133019733030875	0.698296878630279	0.565277145599404	0	0	3	0.1	0.201374379017902	0.0716564325109951	0.0657501614233262	0.344121668191456	0.27837150676813	0	0	3	0.2	0.447165758896232	0.159490907761952	0.144823488008584	0.767959601581406	0.623136113572822
895	0	0	0	0.1	0.189744215188639	0.0677242959197683	0.0598281173128162	0.326094395747165	0.266266278434349	0	0	0	0.2	0.345312033312906	0.122332883407868	0.113197645102037	0.597022777791521	0.483825132689484	0	0	1	0.1	0.166414516279563	0.0588267731298613	0.0561121610440547	0.287441598693461	0.231329437649406	0	0	1	0.2	0.350909366856574	0.123648948934932	0.120649361811293	0.600653554454745	0.480004192643452	0	0	2	0.1	0.172955672713618	0.0609312012226609	0.0588223970341835	0.291167927727454	0.232345530693271	0	0	2	0.2	0.37631501169032	0.132409804934825	0.129031605983075	0.633399343625917	0.504367737642842	0	0	3	0.1	0.18380124078768	0.0646861192100088	0.0635789912445564	0.309201286129083	0.245622294884527	0	0	3	0.2	0.404010018783206	0.142160367580646	0.13960984903333	0.681701649829339	0.542091800796009
823	0	0	0	0.1	0.236193633835395	0.0643396470376593	0.113166525285669	0.360229337172223	0.247062811886554	0	0	0	0.2	0.432313782645141	0.117317166443224	0.207045203718614	0.653957554066877	0.446912350348263	0	0	1	0.1	0.208749370717503	0.0572273057954681	0.100624868696015	0.320942046030973	0.220317177334957	0	0	1	0.2	0.443278659560523	0.121488805312298	0.213794061629272	0.686258090522872	0.4724640288936	0	0	2	0.1	0.219372657388123	0.0604598093483044	0.105529779797274	0.339642865751445	0.234113085954171	0	0	2	0.2	0.479264395670827	0.132356144594146	0.230238373556898	0.742606385903855	0.512368012346958	0	0	3	0.1	0.234477422406098	0.0649290644289664	0.111859325955445	0.365225143739357	0.253365817783912	0	0	3	0.2	0.516989115794167	0.143581985022918	0.249049366393286	0.802514524803459	0.553465158410173
848	0	0	0	0.1	0.18630849755419	0.0615350349819522	0.0704111996779755	0.303764796551129	0.233353596873153	0	0	0	0.2	0.34585793430204	0.113917399253383	0.131354977058369	0.566318266689488	0.434963289631119	0	0	1	0.1	0.174499652062555	0.0579075317534739	0.0667753252351212	0.284587120101155	0.217811794866034	0	0	1	0.2	0.372969910636889	0.123653386175782	0.141858915846491	0.615879553447232	0.474020637600741	0	0	2	0.1	0.188247062818152	0.0627069524255185	0.0711404060526994	0.312197524879387	0.241057118826688	0	0	2	0.2	0.412862633899456	0.13757172902595	0.156390468211219	0.683403517433195	0.527013049221975	0	0	3	0.1	0.204158298422182	0.0681573469407645	0.0784937089683399	0.341345251401791	0.262851542433451	0	0	3	0.2	0.451405002846605	0.150891885363136	0.172355016087356	0.752666160190519	0.580311144103163
846	0	0	0	0.1	0.0776855483176698	0.0658262024803888	-0.052572295527881	0.205733216138423	0.258305511666304	0	0	0	0.2	0.142098421412047	0.120287643045848	-0.0990073126685864	0.369578134637414	0.468585447306001	0	0	1	0.1	0.0724802127519757	0.0615751419817093	-0.0499754643621633	0.189188378794527	0.239163843156691	0	0	1	0.2	0.152353137257183	0.129404569125441	-0.104136746887849	0.397831662890784	0.501968409778633	0	0	2	0.1	0.0770934169554378	0.0655931357955454	-0.0541191191967611	0.202007377236821	0.256126496433582	0	0	2	0.2	0.167146262158603	0.142220584473258	-0.116006805352807	0.438133116007273	0.554139921360081	0	0	3	0.1	0.0828657795212956	0.0706025667685483	-0.0579038779478132	0.218220714627257	0.276124592575071	0	0	3	0.2	0.181690627163838	0.154707665893204	-0.12841007375174	0.478012296778299	0.606422370530039
805	0	0	0	0.1	0.15392032887911	0.0604827272389911	0.0351128560121517	0.271209703517035	0.236096847504883	0	0	0	0.2	0.285013946620345	0.111448859483288	0.0664010544363967	0.500330169491172	0.433929115054776	0	0	1	0.1	0.145987859971032	0.0572789295137481	0.0332609168218124	0.260121790816112	0.2268608739943	0	0	1	0.2	0.310235013322555	0.121538071378992	0.0699195169108108	0.55446984000322	0.484550323092409	0	0	2	0.1	0.157309620731713	0.0617102368485584	0.0343441109640201	0.27911211669404	0.244768005730019	0	0	2	0.2	0.343582466568767	0.134808549593928	0.0762708485667116	0.609344937180831	0.533074088614119	0	0	3	0.1	0.170436626797051	0.066902603657743	0.0376832950876657	0.301605506149569	0.263922211061904	0	0	3	0.2	0.375616704571775	0.147539508368916	0.0833405387991476	0.665592117351265	0.582251578552118
890	0	0	0	0.1	0.179723941373951	0.063686937755876	0.0555816340319616	0.308038472495437	0.252456838463476	0	0	0	0.2	0.336734154505266	0.118783056282451	0.104566141919985	0.574316705123657	0.469750563203672	0	0	1	0.1	0.166920453525156	0.0592386865462756	0.0513601897435978	0.286672587842156	0.235312398098558	0	0	1	0.2	0.358926077529836	0.127292098897501	0.111686504303318	0.613344514160676	0.501658009857359	0	0	2	0.1	0.179338715409553	0.0638042517921257	0.0554834624551529	0.305645867649019	0.250162405193866	0	0	2	0.2	0.395159546407878	0.140746929296356	0.123584647683644	0.679217495220354	0.55563284753671	0	0	3	0.1	0.19392457558623	0.0691838814384169	0.0599890386315349	0.334675871112197	0.274686832480662	0	0	3	0.2	0.430425738932325	0.153734107552278	0.135980234756142	0.743330923353622	0.607350688597479
740	0	0	0	0.1	0.147186437912418	0.0650716107399654	0.013042129636101	0.265542217017401	0.2525000873813	0	0	0	0.2	0.276864809058301	0.121902318824076	0.0249944793982823	0.50484784380071	0.479853364402428	0	0	1	0.1	0.136301937891336	0.0596640902343838	0.0122611983023989	0.24783807823293	0.235576879930531	0	0	1	0.2	0.29358818312317	0.128430627304755	0.0265034568846116	0.531959996254039	0.505456539369427	0	0	2	0.1	0.146182816823207	0.0638164783838513	0.0130873251128854	0.265522592817384	0.252435267704499	0	0	2	0.2	0.322550176773028	0.14088465407758	0.0291140122101467	0.587717641831249	0.558603629621103	0	0	3	0.1	0.157894079033888	0.0688450825221531	0.0141429154027985	0.286951701268842	0.272808785866044	0	0	3	0.2	0.350951950819064	0.15326066029038	0.0322483212100831	0.641099581137281	0.608851259927198
843	0	0	0	0.1	0.0781504094729655	0.058041978040713	-0.0280009714623891	0.190583101988042	0.218584073450431	0	0	0	0.2	0.145315512626673	0.107729449850963	-0.0526909448924546	0.35392623355253	0.406617178444985	0	0	1	0.1	0.0751743337634342	0.0556430352869427	-0.0285004992503536	0.187744072020319	0.216244571270673	0	0	1	0.2	0.160748679278973	0.118982820456503	-0.0609938745488229	0.402335854731439	0.463329729280262	0	0	2	0.1	0.0821016385974531	0.0608510445959087	-0.0315713961227332	0.205525325239564	0.237096721362297	0	0	2	0.2	0.179969139457978	0.133351564999253	-0.0692260420088394	0.455607389355561	0.5248334313644	0	0	3	0.1	0.0896725887248991	0.066512930807407	-0.0332318311756852	0.225850143783415	0.2590819749591	0	0	3	0.2	0.197994771235201	0.146846397297363	-0.0764552907699757	0.498916790428931	0.575372081198907
776	0	0	0	0.1	0.190534764721046	0.0656521730011782	0.0684914323540173	0.312671662453458	0.244180230099441	0	0	0	0.2	0.34909082140355	0.119894764894881	0.124358944862892	0.572505101547478	0.448146156684586	0	0	1	0.1	0.172969776348984	0.059850134685145	0.0613022514678374	0.287614717435986	0.226312465968149	0	0	1	0.2	0.366039028694624	0.126466892493362	0.129183414174254	0.606507382841787	0.477323968667533	0	0	2	0.1	0.182998413476991	0.0634233657290923	0.0650804128555292	0.303552058430833	0.238471645575304	0	0	2	0.2	0.398785282259971	0.138193770772824	0.140354980990372	0.65916167563427	0.518806694643898	0	0	3	0.1	0.196313205274728	0.0681286896662177	0.0682729812300608	0.3275576832092	0.259284701979139	0	0	3	0.2	0.431954071004862	0.150104599365674	0.15153227389486	0.719371901029519	0.56783962713466
821	0	0	0	0.1	0.0988031732430238	0.0717789401312334	-0.0431784049208838	0.235911714145509	0.279090119066393	0	0	0	0.2	0.184670665477632	0.133765159615449	-0.0817149880725054	0.443939746890975	0.525654734963481	0	0	1	0.1	0.0914060812700912	0.0661747017967937	-0.0397162746172576	0.218904792344487	0.258621066961744	0	0	1	0.2	0.195475875529618	0.141350190370557	-0.0857635344441485	0.470892584516374	0.556656118960523	0	0	2	0.1	0.0974273081876183	0.0704522659501458	-0.0420408542304542	0.232879852418615	0.27492070664907	0	0	2	0.2	0.213955829941106	0.154620938670601	-0.0924861823755771	0.51479990349667	0.607286085872247	0	0	3	0.1	0.104846539839582	0.0757830643831534	-0.0460811521555459	0.253665345730455	0.299746497886001	0	0	3	0.2	0.232282315403991	0.167886891840209	-0.0990557681884314	0.560978083313018	0.660033851501449
902	0	0	0	0.1	0.147084849802531	0.0683249230066856	0.0127652422902109	0.28006907729702	0.267303835006809	0	0	0	0.2	0.272945931740713	0.126946025656335	0.0243982099530367	0.522959185458933	0.498560975505896	0	0	1	0.1	0.133481443609203	0.0623145483368043	0.0120140946387786	0.252849151610352	0.240835056971573	0	0	1	0.2	0.28454090046204	0.133011494765907	0.0262137591860701	0.544147855882452	0.517934096696382	0	0	2	0.1	0.141124896770189	0.0661421761205951	0.0131769759394519	0.27212709489846	0.258950118959008	0	0	2	0.2	0.309298971957464	0.145166276772603	0.0291536801108189	0.596435672102926	0.567281991992107	0	0	3	0.1	0.151300072726536	0.0710429642601401	0.0140756319730758	0.288923613120099	0.274847981147024	0	0	3	0.2	0.334571815309855	0.157379710555848	0.0315106492720719	0.641467272596083	0.609956623324011
901	0	0	0	0.1	0.218909783746618	0.0636005972985293	0.0961498234792626	0.350589753677826	0.254439930198563	0	0	0	0.2	0.402359426034502	0.116271294877939	0.174154486411392	0.638351727269921	0.464197240858529	0	0	1	0.1	0.196150323474657	0.0571702944132943	0.0824344050254859	0.309595948668931	0.227161543643445	0	0	1	0.2	0.417355014725989	0.121503462066103	0.177264812178843	0.654264146013538	0.476999333834695	0	0	2	0.1	0.207344509686868	0.0606004319949111	0.0876267525370275	0.328667123376666	0.241040370839638	0	0	2	0.2	0.453660289339168	0.132750496881926	0.193484409126992	0.721449487420066	0.527965078293074	0	0	3	0.1	0.222480117732523	0.0652380535392104	0.094943886322147	0.353228730686908	0.258284844364761	0	0	3	0.2	0.491026023693369	0.144281953780691	0.206958839659282	0.783203774443704	0.576244934784422
924	0	0	0	0.1	0.135386557156648	0.0581354968959253	0.0210491681466755	0.244416679968593	0.223367511821918	0	0	0	0.2	0.24587686349343	0.105435193198554	0.0384680074390191	0.447714108656747	0.409246101217728	0	0	1	0.1	0.116196973862895	0.0500348037602885	0.0176587579039569	0.212538102675509	0.194879344771552	0	0	1	0.2	0.246864584546166	0.106259766994626	0.0379312255849466	0.450853263196511	0.412922037611564	0	0	2	0.1	0.121518574525939	0.0524667886170462	0.0191451399105417	0.220747917922176	0.201602778011635	0	0	2	0.2	0.265543035573545	0.114776351197324	0.0395482074108752	0.483023044521845	0.44347483711097	0	0	3	0.1	0.129748982402545	0.0562062927221394	0.019507520081376	0.236261218634538	0.216753698553162	0	0	3	0.2	0.286057510665857	0.123950854835022	0.042963800517847	0.525235063677476	0.482271263159629
842	0	0	0	0.1	0.175808706396515	0.0540904707495282	0.0678150480056001	0.284567851132003	0.216752803126403	0	0	0	0.2	0.325264378682905	0.0998071769670811	0.125358250700122	0.52752285407683	0.402164603376708	0	0	1	0.1	0.17384732522105	0.0540396080222842	0.0646722138021119	0.28194640750707	0.217274193704958	0	0	1	0.2	0.369839584808054	0.114919663066196	0.138711099923002	0.600332304883281	0.461621204960279	0	0	2	0.1	0.191474228025949	0.0598502447912069	0.0727911177564398	0.310620612782717	0.237829495026277	0	0	2	0.2	0.41789392092431	0.130789389305477	0.159578850270915	0.678580902610646	0.519002052339731	0	0	3	0.1	0.209954237926868	0.0659035667549907	0.0801271543917715	0.340863668474953	0.260736514083182	0	0	3	0.2	0.462113951150676	0.145192033105617	0.174982421924966	0.750489331654764	0.575506909729797
925	0	0	0	0.1	0.199751247142629	0.0603627870093682	0.0875397069827502	0.321337730523084	0.233798023540333	0	0	0	0.2	0.370416884273755	0.111284978308472	0.164962177246446	0.589805108914345	0.424842931667899	0	0	1	0.1	0.186736781155968	0.05593389940291	0.0820545848720833	0.296547281736276	0.214492696864192	0	0	1	0.2	0.399037078868695	0.119495634589136	0.17473847607278	0.64025365669586	0.46551518062308	0	0	2	0.1	0.201421880460277	0.060281478095272	0.0900635732100974	0.321236361525175	0.231172788315078	0	0	2	0.2	0.441501102899657	0.132370347653067	0.195728229508975	0.706551689137105	0.51082345962813	0	0	3	0.1	0.218234066074148	0.0653636498867546	0.097329465598496	0.346878923035587	0.249549457437091	0	0	3	0.2	0.48242200493439	0.144792574666429	0.213521284607212	0.77127897775193	0.557757693144718
820	0	0	0	0.1	0.178993611775855	0.065946210420354	0.051462773444027	0.300293517899144	0.248830744455117	0	0	0	0.2	0.324520977538917	0.119605331037586	0.0939335628835337	0.554919803923657	0.460986241040123	0	0	1	0.1	0.157158805002575	0.0586688999565331	0.0454819826655888	0.273373534398792	0.227891551733203	0	0	1	0.2	0.331188101770941	0.123672218311009	0.0958216888284849	0.575808158675859	0.479986469847374	0	0	2	0.1	0.163943581462776	0.061644074116084	0.0480004057801893	0.290192375070444	0.242191969290255	0	0	2	0.2	0.356325742177167	0.13412560330185	0.103869432019844	0.631049721367079	0.527180289347235	0	0	3	0.1	0.174610148656319	0.0659590226700974	0.0509408021332174	0.310835577717451	0.259894775584234	0	0	3	0.2	0.383420646867045	0.145046011266069	0.112117944197777	0.687808170432442	0.575690226234665
802	0	0	0	0.1	0.276940201760001	0.0674487485101582	0.138834509955115	0.408208224966483	0.269373715011368	0	0	0	0.2	0.509179327866159	0.12350358268869	0.25634910130586	0.745182283125784	0.488833181819923	0	0	1	0.1	0.236272578942201	0.05828002466782	0.119255835417133	0.349679615078714	0.230423779661581	0	0	1	0.2	0.505428835046504	0.124652761781572	0.252792773098655	0.749242534944723	0.496449761846068	0	0	2	0.1	0.246047442970899	0.0611377172929195	0.123906866630565	0.368122521391767	0.244215654761203	0	0	2	0.2	0.540577665034118	0.134750780879814	0.268165067144734	0.814364255702484	0.54619918855775	0	0	3	0.1	0.261851891135213	0.0655042233008169	0.129723267566773	0.394943046581865	0.265219779015091	0	0	3	0.2	0.580036551458323	0.145736052414248	0.288462294711896	0.884219820038131	0.595757525326234
827	0	0	0	0.1	0.236310876961247	0.0669168009865888	0.109175471806564	0.365315842328627	0.256140370522063	0	0	0	0.2	0.429859139236626	0.120660486972033	0.199963307622184	0.664014788433054	0.464051480810869	0	0	1	0.1	0.211976041520939	0.0599122545135466	0.0980735502486887	0.33205787329601	0.233984323047322	0	0	1	0.2	0.447105909697053	0.125753450489426	0.208803756179572	0.706428208312888	0.497624452133316	0	0	2	0.1	0.223162348157672	0.0631111325415602	0.104364009776529	0.349411591249481	0.245047581472952	0	0	2	0.2	0.485360715363572	0.137042942411475	0.228526543273943	0.763978387601335	0.535451844327392	0	0	3	0.1	0.238910882200084	0.0676867492121608	0.113584921987366	0.376266427299411	0.262681505312045	0	0	3	0.2	0.524773257149815	0.148718684267206	0.248349132233399	0.827904845425411	0.579555713192012
897	0	0	0	0.1	0.250282161620863	0.0660691383091099	0.127091322428117	0.386810159268584	0.259718836840467	0	0	0	0.2	0.47073156601543	0.123836783786788	0.235154484831205	0.72888148414186	0.493726999310655	0	0	1	0.1	0.239299873014842	0.0642687251666288	0.119068082699784	0.373957189779524	0.25488910707974	0	0	1	0.2	0.512008432359689	0.13735014373962	0.256986370340837	0.796686352249451	0.539699981908613	0	0	2	0.1	0.25751470736693	0.0697212317028583	0.128700526869149	0.401360821781108	0.272660294911959	0	0	2	0.2	0.565602618134124	0.153362295181252	0.284028726322375	0.876703299807607	0.592674573485232	0	0	3	0.1	0.278488549259863	0.0757618357575244	0.140448955251082	0.430160107324045	0.289711152072963	0	0	3	0.2	0.616967539357024	0.168273457135978	0.309672284315144	0.953789039396929	0.644116755081785
900	0	0	0	0.1	0.238991786687278	0.0637788378383115	0.112552911341527	0.372984549444036	0.260431638102508	0	0	0	0.2	0.45029457136173	0.119338256325795	0.214795161409748	0.710342492087573	0.495547330677825	0	0	1	0.1	0.226563386899315	0.0603280968941365	0.111225909778352	0.354539066586541	0.243313156808189	0	0	1	0.2	0.488581866142224	0.129784416062072	0.240445086145492	0.764835285673103	0.52439019952761	0	0	2	0.1	0.245618801644467	0.0653848516829147	0.120576733625557	0.384253387176452	0.263676653550896	0	0	2	0.2	0.542115687869475	0.144511755479854	0.268119072537107	0.849572561285416	0.581453488748309	0	0	3	0.1	0.266779661679188	0.0710311011327835	0.132533202226964	0.419491726003287	0.286958523776323	0	0	3	0.2	0.593143998247354	0.158343159902354	0.29925605276218	0.933193216513024	0.633937163750844
898	0	0	0	0.1	0.21349763029717	0.0719520824983885	0.0765466242896327	0.361950556410794	0.285403932121161	0	0	0	0.2	0.391958545792322	0.13119190361376	0.140465833368689	0.667942044203397	0.527476210834709	0	0	1	0.1	0.199523050372152	0.0673339432140591	0.0740420634056685	0.336493671899552	0.262451608493884	0	0	1	0.2	0.420249302848029	0.141216657275932	0.155278857041775	0.705458551198711	0.550179694156935	0	0	2	0.1	0.212176201532474	0.0716542098409048	0.0804961234039759	0.357262449317513	0.276766325913537	0	0	2	0.2	0.460865216439302	0.155383225047379	0.176377780571605	0.772224694362847	0.595846913791242	0	0	3	0.1	0.228108516275924	0.077049795465884	0.088416946178698	0.384005346729189	0.295588400550491	0	0	3	0.2	0.500580175006416	0.169079891146344	0.191942109395478	0.843637990838809	0.65169588144333
839	0	0	0	0.1	0.0183201244366521	0.0640281078812898	-0.105940971122595	0.139342242043514	0.245283213166109	0	0	0	0.2	0.0347803672560548	0.123018459117363	-0.205229888340587	0.265437775124385	0.470667663464972	0	0	1	0.1	0.0179519596009737	0.0651447902963637	-0.111140700571918	0.140548019276226	0.251688719848144	0	0	1	0.2	0.0387724228234392	0.141398244764063	-0.238391261723226	0.305071412508605	0.543462674231831	0	0	2	0.1	0.0197256104711576	0.0724640941799322	-0.123849877102555	0.155517212313915	0.279367089416471	0	0	2	0.2	0.0436033444296796	0.160757416319151	-0.280070099091408	0.344841531566933	0.624911630658342	0	0	3	0.1	0.0215861426962266	0.0799077946025821	-0.138099873752424	0.170292544229247	0.308392417981671	0	0	3	0.2	0.0480020647958194	0.178251225449372	-0.306529836529792	0.380859003337646	0.687388839867438
976	0	0	0	0.1	0.142831205413212	0.063504652172557	0.0275737425877351	0.269882542043715	0.242308799455979	0	0	0	0.2	0.266938018086773	0.118902350362968	0.0527904231504922	0.501789879841481	0.448999456690989	0	0	1	0.1	0.130616555952074	0.0588559922862488	0.0256262925166941	0.244486777040263	0.218860484523569	0	0	1	0.2	0.280191298845155	0.126475982145804	0.0549920545915256	0.525915682514413	0.470923627922887	0	0	2	0.1	0.139167366064121	0.0631546523448262	0.0268999309455025	0.261956051847192	0.235056120901689	0	0	2	0.2	0.306364118062598	0.139189543708496	0.0586695769664315	0.582273058941372	0.523603481974941	0	0	3	0.1	0.149862571956294	0.0682670697659241	0.0280983229220062	0.288966239273051	0.260867916351045	0	0	3	0.2	0.332420854850705	0.151660758289698	0.0616669348455871	0.641765472816488	0.5800985379709
891	0	0	0	0.1	0.278992143401707	0.0766628168046372	0.132306321927204	0.424436047487367	0.292129725560162	0	0	0	0.2	0.52638745407882	0.144343078414766	0.255322042580127	0.806158454238286	0.550836411658158	0	0	1	0.1	0.250606701102739	0.0696248505166437	0.11924308204777	0.385707154214044	0.266464072166274	0	0	1	0.2	0.540172213370814	0.15029562745942	0.260913554337589	0.832176825736218	0.571263271398629	0	0	2	0.1	0.263684741121287	0.0737963300950428	0.128330729769956	0.408014046522713	0.279683316752758	0	0	2	0.2	0.582996455233967	0.163778950190213	0.283742384897365	0.899405118913477	0.615662734016111	0	0	3	0.1	0.281678386978747	0.0793000278038415	0.136590889865867	0.435811576021602	0.299220686155734	0	0	3	0.2	0.627810573357758	0.177451310439646	0.304413960494366	0.973243187756724	0.668829227262358
775	0	0	0	0.1	0.241620324936266	0.0646776403292846	0.11747423883067	0.377913086680599	0.260438847849928	0	0	0	0.2	0.4310975489011	0.114432440678197	0.208271059669871	0.67009588886806	0.46182482919819	0	0	1	0.1	0.201526795013989	0.0542029386437228	0.096080119236278	0.311946811954008	0.21586669271773	0	0	1	0.2	0.421780333577629	0.112840910496335	0.201320636998304	0.650222479035788	0.448901842037485	0	0	2	0.1	0.205321865765472	0.0552608480964141	0.0990781522504084	0.316063713523806	0.216985561273398	0	0	2	0.2	0.444513214622968	0.119468174122546	0.214856858027115	0.687025712803212	0.472168854776098	0	0	3	0.1	0.216098244434919	0.0583223886850225	0.103484155984434	0.332884194240062	0.229400038255628	0	0	3	0.2	0.472990317937651	0.127598009955463	0.227163027061537	0.730819830096895	0.503656803035358
917	0	0	0	0.1	0.291053530946037	0.0762928142140713	0.150429629295099	0.443450412329541	0.293020783034443	0	0	0	0.2	0.545513371499819	0.141004509465588	0.285237583884697	0.827649310419863	0.542411726535166	0	0	1	0.1	0.278650662935803	0.0715910512066966	0.144375825522226	0.419695762110158	0.275319936587932	0	0	1	0.2	0.594186436138654	0.151818658980959	0.30721003811578	0.898654268710618	0.591444230594839	0	0	2	0.1	0.299501028933054	0.0764036174664093	0.152771560066744	0.450969579062275	0.298198018995531	0	0	2	0.2	0.656228135556249	0.167241592057854	0.333590157864999	0.995268493878424	0.661678336013425	0	0	3	0.1	0.323534949817408	0.0824437932855447	0.164223074246342	0.491853299650757	0.327630225404415	0	0	3	0.2	0.715391710203676	0.182267066960588	0.359781124284178	1.08394272850365	0.724161604219472
801	0	0	0	0.1	0.266362930414037	0.0720964953618833	0.127151005583786	0.407784837475129	0.280633831891343	0	0	0	0.2	0.505562083698756	0.135566577450009	0.247228794942709	0.781621659270254	0.534392864327545	0	0	1	0.1	0.259719324124646	0.0696922241909038	0.126288878931008	0.401377188320593	0.275088309389586	0	0	1	0.2	0.558003994974062	0.149506606372918	0.267281579506466	0.853913399760328	0.586631820253863	0	0	2	0.1	0.281666709607996	0.0757332036975535	0.134119807700468	0.433759064450964	0.299639256750496	0	0	2	0.2	0.620407492005069	0.167146530851649	0.294780315274748	0.953775342122319	0.658995026847571	0	0	3	0.1	0.305638876365332	0.0824238800643163	0.146365917748493	0.469768509219799	0.323402591471306	0	0	3	0.2	0.678868499876041	0.183660671160248	0.326521317110271	1.04634806373067	0.719826746620404
797	0	0	0	0.1	0.134023066586737	0.0779889792286837	-0.0180340824767565	0.281068786961727	0.299102869438483	0	0	0	0.2	0.245873122898708	0.142668297960611	-0.0335202859921401	0.513690930742003	0.547211216734143	0	0	1	0.1	0.115690764111477	0.067079079406378	-0.0151650605498483	0.237421696434501	0.252586756984349	0	0	1	0.2	0.244889606054738	0.141923475349592	-0.0348540870610843	0.504440534892982	0.539294621954067	0	0	2	0.1	0.119012186483341	0.0689870329748462	-0.017251340984058	0.245350230475131	0.262601571459189	0	0	2	0.2	0.259881603940026	0.150667320392233	-0.0357020705090641	0.537682434918514	0.573384505427578	0	0	3	0.1	0.125632612413987	0.0729207567763058	-0.018141326652018	0.261085075292382	0.2792264019444	0	0	3	0.2	0.277321342800515	0.160975986676182	-0.0407593238526917	0.577475511608693	0.618234835461385
921	0	0	0	0.1	0.222165204919903	0.0738554160871098	0.0801952651185611	0.364492221497582	0.284296956379021	0	0	0	0.2	0.403641877259154	0.13394512107689	0.146532054019466	0.658426730366153	0.511894676346687	0	0	1	0.1	0.194296599228978	0.064924365861129	0.0706187657974922	0.324179258180698	0.253560492383206	0	0	1	0.2	0.408029584112403	0.136470893930969	0.149724463897664	0.673328136637315	0.523603672739651	0	0	2	0.1	0.200441991722914	0.067388003740607	0.072483151568101	0.332116298417437	0.259633146849336	0	0	2	0.2	0.434992939781796	0.146612633843224	0.15802044183982	0.718198185400936	0.560177743561116	0	0	3	0.1	0.21201769526665	0.0716330423031457	0.0776270164961611	0.352147257208109	0.274520240711948	0	0	3	0.2	0.465382288389991	0.157608898560879	0.169000362011476	0.775270669497302	0.606270307485825
786	0	0	0	0.1	0.236069818832322	0.065531076377447	0.103670491875913	0.371950982524038	0.268280490648125	0	0	0	0.2	0.4333848617866	0.118940562178231	0.18823786632233	0.672732547580522	0.484494681258192	0	0	1	0.1	0.209437473652925	0.0576975156191286	0.0910787641752846	0.324063279187949	0.232984515012665	0	0	1	0.2	0.445062480768055	0.122095961835071	0.195379540370127	0.682231274129299	0.486851733759172	0	0	2	0.1	0.22009083038611	0.0606177565140681	0.0960080805025347	0.340457286260746	0.244449205758211	0	0	2	0.2	0.481215020785548	0.132419443108258	0.212967083861817	0.738811552139814	0.525844468277996	0	0	3	0.1	0.23529632368774	0.0649257177468721	0.103626113256577	0.364197561165251	0.260571447908674	0	0	3	0.2	0.519133303572466	0.143203670238742	0.231431218430676	0.801778688156135	0.570347469725459
829	0	0	0	0.1	0.28125019966767	0.0684979988843127	0.157928362490757	0.415116296957942	0.257187934467185	0	0	0	0.2	0.522960289066293	0.126945952640163	0.298426682028389	0.7739009035146	0.475474221486211	0	0	1	0.1	0.2619379537628	0.0649085002098535	0.14779873203472	0.389462543548498	0.241663811513778	0	0	1	0.2	0.558656133293585	0.13818297400551	0.319000921213445	0.833502582074721	0.514501660861276	0	0	2	0.1	0.279937782048886	0.0698764502179413	0.158798835921774	0.423123781993892	0.264324946072118	0	0	2	0.2	0.613368161895955	0.15326611865104	0.348993260024578	0.928652911259069	0.579659651234491	0	0	3	0.1	0.301720082369028	0.0756771062581756	0.170211908384217	0.455010781144819	0.284798872760601	0	0	3	0.2	0.666939364182668	0.167763808264028	0.378549223787352	1.01086282725518	0.632313603467826
863	0	0	0	0.1	0.228299801277994	0.0610932718285534	0.108345197207104	0.352558615949399	0.244213418742295	0	0	0	0.2	0.421279368179692	0.111763033323575	0.20348015948911	0.647716422867155	0.444236263378045	0	0	1	0.1	0.203257108639119	0.054164312172321	0.10061447930312	0.310623469914724	0.210008990611605	0	0	1	0.2	0.435464101462254	0.115675899875814	0.215605293091815	0.664092818257616	0.448487525165801	0	0	2	0.1	0.216063677842608	0.057527018553082	0.108036118543251	0.335382978859041	0.22734686031579	0	0	2	0.2	0.474721655022106	0.126473613571729	0.235095543615272	0.731809684675798	0.496714141060526	0	0	3	0.1	0.232448049239676	0.0619739299493395	0.115174988126378	0.358969398379932	0.243794410253554	0	0	3	0.2	0.514733944734559	0.13743886368986	0.253490818648966	0.79284612196133	0.539355303312363
919	0	0	0	0.1	0.16932759064247	0.0581746646437463	0.0515404888091977	0.282705995215248	0.23116550640605	0	0	0	0.2	0.317679253773122	0.109106192280683	0.0988348526352198	0.534990031386309	0.43615517875109	0	0	1	0.1	0.163786536676537	0.0572276067015244	0.0495259784671537	0.282711026650793	0.233185048183639	0	0	1	0.2	0.352148096427398	0.123163218756509	0.104994417324611	0.610725651336966	0.505731234012355	0	0	2	0.1	0.179234466920956	0.0631792978292989	0.0521403810557535	0.313875511001752	0.261735129945999	0	0	2	0.2	0.394568781882233	0.139324121703002	0.114488133242935	0.698409984451145	0.583921851208209	0	0	3	0.1	0.195808254472601	0.0693613236021887	0.0561357685951044	0.347339011902439	0.291203243307334	0	0	3	0.2	0.434231174368587	0.154308395676502	0.126735009061361	0.772451135281694	0.645716126220333
861	0	0	0	0.1	0.177762395196017	0.0649445230947023	0.0566334246230965	0.305088445247843	0.248455020624747	0	0	0	0.2	0.329890726602401	0.119879510268126	0.103043053449697	0.566884927620476	0.46384187417078	0	0	1	0.1	0.161818857364572	0.0592018978764864	0.0509739253329236	0.282232494844656	0.231258569511732	0	0	1	0.2	0.34582088626006	0.126276599280757	0.108445267643398	0.604342112832803	0.495896845189405	0	0	2	0.1	0.172100716069299	0.0630794050330528	0.054234357253263	0.300455357096025	0.246220999842762	0	0	2	0.2	0.377743591835034	0.13839589805162	0.120394732148583	0.665714766303407	0.545320034154824	0	0	3	0.1	0.185187015983526	0.0679434049586345	0.057767574026563	0.325363269823451	0.267595695796888	0	0	3	0.2	0.409864932423453	0.150470657728805	0.130606799050604	0.721727951046509	0.591121151995905
841	0	0	0	0.1	0.233949880281084	0.0629648037502367	0.116208608020081	0.362817242451591	0.246608634431511	0	0	0	0.2	0.432697511103871	0.116331798376475	0.213274595433824	0.667829130083617	0.454554534649793	0	0	1	0.1	0.205703090770653	0.0559117456893546	0.101737826327658	0.318561499635003	0.216823673307345	0	0	1	0.2	0.440617503617195	0.119720157667344	0.219012536087148	0.680342429448286	0.461329893361139	0	0	2	0.1	0.216666402067068	0.059093328492591	0.107024434367931	0.338947909968556	0.231923475600625	0	0	2	0.2	0.476268683164005	0.130227218643206	0.236065238688165	0.750781463771753	0.514716225083588	0	0	3	0.1	0.231919222508876	0.0634223738359483	0.115591811060367	0.366469320650421	0.250877509590054	0	0	3	0.2	0.514032719719657	0.141129934274385	0.255610829327067	0.812974895145042	0.557364065817975
868	0	0	0	0.1	0.139931617390534	0.0579085369294965	0.0229152424391775	0.251551379503065	0.228636137063887	0	0	0	0.2	0.261176828548014	0.107869133885949	0.0400728913423142	0.466723636268408	0.426650744926094	0	0	1	0.1	0.133267088225266	0.055401578070172	0.0208325053856838	0.235653049721684	0.214820544336	0	0	1	0.2	0.28609765331983	0.118939518304004	0.0464637525420962	0.508629795365042	0.462166042822946	0	0	2	0.1	0.145215795379748	0.0606130052072355	0.0231420248972147	0.259167298741659	0.236025273844445	0	0	2	0.2	0.319260007393725	0.133362029446292	0.0531857447723236	0.56862192380922	0.515436179036897	0	0	3	0.1	0.158318777086022	0.0662796530046561	0.0259418777028335	0.283281214105513	0.257339336402679	0	0	3	0.2	0.350709642322115	0.146944446294731	0.0574746995075527	0.623288798955469	0.565814099447916
840	0	0	0	0.1	0.19203513655045	0.0637947752420198	0.0738934427692292	0.320095447512255	0.246202004743026	0	0	0	0.2	0.350466187078537	0.115775150797684	0.138468993296165	0.581419450011004	0.44295045671484	0	0	1	0.1	0.163278954376604	0.0540704042884697	0.0630450293815448	0.271382411912719	0.208337382531174	0	0	1	0.2	0.347777507020692	0.114956999490271	0.136357591022006	0.579704812573823	0.443347221551817	0	0	2	0.1	0.169750105063708	0.0561488754303128	0.067322433311736	0.282877557457544	0.215555124145808	0	0	2	0.2	0.371832692404364	0.123132336154474	0.144971303913759	0.622110432708951	0.477139128795192	0	0	3	0.1	0.180639081972892	0.059856151835303	0.0705591171130695	0.302204711878963	0.231645594765894	0	0	3	0.2	0.398886074896897	0.132317030464775	0.154566991759983	0.670159294475195	0.515592302715211
813	0	0	0	0.1	0.344773105642629	0.0745640833041478	0.205350281119772	0.49099526759312	0.285644986473348	0	0	0	0.2	0.637448921118439	0.136469629668302	0.385474126886988	0.908092023639793	0.522617896752805	0	0	1	0.1	0.322953368111884	0.0703396108886367	0.194479816874259	0.466153994315471	0.271674177441212	0	0	1	0.2	0.683996602436283	0.148372698320354	0.413099828775749	0.982636288585097	0.569536459809347	0	0	2	0.1	0.343782514399699	0.075137889692123	0.206454551143059	0.49967721782925	0.293222666686191	0	0	2	0.2	0.749595727551376	0.163956813790947	0.445890324048254	1.0889202494112	0.643029925362944	0	0	3	0.1	0.369510694825522	0.0811483347986086	0.221224387838441	0.54292340333255	0.321699015494109	0	0	3	0.2	0.813748215315326	0.178955243663899	0.482081799885155	1.18822550476896	0.706143704883804
886	0	0	0	0.1	0.218051694172038	0.0717235525843335	0.0772481481958433	0.3527303411647	0.275482192968856	0	0	0	0.2	0.389112651007638	0.127830938952035	0.140543926516317	0.630060232624245	0.489516306107928	0	0	1	0.1	0.1819017278432	0.0604372678898327	0.0653476672462747	0.298266030433116	0.232918363186841	0	0	1	0.2	0.378494696025943	0.125718905661123	0.137660347922514	0.616194661253914	0.4785343133314	0	0	2	0.1	0.183064032382976	0.0612407642644755	0.0649436902904639	0.300940951346339	0.235997261055875	0	0	2	0.2	0.395207066861594	0.132264720331553	0.14011721027158	0.653067914025289	0.512950703753709	0	0	3	0.1	0.191252647911841	0.0642666459112879	0.0671816951926394	0.316606112742569	0.249424417549929	0	0	3	0.2	0.417997884739153	0.140711509422904	0.149410888747725	0.69352057565107	0.544109686903345
741	0	0	0	0.1	0.149484787468056	0.0590735544330715	0.0326881140487611	0.265872384905452	0.233184270856691	0	0	0	0.2	0.28071856582868	0.110329038560666	0.0617916704709031	0.49661984574995	0.434828175279047	0	0	1	0.1	0.139334054718044	0.054804851809228	0.0319559520189496	0.251807633348493	0.219851681329544	0	0	1	0.2	0.301036947772063	0.118156522969395	0.0674609984975378	0.54229034153057	0.474829343033032	0	0	2	0.1	0.151033498462679	0.0592655718066879	0.0343592888729909	0.2765709658693	0.242211676996309	0	0	2	0.2	0.33374278287314	0.130964834924929	0.0745375927057935	0.604562107359907	0.530024514654113	0	0	3	0.1	0.164082892849821	0.0644115122135816	0.0382478351369034	0.297365341924202	0.259117506787299	0	0	3	0.2	0.36505334446169	0.143231412814428	0.0851016537410689	0.662096652607836	0.576994998866767
825	0	0	0	0.1	0.193427511484189	0.0597992494100298	0.0718550196191102	0.308557679733666	0.236702660114556	0	0	0	0.2	0.355685428043076	0.109657460932642	0.132498151040094	0.562670369127869	0.430172218087776	0	0	1	0.1	0.180327849302347	0.0563747800509241	0.0671506491567528	0.286085758092269	0.218935108935516	0	0	1	0.2	0.383154554426571	0.119627645285438	0.142402389406663	0.607252211010716	0.464849821604053	0	0	2	0.1	0.193959651324575	0.0609855272162295	0.0716291460534209	0.308133288360478	0.236504142307057	0	0	2	0.2	0.423537058676823	0.133241999560856	0.154215228080917	0.673275077001605	0.519059848920689	0	0	3	0.1	0.210126720513195	0.066385416990812	0.0757236430753993	0.334244863538947	0.258521220463548	0	0	3	0.2	0.462774523935697	0.146303373558066	0.166469496573967	0.736127130248567	0.5696576336746
860	0	0	0	0.1	0.274901991432142	0.0683134992496521	0.148422021169632	0.403169820584471	0.25474779941484	0	0	0	0.2	0.513399551234233	0.127732827898656	0.280626927379806	0.759069482180983	0.478442554801177	0	0	1	0.1	0.258408199068245	0.065622655986027	0.137597013689689	0.386138489341583	0.248541475651894	0	0	1	0.2	0.551390233054199	0.140223226412619	0.292869838891498	0.829396608675405	0.536526769783907	0	0	2	0.1	0.276430620517683	0.0708306295313348	0.145545753497546	0.417981764697972	0.272436011200425	0	0	2	0.2	0.605902334151608	0.155877867934744	0.31469849828182	0.919631595800222	0.604933097518402	0	0	3	0.1	0.297923476108932	0.0768012761470524	0.155072143335537	0.454124009121402	0.299051865785865	0	0	3	0.2	0.65885804946868	0.170631504817787	0.340094577546516	1.00538886218975	0.665294284643231
750	0	0	0	0.1	0.133762347202996	0.0615972510306162	0.0203205965415405	0.254192249313482	0.233871652771942	0	0	0	0.2	0.249782251182613	0.1147294698231	0.0379688218494403	0.476516967324115	0.438548145474675	0	0	1	0.1	0.125464186231537	0.0578397950791235	0.0199749995435912	0.23898648547704	0.219011485933449	0	0	1	0.2	0.268605654021378	0.123791286208501	0.0421112137073517	0.509837726145858	0.467726512438506	0	0	2	0.1	0.135094560414113	0.0624557235170393	0.0201874413643725	0.256889117392724	0.236701676028352	0	0	2	0.2	0.296677330276581	0.137223409305094	0.0459200737651889	0.56573003115487	0.519809957389681	0	0	3	0.1	0.146233725529478	0.0676761021188991	0.0224468992015425	0.279761392431362	0.257314493229819	0	0	3	0.2	0.323839456178847	0.15013525656509	0.05040972515463	0.619901992661155	0.569492267506525
859	0	0	0	0.1	0.232361261508914	0.0648652962302076	0.111783711142151	0.361454304340233	0.249670593198083	0	0	0	0.2	0.422764956495729	0.116975043056314	0.20468872271102	0.651697160187485	0.447008437476465	0	0	1	0.1	0.203741481666634	0.0566754660163856	0.0986009979465481	0.316467899605412	0.217866901658864	0	0	1	0.2	0.430755364111748	0.119347330650722	0.20830583684059	0.673591112816788	0.465285275976198	0	0	2	0.1	0.212821099198011	0.0591717500388884	0.103269848705642	0.332630838323694	0.229360989618052	0	0	2	0.2	0.463664277510054	0.128844528911618	0.226361512488775	0.724875476618089	0.498513964129315	0	0	3	0.1	0.226900706731262	0.0632083176188876	0.111887661520972	0.35232847330516	0.240440811784189	0	0	3	0.2	0.499042903083408	0.13915240220859	0.247602163572293	0.775146948722696	0.527544785150403
920	0	0	0	0.1	0.304785542547848	0.0678647478520496	0.171777526238276	0.444270100672781	0.272492574434504	0	0	0	0.2	0.560125445154358	0.123824601706436	0.321346716340629	0.819884903256404	0.498538186915775	0	0	1	0.1	0.273893683359976	0.0612429570385078	0.157568846442929	0.399671916694575	0.242103070251646	0	0	1	0.2	0.581521675661326	0.129807401570627	0.334667548451759	0.848189162648798	0.513521614197039	0	0	2	0.1	0.288677419609163	0.0647338616313966	0.16818062246802	0.423171088127284	0.254990465659265	0	0	2	0.2	0.630653115952323	0.141862032616906	0.3681327367135	0.924217936552489	0.556085199838989	0	0	3	0.1	0.308850886455308	0.0695618201404671	0.180545307184072	0.450446493610607	0.269901186426535	0	0	3	0.2	0.681163815305713	0.154059148464261	0.397769356216329	0.987851594505251	0.590082238288922
862	0	0	0	0.1	0.117272521098318	0.0695000804096908	-0.0229285691660093	0.24362191953381	0.266550488699819	0	0	0	0.2	0.215984514596257	0.127858243794826	-0.0429697909757086	0.448636023506641	0.491605814482349	0	0	1	0.1	0.105561267100144	0.0625932698800653	-0.0209606632432303	0.223933727464903	0.244894390708133	0	0	1	0.2	0.224113902064158	0.132861266055323	-0.0443235323269938	0.473378557733812	0.517702090060806	0	0	2	0.1	0.111291488537648	0.0660231595412023	-0.0203365382044711	0.237923606826625	0.258260145031096	0	0	2	0.2	0.24315115483931	0.14432812406158	-0.0468134956969365	0.514570496936534	0.56138399263347	0	0	3	0.1	0.119073339798074	0.0707670057594909	-0.0225293601150649	0.253313886413798	0.275843246528863	0	0	3	0.2	0.262655920557821	0.156085765014417	-0.0488094495583961	0.562626554239452	0.611436003797849
867	0	0	0	0.1	0.0368440634901871	0.0597298281871897	-0.0814097090627997	0.148068672282422	0.229478381345222	0	0	0	0.2	0.0688034037300039	0.111896626654038	-0.154541115351605	0.278457647116851	0.432998762468456	0	0	1	0.1	0.0359448982753615	0.0587399225176558	-0.0819544693775223	0.146769078591789	0.228723547969312	0	0	1	0.2	0.0769624726866064	0.125942059680121	-0.176605356041434	0.317052411307389	0.493657767348823	0	0	2	0.1	0.0394514719778244	0.0646861860733634	-0.0909731312376202	0.162485020622909	0.253458151860529	0	0	2	0.2	0.0864446686396367	0.14206855619074	-0.201167944505238	0.358535739596559	0.559703684101796	0	0	3	0.1	0.0431193763511417	0.0709100221674854	-0.100260894813869	0.179293078742547	0.279553973556416	0	0	3	0.2	0.0952924115461275	0.156970423298082	-0.222142669532637	0.395529781417245	0.617672450949882
873	0	0	0	0.1	0.290944315237864	0.0703508178209095	0.152010729106561	0.433227959714347	0.281217230607786	0	0	0	0.2	0.545056463933881	0.131274059603323	0.284125816055581	0.799784400306586	0.515658584251005	0	0	1	0.1	0.257481322931159	0.0631763691703817	0.131865452648689	0.381552108428845	0.249686655780156	0	0	1	0.2	0.554335359383009	0.135856569584692	0.284972201022295	0.822581378793761	0.537609177771466	0	0	2	0.1	0.270497703826631	0.0668253688972643	0.137521464115483	0.404414655463197	0.266893191347714	0	0	2	0.2	0.597277844647398	0.14789656627653	0.306733422764189	0.896222174738119	0.58948875197393	0	0	3	0.1	0.288877719687565	0.0717283122844999	0.148190471903657	0.436176004172347	0.28798553226869	0	0	3	0.2	0.642727501066221	0.160281278239339	0.332538873741915	0.967233704638671	0.634694830896757
761	0	0	0	0.1	0.23424017997251	0.0625688830808914	0.10630980882463	0.362169838646853	0.255860029822223	0	0	0	0.2	0.428142756018797	0.113502794862336	0.198513933922228	0.66328456461	0.464770630687772	0	0	1	0.1	0.198701256498908	0.0534041940104476	0.0921631591573445	0.306714130221859	0.214550971064514	0	0	1	0.2	0.42323141683789	0.113526815511735	0.198277967567339	0.648796583659168	0.450518616091829	0	0	2	0.1	0.205959702374026	0.0556894111319791	0.0962014229479731	0.31868558511436	0.222484162166387	0	0	2	0.2	0.451267701188258	0.122189434861017	0.211123539037456	0.699426925396485	0.48830338635903	0	0	3	0.1	0.218729181775684	0.0594525715059511	0.102590406398942	0.341771341497413	0.239180935098472	0	0	3	0.2	0.483351568173414	0.131626970492013	0.226200551062317	0.755008100714094	0.528807549651777
858	0	0	0	0.1	0.117288807518592	0.0720386313618457	-0.0298691303306476	0.255485607026648	0.285354737357296	0	0	0	0.2	0.208517332657134	0.128070748149941	-0.0551191381577419	0.4541770889607	0.509296227118442	0	0	1	0.1	0.096589500527968	0.0593886664553878	-0.0251632977673401	0.209349881746647	0.234513179513987	0	0	1	0.2	0.201001887971672	0.123596005790317	-0.0511141553029654	0.434686616983092	0.485800772286058	0	0	2	0.1	0.0970135513466248	0.0597023485980242	-0.024122002827468	0.208411407564385	0.232533410391853	0	0	2	0.2	0.20949242223766	0.129024302208736	-0.0530122862887891	0.44993155654787	0.502943842836659	0	0	3	0.1	0.101382830377444	0.0624624189412297	-0.0240689388790705	0.219271070512451	0.243340009391522	0	0	3	0.2	0.221367557912304	0.136457584000449	-0.0543438928511377	0.476932761515132	0.53127665436627
914	0	0	0	0.1	0.225704576744334	0.0662844555440312	0.102095213223299	0.350225576687461	0.248130363464162	0	0	0	0.2	0.413164442400342	0.120166958965445	0.187091441473961	0.639287095747418	0.452195654273457	0	0	1	0.1	0.197351072715764	0.0574438972119551	0.0912809665198459	0.307604501978785	0.216323535458939	0	0	1	0.2	0.419356202572822	0.12163476110675	0.19049048458531	0.652306319875305	0.461815835289995	0	0	2	0.1	0.206448852214906	0.0600086694877394	0.0947116820001845	0.322123051427964	0.22741136942778	0	0	2	0.2	0.45136877046831	0.131208208774518	0.207124795553598	0.704693077643646	0.497568282090048	0	0	3	0.1	0.220205116152722	0.0641121305429668	0.102954478845022	0.344546774827705	0.241592295982683	0	0	3	0.2	0.485870764708215	0.141562002886544	0.222989300397805	0.760137273004893	0.537147972607088
930	0	0	0	0.1	0.247969320913033	0.0777916431771222	0.104866986643434	0.401340016300954	0.296473029657519	0	0	0	0.2	0.468376360389268	0.145919255166257	0.199064245386155	0.753963133809148	0.554898888422993	0	0	1	0.1	0.236569951435019	0.0737536433423802	0.0989962371095526	0.387361604634522	0.28836536752497	0	0	1	0.2	0.506673307233713	0.157486333384242	0.212656593546023	0.826453973922067	0.613797380376044	0	0	2	0.1	0.253691061632486	0.0789195421216428	0.105379933787414	0.420181391871922	0.314801458084508	0	0	2	0.2	0.557858037545074	0.173581858944949	0.230959459405627	0.917674377991806	0.686714918586179	0	0	3	0.1	0.273710642925209	0.0851854253370163	0.113825842433765	0.452916421508213	0.339090579074448	0	0	3	0.2	0.607183361849231	0.189158654782906	0.249221868426313	1.00321265649496	0.753990788068649
979	0	0	0	0.1	0.15135253392683	0.0651827007534221	0.0279360518580019	0.283984370806942	0.25604831894894	0	0	0	0.2	0.28158113460859	0.121242696578979	0.0506953929779789	0.531273965910522	0.480578572932543	0	0	1	0.1	0.132093568481336	0.057318149442952	0.0236620168908721	0.250638815400205	0.226976798509333	0	0	1	0.2	0.283892576798599	0.123322865773343	0.0508475857397711	0.540780902915867	0.489933317176095	0	0	2	0.1	0.138641301329258	0.0604927166272924	0.0254498578427297	0.2640070237175	0.23855716587477	0	0	2	0.2	0.305612791321671	0.13357600436429	0.055004935408348	0.58210541235944	0.527100476951092	0	0	3	0.1	0.148043697778579	0.0648557022119756	0.0261574817743401	0.284486239793763	0.258328758019423	0	0	3	0.2	0.32898540901024	0.144419192501654	0.0593457654350882	0.636366738484758	0.57702097304967
978	0	0	0	0.1	0.213992378366173	0.0675248566836953	0.0853645166768348	0.344637164124384	0.259272647447549	0	0	0	0.2	0.39199760654854	0.122794922049624	0.15644112958661	0.63149654421699	0.47505541463038	0	0	1	0.1	0.201549420651282	0.0637535988874458	0.0786908355326032	0.322665267850445	0.243974432317842	0	0	1	0.2	0.424162066543555	0.133613424917068	0.166367289633712	0.680069339333468	0.513702049699756	0	0	2	0.1	0.215387206618809	0.0682432245790956	0.0840961700269749	0.347602179790808	0.263506009763833	0	0	2	0.2	0.467325523519259	0.147828380918074	0.182819743843182	0.75498399064296	0.572164246799777	0	0	3	0.1	0.232195909454549	0.0736870204789396	0.0908951429171486	0.37492582203583	0.284030679118682	0	0	3	0.2	0.509051965340857	0.161497216738101	0.197733559857676	0.817475919826138	0.619742359968462
880	0	0	0	0.1	0.193020782126585	0.0678052056996992	0.0600074889305852	0.332598750736208	0.272591261805623	0	0	0	0.2	0.354612919792518	0.124204740967231	0.111895519790357	0.609705428267529	0.497809908477172	0	0	1	0.1	0.170735073690756	0.0599981932791719	0.0559479212393032	0.295829549910665	0.239881628671361	0	0	1	0.2	0.363009995180259	0.127454133902141	0.117610509350927	0.628111083126262	0.510500573775336	0	0	2	0.1	0.179227437876207	0.0630047764700702	0.058373295255502	0.308070213613977	0.249696918358475	0	0	2	0.2	0.392027370944917	0.137947227302729	0.129031817753406	0.674691881287794	0.545660063534389	0	0	3	0.1	0.191534611856664	0.067397662559	0.0637896066744433	0.328986753048212	0.265197146373768	0	0	3	0.2	0.422706046777988	0.149034592007122	0.139254222302924	0.724267414011029	0.585013191708106
889	0	0	0	0.1	0.103408853127574	0.0616898856727109	-0.0170849620634286	0.222605475581789	0.239690437645218	0	0	0	0.2	0.18905362477749	0.112964633032314	-0.0317972920085391	0.411241999007934	0.443039291016473	0	0	1	0.1	0.0904742230387722	0.054149817376265	-0.0156271697874812	0.196383258208077	0.212010427995558	0	0	1	0.2	0.192497100423291	0.11541100962785	-0.0323377062284893	0.419897935720847	0.452235641949336	0	0	2	0.1	0.0951691515099017	0.0571126627247042	-0.0155569510560171	0.209440073481052	0.224997024537069	0	0	2	0.2	0.208145951957454	0.125234205556398	-0.0343713855887998	0.457386908711357	0.491758294300156	0	0	3	0.1	0.101824085398317	0.061276390441868	-0.0161073607964873	0.225425452215797	0.241532813012284	0	0	3	0.2	0.22474644699984	0.135462479395933	-0.0369705649397354	0.497774280960199	0.534744845899935
874	0	0	0	0.1	0.0472864399498812	0.0632173788282052	-0.0772334861324817	0.168279276681143	0.245512762813625	0	0	0	0.2	0.0879772847324097	0.118073322312718	-0.148079050189694	0.310681925326475	0.458760975516169	0	0	1	0.1	0.0454990404919551	0.061672242987807	-0.0790268162003032	0.162606203286045	0.241633019486348	0	0	1	0.2	0.0972416363293254	0.13202613846197	-0.165429538790772	0.345178868786223	0.510608407576996	0	0	2	0.1	0.0496657852737273	0.0675653816020453	-0.0868092230931999	0.179602801077812	0.266412024171012	0	0	2	0.2	0.108818517438278	0.148260353008511	-0.188555388758393	0.39178843366409	0.580343822422483	0	0	3	0.1	0.0541896201033949	0.0739248375248163	-0.0918068107730074	0.195857364373117	0.287664175146124	0	0	3	0.2	0.119784496390963	0.163470136123106	-0.20394132846527	0.434466788287051	0.638408116752321
838	0	0	0	0.1	0.286726756935843	0.0633571650638152	0.169485782694954	0.423730485000152	0.254244702305198	0	0	0	0.2	0.533848384029277	0.116591415255099	0.31522448173492	0.779322841947546	0.464098360212626	0	0	1	0.1	0.262774821415626	0.0583760837846148	0.155888885463373	0.384699487274769	0.228810601811396	0	0	1	0.2	0.563540877408628	0.124497864045911	0.334099606308259	0.818349680330922	0.484250074022663	0	0	2	0.1	0.280803382201837	0.0624823556473578	0.165133984067151	0.41088518123551	0.245751197168358	0	0	2	0.2	0.617658660835351	0.137361352489965	0.366218458256966	0.902002757446165	0.535784299189199	0	0	3	0.1	0.302839404409167	0.0676230822665137	0.177023124323053	0.444652961659425	0.267629837336372	0	0	3	0.2	0.671395496291496	0.150124959690377	0.394104839028389	0.985780842391298	0.591676003362909
824	0	0	0	0.1	0.300128346475973	0.0631246103759913	0.177587839896627	0.422782625941953	0.245194786045326	0	0	0	0.2	0.546268595403271	0.114320412055814	0.325304065444352	0.768117598265229	0.442813532820877	0	0	1	0.1	0.255741171697977	0.0553194213404455	0.152550806661052	0.359101856926938	0.206551050265887	0	0	1	0.2	0.542834975597131	0.116910089147534	0.323696146202627	0.767047755269462	0.443351609066835	0	0	2	0.1	0.264940086591749	0.0577572134925814	0.157299035434153	0.377056863452255	0.219757828018102	0	0	2	0.2	0.578910046989597	0.126273235592827	0.342571299886936	0.828359903426999	0.485788603540064	0	0	3	0.1	0.281109240832255	0.0616713032006677	0.16618384625133	0.403014832607699	0.236830986356369	0	0	3	0.2	0.619781669473666	0.136222262499153	0.366052535903484	0.893990613231185	0.527938077327701
938	0	0	0	0.1	0.239165223314806	0.0643275843587648	0.118305840233636	0.366907244833074	0.248601404599438	0	0	0	0.2	0.440867852187043	0.11813149425014	0.217682975362228	0.674913681018569	0.457230705656341	0	0	1	0.1	0.215054034676243	0.0582552949679865	0.1061143580003	0.333617014148071	0.22750265614777	0	0	1	0.2	0.45813669769639	0.123885671626524	0.227952655127795	0.70857586968557	0.480623214557775	0	0	2	0.1	0.227591990767285	0.0618213197061976	0.11281763996875	0.351512511461888	0.238694871493138	0	0	2	0.2	0.498310620107434	0.135399789210929	0.248425985898998	0.776188180443019	0.527762194544021	0	0	3	0.1	0.244100984558215	0.0664648081882647	0.121285284349623	0.380360928333253	0.25907564398363	0	0	3	0.2	0.539144148455325	0.147043459780912	0.268636871297219	0.834580722132689	0.56594385083547
936	0	0	0	0.1	0.119196124921916	0.063295252111264	-0.00566886463891867	0.241889663256085	0.247558527895004	0	0	0	0.2	0.21388301148255	0.113294483523606	-0.00935485234751515	0.435334431522681	0.444689283870196	0	0	1	0.1	0.100646347761461	0.0532807296882329	-0.00406313844909468	0.2063841056973	0.210447244146395	0	0	1	0.2	0.211888670900776	0.11207256362218	-0.0101394386676344	0.4343002419576	0.444439680625235	0	0	2	0.1	0.103955744437332	0.0550313736704287	-0.00436376519434659	0.215597417916489	0.219961183110836	0	0	2	0.2	0.225825861274563	0.11953885435012	-0.0107527239924323	0.46756163848541	0.478314362477842	0	0	3	0.1	0.11026098685892	0.0584052777770612	-0.00597485655320123	0.228446173972311	0.234421030525513	0	0	3	0.2	0.242006757867657	0.128178391346314	-0.0121840723791539	0.501918515108338	0.514102587487492
826	0	0	0	0.1	0.229183720943402	0.0721378434539335	0.0881629737877421	0.37586815146749	0.287705177679748	0	0	0	0.2	0.435076564735981	0.135762743021532	0.169478853510802	0.70819823020549	0.538719376694687	0	0	1	0.1	0.21645766816023	0.067856367191523	0.0855922624725901	0.353465341768522	0.267873079295932	0	0	1	0.2	0.466852161471552	0.145598077004426	0.186801335753705	0.761092573215791	0.574291237462087	0	0	2	0.1	0.232490221387404	0.0726797025455563	0.0940835169384122	0.38287042612457	0.288786909186158	0	0	2	0.2	0.513801423778762	0.160301025068854	0.210877106856456	0.84223499207643	0.631357885219974	0	0	3	0.1	0.251038138504206	0.0784138188966474	0.102527854561793	0.41046845709301	0.307940602531217	0	0	3	0.2	0.559061582357886	0.174613684651407	0.233781285254507	0.915116056555211	0.681334771300704
850	0	0	0	0.1	0.0980143414916652	0.0607080342132996	-0.0212620458914348	0.21912348705734	0.240385532948775	0	0	0	0.2	0.177709867899144	0.109980549051945	-0.0385747472879972	0.39340502587038	0.431979773158377	0	0	1	0.1	0.0851269653064281	0.052883952674346	-0.0180608755368886	0.193254536790837	0.211315412327726	0	0	1	0.2	0.18031706306643	0.112008959900631	-0.037659134655064	0.408076219243709	0.445735353898773	0	0	2	0.1	0.0892654631707858	0.0555675609687189	-0.018400543190773	0.202983353383362	0.221383896574135	0	0	2	0.2	0.194654422039714	0.121301208972629	-0.0396800177640385	0.443004704669357	0.482684722433395	0	0	3	0.1	0.0953967858550379	0.0596260020744635	-0.019479036428159	0.218123757925557	0.237602794353716	0	0	3	0.2	0.210044133007003	0.131197230929431	-0.042635157446784	0.481941852527287	0.524577009974071
887	0	0	0	0.1	0.233093838305001	0.0627306787983791	0.119495327801555	0.367930545206086	0.248435217404531	0	0	0	0.2	0.440083973012675	0.117841731374008	0.22477049326857	0.688654984594648	0.463884491326078	0	0	1	0.1	0.231703668519317	0.0627727126484926	0.115377383647792	0.365591238865399	0.250213855217606	0	0	1	0.2	0.49705439627501	0.134405528633904	0.245384349666544	0.785124337086971	0.539739987420428	0	0	2	0.1	0.254231154593262	0.0690225382409827	0.124901426172256	0.400191179055155	0.275289752882899	0	0	2	0.2	0.558816504996192	0.151840744935875	0.271936968434845	0.888606348892126	0.616669380457281	0	0	3	0.1	0.27787219950233	0.0756040147607968	0.137252690259791	0.441724644408764	0.304471954148972	0	0	3	0.2	0.615821634863343	0.167813405496589	0.304169599028824	0.97928652821014	0.675116929181316
986	0	0	0	0.1	0.190804236038218	0.0596319402291536	0.0767436743533798	0.311533432073315	0.234789757719936	0	0	0	0.2	0.350639373307129	0.109542670367504	0.143233117288851	0.569746012582156	0.426512895293305	0	0	1	0.1	0.175848117214614	0.0557043372190557	0.0748022640335118	0.291548405664155	0.216746141630644	0	0	1	0.2	0.373152674685544	0.118242680368134	0.15972374778748	0.626173184395969	0.466449436608489	0	0	2	0.1	0.187767454503494	0.0599565271231167	0.0817298524505761	0.315797848035032	0.234067995584456	0	0	2	0.2	0.409658900485201	0.131067279340203	0.179132402011368	0.690462834239517	0.511330432228149	0	0	3	0.1	0.202342759783741	0.0649513214088098	0.0887277115660111	0.341568235937181	0.25284052437117	0	0	3	0.2	0.445763218152731	0.143447643442405	0.194656316420594	0.753548541934313	0.558892225513719
912	0	0	0	0.1	0.220503041050096	0.0646964985351486	0.0966017732623372	0.347524691396818	0.250922918134481	0	0	0	0.2	0.401236256398987	0.116445851479397	0.177342230809939	0.627168612923156	0.449826382113217	0	0	1	0.1	0.190975859859762	0.0556792263746664	0.0859873692532942	0.297727829342693	0.211740460089399	0	0	1	0.2	0.40494662090394	0.117519756251601	0.181987387855785	0.632512799873234	0.450525412017449	0	0	2	0.1	0.199379353188194	0.0580958515428986	0.0893064544911492	0.310218759405024	0.220912304913875	0	0	2	0.2	0.435312196915755	0.126801685349978	0.194176242688688	0.678078509899695	0.483902267211008	0	0	3	0.1	0.2125480257421	0.062124545823771	0.0969123738775987	0.332648828840186	0.235736454962588	0	0	3	0.2	0.468326305148939	0.136884746662657	0.214009125753317	0.730063477847421	0.516054352094104
941	0	0	0	0.1	0.27137520826281	0.0717599179810326	0.137516462282938	0.414873459842125	0.277356997559187	0	0	0	0.2	0.496803253386932	0.130440651051527	0.25385951488802	0.767054073244496	0.513194558356476	0	0	1	0.1	0.236146522102482	0.0625117371524031	0.119433721514748	0.361734381007318	0.24230065949257	0	0	1	0.2	0.499783731090713	0.131982685956832	0.256427083981309	0.77252718673288	0.516100102751571	0	0	2	0.1	0.244387619070619	0.0648452673049437	0.124503096437475	0.376555935167797	0.252052838730322	0	0	2	0.2	0.533336707286752	0.141721770905186	0.272311668041696	0.824125145488352	0.551813477446656	0	0	3	0.1	0.258977552823773	0.0689545485911569	0.133648792815115	0.400192648022333	0.266543855207219	0	0	3	0.2	0.570628282286279	0.152287680021241	0.293319704878473	0.888701826332743	0.59538212145427
871	0	0	0	0.1	0.0862537851075561	0.0676049689504513	-0.0459620275422146	0.210851968596822	0.256813996139037	0	0	0	0.2	0.160848656910573	0.126095256703441	-0.0844079163316067	0.394277513949701	0.478685430281307	0	0	1	0.1	0.0784417298887846	0.0615460065802094	-0.0428986516832887	0.193106068158264	0.236004719841553	0	0	1	0.2	0.167792099499857	0.131765299057784	-0.0912465782837355	0.412374540234858	0.503621118518593	0	0	2	0.1	0.0831188989526796	0.0653358031813235	-0.0438238916831046	0.204323274493253	0.248147166176357	0	0	2	0.2	0.182572559648153	0.143727999367261	-0.0971427907522526	0.451732088392761	0.548874879145014	0	0	3	0.1	0.0891507431781452	0.0702518708060485	-0.0484053011200228	0.21988423147917	0.268289532599192	0	0	3	0.2	0.19747817973161	0.155756284063857	-0.1053459951209	0.489735658508198	0.595081653629098
908	0	0	0	0.1	0.219814438775378	0.064549493524329	0.0921338816858012	0.344741244225598	0.252607362539797	0	0	0	0.2	0.398697209428292	0.117006796481758	0.171675569565578	0.625095703588222	0.453420134022644	0	0	1	0.1	0.18941185464632	0.0565797783254533	0.0823881756624269	0.300330617293476	0.217942441631049	0	0	1	0.2	0.400599108689907	0.119577968619169	0.174242098522667	0.640350057860862	0.466107959338195	0	0	2	0.1	0.196840837936761	0.0592217488955607	0.085987361089718	0.31430538109506	0.228318020005342	0	0	2	0.2	0.428952095268494	0.129242440019181	0.188292558097008	0.689097145423195	0.500804587326187	0	0	3	0.1	0.209313637416556	0.063231707004193	0.0920727579140497	0.335174789461799	0.243102031547749	0	0	3	0.2	0.460553181188815	0.139423843937102	0.203060590346125	0.741724744314284	0.53866415396816
913	0	0	0	0.1	0.155840740359209	0.062816218279706	0.0320395226648011	0.274645960175984	0.242606437511183	0	0	0	0.2	0.282662074922495	0.113433942890589	0.057537604623241	0.495684725144576	0.438147120521335	0	0	1	0.1	0.129677332554992	0.0523845665995133	0.0266252330089797	0.229181807308404	0.202556574299424	0	0	1	0.2	0.275286482471046	0.110992583667103	0.057513054194264	0.488067376297717	0.430554322103453	0	0	2	0.1	0.133424565657882	0.0539662849416079	0.0279880855043757	0.23582827004475	0.207840184540374	0	0	2	0.2	0.291733651579194	0.118044813936574	0.0609314009259645	0.516245282674272	0.455313881748308	0	0	3	0.1	0.141287772412595	0.0572604010392405	0.0298507613156148	0.252005134806641	0.222154373491027	0	0	3	0.2	0.311626588537414	0.126414784632728	0.0662902309391302	0.554382999127646	0.488092768188516
876	0	0	0	0.1	0.22885699520241	0.071796033493028	0.0910897885410178	0.37675752555212	0.285667737011102	0	0	0	0.2	0.42154905018687	0.130947865848945	0.166978290195342	0.688360264981287	0.521381974785945	0	0	1	0.1	0.208092320778024	0.0647441616238533	0.0820386493440628	0.341686368268065	0.259647718924002	0	0	1	0.2	0.440871015426396	0.136389610569612	0.176856919082191	0.720402130292765	0.543545211210574	0	0	2	0.1	0.219589384129003	0.0679918002430234	0.0868764608488983	0.358254885972086	0.271378425123188	0	0	2	0.2	0.479150375508355	0.148062300088518	0.189629525351409	0.780750086767705	0.591120561416296	0	0	3	0.1	0.235062699796179	0.0727042359066929	0.0918384214842167	0.384386284476122	0.292547862991905	0	0	3	0.2	0.518043091947529	0.160052939712755	0.201111284451923	0.84391022462763	0.642798940175706
939	0	0	0	0.1	0.209034422548633	0.0607088718500559	0.0940356394512962	0.334237768580702	0.240202129129406	0	0	0	0.2	0.384864043614603	0.111244514156966	0.17272734166956	0.6032564713485	0.43052912967894	0	0	1	0.1	0.189099261019885	0.0551762092326814	0.0841627961034088	0.298625759543094	0.214462963439686	0	0	1	0.2	0.402971168226726	0.117316013134832	0.176703879340501	0.634506491655978	0.457802612315477	0	0	2	0.1	0.201128118995012	0.0587702083880648	0.0881439584908941	0.317639945680375	0.229495987189481	0	0	2	0.2	0.44028306277104	0.12874193506159	0.193162166488506	0.701086658189189	0.507924491700683	0	0	3	0.1	0.216459939244142	0.0634058817407668	0.0954046452291702	0.345710544816733	0.250305899587563	0	0	3	0.2	0.478093991638944	0.140190794699352	0.212722880995533	0.760096499646621	0.547373618651088
851	0	0	0	0.1	0.0922229247700887	0.0662422155231616	-0.0337678791850348	0.227590486698732	0.261358365883766	0	0	0	0.2	0.172628486517165	0.124160962977575	-0.0620614573781725	0.422685433038315	0.484746890416488	0	0	1	0.1	0.0864117615814262	0.0623032865330703	-0.0316924092769496	0.214549461582222	0.246241870859172	0	0	1	0.2	0.185179126678542	0.133709122934412	-0.067020665802652	0.461376477625556	0.528397143428208	0	0	2	0.1	0.0928460595750183	0.0671061445318972	-0.0339095383874742	0.230016545679882	0.263926084067357	0	0	2	0.2	0.204151417067785	0.147685510767648	-0.0745841950847689	0.50362770592383	0.578211901008599	0	0	3	0.1	0.10040877279359	0.0725951053763591	-0.0382082573251316	0.24653183774354	0.284740095068672	0	0	3	0.2	0.222565477330806	0.161247641865745	-0.0823047580270498	0.546018428764873	0.628323186791923
879	0	0	0	0.1	0.217837566049799	0.0648648296751507	0.0914211635731306	0.341825942716549	0.250404779143419	0	0	0	0.2	0.414200834275628	0.12270618139182	0.176986141750137	0.668379889232428	0.491393747482291	0	0	1	0.1	0.217576334334199	0.064889053505435	0.0924550428238459	0.350744721041779	0.258289678217933	0	0	1	0.2	0.468182072162857	0.139484069383375	0.202789048654777	0.750302351592977	0.5475133029382	0	0	2	0.1	0.238846807548541	0.0713807499903479	0.102714164917725	0.385203376316188	0.282489211398462	0	0	2	0.2	0.52619395648471	0.15744364292288	0.228581012627852	0.860656761184672	0.63207574855682	0	0	3	0.1	0.260873325878246	0.0781435112088037	0.113936167014686	0.42613585894647	0.312199691931785	0	0	3	0.2	0.579354235627574	0.173770033992246	0.253820909317874	0.942526352313266	0.688705442995392
806	0	0	0	0.1	0.122991524643741	0.0655765548043378	-0.00365472962323894	0.251509359765535	0.255164089388774	0	0	0	0.2	0.224631518939731	0.119699549531051	-0.00745087264721277	0.452448126861676	0.459898999508888	0	0	1	0.1	0.107120197687641	0.0572431376716732	-0.004040614078771	0.219655936226916	0.223696550305687	0	0	1	0.2	0.227596919413358	0.121631707601771	-0.0068171170936041	0.46702910997251	0.473846227066114	0	0	2	0.1	0.112176672850055	0.0601033996234619	-0.00284458567793102	0.22849614121515	0.231340726893081	0	0	2	0.2	0.245279694162075	0.131371824109461	-0.00896932490459408	0.49889837624585	0.507867701150444	0	0	3	0.1	0.119814726941869	0.0642464361056949	-0.00398040726096742	0.244445917056172	0.24842632431714	0	0	3	0.2	0.264329846472256	0.141735029925684	-0.00734475139808157	0.53899109751095	0.546335848909032
857	0	0	0	0.1	0.129468097921557	0.0760173986772431	-0.0213110562717532	0.27690546668909	0.298216522960843	0	0	0	0.2	0.245738261171314	0.144074942691887	-0.0404274327850749	0.522752609013529	0.563180041798604	0	0	1	0.1	0.116849461094403	0.068527488714688	-0.0189494616955074	0.248368928398625	0.267318390094133	0	0	1	0.2	0.253167955187253	0.148490146271459	-0.0427375730618378	0.538914752920118	0.581652325981956	0	0	2	0.1	0.123752325513846	0.0726519310347764	-0.0206044501615556	0.263208486966637	0.283812937128193	0	0	2	0.2	0.274555546691121	0.161311934719986	-0.0468436860585892	0.584589876141022	0.631433562199611	0	0	3	0.1	0.132622910697899	0.0779543558980456	-0.0208085636383241	0.282946293532374	0.303754857170698	0	0	3	0.2	0.296443732962694	0.174330195989234	-0.0502725791168604	0.634062882878653	0.684335461995513
977	0	0	0	0.1	0.206887495609293	0.0673911922362873	0.075853098424635	0.342077076565367	0.266223978140732	0	0	0	0.2	0.386725603011359	0.126435854919917	0.142113825547541	0.642555677768935	0.500441852221393	0	0	1	0.1	0.184402881289183	0.061087556736747	0.0695377472723204	0.306560903095834	0.237023155823514	0	0	1	0.2	0.396423097037785	0.131837086660331	0.14758014319578	0.660220863362751	0.512640720166971	0	0	2	0.1	0.19457080984534	0.0649988528667838	0.0724436388290692	0.32718790798101	0.254744269151941	0	0	2	0.2	0.42917870516762	0.14402674480945	0.160583362175346	0.722304837917633	0.561721475742288	0	0	3	0.1	0.208347061899286	0.0699834416216506	0.0770434140064015	0.35223350733092	0.275190093324518	0	0	3	0.2	0.463124489670296	0.156367851602423	0.16983796358519	0.777520915302152	0.607682951716963
883	0	0	0	0.1	0.241727408049622	0.0692641025762829	0.110588242322424	0.386438212468493	0.275849970146069	0	0	0	0.2	0.459193016570147	0.130293320249673	0.208664348826951	0.728883419669753	0.520219070842802	0	0	1	0.1	0.230368010252097	0.0653182758841587	0.102917762985042	0.369346043397449	0.266428280412407	0	0	1	0.2	0.497856551380475	0.140754342735605	0.219585220895943	0.791458001871327	0.571872780975384	0	0	2	0.1	0.249098186948666	0.0704328510240984	0.109883750698924	0.398376950916784	0.28849320021786	0	0	2	0.2	0.551044966830562	0.155891772711296	0.247272242158649	0.881019456432067	0.633747214273418	0	0	3	0.1	0.270088801219674	0.07637457836268	0.120615345741813	0.431991911004639	0.311376565262826	0	0	3	0.2	0.601912977162025	0.170428695086779	0.271066102552142	0.958480995392558	0.687414892840415
948	0	0	0	0.1	0.203126628489981	0.0665863119270283	0.0768441405485535	0.335340244861927	0.258496104313374	0	0	0	0.2	0.377373297485593	0.123846548008572	0.138180553461358	0.624578582139066	0.486398028677709	0	0	1	0.1	0.184551826045795	0.0617702116059081	0.0699466724403299	0.313389260297222	0.243442587856893	0	0	1	0.2	0.394864705540488	0.132513247400426	0.149527065289598	0.67001261980696	0.520485554517362	0	0	2	0.1	0.196190384331266	0.0664330285661131	0.0740055973891478	0.337996147380882	0.263990549991734	0	0	2	0.2	0.430959242139459	0.146412928207664	0.162779311003711	0.742946388296165	0.580167077292454	0	0	3	0.1	0.211010797497582	0.0720199369950767	0.0788359092893979	0.364054223553439	0.285218314264042	0	0	3	0.2	0.467340911067754	0.160015151966141	0.174037452891855	0.808920940772115	0.63488348788026
929	0	0	0	0.1	0.145234078973952	0.0554340882825345	0.0371271157906082	0.253391985766203	0.216264869975595	0	0	0	0.2	0.268082283139622	0.101448547568648	0.0682102658060179	0.459714095716482	0.391503829910464	0	0	1	0.1	0.132833649089916	0.0500976486744388	0.032719756834558	0.23091313496557	0.198193378131012	0	0	1	0.2	0.284965337830544	0.107248443020535	0.0712016604506495	0.493954233295576	0.422752572844927	0	0	2	0.1	0.143468965042986	0.0539762505908797	0.0363248303456526	0.250267200405535	0.213942370059882	0	0	2	0.2	0.315271226907662	0.118496565139998	0.0788697075804633	0.551419995134401	0.472550287553937	0	0	3	0.1	0.155763717528988	0.0585648402717703	0.0392570519594927	0.272199162345182	0.232942110385689	0	0	3	0.2	0.344740757457238	0.129644034318397	0.0862091672834096	0.603836749762542	0.517627582479132
853	0	0	0	0.1	0.173010782304695	0.0693178808848652	0.0408746345012446	0.319831969239356	0.278957334738111	0	0	0	0.2	0.321578389556401	0.129250602042676	0.0751720799959801	0.593644645786775	0.518472565790795	0	0	1	0.1	0.157074631904035	0.063567268602942	0.036973139089865	0.292335155640022	0.255362016550157	0	0	1	0.2	0.334966414498517	0.135965737891173	0.0809812262523436	0.619831244778871	0.538850018526528	0	0	2	0.1	0.165877647202645	0.0675138539766452	0.0405388111011915	0.3076573543416	0.267118543240408	0	0	2	0.2	0.363761999336427	0.148403049464441	0.0889491109549158	0.670014310072274	0.581065199117358	0	0	3	0.1	0.17770634377549	0.0725158685001216	0.0430903143935414	0.329682245095201	0.28659193070166	0	0	3	0.2	0.393133705177768	0.160937802086579	0.0962000011996221	0.723646198812684	0.627446197613062
803	0	0	0	0.1	0.172212214743435	0.0734638776270121	0.0356704672013849	0.313158037175524	0.277487569974139	0	0	0	0.2	0.319513281221188	0.135192152004348	0.0657200254360814	0.57709485519126	0.511374829755179	0	0	1	0.1	0.153964376419719	0.0653094866160565	0.0328772711318645	0.279670044706093	0.246792773574228	0	0	1	0.2	0.329053054132533	0.139096054748861	0.0703505116567588	0.596034027311367	0.525683515654608	0	0	2	0.1	0.162331109984962	0.0687788097265024	0.0340002194006625	0.296959342804058	0.262959123403396	0	0	2	0.2	0.356471803574641	0.150860575144228	0.0748961202136886	0.649438624823573	0.574542504609885	0	0	3	0.1	0.173777319366372	0.0737192690507178	0.0370296814518147	0.318783049123055	0.281753367671241	0	0	3	0.2	0.385008905866189	0.163129760131372	0.0832939400192343	0.703716151075511	0.620422211056277
987	0	0	0	0.1	0.215014532683428	0.0660686673816165	0.0872413054379599	0.351239465472112	0.263998160034152	0	0	0	0.2	0.401570380270486	0.123431886705812	0.160810287054491	0.660544677738149	0.499734390683658	0	0	1	0.1	0.200078210692013	0.0623401209695531	0.08221724662121	0.332753458115967	0.250536211494757	0	0	1	0.2	0.428416775872034	0.133548052551267	0.175412583983105	0.715467605408213	0.540055021425108	0	0	2	0.1	0.214334047805948	0.0670509956954994	0.0878366260668421	0.361677187233923	0.273840561167081	0	0	2	0.2	0.470901383799527	0.147685054944277	0.192192322035065	0.795164973089727	0.602972651054662	0	0	3	0.1	0.231329881008505	0.07255289898569	0.0960041540206632	0.391800719104764	0.295796565084101	0	0	3	0.2	0.512522155107816	0.161204214588594	0.213257681294544	0.868348969588309	0.655091288293765
870	0	0	0	0.1	0.095191932269058	0.0612187992362206	-0.0261062941828064	0.214832758187966	0.240939052370772	0	0	0	0.2	0.177976923020477	0.114223269896305	-0.0493695033944712	0.398268392319682	0.447637895714153	0	0	1	0.1	0.0909315857991529	0.0584633796871082	-0.0259013759861692	0.201019078906885	0.226920454893054	0	0	1	0.2	0.194469460794203	0.125093557736275	-0.0543792916906474	0.4256722003029	0.480051491993548	0	0	2	0.1	0.0985289039305778	0.0635429500756474	-0.0286238843168999	0.217587149630266	0.246211033947166	0	0	2	0.2	0.216273202340918	0.13947329355483	-0.0610265952673776	0.475205149189435	0.536231744456812	0	0	3	0.1	0.107068050531329	0.0691511820853383	-0.0308947304926588	0.237381264526944	0.268275995019603	0	0	3	0.2	0.236872815316218	0.153165313209476	-0.0681874412648896	0.525350921672435	0.593538362937325
988	0	0	0	0.1	0.179531696983677	0.0649344164702062	0.0503204310167024	0.302716298070916	0.252395867054214	0	0	0	0.2	0.331480023045846	0.119567317592808	0.0918262060024216	0.55925391656152	0.467427710559098	0	0	1	0.1	0.159115532642247	0.0576736259419808	0.0437119657755897	0.268605907064815	0.224893941289225	0	0	1	0.2	0.339726975915041	0.123124225387884	0.0939206294902708	0.571680080274073	0.477759450783803	0	0	2	0.1	0.167614933286148	0.0609341428357315	0.0450338332950425	0.283662811662914	0.238628978367871	0	0	2	0.2	0.367718100916282	0.133790667800637	0.0993911122445455	0.620055311402763	0.520664199158218	0	0	3	0.1	0.179416071620689	0.065396128971396	0.0498193166032225	0.30263592520699	0.252816608603767	0	0	3	0.2	0.39702425557203	0.144898250434339	0.10826065039898	0.673786608850052	0.565525958451073
738	0	0	0	0.1	0.0535405902796941	0.0588011891173435	-0.0638317527944351	0.168098741010027	0.231930493804463	0	0	0	0.2	0.0998703064915436	0.109765460837653	-0.123738447466322	0.30985152426795	0.433589971734272	0	0	1	0.1	0.0536259536939729	0.0591036615488413	-0.0650425447549909	0.162826851154234	0.227869395909225	0	0	1	0.2	0.11430161632913	0.125963893601823	-0.139301712457214	0.349056698920412	0.488358411377626	0	0	2	0.1	0.0591711280970824	0.0652790998092239	-0.0731218819521123	0.181747997641778	0.25486987959389	0	0	2	0.2	0.129381514638352	0.142740573623604	-0.156586505042109	0.396806177773056	0.553392682815165	0	0	3	0.1	0.0649857757695197	0.0716931308427625	-0.0775418986182735	0.200891845263434	0.278433743881708	0	0	3	0.2	0.143142363589158	0.15809074451801	-0.173025801336391	0.439866373464188	0.612892174800579
932	0	0	0	0.1	0.21482783872286	0.060903206690338	0.0936819440243616	0.328925775902612	0.23524383187825	0	0	0	0.2	0.394174285657968	0.111241195471244	0.174036639436887	0.607445888367067	0.43340924893018	0	0	1	0.1	0.187484689299799	0.0533979707887671	0.0820899637082918	0.290804943297779	0.208714979589487	0	0	1	0.2	0.400050542639972	0.113790728280283	0.174157143389542	0.622053509889197	0.447896366499655	0	0	2	0.1	0.197065422504111	0.0563299334946749	0.0853233236092173	0.310784376509865	0.225461052900648	0	0	2	0.2	0.432021943516323	0.123585323453334	0.18655796317292	0.682908135836591	0.496350172663671	0	0	3	0.1	0.210899340437491	0.0604744677502221	0.0915539304859213	0.333042211992739	0.241488281506818	0	0	3	0.2	0.466159239284989	0.134068769950938	0.201093739624912	0.743169980724525	0.542076241099613
804	0	0	0	0.1	0.227164716410483	0.0592059504888485	0.107871436269165	0.341660094724076	0.233788658454912	0	0	0	0.2	0.427466900657741	0.110717998820731	0.204590476377176	0.64405549794891	0.439465021571734	0	0	1	0.1	0.220011591973665	0.0575490713944618	0.107468993588403	0.335339518339666	0.227870524751264	0	0	1	0.2	0.473793472781226	0.123742358334592	0.233444683152023	0.721585308184302	0.488140625032279	0	0	2	0.1	0.240680611972767	0.0631884522415337	0.117172523060995	0.367792248987879	0.250619725926884	0	0	2	0.2	0.53040206607997	0.139433961591425	0.254252455206456	0.818384919463959	0.564132464257503	0	0	3	0.1	0.262763819287344	0.0692006684356711	0.129301263797292	0.405595082230325	0.276293818433033	0	0	3	0.2	0.583240763503974	0.154032574554266	0.284650369732418	0.904022877841877	0.619372508109459
907	0	0	0	0.1	0.187031574288874	0.0688131266346213	0.0619922961525939	0.329638462561448	0.267646166408855	0	0	0	0.2	0.345926384126198	0.127167349274512	0.112383751826864	0.613198417303392	0.500814665476528	0	0	1	0.1	0.165806486179669	0.0615709125127572	0.0513375062686735	0.296042479280485	0.244704973011812	0	0	1	0.2	0.354202303336548	0.131422267639895	0.108058643569284	0.630568959602219	0.522510316032935	0	0	2	0.1	0.174434876755252	0.0649661568629551	0.0530763711894365	0.315899752989674	0.262823381800237	0	0	2	0.2	0.382803674130882	0.142777062268525	0.115647287556654	0.693213408918122	0.577566121361468	0	0	3	0.1	0.1866062787219	0.0696530776835789	0.0555937514578147	0.335619829966631	0.280026078508816	0	0	3	0.2	0.412931012461619	0.154436627176814	0.124028522655323	0.750409685653064	0.626381162997741
906	0	0	0	0.1	0.206415021767061	0.0718505602164146	0.0673287887914086	0.344485841238501	0.277157052447092	0	0	0	0.2	0.39223559987955	0.136436611441761	0.126124646170114	0.655451648981534	0.529327002811419	0	0	1	0.1	0.183276180533675	0.0641682637320904	0.0612599964078404	0.307254396008912	0.245994399601072	0	0	1	0.2	0.398080121654028	0.139587337292778	0.132244381513142	0.672564042324831	0.540319660811689	0	0	2	0.1	0.193188560359296	0.067883868925734	0.0644720040196026	0.324283977790742	0.259811973771139	0	0	2	0.2	0.429468479525892	0.151377740959799	0.142236258530787	0.722549222619063	0.580312964088276	0	0	3	0.1	0.20664847349366	0.0728853476425192	0.0702762497724823	0.349048254674881	0.278772004902399	0	0	3	0.2	0.462391501578816	0.163658411115734	0.155635981027941	0.787237168259281	0.63160118723134
881	0	0	0	0.1	0.174091442761171	0.0570349213875131	0.0598530504991676	0.292037727785987	0.232184677286819	0	0	0	0.2	0.315148190632092	0.103130281410976	0.107491014306705	0.527456779320313	0.419965765013608	0	0	1	0.1	0.154713919253736	0.0507129676961367	0.0533751441263217	0.259211292756657	0.205836148630335	0	0	1	0.2	0.326800525626489	0.107094095198558	0.11396388509544	0.545139341655322	0.431175456559882	0	0	2	0.1	0.163501577705453	0.0536435076911353	0.0559050918104777	0.27463835763061	0.218733265820132	0	0	2	0.2	0.355569959287891	0.116919305185567	0.123122532015442	0.590295072394469	0.467172540379027	0	0	3	0.1	0.175483104462799	0.0576896052881356	0.061257980156115	0.292860305455989	0.231602325299874	0	0	3	0.2	0.385235496981568	0.126992613741858	0.132895252220439	0.635539231695388	0.502643979474949
910	0	0	0	0.1	0.125018914443482	0.0674938383323851	-0.00639249361745852	0.252848313899602	0.25924080751706	0	0	0	0.2	0.236296675944631	0.127216263698194	-0.0132357884621361	0.485355452760262	0.498591241222398	0	0	1	0.1	0.120231768493761	0.0647499638585959	-0.00691849599906089	0.240501970297599	0.24742046629666	0	0	1	0.2	0.258749072298034	0.139262784309322	-0.0150662667819835	0.523546931154704	0.538613197936687	0	0	2	0.1	0.130469005919179	0.0702592770320136	-0.00743355040833643	0.265553954434692	0.272987504843029	0	0	2	0.2	0.287708516919927	0.154889469192517	-0.0158710873431426	0.585948215374002	0.601819302717144	0	0	3	0.1	0.141773896550725	0.0763262218966895	-0.00838277861116023	0.286485613314088	0.294868391925249	0	0	3	0.2	0.315006335851112	0.169704167961019	-0.0188079733892865	0.639688331380458	0.658496304769744
961	0	0	0	0.1	0.28225859601049	0.061483617479436	0.166206594913082	0.40510138393106	0.238894789017978	0	0	0	0.2	0.528911774403293	0.114294547836033	0.315645059923717	0.750459697517396	0.434814637593678	0	0	1	0.1	0.269772610406911	0.059473013571369	0.156772199538969	0.388768144463997	0.231995944925027	0	0	1	0.2	0.578225934396617	0.127156062207175	0.341639392063699	0.830716474228784	0.489077082165084	0	0	2	0.1	0.291989295972784	0.0648261559876036	0.171087419168537	0.420781340414981	0.249693921246445	0	0	2	0.2	0.641674285575374	0.14277912999884	0.37898362399038	0.92422360292246	0.54523997893208	0	0	3	0.1	0.316876539882423	0.0707540648215945	0.187242322593057	0.456555164825456	0.269312842232399	0	0	3	0.2	0.70209920785092	0.157376341081285	0.410845309333231	1.01364642865735	0.602801119324116
885	0	0	0	0.1	0.208249986386545	0.0820177052900573	0.0428727339774636	0.363921432594645	0.321048698617181	0	0	0	0.2	0.386807907492191	0.152259088279743	0.0815654965632235	0.682234900108705	0.600669403545482	0	0	1	0.1	0.181957097186507	0.0719062711840454	0.0395316838024802	0.31680422286856	0.27727253906608	0	0	1	0.2	0.387204277517149	0.153121458257628	0.0826735904985422	0.69815001384174	0.615476423343198	0	0	2	0.1	0.187483634860355	0.07427547582389	0.039839442569113	0.33372791672523	0.293888474156117	0	0	2	0.2	0.411076435274502	0.163156089342981	0.0902098710867483	0.730119625878753	0.639909754792005	0	0	3	0.1	0.198011072445658	0.0786263020592393	0.0426956092993121	0.35111750639246	0.308421897093148	0	0	3	0.2	0.43839093525929	0.174461597460691	0.0962969186808077	0.77593654160356	0.679639622922752
799	0	0	0	0.1	0.131389038259097	0.063172248682335	0.00161547528559501	0.253846243411589	0.252230768125994	0	0	0	0.2	0.245945378812304	0.117789234717181	0.00278625431567917	0.472283471008391	0.469497216692712	0	0	1	0.1	0.123971224663489	0.0594467928846614	0.00076331148271609	0.237738333485791	0.236975022003075	0	0	1	0.2	0.265922598516257	0.127377859853618	0.0012377674839194	0.509057090070039	0.507819322586119	0	0	2	0.1	0.133954622873083	0.0642459619151013	0	0.255185437859486	0.255185437859486	0	0	2	0.2	0.294528087205654	0.141334543926898	0.00193672332412636	0.56285758927552	0.560920865951394	0	0	3	0.1	0.145289587800116	0.0698022678819236	0	0.278506666886602	0.278506666886602	0	0	3	0.2	0.322093163651493	0.154841563045945	0	0.613292721574989	0.613292721574989
800	0	0	0	0.1	0.257165892431937	0.0610530553836309	0.139647444717692	0.378479071004837	0.238831626287145	0	0	0	0.2	0.470840245701413	0.110858091319973	0.257961550164195	0.698712841496435	0.44075129133224	0	0	1	0.1	0.229626017052517	0.0546178647774873	0.127680164058721	0.341147379326231	0.21346721526751	0	0	1	0.2	0.487473391168877	0.115685088207027	0.272943576772244	0.721542726451496	0.448599149679253	0	0	2	0.1	0.242368869430709	0.0579435375803702	0.13846522444082	0.360687495635805	0.222222271194985	0	0	2	0.2	0.529270415282613	0.126714793904694	0.302037420368224	0.784899701832785	0.482862281464562	0	0	3	0.1	0.259805576263462	0.0624355766789038	0.148941320933072	0.386128187607591	0.23718686667452	0	0	3	0.2	0.572398022961004	0.137852877438137	0.327210885237364	0.853727604958649	0.526516719721286
877	0	0	0	0.1	0.132663470544881	0.0597672897080803	0.0142181794283397	0.247817766821437	0.233599587393097	0	0	0	0.2	0.245232951685338	0.11036967837695	0.0267129883047267	0.456855274443871	0.430142286139144	0	0	1	0.1	0.120816084580284	0.054634027487428	0.0130477492940665	0.225407512400174	0.212359763106108	0	0	1	0.2	0.25790535761338	0.116647675933289	0.0281545158788681	0.481801393932595	0.453646878053727	0	0	2	0.1	0.128898552910768	0.0583793603144036	0.0140504467966283	0.240242862349414	0.226192415552785	0	0	2	0.2	0.282444195151329	0.128211152212972	0.0309309117571998	0.528470497618872	0.497539585861672	0	0	3	0.1	0.138941506223108	0.0631128029224886	0.0159199275961933	0.260401931386808	0.244482003790615	0	0	3	0.2	0.307126526841125	0.139701291666897	0.0346202237701004	0.573982689021738	0.539362465251638
911	0	0	0	0.1	0.171040217379394	0.0637961741238992	0.0453468197005651	0.291231824734806	0.245885005034241	0	0	0	0.2	0.322763573995546	0.120182240428368	0.0855873324349976	0.553657809632389	0.468070477197391	0	0	1	0.1	0.162720613418715	0.061322774253836	0.0430196724700544	0.280129245812413	0.237109573342358	0	0	1	0.2	0.350826937975975	0.132209449159391	0.0925465033070537	0.604790600047427	0.512244096740373	0	0	2	0.1	0.176456282621522	0.0667577728208714	0.0466464671608602	0.3047022410847	0.25805577392384	0	0	2	0.2	0.38946441756126	0.147525689602612	0.104223730419869	0.670562862580373	0.566339132160504	0	0	3	0.1	0.191659903129931	0.072727152457437	0.0516632760379381	0.330384389390098	0.278721113352159	0	0	3	0.2	0.426254490025987	0.161915133292674	0.115733652391657	0.737626335143049	0.621892682751392
856	0	0	0	0.1	0.233562481646636	0.0679642296641106	0.104592467500966	0.374600918495898	0.270008450994932	0	0	0	0.2	0.443370287989398	0.128470047610671	0.200785115882166	0.709193124919669	0.508408009037503	0	0	1	0.1	0.22545746482368	0.0660417624838938	0.102943237996454	0.361132355983928	0.258189117987474	0	0	1	0.2	0.486791822138694	0.142304619104318	0.225296984878732	0.782009958649971	0.556712973771239	0	0	2	0.1	0.245193108808948	0.0719342583486198	0.114347557557587	0.391522281356782	0.277174723799195	0	0	2	0.2	0.541863907225067	0.15904921324484	0.256893258589018	0.865935196094117	0.609041937505099	0	0	3	0.1	0.266597874183718	0.0783321181225279	0.123812071137157	0.429229911801322	0.305417840664164	0	0	3	0.2	0.593649132896307	0.174809402406249	0.279774422911817	0.960352408293575	0.680577985381758
872	0	0	0	0.1	0.240998995719535	0.0612400431149598	0.122002164851863	0.3601904478148	0.238188282962937	0	0	0	0.2	0.43361326080579	0.110120862711779	0.221426330995077	0.648613721928271	0.427187390933193	0	0	1	0.1	0.208837818592598	0.054235578115413	0.107140971841381	0.316369997479332	0.209229025637951	0	0	1	0.2	0.439804525105484	0.114050823922056	0.225168601583511	0.671266392994743	0.446097791411231	0	0	2	0.1	0.217898670931188	0.056995440357615	0.112795039466661	0.333080820793078	0.220285781326417	0	0	2	0.2	0.473325696792855	0.124016346788316	0.242934088803014	0.72801491387382	0.485080825070806	0	0	3	0.1	0.232465113303194	0.0611162178827776	0.120012354184441	0.357843342375649	0.237830988191208	0	0	3	0.2	0.509826068630649	0.13438512797432	0.261488821596743	0.786181308599863	0.524692487003119
994	0	0	0	0.1	0.202936385231031	0.0676991428192659	0.0765900167310495	0.334213409156784	0.257623392425734	0	0	0	0.2	0.377236459277162	0.125020838708299	0.139218494179246	0.628043129975494	0.488824635796247	0	0	1	0.1	0.191097594186224	0.0635970339103318	0.0706378070144703	0.316544794211412	0.245906987196942	0	0	1	0.2	0.406180896463907	0.13484411063081	0.146943101722328	0.668599709689248	0.52165660796692	0	0	2	0.1	0.204591561783653	0.0681847307148546	0.0739124011080509	0.338434745669651	0.2645223445616	0	0	2	0.2	0.447129699625832	0.148905447459846	0.15800607998969	0.738034550865881	0.580028470876191	0	0	3	0.1	0.220631300714529	0.0736798808231948	0.0770425440910948	0.367320214691819	0.290277670600724	0	0	3	0.2	0.486873839712913	0.162610483506015	0.169742212515176	0.812011212316651	0.642268999801475
739	0	0	0	0.1	0.214300263691299	0.0721367592608869	0.0653817566187972	0.354711398048481	0.289329641429684	0	0	0	0.2	0.392428483670745	0.131679630914918	0.123964825880582	0.650422257622352	0.52645743174177	0	0	1	0.1	0.183026464527689	0.0620391584731734	0.0578542366423259	0.307466459648179	0.249612223005853	0	0	1	0.2	0.388391002195207	0.13158101414697	0.122687858696417	0.65252758155577	0.529839722859353	0	0	2	0.1	0.188402649616498	0.0642166415178892	0.0580426250334741	0.321811080956033	0.263768455922559	0	0	2	0.2	0.412031915226277	0.140484699177545	0.128086935658405	0.70233619334064	0.574249257682235	0	0	3	0.1	0.199180852075645	0.0681136862265165	0.0615219435018623	0.341413022944873	0.279891079443011	0	0	3	0.2	0.439699377388008	0.150511704150998	0.137054578164485	0.750339463551178	0.613284885386693
928	0	0	0	0.1	0.117534224866033	0.071030452062864	-0.021106013934283	0.264126745324259	0.285232759258542	0	0	0	0.2	0.225535409267019	0.136217464095569	-0.0397657509443731	0.503206946755859	0.542972697700232	0	0	1	0.1	0.114078257361589	0.0689226431825387	-0.0198250475335858	0.251603005517903	0.271428053051488	0	0	1	0.2	0.247520094867133	0.149716025694292	-0.0439825804950141	0.543732443541946	0.587715024036961	0	0	2	0.1	0.124228874519367	0.0751503502447522	-0.0223011864513958	0.270508064910844	0.292809251362239	0	0	2	0.2	0.275550324317915	0.167037221682416	-0.0479439083791948	0.598993434832077	0.646937343211272	0	0	3	0.1	0.135112412818687	0.0818906436622776	-0.0231389217690975	0.293772043242412	0.316910965011509	0	0	3	0.2	0.301935492094298	0.18329975708864	-0.0540023498485895	0.657503466117196	0.711505815965786
869	0	0	0	0.1	0.214168748129487	0.0665504866617611	0.0806765546118513	0.349452186857633	0.268775632245782	0	0	0	0.2	0.399566849089864	0.123227404103421	0.154101254975397	0.645132671319958	0.491031416344561	0	0	1	0.1	0.203105138364479	0.0627235534382425	0.0787680457678406	0.326964216755137	0.248196170987296	0	0	1	0.2	0.433024224847364	0.133340662808883	0.1693504642867	0.689780336730132	0.520429872443431	0	0	2	0.1	0.218377949833183	0.0673461343738537	0.0855159563619786	0.349353035162972	0.263837078800993	0	0	2	0.2	0.478304194721484	0.147491896419794	0.187493867362552	0.764838404932555	0.577344537570002	0	0	3	0.1	0.236127306140453	0.0728095666365394	0.092908377444309	0.3748503031419	0.281941925697591	0	0	3	0.2	0.521757048512262	0.161098835872432	0.206697379999715	0.832941615347412	0.626244235347697
935	0	0	0	0.1	0.114291334818481	0.0607114089572443	0.00250800861190425	0.23471857083183	0.232210562219926	0	0	0	0.2	0.210568568342011	0.111653235124075	0.00367453634070029	0.428113417960073	0.424438881619372	0	0	1	0.1	0.103591053618512	0.0551560256324368	0.00242262011951537	0.213456419448985	0.21103379932947	0	0	1	0.2	0.220722038091687	0.117478034708646	0.00465013876614446	0.456717875614357	0.452067736848213	0	0	2	0.1	0.11024243284917	0.0587457311272516	0.00279170950307671	0.22916367117705	0.226371961673973	0	0	2	0.2	0.241331211981479	0.128680379415307	0.00558756089577796	0.501284231313641	0.495696670417863	0	0	3	0.1	0.118742885828911	0.0633520068203917	0.00203473531868046	0.245900877164281	0.2438661418456	0	0	3	0.2	0.262013890619835	0.139847245302282	0.00509236692633828	0.545420036679878	0.540327669753539
933	0	0	0	0.1	0.222975604034401	0.0688495188825921	0.0910617993281418	0.356648215771218	0.265586416443076	0	0	0	0.2	0.416007059630152	0.128336233326471	0.173518182840721	0.666333825504624	0.492815642663903	0	0	1	0.1	0.206379340451273	0.0643935071133495	0.0853654967945711	0.333946621782246	0.248581124987675	0	0	1	0.2	0.440679661063543	0.137591557028277	0.18059671708379	0.718663504254059	0.538066787170269	0	0	2	0.1	0.219665748328087	0.0689985134850141	0.0901818459041662	0.359807605952594	0.269625760048428	0	0	2	0.2	0.481919152525343	0.151673076032349	0.196034751189682	0.790466347482052	0.59443159629237	0	0	3	0.1	0.236215257437703	0.0746146269226688	0.0959850775345118	0.385862136560408	0.289877059025896	0	0	3	0.2	0.522964926990864	0.165498149165697	0.212829772375029	0.857138185573467	0.644308413198438
849	0	0	0	0.1	0.189441718231164	0.0752484924154859	0.0473647943299493	0.343046364103373	0.295681569773424	0	0	0	0.2	0.360407030732561	0.143058901402413	0.089354460469703	0.656549846392629	0.567195385922926	0	0	1	0.1	0.176525222643663	0.0705375510686591	0.0423978756045023	0.32485423110891	0.282456355504407	0	0	1	0.2	0.381926981086965	0.152731573349113	0.0914556823921225	0.710093289652718	0.618637607260595	0	0	2	0.1	0.18899833002308	0.0756887590350078	0.0458298376736993	0.349621036460505	0.303791198786806	0	0	2	0.2	0.418625841184316	0.167957563264581	0.101029141959628	0.787409178750194	0.686380036790566	0	0	3	0.1	0.203702822237067	0.0817289978007233	0.0487785973109364	0.380006406095954	0.331227808785018	0	0	3	0.2	0.454831018325871	0.182867224764969	0.109654251802614	0.841198340873761	0.731544089071146
909	0	0	0	0.1	0.215382680351283	0.0724577509090314	0.0889590720156822	0.360099488668316	0.271140416652634	0	0	0	0.2	0.396864811464874	0.132378205503535	0.16427999550623	0.666898205496173	0.502618209989942	0	0	1	0.1	0.191074751677008	0.0641473995002966	0.0780932548414492	0.327355383029206	0.249262128187757	0	0	1	0.2	0.406049900561267	0.135709591754795	0.163999190100625	0.693293449992155	0.529294259891529	0	0	2	0.1	0.199946274448753	0.06703528657697	0.0810959866997194	0.340327064258255	0.259231077558536	0	0	2	0.2	0.437461316484065	0.146466019719681	0.178621075278757	0.743587551460495	0.564966476181738	0	0	3	0.1	0.213212389941151	0.0715241775004612	0.0862049039112381	0.364563650581487	0.278358746670249	0	0	3	0.2	0.47085687632817	0.157978861231811	0.19102119479705	0.802673261635684	0.611652066838633
973	0	0	0	0.1	0.122672529114931	0.0571388350624266	0.0126012881884472	0.237358235884846	0.224756947696398	0	0	0	0.2	0.225140585570519	0.104654750988073	0.0230214086577418	0.434329870193158	0.411308461535417	0	0	1	0.1	0.104322739325843	0.0484483184352173	0.0110194131093936	0.202463165937728	0.191443752828334	0	0	1	0.2	0.223845293256819	0.103956651881318	0.0228335070737933	0.432115035281118	0.409281528207324	0	0	2	0.1	0.109563111271687	0.0509405840611341	0.011054302246727	0.211753617798448	0.200699315551721	0	0	2	0.2	0.241080228280585	0.112140163800906	0.0227811385402635	0.468203007994958	0.445421869454694	0	0	3	0.1	0.117222344078464	0.0545820219202045	0.0118366624312666	0.228917779005676	0.217081116574409	0	0	3	0.2	0.259864027031479	0.121071410410007	0.0265049541429771	0.503259548259401	0.476754594116424
946	0	0	0	0.1	0.22203558381657	0.0716668178363207	0.090066371262386	0.362113038255833	0.272046666993447	0	0	0	0.2	0.409718664746612	0.131452282192598	0.166979249577979	0.66853416462529	0.50155491504731	0	0	1	0.1	0.194243158353122	0.0627892203063825	0.0793674852423448	0.321586682921631	0.242219197679286	0	0	1	0.2	0.413149709823978	0.13320816399315	0.168880879748624	0.681360646951736	0.512479767203112	0	0	2	0.1	0.201724277936418	0.0652929990372671	0.0827308012261338	0.33152611247772	0.248795311251586	0	0	2	0.2	0.441850554576654	0.143029549252752	0.178543614755287	0.731174252108446	0.55263063735316	0	0	3	0.1	0.214230847692568	0.0694852946741796	0.0878500823577253	0.355203895256359	0.267353812898634	0	0	3	0.2	0.473512113547427	0.153794548706001	0.192551439053483	0.781387817101752	0.588836378048269
882	0	0	0	0.1	0.104792543791641	0.0596317453471821	-0.00967523831453208	0.225213473709819	0.234888712024351	0	0	0	0.2	0.195313338989362	0.110687301235377	-0.0175759431793607	0.418317035546407	0.435892978725768	0	0	1	0.1	0.0987854633907636	0.0559807202746182	-0.00984538732285855	0.208137326521932	0.217982713844791	0	0	1	0.2	0.211828543492813	0.119931021058805	-0.0214089964111665	0.445492632151865	0.466901628563032	0	0	2	0.1	0.10717949115635	0.0607535211052036	-0.0101255421133963	0.224094912420459	0.234220454533855	0	0	2	0.2	0.235534444044979	0.133413366383602	-0.0229278083101666	0.485469033810786	0.508396842120953	0	0	3	0.1	0.116596621316026	0.0661469142529691	-0.0120695427352776	0.242963094562294	0.255032637297571	0	0	3	0.2	0.258080488368519	0.146356518748839	-0.0256686334499402	0.534503678391793	0.560172311841733
916	0	0	0	0.1	0.147038620707917	0.0694699478147947	0.0161686385182519	0.28083430244056	0.264665663922308	0	0	0	0.2	0.278930672688922	0.131551298822862	0.0321395707329226	0.543123895676345	0.510984324943422	0	0	1	0.1	0.139915859097218	0.0661151330165876	0.0158746694998231	0.271960164446746	0.256085494946923	0	0	1	0.2	0.30182898912437	0.142601974456067	0.0355273405749608	0.585813565794824	0.550286225219863	0	0	2	0.1	0.15116971519963	0.0714851550225483	0.0179789721510746	0.295171935766823	0.277192963615748	0	0	2	0.2	0.334000853484883	0.15810106702272	0.0396212817710045	0.657793648199539	0.618172366428534	0	0	3	0.1	0.163762558481731	0.0775709123170275	0.0190007474724483	0.322718025806675	0.303717278334226	0	0	3	0.2	0.364547501825353	0.172840586460383	0.0436010378976751	0.725054290094506	0.681453252196831
926	0	0	0	0.1	0.316997703892153	0.0762331470938585	0.176576392513051	0.477328083301351	0.300751690788299	0	0	0	0.2	0.598882385986414	0.143572393476637	0.335297215258995	0.915475253234889	0.580178037975894	0	0	1	0.1	0.296641983037622	0.0726785413123764	0.166166295404792	0.456966102410956	0.290799807006164	0	0	1	0.2	0.637367090303374	0.15619140581896	0.362884565618875	0.981405160648608	0.618520595029733	0	0	2	0.1	0.316459830035836	0.0783070384119619	0.178408823569016	0.489484808647145	0.311075985078129	0	0	2	0.2	0.697623421235694	0.17314564334479	0.39628652217175	1.07558553400957	0.679299011837815	0	0	3	0.1	0.340389868216841	0.0847771035958695	0.190788262152213	0.523953291050615	0.333165028898402	0	0	3	0.2	0.756672097270035	0.189267345114799	0.427391763183807	1.16673761285071	0.739345849666904
937	0	0	0	0.1	0.206563070803825	0.0664005500771859	0.0788722875973888	0.342781240603526	0.263908953006137	0	0	0	0.2	0.395244508039734	0.126778896814125	0.150973543197931	0.65892921830205	0.507955675104119	0	0	1	0.1	0.199171476241077	0.0641635047808953	0.0758285638032188	0.328950782611286	0.253122218808068	0	0	1	0.2	0.432571606386517	0.139532873812668	0.163233423031499	0.715948144583184	0.552714721551685	0	0	2	0.1	0.217025200125392	0.0701139235862835	0.0814801533336739	0.357268171992285	0.275788018658611	0	0	2	0.2	0.481613569096169	0.156087142223638	0.178928250004795	0.795925031652433	0.616996781647638	0	0	3	0.1	0.236195227843617	0.0765234608906264	0.0881708288447329	0.39262551486261	0.304454686017877	0	0	3	0.2	0.527676343116353	0.171469680363711	0.195873421615354	0.875109462252674	0.67923604063732
894	0	0	0	0.1	0.262422723219271	0.0796183840442963	0.105187396249465	0.427234858443074	0.322047462193609	0	0	0	0.2	0.494095886641457	0.149742113951393	0.197273615221197	0.806063796752584	0.608790181531387	0	0	1	0.1	0.243647538828511	0.0749051293338923	0.0941364525994477	0.401709909026712	0.307573456427265	0	0	1	0.2	0.521876561594078	0.16046743911017	0.201284761650982	0.862764100104499	0.661479338453516	0	0	2	0.1	0.258650689306627	0.0800570779378198	0.0978556999367547	0.428854283823765	0.33099858388701	0	0	2	0.2	0.569046504753043	0.176381714579116	0.212627336547807	0.945450442209035	0.732823105661228	0	0	3	0.1	0.277433751686365	0.0862035434762111	0.104892229313222	0.460940960758729	0.356048731445507	0	0	3	0.2	0.615758444219447	0.191901502017378	0.228531584875249	1.01759611132825	0.789064526452997
854	0	0	0	0.1	0.320542838684619	0.0695075252985796	0.187032948402182	0.459953941167907	0.272920992765725	0	0	0	0.2	0.592565527664557	0.128116354132661	0.346604990003477	0.85619839129206	0.509593401288583	0	0	1	0.1	0.297328509175553	0.0658720085642001	0.17225874699115	0.436042829596558	0.263784082605408	0	0	1	0.2	0.630004064255095	0.138949889735112	0.362188339108074	0.926978581628786	0.564790242520712	0	0	2	0.1	0.315357138573374	0.0701891089723107	0.179161959775274	0.464645249131168	0.285483289355895	0	0	2	0.2	0.688052079960691	0.153078672317556	0.390915418070506	1.00940097317709	0.618485555106588	0	0	3	0.1	0.338414828697676	0.0755924036709121	0.193066500913949	0.496624469136932	0.303557968222983	0	0	3	0.2	0.745573220589702	0.166784456711	0.421218072269102	1.09697274689669	0.675754674627588
927	0	0	0	0.1	0.220981325966052	0.0739533042094202	0.0728321646886711	0.368011848422527	0.295179683733856	0	0	0	0.2	0.405259964887328	0.134610553427228	0.134321292791129	0.669576486910287	0.535255194119157	0	0	1	0.1	0.20210706773248	0.0672396967763835	0.0658855698837174	0.343601486318143	0.277715916434425	0	0	1	0.2	0.425445408708736	0.141107091056024	0.14223476997376	0.718987853855417	0.576753083881657	0	0	2	0.1	0.212560776969556	0.0706596857684385	0.0726707270137902	0.35347294587142	0.280802218857629	0	0	2	0.2	0.461746291960079	0.15349700146825	0.158326567875415	0.767058726351356	0.60873215847594	0	0	3	0.1	0.227081160462489	0.0755891089523719	0.0775047658148005	0.375782644231957	0.298277878417156	0	0	3	0.2	0.498621114632024	0.166048761297761	0.171305817097826	0.823887393195291	0.652581576097465
944	0	0	0	0.1	0.0664432120170524	0.0695111018957491	-0.0757764519057393	0.205986576875492	0.281763028781231	0	0	0	0.2	0.120399266487	0.12599751494413	-0.140446832608259	0.374944046937933	0.515390879546192	0	0	1	0.1	0.0557498493754506	0.0585750459311738	-0.0660351126507553	0.176832710879502	0.242867823530257	0	0	1	0.2	0.117825546713491	0.123776520550453	-0.139520456042723	0.371873780595652	0.511394236638374	0	0	2	0.1	0.057168126538303	0.0601705788955664	-0.0694820652070729	0.181242862223513	0.250724927430585	0	0	2	0.2	0.124618255143186	0.131214327314608	-0.149035559435107	0.39698792672264	0.546023486157747	0	0	3	0.1	0.0603612401559306	0.0636154381872139	-0.0730061232025444	0.191149864845945	0.264155988048489	0	0	3	0.2	0.132919412467336	0.140121661251736	-0.162034246456722	0.418978556406943	0.581012802863665
855	0	0	0	0.1	0.156570441393894	0.0642478838447497	0.0248989307555395	0.27664539726062	0.251746466505081	0	0	0	0.2	0.294036691628191	0.120280068115783	0.0481974461156098	0.52042255258023	0.47222510646462	0	0	1	0.1	0.142421382956344	0.0585866401998361	0.0226622871190432	0.254747533479273	0.23208524636023	0	0	1	0.2	0.307372553759982	0.126443296894716	0.0500606291280507	0.550156416559605	0.500095787431554	0	0	2	0.1	0.152166991892472	0.0628370683765696	0.024389230724474	0.273221866077949	0.248832635353475	0	0	2	0.2	0.336268571478136	0.13895754950545	0.0544464602334345	0.601847180824179	0.547400720590744	0	0	3	0.1	0.164093438061904	0.0679906671038852	0.026485107742283	0.298288512050459	0.271803404308176	0	0	3	0.2	0.365189298689931	0.1514932421091	0.0594462131938536	0.661618378508832	0.602172165314979
982	0	0	0	0.1	0.115873494289982	0.0620219919344458	-0.00724753417554235	0.237333486743296	0.244581020918838	0	0	0	0.2	0.214319689552359	0.114266276263993	-0.0133663185443576	0.432353233162702	0.44571955170706	0	0	1	0.1	0.111542855204751	0.0593729514199351	-0.00660092571290395	0.225713902262212	0.232314827975116	0	0	1	0.2	0.236553929020029	0.125758319323049	-0.0162369829704011	0.479770456012142	0.496007438982543	0	0	2	0.1	0.120939425393639	0.064269726504122	-0.00716067900924041	0.245136469346129	0.252297148355369	0	0	2	0.2	0.263631229556961	0.140184336787494	-0.0165850384229325	0.537341437622272	0.553926476045205	0	0	3	0.1	0.131441948594588	0.0699262352072928	-0.00808187979133237	0.267393574301934	0.275475454093266	0	0	3	0.2	0.289217804861577	0.153876353689788	-0.017806064746091	0.588915980261813	0.606722045007904
875	0	0	0	0.1	0.139783030890834	0.0660721492994943	0.0146249005786307	0.2720101015309	0.25738520095227	0	0	0	0.2	0.256948532788685	0.121703426027055	0.0264448358226371	0.494613148692868	0.468168312870231	0	0	1	0.1	0.121024835099007	0.0575921557245828	0.0121080513303632	0.234322672520314	0.222214621189951	0	0	1	0.2	0.258197850462874	0.123179096163236	0.0262569496488105	0.505343460663234	0.479086511014423	0	0	2	0.1	0.126389070048196	0.0604369415597664	0.0128918060795407	0.249042751032836	0.236150944953295	0	0	2	0.2	0.277179275671106	0.13288573541548	0.0290907048546624	0.547845168855388	0.518754464000726	0	0	3	0.1	0.134667576707466	0.0646671043637397	0.0123694077157045	0.267471366631714	0.255101958916009	0	0	3	0.2	0.297868555159477	0.14326911974783	0.0298678522321979	0.59303615658709	0.563168304354892
971	0	0	0	0.1	0.147158664509619	0.0607579027062081	0.0295288925507844	0.269956439146265	0.240427546595481	0	0	0	0.2	0.272959183389949	0.112814833372501	0.0552749402724056	0.507247006083851	0.451972065811446	0	0	1	0.1	0.136208400493334	0.0567715751844851	0.0280853785934884	0.251963340162029	0.223877961568541	0	0	1	0.2	0.291234353989722	0.121440830626234	0.0614359601676306	0.541802349549987	0.480366389382356	0	0	2	0.1	0.146319394721579	0.0611515396223762	0.0298966682555465	0.271042543548503	0.241145875292957	0	0	2	0.2	0.321015867762993	0.134326830490363	0.0675121637610974	0.595566460259307	0.52805429649821	0	0	3	0.1	0.15828792696413	0.0663623371098136	0.032495114738722	0.293243952479639	0.260748837740917	0	0	3	0.2	0.350111338097909	0.146945191737112	0.0746762584444975	0.647156293190871	0.572480034746373
934	0	0	0	0.1	0.214219008327137	0.0693150987066374	0.0856041235854487	0.345454500767383	0.259850377181934	0	0	0	0.2	0.398205594718744	0.128402220745876	0.161776399364603	0.635197621109986	0.473421221745383	0	0	1	0.1	0.199112238923671	0.0646674005991814	0.082128371304993	0.321296936718146	0.239168565413153	0	0	1	0.2	0.424609955766376	0.137653180350787	0.17495240627425	0.682261393958546	0.507308987684296	0	0	2	0.1	0.212820040428467	0.0692021709593356	0.087493677462758	0.341824888992987	0.254331211530229	0	0	2	0.2	0.46623735352494	0.151629842190847	0.192094882176716	0.756811307641293	0.564716425464578	0	0	3	0.1	0.229431262561242	0.0747025576553451	0.0946210881806541	0.371204821369677	0.276583733189023	0	0	3	0.2	0.507054932174479	0.165293662248345	0.207776438087938	0.827202370628945	0.619425932541007
962	0	0	0	0.1	0.298158918763394	0.0797816500301458	0.141685481484487	0.456923478107515	0.315237996623028	0	0	0	0.2	0.572423749928345	0.153423271785038	0.272508271827787	0.862598844929864	0.590090573102077	0	0	1	0.1	0.282502945780531	0.0770103358249941	0.133501684491707	0.431962857141263	0.298461172649556	0	0	1	0.2	0.611598212291344	0.167184025625337	0.287736579963597	0.936624958285298	0.648888378321702	0	0	2	0.1	0.302026874015312	0.0831390735736244	0.143106681988849	0.466040226404379	0.322933544415529	0	0	2	0.2	0.669755118969465	0.18508668175225	0.315402888765855	1.02983593468846	0.714433045922609	0	0	3	0.1	0.324868246205069	0.0899394361345245	0.154770609685335	0.501826561576345	0.34705595189101	0	0	3	0.2	0.726159771142653	0.202146355101494	0.346622893370137	1.12330782083608	0.776684927465942
888	0	0	0	0.1	0.228584365281296	0.0669298849915052	0.0971273361033465	0.355556724071639	0.258429387968293	0	0	0	0.2	0.428520192196716	0.124523746020993	0.184649317065069	0.669727477124894	0.485078160059825	0	0	1	0.1	0.220754018357617	0.0644933138598105	0.096707785286023	0.348001326696726	0.251293541410703	0	0	1	0.2	0.471784116535319	0.137609292775187	0.204702510162741	0.744575926496011	0.53987341633327	0	0	2	0.1	0.239195945458989	0.0700562314943879	0.102019022809165	0.379243058179531	0.277224035370366	0	0	2	0.2	0.524714165359428	0.153731422063313	0.225265121789721	0.830951733520922	0.605686611731201	0	0	3	0.1	0.259694440261435	0.0763180943300561	0.112289832369813	0.413581284579951	0.301291452210138	0	0	3	0.2	0.574731970350868	0.168961222023656	0.245837335220382	0.913302172161434	0.667464836941052
992	0	0	0	0.1	0.101954281337032	0.0656434795638488	-0.0307885264359816	0.233735360585496	0.264523887021477	0	0	0	0.2	0.185395302589177	0.118983023479707	-0.0563257724911857	0.420470496092675	0.47679626858386	0	0	1	0.1	0.0900503384094972	0.0578050098656563	-0.0275041992740721	0.207154574897883	0.234658774171955	0	0	1	0.2	0.190725554391422	0.122275428651335	-0.0587925453763349	0.442269333077725	0.501061878454059	0	0	2	0.1	0.0948757002349373	0.0608907087848336	-0.028618773049724	0.219708541328507	0.248327314378231	0	0	2	0.2	0.206807571115757	0.132681441214747	-0.0613939443221474	0.481433147976116	0.542827092298263	0	0	3	0.1	0.101686795678768	0.0652822357782451	-0.0304211727928848	0.235745893007905	0.266167065800789	0	0	3	0.2	0.223729338986608	0.143634026121802	-0.0674030777695085	0.516177370899804	0.583580448669313
866	0	0	0	0.1	0.1046147951129	0.0609007843923113	-0.0165115950385863	0.222689047477089	0.239200642515675	0	0	0	0.2	0.188863464928377	0.109887394512013	-0.0306976953709988	0.398821242804872	0.42951893817587	0	0	1	0.1	0.0901639866377282	0.0525189815087769	-0.014759821583205	0.18917445969966	0.203934281282865	0	0	1	0.2	0.189911205953011	0.110694142403112	-0.0310851801210703	0.398953252857388	0.430038432978458	0	0	2	0.1	0.0935804412842477	0.0546031062174914	-0.0155496259361544	0.198950603395953	0.214500229332107	0	0	2	0.2	0.203390143564179	0.118709901110849	-0.0326653710289947	0.432202022017818	0.464867393046813	0	0	3	0.1	0.0994723555966996	0.0581404739891617	-0.0160323049407818	0.210666702248925	0.226699007189707	0	0	3	0.2	0.218404249351909	0.127698069025893	-0.0370690891644021	0.464326579991361	0.501395669155763
940	0	0	0	0.1	0.235680694790289	0.0652692243828532	0.119272780545972	0.365228768462126	0.245955987916154	0	0	0	0.2	0.440216198645024	0.121468775267073	0.221956527576361	0.683267332734	0.461310805157639	0	0	1	0.1	0.22157312145531	0.062024969709339	0.109094397544019	0.343337288990124	0.234242891446106	0	0	1	0.2	0.474009929672877	0.132627373061326	0.23447965955109	0.73259562579533	0.49811596624424	0	0	2	0.1	0.238111117091702	0.0671661818887679	0.11682549912435	0.372851550955346	0.256026051830996	0	0	2	0.2	0.522807818337088	0.147700237765334	0.25696148987943	0.819327197046898	0.562365707167469	0	0	3	0.1	0.257549688048645	0.0730624263979273	0.125856921512373	0.404292730588536	0.278435809076162	0	0	3	0.2	0.570277618748831	0.162089049139663	0.278742596590921	0.896904233464449	0.618161636873529
942	0	0	0	0.1	0.27184001515452	0.0679994757867245	0.134660103702265	0.401519879136745	0.26685977543448	0	0	0	0.2	0.508635498581951	0.12583667485561	0.255578840758891	0.739680343864943	0.484101503106052	0	0	1	0.1	0.254620108624383	0.0634702969109195	0.126965343459834	0.375375133138274	0.24840978967844	0	0	1	0.2	0.544434477449859	0.135381044861686	0.27933409593796	0.807458472981239	0.528124377043278	0	0	2	0.1	0.272303222421427	0.0681032286849795	0.138341164428483	0.406401955184174	0.268060790755691	0	0	2	0.2	0.597828226641331	0.149692706053124	0.30381297086543	0.897711162689685	0.593898191824255	0	0	3	0.1	0.293521172382921	0.073600465949613	0.147960710915784	0.441660241615863	0.293699530700079	0	0	3	0.2	0.650009167623929	0.163447694393831	0.328436067558423	0.975829422596787	0.647393355038365
878	0	0	0	0.1	0.141562554309984	0.0734777432879034	-0.00377717648448861	0.282112103213064	0.285889279697552	0	0	0	0.2	0.265436407679874	0.137589065195952	-0.00607360050811987	0.534147656213692	0.540221256721811	0	0	1	0.1	0.125650368384932	0.0653139012489022	-0.00257310468217328	0.258431419411683	0.261004524093856	0	0	1	0.2	0.270400388229232	0.140632278156445	-0.00617049594575189	0.556709824364162	0.562880320309914	0	0	2	0.1	0.132145535318131	0.0688608980637766	-0.0029087526205646	0.272177128518238	0.275085881138803	0	0	2	0.2	0.291630680653391	0.15221851442298	-0.00582738494552088	0.59803879740902	0.603866182354541	0	0	3	0.1	0.141108720296895	0.0736994897457035	-0.00201122854672546	0.292074935313267	0.294086163859992	0	0	3	0.2	0.313967195243909	0.164261369217416	-0.00748012723183649	0.643368715174185	0.650848842406021
995	0	0	0	0.1	0.174717933316577	0.0578066682019527	0.0644601783698863	0.295333483346836	0.23087330497695	0	0	0	0.2	0.321903080157066	0.105827124289563	0.12025358795007	0.534553474249447	0.414299886299377	0	0	1	0.1	0.162777268580554	0.0541762387451066	0.0594403872406847	0.26859704988373	0.209156662643045	0	0	1	0.2	0.346362198676699	0.114931169092686	0.12832067007196	0.569511512194929	0.441190842122969	0	0	2	0.1	0.175131692028542	0.0584341132107166	0.0633715246329522	0.291574716802132	0.22820319216918	0	0	2	0.2	0.38284126480782	0.127575916903339	0.141070473760848	0.630701751028523	0.489631277267674	0	0	3	0.1	0.189720776573972	0.0633315553503043	0.0687978202264751	0.311861126520829	0.243063306294354	0	0	3	0.2	0.41826137457098	0.139833994600732	0.151894156161511	0.688449917778631	0.536555761617121
951	0	0	0	0.1	0.312650857384024	0.0705553083484209	0.179243192066212	0.455124044891861	0.275880852825649	0	0	0	0.2	0.57434274782455	0.128981881509596	0.334622522811059	0.835354498071087	0.500731975260028	0	0	1	0.1	0.281793387209232	0.0646586707520159	0.163374064519972	0.419961150167971	0.256587085647999	0	0	1	0.2	0.597253339585391	0.136753763481645	0.344715128520638	0.881220589942561	0.536505461421924	0	0	2	0.1	0.296553507380891	0.0686390912718381	0.171921143173291	0.443950076466997	0.272028933293706	0	0	2	0.2	0.647167619254146	0.149894781072605	0.375958312664863	0.967008374660747	0.591050061995884	0	0	3	0.1	0.317056336310599	0.0737504820164576	0.183775196773837	0.472249690003747	0.28847449322991	0	0	3	0.2	0.698629387128721	0.16292690110032	0.406611975289548	1.04383627221875	0.637224296929204
949	0	0	0	0.1	0.0879233300708436	0.0601701627863255	-0.0240804198490842	0.207604244197721	0.231684664046805	0	0	0	0.2	0.161139689799461	0.110109002130772	-0.0436740856557625	0.374580651800053	0.418254737455816	0	0	1	0.1	0.0770142078011598	0.0525303524125078	-0.0208123932132744	0.178812667025459	0.199625060238734	0	0	1	0.2	0.164443021028034	0.112133021850785	-0.0441341996475297	0.377254829067217	0.421389028714747	0	0	2	0.1	0.0813026096778372	0.0554402089472865	-0.0220040626788774	0.18632376507719	0.208327827756068	0	0	2	0.2	0.17828544652251	0.121646808163409	-0.0487581027947341	0.407994590406781	0.456752693201515	0	0	3	0.1	0.0872350191042822	0.0595049840128332	-0.0246209737265852	0.199969733242277	0.224590706968862	0	0	3	0.2	0.192786376440261	0.131550248805006	-0.0542939401946608	0.44259527313289	0.49688921332755
945	0	0	0	0.1	0.264567786558663	0.0683123987464844	0.126995601840149	0.397053315570542	0.270057713730394	0	0	0	0.2	0.497444675148044	0.127749383173803	0.24008499607176	0.741319449261582	0.501234453189822	0	0	1	0.1	0.240114784911508	0.0628332621205526	0.115149084318862	0.363644253206564	0.248495168887702	0	0	1	0.2	0.518019315317747	0.13530330390877	0.249444205548248	0.787186844392521	0.537742638844273	0	0	2	0.1	0.255654969004506	0.0672183223767992	0.121909201253164	0.392462673915362	0.270553472662198	0	0	2	0.2	0.565054765561598	0.148838985912558	0.269157299768564	0.871082404743083	0.601925104974519	0	0	3	0.1	0.275008891747718	0.0726486845878161	0.129836950135336	0.425965501140438	0.296128551005102	0	0	3	0.2	0.612332820284217	0.162236948402344	0.289546867301061	0.950339409747542	0.660792542446482
975	0	0	0	0.1	0.190754862860122	0.0660523297428768	0.055759336095521	0.318440599719979	0.262681263624458	0	0	0	0.2	0.348133537424906	0.119985517309602	0.104004714822451	0.584764073192314	0.480759358369862	0	0	1	0.1	0.164351336381554	0.0572151924249577	0.0497730669055032	0.278209932629087	0.228436865723584	0	0	1	0.2	0.348567245052291	0.121061281983283	0.10580395902445	0.587504813123196	0.481700854098747	0	0	2	0.1	0.170521746033075	0.0594887615447158	0.0506924832452783	0.285385667419195	0.234693184173917	0	0	2	0.2	0.372527567925754	0.129908192148122	0.112645451509679	0.624488794621811	0.511843343112132	0	0	3	0.1	0.181139077734707	0.0633499992250046	0.0537966169176442	0.304934986119489	0.251138369201845	0	0	3	0.2	0.399369600065903	0.139643729498434	0.120681091018861	0.674505573161617	0.553824482142756
884	0	0	0	0.1	0.118173772412817	0.0524558581765981	0.00981828552575384	0.219006882023124	0.20918859649737	0	0	0	0.2	0.217138983901039	0.0959791393817835	0.0183462918621153	0.403586418278037	0.385240126415922	0	0	1	0.1	0.1117070041015	0.049259684628858	0.00952878124760585	0.208201201867188	0.198672420619582	0	0	1	0.2	0.238161815203298	0.104973136412373	0.020838855407928	0.443194458609153	0.422355603201225	0	0	2	0.1	0.1218158520828	0.0537179225858601	0.0111683654232718	0.227060596040201	0.215892230616929	0	0	2	0.2	0.266233917188955	0.117455593217629	0.0230117352485604	0.491552823970515	0.468541088721955	0	0	3	0.1	0.132925334678615	0.0587211310609283	0.0119847567543907	0.248568311756609	0.236583555002218	0	0	3	0.2	0.2929753639065	0.129348337290091	0.0260454465539079	0.549621220369122	0.523575773815214
993	0	0	0	0.1	0.305917347431601	0.0684034127237191	0.183820958011752	0.450476254458753	0.266655296447001	0	0	0	0.2	0.56060686278519	0.124455339302369	0.334224399801889	0.825790203467502	0.491565803665612	0	0	1	0.1	0.279192433786495	0.0633781067956892	0.164981895108443	0.409772326353575	0.244790431245132	0	0	1	0.2	0.589690532789883	0.133452875016099	0.349708576967064	0.856332482746865	0.506623905779801	0	0	2	0.1	0.294781269752832	0.0674878920603433	0.17435582420062	0.433135967449899	0.258780143249279	0	0	2	0.2	0.641668809786272	0.147006038682914	0.378050282778886	0.94560645871359	0.567556175934705	0	0	3	0.1	0.315721308215958	0.0727325494717323	0.185599523821487	0.471333947874781	0.285734424053294	0	0	3	0.2	0.694190390669012	0.16023518192204	0.405508081512739	1.0392504889321	0.633742407419366
943	0	0	0	0.1	0.165712822342014	0.0719823774077114	0.0357291738758962	0.315364469871835	0.279635295995939	0	0	0	0.2	0.314398700982522	0.136357462212632	0.0686780879179607	0.603131578337359	0.534453490419398	0	0	1	0.1	0.15968384895711	0.0697999145127203	0.0350853598480809	0.304654441110757	0.269569081262676	0	0	1	0.2	0.343723049234888	0.150263574422479	0.0747910858643639	0.647715789431135	0.572924703566771	0	0	2	0.1	0.172797945001762	0.0757793121679966	0.0381829392049405	0.324989500651238	0.286806561446298	0	0	2	0.2	0.381161286407877	0.167339067770363	0.0822217307021452	0.721009214877858	0.638787484175713	0	0	3	0.1	0.187406471938572	0.0823501550483225	0.0415479664276508	0.35608687790719	0.314538911479539	0	0	3	0.2	0.416716332857897	0.183311761917834	0.0927231904057806	0.79327489057068	0.700551700164899
947	0	0	0	0.1	0.153151290751998	0.0625853047733498	0.0327754898552348	0.276772965145656	0.243997475290421	0	0	0	0.2	0.284569085035905	0.115879642359612	0.0609530801641797	0.516386307889507	0.455433227725328	0	0	1	0.1	0.136618124447654	0.0556906349477577	0.0290041598443791	0.248939594393679	0.2199354345493	0	0	1	0.2	0.293341086260339	0.119300376842463	0.0644536550599759	0.534239076612166	0.46978542155219	0	0	2	0.1	0.144958883568804	0.0590172382380201	0.0323224897734415	0.267219430057742	0.234896940284301	0	0	2	0.2	0.319195111819111	0.129854031303394	0.0725170688699208	0.584906278517118	0.512389209647197	0	0	3	0.1	0.155784034007311	0.0633666698058451	0.0341269686739888	0.286304953807273	0.252177985133284	0	0	3	0.2	0.345661031742791	0.140640818478941	0.0780805949227196	0.634359450946659	0.556278856023939
984	0	0	0	0.1	0.168047927894731	0.0709488099915663	0.0274427429003688	0.303550830846498	0.276108087946129	0	0	0	0.2	0.318139004121188	0.134168747617148	0.0537209525443805	0.57658556002031	0.522864607475929	0	0	1	0.1	0.158732454962327	0.0673098645705169	0.0257721136175191	0.28944781681406	0.263675703196541	0	0	1	0.2	0.342051436737405	0.145137458246088	0.0579789572522199	0.621015365475906	0.563036408223686	0	0	2	0.1	0.170744555278676	0.0726174518525245	0.0283489977454736	0.310906454554162	0.282557456808688	0	0	2	0.2	0.377034671591465	0.160560999039284	0.062231131476586	0.686280061447474	0.624048929970888	0	0	3	0.1	0.184608291628701	0.0786817551380939	0.0296592839281684	0.335927247211174	0.306267963283006	0	0	3	0.2	0.410978499031255	0.175393596326473	0.0649368378450016	0.746200279187342	0.68126344134234
893	0	0	0	0.1	0.298325946029769	0.0716442400003428	0.167270421149414	0.442136102236325	0.27486568108691	0	0	0	0.2	0.562674467209758	0.134350171697339	0.318820524274171	0.829139694645034	0.510319170370863	0	0	1	0.1	0.274221001984916	0.0671749520311545	0.153033457574239	0.41165958669814	0.2586261291239	0	0	1	0.2	0.590664145338107	0.144266507240219	0.334405265099438	0.881625356102641	0.547220091003204	0	0	2	0.1	0.291649230752897	0.0718774573656962	0.163496492756967	0.43944892950634	0.275952436749372	0	0	2	0.2	0.643923259190056	0.158767604011606	0.362920648188098	0.971665201735235	0.608744553547137	0	0	3	0.1	0.313338048213205	0.0774932952024674	0.1761720318822	0.47095939233252	0.29478736045032	0	0	3	0.2	0.697215890928694	0.172717284811001	0.390484569877172	1.04975653547114	0.659271965593967
964	0	0	0	0.1	0.231381034500354	0.0573621323702983	0.122681942703582	0.341495868194859	0.218813925491277	0	0	0	0.2	0.417058504873008	0.102873124087448	0.221439915298271	0.609716502150303	0.388276586852031	0	0	1	0.1	0.191009198879085	0.0479797883751796	0.102515775278045	0.284298629789253	0.181782854511208	0	0	1	0.2	0.406288916577408	0.101856284680484	0.216438998685281	0.604722934087688	0.388283935402406	0	0	2	0.1	0.198059451791637	0.0499807231003139	0.104001297903593	0.295043451377179	0.191042153473586	0	0	2	0.2	0.43307915596399	0.109436611073768	0.229796040412645	0.640586882059716	0.410790841647071	0	0	3	0.1	0.210577977529944	0.0533984160601252	0.111302139179465	0.313336617864205	0.202034478684741	0	0	3	0.2	0.464370591322533	0.117908117480491	0.242945669542239	0.692373665370985	0.449427995828745
972	0	0	0	0.1	0.12861765472143	0.0647873061650827	0.00164519846813733	0.248588104930945	0.246942906462808	0	0	0	0.2	0.248263314769909	0.124792271726618	0.00333601842828683	0.480547785340773	0.477211766912486	0	0	1	0.1	0.12096716912752	0.0607107689029513	0.00174243319275046	0.235558425196064	0.233815992003313	0	0	1	0.2	0.265472321150963	0.133325467863792	0.00386613514096176	0.515403520451509	0.511537385310547	0	0	2	0.1	0.131505850454118	0.0660549640641812	0.0014926747077481	0.254626723749595	0.253134049041846	0	0	2	0.2	0.294172915596848	0.147918097842225	0.00403283382261267	0.572467758583445	0.568434924760832	0	0	3	0.1	0.143041956006485	0.0719247539088309	0.00207241222657529	0.281102739171056	0.279030326944481	0	0	3	0.2	0.321596131041484	0.162020027956573	0.00508662747481379	0.632983640103884	0.62789701262907
958	0	0	0	0.1	0.148254147684759	0.0597056297483005	0.0304768906164792	0.259532233240643	0.229055342624164	0	0	0	0.2	0.275103577363494	0.110671147947852	0.0573507527690936	0.485749506439949	0.428398753670855	0	0	1	0.1	0.136921431527978	0.0555094189625177	0.0272296275723441	0.243512373001589	0.216282745429245	0	0	1	0.2	0.293026417647008	0.118980307107197	0.0595498692670832	0.522755826714775	0.463205957447692	0	0	2	0.1	0.147040277900021	0.0599486562688602	0.0314087124306658	0.261883122341317	0.230474409910651	0	0	2	0.2	0.322802018206183	0.13179189975929	0.0651768554985173	0.576326943881451	0.511150088382934	0	0	3	0.1	0.159006740964306	0.0651118815759434	0.0324779310365784	0.285246229749881	0.252768298713303	0	0	3	0.2	0.351876550236675	0.144227549478088	0.0736105643161777	0.631557724423389	0.557947160107211
991	0	0	0	0.1	0.154861552675964	0.0623798843197816	0.0301778089890383	0.277973344888001	0.247795535898963	0	0	0	0.2	0.287930608577637	0.11548482988997	0.0584757789880959	0.516909336400483	0.458433557412387	0	0	1	0.1	0.145997801246228	0.0585873866681268	0.0296991360366527	0.26316345725698	0.233464321220327	0	0	1	0.2	0.311944700891209	0.12508106875727	0.0646958927502954	0.563719535017294	0.499023642266999	0	0	2	0.1	0.157646541695555	0.0633067270216352	0.0330750681911039	0.286097142588856	0.253022074397752	0	0	2	0.2	0.3456747722215	0.138883583493677	0.0744230610082803	0.629217433822723	0.554794372814443	0	0	3	0.1	0.171000121648365	0.0687015650871337	0.0351657548317421	0.309409279421535	0.274243524589793	0	0	3	0.2	0.378068425322494	0.152076368677004	0.0787596717789833	0.690590367693111	0.611830695914127
852	0	0	0	0.1	0.113962671797395	0.0642741789291097	-0.014091843957138	0.237752679691744	0.251844523648882	0	0	0	0.2	0.212659470971968	0.12023094510036	-0.0272430005851315	0.458356182080942	0.485599182666073	0	0	1	0.1	0.102419869626122	0.0582115576460085	-0.0115991706832913	0.220480596060411	0.232079766743702	0	0	1	0.2	0.220690929352155	0.125685323135071	-0.026532956191919	0.481358098895171	0.50789105508709	0	0	2	0.1	0.109271006295686	0.0624076976282677	-0.0127234512727675	0.237975664114922	0.25069911538769	0	0	2	0.2	0.241170964293386	0.1379377504076	-0.0267114036017882	0.528001081714644	0.554712485316432	0	0	3	0.1	0.117861451832316	0.0674779074757202	-0.0140749415283842	0.254953696357733	0.269028637886117	0	0	3	0.2	0.261938106199379	0.150259143798567	-0.0308771484677371	0.569932798684614	0.600809947152352
963	0	0	0	0.1	0.179907397770504	0.0636794482950084	0.0568152438585864	0.310161304805984	0.253346060947398	0	0	0	0.2	0.33293098383167	0.117179089246512	0.10535846871879	0.570118852541545	0.464760383822755	0	0	1	0.1	0.162882266089181	0.0572306490174123	0.0516340446165584	0.279458390417966	0.227824345801408	0	0	1	0.2	0.347635736515206	0.122068453703359	0.109284442849723	0.598934253050156	0.489649810200433	0	0	2	0.1	0.172843991255086	0.060745529683396	0.0536814360939315	0.296157598856491	0.242476162762559	0	0	2	0.2	0.378961231130853	0.133320544443393	0.11828651527917	0.649357733919731	0.531071218640562	0	0	3	0.1	0.185771896312373	0.0653571579631464	0.0580889380704264	0.315826501931248	0.257737563860821	0	0	3	0.2	0.410777113268992	0.144743851151484	0.128731374393172	0.700715321128039	0.571983946734867
996	0	0	0	0.1	0.31297070692733	0.0732175030649115	0.171155473882685	0.463094438264684	0.291938964381999	0	0	0	0.2	0.571354519767645	0.132941171806396	0.309695895829203	0.841962189385495	0.532266293556293	0	0	1	0.1	0.276256384573532	0.0655943808354203	0.152095150555363	0.414359053404112	0.262263902848749	0	0	1	0.2	0.582784856588545	0.138140873194814	0.320734137139002	0.866094994370751	0.54536085723175	0	0	2	0.1	0.287137293372077	0.0686659132687808	0.157449748375603	0.425169689835576	0.267719941459973	0	0	2	0.2	0.625013514875286	0.149723350116069	0.345677120304307	0.935276281836918	0.589599161532611	0	0	3	0.1	0.30487419156814	0.0733416557542539	0.166997891315934	0.455013954903424	0.28801606358749	0	0	3	0.2	0.670605913535059	0.161875381646481	0.368609166233907	0.996236780173903	0.627627613939996
998	0	0	0	0.1	0.223755638291765	0.0598984200082825	0.106950151092322	0.343209440733819	0.236259289641497	0	0	0	0.2	0.41748730421209	0.11071267730748	0.197919990014355	0.641296152583701	0.443376162569346	0	0	1	0.1	0.209025259645722	0.0556803524853912	0.0991726491455981	0.318565213239518	0.21939256409392	0	0	1	0.2	0.448539611413901	0.119067878394903	0.212355067436966	0.684022345934812	0.471667278497846	0	0	2	0.1	0.225447691375073	0.060034374516133	0.105405202499282	0.340984895183654	0.235579692684372	0	0	2	0.2	0.495872614816308	0.13201021748188	0.235069911331619	0.75201522838765	0.516945317056031	0	0	3	0.1	0.244263913428514	0.0652030412596693	0.114210413768763	0.370906774203748	0.256696360434985	0	0	3	0.2	0.541534095832699	0.144682052661248	0.255597354819759	0.828212630103769	0.57261527528401
918	0	0	0	0.1	0.278473802841478	0.0634819683990221	0.151039878255058	0.399669469053718	0.24862959079866	0	0	0	0.2	0.519387593002696	0.117073921504647	0.287149405077081	0.744714657871902	0.457565252794821	0	0	1	0.1	0.24987155863455	0.0560058994298508	0.137769902311514	0.354872942637913	0.217103040326399	0	0	1	0.2	0.537962993704778	0.12026566797184	0.299944307872065	0.767091635496592	0.467147327624526	0	0	2	0.1	0.265754982167918	0.0592672240125357	0.148805590521749	0.37944182361379	0.230636233092041	0	0	2	0.2	0.586235265829084	0.131081477117966	0.327069688454499	0.842416884184482	0.515347195729983	0	0	3	0.1	0.285861659068972	0.0637312422474539	0.157849753121156	0.409728219885903	0.251878466764747	0	0	3	0.2	0.635277029370934	0.142192579798249	0.355183117257311	0.912757547444622	0.55757443018731
999	0	0	0	0.1	0.281389771305071	0.0696205394190666	0.145671983603562	0.420958790423157	0.275286806819595	0	0	0	0.2	0.52277967636011	0.128299451381282	0.270820980149624	0.779888079758447	0.509067099608822	0	0	1	0.1	0.249441550006983	0.0621745360513234	0.128974110210378	0.37507847048828	0.246104360277903	0	0	1	0.2	0.534808324621054	0.13282411609941	0.274360136937138	0.794857830912428	0.52049769397529	0	0	2	0.1	0.262765857124367	0.0656358404134889	0.133518277198293	0.391849181804458	0.258330904606165	0	0	2	0.2	0.578201064595168	0.14450871829225	0.294272251664772	0.858441843425132	0.56416959176036	0	0	3	0.1	0.281079039432788	0.0703946848709741	0.143628726340519	0.416605219827467	0.272976493486948	0	0	3	0.2	0.6236251635814	0.156526216216325	0.318277732368069	0.921136687974074	0.602858955606005
980	0	0	0	0.1	0.131910375067994	0.0575781097070818	0.0213362721203184	0.245321769123225	0.223985497002907	0	0	0	0.2	0.243768594883239	0.106496379234516	0.0394962896608618	0.452228332412393	0.412732042751531	0	0	1	0.1	0.124530415771502	0.0544127284382597	0.0198390922139844	0.236068973748976	0.216229881534992	0	0	1	0.2	0.266014818462405	0.116447380426466	0.043441291713668	0.5048491218619	0.461407830148232	0	0	2	0.1	0.135446929140462	0.0593124708714414	0.0214987738586281	0.258891714135315	0.237392940276687	0	0	2	0.2	0.296715725203281	0.130204633936481	0.0470919379067513	0.565214509830763	0.518122571924012	0	0	3	0.1	0.14759478461386	0.0647455468601964	0.0235359616552613	0.281394121863511	0.257858160208249	0	0	3	0.2	0.325816869302952	0.143269861882494	0.0520018231435481	0.624794250676029	0.572792427532481
904	0	0	0	0.1	0.133725279831842	0.076184436747151	-0.0143950353818341	0.284895517390698	0.299290552772532	0	0	0	0.2	0.244930962988239	0.139017480963938	-0.0276583966075476	0.519942225543121	0.547600622150669	0	0	1	0.1	0.113699931540678	0.0645139690645822	-0.0119001436376048	0.242609131890506	0.25450927552811	0	0	1	0.2	0.24098946657772	0.136571269779966	-0.0256611467751946	0.514186811841706	0.539847958616901	0	0	2	0.1	0.116541870027298	0.0660417550943297	-0.0115962146550405	0.247761817309183	0.259358031964224	0	0	2	0.2	0.25471979790355	0.144324313250081	-0.0264604465720494	0.539712786736974	0.566173233309023	0	0	3	0.1	0.122798446454402	0.0696757619976291	-0.0142399195342193	0.263829857123562	0.278069776657781	0	0	3	0.2	0.271151072125089	0.153804494748336	-0.0306050402471495	0.579344282634768	0.609949322881917
974	0	0	0	0.1	0.141936150643514	0.0691087127776947	-2.10460547293916e-05	0.270326780958292	0.270347827013022	0	0	0	0.2	0.260283306404463	0.126263745150437	0.000937301049903324	0.4954428814639	0.494505580413997	0	0	1	0.1	0.118971962348605	0.0579881891674485	0.000845321445129655	0.228574520793438	0.227729199348308	0	0	1	0.2	0.254041047973238	0.123736489741053	0.00120529009728752	0.485857923495248	0.48465263339796	0	0	2	0.1	0.122739980219093	0.0600021927456983	0	0.237250502334186	0.237250502334186	0	0	2	0.2	0.269474303993396	0.131732307743676	-4.8291785912033e-05	0.52026742935084	0.520315721136752	0	0	3	0.1	0.13003212288779	0.0636737385375387	-5.14764812122285e-05	0.253387312589859	0.253438789071071	0	0	3	0.2	0.287777443916441	0.141101463197141	-6.57623116442537e-05	0.560794863371944	0.560860625683588
905	0	0	0	0.1	0.111946284681913	0.0707604031154802	-0.0240757311624147	0.243364853841961	0.267440585004376	0	0	0	0.2	0.213884981118687	0.135178999729154	-0.0490053866041556	0.461344263178456	0.510349649782611	0	0	1	0.1	0.111558975779241	0.0705073091174916	-0.0263774180832352	0.247075249297581	0.273452667380817	0	0	1	0.2	0.240079445912149	0.151964035742173	-0.0564911445613832	0.527934273933908	0.584425418495291	0	0	2	0.1	0.121929813000285	0.0771783815598495	-0.0286266665697487	0.268329561219843	0.296956227789592	0	0	2	0.2	0.268797190223458	0.170429637551376	-0.062679978700787	0.59187982650364	0.654559805204427	0	0	3	0.1	0.132879399614223	0.0842507550658524	-0.0316301274021448	0.29433625648654	0.325966383888685	0	0	3	0.2	0.295327501441979	0.187547617010503	-0.0705322022502852	0.655695541114301	0.726227743364586
953	0	0	0	0.1	0.215690887339624	0.0607416223108816	0.101988508657448	0.333391378433241	0.231402869775793	0	0	0	0.2	0.412555308037608	0.116098878156284	0.192063576668591	0.635373254196843	0.443309677528252	0	0	1	0.1	0.22065016927971	0.062834219579444	0.10186283742139	0.341053308432731	0.239190471011341	0	0	1	0.2	0.477207822885184	0.136257857425174	0.219753282054036	0.740834567650492	0.521081285596456	0	0	2	0.1	0.245285128406853	0.0704217604365043	0.11485917282474	0.381320407998914	0.266461235174174	0	0	2	0.2	0.542151519623025	0.156197855043368	0.250391278037666	0.856296701183212	0.605905423145546	0	0	3	0.1	0.269905323265072	0.0778440276924055	0.124856212127094	0.424157540560206	0.299301328433112	0	0	3	0.2	0.600771321361921	0.174108775859355	0.275713016633455	0.958419433150422	0.682706416516967
983	0	0	0	0.1	0.148269615066679	0.0661771762690956	0.0165051992461526	0.275198849256793	0.25869365001064	0	0	0	0.2	0.277540423229289	0.12372298334567	0.0299248761946786	0.513002751316107	0.483077875121429	0	0	1	0.1	0.141886447254163	0.0632893351468596	0.0164901327112459	0.264175414575376	0.24768528186413	0	0	1	0.2	0.303639583078811	0.135374698351098	0.0339703196602136	0.567049702601353	0.53307938294114	0	0	2	0.1	0.15373442556094	0.0685464519680115	0.0185500349595457	0.28643003925471	0.267880004295165	0	0	2	0.2	0.337454052118631	0.150593656537883	0.0390644437278677	0.629835863974745	0.590771420246877	0	0	3	0.1	0.16697121264513	0.074482189076364	0.0182652676166122	0.310197046183192	0.29193177856658	0	0	3	0.2	0.369624676621429	0.16503364592779	0.0432046821157252	0.691050600111142	0.647845917995417
981	0	0	0	0.1	0.0692872128526509	0.0666727872090703	-0.0497063499348436	0.20699482840335	0.256701178338194	0	0	0	0.2	0.133774424298497	0.128849452594624	-0.0970283223645812	0.406449161308573	0.503477483673154	0	0	1	0.1	0.068132942138151	0.0657691109949455	-0.0507381235658664	0.202322228457861	0.253060352023727	0	0	1	0.2	0.14877997005201	0.143703028519776	-0.109576091722563	0.439232635058435	0.548808726780999	0	0	2	0.1	0.0749407916102937	0.0724168590810555	-0.0540303863413434	0.218562552078027	0.27259293841937	0	0	2	0.2	0.166895810367256	0.161365099472729	-0.120585590241919	0.496359066399084	0.616944656641003	0	0	3	0.1	0.0820138429408079	0.0792466206170849	-0.0601298569117846	0.242548748284479	0.302678605196263	0	0	3	0.2	0.1836807276929	0.177822063542182	-0.13392142068137	0.553324586005359	0.687246006686729
1000	0	0	0	0.1	0.214870051808622	0.0740843427298665	0.0750424258174566	0.368392353901373	0.293349928083917	0	0	0	0.2	0.405231920140377	0.139561663980461	0.142749711185219	0.702059111276844	0.559309400091625	0	0	1	0.1	0.194484184506412	0.0673581198711633	0.0690238805698294	0.33532195232844	0.266298071758611	0	0	1	0.2	0.418844566516415	0.145054639237426	0.150347070548247	0.725805876115053	0.575458805566806	0	0	2	0.1	0.205316021414645	0.0712693084967955	0.0735493239685661	0.355002633294207	0.281453309325641	0	0	2	0.2	0.453563438125256	0.157670736390489	0.1633494028685	0.786890934961266	0.623541532092766	0	0	3	0.1	0.219797590775795	0.0764137115339424	0.0797174501428578	0.380006516204239	0.300289066061381	0	0	3	0.2	0.489392552223248	0.170500493402038	0.176155496917366	0.845198434030684	0.669042937113319
956	0	0	0	0.1	0.144391158692662	0.0615056154111659	0.0230918124709919	0.269498902192119	0.246407089721127	0	0	0	0.2	0.267946228792573	0.113770572303806	0.0439761760861794	0.500732048385692	0.456755872299512	0	0	1	0.1	0.131016948430294	0.0556890864838103	0.0220538202907168	0.247458622232244	0.225404801941527	0	0	1	0.2	0.280596801582984	0.119174121679927	0.0472141551626031	0.526701077070885	0.479486921908282	0	0	2	0.1	0.139724626504933	0.0593909298596986	0.0240770938873579	0.263572946485917	0.239495852598559	0	0	2	0.2	0.307080817073332	0.130624960247039	0.0530913183659679	0.577323140439873	0.524231822073905	0	0	3	0.1	0.150607167047796	0.0640742376056032	0.0261879067084407	0.286140484317562	0.259952577609121	0	0	3	0.2	0.333560092174335	0.142039009559256	0.0575568804135367	0.628353112952915	0.570796232539378
915	0	0	0	0.1	0.278996712260017	0.068935028048496	0.147867300644948	0.423251905068795	0.275384604423847	0	0	0	0.2	0.528696476119748	0.129583494597184	0.278244133426759	0.797544799675316	0.519300666248557	0	0	1	0.1	0.262381864888809	0.0652925098380242	0.141672811667009	0.397419163598802	0.255746351931793	0	0	1	0.2	0.566776123276205	0.140601520797436	0.308252029854872	0.864204459932632	0.55595243007776	0	0	2	0.1	0.282241288614711	0.0704474038018036	0.152831525863074	0.432698958451577	0.279867432588503	0	0	2	0.2	0.624253075973671	0.155969293981646	0.334328111138488	0.96080664133535	0.626478530196863	0	0	3	0.1	0.305091278035469	0.0763810480507218	0.162566374584101	0.468640023240232	0.306073648656131	0	0	3	0.2	0.679765693189858	0.170761724331529	0.361183157140734	1.04678452948159	0.685601372340858
968	0	0	0	0.1	0.0925339702585953	0.0596054165406284	-0.0209176055595398	0.210431718600051	0.231349324159591	0	0	0	0.2	0.171822931567592	0.110289949562938	-0.0394370535707477	0.391206483199587	0.430643536770334	0	0	1	0.1	0.0860754578193202	0.0550952554960628	-0.0190878280358143	0.196792082379032	0.215879910414846	0	0	1	0.2	0.184215572909259	0.117775007272894	-0.042476916893601	0.424691040475155	0.467167957368756	0	0	2	0.1	0.0928074998752295	0.0592608721927144	-0.021623052730739	0.215172243635957	0.236795296366696	0	0	2	0.2	0.203639935037596	0.130083260229223	-0.0478028070696287	0.47301572350665	0.520818530576278	0	0	3	0.1	0.100587980220841	0.0642191309324515	-0.0242506081951611	0.233694600741963	0.257945208937124	0	0	3	0.2	0.222525814566743	0.14196031956766	-0.0530438164985091	0.513413204707756	0.566457021206265
985	0	0	0	0.1	0.222131091605675	0.0778078081915594	0.0772689188234705	0.383835379986163	0.306566461162692	0	0	0	0.2	0.426490048468577	0.149020580721829	0.152636172527649	0.744889015327426	0.592252842799777	0	0	1	0.1	0.220620721894419	0.0771965246908523	0.0795046572861449	0.376609068641752	0.297104411355607	0	0	1	0.2	0.475908103186463	0.166766622826204	0.170257542619539	0.815282734915477	0.645025192295938	0	0	2	0.1	0.240162687618736	0.084276787156699	0.0858538680558117	0.413750034882502	0.32789616682669	0	0	2	0.2	0.530562044656103	0.186734112207497	0.187183315009253	0.917740957181927	0.730557642172674	0	0	3	0.1	0.26095925956995	0.0918202595969255	0.0916948867441124	0.450974203537165	0.359279316793053	0	0	3	0.2	0.581225937436453	0.205177873787593	0.204239970419515	1.01223795576058	0.807997985341068
966	0	0	0	0.1	0.19709066925067	0.070643656712418	0.0653869784380508	0.336739471259259	0.271352492821208	0	0	0	0.2	0.360999461277418	0.129220176578834	0.118978021471412	0.609504084581024	0.490526063109613	0	0	1	0.1	0.169543410508559	0.0611837336703215	0.0568099608998712	0.288350971125681	0.231541010225809	0	0	1	0.2	0.360369638328664	0.130035829556958	0.119897342820116	0.614776243440593	0.494878900620477	0	0	2	0.1	0.175874109127136	0.0636429663926097	0.0584281597272309	0.29940151485539	0.240973355128159	0	0	2	0.2	0.384896454164204	0.139466708437444	0.125853202445787	0.657467848629029	0.531614646183242	0	0	3	0.1	0.186723025232167	0.0676983773168063	0.0633702670988048	0.319940507273774	0.256570240174969	0	0	3	0.2	0.412353574931827	0.149854287567379	0.136035875500153	0.710173870227563	0.574137994727409
959	0	0	0	0.1	0.124794007804414	0.0619805166767239	0.00599044845466476	0.246534960554073	0.240544512099408	0	0	0	0.2	0.22824278977017	0.112957179853805	0.0113139237945129	0.458441535550938	0.447127611756425	0	0	1	0.1	0.116976095697647	0.0578908303254961	0.00583484270234425	0.233334357742212	0.227499515039868	0	0	1	0.2	0.24689738236041	0.122058300098837	0.0118297252007379	0.493609984513279	0.481780259312541	0	0	2	0.1	0.125596078213496	0.0622403761112241	0.00575194809900337	0.249143986328859	0.243392038229856	0	0	2	0.2	0.272867593144372	0.135158193525196	0.0131704808229927	0.543742894113591	0.530572413290598	0	0	3	0.1	0.135872920446937	0.0673738449474118	0.00808871710322721	0.26869032358969	0.260601606486463	0	0	3	0.2	0.298184900000572	0.147984548323294	0.0153866904622951	0.589886797518312	0.574500107056017
957	0	0	0	0.1	0.185630949136521	0.0647941261121416	0.0626664892523327	0.307756603392097	0.245090114139764	0	0	0	0.2	0.342274795957427	0.119840988746238	0.115901057041084	0.577987630457617	0.462086573416533	0	0	1	0.1	0.165157429537643	0.0585532330010013	0.0547101689941188	0.279270762116061	0.224560593121942	0	0	1	0.2	0.352552502718937	0.125300646394476	0.116387850441346	0.598174514911635	0.481786664470289	0	0	2	0.1	0.174550764242594	0.062389107718423	0.057861901477056	0.300582091125415	0.242720189648359	0	0	2	0.2	0.382781397453628	0.137205121381698	0.125710382294813	0.661755938323365	0.536045556028551	0	0	3	0.1	0.187156683130992	0.0672000389639612	0.0623096212613319	0.324040272921906	0.261730651660574	0	0	3	0.2	0.413867755251339	0.148994277542734	0.139608408160606	0.722302484958225	0.582694076797619
967	0	0	0	0.1	0.153132442800793	0.0612119066669431	0.0352279734165508	0.271922539268959	0.236694565852408	0	0	0	0.2	0.289175879169089	0.115237865015514	0.0653658111527109	0.51506041860073	0.449694607448019	0	0	1	0.1	0.148851736491749	0.0595912501124347	0.032526015754987	0.269801626159938	0.237275610404951	0	0	1	0.2	0.320496352429737	0.128344838640231	0.0688205732192588	0.581894973223859	0.513074400004601	0	0	2	0.1	0.162570128698095	0.0652991751083361	0.0360526945088248	0.296965586896384	0.260912892387559	0	0	2	0.2	0.35841586943769	0.144097493837897	0.0781339469041889	0.657787912353549	0.57965396544936	0	0	3	0.1	0.177433775585653	0.0713766842700334	0.0388616006559927	0.327152166671937	0.288290566015945	0	0	3	0.2	0.39398544146333	0.158888024170963	0.0855591974770935	0.727431559008738	0.641872361531645
954	0	0	0	0.1	0.086689069830964	0.0601229838333481	-0.0311648249959046	0.199619038430872	0.230783863426777	0	0	0	0.2	0.161064318865041	0.111744532497058	-0.0587427347211001	0.373099845569004	0.431842580290104	0	0	1	0.1	0.0795959679918423	0.0552710741760528	-0.0291640529583815	0.18432150226634	0.213485555224722	0	0	1	0.2	0.170610389657065	0.118652885219031	-0.060203141384902	0.396772253269324	0.456975394654226	0	0	2	0.1	0.0854276588110667	0.0594398638413623	-0.0299452732613078	0.198232903328666	0.228178176589974	0	0	2	0.2	0.187687070509781	0.130822504080169	-0.0646421475856844	0.437511025285952	0.502153172871637	0	0	3	0.1	0.0924166110902033	0.0643861849247846	-0.0323027017635158	0.215443293355291	0.247745995118807	0	0	3	0.2	0.20463226442986	0.142812819900976	-0.0710724352422839	0.479181702509053	0.550254137751337
990	0	0	0	0.1	0.270928405860791	0.0657481192196158	0.147926768583355	0.399561072631924	0.251634304048569	0	0	0	0.2	0.531915016669226	0.127779711417384	0.293317400954266	0.776877340529497	0.48355993957523	0	0	1	0.1	0.291392951352844	0.0712169795680565	0.155860599075377	0.437498369660674	0.281637770585298	0	0	1	0.2	0.637493059293682	0.155248720466721	0.34118277695448	0.958131786136005	0.616949009181525	0	0	2	0.1	0.328654753933253	0.0807069317079976	0.174337189717763	0.496414560264461	0.322077370546698	0	0	2	0.2	0.732669176013178	0.180006456058146	0.390106859665977	1.10408115447815	0.713974294812168	0	0	3	0.1	0.36403755579286	0.0898299765030362	0.192248209045642	0.549896876379946	0.357648667334304	0	0	3	0.2	0.816492514898097	0.20187739322119	0.432036495740043	1.24611770409293	0.814081208352883
960	0	0	0	0.1	0.0476645139078675	0.0694552165797027	-0.0891126322322637	0.190133988202444	0.279246620434708	0	0	0	0.2	0.0902466332016536	0.131808330321634	-0.169871941096741	0.361469121900056	0.531341062996797	0	0	1	0.1	0.0455771632288642	0.0669502659487918	-0.0879695923799331	0.180682805850901	0.268652398230834	0	0	1	0.2	0.0982750570089613	0.144414217605836	-0.192429963226161	0.385972481528419	0.578402444754579	0	0	2	0.1	0.0493723419492892	0.0727733497418164	-0.0970512818883209	0.194367069503144	0.291418351391465	0	0	2	0.2	0.109115165473389	0.160743191778529	-0.21649312708261	0.427595996191175	0.644089123273785	0	0	3	0.1	0.0536585870981801	0.0791324982242435	-0.106839666530284	0.208774550886547	0.315614217416831	0	0	3	0.2	0.119401147397489	0.176193554929395	-0.236348295198141	0.460257719993205	0.696606015191346
955	0	0	0	0.1	0.248502414831865	0.0757285635068098	0.0952860183163035	0.399886131950445	0.304600113634141	0	0	0	0.2	0.463774427484972	0.140403806895396	0.177985975690914	0.741789715734048	0.563803740043134	0	0	1	0.1	0.218949648421	0.0665792210847645	0.0873152858017059	0.349309738323399	0.261994452521694	0	0	1	0.2	0.468481252658594	0.14224439762691	0.188044590121116	0.746259165591829	0.558214575470713	0	0	2	0.1	0.227861015665831	0.0693221346722324	0.0916694834283573	0.363346809581299	0.271677326152941	0	0	2	0.2	0.501281308496663	0.152731852478177	0.20363077527934	0.807424093112647	0.603793317833307	0	0	3	0.1	0.241989375951469	0.0737488294636291	0.0965098256837609	0.389180189597886	0.292670363914125	0	0	3	0.2	0.537169706271558	0.164143624119576	0.218021208698053	0.868543929477004	0.650522720778951
989	0	0	0	0.1	0.102817337882738	0.0639041232894234	-0.0208480774178839	0.235204070425515	0.256052147843399	0	0	0	0.2	0.184460638344653	0.11449270910437	-0.0381420256954906	0.420559130413663	0.458701156109153	0	0	1	0.1	0.0879590242418575	0.0547801748324674	-0.0185836855449469	0.19865289629498	0.217236581839927	0	0	1	0.2	0.185093881167909	0.11521239551909	-0.038945353654662	0.414510507248249	0.453455860902911	0	0	2	0.1	0.0914100994409168	0.0570243725166128	-0.0192957626506303	0.203570194231598	0.222865956882229	0	0	2	0.2	0.198393698654243	0.12379777853774	-0.0418580441898853	0.445742321610125	0.48760036580001	0	0	3	0.1	0.0972747856249839	0.0607899110703241	-0.0196739995126404	0.217110724796105	0.236784724308745	0	0	3	0.2	0.213283891646153	0.133319099838848	-0.0443167386560422	0.480054378527952	0.524371117183994
997	0	0	0	0.1	0.145951303496273	0.0593621702938498	0.0296754701910081	0.263523620029742	0.233848149838734	0	0	0	0.2	0.272765261769974	0.110745187475068	0.0548223415401801	0.494602256128801	0.439779914588621	0	0	1	0.1	0.136306856389139	0.0556165230269438	0.0270680338837629	0.247333719723912	0.220265685840149	0	0	1	0.2	0.292842740608393	0.119565340765357	0.0564749624845251	0.528733065874717	0.472258103390191	0	0	2	0.1	0.147158464091204	0.0601863485155371	0.0287137294016019	0.267715365593159	0.239001636191557	0	0	2	0.2	0.323832188862285	0.13271700269311	0.0621575838270095	0.585739292577671	0.523581708750662	0	0	3	0.1	0.159552638435305	0.0654949275770365	0.0307367975411061	0.289508523097424	0.258771725556318	0	0	3	0.2	0.353871320609287	0.145462150869179	0.0670835551295193	0.643070471903067	0.575986916773547
950	0	0	0	0.1	0.265265681185601	0.0679982041204853	0.135370753540855	0.396346255158382	0.260975501617527	0	0	0	0.2	0.484298504485185	0.123727090983268	0.250909663430647	0.731300021645747	0.4803903582151	0	0	1	0.1	0.226669692668362	0.0592330301724004	0.118137750935561	0.347125588700716	0.228987837765154	0	0	1	0.2	0.480462970597487	0.125544239230093	0.247761864185405	0.737208292694811	0.489446428509406	0	0	2	0.1	0.233712024266642	0.0618063577438573	0.118303006328659	0.360967463877884	0.242664457549225	0	0	2	0.2	0.510707657987724	0.135325508985401	0.2589276673525	0.791757193085148	0.532829525732648	0	0	3	0.1	0.247421074839216	0.0659547089084298	0.125516746020674	0.384539408385902	0.259022662365229	0	0	3	0.2	0.545759996826553	0.146041012157051	0.273273941055095	0.847461485551891	0.574187544496797
952	0	0	0	0.1	0.242828495502753	0.069813871110858	0.108667573464146	0.383362071991348	0.274694498527203	0	0	0	0.2	0.465216711282832	0.132415917632835	0.207703782891075	0.725514732366588	0.517810949475513	0	0	1	0.1	0.232640346102984	0.0661890880185971	0.106976583528666	0.361485198222019	0.254508614693353	0	0	1	0.2	0.505730854176458	0.143742382522844	0.232705675986961	0.786087443598082	0.553381767611121	0	0	2	0.1	0.252463089074912	0.0718753258091442	0.115529269885166	0.39350297473262	0.277973704847455	0	0	2	0.2	0.560852960928302	0.16000947855838	0.257609769528633	0.869820103114181	0.612210333585548	0	0	3	0.1	0.274196848285559	0.0782775103913145	0.12619992999066	0.42895729475603	0.302757364765369	0	0	3	0.2	0.613107725762518	0.175555241818799	0.281130408537562	0.95627825019601	0.675147841658448
970	0	0	0	0.1	0.17528611596142	0.0658657946057075	0.0491574553306228	0.301831102730986	0.252673647400364	0	0	0	0.2	0.321987057845756	0.120954622275341	0.0881138682565202	0.555901934136589	0.467788065880069	0	0	1	0.1	0.155467990275709	0.058838713048225	0.0446499108951103	0.26664692562966	0.22199701473455	0	0	1	0.2	0.330355194512614	0.125120298798297	0.0941220523271848	0.569467520003547	0.475345467676362	0	0	2	0.1	0.163229766441051	0.0620383147094188	0.0466237830014737	0.279759921750453	0.233136138748979	0	0	2	0.2	0.356907309286365	0.136020009858865	0.102061553389934	0.609202224526153	0.507140671136219	0	0	3	0.1	0.174435154854322	0.06652932107754	0.0501942508473627	0.297428135058393	0.24723388421103	0	0	3	0.2	0.384844990455607	0.147371929222918	0.110946185358486	0.660366819176917	0.549420633818431
965	0	0	0	0.1	0.198615907941028	0.0629077685295384	0.073601739390675	0.324858672762788	0.251256933372113	0	0	0	0.2	0.373042020571286	0.11773295560876	0.140251543821338	0.605654499625068	0.46540295580373	0	0	1	0.1	0.191889258919484	0.0609739298275844	0.0704104718582029	0.315759901299524	0.245349429441321	0	0	1	0.2	0.411685822426623	0.130584840555213	0.152674649023452	0.674422932481556	0.521748283458104	0	0	2	0.1	0.208869268337747	0.0664570507595586	0.0767149257451047	0.33926623329681	0.262551307551706	0	0	2	0.2	0.459235641941868	0.146226116831493	0.171419517819898	0.745136023595176	0.573716505775278	0	0	3	0.1	0.22740659011477	0.0725036595052921	0.0864156097084655	0.368768002888959	0.282352393180493	0	0	3	0.2	0.50401642173065	0.160922852797699	0.195288964856563	0.818108376105626	0.622819411249062
969	0	0	0	0.1	0.104543579170747	0.0566487990668017	-0.00302390310964189	0.213840310401655	0.216864213511297	0	0	0	0.2	0.193745108978971	0.10474617274564	-0.00556911958779244	0.395207258800968	0.40077637838876	0	0	1	0.1	0.100758319205633	0.0544815020194734	-0.00335213215686806	0.208631378705219	0.211983510862087	0	0	1	0.2	0.21476103348399	0.116137498806759	-0.00597429251842831	0.444024383273882	0.44999867579231	0	0	2	0.1	0.109888201751326	0.0595254911487987	-0.00289193556155379	0.22688797980552	0.229779915367074	0	0	2	0.2	0.24033307983736	0.130286280381092	-0.0070986512778057	0.49382987584255	0.500928527120355	0	0	3	0.1	0.119844341775435	0.0650185984250764	-0.00404638104299598	0.247484240344885	0.251530621387881	0	0	3	0.2	0.264388656069755	0.143558318273754	-0.00762665508217603	0.547463783926912	0.555090439009088
