"run_ID"	"eta_z0_row1"	"eta_z1_row1"	"nu_row1"	"rho_row1"	"estimYs_row1"	"sd_row1"	"quantile025_row1"	"quantile975_row1"	"CIlength95_row1"	"eta_z0_row2"	"eta_z1_row2"	"nu_row2"	"rho_row2"	"estimYs_row2"	"sd_row2"	"quantile025_row2"	"quantile975_row2"	"CIlength95_row2"	"eta_z0_row3"	"eta_z1_row3"	"nu_row3"	"rho_row3"	"estimYs_row3"	"sd_row3"	"quantile025_row3"	"quantile975_row3"	"CIlength95_row3"	"eta_z0_row4"	"eta_z1_row4"	"nu_row4"	"rho_row4"	"estimYs_row4"	"sd_row4"	"quantile025_row4"	"quantile975_row4"	"CIlength95_row4"	"eta_z0_row5"	"eta_z1_row5"	"nu_row5"	"rho_row5"	"estimYs_row5"	"sd_row5"	"quantile025_row5"	"quantile975_row5"	"CIlength95_row5"	"eta_z0_row6"	"eta_z1_row6"	"nu_row6"	"rho_row6"	"estimYs_row6"	"sd_row6"	"quantile025_row6"	"quantile975_row6"	"CIlength95_row6"	"eta_z0_row7"	"eta_z1_row7"	"nu_row7"	"rho_row7"	"estimYs_row7"	"sd_row7"	"quantile025_row7"	"quantile975_row7"	"CIlength95_row7"	"eta_z0_row8"	"eta_z1_row8"	"nu_row8"	"rho_row8"	"estimYs_row8"	"sd_row8"	"quantile025_row8"	"quantile975_row8"	"CIlength95_row8"
1	0	0	0	0.1	0.0974901406593608	0.067542919338454	-0.0288417108420486	0.226977287865694	0.255818998707743	0	0	0	0.2	0.228971366615024	0.153271332139342	-0.0410450313825406	0.548774914271373	0.589819945653914	0	0	1	0.1	0.199248362672563	0.0966597472373342	0.0274838291364895	0.409569114134532	0.382085284998043	0	0	1	0.2	0.505885752465794	0.239221968268258	0.0872734688502035	1.03065589253283	0.943382423682629	0	0	2	0.1	0.384229706163371	0.144166267488095	0.146835469767978	0.687579414046501	0.540743944278523	0	0	2	0.2	0.84321234261744	0.301172071162166	0.328572007766871	1.44660827164659	1.11803626387972	0	0	3	0.1	0.531989725466482	0.179916686323002	0.219123988742418	0.910611471847363	0.691487483104944	0	0	3	0.2	1.0689927565837	0.345150255363684	0.460012911357638	1.80148252440913	1.34146961305149
2	0	0	0	0.1	0.282361082820469	0.0762108976209976	0.146555006423435	0.444394828577017	0.297839822153582	0	0	0	0.2	0.624423082352391	0.19184633397477	0.295240045704767	1.06194738818569	0.766707342480921	0	0	1	0.1	0.382938038026084	0.114446087756446	0.179618880562668	0.641471569068012	0.461852688505344	0	0	1	0.2	0.928746015797265	0.262238558307163	0.478847898967821	1.5167004334514	1.03785253448358	0	0	2	0.1	0.636697890117753	0.154792226005201	0.365542774263298	0.976816215414772	0.611273441151474	0	0	2	0.2	1.33908824719852	0.307820581090762	0.79434730630403	2.002902864124	1.20855555781997	0	0	3	0.1	0.783969305579199	0.186805167112032	0.470133325451251	1.18963891072642	0.719505585275168	0	0	3	0.2	1.56130533237818	0.360828131192471	0.939840109905075	2.33674320515799	1.39690309525291
16	0	0	0	0.1	0.100981143933193	0.0647720135133449	-0.0296777957326225	0.22240967781757	0.252087473550192	0	0	0	0.2	0.180418035641771	0.147475694595273	-0.112799222735081	0.47679774882026	0.589596971555341	0	0	1	0.1	0.170365259734301	0.0981629944268215	-0.0129146178754716	0.376150465071525	0.389065082946997	0	0	1	0.2	0.536026295604951	0.247933088927328	0.0973590370574889	1.07562493412882	0.978265897071334	0	0	2	0.1	0.60078796142661	0.166429405829399	0.308987673586429	0.989248467906688	0.680260794320259	0	0	2	0.2	1.32877857684014	0.31630813412611	0.741106043939458	2.02542237215427	1.28431632821481	0	0	3	0.1	0.946411786412658	0.222892620929583	0.547071102503045	1.4521770087959	0.905105906292851	0	0	3	0.2	1.78556676960887	0.376173336580003	1.08700965999379	2.59855587192738	1.5115462119336
9	0	0	0	0.1	0.288657543672773	0.0963762783918488	0.118646173322905	0.49219097899557	0.373544805672665	0	0	0	0.2	0.514541402121366	0.182725566611119	0.175912158136072	0.897379630382617	0.721467472246545	0	0	1	0.1	0.175400428219386	0.104536056067322	-0.0472184351945751	0.37683551250112	0.424053947695695	0	0	1	0.2	0.383293798643554	0.25365042379294	-0.109209644746913	0.877439324848403	0.986648969595316	0	0	2	0.1	0.335647536731979	0.162348641719744	0.0500714044804791	0.683225688273284	0.633154283792805	0	0	2	0.2	0.755339496706312	0.340414050763928	0.133322048546267	1.49040679334353	1.35708474479726	0	0	3	0.1	0.535248027363448	0.204821987698984	0.175353881274791	0.986916353821446	0.811562472546656	0	0	3	0.2	1.10823554554016	0.396740694106475	0.399684601822192	1.93970631347736	1.54002171165517
7	0	0	0	0.1	0.0198222414281191	0.0677877612580073	-0.125501179999714	0.140266901360326	0.265768081360039	0	0	0	0.2	0.0116449766951364	0.159075257003802	-0.327069341900967	0.304886820827492	0.631956162728459	0	0	1	0.1	0.0611377336896858	0.102887898953961	-0.154492797800712	0.254066186424474	0.408558984225185	0	0	1	0.2	0.275293706386667	0.258637282604163	-0.235973258408267	0.798496243358729	1.034469501767	0	0	2	0.1	0.440492672015638	0.167044126975714	0.153811952280132	0.797454579191218	0.643642626911087	0	0	2	0.2	1.12351900102227	0.356140397459715	0.496498739957172	1.88330468053587	1.3868059405787	0	0	3	0.1	0.861386611188469	0.239106945117173	0.451077657028502	1.40510591096467	0.954028253936166	0	0	3	0.2	1.72569600599777	0.42031077117027	0.953282219672403	2.62548734338014	1.67220512370774
10	0	0	0	0.1	0.125861207381746	0.0579903942572987	0.0176572196921294	0.252677771195507	0.235020551503377	0	0	0	0.2	0.292569281720088	0.13454132591434	0.0506580692866361	0.577586170315018	0.526928101028382	0	0	1	0.1	0.260145945332535	0.100196112182716	0.0843260515670578	0.474844327390655	0.390518275823598	0	0	1	0.2	0.850435157258519	0.312403242620921	0.314924955967558	1.51296318720041	1.19803823123285	0	0	2	0.1	0.813017290039024	0.216823836511219	0.443440684668021	1.29634762188103	0.852906937213004	0	0	2	0.2	1.78563619603039	0.407257847277138	1.07976360251327	2.63028635084281	1.55052274832953	0	0	3	0.1	1.2863667008856	0.29547144502136	0.80045280012289	1.90858669111444	1.10813389099155	0	0	3	0.2	2.41454201374004	0.474146797609374	1.6153434906942	3.42940588045525	1.81406238976105
12	0	0	0	0.1	0.0241122509983556	0.063280630735868	-0.0989657075952188	0.143940920594707	0.242906628189926	0	0	0	0.2	0.069086451158629	0.134847559291493	-0.193222549932203	0.341392378450654	0.534614928382857	0	0	1	0.1	0.192529633257636	0.0871785615785355	0.0338724337686114	0.386051404353267	0.352178970584656	0	0	1	0.2	0.561124870972577	0.215483356984124	0.200813066840771	1.01391706901372	0.813104002172949	0	0	2	0.1	0.58409400941111	0.154335938373832	0.337203332344329	0.930128115638407	0.592924783294078	0	0	2	0.2	1.3345792361641	0.325895048858487	0.809162579203562	2.06852186796235	1.25935928875878	0	0	3	0.1	0.973607359403095	0.239393590733233	0.595297245700737	1.52404625959311	0.928749013892373	0	0	3	0.2	2.02851121606512	0.448049639833939	1.2928223791462	2.9834941973077	1.6906718181615
4	0	0	0	0.1	0.129484826852886	0.0703446051823661	0.00363570006713101	0.286098453288171	0.28246275322104	0	0	0	0.2	0.301462814646104	0.21943943704505	-0.0978980958566791	0.775336634943204	0.873234730799883	0	0	1	0.1	0.124998512902666	0.139642991039104	-0.147473827231431	0.397763799558379	0.54523762678981	0	0	1	0.2	0.467713417841182	0.311774299468108	-0.142818677286706	1.09670006477417	1.23951874206087	0	0	2	0.1	0.474318355163818	0.167351040793293	0.157045569188379	0.803907821784096	0.646862252595718	0	0	2	0.2	1.07198010852872	0.320356423403946	0.433576624255041	1.73466943796257	1.30109281370753	0	0	3	0.1	0.758515668085142	0.20150570491544	0.382895781583687	1.20607183377526	0.823176052191578	0	0	3	0.2	1.41353674992625	0.353872771903073	0.750319003929903	2.17513598841201	1.42481698448211
5	0	0	0	0.1	0.255444664765407	0.0994110774934096	0.0584442452537444	0.458809087040318	0.400364841786574	0	0	0	0.2	0.510312165834268	0.268621161106074	-0.00100364683834603	1.08241635638241	1.08342000322076	0	0	1	0.1	0.267917218376971	0.155656419135015	-0.0208548002777753	0.587879775029164	0.608734575306939	0	0	1	0.2	0.792346405001048	0.343743900161081	0.184053034411719	1.50617143745352	1.3221184030418	0	0	2	0.1	0.687026696412978	0.203931198031342	0.336352642333847	1.11869966789553	0.782347025561678	0	0	2	0.2	1.44580541497083	0.363281431382561	0.797656099450519	2.20722748033827	1.40957138088775	0	0	3	0.1	0.960330613892905	0.244950284584462	0.529012844840098	1.4952933159775	0.966280471137404	0	0	3	0.2	1.83377700948884	0.41935726002529	1.07037108864729	2.71715186638256	1.64678077773527
11	0	0	0	0.1	0.0545789057594331	0.0749474328231145	-0.0882524637606127	0.200083700180832	0.288336163941445	0	0	0	0.2	0.03974145864871	0.161107741573137	-0.294132696285562	0.333898971760943	0.628031668046506	0	0	1	0.1	0.0402766477408799	0.0925745617038533	-0.150885794076623	0.221509227279617	0.37239502135624	0	0	1	0.2	0.143696542191156	0.216053120222907	-0.299869936050339	0.545722234148624	0.845592170198963	0	0	2	0.1	0.338799492718697	0.1295329291188	0.102342650377605	0.600895491419962	0.498552841042358	0	0	2	0.2	0.882926557853586	0.28566364921236	0.382798928233168	1.49808877907355	1.11528985084038	0	0	3	0.1	0.687826216408632	0.180168726858782	0.375382249568879	1.09007727450494	0.714695024936062	0	0	3	0.2	1.47197572168183	0.366542720415846	0.824378709694667	2.28378536380174	1.45940665410707
13	0	0	0	0.1	0.219295905450393	0.0690488651573514	0.0934634064397439	0.358589404278808	0.265125997839065	0	0	0	0.2	0.410499483393555	0.159963906922914	0.112848592399475	0.763633074033518	0.650784481634043	0	0	1	0.1	0.197727456584028	0.107201010976013	-0.00671209130852737	0.414250967602811	0.420963058911339	0	0	1	0.2	0.48122391510878	0.242246081421107	0.028925977057157	0.963551651347619	0.934625674290463	0	0	2	0.1	0.461228392729127	0.154489685367309	0.196389478605413	0.775300349830999	0.578910871225586	0	0	2	0.2	1.02373282138102	0.311554919349747	0.485216662164167	1.67793368359215	1.19271702142798	0	0	3	0.1	0.70809261672031	0.203809545297827	0.373118009584085	1.17032426475569	0.797206255171608	0	0	3	0.2	1.45901565932115	0.390115895655429	0.7948691235643	2.29155062953803	1.49668150597373
8	0	0	0	0.1	0.108813987725726	0.0631338195454305	-0.0186681793623695	0.24114120727065	0.259809386633019	0	0	0	0.2	0.169611364811955	0.180144437440336	-0.198917844450103	0.537467395004517	0.73638523945462	0	0	1	0.1	0.102919828001206	0.141136185504357	-0.168463248542201	0.401890013871394	0.570353262413594	0	0	1	0.2	0.542484498622013	0.34796176305053	-0.0556535248128357	1.26931437859235	1.32496790340519	0	0	2	0.1	0.646857921101623	0.218628949369046	0.272379734752739	1.12502790406679	0.852648169314056	0	0	2	0.2	1.40108593383811	0.388659616093446	0.707140834543411	2.18440711422015	1.47726627967674	0	0	3	0.1	0.990973869698692	0.273849809215432	0.526331248472037	1.59170549865745	1.06537425018541	0	0	3	0.2	1.83461990855969	0.4500282909242	1.05410975736598	2.78158206509955	1.72747230773357
24	0	0	0	0.1	0.143549042271581	0.0856750830635795	-0.023563470026713	0.312601941824614	0.336165411851327	0	0	0	0.2	0.333466411401666	0.216318283728234	-0.0898455285497414	0.774911350212033	0.864756878761774	0	0	1	0.1	0.211543781555365	0.117118867198511	-0.00183031844140231	0.456747879991808	0.45857819843321	0	0	1	0.2	0.627658468878025	0.276215718726669	0.147575325658162	1.2581636131514	1.11058828749323	0	0	2	0.1	0.555448778638059	0.171740938215593	0.280575346656815	0.951049984250412	0.670474637593597	0	0	2	0.2	1.21776733276743	0.33946787247169	0.663654819002158	2.02094099079403	1.35728617179187	0	0	3	0.1	0.825017926474548	0.220198828099885	0.474622610086011	1.40994113352582	0.935318523439806	0	0	3	0.2	1.62174906383539	0.390478112110024	0.977917339781071	2.59180988941406	1.61389254963299
18	0	0	0	0.1	-0.018607979554593	0.069223086269575	-0.167673603352073	0.107481703266759	0.275155306618832	0	0	0	0.2	-0.0939156383854493	0.164791219259364	-0.430070512247676	0.204513291716873	0.634583803964549	0	0	1	0.1	-0.0257145505191681	0.0936337374798549	-0.228065766465597	0.148533726028142	0.37659949249374	0	0	1	0.2	0.0641353686972149	0.213080551503343	-0.340448382339334	0.487326550785063	0.827774933124397	0	0	2	0.1	0.281547369164595	0.122291726094965	0.0544085881336896	0.539535801501081	0.485127213367392	0	0	2	0.2	0.745664834047085	0.269556557060003	0.257397847688715	1.33892594141791	1.0815280937292	0	0	3	0.1	0.56658726634811	0.166793981340749	0.276109658933879	0.934426817070757	0.658317158136879	0	0	3	0.2	1.17480124404673	0.326928681747429	0.590750967792031	1.88722246457551	1.29647149678348
3	0	0	0	0.1	0.0648268665911317	0.0789687335236276	-0.109147083494204	0.203872106463735	0.313019189957939	0	0	0	0.2	0.0724272097314225	0.193138401269144	-0.342386545635547	0.425713538868712	0.768100084504259	0	0	1	0.1	0.0824519729963264	0.107355103640184	-0.125063861581885	0.301606052033417	0.426669913615302	0	0	1	0.2	0.374100497367686	0.249078331866132	-0.104205015116977	0.931861103841777	1.03606611895875	0	0	2	0.1	0.522276636024395	0.146950689189884	0.266319396607335	0.852278489559437	0.585959092952102	0	0	2	0.2	1.21851332428231	0.294192257389688	0.699445487046621	1.84339287844473	1.14394739139811	0	0	3	0.1	0.852139053124218	0.192360758619986	0.517952775761468	1.2819493313127	0.76399655555123	0	0	3	0.2	1.66791563328117	0.344669813207162	1.05612943515552	2.42361516286	1.36748572770448
21	0	0	0	0.1	-0.0398626921471723	0.0850691639131443	-0.222019490703622	0.107939267890367	0.329958758593989	0	0	0	0.2	-0.109809759562378	0.236294932650876	-0.593837090390547	0.316448288041505	0.910285378432052	0	0	1	0.1	0.146981701621812	0.183613264039594	-0.207643234983493	0.538477064441253	0.746120299424746	0	0	1	0.2	0.771225479982598	0.438192127105845	-0.00289859596475822	1.72661026352114	1.7295088594859	0	0	2	0.1	0.746051821068685	0.252978887940262	0.331071098869786	1.32358543235768	0.99251433348789	0	0	2	0.2	1.53387145385693	0.426989032411513	0.780555997575157	2.43720867048746	1.6566526729123	0	0	3	0.1	1.02678032671998	0.282544790911385	0.548924524722192	1.67480757915949	1.1258830544373	0	0	3	0.2	1.85298006616628	0.461213054481147	1.03449217307625	2.82847956042402	1.79398738734777
23	0	0	0	0.1	0.0463068032119202	0.0687431246909408	-0.0982607644188757	0.180638122349261	0.278898886768137	0	0	0	0.2	0.105252106667411	0.156074464497081	-0.204313817707859	0.416859133753455	0.621172951461315	0	0	1	0.1	0.156380354021931	0.102069388790308	-0.0388688681372158	0.372845009967254	0.41171387810447	0	0	1	0.2	0.548491649560858	0.3009804405232	0.0490824639598553	1.17974500891985	1.13066254495999	0	0	2	0.1	0.594266578276361	0.218668983811593	0.213172873658243	1.04925562137529	0.836082747717044	0	0	2	0.2	1.49319972972466	0.464365920671999	0.696343562378629	2.41193104724887	1.71558748487024	0	0	3	0.1	1.10040090783326	0.315382182388041	0.578240121197886	1.79229512595818	1.2140550047603	0	0	3	0.2	2.2376703184582	0.544176150299727	1.32856846808341	3.37695888413019	2.04839041604678
22	0	0	0	0.1	0.0630266994241373	0.0949184507735914	-0.125192200534818	0.230295101059049	0.355487301593867	0	0	0	0.2	0.103375314925941	0.215597741039497	-0.322971193527117	0.497012391618437	0.819983585145554	0	0	1	0.1	0.161017877728079	0.1354398335031	-0.0894482162906582	0.425197659791633	0.514645876082291	0	0	1	0.2	0.568863133506162	0.335358676770224	0.00133743174089171	1.31738443262586	1.31604700088497	0	0	2	0.1	0.604263974318996	0.214104079467944	0.252183509803763	1.10979297491645	0.857609465112686	0	0	2	0.2	1.4005367688152	0.418512598842833	0.669382522350624	2.38434656850999	1.71496404615936	0	0	3	0.1	0.974173271566024	0.269895933611733	0.534120163673667	1.59208936625636	1.05796920258269	0	0	3	0.2	1.94722750413146	0.472816958789837	1.1269372550907	2.97404136842874	1.84710411333804
17	0	0	0	0.1	-0.0351395050171028	0.0819677185133893	-0.218735195911168	0.113693725581275	0.332428921492443	0	0	0	0.2	-0.151593463435431	0.188594001752241	-0.535279103436795	0.208128334784015	0.74340743822081	0	0	1	0.1	-0.0649728916618193	0.11676568585246	-0.309436095520645	0.138975629561598	0.448411725082242	0	0	1	0.2	0.0042116822852075	0.270566816624918	-0.507165835288222	0.5431475640754	1.05031339936362	0	0	2	0.1	0.239889149934143	0.166798556100802	-0.0617747296232347	0.595491896683982	0.657266626307217	0	0	2	0.2	0.667728472367891	0.380876356644534	-0.0308624857384439	1.52926612152593	1.56012860726437	0	0	3	0.1	0.534969578899274	0.24053685525317	0.130833350841282	1.07803147854955	0.947198127708265	0	0	3	0.2	1.17504925574814	0.49754333896705	0.306472363222702	2.24868071099119	1.94220834776848
20	0	0	0	0.1	0.0548010039211111	0.071384386190435	-0.0897368460601352	0.201831237950588	0.291568084010723	0	0	0	0.2	0.22618671831731	0.183674442169131	-0.107881656559444	0.631811073448963	0.739692730008408	0	0	1	0.1	0.37760730053848	0.153716844133753	0.118796471540459	0.734437588910702	0.615641117370243	0	0	1	0.2	1.09252696793715	0.389238796163387	0.453278554338746	1.97951113652557	1.52623258218682	0	0	2	0.1	0.851233236766091	0.226140642768078	0.465985144897788	1.33938090856621	0.873395763668418	0	0	2	0.2	1.70878212714187	0.390180620103328	1.01226812355931	2.49313591859563	1.48086779503632	0	0	3	0.1	1.09901554827917	0.258226380900646	0.665073352063252	1.63288747572251	0.967814123659259	0	0	3	0.2	1.99243680657976	0.422427213862821	1.26639710362676	2.88289905700453	1.61650195337778
6	0	0	0	0.1	0.0564522379789712	0.0668563742943289	-0.0700407081900362	0.196685889373484	0.26672659756352	0	0	0	0.2	0.117594990354256	0.142571894734344	-0.143112573496866	0.406476634458836	0.549589207955702	0	0	1	0.1	0.122864205540461	0.0755206625529113	-0.0244550623500807	0.276557363249427	0.301012425599507	0	0	1	0.2	0.387291084079524	0.181250334620025	0.0406298098104651	0.77938834074244	0.738758530931975	0	0	2	0.1	0.435088700566935	0.124335962284302	0.213992293460475	0.694150515020293	0.480158221559817	0	0	2	0.2	0.999096840998182	0.273076078387087	0.509574416881602	1.57481759182047	1.06524317493887	0	0	3	0.1	0.691772529420481	0.183265369405234	0.38192040948689	1.06714757468431	0.685227165197422	0	0	3	0.2	1.41478604141152	0.357654988817484	0.815866535044642	2.1709062618412	1.35503972679656
19	0	0	0	0.1	0.0611375852511972	0.05678696727413	-0.0448689350303013	0.170690296087671	0.215559231117973	0	0	0	0.2	0.171794171619077	0.135854276471997	-0.0715225179563929	0.448723209733079	0.520245727689472	0	0	1	0.1	0.365213825189254	0.124214485865426	0.151238123908334	0.626259431043873	0.475021307135538	0	0	1	0.2	1.09297369874087	0.382385271290755	0.452809281651415	1.94310967421931	1.49030039256789	0	0	2	0.1	0.936577082117805	0.288576103042196	0.48088791216188	1.61719627208459	1.13630835992271	0	0	2	0.2	1.99801046267482	0.51400201386189	1.0945727554169	3.19029423013425	2.09572147471734	0	0	3	0.1	1.31086500894498	0.364807982529797	0.705898709269727	2.15682932037935	1.45093061110963	0	0	3	0.2	2.41147344554443	0.600179277620469	1.32710379538085	3.71143281794049	2.38432902255965
15	0	0	0	0.1	0.0863766502367419	0.0566546162917386	-0.0204587963015082	0.197040439466572	0.217499235768081	0	0	0	0.2	0.180915695646153	0.161439973571509	-0.143525377025016	0.504007705245958	0.647533082270974	0	0	1	0.1	0.165892015675781	0.133667754993132	-0.0809820106873949	0.433309890626473	0.514291901313868	0	0	1	0.2	0.553414358895374	0.320575842005673	-0.0358521210688049	1.20989114829271	1.24574326936151	0	0	2	0.1	0.524083286991888	0.197539982201795	0.192834894110468	0.969061368984992	0.776226474874524	0	0	2	0.2	1.24911229811594	0.420175027678679	0.562869479264424	2.21033484864227	1.64746536937785	0	0	3	0.1	0.862901456402078	0.27661303967653	0.441709114637683	1.5136902137013	1.07198109906362	0	0	3	0.2	1.81617268391634	0.523309070797324	1.00163299216343	3.00666049515106	2.00502750298763
25	0	0	0	0.1	0.032928768533286	0.0756344718514856	-0.116458338346956	0.180498291464493	0.296956629811449	0	0	0	0.2	0.106890939305952	0.175706941819657	-0.235104313406901	0.458373662716163	0.693477976123065	0	0	1	0.1	0.160131943483239	0.104776416434662	-0.0493671386832764	0.36089688424373	0.410264022927006	0	0	1	0.2	0.515008876991286	0.265186290545415	-0.00247215605145836	1.06914939794591	1.07162155399737	0	0	2	0.1	0.512569558881505	0.156122367175261	0.236054139881511	0.846426907015196	0.610372767133686	0	0	2	0.2	1.1625748525966	0.320030173545681	0.593797399585736	1.87529037488313	1.2814929752974	0	0	3	0.1	0.814630984362775	0.208379795595323	0.47004643557472	1.29816870577838	0.828122270203661	0	0	3	0.2	1.56238325150931	0.371751727312881	0.90225432940757	2.343437626177	1.44118329676943
40	0	0	0	0.1	0.165527588694706	0.0550594982616157	0.0678642437572929	0.285925068004011	0.218060824246719	0	0	0	0.2	0.476609336914213	0.177875901103082	0.187255376544579	0.872216618984578	0.684961242439999	0	0	1	0.1	0.491803530959194	0.170907847757875	0.189251330396302	0.853957052565983	0.664705722169681	0	0	1	0.2	1.68016156462591	0.499045350334638	0.761222481932275	2.6833002184319	1.92207773649962	0	0	2	0.1	1.29526307141902	0.322000872752125	0.689810268808765	1.96532132556091	1.27551105675214	0	0	2	0.2	2.57538973071238	0.496070108187811	1.59359601362472	3.59371140568041	2.00011539205569	0	0	3	0.1	1.76539535196476	0.37777187111612	1.0744200599168	2.58257588229244	1.50815582237564	0	0	3	0.2	3.07267925419142	0.538775066645844	2.08603265119181	4.27458956735963	2.18855691616782
14	0	0	0	0.1	0.235559820799288	0.0668355910906825	0.111291140941517	0.376923066421613	0.265631925480096	0	0	0	0.2	0.561336390256551	0.207634047270446	0.231050584798355	1.0514916484722	0.820441063673841	0	0	1	0.1	0.464021667461845	0.167816178686815	0.187567292627545	0.872643780668775	0.68507648804123	0	0	1	0.2	1.26974364804843	0.406054996274337	0.575970541186488	2.19143387828449	1.615463337098	0	0	2	0.1	1.00131052104598	0.260441968738329	0.542602203570483	1.54768098328321	1.00507877971273	0	0	2	0.2	1.92525314482323	0.426006105688042	1.13220633182094	2.74019769933297	1.60799136751203	0	0	3	0.1	1.25681630204929	0.298242603276507	0.719872585791357	1.85087734444253	1.13100475865117	0	0	3	0.2	2.20840347400298	0.477090238864869	1.31406854710539	3.13663644415192	1.82256789704654
27	0	0	0	0.1	0.0777288002582221	0.0706033714525472	-0.0589115796015633	0.21592642836715	0.274838007968713	0	0	0	0.2	0.156293642969871	0.162394566864207	-0.150296442699991	0.475589552727743	0.625885995427734	0	0	1	0.1	0.191200796667746	0.103687747881816	-0.0037841512538289	0.4046443394616	0.408428490715429	0	0	1	0.2	0.553465110567709	0.259592296440583	0.0894331669006503	1.11377261826929	1.02433945136864	0	0	2	0.1	0.534398269232924	0.164103698677823	0.251654740803973	0.882118298872892	0.630463558068919	0	0	2	0.2	1.14619771160868	0.332968348743822	0.56643513849411	1.88260786166739	1.31617272317328	0	0	3	0.1	0.764360916513085	0.21785218179795	0.398793941935202	1.23249903281557	0.833705090880368	0	0	3	0.2	1.52172500665793	0.414557511053603	0.820394807664614	2.36817740255682	1.54778259489221
26	0	0	0	0.1	0.190949659910392	0.0978775506461599	0.0186231474316146	0.40654865420243	0.387925506770815	0	0	0	0.2	0.574330251639486	0.28131412977451	0.103978306789923	1.23006406428211	1.12608575749219	0	0	1	0.1	0.447366469524406	0.157055044831032	0.175771404130714	0.771756230938679	0.595984826807965	0	0	1	0.2	1.22566072104421	0.376355408288149	0.574235014068205	2.01751550927175	1.44328049520354	0	0	2	0.1	0.923397693479003	0.232283541373684	0.523025264401878	1.40749754216364	0.884472277761761	0	0	2	0.2	1.87105468068499	0.409868666233967	1.13496944045704	2.67040297659239	1.53543353613535	0	0	3	0.1	1.278773122059	0.293872388672511	0.778781986156424	1.90205784479943	1.12327585864301	0	0	3	0.2	2.31359850447641	0.463979163658213	1.49209168883403	3.27092134029944	1.77882965146541
38	0	0	0	0.1	0.09279939379745	0.0665891126189244	-0.0366416056604231	0.237449700513458	0.274091306173881	0	0	0	0.2	0.196360445145782	0.141348536094012	-0.0702800336919872	0.495384750062317	0.565664783754305	0	0	1	0.1	0.176154378838456	0.0805555401222104	0.0228889356249196	0.341193853620201	0.318304917995282	0	0	1	0.2	0.506833220183237	0.20052422868433	0.157506027774973	0.937512923299959	0.780006895524986	0	0	2	0.1	0.525653270724252	0.14283874558619	0.286550277852903	0.866382130826205	0.579831852973302	0	0	2	0.2	1.19860902586061	0.30265254659832	0.693734380767433	1.89723083355723	1.2034964527898	0	0	3	0.1	0.855481630738423	0.219785881339849	0.503157952541164	1.37859114766543	0.875433195124264	0	0	3	0.2	1.72853726166793	0.401898191684479	1.0670144015078	2.66270645233301	1.59569205082521
36	0	0	0	0.1	-0.00607900466852189	0.0703233977766086	-0.134831881049268	0.136378536698516	0.271210417747784	0	0	0	0.2	0.00660813888346538	0.150485246928886	-0.277318243585657	0.307697473328065	0.585015716913722	0	0	1	0.1	0.148091309648305	0.102060029133288	-0.0509607029757365	0.35043435036439	0.401395053340126	0	0	1	0.2	0.531166410703116	0.284412879664712	0.022328123770199	1.12416761178491	1.10183948801471	0	0	2	0.1	0.604655631766298	0.188924742750434	0.281336256853238	1.03640692934502	0.755070672491782	0	0	2	0.2	1.35239026547468	0.365449405639819	0.698822925181614	2.13303003528971	1.4342071101081	0	0	3	0.1	0.954888405230376	0.245639657884949	0.523267519306922	1.47891019289916	0.955642673592234	0	0	3	0.2	1.80357667306397	0.411682429247708	1.04884963660038	2.6591337545294	1.61028411792902
42	0	0	0	0.1	0.0858609080585594	0.0781879406857543	-0.0587450191334586	0.240631035524645	0.299376054658103	0	0	0	0.2	0.149001676119253	0.184634892930394	-0.196642932321275	0.503138634344675	0.69978156666595	0	0	1	0.1	0.0632998551076187	0.0973098632863679	-0.132022904178383	0.249011827426569	0.381034731604952	0	0	1	0.2	0.277437521237501	0.231406066554379	-0.184092325572638	0.756946791883944	0.941039117456582	0	0	2	0.1	0.392472884344605	0.142116470069232	0.155542476768592	0.705390533706626	0.549848056938034	0	0	2	0.2	0.96225773531195	0.298816360936324	0.481394362202519	1.61559293751044	1.13419857530792	0	0	3	0.1	0.712625452965153	0.202022469054312	0.403096063155652	1.15442195489831	0.751325891742662	0	0	3	0.2	1.41349403464459	0.372817188653858	0.822140256206802	2.27844972615189	1.45630946994509
45	0	0	0	0.1	0.0495640892693403	0.069178066382183	-0.0989230767986112	0.184349629238443	0.283272706037054	0	0	0	0.2	0.0958573579709244	0.187837402771908	-0.281448313866178	0.484732019348834	0.766180333215013	0	0	1	0.1	0.0953477378653905	0.111426238614513	-0.12273913653768	0.332290374165195	0.455029510702875	0	0	1	0.2	0.461338499009277	0.261951028814668	-0.0166534872630899	1.03228688659803	1.04894037386112	0	0	2	0.1	0.497870398233415	0.149895126839438	0.237122652292678	0.826637687435911	0.589515035143233	0	0	2	0.2	1.16347372623755	0.296342664555506	0.62814869861783	1.81252710273223	1.1843784041144	0	0	3	0.1	0.771850794875031	0.182572203996562	0.452779937031344	1.15334872136657	0.700568784335221	0	0	3	0.2	1.54418927717499	0.339288101942123	0.931377014437256	2.26790100301385	1.3365239885766
41	0	0	0	0.1	0.0590652313593267	0.0790693378228535	-0.0931197840806255	0.211795813695808	0.304915597776434	0	0	0	0.2	0.178937844850393	0.1847217667085	-0.164483013987545	0.586458377911026	0.750941391898571	0	0	1	0.1	0.257118490910532	0.116118838844045	0.0467838250103597	0.510226663616973	0.463442838606614	0	0	1	0.2	0.862750964128022	0.338487187735118	0.322639086581011	1.57933015853246	1.25669107195144	0	0	2	0.1	0.827297677010567	0.232267990443461	0.456821419883336	1.35055023684477	0.893728816961432	0	0	2	0.2	1.761774779033	0.413430871585847	1.02740016811585	2.60119719815554	1.57379703003969	0	0	3	0.1	1.21852130706999	0.286171571512543	0.719479398218612	1.82815732949731	1.1086779312787	0	0	3	0.2	2.24144045081872	0.449879587439737	1.43870374378123	3.21262337627848	1.77391963249726
34	0	0	0	0.1	0.170142137620239	0.0681993194442372	0.037046812094381	0.305049050450591	0.26800223835621	0	0	0	0.2	0.422737478862521	0.181529242841967	0.0948279874439925	0.821549142725718	0.726721155281725	0	0	1	0.1	0.378384075121375	0.145677540799851	0.134140133019575	0.691370344426028	0.557230211406453	0	0	1	0.2	1.1218384507925	0.402976852154112	0.443227351664639	1.99116794933906	1.54794059767442	0	0	2	0.1	0.916972980926099	0.275330893888703	0.460718775681191	1.52589730609261	1.06517853041142	0	0	2	0.2	1.89792965235457	0.478485116723372	1.02933691796209	2.89666112071335	1.86732420275126	0	0	3	0.1	1.28861045902074	0.335291192681154	0.706924219400481	2.03043597598289	1.32351175658241	0	0	3	0.2	2.35064547670173	0.536472141362537	1.41813444937512	3.46299326312514	2.04485881375002
33	0	0	0	0.1	0.108535024378167	0.0759784148912739	-0.0329817029895681	0.260807502445874	0.293789205435442	0	0	0	0.2	0.243735628751191	0.190737760530468	-0.109985237264261	0.645595956257967	0.755581193522229	0	0	1	0.1	0.209151096040687	0.12032411865175	-0.00447787260510894	0.463233667364872	0.467711539969981	0	0	1	0.2	0.692968242764231	0.324850822503113	0.138908595564079	1.38206887507429	1.24316027951021	0	0	2	0.1	0.680915263207595	0.195878693373279	0.345316894777925	1.11523913818541	0.769922243407483	0	0	2	0.2	1.46452107396031	0.339971587839212	0.864023169850021	2.1786513937103	1.31462822386028	0	0	3	0.1	1.0703347479658	0.237251916133705	0.64766865519778	1.59168947631294	0.944020821115156	0	0	3	0.2	1.93947322581255	0.364659941793816	1.25127381733525	2.67460102984208	1.42332721250683
43	0	0	0	0.1	0.033164885510962	0.0557327486145175	-0.0781901776859508	0.141084927944356	0.219275105630307	0	0	0	0.2	0.0864117538604555	0.130880609044775	-0.178521695352203	0.349493427880743	0.528015123232946	0	0	1	0.1	0.226816124668545	0.123923576950268	0.00340479683123962	0.509658958343057	0.506254161511818	0	0	1	0.2	0.855631683082296	0.367316058665531	0.254692833801598	1.68916982675024	1.43447699294864	0	0	2	0.1	0.82616680213831	0.282355702253404	0.370043521217833	1.46477358641628	1.09473006519845	0	0	2	0.2	1.80537644839882	0.508425497691273	0.932733455055573	2.88870739344652	1.95597393839094	0	0	3	0.1	1.22992605330567	0.362502115408005	0.650960565268978	2.04445676557468	1.3934962003057	0	0	3	0.2	2.31250188381461	0.571186577173497	1.36658048285049	3.59025531011406	2.22367482726356
35	0	0	0	0.1	0.0640105930132667	0.0800384845510444	-0.0990594196896067	0.225655617029355	0.324715036718962	0	0	0	0.2	0.124239930714629	0.170282719697178	-0.225612964077829	0.470801041952276	0.696414006030105	0	0	1	0.1	0.164087188826956	0.107359261528426	-0.0534600637898303	0.366840691189954	0.420300754979785	0	0	1	0.2	0.567776799349657	0.269732489462163	0.0628252011800702	1.12506523105221	1.06224002987214	0	0	2	0.1	0.635194752407282	0.17820408440847	0.334023038790528	1.02943691733339	0.695413878542866	0	0	2	0.2	1.46223381612162	0.359372283841968	0.830375248140536	2.21429457440037	1.38391932625984	0	0	3	0.1	1.03317975949217	0.247764029716625	0.610442558856337	1.56912856876076	0.95868600990442	0	0	3	0.2	2.0044121653062	0.427736987414195	1.23051733171947	2.87621129397966	1.64569396226018
32	0	0	0	0.1	0.118846847381615	0.0696254710152702	-0.0249069152628451	0.254210848788682	0.279117764051527	0	0	0	0.2	0.15883166416217	0.138242388854687	-0.1339227629417	0.42930017475325	0.56322293769495	0	0	1	0.1	0.0891581243935161	0.093086033192605	-0.119600685433978	0.257638902729941	0.377239588163919	0	0	1	0.2	0.256029689091527	0.23054379010149	-0.205842534104008	0.710670278371129	0.916512812475136	0	0	2	0.1	0.400650964696601	0.177536419982885	0.0951347304740769	0.794612049058596	0.699477318584519	0	0	2	0.2	1.15242501371101	0.455560961682619	0.414026987156961	2.17305413612117	1.7590271489642	0	0	3	0.1	0.961638855537605	0.336158641007271	0.410063024641302	1.73071586288476	1.32065283824346	0	0	3	0.2	2.24841234752172	0.657483845125763	1.07781695268979	3.66687252155805	2.58905556886826
61	0	0	0	0.1	0.0657998023659101	0.0809379976423552	-0.101257194948242	0.231931361294331	0.333188556242573	0	0	0	0.2	0.114797889333244	0.194007993250665	-0.267824694495569	0.490927037327558	0.758751731823126	0	0	1	0.1	0.153792924884347	0.143938021573655	-0.12057959362282	0.432822005976001	0.553401599598821	0	0	1	0.2	0.509816995110939	0.344283769790912	-0.160324871038129	1.20689000184852	1.36721487288665	0	0	2	0.1	0.552788669697765	0.216046016330387	0.166514096609157	1.02000595782539	0.853491861216237	0	0	2	0.2	1.24023330937148	0.401425664751764	0.489914602755566	2.04157804105754	1.55166343830197	0	0	3	0.1	0.889288613704603	0.26006729930078	0.426849093589829	1.44208923051005	1.01524013692022	0	0	3	0.2	1.72264111385703	0.43275707513622	0.933081230233364	2.62598964974883	1.69290841951546
50	0	0	0	0.1	0.147582263276575	0.0832025571792033	-0.00889231914104226	0.305621562812292	0.314513881953335	0	0	0	0.2	0.299290308458409	0.191944504124152	-0.0622947427822525	0.667973673320695	0.730268416102947	0	0	1	0.1	0.182992461384919	0.115000962754596	-0.0484518498768432	0.391423038426873	0.439874888303717	0	0	1	0.2	0.520841066094488	0.271823554907387	0.00521384236925801	1.06472876485806	1.05951492248881	0	0	2	0.1	0.539373955448166	0.164317423551629	0.249755952722162	0.868743842577302	0.61898788985514	0	0	2	0.2	1.2200741456618	0.322527790055537	0.658715358819213	1.8931214939278	1.23440613510859	0	0	3	0.1	0.936014415100721	0.231055253670172	0.56197299644588	1.44802285981225	0.886049863366368	0	0	3	0.2	1.79757976604243	0.390033955656316	1.14352559294191	2.66609692502749	1.52257133208559
37	0	0	0	0.1	0.102184717029541	0.0752415310266713	-0.0419142165716886	0.252974528027874	0.294888744599562	0	0	0	0.2	0.3004921227754	0.199990398253156	-0.0419651493474282	0.766216754676006	0.808181904023434	0	0	1	0.1	0.351636273087631	0.140444916573382	0.11815471092749	0.646523212652426	0.528368501724936	0	0	1	0.2	1.0483120889413	0.326433218199194	0.482362490966494	1.74203908270142	1.25967659173492	0	0	2	0.1	0.882047072408137	0.206246126814342	0.530226077807274	1.34514003745522	0.814913959647946	0	0	2	0.2	1.82786540603775	0.361745854204069	1.20291126774732	2.55590723995024	1.35299597220292	0	0	3	0.1	1.27674218721957	0.270009940732514	0.801362323269912	1.84517371757457	1.04381139430466	0	0	3	0.2	2.39863952594837	0.43827986073731	1.60596750010783	3.31775506670275	1.71178756659493
60	0	0	0	0.1	0.0549244783327239	0.0696756593458993	-0.0779351419792431	0.192499830173325	0.270434972152568	0	0	0	0.2	0.044058183373203	0.136364555842972	-0.226810235293377	0.304497500498954	0.531307735792331	0	0	1	0.1	0.0395014646318283	0.114078103345678	-0.203558101045846	0.240929243771896	0.444487344817742	0	0	1	0.2	0.136347403200019	0.270500868739115	-0.439560017936269	0.606387798894341	1.04594781683061	0	0	2	0.1	0.26658067714562	0.171946172876916	-0.0833233425852992	0.601844163240574	0.685167505825873	0	0	2	0.2	0.712395237138401	0.377524642230742	-0.0312190805431464	1.44364905333147	1.47486813387462	0	0	3	0.1	0.612498774606042	0.238021785283371	0.192041436366962	1.10456336173113	0.912521925364172	0	0	3	0.2	1.40644817320802	0.469003581958408	0.575525843913035	2.37936783298272	1.80384198906968
63	0	0	0	0.1	0.0136978088241363	0.0580631638518685	-0.0996276873417908	0.127142968075273	0.226770655417064	0	0	0	0.2	0.0835129577755129	0.132817849784094	-0.167205633707866	0.367666932693239	0.534872566401105	0	0	1	0.1	0.260151157290218	0.101276360959708	0.0611008136892907	0.475132196425157	0.414031382735867	0	0	1	0.2	0.880490961816474	0.326462472211412	0.310858339171024	1.60758415818441	1.29672581901339	0	0	2	0.1	0.82224699759669	0.238338998653746	0.402680270588252	1.30065140926315	0.897971138674898	0	0	2	0.2	1.98735849223229	0.529760227724444	1.01302299240924	3.06010740694227	2.04708441453302	0	0	3	0.1	1.34510458444546	0.363386313478532	0.686577289824314	2.12306388584002	1.43648659601571	0	0	3	0.2	2.69976168682926	0.642329764522337	1.49389553855023	3.98062089626176	2.48672535771153
64	0	0	0	0.1	0.200613952399134	0.0722763373012829	0.069552757686588	0.363057647420594	0.293504889734006	0	0	0	0.2	0.391771145354674	0.165855240599552	0.0955113407332311	0.761807376459312	0.666296035726081	0	0	1	0.1	0.24136571612925	0.105259594934237	0.0333290375056868	0.464136548241437	0.43080751073575	0	0	1	0.2	0.71610238253068	0.260530609718073	0.240262293566409	1.25296000699956	1.01269771343315	0	0	2	0.1	0.686929890553571	0.165843179634874	0.396787846736522	1.04187958029231	0.645091733555785	0	0	2	0.2	1.48641831050588	0.320125420517614	0.925055732933176	2.15272146600731	1.22766573307414	0	0	3	0.1	1.0085649689543	0.214500880226992	0.625398118561193	1.43701704840253	0.811618929841341	0	0	3	0.2	1.89879931220554	0.36861485499579	1.21367962039158	2.6145863804783	1.40090676008672
62	0	0	0	0.1	0.181424567999825	0.065519609001146	0.0600796757875998	0.317787143320179	0.257707467532579	0	0	0	0.2	0.473577176184356	0.188783422095531	0.14824907893186	0.912856706324084	0.764607627392225	0	0	1	0.1	0.36758890564296	0.12384726369274	0.168977196951506	0.653096945716591	0.484119748765086	0	0	1	0.2	0.997027693735157	0.328786383744003	0.487885555683387	1.7748776917737	1.28699213609031	0	0	2	0.1	0.709266823728621	0.185226658790939	0.405283186521985	1.12458156546921	0.719298378947221	0	0	2	0.2	1.49160467301192	0.35532379420127	0.871731012934961	2.26121217173803	1.38948115880306	0	0	3	0.1	0.94676661384646	0.228664353373647	0.550438797347555	1.4682904308193	0.917851633471745	0	0	3	0.2	1.77403282587019	0.394594356907483	1.07175385147258	2.65408923615329	1.58233538468071
30	0	0	0	0.1	0.078114022435172	0.0629977048294976	-0.0504198717863143	0.200034722967018	0.250454594753332	0	0	0	0.2	0.159332419733172	0.154747469588761	-0.15050857106608	0.473451374352578	0.623959945418658	0	0	1	0.1	0.209131560081806	0.103848649148569	0.0116590720276376	0.411710550268597	0.400051478240959	0	0	1	0.2	0.780599875392898	0.323397144364287	0.223578690477072	1.46831961469341	1.24474092421634	0	0	2	0.1	0.842136170073555	0.233505752765578	0.455015208147211	1.35066008283241	0.895644874685196	0	0	2	0.2	1.94907849218211	0.451650272609867	1.17128919065461	2.90711909214691	1.7358299014923	0	0	3	0.1	1.34796164428183	0.323657504234092	0.816475263229526	2.06721725429468	1.25074199106515	0	0	3	0.2	2.60542410232698	0.53117339770966	1.71702345316923	3.73769300155277	2.02066954838354
29	0	0	0	0.1	0.0408742085438257	0.0589654739302447	-0.0679575788858584	0.160287218908588	0.228244797794447	0	0	0	0.2	0.0783148752491863	0.159896369420022	-0.23100589275138	0.391472377478947	0.622478270230327	0	0	1	0.1	0.183919089430137	0.144651095769572	-0.0729219676574475	0.496148404753017	0.569070372410464	0	0	1	0.2	0.761181302417933	0.398050074017136	0.0489006932398412	1.65113896627322	1.60223827303338	0	0	2	0.1	0.789692873747482	0.239261164293561	0.389543278834179	1.28197124864106	0.892427969806877	0	0	2	0.2	1.65472908093372	0.397666331086916	0.924085088052344	2.42826605171749	1.50418096366515	0	0	3	0.1	1.19678890165062	0.279224706039181	0.697348685456378	1.74762202541372	1.05027333995734	0	0	3	0.2	2.11634967919412	0.430971101195543	1.29979887388636	2.97520977632598	1.67541090243961
65	0	0	0	0.1	0.00578818350706183	0.0559398068814372	-0.105748179327612	0.115731164254462	0.221479343582074	0	0	0	0.2	0.028681226922496	0.120151713398528	-0.212576423499329	0.255238550708886	0.467814974208214	0	0	1	0.1	0.140849628101215	0.0882327668788182	-0.0232243242043924	0.324621607374807	0.3478459315792	0	0	1	0.2	0.488414083194691	0.248996550744641	0.0472817247989583	1.05731767207702	1.01003594727806	0	0	2	0.1	0.600149235493707	0.188904957875653	0.288483906459315	1.03601542890848	0.747531522449167	0	0	2	0.2	1.48530672152957	0.413624679978471	0.767237084258467	2.42166032793056	1.65442324367209	0	0	3	0.1	1.07261248419785	0.286351894228199	0.613351061118013	1.70794228164904	1.09459122053103	0	0	3	0.2	2.18326701570196	0.507272285772602	1.30473772832803	3.3291764212225	2.02443869289447
31	0	0	0	0.1	0.138753687341011	0.106021607909132	-0.0644975949037694	0.353677700881928	0.418175295785697	0	0	0	0.2	0.213785543029866	0.238808685056867	-0.259970749835772	0.646089658152583	0.906060407988355	0	0	1	0.1	0.134063485547487	0.133787969781755	-0.123345344249229	0.393478484675619	0.516823828924848	0	0	1	0.2	0.494078757319054	0.29059106007104	-0.0600914496149354	1.08601519789647	1.14610664751141	0	0	2	0.1	0.53145437912251	0.173359689089854	0.210898382804926	0.916992258199975	0.706093875395049	0	0	2	0.2	1.16544756551267	0.331126512368068	0.53859824912462	1.85666502218491	1.31806677306029	0	0	3	0.1	0.828154261720034	0.21711845938823	0.43427913143014	1.29840721035907	0.864128078928931	0	0	3	0.2	1.63364644515793	0.389124207597922	0.920641091118321	2.41918949266718	1.49854840154885
39	0	0	0	0.1	0.253695118986743	0.0742556802146104	0.123054392878916	0.423530815968092	0.300476423089177	0	0	0	0.2	0.569321062327523	0.190579079123387	0.265517314457451	1.03912662524233	0.773609310784883	0	0	1	0.1	0.382537772706483	0.121298147664145	0.188606974680187	0.668153864517545	0.479546889837358	0	0	1	0.2	0.981009574060416	0.299028997681121	0.502856498118708	1.70049288014595	1.19763638202724	0	0	2	0.1	0.809186585682011	0.211517154581215	0.473342809407824	1.31581504806712	0.842472238659301	0	0	2	0.2	1.60765352269851	0.383610006333839	0.974232790883414	2.54249271573318	1.56825992484976	0	0	3	0.1	1.12998982830507	0.280266632075504	0.630524192496189	1.79799822386435	1.16747403136817	0	0	3	0.2	2.01968420715211	0.489308873589366	1.11903320006224	3.16041555830472	2.04138235824248
28	0	0	0	0.1	0.121861389221026	0.0739391067897582	-0.0304045800007038	0.261564476357706	0.29196905635841	0	0	0	0.2	0.18531331896909	0.184676542194655	-0.175932474710096	0.554688626578609	0.730621101288705	0	0	1	0.1	0.0445073066209821	0.118432434069314	-0.200925892514722	0.258455202773065	0.459381095287787	0	0	1	0.2	0.216757783464422	0.27463626647037	-0.348743144192875	0.76886587554075	1.11760901973363	0	0	2	0.1	0.366446645313014	0.158132233075387	0.0700986321995222	0.710576086384883	0.640477454185361	0	0	2	0.2	0.916947292931778	0.328899678304761	0.319076756299297	1.59929119619414	1.28021443989484	0	0	3	0.1	0.720288616254367	0.220205508553266	0.331866357484489	1.21237553129125	0.880509173806761	0	0	3	0.2	1.45695249311137	0.398587834167978	0.713970100424889	2.29200650446027	1.57803640403538
76	0	0	0	0.1	0.140268403575707	0.0659316701309253	0.02816306804066	0.279311288988148	0.251148220947488	0	0	0	0.2	0.270658519365825	0.157549253706137	-0.00816285129181622	0.602135972632057	0.610298823923874	0	0	1	0.1	0.131068241792927	0.108596147428085	-0.095598976600732	0.339174236207526	0.434773212808258	0	0	1	0.2	0.386531019190135	0.318356775778869	-0.221783070437619	1.10105070509708	1.3228337755347	0	0	2	0.1	0.418733643652036	0.208193239662699	0.0592547372351223	0.917972909983312	0.85871817274819	0	0	2	0.2	1.06806942351928	0.44707688802292	0.264489605037807	2.08875544134732	1.82426583630951	0	0	3	0.1	0.751972162369528	0.266291557223921	0.292276521007413	1.36169175401153	1.06941523300412	0	0	3	0.2	1.58893342700872	0.496323858990922	0.685724293396705	2.72137000307356	2.03564570967686
57	0	0	0	0.1	0.0947102211064956	0.0828924495211223	-0.0634157393538305	0.259459042971609	0.32287478232544	0	0	0	0.2	0.230693388314379	0.227619926006946	-0.206473161070664	0.706847407081428	0.913320568152092	0	0	1	0.1	0.183649531538375	0.150806674599687	-0.0992564382838015	0.501678899193154	0.600935337476955	0	0	1	0.2	0.724537133767513	0.406913169662801	0.057251021332693	1.67238239619905	1.61513137486636	0	0	2	0.1	0.666743496265326	0.246439022691516	0.281322957521423	1.24466304367851	0.963340086157084	0	0	2	0.2	1.43852686488178	0.429409920124851	0.714855035367877	2.41200864659589	1.69715361122802	0	0	3	0.1	0.967370830746295	0.288282621536858	0.499474076008969	1.63254247223504	1.13306839622607	0	0	3	0.2	1.80676376385667	0.465501786906841	1.0203194515133	2.83075834474898	1.81043889323568
58	0	0	0	0.1	0.0638500769361147	0.0690843273624477	-0.0732424511325067	0.196914680444338	0.270157131576845	0	0	0	0.2	0.0848721221212955	0.179816656846921	-0.293368670590987	0.423469871397887	0.716838541988874	0	0	1	0.1	0.101395683349016	0.142898138204239	-0.185510773722422	0.379870547825339	0.565381321547761	0	0	1	0.2	0.636402556550123	0.432894169512947	-0.144758337312832	1.54106284315226	1.68582118046509	0	0	2	0.1	0.806486681926552	0.284147857981956	0.305431824929568	1.38866974407675	1.08323791914718	0	0	2	0.2	1.7715701526749	0.462210589300616	0.8357012186113	2.64294337231061	1.80724215369931	0	0	3	0.1	1.31734672605223	0.328145909281455	0.726883174960142	1.97592411658926	1.24904094162912	0	0	3	0.2	2.31780450857394	0.476634185191339	1.43045429754985	3.30829673109717	1.87784243354732
56	0	0	0	0.1	0.0209388157750957	0.0683940607933926	-0.120479161059175	0.154175701555206	0.274654862614381	0	0	0	0.2	0.0191503048730236	0.169278370514773	-0.324150467046015	0.361799995648195	0.68595046269421	0	0	1	0.1	0.0632501127860417	0.112332374552119	-0.158678228078915	0.283038144107021	0.441716372185935	0	0	1	0.2	0.312625305864103	0.296620331668527	-0.207265152284767	0.928172845857753	1.13543799814252	0	0	2	0.1	0.418735144878793	0.182313881028612	0.122096213617095	0.837377077377207	0.715280863760112	0	0	2	0.2	1.04074523550335	0.388165832197191	0.418071071377241	1.90661077912676	1.48853970774952	0	0	3	0.1	0.722371330230637	0.233577335004622	0.350719531905207	1.22716146416022	0.876441932255011	0	0	3	0.2	1.48978311952655	0.440956204193689	0.773259720876269	2.45385009279363	1.68059037191736
47	0	0	0	0.1	0.109999379700417	0.0439736623510167	0.0245479995261494	0.194921568694107	0.170373569167957	0	0	0	0.2	0.233113685221511	0.110967365407723	0.0146666131827666	0.464903570663747	0.45023695748098	0	0	1	0.1	0.144148545606808	0.10958530543777	-0.086053805965457	0.354335167815308	0.440388973780765	0	0	1	0.2	0.434025273069192	0.310358898016838	-0.190312079231053	1.05346655648984	1.2437786357209	0	0	2	0.1	0.460475642585483	0.194352721487532	0.12221973721333	0.874601604067691	0.752381866854361	0	0	2	0.2	1.11862593052187	0.398355508828742	0.449696001048216	2.08169434771261	1.63199834666439	0	0	3	0.1	0.779082198172933	0.247881615812305	0.372302932322311	1.39288977387793	1.02058684155562	0	0	3	0.2	1.52907464612648	0.438912195737037	0.79682233549444	2.51411617279116	1.71729383729672
53	0	0	0	0.1	0.20072935010067	0.0737509264644175	0.0731895378215199	0.36265001686995	0.289460479048431	0	0	0	0.2	0.62500314027996	0.278924034056256	0.195853889161442	1.32565554071358	1.12980165155214	0	0	1	0.1	0.562781536713439	0.204503735437245	0.245289472597376	1.05465766101868	0.809368188421301	0	0	1	0.2	1.71531387882461	0.440777161149646	0.934410619355563	2.67069179426917	1.7362811749136	0	0	2	0.1	1.29173647882261	0.286235039319448	0.797848202290172	1.93685767899908	1.13900947670891	0	0	2	0.2	2.36110628540802	0.416392537730735	1.59729369260913	3.27706927147005	1.67977557886091	0	0	3	0.1	1.5590238175177	0.316784472868038	1.01626465504813	2.22794015573293	1.21167550068479	0	0	3	0.2	2.6388040808832	0.468970174597381	1.80265217133203	3.58878135663625	1.78612918530423
52	0	0	0	0.1	0.0573885450427246	0.0532759706563068	-0.052799527588612	0.156167729150959	0.208967256739571	0	0	0	0.2	0.0718182418006267	0.116937876119978	-0.1869564083945	0.278376891317834	0.465333299712335	0	0	1	0.1	0.0373639426678765	0.101266828729514	-0.16464091867904	0.237981363514327	0.402622282193368	0	0	1	0.2	0.142585399967668	0.283598015458426	-0.366553695524623	0.721468060069657	1.08802175559428	0	0	2	0.1	0.347695802249453	0.209315018385072	-0.00918980636365212	0.824976068227598	0.83416587459125	0	0	2	0.2	0.906079533714404	0.445121643554555	0.146751998670018	1.86693884244743	1.72018684377741	0	0	3	0.1	0.794339190020623	0.308123863547676	0.272901068623162	1.46683244544167	1.19393137681851	0	0	3	0.2	1.60356601288575	0.51482184211651	0.672062008375078	2.69139734796448	2.01933533958941
46	0	0	0	0.1	0.122839007328739	0.0514229636648039	0.0282569830619664	0.230788809610235	0.202531826548269	0	0	0	0.2	0.257819163146246	0.1163709638694	0.0422470392387239	0.497144094207964	0.45489705496924	0	0	1	0.1	0.189832039833359	0.0786944810498691	0.047956138177137	0.359033513597944	0.311077375420807	0	0	1	0.2	0.508261789618288	0.209038280599658	0.142153232478765	0.953300142091072	0.811146909612307	0	0	2	0.1	0.463015665065087	0.143688345196817	0.208903468049314	0.786753193683901	0.577849725634587	0	0	2	0.2	1.07766076672096	0.318704452023265	0.502485368451753	1.80752757947206	1.30504221102031	0	0	3	0.1	0.739855966349861	0.20840858729376	0.386102609762711	1.20601283749303	0.81991022773032	0	0	3	0.2	1.53870788522584	0.411191095676585	0.820330073090007	2.44823487500772	1.62790480191772
72	0	0	0	0.1	0.0880774026347019	0.0767852308547959	-0.0723472464757666	0.237643652344331	0.309990898820098	0	0	0	0.2	0.231760747564326	0.218659921872745	-0.194200315652955	0.705996339378263	0.900196655031218	0	0	1	0.1	0.253006941358138	0.138402339294853	-0.0076067156686955	0.536349934837677	0.543956650506372	0	0	1	0.2	0.815459395323557	0.320823639553171	0.221529629778051	1.44563123611439	1.22410160633634	0	0	2	0.1	0.675297771194358	0.186476176701232	0.344722060196138	1.07991297838442	0.735190918188285	0	0	2	0.2	1.4354949146715	0.348226869445281	0.819480359990306	2.19822404785751	1.37874368786721	0	0	3	0.1	0.915264795206241	0.215685043290839	0.540591005056743	1.37683945472139	0.836248449664642	0	0	3	0.2	1.77548614656747	0.38063517403321	1.1127055355111	2.58048963129687	1.46778409578577
71	0	0	0	0.1	0.14012814293715	0.0657139449808188	0.0214607558587827	0.282601021543295	0.261140265684512	0	0	0	0.2	0.306873088855853	0.164208307671423	0.0111067034240865	0.659675992791328	0.648569289367241	0	0	1	0.1	0.272852480487325	0.104231823486322	0.0840609483997446	0.503805249470303	0.419744301070558	0	0	1	0.2	0.862110910178364	0.306874963271986	0.320519345077238	1.52917966996171	1.20866032488447	0	0	2	0.1	0.828284808066018	0.214303018811435	0.459204289505748	1.28748564024096	0.828281350735214	0	0	2	0.2	1.92408708700392	0.456534614776076	1.09709312460714	2.91312379377104	1.8160306691639	0	0	3	0.1	1.32803905926588	0.318787091423155	0.770704708635335	2.0040800974385	1.23337538880316	0	0	3	0.2	2.63019146837575	0.564528699516487	1.64010097459047	3.82270440578816	2.18260343119769
48	0	0	0	0.1	0.105654525348268	0.0439762326736627	0.0242781249946809	0.198271020533416	0.173992895538735	0	0	0	0.2	0.270235609219153	0.110534353137447	0.0728952112628618	0.510163432220631	0.437268220957769	0	0	1	0.1	0.273825756169784	0.103140755677791	0.102784700794569	0.503926578649604	0.401141877855036	0	0	1	0.2	0.811472521168954	0.305026872961353	0.313044184013633	1.53725029220031	1.22420610818668	0	0	2	0.1	0.701880087478539	0.187533871148972	0.391363769355546	1.141601290447	0.75023752109145	0	0	2	0.2	1.54125953574855	0.359313713673338	0.932472280080321	2.31278953011911	1.38031725003879	0	0	3	0.1	1.00337455619174	0.241732389568762	0.601288544801251	1.53356914016522	0.932280595363967	0	0	3	0.2	1.88316742864491	0.404739818218084	1.16300788736103	2.76883446404471	1.60582657668368
59	0	0	0	0.1	0.0211631556901503	0.0706533973232757	-0.112002465494474	0.162432433246063	0.274434898740537	0	0	0	0.2	0.0584555062411782	0.149622464864357	-0.232978236630114	0.357886011835691	0.590864248465805	0	0	1	0.1	0.162545534825475	0.0845299360187693	0	0.338020571751304	0.338020571751304	0	0	1	0.2	0.501943261702566	0.212620827758633	0.115818025754759	0.97759106328112	0.861773037526361	0	0	2	0.1	0.558017754347391	0.16178662720183	0.292287051298937	0.913366891257557	0.62107983995862	0	0	2	0.2	1.29433301267026	0.357544161237811	0.699852707222199	2.10060715059401	1.40075444337181	0	0	3	0.1	0.92768718139294	0.253180049764099	0.508051521950357	1.45434523850201	0.946293716551653	0	0	3	0.2	1.98206276258726	0.52331422542267	1.08525893424909	3.16713676107815	2.08187782682906
49	0	0	0	0.1	0.105685555453695	0.058993658891319	-0.0101311294802676	0.223656334608668	0.233787464088935	0	0	0	0.2	0.227001203221938	0.14873760891731	-0.0475967192557558	0.52399496177555	0.571591681031306	0	0	1	0.1	0.219908991471244	0.0978692209827219	0.0374757451054037	0.406154381430698	0.368678636325294	0	0	1	0.2	0.605099479378521	0.246665197695547	0.149211290396215	1.10950847760522	0.960297187209008	0	0	2	0.1	0.554955143907251	0.159140661744862	0.268748057350009	0.885062861899631	0.616314804549622	0	0	2	0.2	1.1886451041683	0.32833669662788	0.620917534520464	1.90320016912504	1.28228263460458	0	0	3	0.1	0.825303750778004	0.220121489206549	0.451269556348022	1.28588412209066	0.834614565742635	0	0	3	0.2	1.59090985465368	0.406432271284072	0.890391099967789	2.45547831406472	1.56508721409694
75	0	0	0	0.1	0.0675131430969781	0.0688200209539413	-0.0709462952082335	0.194364156706397	0.265310451914631	0	0	0	0.2	0.176726611381519	0.151290586477798	-0.112041823654922	0.480111296404967	0.59215312005989	0	0	1	0.1	0.169291836286169	0.0951042485975789	-0.0204059425880041	0.355903272274505	0.376309214862509	0	0	1	0.2	0.551140144867358	0.249148934850747	0.0941301921278357	1.07837962250227	0.984249430374437	0	0	2	0.1	0.515758196293278	0.160649171380875	0.238088824158043	0.865801213626643	0.6277123894686	0	0	2	0.2	1.24346874361206	0.355186793323694	0.630781829619459	2.03538490477219	1.40460307515273	0	0	3	0.1	0.821505346930489	0.222197190216207	0.438938457389257	1.35301683004147	0.914078372652216	0	0	3	0.2	1.68979832710705	0.42742004441837	0.941451655815251	2.62421369589792	1.68276204008267
44	0	0	0	0.1	0.102523401368918	0.0814274316470616	-0.0546083598572776	0.261786598296389	0.316394958153667	0	0	0	0.2	0.172028113373805	0.182077108707698	-0.176194466984019	0.521417481313905	0.697611948297924	0	0	1	0.1	0.104222055330514	0.129778757428931	-0.171607536905404	0.338365892464992	0.509973429370396	0	0	1	0.2	0.34503852765433	0.34507250766994	-0.343957130305409	1.00485661765706	1.34881374796247	0	0	2	0.1	0.451914180178544	0.250167218683215	-0.000213284598606977	0.968893174971704	0.969106459570311	0	0	2	0.2	1.16424113712234	0.555174209250855	0.181975262350061	2.29338386537105	2.11140860302099	0	0	3	0.1	0.879220830895811	0.355377189090894	0.277632454716589	1.64562222695225	1.36798977223566	0	0	3	0.2	1.8667672714908	0.652596249877234	0.714570263873274	3.18751521761234	2.47294495373906
74	0	0	0	0.1	0.110934138260905	0.0454035054795852	0.025530622199624	0.203308590050574	0.17777796785095	0	0	0	0.2	0.243232487842659	0.119445534252972	0.0207948344906842	0.506384470478969	0.485589635988285	0	0	1	0.1	0.254148532154303	0.116486854962482	0.0427659827108128	0.490779204354044	0.448013221643231	0	0	1	0.2	0.92512038512714	0.383300999224464	0.24649237660531	1.74724920713113	1.50075683052582	0	0	2	0.1	0.876123485283319	0.26108504134565	0.438891517046344	1.46444393852603	1.02555242147968	0	0	2	0.2	1.94759092187385	0.471013269813381	1.0929613869425	2.91296613437748	1.82000474743498	0	0	3	0.1	1.30469549286408	0.324182437723491	0.735632718487039	1.98757409446996	1.25194137598292	0	0	3	0.2	2.45723130710712	0.531594869053362	1.44580786151244	3.50430666811036	2.05849880659792
51	0	0	0	0.1	0.0713321864792989	0.0788700042951461	-0.0952019046778327	0.221677330346756	0.316879235024588	0	0	0	0.2	0.136755317711478	0.20911687377129	-0.280077331648862	0.549633502008588	0.829710833657449	0	0	1	0.1	0.167495099470824	0.125889286281423	-0.0774395720593572	0.410142211077373	0.487581783136731	0	0	1	0.2	0.587344124904627	0.304082814990784	0.039639536828493	1.20468133342533	1.16504179659684	0	0	2	0.1	0.625870118192237	0.190622934023311	0.30200216458716	1.03468992546272	0.732687760875559	0	0	2	0.2	1.37909180412342	0.373087218105439	0.725144752273915	2.20397304439381	1.47882829211989	0	0	3	0.1	0.993074461421449	0.256549757691437	0.557371238531129	1.58786708577876	1.03049584724763	0	0	3	0.2	1.89869193537012	0.445748019224731	1.124548712976	2.89985044539268	1.77530173241668
54	0	0	0	0.1	0.161034884422801	0.0692090522597377	0.0331547576228883	0.309766633817248	0.27661187619436	0	0	0	0.2	0.50655358837481	0.227583421903333	0.150429370754192	1.00978733930766	0.859357968553468	0	0	1	0.1	0.558850296887113	0.190982151577735	0.263641545899103	0.994820567638215	0.731179021739112	0	0	1	0.2	1.7814451302804	0.526916667978938	0.924307159339591	2.85881039756693	1.93450323822734	0	0	2	0.1	1.30529971382186	0.34936814243299	0.734346855076123	2.08684803102122	1.3525011759451	0	0	2	0.2	2.73282350809045	0.610421435238457	1.63782490092086	4.11108523990735	2.47326033898649	0	0	3	0.1	1.79700212417123	0.437274415543065	1.06326631180711	2.78863018175273	1.72536386994563	0	0	3	0.2	3.22058546636125	0.678490819784483	2.03104671177831	4.6541205032456	2.62307379146729
67	0	0	0	0.1	0.069235598452147	0.0805860916856933	-0.106583325007173	0.219620977944446	0.326204302951619	0	0	0	0.2	0.0760957496437891	0.198183905093987	-0.326530673804551	0.453304310497915	0.779834984302466	0	0	1	0.1	0.13931749987192	0.125516894459581	-0.0969792562242598	0.398658483833513	0.495637740057773	0	0	1	0.2	0.594100505107456	0.301281196246346	0.0563326129555683	1.21933193635638	1.16299932340081	0	0	2	0.1	0.704363003330057	0.203888216720501	0.353408053872586	1.12609155057148	0.772683496698891	0	0	2	0.2	1.54070457633857	0.368106106015483	0.894625198611852	2.31484454611968	1.42021934750782	0	0	3	0.1	1.11989881660069	0.270611362336503	0.663463540059983	1.70536173100178	1.0418981909418	0	0	3	0.2	2.12592401236401	0.444744459290486	1.34130273623377	3.01962941128539	1.67832667505162
70	0	0	0	0.1	0.200739602844443	0.0605463738483304	0.0840413928048988	0.322333689304793	0.238292296499894	0	0	0	0.2	0.406348024410887	0.137856841338086	0.145234074557992	0.685817865615678	0.540583791057687	0	0	1	0.1	0.308958146899728	0.0891395082853741	0.144615161066818	0.48909593569189	0.344480774625071	0	0	1	0.2	0.758509662325206	0.211055919541457	0.390519277115704	1.20705486276436	0.816535585648654	0	0	2	0.1	0.656674941018125	0.146746816816624	0.408138395726386	0.975624208052876	0.56748581232649	0	0	2	0.2	1.36631289784307	0.283748390175391	0.879417503666723	1.97375599864099	1.09433849497426	0	0	3	0.1	0.946672871075428	0.201833140634883	0.611971856957926	1.38023009616308	0.768258239205155	0	0	3	0.2	1.80412149571163	0.356892733075655	1.20498415042856	2.56262620209463	1.35764205166607
73	0	0	0	0.1	0.166578662797666	0.0847890365415744	0.0148179861201099	0.346230922929126	0.331412936809016	0	0	0	0.2	0.481739721608202	0.217184383872939	0.104139325815709	0.945995403458935	0.841856077643226	0	0	1	0.1	0.488433629584159	0.143317312683127	0.223019692817538	0.782982522760305	0.559962829942767	0	0	1	0.2	1.32911271810732	0.379906386795018	0.674971667488157	2.17360472217098	1.49863305468283	0	0	2	0.1	1.05360333452153	0.264052644120282	0.616552479621463	1.64310128108993	1.02654880146847	0	0	2	0.2	2.17900246496761	0.481712444102583	1.35652394064576	3.20278003662718	1.84625609598142	0	0	3	0.1	1.53443484612231	0.355488001334938	0.919836821921289	2.33488933645127	1.41505251452998	0	0	3	0.2	2.85204522223073	0.595445720804821	1.80710178185708	4.07764859153966	2.27054680968258
69	0	0	0	0.1	0.127134534609969	0.0943227609819753	-0.046793576208411	0.325891948235055	0.372685524443466	0	0	0	0.2	0.238509871889683	0.205577716601347	-0.148103475304294	0.650690782234533	0.798794257538827	0	0	1	0.1	0.0938073289599305	0.115615453205015	-0.133698297011491	0.313404202887634	0.447102499899125	0	0	1	0.2	0.283017704701514	0.277830210685107	-0.245052915244419	0.885471592617115	1.13052450786153	0	0	2	0.1	0.291969193213832	0.164097077994575	-0.0142546704970468	0.643606563834629	0.657861234331676	0	0	2	0.2	0.65555176102393	0.32521472178639	0.0456069564451072	1.34549528255898	1.29988832611387	0	0	3	0.1	0.467732043073723	0.194272166307868	0.123206623111454	0.869801341971113	0.746594718859659	0	0	3	0.2	0.928078202921971	0.369167541843361	0.289001359582535	1.6667614062783	1.37776004669576
66	0	0	0	0.1	0.0959161200785329	0.0710425799434515	-0.0383479915384386	0.246468552322614	0.284816543861052	0	0	0	0.2	0.134730748835542	0.212034618147453	-0.26342381907819	0.561174594030561	0.824598413108751	0	0	1	0.1	-0.00604678431578692	0.135029777740554	-0.297530761834998	0.254157018751583	0.551687780586581	0	0	1	0.2	0.192462909265691	0.29099274308464	-0.329884427596559	0.795036195076288	1.12492062267285	0	0	2	0.1	0.36284377871677	0.176755561665621	0.0774790107364211	0.786505718189154	0.709026707452733	0	0	2	0.2	0.846962354011664	0.331634066981879	0.307618263910661	1.67885780280927	1.37123953889861	0	0	3	0.1	0.638392879338848	0.210937280013433	0.310418514847816	1.15369379466686	0.84327527981904	0	0	3	0.2	1.25204833684287	0.367075675916394	0.657722252373086	2.10026021872683	1.44253796635374
55	0	0	0	0.1	0.0631076836153373	0.0993381277596858	-0.132842594062582	0.262566045822711	0.395408639885293	0	0	0	0.2	0.225431776192775	0.230808962577871	-0.219237970077146	0.68157625113084	0.900814221207986	0	0	1	0.1	0.299890477779258	0.119647694823188	0.0620288565168378	0.534381452036806	0.472352595519968	0	0	1	0.2	0.83096081814879	0.25307283557279	0.32387690638997	1.36950612079625	1.04562921440629	0	0	2	0.1	0.702307011267878	0.15411824430402	0.421580826513439	1.03929533948547	0.617714512972027	0	0	2	0.2	1.44418124773757	0.282372948810495	0.936497106093257	2.04274883022231	1.10625172412906	0	0	3	0.1	0.984263878920057	0.195129072437313	0.647111258578991	1.40230058518686	0.75518932660787	0	0	3	0.2	1.85023420012278	0.332570363078163	1.26216116610974	2.54326868337416	1.28110751726442
83	0	0	0	0.1	0.0982463729488317	0.0633247408286113	-0.0249307448776643	0.224427358087671	0.249358102965336	0	0	0	0.2	0.23672193265396	0.151209709880738	-0.0523840698514411	0.532418655207321	0.584802725058762	0	0	1	0.1	0.214896733985117	0.107620441454534	0.0181029991052316	0.441540357460268	0.423437358355037	0	0	1	0.2	0.863301171479729	0.38819694227292	0.237919278397873	1.76488369479206	1.52696441639419	0	0	2	0.1	0.968402956414339	0.289967355435052	0.504560908102664	1.6328856692048	1.12832476110213	0	0	2	0.2	2.11683477309742	0.462852577327851	1.30913136087462	3.08364860232931	1.7745172414547	0	0	3	0.1	1.63498021995734	0.366992922558757	0.992934369385901	2.39240343821682	1.39946906883092	0	0	3	0.2	2.84564589776591	0.510014619431394	1.9162124241638	3.87082912082178	1.95461669665798
77	0	0	0	0.1	0.0401299803118365	0.079322892370261	-0.117834544044721	0.191819283994172	0.309653828038893	0	0	0	0.2	0.10095496071029	0.151946891165152	-0.193145750080247	0.406187252255899	0.599333002336146	0	0	1	0.1	0.17305780256244	0.0838346621033418	0.0220324965153737	0.337571963848418	0.315539467333045	0	0	1	0.2	0.47284266065462	0.197397824765258	0.116618659920336	0.879393827266997	0.762775167346661	0	0	2	0.1	0.497410503953513	0.149959960592892	0.233733741333891	0.813481018787606	0.579747277453716	0	0	2	0.2	1.18706958012702	0.348783325147942	0.603300855968108	1.94727055157229	1.34396969560418	0	0	3	0.1	0.860957314905053	0.248488014139949	0.468920353723662	1.38670482083479	0.917784467111132	0	0	3	0.2	1.86057566110003	0.503276516286556	1.02845970753955	2.95490818725688	1.92644847971733
78	0	0	0	0.1	0.0692361555262041	0.075340411496371	-0.075816295215755	0.213231518207761	0.289047813423516	0	0	0	0.2	0.149006264651294	0.193699363055576	-0.228002060135892	0.523432495505613	0.751434555641505	0	0	1	0.1	0.291895261020779	0.258564496948578	-0.149523020754111	0.888261149013397	1.03778416976751	0	0	1	0.2	1.15122519493839	0.600484807966399	0.100184930312949	2.33563614211422	2.23545121180127	0	0	2	0.1	1.05444610155348	0.41314968271627	0.390268454628718	1.87672691881414	1.48645846418543	0	0	2	0.2	2.04932376296285	0.543717439754681	1.04000223664738	3.12577671086501	2.08577447421763	0	0	3	0.1	1.45236101434205	0.400468470426302	0.771941584238846	2.28477102310497	1.51282943886613	0	0	3	0.2	2.54521689447337	0.538049025617245	1.55174698225561	3.6565005057833	2.10475352352768
81	0	0	0	0.1	0.0865287398547009	0.0535278462532882	-0.0205305762750853	0.188336247091013	0.208866823366099	0	0	0	0.2	0.199576145472495	0.113967520088076	-0.0232906231335928	0.411619098252103	0.434909721385696	0	0	1	0.1	0.230297340004886	0.084226318724719	0.0729418654631304	0.403416489980006	0.330474624516876	0	0	1	0.2	0.690096910899773	0.264520556750914	0.233581133465041	1.27256807630969	1.03898694284464	0	0	2	0.1	0.688717314964477	0.211658033684824	0.318598935208538	1.14166928837738	0.823070353168847	0	0	2	0.2	1.70011388794613	0.489333158506574	0.834491134480897	2.68407284068336	1.84958170620247	0	0	3	0.1	1.18779820762503	0.336245989167998	0.627632192123981	1.88499727554457	1.25736508342059	0	0	3	0.2	2.38704652914517	0.591730604838632	1.3435159124422	3.60211691146311	2.25860099902091
79	0	0	0	0.1	0.104438687659422	0.0910549866717899	-0.0750589693927488	0.300569342211502	0.37562831160425	0	0	0	0.2	0.246002368515132	0.238202373702158	-0.210226059598739	0.749569893602186	0.959795953200925	0	0	1	0.1	0.192478316248898	0.129067554251181	-0.0584166364338321	0.460435924878701	0.518852561312533	0	0	1	0.2	0.724245997535769	0.325865010699786	0.108947756427808	1.40113618139145	1.29218842496364	0	0	2	0.1	0.724160515446273	0.201024950725965	0.355881653037915	1.16300167043793	0.80712001740002	0	0	2	0.2	1.60880342853	0.376474587721634	0.90691861518808	2.36759245795316	1.46067384276508	0	0	3	0.1	1.16874866531828	0.265532414320024	0.715832811140021	1.73281252725607	1.01697971611605	0	0	3	0.2	2.18564020970292	0.427605886820383	1.43815669095637	3.08202661581263	1.64386992485626
84	0	0	0	0.1	0.0157616599713344	0.0589227632166379	-0.114114942789832	0.123657742540028	0.237772685329861	0	0	0	0.2	0.0194679887469623	0.118626550333787	-0.233981590163982	0.238337789400373	0.472319379564356	0	0	1	0.1	0.0839629280380122	0.0661987328704674	-0.0531079541396248	0.210398840151777	0.263506794291402	0	0	1	0.2	0.234331752074474	0.148060580289911	-0.0676990596972762	0.527114485922229	0.594813545619505	0	0	2	0.1	0.349938697054578	0.108383975803269	0.161970813698533	0.577416510111678	0.415445696413145	0	0	2	0.2	0.842608619360301	0.245538022842304	0.423285928100527	1.36389106077576	0.940605132675234	0	0	3	0.1	0.704725601687109	0.187130653981617	0.391322710797844	1.11942732589818	0.728104615100337	0	0	3	0.2	1.49931579617872	0.365098580857426	0.894777277314421	2.2754713263691	1.38069404905468
68	0	0	0	0.1	0.0852712481604478	0.0700670667334837	-0.0522228487086079	0.233995594708904	0.286218443417512	0	0	0	0.2	0.192444424055008	0.175708473070779	-0.148703980648004	0.574417334309045	0.723121314957049	0	0	1	0.1	0.214417464388906	0.131086862550748	-0.0284130654529808	0.489965880080672	0.518378945533652	0	0	1	0.2	0.736727134363254	0.356908925663665	0.101236141988009	1.51540258335985	1.41416644137184	0	0	2	0.1	0.711897103545555	0.252083289565822	0.2906043610836	1.25522357359581	0.964619212512214	0	0	2	0.2	1.56227264768013	0.478008047914403	0.70343596775172	2.56688886720762	1.86345289945591	0	0	3	0.1	1.10171529313293	0.344583941651357	0.511872357141747	1.86037354611964	1.34850118897789	0	0	3	0.2	2.11828406812727	0.587892521355485	1.04704911045959	3.33769456389471	2.29064545343512
82	0	0	0	0.1	0.116155017281941	0.0741150981126807	-0.0137930873048223	0.264198057193375	0.277991144498197	0	0	0	0.2	0.314337288802098	0.21196223011418	-0.0330587740172708	0.789227276594038	0.822286050611309	0	0	1	0.1	0.289845462195771	0.134585507617309	0.0501519805062369	0.569918641544587	0.519766661038351	0	0	1	0.2	0.912573602824034	0.373233158766698	0.24210987290015	1.76655821217532	1.52444833927517	0	0	2	0.1	0.757399728269455	0.214415838282206	0.395901015893016	1.24643532935957	0.85053431346655	0	0	2	0.2	1.67343530838054	0.419109422277587	0.962914820613874	2.62012887539389	1.65721405478002	0	0	3	0.1	1.10855429163336	0.281039502004916	0.656131066891746	1.72746904563468	1.07133797874293	0	0	3	0.2	2.11749118244946	0.49065715274028	1.28641752578012	3.23484675108049	1.94842922530037
80	0	0	0	0.1	0.182787865448612	0.0710177178545078	0.0360728940277562	0.322416276548546	0.286343382520789	0	0	0	0.2	0.348730015327922	0.182886795700614	0.00251155019167215	0.703961195216466	0.701449645024794	0	0	1	0.1	0.114816169134117	0.11952890761529	-0.121780931570751	0.352920103060315	0.474701034631065	0	0	1	0.2	0.322916216235753	0.26896596123026	-0.188383279123464	0.893292499030275	1.08167577815374	0	0	2	0.1	0.369055942871905	0.154442765256047	0.0843345411963485	0.707795308036339	0.623460766839991	0	0	2	0.2	0.866305075796836	0.304029787008621	0.319807815458412	1.52771778611811	1.2079099706597	0	0	3	0.1	0.659801169253387	0.195742008622591	0.318065188839414	1.09225891150345	0.774193722664038	0	0	3	0.2	1.33931623984171	0.359903366138024	0.719897308782672	2.10444280650606	1.38454549772339
86	0	0	0	0.1	0.0773358955621922	0.0701300095521308	-0.0587858231038215	0.213470321359367	0.272256144463188	0	0	0	0.2	0.11965783979884	0.176907719801171	-0.229512045409013	0.47444883842974	0.703960883838752	0	0	1	0.1	0.102630223612716	0.12903918120705	-0.163264512930415	0.360515250134553	0.523779763064967	0	0	1	0.2	0.463117523518302	0.34786790558374	-0.17314743951581	1.16355575263015	1.33670319214596	0	0	2	0.1	0.634116618884611	0.22128052949129	0.243717547187379	1.12503865590696	0.881321108719581	0	0	2	0.2	1.44101840769298	0.406676836130437	0.693606521835555	2.27322019581828	1.57961367398272	0	0	3	0.1	1.04273345415554	0.277357972142107	0.549901536385543	1.65055294021449	1.10065140382894	0	0	3	0.2	1.97238398624182	0.460258426747436	1.11939871071243	2.95296395809413	1.8335652473817
85	0	0	0	0.1	0.0680889463045318	0.062524650435475	-0.0581492348225981	0.182511606903362	0.24066084172596	0	0	0	0.2	0.0927385406849571	0.167328891017911	-0.245107655629011	0.393660029089773	0.638767684718784	0	0	1	0.1	0.0822530403541705	0.130148553341086	-0.204408296260823	0.336532103701093	0.540940399961916	0	0	1	0.2	0.371553959154229	0.324367552048873	-0.230171367745632	1.06484611981224	1.29501748755787	0	0	2	0.1	0.524449983825418	0.197606430548248	0.184107597424797	0.962485197578805	0.778377600154008	0	0	2	0.2	1.15203422038302	0.360862760233038	0.521937639953354	1.94501107486964	1.42307343491629	0	0	3	0.1	0.867455887286903	0.247332755359055	0.454031693802744	1.4103149232261	0.956283229423353	0	0	3	0.2	1.58168049879636	0.403254841324839	0.893727858543272	2.4507460298927	1.55701817134943
87	0	0	0	0.1	0.167038893423562	0.0654721867506546	0.0372444658657408	0.293020808711558	0.255776342845817	0	0	0	0.2	0.300936321402868	0.140609602212958	0.0302125501609243	0.582451139694949	0.552238589534024	0	0	1	0.1	0.194866432540959	0.079429270837182	0.0484604207745055	0.364303994597712	0.315843573823207	0	0	1	0.2	0.48656506120736	0.196450647418137	0.14051432614276	0.907274889298049	0.766760563155289	0	0	2	0.1	0.472041624860121	0.141060530090898	0.244416117512173	0.804706096416632	0.560289978904459	0	0	2	0.2	1.09723188359558	0.31647757159188	0.600220426370505	1.85189000865366	1.25166958228316	0	0	3	0.1	0.777794348475408	0.219680600037581	0.427560972797426	1.28178439054122	0.854223417743791	0	0	3	0.2	1.65208326592951	0.440016228558092	0.945624463921102	2.6397879059096	1.6941634419885
88	0	0	0	0.1	0.13508435781539	0.0813341065682332	-0.0186115335731512	0.305996040131344	0.324607573704495	0	0	0	0.2	0.33711735436211	0.194131093415969	0.00134736751548756	0.743706931248514	0.742359563733026	0	0	1	0.1	0.271737645513243	0.115343721913145	0.07267199823821	0.516923471089324	0.444251472851114	0	0	1	0.2	0.809659674332103	0.336641044998584	0.250721857900481	1.57088400816401	1.32016215026352	0	0	2	0.1	0.67493546832523	0.216188804693529	0.307914011915463	1.1353035625915	0.827389550676036	0	0	2	0.2	1.5242843427277	0.425363089525994	0.787496359956178	2.40185019941658	1.6143538394604	0	0	3	0.1	0.999373283145591	0.273450177040727	0.546635634537884	1.58196870806004	1.03533307352216	0	0	3	0.2	1.94965775376781	0.46136030001354	1.12720898490771	2.92314548107218	1.79593649616447
89	0	0	0	0.1	0.159277701620827	0.0610605423988725	0.0480050423916285	0.279666767332906	0.231661724941278	0	0	0	0.2	0.396385452685448	0.156844049868683	0.122320594932691	0.71543995999544	0.59311936506275	0	0	1	0.1	0.343259058360294	0.118595521524159	0.150716139434043	0.596207100811148	0.445490961377106	0	0	1	0.2	0.989507152048831	0.344381519328828	0.459831936157814	1.79789131525539	1.33805937909757	0	0	2	0.1	0.800373187651058	0.245715617600748	0.433774308202006	1.38342536458918	0.949651056387179	0	0	2	0.2	1.84672468359898	0.509998789012176	1.05253533230234	2.96952064475662	1.91698531245427	0	0	3	0.1	1.25290811331696	0.372626652997245	0.706084852606139	2.1237418410453	1.41765698843916	0	0	3	0.2	2.5254065209236	0.652144089091289	1.51813976315865	4.01324894772046	2.49510918456181
92	0	0	0	0.1	0.110895287264368	0.0500401134978086	0.0203946386310845	0.208962990261628	0.188568351630543	0	0	0	0.2	0.209599164765816	0.125357929377907	-0.0330892020307473	0.451414290167708	0.484503492198455	0	0	1	0.1	0.161224071313263	0.0992983404164725	-0.0276675535229645	0.353430716973698	0.381098270496663	0	0	1	0.2	0.541215570848403	0.267010095326237	0.0476982001259618	1.10234368380473	1.05464548367877	0	0	2	0.1	0.643393655486414	0.166721760636657	0.368141984052066	1.01178228033879	0.643640296286723	0	0	2	0.2	1.37600907296447	0.299034791629951	0.866884610838399	2.02396239047939	1.15707777964099	0	0	3	0.1	1.01184106918666	0.218059595262832	0.665136205903016	1.50781958623322	0.842683380330203	0	0	3	0.2	1.84026119349304	0.345914456701541	1.26154273020328	2.55101480756233	1.28947207735905
94	0	0	0	0.1	0.0201047589286389	0.0646261871296747	-0.119433944914934	0.12981821814799	0.249252163062924	0	0	0	0.2	-0.100586914221596	0.209482283601403	-0.573149307374122	0.26664984573403	0.839799153108152	0	0	1	0.1	-0.12469695466846	0.178877119076757	-0.509815055714748	0.177434582203186	0.687249637917934	0	0	1	0.2	0.0443183579047869	0.377881672868887	-0.707217199929049	0.798135687132489	1.50535288706154	0	0	2	0.1	0.378118079365176	0.221473593510079	-0.0129662954873891	0.854737116489725	0.867703411977114	0	0	2	0.2	0.945759776988695	0.388983497199376	0.250580394355448	1.72763600020773	1.47705560585228	0	0	3	0.1	0.714336270461235	0.247564335162153	0.310504730153984	1.23476195729004	0.924257227136053	0	0	3	0.2	1.32822614609628	0.404388346821836	0.637733304445116	2.18735220244948	1.54961889800436
93	0	0	0	0.1	0.0808397520994761	0.0651761010632085	-0.0446921987387537	0.209621458560815	0.254313657299569	0	0	0	0.2	0.210830617790578	0.146141985368874	-0.073388025429194	0.50355901699767	0.576947042426864	0	0	1	0.1	0.238016036064723	0.0904538150121489	0.0619674858959898	0.42516730525362	0.36319981935763	0	0	1	0.2	0.721085513833475	0.265650529222023	0.262052072092384	1.32297051972764	1.06091844763525	0	0	2	0.1	0.675456345178095	0.204123738527914	0.335335694728867	1.10759340040133	0.772257705672462	0	0	2	0.2	1.7285731893786	0.5160014811968	0.876515081232789	2.84116441168048	1.9646493304477	0	0	3	0.1	1.19373407873812	0.353958074795822	0.630752443534086	1.9689429851488	1.33819054161472	0	0	3	0.2	2.64434254121444	0.712103535478402	1.39086868562387	4.18558033038405	2.79471164476018
90	0	0	0	0.1	0.144683848465273	0.0928240338641884	-0.036190807331463	0.33096567788096	0.367156485212423	0	0	0	0.2	0.336140649334294	0.231531130814049	-0.0757763391721737	0.811763471504937	0.88753981067711	0	0	1	0.1	0.254726789511619	0.125531863769924	0.0256447439644543	0.504264759522435	0.478620015557981	0	0	1	0.2	0.739721915878787	0.292365372897768	0.189721381158397	1.34156282969771	1.15184144853931	0	0	2	0.1	0.680555610071667	0.187156057832837	0.35093550012914	1.0988097932296	0.747874293100461	0	0	2	0.2	1.46335702216483	0.356937390711523	0.853778326230027	2.24337591686625	1.38959759063623	0	0	3	0.1	1.02105777363545	0.253456638727723	0.602269434425339	1.59630199672196	0.994032562296625	0	0	3	0.2	1.95309926599329	0.43314596848684	1.23717675643265	2.92970049474156	1.69252373830891
91	0	0	0	0.1	0.0423979321140245	0.0607576086905031	-0.0792988256908219	0.155183872851662	0.234482698542484	0	0	0	0.2	0.00506559574267551	0.144775712926126	-0.294671446352146	0.255314614062409	0.549986060414555	0	0	1	0.1	-0.0104299517084901	0.0938130576400897	-0.198900751806395	0.157868177527172	0.356768929333567	0	0	1	0.2	-0.0083713339312081	0.215487719021766	-0.449743830116091	0.388424253847278	0.838168083963369	0	0	2	0.1	0.178241737850295	0.13279072264071	-0.0819739544773949	0.435293730299671	0.517267684777066	0	0	2	0.2	0.480842135129285	0.306145819023475	-0.0836144470749282	1.08414625232492	1.16776069939985	0	0	3	0.1	0.438529814268316	0.193757465507307	0.0856067092429448	0.854109227547854	0.768502518304909	0	0	3	0.2	0.989158561442776	0.403513674889116	0.260127440597856	1.88617820813426	1.6260507675364
97	0	0	0	0.1	0.0748087311021072	0.0645415819361375	-0.0542039195530873	0.204034597728067	0.258238517281154	0	0	0	0.2	0.120414062778787	0.144024076344783	-0.165787544683842	0.407351568221334	0.573139112905177	0	0	1	0.1	0.0751998710294143	0.0868508933794585	-0.0936049171025551	0.246774234918763	0.340379152021318	0	0	1	0.2	0.212715250415873	0.2305955737902	-0.243994095867252	0.663172877202554	0.907166973069806	0	0	2	0.1	0.34432468611872	0.161321298877189	0.0697021256019591	0.674334861906403	0.604632736304444	0	0	2	0.2	0.857723505388627	0.350830609543901	0.26650189758962	1.58072499515525	1.31422309756563	0	0	3	0.1	0.687544161303156	0.229716592876624	0.292776405017865	1.19051244433172	0.897736039313856	0	0	3	0.2	1.36992111451891	0.417065248073468	0.626144669509143	2.28150005999302	1.65535539048387
96	0	0	0	0.1	0.0691917168192261	0.079269201726368	-0.0876017151499751	0.22733050864472	0.314932223794695	0	0	0	0.2	0.199266452893106	0.17800217810066	-0.149600253138525	0.560955216608728	0.710555469747253	0	0	1	0.1	0.233243757431982	0.104130491961136	0.0437032956874037	0.434123866957741	0.390420571270337	0	0	1	0.2	0.639428089333153	0.253722645844502	0.188082065195547	1.18850040657578	1.00041834138023	0	0	2	0.1	0.601310233696958	0.167424955887032	0.33268562883509	0.989534929947541	0.656849301112451	0	0	2	0.2	1.40163237080289	0.365558006894576	0.811231265515863	2.25338702978669	1.44215576427082	0	0	3	0.1	0.986226345251263	0.249656629101704	0.587471179056165	1.56372535719321	0.976254178137048	0	0	3	0.2	2.0154270837987	0.463196314011026	1.24135330757244	3.04169789666391	1.80034458909147
98	0	0	0	0.1	0.13020046430183	0.0740485404232623	-8.98304173629493e-05	0.297532757771822	0.297622588189185	0	0	0	0.2	0.307486659244889	0.168513799508892	0.0150601959418686	0.67538460473763	0.660324408795761	0	0	1	0.1	0.214291309219101	0.0969365532753817	0.0286324478338731	0.414552648490516	0.385920200656643	0	0	1	0.2	0.597022108123187	0.242772299665715	0.143985973271665	1.12693410941305	0.982948136141387	0	0	2	0.1	0.495308187240041	0.149174705402706	0.23925128558568	0.824106095922969	0.58485481033729	0	0	2	0.2	1.103433341138	0.310766144735602	0.59111138732825	1.77584053615229	1.18472914882404	0	0	3	0.1	0.726609810680334	0.194097488407334	0.402718555939672	1.16758581675563	0.764867260815962	0	0	3	0.2	1.44817451922663	0.358025809394326	0.835861116930132	2.25752346062688	1.42166234369675
99	0	0	0	0.1	0.00297772026895634	0.095307633928006	-0.19013559890397	0.176310420295527	0.366446019199497	0	0	0	0.2	-0.00805163144607685	0.222983938010189	-0.455783870213546	0.440650385618735	0.896434255832281	0	0	1	0.1	0.111455847530768	0.134353491881517	-0.18583564819963	0.371148417699983	0.556984065899613	0	0	1	0.2	0.593484897318394	0.353721912492307	-0.0885691687305484	1.3569577461865	1.44552691491705	0	0	2	0.1	0.821873819491878	0.2736067341349	0.364454595154797	1.43349342465823	1.06903882950344	0	0	2	0.2	1.84822070884325	0.491232312669352	0.94189100657331	2.88860052003831	1.946709513465	0	0	3	0.1	1.49384652485272	0.403173628752401	0.781855289637413	2.35746981265312	1.5756145230157	0	0	3	0.2	2.75509483777284	0.60484236988542	1.57820989121945	3.96982674056305	2.3916168493436
100	0	0	0	0.1	0.267986109377778	0.0977084682374001	0.0907153171115579	0.483640197571493	0.392924880459935	0	0	0	0.2	0.692267635282689	0.244910111014343	0.252104856561013	1.20006149727167	0.947956640710659	0	0	1	0.1	0.401957838572906	0.127583574093667	0.171760973967105	0.667275674661828	0.495514700694723	0	0	1	0.2	1.09670166451252	0.347534334802419	0.529707442761074	1.85331617453171	1.32360873177063	0	0	2	0.1	0.836010721035016	0.236049648324411	0.47123478579011	1.34975839063891	0.878523604848795	0	0	2	0.2	1.73019063200851	0.433834482387832	1.00083205773533	2.63464446662807	1.63381240889274	0	0	3	0.1	1.20966425558055	0.310985067894783	0.68996741639639	1.900912308958	1.21094489256161	0	0	3	0.2	2.19517244284935	0.499109398621957	1.33024378462022	3.24395896678697	1.91371518216675
101	0	0	0	0.1	0.0773357222103947	0.0484263249509849	-0.0157359859788137	0.169928850257502	0.185664836236316	0	0	0	0.2	0.135131838711123	0.118124964254839	-0.0898058467217153	0.363092197747837	0.452898044469553	0	0	1	0.1	0.13367283297913	0.11110776486216	-0.0691661876940895	0.361629808696665	0.430795996390755	0	0	1	0.2	0.543824066735677	0.353794643175758	-0.0663221864129157	1.3399018853702	1.40622407178312	0	0	2	0.1	0.670627643524408	0.245933533216686	0.254567284633656	1.20247935569468	0.947912071061026	0	0	2	0.2	1.67616605494665	0.505424997695922	0.767402850609164	2.69288382251846	1.92548097190929	0	0	3	0.1	1.18368666789961	0.340188347869963	0.589091495768667	1.8765886731491	1.28749717738043	0	0	3	0.2	2.35119125086753	0.585560478823025	1.27972608134057	3.48016262545191	2.20043654411135
95	0	0	0	0.1	0.11500594458602	0.0584882502595168	-0.00316298442840306	0.228488217112863	0.231651201541266	0	0	0	0.2	0.266398742498432	0.150124573762502	-0.0138143020833666	0.593313875440993	0.60712817752436	0	0	1	0.1	0.288990197042691	0.124329898133423	0.0645632152681465	0.555600146362928	0.491036931094781	0	0	1	0.2	0.843844512315371	0.317375993702624	0.274461303402396	1.53285245078736	1.25839114738497	0	0	2	0.1	0.741567936401775	0.204282827475961	0.386096717100287	1.16126711166375	0.775170394563464	0	0	2	0.2	1.50199561247445	0.365302496026902	0.876023692653182	2.27940408713258	1.40338039447939	0	0	3	0.1	1.03053661246189	0.252930345553716	0.609850761762397	1.60914559157503	0.999294829812632	0	0	3	0.2	1.87507448364543	0.414789300069091	1.17710832908488	2.80877188661055	1.63166355752568
102	0	0	0	0.1	0.230428032750322	0.0778016632590697	0.0852931640135149	0.39993172078864	0.314638556775125	0	0	0	0.2	0.475051335042261	0.177937702738226	0.167539523357599	0.860624436208344	0.693084912850745	0	0	1	0.1	0.251234278243135	0.101308645305783	0.0753975403454917	0.460822585502836	0.385425045157345	0	0	1	0.2	0.593002944449663	0.263735066300581	0.163063077671124	1.14524521778014	0.982182140109018	0	0	2	0.1	0.447478890495331	0.167865549820263	0.166371224633495	0.828246356841431	0.661875132207936	0	0	2	0.2	0.950771545234893	0.345261216456238	0.341008133717797	1.72955356517631	1.38854543145851	0	0	3	0.1	0.634430485232395	0.21608442875452	0.25023925721151	1.13437208842443	0.88413283121292	0	0	3	0.2	1.22106562448281	0.398905624473336	0.488929475992252	2.10527567559236	1.6163461996001
104	0	0	0	0.1	0.0978922529722087	0.0515880044726536	-0.00143524622180673	0.203124837097645	0.204560083319452	0	0	0	0.2	0.262078317735075	0.155203576718187	-0.00123563003598838	0.597167567104603	0.598403197140592	0	0	1	0.1	0.412099300073995	0.19331784081954	0.0959815705026987	0.847300879199245	0.751319308696547	0	0	1	0.2	1.51602064753019	0.502459338054446	0.630385324479668	2.54443476070129	1.91404943622162	0	0	2	0.1	1.25163075008423	0.339936241611153	0.663268226703229	1.98259487181149	1.31932664510826	0	0	2	0.2	2.38925594147492	0.504472433422566	1.43662769573235	3.43543843773408	1.99881074200173	0	0	3	0.1	1.64549303390095	0.381622193092271	0.965283960324922	2.44008313890023	1.47479917857531	0	0	3	0.2	2.78069210013215	0.550003653945656	1.78523111836655	3.92839250865372	2.14316139028717
103	0	0	0	0.1	0.190747994929616	0.064344911391227	0.0718244453182247	0.323814472950916	0.251990027632691	0	0	0	0.2	0.387803704450395	0.16862974913434	0.0776135322588572	0.733405202337226	0.655791670078369	0	0	1	0.1	0.2892561416265	0.123168378452637	0.0564924487535077	0.536366799946965	0.479874351193458	0	0	1	0.2	0.882584790284137	0.324825365219671	0.303642509489023	1.53702286729913	1.23338035781011	0	0	2	0.1	0.785353147293692	0.19721155173008	0.436864767692657	1.18629616898486	0.749431401292202	0	0	2	0.2	1.71724358237622	0.359962925830615	1.04283195384916	2.45815175680562	1.41531980295647	0	0	3	0.1	1.10073548870871	0.231703464725028	0.671937680648874	1.56180539722083	0.88986771657196	0	0	3	0.2	2.09785995212926	0.396782964664799	1.35804548357784	2.92058928564347	1.56254380206563
105	0	0	0	0.1	0.236595313880323	0.0927294972644941	0.0610662281380931	0.428705428172387	0.367639200034294	0	0	0	0.2	0.528903526835834	0.239648339943731	0.0985931376270229	1.06019504571485	0.961601908087823	0	0	1	0.1	0.323969271600264	0.147183737438932	0.0622974344697983	0.634721970403279	0.572424535933481	0	0	1	0.2	0.98784894818244	0.395587462503842	0.360037297794864	1.88647573522882	1.52643843743395	0	0	2	0.1	0.901009048487842	0.263012126229959	0.470937092919896	1.5128957534199	1.0419586605	0	0	2	0.2	1.89429143033969	0.445783515142541	1.10048478754528	2.89942838566508	1.7989435981198	0	0	3	0.1	1.35916625508832	0.320826999803728	0.826336183295377	2.12827393492707	1.3019377516317	0	0	3	0.2	2.46615219017085	0.489979350253117	1.58676543930926	3.56518356169541	1.97841812238616
107	0	0	0	0.1	0.0734067435593356	0.0745450962459022	-0.0659760067668733	0.220887399763302	0.286863406530175	0	0	0	0.2	0.243717706948813	0.240202967141327	-0.193645996081855	0.741588840510918	0.935234836592773	0	0	1	0.1	0.308144824627798	0.194186283559814	-0.0373040198862942	0.718989792161335	0.75629381204763	0	0	1	0.2	1.32312604660067	0.549515406751078	0.37856098195037	2.48642936132584	2.10786837937547	0	0	2	0.1	1.09214680977414	0.353130677850124	0.528912186773511	1.8906991158944	1.36178692912089	0	0	2	0.2	2.26399460547329	0.556773510204704	1.31919056565808	3.42170011579288	2.1025095501348	0	0	3	0.1	1.52575719690658	0.401788721781362	0.867130734490385	2.38559714116373	1.51846640667334	0	0	3	0.2	2.69383115872653	0.595511494819931	1.61687077186034	3.93414888075051	2.31727810889017
108	0	0	0	0.1	0.00796255456105805	0.0746973412335357	-0.148399205359417	0.149073436450006	0.297472641809423	0	0	0	0.2	0.0496041004958649	0.175349263883677	-0.310635770806034	0.409948837585684	0.720584608391718	0	0	1	0.1	0.2832854021269	0.125204159120042	0.0367426503812723	0.547765553989032	0.511022903607759	0	0	1	0.2	1.00515832638581	0.353957986452777	0.364829838368132	1.76637009143202	1.40154025306389	0	0	2	0.1	1.01064617737471	0.251523086170249	0.558549668755905	1.55059622194972	0.992046553193814	0	0	2	0.2	2.17361341802465	0.440301435438355	1.32856305869836	3.05634040059286	1.7277773418945	0	0	3	0.1	1.54666276335646	0.330017948390661	0.955120722097862	2.21465095347065	1.25953023137279	0	0	3	0.2	2.89013907902621	0.518987688609619	1.92509541455354	3.88183656821898	1.95674115366544
106	0	0	0	0.1	0.146754857251849	0.0582930795339214	0.0322811100124759	0.266553153580314	0.234272043567838	0	0	0	0.2	0.290363721134457	0.138115217655142	0.042173771678254	0.588301839160444	0.54612806748219	0	0	1	0.1	0.250081292755197	0.118931985348775	0.0185069016390714	0.492453235153796	0.473946333514725	0	0	1	0.2	0.703939723707116	0.302368676226423	0.154057678387933	1.33548324256506	1.18142556417712	0	0	2	0.1	0.699531989604802	0.204377492478978	0.345525767614153	1.1255747033115	0.780048935697347	0	0	2	0.2	1.50982526676367	0.392018390397955	0.831625850777068	2.28568644338441	1.45406059260735	0	0	3	0.1	1.07007074505045	0.274115674860161	0.604875451728236	1.63407617203378	1.02920072030554	0	0	3	0.2	2.02534776006216	0.468506995293433	1.1702823382227	2.98414010085152	1.81385776262883
109	0	0	0	0.1	0.225617260237276	0.0811366107109899	0.0842449308700149	0.41001457950441	0.325769648634395	0	0	0	0.2	0.488287536531058	0.202772356479153	0.130979901027338	0.935445680412106	0.804465779384768	0	0	1	0.1	0.111769236656752	0.142271946096956	-0.192056759336451	0.389572504168582	0.581629263505034	0	0	1	0.2	0.36450692910818	0.312394512133966	-0.259401871307065	0.983942874185931	1.243344745493	0	0	2	0.1	0.423955876972221	0.163884652552684	0.125983010770862	0.766774048481683	0.640791037710821	0	0	2	0.2	1.05886639696532	0.311835251773793	0.494867269916085	1.70421317583477	1.20934590591869	0	0	3	0.1	0.80519999936353	0.194660671696674	0.462772751477542	1.23483009109014	0.772057339612597	0	0	3	0.2	1.61421143576627	0.339357993961925	0.995945733752598	2.33076935414376	1.33482362039116
110	0	0	0	0.1	0.124288142055209	0.0652024665566863	0.00521289461968547	0.262617973418859	0.257405078799174	0	0	0	0.2	0.281869658294064	0.163039709133423	-0.0102946495887883	0.618643426990943	0.628938076579731	0	0	1	0.1	0.237498189437404	0.112870330365896	0.0439456400990869	0.489467774981354	0.445522134882267	0	0	1	0.2	0.780835954764009	0.331463028574556	0.264573748218401	1.55267797370344	1.28810422548504	0	0	2	0.1	0.713703264696946	0.208588540889968	0.381706155924766	1.18908605978215	0.807379903857388	0	0	2	0.2	1.77965103613899	0.450753705034442	1.03618328066816	2.72950857312629	1.69332529245813	0	0	3	0.1	1.18884988741401	0.288758588032355	0.731835257677277	1.80298684015331	1.07115158247603	0	0	3	0.2	2.49299724513248	0.529419096776561	1.57108591491057	3.63997285388216	2.06888693897158
111	0	0	0	0.1	-0.0193170226456338	0.0644714771996532	-0.143491295359137	0.103910810160295	0.247402105519432	0	0	0	0.2	-0.0706282756596292	0.143926998664776	-0.354811552219589	0.20594494983619	0.560756502055779	0	0	1	0.1	0.121132160041808	0.110613531945913	-0.0954661237357545	0.332419762976519	0.427885886712274	0	0	1	0.2	0.511048638430749	0.336637761982337	-0.0672086321137796	1.24287939675305	1.31008802886683	0	0	2	0.1	0.784257352889599	0.267257467422539	0.35689893684862	1.37658555019001	1.01968661334139	0	0	2	0.2	2.00275921150546	0.513469411636712	1.10927909269272	3.06870597382144	1.95942688112872	0	0	3	0.1	1.54341062579322	0.375172342656759	0.913644498841234	2.35648127831639	1.44283677947516	0	0	3	0.2	2.86600024165419	0.53405477242664	1.91201297968946	3.93978207201747	2.02776909232801
113	0	0	0	0.1	-0.0483250870979794	0.0737118343639955	-0.20790714749129	0.0862803225507167	0.294187470042007	0	0	0	0.2	-0.146931800251003	0.171482961762755	-0.540671876821685	0.155651394740359	0.696323271562044	0	0	1	0.1	0.025886328928396	0.105363784948102	-0.190662836571856	0.220594632594619	0.411257469166475	0	0	1	0.2	0.231721903001235	0.26575953412557	-0.277855024447919	0.776259372939402	1.05411439738732	0	0	2	0.1	0.446172883920103	0.16924165201325	0.134064033525989	0.828447914936905	0.694383881410916	0	0	2	0.2	1.07739861258177	0.341717400519617	0.440819985926812	1.78238741869958	1.34156743277276	0	0	3	0.1	0.810444453244507	0.223481112813222	0.416536238302408	1.28597965616726	0.869443417864855	0	0	3	0.2	1.59749826657957	0.386905699739786	0.877839925192526	2.3780219983521	1.50018207315957
112	0	0	0	0.1	0.10371350734772	0.0926026287154824	-0.0817013480352203	0.293290125140077	0.374991473175298	0	0	0	0.2	0.220799220376796	0.265088163849599	-0.286267448335616	0.748482937073535	1.03475038540915	0	0	1	0.1	0.20607735654301	0.166395780271159	-0.127233703172034	0.55002764653387	0.677261349705904	0	0	1	0.2	0.794890624620035	0.35633221159776	0.130318277902798	1.52375690002897	1.39343862212617	0	0	2	0.1	0.753987895380997	0.202779739714927	0.401521698082476	1.20462937146798	0.803107673385503	0	0	2	0.2	1.62135824488856	0.353644521605043	0.984129719634824	2.36266978397939	1.37854006434457	0	0	3	0.1	1.10807122361106	0.234971547878587	0.694024988133909	1.61610910510436	0.922084116970447	0	0	3	0.2	2.10417512159587	0.392139546336905	1.38723080752849	2.91577107686662	1.52854026933814
117	0	0	0	0.1	0.0671415944154041	0.0751759812763039	-0.0736544114291475	0.228742977665025	0.302397389094172	0	0	0	0.2	0.119604849039016	0.184010780632659	-0.23878064345129	0.504869756100751	0.743650399552041	0	0	1	0.1	0.118267732599802	0.141986032756245	-0.181517648694749	0.394581140746451	0.5760987894412	0	0	1	0.2	0.401315842150438	0.390604413852414	-0.363835162731837	1.25642496971138	1.62026013244321	0	0	2	0.1	0.45394506151857	0.243236866428563	-0.00164539978284267	1.00160705315746	1.00325245294031	0	0	2	0.2	1.06678920824841	0.511963703515472	0.128664392063148	2.21413856419423	2.08547417213108	0	0	3	0.1	0.78051173546905	0.320997489576629	0.227263563875059	1.45744739270216	1.2301838288271	0	0	3	0.2	1.5492007794586	0.580049424121801	0.539870406877198	2.78972740590073	2.24985699902353
114	0	0	0	0.1	0.212574236830016	0.0792091196098924	0.0831075630295383	0.394446762892701	0.311339199863163	0	0	0	0.2	0.515523509036027	0.180663043714109	0.222548758325246	0.881365396706825	0.658816638381579	0	0	1	0.1	0.367436580503674	0.116540817094901	0.170560554636032	0.618929023934861	0.448368469298829	0	0	1	0.2	1.06044156814376	0.351609102097284	0.504716915768498	1.87689092889889	1.3721740131304	0	0	2	0.1	0.790066571395232	0.225339006744223	0.434133708386048	1.29475884203531	0.86062513364926	0	0	2	0.2	1.78627441942124	0.46902225911342	1.01038480775246	2.82143446985906	1.8110496621066	0	0	3	0.1	1.11688183116049	0.308608145103853	0.651818060230628	1.80934170521792	1.15752364498729	0	0	3	0.2	2.22875731075779	0.555842791618941	1.36357427288564	3.48920285372904	2.1256285808434
119	0	0	0	0.1	0.0608525979335317	0.0525319727087366	-0.0488372010093548	0.165464291095731	0.214301492105086	0	0	0	0.2	0.139612801601441	0.138942190248233	-0.160011467416221	0.405306081725754	0.565317549141975	0	0	1	0.1	0.183643884421173	0.105775130371129	-0.0106265634138652	0.402718092412163	0.413344655826029	0	0	1	0.2	0.754559876581735	0.342273160876658	0.197392463070999	1.48864691635491	1.29125445328391	0	0	2	0.1	0.784650475210452	0.22133399744242	0.428046208658881	1.26395413157496	0.83590792291608	0	0	2	0.2	1.83361220959963	0.40246973376472	1.12617188247183	2.67367479122428	1.54750290875244	0	0	3	0.1	1.28456328901017	0.276802838311781	0.807240819879815	1.88939979805118	1.08215897817136	0	0	3	0.2	2.38975900185524	0.429760477907473	1.57521332452898	3.31349598748001	1.73828266295103
118	0	0	0	0.1	0.0890642964913554	0.0703671359517198	-0.0493444368611899	0.23036732077669	0.27971175763788	0	0	0	0.2	0.156084242461115	0.178619824443832	-0.20552486304179	0.540798288862888	0.746323151904678	0	0	1	0.1	0.110442631919095	0.116709413420745	-0.120885565395749	0.357972675580061	0.47885824097581	0	0	1	0.2	0.49077275362526	0.330016593391354	-0.0787074353997396	1.23061328973658	1.30932072513632	0	0	2	0.1	0.566776924581026	0.204423171962654	0.233018917171335	1.04124747337275	0.808228556201418	0	0	2	0.2	1.42127022390772	0.420592759961899	0.719190835304433	2.33433068678881	1.61513985148438	0	0	3	0.1	0.963381697557315	0.265164367352273	0.543036517227446	1.5794597361445	1.03642321891705	0	0	3	0.2	1.96243772018783	0.466627806687443	1.17406434069533	2.97273100521309	1.79866666451776
120	0	0	0	0.1	-0.031881637562655	0.0864977431449147	-0.219137854822528	0.12435787665291	0.343495731475438	0	0	0	0.2	-0.141065207062213	0.178962518598304	-0.478035413330108	0.200750002270359	0.678785415600467	0	0	1	0.1	-0.00274662630646192	0.10884807518584	-0.211872840772071	0.211019853970575	0.422892694742647	0	0	1	0.2	0.219421538233688	0.257663147230456	-0.244859180349314	0.748452727601833	0.993311907951146	0	0	2	0.1	0.478701418020263	0.172595032482607	0.19383414230953	0.891525693639831	0.697691551330301	0	0	2	0.2	1.19938120120466	0.358391977914286	0.593855995547512	2.03407866405437	1.44022266850686	0	0	3	0.1	0.88819599684473	0.24036642097657	0.512541102224039	1.44621761298727	0.933676510763233	0	0	3	0.2	1.79455255017444	0.412894230522316	1.11289387514645	2.73144930029398	1.61855542514754
122	0	0	0	0.1	0.141863277941391	0.0522147485865815	0.0484949409238132	0.255769713612634	0.207274772688821	0	0	0	0.2	0.321241375960631	0.141381001167092	0.0746166027131101	0.61634551642077	0.54172891370766	0	0	1	0.1	0.233738696137787	0.108405134416441	0.0430684700877377	0.466981476323423	0.423913006235686	0	0	1	0.2	0.720010694524217	0.305704165751873	0.217972748217157	1.37665254070476	1.15867979248761	0	0	2	0.1	0.646190870526361	0.191466868576736	0.326403306752121	1.0436251028741	0.71722179612198	0	0	2	0.2	1.50837116540754	0.396055584427323	0.818257544549104	2.3585160650988	1.5402585205497	0	0	3	0.1	0.982163316750414	0.24403790703352	0.575262542280446	1.51850949756244	0.943246955281993	0	0	3	0.2	1.98889721495556	0.435995530324724	1.24595644435035	2.94247174090824	1.69651529655789
116	0	0	0	0.1	0.185602822223579	0.0608071513041195	0.0723043876818119	0.319645545954032	0.24734115827222	0	0	0	0.2	0.408221833591755	0.165194774180906	0.121143654709606	0.761015972871218	0.639872318161612	0	0	1	0.1	0.30394679130585	0.130052379368841	0.0663513819174782	0.56154437125581	0.495192989338332	0	0	1	0.2	0.883259204020885	0.342898108092968	0.2785314966755	1.5752086779235	1.296677181248	0	0	2	0.1	0.732892016706015	0.220977378329132	0.360455607088879	1.19715050199073	0.836694894901855	0	0	2	0.2	1.61603244765855	0.429189691921805	0.866166812020432	2.49995886892843	1.633792056908	0	0	3	0.1	1.05315146809659	0.281640172226138	0.574244021634004	1.68189937856145	1.10765535692744	0	0	3	0.2	2.08430595854848	0.496625816527315	1.21925554494951	3.16754878131324	1.94829323636373
115	0	0	0	0.1	0.222719725450624	0.0591808040979747	0.114531913396092	0.349029110817127	0.234497197421035	0	0	0	0.2	0.548890525907248	0.160054461786593	0.275600717841035	0.894951212530934	0.619350494689899	0	0	1	0.1	0.473586598733745	0.125629719395441	0.260018027303745	0.754197810762994	0.494179783459249	0	0	1	0.2	1.44840393586027	0.381749783265299	0.811753127969246	2.2809677724233	1.46921464445406	0	0	2	0.1	1.13118100885079	0.262324287100152	0.685798555999801	1.74230219978501	1.05650364378521	0	0	2	0.2	2.35893539937808	0.473284131360992	1.50733294402541	3.40470298904943	1.89737004502402	0	0	3	0.1	1.57579583904617	0.354308410397916	0.969956059124794	2.37055185664654	1.40059579752175	0	0	3	0.2	2.8735506344422	0.571210074914278	1.86020642104979	4.0904961082014	2.2302896871516
123	0	0	0	0.1	0.166538417637807	0.0759123768018937	0.016394660550332	0.3242358695662	0.307841209015868	0	0	0	0.2	0.342990914021794	0.188507133592946	-0.0286029463462589	0.724491226626441	0.7530941729727	0	0	1	0.1	0.220137989546661	0.115678068981356	0.00341688684989627	0.462411343473586	0.45899445662369	0	0	1	0.2	0.648579702999315	0.282894895650974	0.143487954835192	1.31755257774754	1.17406462291235	0	0	2	0.1	0.602305277061414	0.17117163118435	0.323786764490345	1.00206641771339	0.678279653223047	0	0	2	0.2	1.34261242205667	0.333044042933372	0.790783776096415	2.05775492753357	1.26697115143716	0	0	3	0.1	0.915029138566219	0.223857814068259	0.549987362115703	1.4014891562292	0.851501794113501	0	0	3	0.2	1.76448927987273	0.393267147130277	1.08355337217628	2.58624271645698	1.5026893442807
121	0	0	0	0.1	0.235979241354307	0.0781266363768617	0.0930617232603267	0.405979278514353	0.312917555254026	0	0	0	0.2	0.532274320714985	0.193040298244965	0.202850894812419	0.947090005763452	0.744239110951033	0	0	1	0.1	0.300004618001924	0.09299727165685	0.134043137450525	0.494523837395801	0.360480699945276	0	0	1	0.2	0.724800259356432	0.21798585253803	0.346880511030587	1.16833106003444	0.82145054900385	0	0	2	0.1	0.551339514540063	0.128508440247421	0.322704795374631	0.817018499511102	0.494313704136472	0	0	2	0.2	1.14622887973603	0.260898025132405	0.687183307045199	1.71336399635319	1.02618068930799	0	0	3	0.1	0.734234103014216	0.163963108739023	0.453302321801264	1.09006499485754	0.636762673056275	0	0	3	0.2	1.42797091061209	0.310497741020319	0.901980470376415	2.10869564180307	1.20671517142665
126	0	0	0	0.1	-0.0270411365054364	0.0808718242084511	-0.205530856931183	0.116780894831615	0.322311751762798	0	0	0	0.2	-0.19224384186958	0.218432791052844	-0.645959341234881	0.200426305884012	0.846385647118893	0	0	1	0.1	-0.0584767436904293	0.145911053487537	-0.352721018710558	0.225365575517211	0.578086594227769	0	0	1	0.2	0.194383368807966	0.353843623043023	-0.491886537374067	0.920390500631144	1.41227703800521	0	0	2	0.1	0.524938839252195	0.219649293526928	0.141638633752189	0.993153293813043	0.851514660060853	0	0	2	0.2	1.29686174391894	0.412818328015137	0.560533637519311	2.10106776466609	1.54053412714678	0	0	3	0.1	1.01269139607492	0.287290261723619	0.539266236889417	1.61356729668403	1.07430105979461	0	0	3	0.2	1.96812251252103	0.466219471193945	1.14703804202796	2.89644873786531	1.74941069583735
125	0	0	0	0.1	0.123795152069704	0.0753377841690226	-0.0122729849348472	0.289495066184164	0.301768051119011	0	0	0	0.2	0.203015442308266	0.156989599101625	-0.0942578660195809	0.525221493059201	0.619479359078782	0	0	1	0.1	0.171797910880705	0.0946482620093183	-0.00646117058834688	0.360635201064756	0.367096371653103	0	0	1	0.2	0.421816287651787	0.217714066510415	0.0243178988928426	0.856293767451043	0.8319758685582	0	0	2	0.1	0.458472217954869	0.145150721517344	0.189410856799113	0.763943603025349	0.574532746226236	0	0	2	0.2	1.01557229777947	0.30114115947072	0.478820900621005	1.66617392479699	1.18735302417599	0	0	3	0.1	0.780276821693384	0.221253944007938	0.417346946921188	1.2708243113626	0.853477364441413	0	0	3	0.2	1.5599240496053	0.409514520300668	0.85551451664985	2.46849874959338	1.61298423294353
124	0	0	0	0.1	0.0733770244584246	0.0703410206516177	-0.0645888491152053	0.207678591165006	0.272267440280211	0	0	0	0.2	0.190788927893817	0.226788895461554	-0.226033566617757	0.648504512639357	0.874538079257114	0	0	1	0.1	0.235344549317271	0.199403378064309	-0.120136751607693	0.681833936747989	0.801970688355682	0	0	1	0.2	1.25160758242736	0.667858439487314	0.225706945164682	2.72945561827785	2.50374867311316	0	0	2	0.1	1.1786174768827	0.417367811749197	0.536561673465516	2.07225501326495	1.53569333979943	0	0	2	0.2	2.54120998357038	0.586513776786978	1.5005154749477	3.78894242584604	2.28842695089834	0	0	3	0.1	1.81462291899747	0.443652901196601	1.0872282516533	2.77443657295911	1.68720832130582	0	0	3	0.2	3.11916808377107	0.586801486639361	2.05261015153939	4.34959929989525	2.29698914835587
127	0	0	0	0.1	0.055301993119056	0.0865524621785421	-0.134059379738533	0.209073998369034	0.343133378107568	0	0	0	0.2	-0.0369856185534874	0.216359829831654	-0.490153163541587	0.348167207581151	0.838320371122738	0	0	1	0.1	-0.0597122698903994	0.133224169326548	-0.341603215256341	0.183813119849203	0.525416335105544	0	0	1	0.2	0.0203973705225381	0.29297844611223	-0.56120112139396	0.615017870239821	1.17621899163378	0	0	2	0.1	0.281555798005751	0.169142042417476	-0.0331720311425098	0.625475680445564	0.658647711588074	0	0	2	0.2	0.830668328888103	0.36651075630262	0.156309321779007	1.64646444631211	1.4901551245331	0	0	3	0.1	0.672939195582639	0.221453095278221	0.300460652880488	1.18077669326702	0.880316040386532	0	0	3	0.2	1.52906433773621	0.438002251973262	0.775037551017219	2.52224873585295	1.74721118483573
134	0	0	0	0.1	0.0256270233266562	0.0718514662123276	-0.112936147229937	0.162835842236303	0.27577198946624	0	0	0	0.2	0.0344901125834678	0.157239724068558	-0.277160827319476	0.343580263133145	0.620741090452621	0	0	1	0.1	0.0930512771182839	0.105036901850277	-0.126115212664143	0.287316250951259	0.413431463615403	0	0	1	0.2	0.313580182928561	0.264837299916339	-0.205277154242846	0.835463673038996	1.04074082728184	0	0	2	0.1	0.422013808310122	0.17438948340821	0.0974360016342269	0.779611170267702	0.682175168633475	0	0	2	0.2	1.00274713297849	0.369042624028008	0.330887521290218	1.77815698893133	1.44726946764111	0	0	3	0.1	0.701023824744578	0.222635850885136	0.31920441132462	1.19936215277327	0.880157741448649	0	0	3	0.2	1.38968116288471	0.404921900054967	0.66679766584201	2.24834793251462	1.58155026667261
131	0	0	0	0.1	0.157386749773494	0.094688281868568	-0.0283683747103664	0.351994411799383	0.38036278650975	0	0	0	0.2	0.458048469308729	0.281817023230366	-0.0485401652004444	1.08028717554308	1.12882734074353	0	0	1	0.1	0.354647337326716	0.191797100758028	0.0219240986976516	0.766322111392703	0.744398012695052	0	0	1	0.2	0.9764438379974	0.464621078684199	0.148580437170022	1.96099780185487	1.81241736468485	0	0	2	0.1	0.683554932756726	0.27122600128862	0.23444579498093	1.26207320234175	1.02762740736082	0	0	2	0.2	1.39412639217227	0.471869502164327	0.55323238545224	2.36216313751836	1.80893075206612	0	0	3	0.1	0.870822512815619	0.285818839515981	0.402652571404061	1.49803715395444	1.09538458255038	0	0	3	0.2	1.61591676934325	0.481680854686489	0.778838603801389	2.60406574468493	1.82522714088354
130	0	0	0	0.1	0.149241799844473	0.0763884384783516	-0.00274509896258694	0.298039725954513	0.3007848249171	0	0	0	0.2	0.29750294454907	0.184841901330441	-0.0667736804069508	0.656669714841559	0.72344339524851	0	0	1	0.1	0.156273576345556	0.0991398775109352	-0.0324547071779519	0.353470918316793	0.385925625494745	0	0	1	0.2	0.417650958242609	0.228995200325477	-0.0161344149562462	0.857942092293417	0.874076507249663	0	0	2	0.1	0.39819847829114	0.13727332558263	0.152610061912183	0.675816455490546	0.523206393578363	0	0	2	0.2	0.882826940010844	0.281124742975008	0.379233902435621	1.45275511527815	1.07352121284253	0	0	3	0.1	0.603720691400092	0.173940827038694	0.2987886780947	0.974078979837628	0.675290301742929	0	0	3	0.2	1.19742847143245	0.3263843023442	0.61918312383585	1.87004238204271	1.25085925820686
129	0	0	0	0.1	-0.0269331643887776	0.0769038966007081	-0.194300694034072	0.111003980632443	0.305304674666516	0	0	0	0.2	-0.0608510726699383	0.15504248618397	-0.372580423814743	0.237807219675939	0.610387643490683	0	0	1	0.1	0.121895523649607	0.104965126533531	-0.091374275049404	0.327411988382885	0.418786263432289	0	0	1	0.2	0.492120603076712	0.274607881789343	-0.0198015432823596	1.0786458153964	1.09844735867876	0	0	2	0.1	0.612820862374345	0.192987575902449	0.283108653367657	1.06741602173019	0.784307368362531	0	0	2	0.2	1.46779860764745	0.407791232143464	0.755844299738919	2.36933467745667	1.61349037771775	0	0	3	0.1	1.01838426062738	0.270961625179418	0.555152032636292	1.61546626367107	1.06031423103478	0	0	3	0.2	2.0795379177258	0.488521956386583	1.2206448964145	3.09935640094261	1.87871150452811
128	0	0	0	0.1	0.157865158424027	0.0554205307899029	0.0521633754835632	0.269915628436893	0.217752252953329	0	0	0	0.2	0.314583944616175	0.122288291358054	0.0888798873061292	0.568194559222711	0.479314671916581	0	0	1	0.1	0.202639583059524	0.075692735428041	0.0523698050170699	0.36190455392841	0.309534748911341	0	0	1	0.2	0.509497346827643	0.187370984688129	0.167406913073699	0.898990799439868	0.73158388636617	0	0	2	0.1	0.454477635593135	0.128980975849757	0.237241664180681	0.728987460197753	0.491745796017072	0	0	2	0.2	1.00584046107317	0.280249069396222	0.551856643414973	1.64360608353739	1.09174944012242	0	0	3	0.1	0.682074284988614	0.193042615557146	0.372964120860508	1.10748868917488	0.73452456831437	0	0	3	0.2	1.37044216170901	0.372845318625165	0.769666856279729	2.22245359351103	1.4527867372313
140	0	0	0	0.1	0.118467042380463	0.0682073365939314	-0.0142825203138633	0.260252518802354	0.274535039116217	0	0	0	0.2	0.218149868136653	0.173214798041642	-0.118428298964711	0.587587947283837	0.706016246248549	0	0	1	0.1	0.0960338459295483	0.107456911182088	-0.121359621836407	0.305698031933853	0.42705765377026	0	0	1	0.2	0.350721836809782	0.237675630361909	-0.107006450786328	0.817532090497551	0.924538541283879	0	0	2	0.1	0.398961651614261	0.129897622974204	0.180705648962611	0.676869158320358	0.496163509357747	0	0	2	0.2	0.94835208445318	0.262044956655015	0.514076775908761	1.5353640389158	1.02128726300704	0	0	3	0.1	0.676265694081885	0.158556216697936	0.416164134267376	1.05530436555761	0.63914023129023	0	0	3	0.2	1.38055541710101	0.298437275200384	0.864895910607553	2.03338679524403	1.16849088463648
133	0	0	0	0.1	0.212056584491904	0.0777743467066306	0.087556207715461	0.383985269768603	0.296429062053142	0	0	0	0.2	0.487887094838207	0.196042632752759	0.169445589499873	0.920083947450755	0.750638357950882	0	0	1	0.1	0.184960999048264	0.148684243621117	-0.108325659718116	0.464774248251299	0.573099907969415	0	0	1	0.2	0.550234236083926	0.397169286272968	-0.197610350885009	1.37306278513775	1.57067313602275	0	0	2	0.1	0.526901105268774	0.267822059131788	0.10312967777266	1.13918620261091	1.03605652483825	0	0	2	0.2	1.23117210721888	0.515818485815725	0.36045813619786	2.35941122344602	1.99895308724816	0	0	3	0.1	0.886520708011246	0.329101625279734	0.349196563898637	1.64357397735043	1.2943774134518	0	0	3	0.2	1.74265741453654	0.53922819226312	0.809102416316127	2.89964746223251	2.09054504591638
132	0	0	0	0.1	0.00252000326940392	0.0901597073754195	-0.17933011065389	0.169859221673802	0.349189332327692	0	0	0	0.2	0.0443906650820143	0.196931148941877	-0.335276971182806	0.431939569139029	0.767216540321835	0	0	1	0.1	0.11961815237606	0.113759508105936	-0.0919418507576361	0.351321201517659	0.443263052275295	0	0	1	0.2	0.453218262839944	0.271129509425896	-0.0527115045962126	1.06224104311421	1.11495254771042	0	0	2	0.1	0.43904688231516	0.148011291491419	0.179822302797843	0.770390014096499	0.590567711298655	0	0	2	0.2	1.03130540058825	0.303748876838687	0.516424142979874	1.72472620072559	1.20830205774571	0	0	3	0.1	0.684208737718218	0.179396967892409	0.401192771076084	1.09906480061455	0.697872029538465	0	0	3	0.2	1.39179490652156	0.341619548462135	0.844969245137451	2.14919116442298	1.30422191928553
137	0	0	0	0.1	0.0821125467271229	0.0419781992969812	-0.00203081350168262	0.158215447298637	0.16024626080032	0	0	0	0.2	0.122494739112189	0.105995109618596	-0.0906322368173397	0.320117336547757	0.410749573365097	0	0	1	0.1	0.102353581220447	0.090484726775547	-0.074347882512459	0.274261811249371	0.34860969376183	0	0	1	0.2	0.399088806001641	0.247764719516473	-0.0369351806721175	0.914930213014621	0.951865393686739	0	0	2	0.1	0.552369901491528	0.185185281144162	0.254454740717523	0.939734346863726	0.685279606146202	0	0	2	0.2	1.27301616816028	0.363097178524145	0.66250265563771	2.03651378544671	1.374011129809	0	0	3	0.1	0.896138612034664	0.236265172151101	0.513875246955487	1.41447214835988	0.900596901404389	0	0	3	0.2	1.74067795819747	0.406133318531335	1.0547012803798	2.63091757743964	1.57621629705984
139	0	0	0	0.1	0.0817350711246978	0.0940688305852729	-0.0913210333987686	0.279923038426308	0.371244071825076	0	0	0	0.2	0.174881350643994	0.228053306912525	-0.244459044542622	0.673171284357979	0.917630328900602	0	0	1	0.1	0.170459486067513	0.141419743972772	-0.0863430739485346	0.476719784921704	0.563062858870239	0	0	1	0.2	0.715222596151394	0.354076630339692	0.103193074003668	1.47386184446668	1.37066877046301	0	0	2	0.1	0.746920526833276	0.247330859968707	0.339789342567097	1.3260765386016	0.986287196034504	0	0	2	0.2	1.73630187696766	0.474256919286583	0.920238501053878	2.74718817912051	1.82694967806663	0	0	3	0.1	1.24862799510179	0.361297626222093	0.689220210943363	2.05260490581843	1.36338469487507	0	0	3	0.2	2.40814543736956	0.57161053597466	1.47066366821258	3.63887164779395	2.16820797958136
136	0	0	0	0.1	0.0771217479925296	0.078041455460095	-0.0762944595488031	0.22710934203731	0.303403801586113	0	0	0	0.2	0.0888531313114218	0.18294653997376	-0.253912283767213	0.44911699936811	0.703029283135323	0	0	1	0.1	0.0479936239444328	0.089145364671549	-0.124497657950065	0.224172721167413	0.348670379117478	0	0	1	0.2	0.124532542824571	0.180570290363635	-0.219796996291754	0.469949839161547	0.689746835453301	0	0	2	0.1	0.217931581980428	0.0998011622405421	0.0263457194889397	0.408683470858677	0.382337751369738	0	0	2	0.2	0.469019225863552	0.196865290280113	0.0856042777437366	0.861843532112789	0.776239254369052	0	0	3	0.1	0.360085765103938	0.118721084942869	0.126662369704069	0.592886054455566	0.466223684751498	0	0	3	0.2	0.717648607380415	0.229222300342502	0.262053383015612	1.18744827061715	0.925394887601538
138	0	0	0	0.1	0.10318916802418	0.076671763087551	-0.0449006792333192	0.264659573277894	0.309560252511213	0	0	0	0.2	0.157735777870701	0.167576020144052	-0.185540673005752	0.507657144746662	0.693197817752414	0	0	1	0.1	0.104226648549203	0.100656536345087	-0.0874567732193812	0.318456446840968	0.405913220060349	0	0	1	0.2	0.413040577822964	0.26831355941054	-0.0428509764536467	1.01654475132906	1.05939572778271	0	0	2	0.1	0.557680671078496	0.186430207515916	0.27119642011477	0.998592922482302	0.727396502367532	0	0	2	0.2	1.34197698028056	0.383188883628978	0.70178699981869	2.20521643081388	1.50342943099519	0	0	3	0.1	0.981316287496937	0.256841475967759	0.573924031720873	1.56859038178598	0.994666350065109	0	0	3	0.2	1.94322702693917	0.444326620694599	1.17698637467141	2.93273857509487	1.75575220042346
145	0	0	0	0.1	0.258385086514633	0.0865594133208356	0.114844268267282	0.458485908461342	0.343641640194059	0	0	0	0.2	0.669997601941888	0.236981245904817	0.281273319692453	1.18037702776001	0.899103708067558	0	0	1	0.1	0.434843552224981	0.141511602204697	0.181892371662572	0.732178037731681	0.550285666069108	0	0	1	0.2	1.16229685685025	0.361274093104354	0.537675050914222	1.98138782261468	1.44371277170046	0	0	2	0.1	0.828947394360767	0.229363751218175	0.449577332051346	1.35344700753444	0.903869675483098	0	0	2	0.2	1.67551351644087	0.408358186724013	0.962034904233982	2.53406187743551	1.57202697320153	0	0	3	0.1	1.05168215920176	0.269181401795396	0.604982992411673	1.63941173000832	1.03442873759665	0	0	3	0.2	1.96082001753061	0.449760695022019	1.15569828223144	2.9072522592596	1.75155397702815
135	0	0	0	0.1	0.0504037204018578	0.0593988557472263	-0.0718606106607968	0.157150603551224	0.229011214212021	0	0	0	0.2	0.00956249017319747	0.170464829830025	-0.339330614514245	0.329682440083597	0.669013054597841	0	0	1	0.1	0.151602033595241	0.163603113389565	-0.177592699250073	0.476148812883453	0.653741512133525	0	0	1	0.2	0.744606990951348	0.382575593204367	0.0142671694256385	1.51169170185443	1.49742453242879	0	0	2	0.1	0.77698077523473	0.251945635862214	0.316351817487058	1.31081947706573	0.994467659578675	0	0	2	0.2	1.60797415291378	0.434050456516172	0.805689983082513	2.50224741794044	1.69655743485793	0	0	3	0.1	1.0787784706786	0.29242112787478	0.574162751361605	1.661666266007	1.08750351464539	0	0	3	0.2	1.9909115593545	0.480379015040044	1.14448065004624	3.02871882718952	1.88423817714327
141	0	0	0	0.1	0.0854918901174727	0.0646026204404723	-0.040803869051488	0.207968872935571	0.248772741987059	0	0	0	0.2	0.21771207924047	0.167891571941165	-0.090662125914568	0.585243317221859	0.675905443136427	0	0	1	0.1	0.234329377956692	0.1504334767179	-0.0495002838666944	0.545991892320274	0.595492176186969	0	0	1	0.2	0.850142385937091	0.402372372704284	0.112320379794221	1.72312654437676	1.61080616458254	0	0	2	0.1	0.786697901223269	0.25421429060122	0.355783208579863	1.35557874003342	0.999795531453561	0	0	2	0.2	1.57802487361883	0.416354741228911	0.851575102489467	2.50047173720466	1.64889663471519	0	0	3	0.1	1.04488578451885	0.278064031453281	0.596853420259586	1.67038019719777	1.07352677693818	0	0	3	0.2	1.8631093023138	0.427180568820829	1.14270763625942	2.83698110685289	1.69427347059347
144	0	0	0	0.1	0.0382754785947405	0.0447144718178685	-0.0529861007085494	0.121838162710122	0.174824263418671	0	0	0	0.2	0.0501858527012037	0.0974808926443285	-0.142739903654682	0.23177362294999	0.374513526604672	0	0	1	0.1	0.136820962061706	0.0849218917693273	-0.0344625055132231	0.29724948723483	0.331711992748053	0	0	1	0.2	0.40723863010921	0.231042731409473	-0.0466735045278463	0.884514289592945	0.931187794120791	0	0	2	0.1	0.592510013371493	0.198943259776571	0.267013942931153	1.02562052179494	0.758606578863787	0	0	2	0.2	1.47170800609802	0.437495760085802	0.690268900800288	2.41978488958684	1.72951598878655	0	0	3	0.1	1.17482504501408	0.332217847856753	0.605885034833547	1.86741647488543	1.26153144005188	0	0	3	0.2	2.33170045643517	0.556631216203527	1.30642625816962	3.4773018142641	2.17087555609447
142	0	0	0	0.1	-0.0260443327639249	0.0865394670594282	-0.192006200048118	0.133732366336213	0.325738566384332	0	0	0	0.2	0.00706858441167259	0.198861891696124	-0.370075843809158	0.42311997789086	0.793195821700018	0	0	1	0.1	0.189398153150081	0.13786188971493	-0.0474329146453713	0.49145055373754	0.538883468382911	0	0	1	0.2	0.754401918133571	0.359022356186652	0.168470933310542	1.5232432497273	1.35477231641676	0	0	2	0.1	0.740685005750889	0.217019156952291	0.389509154181043	1.21855034652151	0.829041192340463	0	0	2	0.2	1.59556493710277	0.387163886135479	0.917014557878682	2.42277425596903	1.50575969809035	0	0	3	0.1	1.09734360527548	0.261338676768706	0.659718642096131	1.68436740496071	1.02464876286458	0	0	3	0.2	2.06069720543947	0.431507451388176	1.28981494858981	2.98745643967364	1.69764149108382
143	0	0	0	0.1	0.0861867981372059	0.0744396972405014	-0.0506821599889175	0.234359712878801	0.285041872867719	0	0	0	0.2	0.172384396470846	0.171687201028521	-0.146158738859423	0.526122433936696	0.672281172796119	0	0	1	0.1	0.159807488829082	0.108986133901114	-0.0465149185784791	0.395623859040754	0.442138777619233	0	0	1	0.2	0.501810847473618	0.27551690948293	0.0107941756708654	1.11217459998895	1.10138042431809	0	0	2	0.1	0.526974438491693	0.181317553165078	0.238840810512871	0.914724169292824	0.675883358779953	0	0	2	0.2	1.24105933336558	0.383598781835748	0.61399430896813	2.08741985044115	1.47342554147302	0	0	3	0.1	0.870730782505368	0.25466631005705	0.474948629301781	1.44111999366778	0.966171364366002	0	0	3	0.2	1.77974262552809	0.466258098840422	1.03892275286537	2.82380348151275	1.78488072864738
149	0	0	0	0.1	0.04587983091303	0.107798216079721	-0.15878405196502	0.264509622081022	0.423293674046042	0	0	0	0.2	0.113668558990844	0.252556144601891	-0.344286563883598	0.639691801739546	0.983978365623144	0	0	1	0.1	0.242679952247651	0.15388804814443	-0.0506720776569902	0.549112684922857	0.599784762579847	0	0	1	0.2	0.799389849597394	0.354321981734712	0.177785895379181	1.51286255355746	1.33507665817828	0	0	2	0.1	0.807534378718395	0.225534669506575	0.408244088511911	1.26813894792143	0.859894859409516	0	0	2	0.2	1.72153987093835	0.412378590038777	0.965749728656292	2.58398370758862	1.61823397893232	0	0	3	0.1	1.24673206503092	0.296614624655513	0.712156230578563	1.8996823935954	1.18752616301684	0	0	3	0.2	2.34096108187055	0.476833177512195	1.43781179785261	3.39962895478073	1.96181715692812
152	0	0	0	0.1	0.0464179137695757	0.0674765284051514	-0.0873402002279624	0.176256485607977	0.263596685835939	0	0	0	0.2	0.108633607151192	0.171838804328938	-0.247070434668376	0.449395892900929	0.696466327569306	0	0	1	0.1	0.230500140709846	0.115817666287039	0.0185420888356769	0.474508960752137	0.45596687191646	0	0	1	0.2	0.776671995364356	0.320136990563726	0.212379669035537	1.4764961361835	1.26411646714796	0	0	2	0.1	0.756374851538048	0.208138934639322	0.414663505561221	1.21310580165104	0.798442296089822	0	0	2	0.2	1.58711153215276	0.383225807078794	0.918062982020909	2.39147338785751	1.4734104058366	0	0	3	0.1	1.0659564195491	0.260517778856594	0.62430661680835	1.64157457696221	1.01726796015386	0	0	3	0.2	1.968336458159	0.435538709669193	1.17428946156599	2.95160556306661	1.77731610150062
150	0	0	0	0.1	0.16233622286728	0.0786197705155488	0.0245129979591258	0.34045309191856	0.315940093959435	0	0	0	0.2	0.407285663372498	0.195080085061656	0.0936107018045938	0.854042678851517	0.760431977046923	0	0	1	0.1	0.31779199068203	0.118801047932175	0.114703393528556	0.576221604842884	0.461518211314328	0	0	1	0.2	0.893455239327137	0.315050333935897	0.366409056462031	1.57284437119513	1.2064353147331	0	0	2	0.1	0.72090787522124	0.205326045157584	0.370118273875935	1.15717972016972	0.787061446293781	0	0	2	0.2	1.49844717335386	0.37716435702396	0.831913699851982	2.27213028611648	1.4402165862645	0	0	3	0.1	1.00181245704613	0.258081521659087	0.552842900180155	1.57252612824782	1.01968322806766	0	0	3	0.2	1.86638502843232	0.425754832091494	1.08419162297661	2.7556696608557	1.67147803787909
146	0	0	0	0.1	-0.0807568609015897	0.0860985613590128	-0.259604538734958	0.0658061156451013	0.325410654380059	0	0	0	0.2	-0.301705491417729	0.211110470997986	-0.748019286982333	0.0995808760222615	0.847600163004595	0	0	1	0.1	-0.176892596802198	0.161948129410724	-0.527151094458614	0.123462395485276	0.65061348994389	0	0	1	0.2	0.0699843551491414	0.411067281344663	-0.659245534525112	0.932851512020562	1.59209704654567	0	0	2	0.1	0.484377164159551	0.279581610811778	0.0204109939370366	1.10096505166364	1.0805540577266	0	0	2	0.2	1.38774721036909	0.54265122537502	0.418591840327056	2.48430381285214	2.06571197252509	0	0	3	0.1	1.10063719817737	0.369395074672696	0.49849167795515	1.87688984194883	1.37839816399368	0	0	3	0.2	2.25935386438866	0.607922695856806	1.20108950388163	3.51750419749639	2.31641469361476
153	0	0	0	0.1	0.132812152557687	0.0805696586372785	-0.032164550359144	0.29698574194482	0.329150292303964	0	0	0	0.2	0.295742184011609	0.222247640722719	-0.127267253629165	0.750764880637804	0.87803213426697	0	0	1	0.1	0.217468184975844	0.142347231307425	-0.057265909690499	0.503844523149767	0.561110432840266	0	0	1	0.2	0.852823758337787	0.408647420141261	0.136978703751548	1.74521759336529	1.60823888961374	0	0	2	0.1	0.865114630261307	0.259281607217482	0.415438282097106	1.49708944480831	1.0816511627112	0	0	2	0.2	1.95412791967056	0.453965947877771	1.10572948246004	2.90632968936982	1.80060020690977	0	0	3	0.1	1.42190587578722	0.326942387873821	0.850587345486048	2.14129230647333	1.29070496098729	0	0	3	0.2	2.60828497120539	0.505660366249197	1.71455383064271	3.66232532355825	1.94777149291554
151	0	0	0	0.1	0.0518457992611134	0.0787815503757637	-0.105378363608587	0.207801424247582	0.313179787856169	0	0	0	0.2	0.207652427072978	0.175591858490565	-0.127960534987002	0.582879281043192	0.710839816030193	0	0	1	0.1	0.361634337170954	0.113148453810041	0.162195306742117	0.607410356948611	0.445215050206494	0	0	1	0.2	0.907939693092112	0.268819906957708	0.455273005284854	1.46239501235068	1.00712200706583	0	0	2	0.1	0.672528531346222	0.164974601020696	0.385329260487401	1.01502194494083	0.629692684453427	0	0	2	0.2	1.39615038851429	0.317440703621687	0.82742849662833	2.05257802769203	1.2251495310637	0	0	3	0.1	0.852372162271658	0.196210334171978	0.504730174169198	1.26386059651891	0.759130422349714	0	0	3	0.2	1.6427296862136	0.35358111545958	0.990472376630681	2.38281069548158	1.3923383188509
148	0	0	0	0.1	0.136273877161712	0.0615166274072986	0.0128065257650013	0.267100831476532	0.25429430571153	0	0	0	0.2	0.360366338874484	0.174772886913332	0.0387214481275925	0.74216957234972	0.703448124222128	0	0	1	0.1	0.314958451243566	0.131465860146295	0.0814909851348939	0.621468348915171	0.539977363780277	0	0	1	0.2	1.0533601568499	0.379643374536488	0.407935172067674	1.88939783792838	1.48146266586071	0	0	2	0.1	0.913617550749594	0.248387986863063	0.468089505431139	1.43906735642067	0.970977850989528	0	0	2	0.2	2.00334225951652	0.445729766187816	1.12744087863199	2.94137668235154	1.81393580371955	0	0	3	0.1	1.40857825713648	0.32919285161731	0.828983305691252	2.13034146788426	1.30135816219301	0	0	3	0.2	2.61053723223488	0.514066555825294	1.67824543290043	3.68670826672741	2.00846283382698
147	0	0	0	0.1	-0.0825197132805708	0.0807209184358895	-0.252602152257383	0.0649297207033213	0.317531872960705	0	0	0	0.2	-0.117632613676912	0.153585269687495	-0.421429388963318	0.179706483243567	0.601135872206885	0	0	1	0.1	0.0911002564227085	0.0881396852334584	-0.0697090831275345	0.262506561325998	0.332215644453533	0	0	1	0.2	0.313866048788964	0.201784018568157	-0.0459300897188263	0.732146716028938	0.778076805747764	0	0	2	0.1	0.408326941620827	0.127494498673403	0.180856513856078	0.685543814616468	0.504687300760389	0	0	2	0.2	0.980008106126455	0.281349033601064	0.485904726551585	1.59871763299353	1.11281290644195	0	0	3	0.1	0.685731761371936	0.179491912547447	0.394753724179671	1.07846610338618	0.683712379206511	0	0	3	0.2	1.42550943286814	0.352301910595427	0.843170592107423	2.20353026255507	1.36035967044765
160	0	0	0	0.1	0.0768495041844704	0.0747776206080158	-0.0708835865111482	0.226554464038421	0.297438050549569	0	0	0	0.2	0.146070047268484	0.213464965871701	-0.285750178890392	0.592499347413921	0.878249526304313	0	0	1	0.1	0.13363464029676	0.15349054897825	-0.173046723805323	0.442868262876845	0.615914986682168	0	0	1	0.2	0.573715378651341	0.343784762805016	-0.0460979188204452	1.28203981308753	1.32813773190797	0	0	2	0.1	0.62072213300975	0.205858125935882	0.261108922485816	1.07462344043472	0.813514517948905	0	0	2	0.2	1.2956899574573	0.36113038303464	0.646265375932647	2.04807912529023	1.40181374935759	0	0	3	0.1	0.913896512240576	0.245752716316572	0.504810776878961	1.45879892156017	0.953988144681206	0	0	3	0.2	1.65797587361641	0.405547964577594	0.938136807771461	2.55606769063208	1.61793088286062
154	0	0	0	0.1	-0.0250712276725536	0.0813750504680988	-0.198900497177529	0.117591187903593	0.316491685081122	0	0	0	0.2	-0.128910345389133	0.195838721297412	-0.529741887512343	0.243534388348104	0.773276275860447	0	0	1	0.1	0.0176649199119956	0.116272734877802	-0.221244889692197	0.240548630362397	0.461793520054594	0	0	1	0.2	0.195224877583245	0.241998988203162	-0.276291150693382	0.673019454617717	0.949310605311098	0	0	2	0.1	0.356004432559517	0.135515038055693	0.0952238517725287	0.624030840050458	0.528806988277929	0	0	2	0.2	0.852873423299342	0.269974242035086	0.350032989721424	1.42461821537147	1.07458522565004	0	0	3	0.1	0.628490690805057	0.158859635653657	0.342790311860217	0.962133306261461	0.619342994401245	0	0	3	0.2	1.294957631066	0.304339001742826	0.742504040990852	1.95825621310545	1.2157521721146
161	0	0	0	0.1	0.09782603136946	0.071279964702484	-0.0408144460136411	0.241346981582274	0.282161427595915	0	0	0	0.2	0.16358657994342	0.16530265712441	-0.17014264512781	0.486664234028948	0.656806879156758	0	0	1	0.1	0.115090552311838	0.106315888508557	-0.0985984964279581	0.321501275442603	0.420099771870561	0	0	1	0.2	0.330275048727213	0.255411829090309	-0.154981266294428	0.872284771566421	1.02726603786085	0	0	2	0.1	0.415381512194755	0.157068723891392	0.139524628718695	0.765159695747851	0.625635067029156	0	0	2	0.2	0.983609828070859	0.335744525948387	0.389707718191237	1.70175903262324	1.312051314432	0	0	3	0.1	0.737576043392609	0.222693454764474	0.360452675430743	1.22425227604452	0.863799600613773	0	0	3	0.2	1.48760657153713	0.412869628418497	0.777418393305169	2.37426773154345	1.59684933823828
158	0	0	0	0.1	0.0226760508283328	0.0629445257226235	-0.111345204998469	0.133439342314376	0.244784547312845	0	0	0	0.2	-0.109726483030107	0.225770320930514	-0.648119745274374	0.255847842712829	0.903967587987203	0	0	1	0.1	-0.164905352984245	0.188999753057442	-0.573685135486465	0.180983564944151	0.754668700430616	0	0	1	0.2	0.0895261891910085	0.380824507477325	-0.706424766688308	0.857780970709817	1.56420573739812	0	0	2	0.1	0.455909939959551	0.211112570391379	0.0498709702349507	0.890739812279941	0.84086884204499	0	0	2	0.2	1.06844761415092	0.356564683970287	0.392581019610528	1.81591092303831	1.42332990342779	0	0	3	0.1	0.826027727775989	0.228662163906147	0.406781640067157	1.34450220072537	0.93772056065821	0	0	3	0.2	1.51281253978027	0.368063858106814	0.841735927122563	2.31363793726198	1.47190201013942
156	0	0	0	0.1	0.062791294192616	0.0659554087452067	-0.067619170641931	0.181073565339437	0.248692735981368	0	0	0	0.2	0.118964198284829	0.17699024026541	-0.223908303903734	0.458700451958154	0.682608755861888	0	0	1	0.1	0.152750599485064	0.117640232416294	-0.0725814776873046	0.388707532764554	0.461289010451859	0	0	1	0.2	0.510822133347531	0.278017530135985	0.017209526654915	1.09282724389543	1.07561771724052	0	0	2	0.1	0.525317279401677	0.162246550262077	0.235919429398306	0.882677236706442	0.646757807308136	0	0	2	0.2	1.04896060600516	0.285830893955254	0.519636486796373	1.66009898080359	1.14046249400722	0	0	3	0.1	0.720027313970685	0.188124340561238	0.403803409991596	1.15517762898111	0.751374218989513	0	0	3	0.2	1.32572317003308	0.317336439105681	0.771417486830886	2.02846447677323	1.25704698994234
168	0	0	0	0.1	0.213012732395527	0.0819110492624269	0.0641370853936971	0.381960084858566	0.317822999464869	0	0	0	0.2	0.493639871031718	0.209612625132043	0.117378579314456	0.968248704516014	0.850870125201558	0	0	1	0.1	0.308519362331953	0.122528596031563	0.0785777841443259	0.54901887970579	0.470441095561464	0	0	1	0.2	0.913043052640024	0.344308268040094	0.319528543454337	1.70076363365251	1.38123509019817	0	0	2	0.1	0.770070059677093	0.216718224393255	0.422514079499357	1.25984032524357	0.837326245744216	0	0	2	0.2	1.63930656546616	0.400916930708516	0.970839404746069	2.52798799992381	1.55714859517774	0	0	3	0.1	1.10576490660793	0.273698696552976	0.667162901809011	1.72957316111928	1.06241025931027	0	0	3	0.2	2.06278114476384	0.447192818440063	1.30404840017289	3.06194622603076	1.75789782585787
167	0	0	0	0.1	-0.0197580739935611	0.0770954038072653	-0.180172281628937	0.128643842879496	0.308816124508433	0	0	0	0.2	-0.153300522247927	0.189768110523672	-0.5244971184353	0.239586821347682	0.764083939782981	0	0	1	0.1	-0.016244794740139	0.12443156000817	-0.260141233379645	0.216565349611265	0.47670658299091	0	0	1	0.2	0.251390635466983	0.287440971081461	-0.298774295315714	0.84107670968354	1.13985100499925	0	0	2	0.1	0.478527354398539	0.177551129420177	0.153260101678928	0.857828125165735	0.704568023486807	0	0	2	0.2	1.19973633241779	0.35459755813676	0.569549245108672	1.96444485876391	1.39489561365524	0	0	3	0.1	0.875192151474422	0.234468606445124	0.503667214043977	1.42705812558471	0.923390911540736	0	0	3	0.2	1.79048426167405	0.408037059031417	1.11877238389616	2.71323698183464	1.59446459793848
157	0	0	0	0.1	0.182595902290751	0.0617601838345172	0.0724445543379461	0.31563917443863	0.243194620100684	0	0	0	0.2	0.439101668074498	0.148505009142982	0.18339735303013	0.759633384458572	0.576236031428441	0	0	1	0.1	0.284848976991233	0.102674333372336	0.110778786913206	0.515764029684079	0.404985242770873	0	0	1	0.2	0.771790394923851	0.282926620081984	0.314227853778049	1.45195424480746	1.13772639102941	0	0	2	0.1	0.590554166353149	0.174840874937699	0.300049749713545	1.00040165921774	0.700351909504193	0	0	2	0.2	1.35931049404256	0.37004978255479	0.725594573931603	2.15024575318818	1.42465117925658	0	0	3	0.1	0.897703793126181	0.23615775843145	0.498247467283388	1.39774550791808	0.899498040634692	0	0	3	0.2	1.80075097386078	0.42985814560276	1.03573171654223	2.72505933240734	1.68932761586511
159	0	0	0	0.1	0.0802488163392947	0.0580746657536244	-0.027435841616203	0.195702506203984	0.223138347820187	0	0	0	0.2	0.17145336765379	0.128118426122198	-0.0653826897398504	0.431504336493032	0.496887026232883	0	0	1	0.1	0.146867533781517	0.0683507226118128	0.0164882500136212	0.280742830318454	0.264254580304833	0	0	1	0.2	0.399646391000464	0.159546703886489	0.106515932359078	0.718521189502018	0.61200525714294	0	0	2	0.1	0.370204344730273	0.101993191946145	0.187486232686221	0.590788427654712	0.40330219496849	0	0	2	0.2	0.812390894863542	0.220524860774762	0.414865739308702	1.28544345751574	0.870577718207033	0	0	3	0.1	0.52990375229499	0.143160952393705	0.28741307990266	0.852765679404465	0.565352599501806	0	0	3	0.2	1.09029485584394	0.291371769389302	0.586343177670624	1.73145948753142	1.14511630986079
172	0	0	0	0.1	0.245138795271517	0.071508784776505	0.113819288477881	0.39656877759341	0.282749489115529	0	0	0	0.2	0.603639954999414	0.182010497679437	0.286096314154121	0.983008779460959	0.696912465306837	0	0	1	0.1	0.425600777767058	0.123409053039302	0.216330345098796	0.704426679768455	0.488096334669658	0	0	1	0.2	1.1553575572033	0.341818017022174	0.578748875075106	1.973569115576	1.39482024050089	0	0	2	0.1	0.843435505277323	0.211051038167081	0.499525543451181	1.31955830134622	0.820032757895039	0	0	2	0.2	1.88427433987902	0.422879897216845	1.16861021566598	2.82836073223435	1.65975051656836	0	0	3	0.1	1.22570404012936	0.281643064843293	0.758687004491592	1.88634972204467	1.12766271755307	0	0	3	0.2	2.41968819096338	0.487819893502389	1.55982514545858	3.51318761839717	1.9533624729386
164	0	0	0	0.1	0.143675734908054	0.106397676353934	-0.0447273160070704	0.370984053505584	0.415711369512654	0	0	0	0.2	0.53406767731858	0.340728753179806	-0.0644853101086549	1.3218132021396	1.38629851224826	0	0	1	0.1	0.477611213240135	0.247023352575582	0.0275357983822603	1.00095428834659	0.973418489964334	0	0	1	0.2	1.49954318442588	0.512638348056506	0.4966151917338	2.46001441694365	1.96339922520985	0	0	2	0.1	1.15069667102231	0.301795510857175	0.577141754108803	1.76518753395578	1.18804577984698	0	0	2	0.2	2.19486718334679	0.457871943662353	1.31772993735367	3.08272155558042	1.76499161822676	0	0	3	0.1	1.52256173882201	0.330361270546839	0.933367676779933	2.21738968731078	1.28402201053085	0	0	3	0.2	2.6268750611582	0.495148392957774	1.73031218565144	3.66205887733725	1.93174669168581
165	0	0	0	0.1	0.132438087291911	0.0843029129740384	-0.0240816651544626	0.31578151627675	0.339863181431213	0	0	0	0.2	0.262603034361358	0.159862320570592	-0.031804099960303	0.603626323530406	0.635430423490709	0	0	1	0.1	0.21189414853511	0.0873367748367547	0.0508673687647083	0.388693806915722	0.337826438151013	0	0	1	0.2	0.511982190973706	0.197562569765629	0.142820804805836	0.926320781389866	0.78349997658403	0	0	2	0.1	0.46331805952303	0.13360762017644	0.234086090143693	0.751665264949855	0.517579174806162	0	0	2	0.2	1.05064047570389	0.307803262164916	0.54647008607137	1.72204943159167	1.1755793455203	0	0	3	0.1	0.72713156135914	0.207644779924478	0.408999021638757	1.18283273087518	0.773833709236424	0	0	3	0.2	1.55868302550418	0.449579775719372	0.869030170568583	2.54745979507253	1.67842962450394
169	0	0	0	0.1	0.0922131345515175	0.0673510334443965	-0.0411184212838738	0.221391403520987	0.262509824804861	0	0	0	0.2	0.162110198468447	0.221120874221415	-0.283225088945806	0.613490898714624	0.896715987660431	0	0	1	0.1	0.0761556148740883	0.191353485464947	-0.283740460793356	0.444463316404395	0.728203777197752	0	0	1	0.2	0.616644373990404	0.468352272793941	-0.249504429228994	1.5546185122642	1.80412294149319	0	0	2	0.1	0.632461512376459	0.26837966091806	0.155108522666191	1.22277469653378	1.06766617386759	0	0	2	0.2	1.54542969657839	0.505915080351397	0.636838345656276	2.60409042767977	1.96725208202349	0	0	3	0.1	1.01989786759035	0.308310407806046	0.486411528362305	1.6866244921725	1.2002129638102	0	0	3	0.2	2.01544675416647	0.538790386926221	1.07544147672815	3.1577544111872	2.08231293445906
171	0	0	0	0.1	0.0373750274938131	0.0603982837103852	-0.0778417787213658	0.15580365292381	0.233645431645176	0	0	0	0.2	0.073394608607453	0.140288913733766	-0.19524768541541	0.34941878404517	0.54466646946058	0	0	1	0.1	0.124373865391347	0.100643631436095	-0.0675436713711272	0.326075934551851	0.393619605922978	0	0	1	0.2	0.43660169771276	0.260195952699467	-0.0270768865231898	1.02068594697071	1.0477628334939	0	0	2	0.1	0.503537905397088	0.17061585599061	0.21452066275584	0.855273894722126	0.640753231966286	0	0	2	0.2	1.19587662170067	0.358683599351064	0.57613455557439	1.93939151114025	1.36325695556586	0	0	3	0.1	0.835123022434534	0.235227736033044	0.422780655591025	1.33926187195706	0.916481216366036	0	0	3	0.2	1.66504533649977	0.424720073809635	0.880420962187317	2.53804067679169	1.65761971460438
155	0	0	0	0.1	0.172911241924311	0.0651116610627774	0.0553797761573349	0.302420933643553	0.247041157486218	0	0	0	0.2	0.472522453842552	0.181469525934039	0.166903800532035	0.868441716099503	0.701537915567468	0	0	1	0.1	0.367605397102407	0.139717169903118	0.146677036126555	0.684976463672778	0.538299427546224	0	0	1	0.2	1.08212729646462	0.372821844609999	0.485536973671578	1.91783399873478	1.43229702506321	0	0	2	0.1	0.792864762976998	0.220962731227334	0.425527316222137	1.24720073169756	0.821673415475427	0	0	2	0.2	1.65007659297499	0.39275866332803	0.954255458311691	2.44414922477278	1.48989376646108	0	0	3	0.1	1.06032804362814	0.249909915911471	0.628870791293074	1.5875081487213	0.958637357428228	0	0	3	0.2	1.95614421821466	0.412692968372467	1.18871964525571	2.80121302958018	1.61249338432447
166	0	0	0	0.1	0.243628826894138	0.0822997028508436	0.103294651345214	0.409595391792291	0.306300740447077	0	0	0	0.2	0.397519969885304	0.188047934527976	0.0806158236721077	0.792657129186291	0.712041305514184	0	0	1	0.1	-0.0203695129744546	0.138623478027982	-0.315612483395431	0.235071403967832	0.550683887363263	0	0	1	0.2	0.0938896040815067	0.310868952608383	-0.531996683330813	0.730889859949254	1.26288654328007	0	0	2	0.1	0.315329898518682	0.19793672950491	-0.0503050722672234	0.76885549282027	0.819160565087493	0	0	2	0.2	0.976130512567779	0.435066373949327	0.233822190283222	1.92518173841571	1.69135954813248	0	0	3	0.1	0.796185646713438	0.280040879807917	0.342073619219331	1.47017118605747	1.12809756683814	0	0	3	0.2	1.80979060000887	0.518706283774756	0.900344975463677	2.97611524199373	2.07577026653006
163	0	0	0	0.1	0.10092014941685	0.0641841026371836	-0.0208656404216984	0.240134860587736	0.261000501009434	0	0	0	0.2	0.147985184787831	0.174013872990762	-0.195474767682617	0.502857268633954	0.698332036316572	0	0	1	0.1	0.0814522114030693	0.12752531855983	-0.177337725805392	0.313269428683065	0.490607154488456	0	0	1	0.2	0.526627798409725	0.362377668622531	-0.0898678850407552	1.35753706002595	1.4474049450667	0	0	2	0.1	0.713550526975846	0.237811237333324	0.333891559701291	1.28262212580366	0.948730566102371	0	0	2	0.2	1.7945786345119	0.470486045160055	0.981870204007464	2.80117055145415	1.81930034744668	0	0	3	0.1	1.2458648430623	0.324550683379932	0.722413451555492	1.94125595649038	1.21884250493489	0	0	3	0.2	2.42787766183466	0.525416083405852	1.49910659823159	3.52861780162517	2.02951120339358
170	0	0	0	0.1	0.102098474764868	0.0586140218350301	-0.00990238913931766	0.222098424987835	0.232000814127153	0	0	0	0.2	0.216317767923724	0.127547887293409	-0.0222806426718953	0.479993690329691	0.502274333001586	0	0	1	0.1	0.202235412292478	0.0952003084437139	0.0235624558333723	0.404721519252716	0.381159063419343	0	0	1	0.2	0.593261037341237	0.240872361341109	0.159945665937954	1.09967979202259	0.939734126084635	0	0	2	0.1	0.623316483375733	0.168686241018799	0.355717500983167	0.986236149694277	0.630518648711109	0	0	2	0.2	1.3380044376366	0.328727724702481	0.780792271335338	2.04410657473021	1.26331430339487	0	0	3	0.1	0.970438220744947	0.241435646563046	0.569772326635728	1.50683118256521	0.937058855929482	0	0	3	0.2	1.85991418947824	0.417205558983713	1.14768977516041	2.77623256398685	1.62854278882644
174	0	0	0	0.1	0.222478416414139	0.0880398037661507	0.0549889781204597	0.395273151437158	0.340284173316698	0	0	0	0.2	0.357277986672975	0.190134049537984	-0.035367385661918	0.738869962680378	0.774237348342296	0	0	1	0.1	0.137908501395276	0.132641298844187	-0.114349344452879	0.403923634225293	0.518272978678173	0	0	1	0.2	0.515248606365257	0.308368789983916	-0.0101570996401188	1.20506685280514	1.21522395244526	0	0	2	0.1	0.596379962194498	0.202198483196075	0.283441987824819	1.06369699458446	0.780255006759645	0	0	2	0.2	1.32946508740953	0.374349210391037	0.722542341430471	2.17173247783038	1.44919013639991	0	0	3	0.1	0.91571946454219	0.256786782698119	0.521373763248926	1.48268124674936	0.961307483500439	0	0	3	0.2	1.78303329736882	0.429441367038393	1.09015123746119	2.72266969015433	1.63251845269313
162	0	0	0	0.1	0.0361994186068461	0.055061182921565	-0.0728319068760876	0.150915570876458	0.223747477752546	0	0	0	0.2	0.0749312042659173	0.140317674877832	-0.200295956888326	0.364953201847317	0.565249158735643	0	0	1	0.1	0.195540957949379	0.122918942542395	-0.0126659746178868	0.481414987908914	0.4940809625268	0	0	1	0.2	0.89883846665204	0.433401438603735	0.234413214059221	1.90216613157901	1.66775291751979	0	0	2	0.1	1.13787892459028	0.351785981439984	0.545440989958056	1.95757790164547	1.41213691168742	0	0	2	0.2	2.63368922818714	0.550603359538752	1.56436250956389	3.71424851870724	2.14988600914335	0	0	3	0.1	2.01027314113976	0.441478927587883	1.20066872548147	2.91065653660947	1.709987811128	0	0	3	0.2	3.63639490515984	0.599684854836914	2.51357458294345	4.81290345260126	2.29932886965781
176	0	0	0	0.1	0.194712801105098	0.0709799821713479	0.0659202519496572	0.349111044843716	0.283190792894059	0	0	0	0.2	0.452560107234583	0.179919495009102	0.142291625428798	0.862977912148834	0.720686286720037	0	0	1	0.1	0.323044589615094	0.126895914148029	0.101571608658743	0.599234560342973	0.49766295168423	0	0	1	0.2	0.89862243785967	0.364389712161997	0.292507778134494	1.71705623736917	1.42454845923467	0	0	2	0.1	0.689914250808001	0.234546002225196	0.307559433398415	1.24979880873346	0.942239375335043	0	0	2	0.2	1.57806761798248	0.491886773078465	0.747474886683803	2.6908016191834	1.94332673249959	0	0	3	0.1	1.03488691412442	0.317201820023065	0.528204066520546	1.78636436832623	1.25816030180569	0	0	3	0.2	2.06456320978602	0.566172068746726	1.10529619727861	3.32787548589974	2.22257928862113
199	0	0	0	0.1	0.0431992416033803	0.0760776975528126	-0.119452001311422	0.180173161638429	0.299625162949851	0	0	0	0.2	0.0875753121921134	0.178125439710058	-0.28224510594919	0.427082463298157	0.709327569247347	0	0	1	0.1	0.0757387648632424	0.124093434457162	-0.173061081972034	0.315414686456975	0.488475768429009	0	0	1	0.2	0.379749426806774	0.307902664544524	-0.181548867367464	1.04476308231619	1.22631194968366	0	0	2	0.1	0.518384234309718	0.214274230137908	0.162131449682781	0.994278821652779	0.832147371969997	0	0	2	0.2	1.2823256751948	0.433239020145225	0.511069825528138	2.23276155231914	1.72169172679101	0	0	3	0.1	0.946934292165577	0.300047143843233	0.450023283736382	1.6240604802693	1.17403719653292	0	0	3	0.2	1.9201335345523	0.51968401429716	0.994914095730619	3.056776234811	2.06186213908039
173	0	0	0	0.1	0.168526333850421	0.0789625784440508	0.0177460744307497	0.332815825647773	0.315069751217023	0	0	0	0.2	0.333834480234039	0.208867922819198	-0.0648068102163198	0.786660631361645	0.851467441577964	0	0	1	0.1	0.145886693566122	0.123165674298568	-0.102217419772795	0.387693550038393	0.489910969811188	0	0	1	0.2	0.604124699300762	0.312902118059359	0.00413665134027471	1.25199823209559	1.24786158075531	0	0	2	0.1	0.658391937896642	0.194880664260823	0.312996138056359	1.06131851735882	0.748322379302462	0	0	2	0.2	1.53464251348509	0.370181908232828	0.872186488881956	2.30176307299028	1.42957658410833	0	0	3	0.1	1.05629114284464	0.239871618335586	0.64908476470664	1.57440786951782	0.925323104811178	0	0	3	0.2	2.04355796097665	0.404030288284626	1.31901386036733	2.88948003785913	1.5704661774918
197	0	0	0	0.1	0.188172613562537	0.0744944678598443	0.0574874004665666	0.352881482615329	0.295394082148762	0	0	0	0.2	0.474189029024479	0.201916525813432	0.123759909766416	0.933890395200357	0.81013048543394	0	0	1	0.1	0.239469201229747	0.109116777165294	0.036949524168954	0.459144750226764	0.42219522605781	0	0	1	0.2	0.626466561497931	0.263423972984949	0.145053868245816	1.17085895426196	1.02580508601614	0	0	2	0.1	0.479789679389053	0.148906372550244	0.2062180974441	0.794107641145562	0.587889543701462	0	0	2	0.2	1.02754911818404	0.280913207689739	0.518027981091539	1.66158455019243	1.14355656910089	0	0	3	0.1	0.687074694081629	0.172972205071113	0.392519748079885	1.0702545045828	0.677734756502914	0	0	3	0.2	1.35940615960528	0.32051318171282	0.778484620968165	2.06690828467755	1.28842366370938
182	0	0	0	0.1	0.123705381942579	0.0695181704853382	-0.00138687821984866	0.271133893697115	0.272520771916963	0	0	0	0.2	0.194258143857825	0.161715077973814	-0.107707104149954	0.523581363548344	0.631288467698298	0	0	1	0.1	0.00177851523422948	0.139561119835218	-0.305638307131636	0.257621331029831	0.563259638161467	0	0	1	0.2	0.158698566106969	0.312219882301089	-0.461561776036261	0.759806458409337	1.2213682344456	0	0	2	0.1	0.388038862778265	0.210700193480728	-0.00585243137974621	0.818800810166702	0.824653241546449	0	0	2	0.2	0.98506028142256	0.412230996373152	0.187026755994121	1.78784272317632	1.6008159671822	0	0	3	0.1	0.738315282329668	0.257422982276591	0.271663043065849	1.27908365710767	1.00742061404182	0	0	3	0.2	1.49691635257182	0.443808908053619	0.66570284877576	2.38971246285808	1.72400961408232
189	0	0	0	0.1	0.00595113115412116	0.0739002412695475	-0.1468272519956	0.141945576919283	0.288772828914883	0	0	0	0.2	-0.0876145141069487	0.190798505412719	-0.459963383478892	0.264768102722736	0.724731486201628	0	0	1	0.1	-0.0537600253445059	0.116947009140362	-0.297516913215299	0.150187513953043	0.447704427168342	0	0	1	0.2	0.0107663119758402	0.274265524949017	-0.525016457288167	0.52834252085652	1.05335897814469	0	0	2	0.1	0.291377040379128	0.160434798772992	0.0129234527026762	0.626013383840842	0.613089931138166	0	0	2	0.2	0.775851945518937	0.333552005146526	0.204644072620002	1.5098798574552	1.3052357848352	0	0	3	0.1	0.625349754308272	0.204132325316225	0.298985446527945	1.09032931204231	0.791343865514366	0	0	3	0.2	1.27385615187496	0.369010174689905	0.65316837121891	2.07469829477209	1.42152992355318
175	0	0	0	0.1	0.224143305650652	0.0723401444973241	0.0916987956963077	0.385205964706035	0.293507169009727	0	0	0	0.2	0.536569057002209	0.181238830285328	0.205788015494957	0.927733917366825	0.721945901871868	0	0	1	0.1	0.21601081466979	0.120131599486685	-0.0107153109462519	0.464328496399975	0.475043807346227	0	0	1	0.2	0.558798955428511	0.28464611263218	0.0251623823993381	1.13666691784806	1.11150453544873	0	0	2	0.1	0.454169653238431	0.172917873625565	0.149562972306654	0.832126595039002	0.682563622732348	0	0	2	0.2	1.03127657544803	0.342256740442826	0.425316501010478	1.74060642647564	1.31528992546516	0	0	3	0.1	0.719619629860798	0.211493370892529	0.366848686318338	1.16636742135774	0.799518735039398	0	0	3	0.2	1.47546075181699	0.394009190782095	0.800473646017886	2.31495177168921	1.51447812567133
195	0	0	0	0.1	0.128492875449101	0.0736081782901866	-0.0150676988778627	0.274325143052139	0.289392841930002	0	0	0	0.2	0.224026011268807	0.160277068550474	-0.088277493213039	0.547228790759193	0.635506283972232	0	0	1	0.1	0.143561041815081	0.0902347684436206	-0.0336889307069018	0.326792432878094	0.360481363584996	0	0	1	0.2	0.369147058857905	0.212959875165229	-0.0351400859160427	0.805377302987913	0.840517388903956	0	0	2	0.1	0.423382742225927	0.139595765976739	0.185642673266276	0.737892851811889	0.552250178545614	0	0	2	0.2	1.01836100987553	0.312312473554723	0.489821573565899	1.74312148499171	1.25329991142581	0	0	3	0.1	0.786491824344991	0.220270925024555	0.432940716481549	1.29615321563522	0.86321249915367	0	0	3	0.2	1.62310717152618	0.411727284770767	0.935247371959863	2.5694500467203	1.63420267476044
196	0	0	0	0.1	0.0759421612828576	0.0827130646933239	-0.0718463305452332	0.24421029371958	0.316056624264813	0	0	0	0.2	0.253265816290354	0.204296265359822	-0.11337130054455	0.677969167285624	0.791340467830174	0	0	1	0.1	0.299488712548195	0.126162885344255	0.073073956268157	0.559548562179181	0.486474605911025	0	0	1	0.2	0.759206905056809	0.287933507255488	0.254334755768393	1.34340319711582	1.08906844134742	0	0	2	0.1	0.568250756573309	0.173777739656262	0.272456783069576	0.945205362926397	0.672748579856822	0	0	2	0.2	1.16577172536686	0.330034955546085	0.579304535018558	1.872333056389	1.29302852137045	0	0	3	0.1	0.74387611588687	0.207988050097195	0.387654001436859	1.21288142073479	0.825227419297935	0	0	3	0.2	1.43158499331406	0.370954194099608	0.785600350685408	2.25130131416477	1.46570096347936
185	0	0	0	0.1	0.107512558093322	0.0496430155794882	0.0071122710849612	0.206295632659379	0.199183361574418	0	0	0	0.2	0.264204137007149	0.163737777150975	-0.0564367658788857	0.628548603580155	0.684985369459041	0	0	1	0.1	0.263828606608429	0.2118398490334	-0.101580975829383	0.741736835646814	0.843317811476198	0	0	1	0.2	1.24052121995283	0.555307580835818	0.200941044356776	2.35577711065215	2.15483606629537	0	0	2	0.1	1.11211495514469	0.359124078150274	0.463428738522471	1.85602619691389	1.39259745839142	0	0	2	0.2	2.15297930994984	0.495125314838429	1.19931294877826	3.14020839652692	1.94089544774865	0	0	3	0.1	1.54484709786484	0.372395604364287	0.876909443882959	2.33050694781278	1.45359750392982	0	0	3	0.2	2.5776163281483	0.501178065274403	1.69099471759947	3.52527732641854	1.83428260881908
177	0	0	0	0.1	0.0778049150319071	0.0534124146091178	-0.0268182165578763	0.179554084897758	0.206372301455634	0	0	0	0.2	0.0967096337177304	0.134571320520833	-0.172567079231324	0.344550822313066	0.51711790154439	0	0	1	0.1	0.0237125286567026	0.101810605563254	-0.17357377712175	0.221778117254488	0.395351894376238	0	0	1	0.2	0.242275445406044	0.302685430776933	-0.278276049156619	0.93947804409795	1.21775409325457	0	0	2	0.1	0.590173071280764	0.232992103636362	0.21679318851696	1.13592447375399	0.919131285237031	0	0	2	0.2	1.50470270037055	0.43487074349658	0.773237401800519	2.45803478699782	1.6847973851973	0	0	3	0.1	1.10691975145902	0.291763034708757	0.620781980497878	1.77511660237341	1.15433462187553	0	0	3	0.2	2.0727383366334	0.444878055053584	1.26918680886412	2.97442417105036	1.70523736218624
184	0	0	0	0.1	0.0708465271246256	0.0673659431520182	-0.062082265015746	0.201513945357385	0.263596210373131	0	0	0	0.2	0.107492781328583	0.157238549519276	-0.232118622873093	0.418451999515956	0.650570622389049	0	0	1	0.1	0.0839245525561329	0.100821690660417	-0.121539176817481	0.283179618862479	0.40471879567996	0	0	1	0.2	0.302720028399826	0.269554664690902	-0.215556998795514	0.855655018211418	1.07121201700693	0	0	2	0.1	0.451783800742654	0.168926261774747	0.16528351166572	0.848780801939269	0.68349729027355	0	0	2	0.2	1.19987333296004	0.372500916263307	0.558231405369127	2.05628663344302	1.4980552280739	0	0	3	0.1	0.911717707793329	0.241312200299904	0.490356231298232	1.42869513090497	0.938338899606735	0	0	3	0.2	1.87826153397569	0.435230385384276	1.07317357745076	2.79807481557956	1.7249012381288
188	0	0	0	0.1	0.17058144873395	0.09498119869994	-0.00863994917062212	0.368935404330515	0.377575353501138	0	0	0	0.2	0.355873115652128	0.230475110896873	-0.0954779302349941	0.811031460757627	0.906509390992621	0	0	1	0.1	0.264962169038568	0.136283851922651	-0.00203340320533385	0.534170555159903	0.536203958365237	0	0	1	0.2	0.710309945359651	0.311631004412076	0.147446278629794	1.39774140532311	1.25029512669332	0	0	2	0.1	0.605683593062945	0.19953290201902	0.279499238378402	1.0670493826431	0.7875501442647	0	0	2	0.2	1.31182158443831	0.392341146814361	0.66260442820543	2.17899553600883	1.5163911078034	0	0	3	0.1	0.872914446648332	0.255580182229796	0.478792709461022	1.45842140847571	0.979628699014693	0	0	3	0.2	1.71503210424501	0.45372933111426	0.984866489052192	2.68181658776782	1.69695009871563
180	0	0	0	0.1	0.109898408369751	0.0885379573115844	-0.0691021127824537	0.275221686860363	0.344323799642817	0	0	0	0.2	0.152915787666133	0.234817429385943	-0.321338624449417	0.606739495095085	0.928078119544502	0	0	1	0.1	0.0924960695520932	0.134626190445319	-0.17677965050923	0.353677421349194	0.530457071858424	0	0	1	0.2	0.418087129449406	0.328388437899198	-0.196447551926538	1.07750545224746	1.273953004174	0	0	2	0.1	0.586539021187283	0.188342238066588	0.235665273276501	0.970992621782381	0.73532734850588	0	0	2	0.2	1.3731359034978	0.338115291999769	0.745344743723694	2.09997652929664	1.35463178557295	0	0	3	0.1	1.06159924934432	0.226403825397345	0.636057705286904	1.54929630545643	0.91323860016953	0	0	3	0.2	1.99080840585405	0.363194785822968	1.29400612415215	2.74556942990178	1.45156330574963
186	0	0	0	0.1	0.0414471540923985	0.0719321281593158	-0.104026054813473	0.184020464405909	0.288046519219382	0	0	0	0.2	0.0606565302820245	0.171531182395831	-0.316225859548719	0.394377720005291	0.71060357955401	0	0	1	0.1	0.039026897911925	0.155147321090032	-0.309816737026055	0.309897917616567	0.619714654642622	0	0	1	0.2	0.298421698842008	0.422728391293533	-0.480826515537041	1.19323249701536	1.67405901255241	0	0	2	0.1	0.470343276584371	0.288235469004409	0.00154393967564382	1.14055133530846	1.13900739563282	0	0	2	0.2	1.17848039207536	0.575722248948317	0.203460373949272	2.41621387794099	2.21275350399172	0	0	3	0.1	0.883495940530153	0.373635456025025	0.315452772338393	1.72379737548008	1.40834460314169	0	0	3	0.2	1.72366551520602	0.607152822078592	0.704385349455186	3.0650574717964	2.36067212234121
179	0	0	0	0.1	0.0186673834735611	0.0684034538351766	-0.119490996283494	0.151843311890396	0.27133430817389	0	0	0	0.2	-0.00545285123071211	0.171468135368959	-0.348977511283345	0.317068880471539	0.666046391754885	0	0	1	0.1	0.0180614270348237	0.121586637873755	-0.224482882010818	0.247271378366946	0.471754260377765	0	0	1	0.2	0.264308675703463	0.316925109191219	-0.325045830353179	0.922425516911589	1.24747134726477	0	0	2	0.1	0.453283564652596	0.207491367880865	0.0924082756419985	0.917003548879763	0.824595273237764	0	0	2	0.2	1.10134427929684	0.406867901144102	0.382297849938032	1.98438935810008	1.60209150816205	0	0	3	0.1	0.794370941308321	0.261287913128395	0.378676769258239	1.38542498526159	1.00674821600335	0	0	3	0.2	1.54907148421816	0.446791662102971	0.807187009441869	2.50709045207092	1.69990344262905
190	0	0	0	0.1	0.153138358481498	0.0699793008568765	0.0224978503258694	0.295524087057464	0.273026236731595	0	0	0	0.2	0.352165371938288	0.183930161251709	0.0169484869635809	0.747973002194383	0.731024515230802	0	0	1	0.1	0.327434381925711	0.124196627721223	0.101511117350434	0.601630186148457	0.500119068798023	0	0	1	0.2	0.967442497391634	0.33666282833197	0.39573592139307	1.72569046650468	1.32995454511161	0	0	2	0.1	0.822749972175299	0.22051315475877	0.453112815046062	1.3288097040369	0.875696888990838	0	0	2	0.2	1.82738155322953	0.430938745104945	1.07026074754029	2.79605392494571	1.72579317740542	0	0	3	0.1	1.2258392751592	0.294980184244472	0.731839509519505	1.89322826439499	1.16138875487549	0	0	3	0.2	2.38616446733427	0.504458764402097	1.51747299790401	3.49231318923522	1.97484019133122
198	0	0	0	0.1	0.16347284488229	0.0595083562310841	0.0539347102465519	0.281318702571004	0.227383992324452	0	0	0	0.2	0.389039212577381	0.161432106502861	0.106446119787502	0.746507499560707	0.640061379773206	0	0	1	0.1	0.293705343430855	0.115808199686904	0.0843642153004742	0.536443593914869	0.452079378614395	0	0	1	0.2	0.933777312489348	0.33716953731381	0.330117017116242	1.64875736670356	1.31864034958732	0	0	2	0.1	0.824164228037041	0.226075326795418	0.430329241807002	1.30978888247425	0.879459640667244	0	0	2	0.2	1.86851148256571	0.439237646403597	1.05530296022517	2.75397105984594	1.69866809962077	0	0	3	0.1	1.32259209612772	0.322193177430065	0.753529069248208	2.02261012653383	1.26908105728562	0	0	3	0.2	2.54160739664651	0.540178909488171	1.54783188110878	3.66107998034198	2.1132480992332
193	0	0	0	0.1	0.0478383048138984	0.0789200258752461	-0.129435971578724	0.201629107040915	0.331065078619639	0	0	0	0.2	0.100630131448687	0.180400836512813	-0.261299258576545	0.475405078007676	0.736704336584221	0	0	1	0.1	0.14167361451986	0.127982093326219	-0.103146504044093	0.394812693811875	0.497959197855968	0	0	1	0.2	0.470693824957347	0.313101583607236	-0.111746076608981	1.11118520450233	1.22293128111131	0	0	2	0.1	0.505627643635144	0.192460572501937	0.160393290287667	0.9146081318837	0.754214841596033	0	0	2	0.2	1.121254364863	0.367919276821269	0.428665403971704	1.87477923549738	1.44611383152568	0	0	3	0.1	0.775581181949483	0.226180878694551	0.374529135171564	1.26780571790215	0.893276582730582	0	0	3	0.2	1.50943682539568	0.397047313436733	0.772616664531777	2.36678079280466	1.59416412827288
187	0	0	0	0.1	0.266000153874115	0.104748905196436	0.0874661963941484	0.501150401124148	0.41368420473	0	0	0	0.2	0.614245202630076	0.253092911395388	0.204379845998103	1.17980795222455	0.975428106226443	0	0	1	0.1	0.358151372696619	0.158633887799471	0.0766199153728334	0.707737378914513	0.63111746354168	0	0	1	0.2	1.09186033175986	0.497953153178817	0.300272960354897	2.2116961885134	1.9114232281585	0	0	2	0.1	0.936171871551577	0.386785352641897	0.374943182810347	1.82251361456947	1.44757043175912	0	0	2	0.2	2.08019686180113	0.651294361211369	0.99480134711572	3.44427259353564	2.44947124641992	0	0	3	0.1	1.51841066837435	0.485742113619839	0.745896387588915	2.61960964381216	1.87371325622324	0	0	3	0.2	2.80370420352763	0.661962525914526	1.64384834429598	4.17018955738186	2.52634121308589
192	0	0	0	0.1	0.0845907584111175	0.0537695696489797	-0.0161021231166243	0.197210833759011	0.213312956875635	0	0	0	0.2	0.249665619606122	0.169937698348137	-0.0324027955815884	0.623304730392755	0.655707525974344	0	0	1	0.1	0.305453258445889	0.175420301361843	-0.0138346760036981	0.686657232791742	0.70049190879544	0	0	1	0.2	1.28913924252011	0.57404891490116	0.324276143157844	2.57413196895894	2.2498558258011	0	0	2	0.1	1.06778389108396	0.34744212782529	0.492448655398824	1.8805700823465	1.38812142694768	0	0	2	0.2	2.55892120845574	0.60602457066359	1.44464740642141	3.82462331925686	2.37997591283545	0	0	3	0.1	1.71662470689763	0.413095007183313	0.982334788884851	2.60744758694111	1.62511279805626	0	0	3	0.2	3.26316515148664	0.625788709691352	2.10440484355916	4.53730225911898	2.43289741555983
213	0	0	0	0.1	0.00470197838755035	0.069436158511087	-0.133898445097226	0.143592779864294	0.277491224961521	0	0	0	0.2	0.0802930267788987	0.158167972551785	-0.222183202178953	0.401376348817822	0.623559550996775	0	0	1	0.1	0.230943507404527	0.113809102463697	0.0300213666972908	0.473005834008646	0.442984467311355	0	0	1	0.2	0.746614544404707	0.332109770413179	0.203501190654247	1.47414652096156	1.27064533030731	0	0	2	0.1	0.689046434997627	0.217794864236543	0.324775984480354	1.1839907022571	0.859214717776745	0	0	2	0.2	1.48096462763522	0.389383537909494	0.795561794615916	2.38348629841901	1.5879245038031	0	0	3	0.1	0.988956374354178	0.253176721275177	0.561467091832731	1.58299081315559	1.02152372132286	0	0	3	0.2	1.84390477339877	0.408433165706289	1.12648308229119	2.79072194147332	1.66423885918214
181	0	0	0	0.1	0.144433069100703	0.0748860981089914	0.0102686503390435	0.290559675484289	0.280291025145246	0	0	0	0.2	0.389959490336869	0.162514216175007	0.11862881276256	0.742355551054187	0.623726738291626	0	0	1	0.1	0.284673099908696	0.116108145697792	0.084065188394567	0.532206182874495	0.448140994479928	0	0	1	0.2	0.947573419125682	0.373435794794568	0.333058639947795	1.81375280885682	1.48069416890903	0	0	2	0.1	0.770518331687408	0.22925100393858	0.410942399804211	1.30274772617706	0.891805326372851	0	0	2	0.2	1.80937667892416	0.461571023389736	1.01517046495242	2.79444537768088	1.77927491272846	0	0	3	0.1	1.18342894800126	0.302261237225495	0.68083841765147	1.90327825384876	1.22243983619729	0	0	3	0.2	2.32768668605663	0.527236907574871	1.39536991505349	3.4956221195594	2.10025220450591
205	0	0	0	0.1	0.153905284965983	0.068072879851889	0.0236458478199195	0.296116398981643	0.272470551161724	0	0	0	0.2	0.346003054018118	0.191430358052613	-0.00313762374667064	0.761341393948884	0.764479017695554	0	0	1	0.1	0.255622710716193	0.127343664964328	0.029305840122794	0.530087916321652	0.500782076198858	0	0	1	0.2	0.86931561142385	0.399284120188024	0.238719180270182	1.77876238576959	1.54004320549941	0	0	2	0.1	0.809674433456519	0.26178806286539	0.389643692503092	1.41392397998501	1.02428028748192	0	0	2	0.2	1.84679397550876	0.494916692346304	1.00263081491358	2.85242316430264	1.84979234938905	0	0	3	0.1	1.23634124803392	0.331730364406755	0.688999606190105	1.95396756227723	1.26496795608713	0	0	3	0.2	2.36916093486791	0.534137585464578	1.43064154873436	3.52740355705174	2.09676200831738
191	0	0	0	0.1	0.197242920554763	0.0932895107197566	0.0349996671868756	0.394129744471628	0.359130077284753	0	0	0	0.2	0.437544006571315	0.208651963530919	0.0691073293530533	0.895509711558578	0.826402382205524	0	0	1	0.1	0.271880711411065	0.138024055589103	0.0286621064890897	0.585673048484085	0.557010941994995	0	0	1	0.2	0.682432335142162	0.386807499915628	0.0636837591741264	1.56955732028857	1.50587356111445	0	0	2	0.1	0.547577956363002	0.300317963514243	0.117353621668905	1.25562328461897	1.13826966295006	0	0	2	0.2	1.19135104256179	0.620198688588889	0.295400002403855	2.58297580955896	2.2875758071551	0	0	3	0.1	0.852558676074723	0.434587073476678	0.254345181371462	1.84441312449585	1.59006794312438	0	0	3	0.2	1.68445942039074	0.741456036792473	0.557827960206413	3.29855408672592	2.74072612651951
178	0	0	0	0.1	0.0368915861127143	0.0704128389985685	-0.0938630026579429	0.181424866984723	0.275287869642666	0	0	0	0.2	0.125054079396902	0.159316114050653	-0.165598148887874	0.460609133278829	0.626207282166704	0	0	1	0.1	0.223584673329411	0.0942523346108325	0.056129272693082	0.429519703259706	0.373390430566624	0	0	1	0.2	0.611294439240135	0.236864498795822	0.217119467769814	1.12726436059457	0.910144892824752	0	0	2	0.1	0.54489481613733	0.164732317711445	0.26838331248671	0.901743504019485	0.633360191532775	0	0	2	0.2	1.21269567492417	0.344104986131651	0.608607336660644	1.95316430309933	1.34455696643869	0	0	3	0.1	0.805452259017223	0.219972286719505	0.431550552404878	1.28464292591445	0.853092373509577	0	0	3	0.2	1.62930436621337	0.414404413998722	0.898030588030101	2.49866997975123	1.60063939172113
203	0	0	0	0.1	0.0349006120767704	0.0535924058718412	-0.0714003495633106	0.138350819819241	0.209751169382551	0	0	0	0.2	-0.00559509445469978	0.137815272221271	-0.292576889222717	0.253637479858053	0.546214369080769	0	0	1	0.1	-0.0372647389543801	0.117826019867872	-0.285689627130885	0.182038832607847	0.467728459738732	0	0	1	0.2	0.0416732296167305	0.292983867522838	-0.503510169925005	0.635935633369471	1.13944580329448	0	0	2	0.1	0.389711777750636	0.207697195890954	0.0586521099518081	0.876736683395384	0.818084573443576	0	0	2	0.2	1.18717778534859	0.46732247340028	0.404725022859213	2.22921831735295	1.82449329449374	0	0	3	0.1	0.902872507489969	0.3042409683502	0.399930980612158	1.60001896801902	1.20008798740686	0	0	3	0.2	1.82580997412232	0.520359277049542	0.880489274692193	2.89964897107708	2.01915969638489
214	0	0	0	0.1	0.117484377738276	0.0746901073298724	-0.0264186852271791	0.275982235115432	0.302400920342612	0	0	0	0.2	0.20165713821314	0.168886438810301	-0.122442996592872	0.544263105048814	0.666706101641686	0	0	1	0.1	0.145929769358203	0.107787562337917	-0.0535713309987864	0.367763227785986	0.421334558784772	0	0	1	0.2	0.545665045140644	0.306110470357187	0.0163536131154111	1.18530152489061	1.16894791177519	0	0	2	0.1	0.707081665665468	0.222776428289832	0.323641159625609	1.20391724711966	0.880276087494053	0	0	2	0.2	1.75183950738299	0.466114939803669	0.921468947136559	2.77154270445949	1.85007375732293	0	0	3	0.1	1.30280576139914	0.331167437884313	0.72574600183221	2.06449575612981	1.3387497542976	0	0	3	0.2	2.5857534832849	0.557695689601237	1.56978179782596	3.75712007447469	2.18733827664873
209	0	0	0	0.1	0.0841967847467597	0.0581448109216674	-0.0367115213694768	0.197320934308972	0.234032455678449	0	0	0	0.2	0.150725597613019	0.134320011143031	-0.126861991299055	0.411491379723655	0.53835337102271	0	0	1	0.1	0.125117803340068	0.087410986157757	-0.0403449561372341	0.288528232537732	0.328873188674967	0	0	1	0.2	0.381727633720086	0.246413721015113	-0.0542273339621562	0.907719847806749	0.961947181768905	0	0	2	0.1	0.507065850945504	0.17028663317777	0.199931752533414	0.89346518189311	0.693533429359696	0	0	2	0.2	1.23668342438704	0.36499653663724	0.576509146946788	2.06342724123496	1.48691809428817	0	0	3	0.1	0.91126966419862	0.242336905452278	0.490513744395573	1.44311650798123	0.952602763585653	0	0	3	0.2	1.77956440842142	0.421500275721889	1.01218016378336	2.67278886404319	1.66060870025984
194	0	0	0	0.1	0.0643298258346371	0.0667030070033095	-0.0697708250694205	0.191645595998632	0.261416421068052	0	0	0	0.2	0.0657860856831829	0.174650346969601	-0.273809238985499	0.384985965002378	0.658795203987877	0	0	1	0.1	0.0501335361420692	0.1202119291768	-0.196634260874614	0.283453885615069	0.480088146489683	0	0	1	0.2	0.448841268445759	0.326415624275097	-0.11966489161998	1.13521871995124	1.25488361157122	0	0	2	0.1	0.67559859350969	0.228339481823737	0.282503322707911	1.18930165293547	0.90679833022756	0	0	2	0.2	1.58736476352583	0.426941445648256	0.8153565686037	2.55274228412764	1.73738571552394	0	0	3	0.1	1.17234119957998	0.313124872752491	0.661712345813727	1.90129418179042	1.23958183597669	0	0	3	0.2	2.22927869806231	0.492402960066095	1.39635368157747	3.32114171723905	1.92478803566158
206	0	0	0	0.1	0.106136186772771	0.0471458892574775	0.00830715834760262	0.196097737933745	0.187790579586142	0	0	0	0.2	0.182033396696379	0.104178517401608	-0.0308932518077219	0.387514945294205	0.418408197101927	0	0	1	0.1	0.10667272717889	0.0761244956849371	-0.0499434352690274	0.258904863457818	0.308848298726846	0	0	1	0.2	0.262045423322721	0.192056916896252	-0.134093163539481	0.635833673857404	0.769926837396885	0	0	2	0.1	0.378633899683092	0.12752618494096	0.155697715171684	0.638285260588919	0.482587545417235	0	0	2	0.2	0.9789246219696	0.283589514413592	0.498428312759206	1.59068277682129	1.09225446406209	0	0	3	0.1	0.836545727770128	0.201792253389535	0.483662465304028	1.27227828946152	0.788615824157489	0	0	3	0.2	1.73003642155394	0.375317860334408	1.06534141058206	2.53331044109786	1.4679690305158
204	0	0	0	0.1	0.164177041133102	0.0713890341178924	0.0171753851710925	0.306474676056613	0.28929929088552	0	0	0	0.2	0.370135618626553	0.178478920099385	0.0346735472030856	0.745179562462763	0.710506015259677	0	0	1	0.1	0.296993254677695	0.11040652543418	0.0981294887847728	0.526523120206032	0.428393631421259	0	0	1	0.2	0.910943479536164	0.308535092259048	0.369662607794759	1.57592236429186	1.2062597564971	0	0	2	0.1	0.826279927468902	0.201228078219073	0.47751166994726	1.26204676759333	0.784535097646069	0	0	2	0.2	1.85158687523945	0.385353556084267	1.14540477293486	2.66746620252415	1.52206142958929	0	0	3	0.1	1.24622028119769	0.258447613033277	0.772449666937511	1.81191734697251	1.039467680035	0	0	3	0.2	2.40167741588789	0.439097458940527	1.60590939266947	3.33234016376214	1.72643077109267
183	0	0	0	0.1	0.0816896641846745	0.0575057343096198	-0.0297106984947204	0.196601132233833	0.226311830728553	0	0	0	0.2	0.171620119132691	0.136785096892043	-0.0834758863084763	0.450641249630986	0.534117135939462	0	0	1	0.1	0.232083716308286	0.103404810956948	0.0369405087982242	0.442266801137848	0.405326292339623	0	0	1	0.2	0.70590065785295	0.286733053897857	0.201161097472179	1.32707698301143	1.12591588553925	0	0	2	0.1	0.715025946241305	0.216210901959335	0.360535566375761	1.19298347061605	0.832447904240286	0	0	2	0.2	1.68845247033728	0.465229651167243	0.894354863122282	2.64461851643522	1.75026365331294	0	0	3	0.1	1.16800917198573	0.320910852576895	0.633785433002688	1.8516359581821	1.21785052517942	0	0	3	0.2	2.3507288250437	0.572213604907538	1.3478044753873	3.60522868247313	2.25742420708584
208	0	0	0	0.1	0.00150429121021993	0.0679899363031036	-0.129213268865577	0.137789367399816	0.267002636265392	0	0	0	0.2	-0.00738140826397291	0.157385334748817	-0.300720997155048	0.321770185332369	0.622491182487417	0	0	1	0.1	0.0812893515447482	0.0945507226270292	-0.102881161849628	0.269728365892948	0.372609527742576	0	0	1	0.2	0.385212669337957	0.248279777732242	-0.0626494138619848	0.934317973160005	0.99696738702199	0	0	2	0.1	0.545729161018019	0.180912800239339	0.236131171272654	0.943302232728722	0.707171061456069	0	0	2	0.2	1.38967610024367	0.408566950273637	0.702703083418721	2.24341554562766	1.54071246220894	0	0	3	0.1	1.04062821979086	0.292845207819354	0.566252354507829	1.70439643668939	1.13814408218156	0	0	3	0.2	2.15776468098407	0.52475770813822	1.26375970247437	3.35415635963195	2.09039665715758
210	0	0	0	0.1	0.130363455321155	0.0588725926008593	0.00928677258256402	0.251860676746593	0.242573904164029	0	0	0	0.2	0.310437625107093	0.166092097977594	-0.00301361089125301	0.673302214029172	0.676315824920425	0	0	1	0.1	0.220663742890523	0.112399877587726	0.00247166814628958	0.456714620705998	0.454242952559709	0	0	1	0.2	0.637821280433372	0.289682514959634	0.0869500680574984	1.27497891524606	1.18802884718856	0	0	2	0.1	0.559060147002482	0.160474450672482	0.273988644484533	0.932656684040392	0.658668039555859	0	0	2	0.2	1.13466816221529	0.288583941626201	0.611253782077847	1.76352648445543	1.15227270237759	0	0	3	0.1	0.820444792046865	0.199944422555713	0.473242596624307	1.26499284833193	0.791750251707627	0	0	3	0.2	1.4735695539495	0.330117626552334	0.869253650828634	2.18720363226584	1.31794998143721
202	0	0	0	0.1	-0.00925326852060063	0.0611163010760565	-0.142251708048941	0.0987031701962639	0.240954878245205	0	0	0	0.2	-0.0849960994867817	0.148381612285967	-0.396006507534281	0.172469193010941	0.568475700545222	0	0	1	0.1	0.0287001653516311	0.113687556896512	-0.202951614802976	0.237408902491866	0.440360517294843	0	0	1	0.2	0.309154324621407	0.316986807205596	-0.274440287215193	0.985372742895715	1.25981303011091	0	0	2	0.1	0.662169445864543	0.242785151762026	0.265143966244183	1.21089462475275	0.945750658508569	0	0	2	0.2	1.66240442698525	0.464408007746209	0.88472652489332	2.63134497477427	1.74661844988095	0	0	3	0.1	1.28894957645093	0.345062827807099	0.734314936070571	2.03016515217302	1.29585021610245	0	0	3	0.2	2.42692338704561	0.551629269929197	1.49469872853655	3.67382675928872	2.17912803075217
221	0	0	0	0.1	0.173736396990802	0.0665808036871408	0.0478458413432143	0.317331811399471	0.269485970056256	0	0	0	0.2	0.300249789593735	0.140131127504786	0.0327617892095463	0.582066366646157	0.54930457743661	0	0	1	0.1	0.158871304556673	0.0967717243091409	-0.0292315339960977	0.360478284971023	0.389709818967121	0	0	1	0.2	0.413015891058898	0.247151224971978	-0.0376217031000607	0.957561496230002	0.995183199330063	0	0	2	0.1	0.47983481134672	0.178515477643736	0.176573717353236	0.873248482256464	0.696674764903227	0	0	2	0.2	1.130399634251	0.384398608220201	0.472304751809801	1.95127606334652	1.47897131153672	0	0	3	0.1	0.833386876578415	0.257070660689562	0.405959453133059	1.37846086405166	0.972501410918599	0	0	3	0.2	1.69757838433106	0.47702212750584	0.880637404702077	2.72103037489861	1.84039297019653
219	0	0	0	0.1	0.0709994555219842	0.0575370489346162	-0.0343907074265224	0.183903400614478	0.218294108041	0	0	0	0.2	0.115469249927795	0.13022848799831	-0.136364457793358	0.371306331992889	0.507670789786247	0	0	1	0.1	0.133659851604053	0.0807238773715968	-0.0251111047444772	0.289832252879321	0.314943357623798	0	0	1	0.2	0.430357218572232	0.212036110517862	0.0329522619101564	0.870926493146146	0.83797423123599	0	0	2	0.1	0.565112009452606	0.165179262556656	0.296401391337414	0.937984883205948	0.641583491868533	0	0	2	0.2	1.37689115460312	0.36889518306836	0.75773582096072	2.20388393843979	1.44614811747907	0	0	3	0.1	1.01628265534898	0.266479829001953	0.590361245523974	1.64054767963111	1.05018643410714	0	0	3	0.2	2.10642039934396	0.491518157666028	1.26556774695621	3.19213958820406	1.92657184124785
207	0	0	0	0.1	0.0672930829820315	0.0586856218234837	-0.0520915988396378	0.178330965230852	0.23042256407049	0	0	0	0.2	0.0643053376489974	0.154151581737525	-0.251994769627058	0.348804600955135	0.600799370582192	0	0	1	0.1	0.0360654973850583	0.12091193067608	-0.203066082474734	0.257700876580755	0.460766959055489	0	0	1	0.2	0.179792368771416	0.288997106216354	-0.386412106232149	0.752723816901652	1.1391359231338	0	0	2	0.1	0.353048250748949	0.160653873301998	0.0631541971564458	0.706268529409345	0.6431143322529	0	0	2	0.2	0.813382432112724	0.296372581168149	0.287080668576288	1.45655889414713	1.16947822557084	0	0	3	0.1	0.619480770997989	0.186191901904209	0.28821833097056	1.02441398385243	0.736195652881868	0	0	3	0.2	1.17789766864795	0.321079802978066	0.585252316068521	1.86174737464678	1.27649505857826
211	0	0	0	0.1	0.221487225034965	0.0732554455820149	0.0896660693452145	0.373762112516583	0.284096043171368	0	0	0	0.2	0.454346803343845	0.180042235604457	0.116746529701078	0.814992523647836	0.698245993946757	0	0	1	0.1	0.209687734771044	0.0990155819179828	0.0057599010962196	0.396660624382353	0.390900723286134	0	0	1	0.2	0.502869049058063	0.222359849985069	0.0324604642960449	0.92959675743361	0.897136293137565	0	0	2	0.1	0.443200324032212	0.125765240823879	0.203517945660174	0.701037866010231	0.497519920350057	0	0	2	0.2	0.987475051855623	0.260561406356926	0.488254519323479	1.55519073771084	1.06693621838736	0	0	3	0.1	0.710869060727587	0.167165169066983	0.401212999323917	1.05377417947448	0.652561180150562	0	0	3	0.2	1.46012642620953	0.328774262469673	0.85403038255783	2.17677223950579	1.32274185694796
218	0	0	0	0.1	0.101591962729411	0.0859232404602722	-0.0711923014968119	0.27451485991637	0.345707161413182	0	0	0	0.2	0.284453009607613	0.226517325479263	-0.147091751924113	0.74505948582554	0.892151237749653	0	0	1	0.1	0.340513945289776	0.13436272228723	0.105183739469359	0.616728646525099	0.51154490705574	0	0	1	0.2	0.863109796456311	0.297254908592116	0.342689754444542	1.55137108539107	1.20868133094652	0	0	2	0.1	0.695870179729543	0.183778969779275	0.37819030238932	1.08358602428995	0.70539572190063	0	0	2	0.2	1.4402594688888	0.346565193566054	0.822807060860643	2.18363451151782	1.36082745065718	0	0	3	0.1	0.985870781081901	0.234191251937799	0.569482144003037	1.49274786421449	0.923265720211458	0	0	3	0.2	1.86533028255349	0.401791060064408	1.13227327764998	2.70353714796222	1.57126387031224
200	0	0	0	0.1	0.162936421199632	0.0736023085840346	0.0300046854520732	0.323642712032822	0.293638026580748	0	0	0	0.2	0.393465385170114	0.186715170166985	0.0800209563867319	0.808082658018362	0.72806170163163	0	0	1	0.1	0.295345806059274	0.102479676265876	0.116617619925759	0.533231375239486	0.416613755313727	0	0	1	0.2	0.792020657462055	0.249795375988699	0.354435681840751	1.35075410539382	0.996318423553071	0	0	2	0.1	0.674068889326561	0.160149664432474	0.401440849614993	1.03042536858203	0.628984518967037	0	0	2	0.2	1.42587165423719	0.318601077138753	0.857765922086643	2.10377511495763	1.24600919287099	0	0	3	0.1	0.928396234329644	0.215670650033139	0.564426897487323	1.39930233041549	0.834875432928167	0	0	3	0.2	1.7825824714882	0.384496782371844	1.09757075629481	2.61795658024622	1.52038582395141
201	0	0	0	0.1	0.0717099047437023	0.0663976036724772	-0.0639235108542084	0.202395040119982	0.266318550974191	0	0	0	0.2	0.118523752654639	0.154332296259617	-0.194463721447349	0.412876653228921	0.60734037467627	0	0	1	0.1	0.134585287722174	0.109184127560386	-0.0831002272880341	0.340530749788651	0.423630977076685	0	0	1	0.2	0.48063801323153	0.298543201407854	-0.046355737344804	1.09567090832912	1.14202664567393	0	0	2	0.1	0.614405591110277	0.210899523057225	0.257951747583933	1.05594759251523	0.797995844931292	0	0	2	0.2	1.48820858877866	0.429889953380314	0.72856741937464	2.40497195156079	1.67640453218615	0	0	3	0.1	1.14367864999037	0.310324339468206	0.637887683447164	1.83176591014645	1.19387822669929	0	0	3	0.2	2.26605702661284	0.519082438962343	1.40164484031982	3.3256912314497	1.92404639112988
217	0	0	0	0.1	0.134687659790566	0.0603022339315294	0.016184306499348	0.248025926319271	0.231841619819923	0	0	0	0.2	0.251245769360365	0.133562051072331	-0.00289127631297805	0.518944787785773	0.521836064098751	0	0	1	0.1	0.219652336981121	0.0905840545481592	0.0532508612296981	0.409141521698974	0.355890660469276	0	0	1	0.2	0.589773617551612	0.243670139927682	0.162734947567445	1.1178764756613	0.955141528093858	0	0	2	0.1	0.591958632698114	0.179923462611712	0.294310984796647	1.00598035175497	0.711669366958325	0	0	2	0.2	1.42216907440439	0.40464597398433	0.765565743575907	2.31579991863409	1.55023417505819	0	0	3	0.1	1.03046326530352	0.291835189875441	0.578063522798327	1.72173765843771	1.14367413563939	0	0	3	0.2	2.17539708538716	0.548403706580857	1.27787634335788	3.37786460236407	2.09998825900619
224	0	0	0	0.1	0.17368289772529	0.0723210612233523	0.0426287235438072	0.327429422842719	0.284800699298912	0	0	0	0.2	0.436813644222919	0.206419852752485	0.0625679142321633	0.86950247503622	0.806934560804057	0	0	1	0.1	0.285002576204532	0.124190185465497	0.0572267404964254	0.519956290769167	0.462729550272742	0	0	1	0.2	0.848002013764753	0.320204102854217	0.262500260655185	1.48981002838471	1.22730976772952	0	0	2	0.1	0.707134318109991	0.187700871232597	0.391049057048498	1.11114027921935	0.720091222170852	0	0	2	0.2	1.57471463117444	0.36299431893218	0.937000186083843	2.34557006459795	1.40856987851411	0	0	3	0.1	1.0567815901689	0.22989788637645	0.657065680170773	1.5430390852676	0.885973405096826	0	0	3	0.2	2.03770998051533	0.396866380718083	1.33363571425232	2.83573434746746	1.50209863321514
216	0	0	0	0.1	0.0446771989847493	0.0606016177245146	-0.0824580514636708	0.158223085453889	0.240681136917559	0	0	0	0.2	-0.00876699632147952	0.169141961570487	-0.403620966481147	0.290746745668458	0.694367712149605	0	0	1	0.1	-0.00481685858095438	0.134111418114641	-0.286168132161587	0.265877614133001	0.552045746294587	0	0	1	0.2	0.20079257502626	0.333250311567059	-0.461400117746097	0.909827350033813	1.37122746777991	0	0	2	0.1	0.483222991400257	0.204431715416301	0.123473369293303	0.912093293929738	0.788619924636435	0	0	2	0.2	1.13695086194026	0.388647903123757	0.439619165627898	1.94314523334738	1.50352606771948	0	0	3	0.1	0.852715523082173	0.25321192714328	0.409470819176883	1.39052978058387	0.981058961406986	0	0	3	0.2	1.61098611169241	0.436758197853073	0.819511817288001	2.52527631203099	1.70576449474299
227	0	0	0	0.1	0.147902075438448	0.0583572646257942	0.0428612903427283	0.268926023365784	0.226064733023056	0	0	0	0.2	0.337328114624639	0.154680932231071	0.0735356666698458	0.673159459472697	0.599623792802851	0	0	1	0.1	0.259581979449567	0.131593655783157	0.0305869144875749	0.558774971038105	0.52818805655053	0	0	1	0.2	0.900444170593281	0.449977152789737	0.172825980842977	1.88108701841032	1.70826103756734	0	0	2	0.1	0.815518549862301	0.287781059056179	0.3417377052715	1.45009154420943	1.10835383893793	0	0	2	0.2	1.94283592347731	0.515163399883202	1.01741251517966	3.02271648963502	2.00530397445536	0	0	3	0.1	1.37699617617942	0.358850530288328	0.79682268382486	2.15537322633635	1.35855054251149	0	0	3	0.2	2.57766233994566	0.545392498257816	1.62207309852161	3.72730214089159	2.10522904236998
226	0	0	0	0.1	0.0685738993016187	0.060097561770868	-0.0465041514033288	0.190366183528013	0.236870334931342	0	0	0	0.2	0.0746884278193422	0.160045849342964	-0.233870559971425	0.383302897679221	0.617173457650646	0	0	1	0.1	-0.0926227768945083	0.138686589771068	-0.394824864405195	0.160077822164907	0.554902686570103	0	0	1	0.2	-0.217360690759999	0.327218150982505	-0.902321069684569	0.411667272082023	1.31398834176659	0	0	2	0.1	0.0100828711598498	0.186531301090568	-0.364149693383832	0.371919608054481	0.736069301438313	0	0	2	0.2	0.125186202944555	0.362667390250788	-0.565086536244047	0.872547372709405	1.43763390895345	0	0	3	0.1	0.194993978168048	0.199842113506611	-0.172825718246164	0.61307637600475	0.785902094250914	0	0	3	0.2	0.438240716594973	0.374885620329088	-0.259485662489636	1.20395089821796	1.46343656070759
225	0	0	0	0.1	0.0225931987054426	0.0563937947222788	-0.0882704861434962	0.136228775671627	0.224499261815123	0	0	0	0.2	0.0967005525095466	0.119594571488955	-0.132321559342033	0.345975460181077	0.47829701952311	0	0	1	0.1	0.250652615954816	0.0988157476067156	0.0678197827510668	0.459722202403875	0.391902419652808	0	0	1	0.2	0.79352887577425	0.281702446713253	0.286539437604559	1.39481787772432	1.10827844011976	0	0	2	0.1	0.802877223114564	0.211884166434581	0.447392500158259	1.2837539053047	0.836361405146445	0	0	2	0.2	1.77814116488811	0.4133878569893	1.07135016809968	2.66829841772731	1.59694824962763	0	0	3	0.1	1.29235799590123	0.314061240460323	0.773590413679618	1.96721694158379	1.19362652790418	0	0	3	0.2	2.44290558025582	0.498339466732758	1.55742480448085	3.56913759662072	2.01171279213986
220	0	0	0	0.1	0.198346804247926	0.0854821662942964	0.0430048877102209	0.371386318993532	0.328381431283311	0	0	0	0.2	0.402834558611558	0.218756269443861	-0.027962064917042	0.847374840367351	0.875336905284393	0	0	1	0.1	0.166489354690321	0.142380499080843	-0.103982915150874	0.463378072113132	0.567360987264006	0	0	1	0.2	0.503343182614114	0.302295372028957	-0.0364747229192332	1.15745741424722	1.19393213716645	0	0	2	0.1	0.45704195914764	0.171785608604632	0.162857318659038	0.871286807060357	0.708429488401319	0	0	2	0.2	0.956687779517447	0.316478225922575	0.383154736927293	1.68508352774715	1.30192879081986	0	0	3	0.1	0.637757793852047	0.194379819361324	0.327506119086106	1.07539192671669	0.74788580763058	0	0	3	0.2	1.23113533240419	0.351256986897737	0.639558008894335	2.02696139564979	1.38740338675545
223	0	0	0	0.1	0.229055247373519	0.0780622296318514	0.0959462295006436	0.403588728196981	0.307642498696337	0	0	0	0.2	0.580440998806412	0.227801617457103	0.210191522440833	1.096643489225	0.886451966784165	0	0	1	0.1	0.447087154296318	0.14863734441237	0.20252901585745	0.782818996392519	0.580289980535069	0	0	1	0.2	1.36602344414183	0.422458582481934	0.682141651941034	2.28692624353086	1.60478459158982	0	0	2	0.1	1.02888053413241	0.260387238489173	0.61509402644434	1.59835658135086	0.983262554906523	0	0	2	0.2	2.15182942039353	0.457530568486695	1.34451513545992	3.10781993531256	1.76330479985263	0	0	3	0.1	1.36138208389878	0.312184788296019	0.815621864395738	2.01266754648964	1.1970456820939	0	0	3	0.2	2.52323686814584	0.507764745192682	1.58350816700976	3.57091417440804	1.98740600739828
212	0	0	0	0.1	0.0432764406501393	0.0977823392233155	-0.139491749772186	0.231667778426689	0.371159528198874	0	0	0	0.2	0.0513456662281521	0.207198604779452	-0.319266147428139	0.483598388047312	0.802864535475451	0	0	1	0.1	0.0255829066992072	0.130130125626112	-0.220615074879568	0.285451938892655	0.506067013772224	0	0	1	0.2	0.144832060698562	0.292013419398249	-0.369799609714829	0.757791485217032	1.12759109493186	0	0	2	0.1	0.26038457256156	0.173134880896636	-0.0263879839699366	0.649080074916839	0.675468058886775	0	0	2	0.2	0.606985168383726	0.339818781396855	0.037994719167704	1.38882491196299	1.35083019279529	0	0	3	0.1	0.502297354865944	0.208822941312162	0.161608819434338	0.9972260817663	0.835617262331962	0	0	3	0.2	1.00931660870029	0.376546072774514	0.384115902595838	1.88633644159554	1.50222053899971
228	0	0	0	0.1	0.283781354334332	0.0960107833014367	0.116795106763179	0.498943476667202	0.382148369904023	0	0	0	0.2	0.739536421734553	0.270436023779027	0.312673400561936	1.37724577514403	1.06457237458209	0	0	1	0.1	0.499752962403422	0.146451096599883	0.259284314768468	0.825299034868232	0.566014720099764	0	0	1	0.2	1.32860709993894	0.384151477719956	0.684425147264041	2.17882921393014	1.4944040666661	0	0	2	0.1	0.968358521076975	0.243564591252754	0.557651247601451	1.51226576958708	0.954614521985626	0	0	2	0.2	2.04937306472375	0.458577243921125	1.2291433042645	3.01193869209663	1.78279538783213	0	0	3	0.1	1.31309886422201	0.313122901484413	0.755555303691643	2.00418494027538	1.24862963658374	0	0	3	0.2	2.54317458313621	0.533730223090231	1.56138164063812	3.68384432972781	2.12246268908969
215	0	0	0	0.1	0.0367182891650712	0.0578823547204712	-0.0803652315584719	0.152306882159401	0.232672113717873	0	0	0	0.2	0.0752314966638127	0.132664000567831	-0.186801586857515	0.326982711565264	0.513784298422779	0	0	1	0.1	0.11734097029813	0.110728468536251	-0.0948017975541841	0.335700235156195	0.430502032710379	0	0	1	0.2	0.374659926879243	0.32502348401715	-0.227921522114432	1.09434870254022	1.32227022465465	0	0	2	0.1	0.471854081677966	0.209140338516279	0.112657284189739	0.931004698941377	0.818347414751638	0	0	2	0.2	1.17957573211691	0.426160441793156	0.434852762867233	2.13873536247771	1.70388259961047	0	0	3	0.1	0.921811636156706	0.280490598994053	0.439370346969774	1.55495489018991	1.11558454322013	0	0	3	0.2	1.80543579478624	0.485383483940593	0.959863818130301	2.82631367486485	1.86644985673455
237	0	0	0	0.1	0.0448989321252648	0.0709031201572815	-0.099479369760532	0.176628268312584	0.276107638073116	0	0	0	0.2	0.0606271598906226	0.169400110602513	-0.2890312777331	0.378715762052284	0.667747039785384	0	0	1	0.1	0.06239906279645	0.0890932765935768	-0.120023842258842	0.234714848392771	0.354738690651614	0	0	1	0.2	0.249976078335984	0.205919834897345	-0.129299900518904	0.67671413715762	0.806014037676524	0	0	2	0.1	0.379636900577539	0.116285995323375	0.18320288847458	0.639047680897718	0.455844792423138	0	0	2	0.2	0.911402012269461	0.239329304948011	0.507794118986936	1.45651348890808	0.948719369921145	0	0	3	0.1	0.674576959268784	0.153256027856734	0.414656742122182	1.01435693836804	0.599700196245853	0	0	3	0.2	1.34396966597798	0.288384730695708	0.82380160843613	1.95823041395364	1.13442880551751
236	0	0	0	0.1	0.181478829254731	0.0554585601838656	0.0806028644592269	0.294860904375995	0.214258039916768	0	0	0	0.2	0.431239908141397	0.146769324509776	0.186018494373117	0.750538749080351	0.564520254707234	0	0	1	0.1	0.381072865885324	0.106234498775685	0.201239619601261	0.60906165401134	0.40782203441008	0	0	1	0.2	1.07439977486801	0.299936540221809	0.542223827591526	1.71070281333848	1.16847898574696	0	0	2	0.1	0.878465948369366	0.198910916675709	0.52740329570385	1.30478470731285	0.777381411608997	0	0	2	0.2	1.85457087332349	0.37513519189445	1.16375992656075	2.64131442894575	1.477554502385	0	0	3	0.1	1.27300105102984	0.269469593353422	0.798722180159439	1.83983667333646	1.04111449317702	0	0	3	0.2	2.35192607744262	0.440670389025512	1.54757849192791	3.27951454783607	1.73193605590816
222	0	0	0	0.1	0.15859121356616	0.0482106162955273	0.0749178712475077	0.265902778489207	0.1909849072417	0	0	0	0.2	0.35113574634495	0.133939298828946	0.130532255261999	0.656619018964362	0.526086763702363	0	0	1	0.1	0.288356791953764	0.139719305262889	0.0466641438409392	0.573922059368032	0.527257915527093	0	0	1	0.2	0.825219616090547	0.381126723815364	0.197233125748603	1.68970159422064	1.49246846847204	0	0	2	0.1	0.749139356149686	0.24117737696542	0.367116637457961	1.30618409108464	0.939067453626683	0	0	2	0.2	1.67918284151003	0.462162794513576	0.933928047428942	2.72644089850922	1.79251285108028	0	0	3	0.1	1.15434716662212	0.304998838055684	0.691328511314534	1.87164311952306	1.18031460820853	0	0	3	0.2	2.19637060253972	0.502846027666962	1.40352899569095	3.31790193436854	1.91437293867758
241	0	0	0	0.1	0.264343092087201	0.104960209840243	0.0820915610731646	0.486089956799358	0.403998395726194	0	0	0	0.2	0.570986083317554	0.226893316224681	0.170954240794345	1.03924970782912	0.868295467034776	0	0	1	0.1	0.269290584657641	0.101486915436369	0.0842155067663199	0.484612889122597	0.400397382356277	0	0	1	0.2	0.584093789387867	0.209395106752314	0.190982450714546	1.07076307479182	0.879780624077273	0	0	2	0.1	0.418052470280191	0.117802869934264	0.229951300143176	0.690326733406503	0.460375433263327	0	0	2	0.2	0.851908564312011	0.228787269224563	0.481999442085424	1.35010200089303	0.868102558807606	0	0	3	0.1	0.550232170300487	0.138927430144822	0.328881385520914	0.866821612691497	0.537940227170583	0	0	3	0.2	1.08063533577865	0.264369952276382	0.635789340714692	1.65693568624213	1.02114634552744
240	0	0	0	0.1	0.0859015653960748	0.063829662237206	-0.0349235851764031	0.207469329163703	0.242392914340106	0	0	0	0.2	0.149763547305605	0.144694445863468	-0.134917423774394	0.432351692041714	0.567269115816108	0	0	1	0.1	0.155166080854905	0.0983255539449589	-0.0392697231073317	0.354784589168929	0.394054312276261	0	0	1	0.2	0.519426563277265	0.283418265363712	0.0462114645529531	1.17722815080282	1.13101668624986	0	0	2	0.1	0.655120503524271	0.220830301765328	0.312584360495602	1.18809093824736	0.875506577751761	0	0	2	0.2	1.59394895515676	0.457282545547524	0.840908185761575	2.63857850665055	1.79767032088897	0	0	3	0.1	1.21818023510134	0.341459983809033	0.663017712418283	2.00170862038859	1.33869090797031	0	0	3	0.2	2.38240222912866	0.570268983311476	1.37056008314466	3.57684635786301	2.20628627471835
229	0	0	0	0.1	0.0756723456628757	0.0871605205917736	-0.103791806465652	0.25442208485302	0.358213891318672	0	0	0	0.2	0.21074045354385	0.203050902679621	-0.171808809473033	0.638483402449547	0.81029221192258	0	0	1	0.1	0.146235313264672	0.105335096009845	-0.0466523226972716	0.365454601459413	0.412106924156684	0	0	1	0.2	0.520073554117695	0.259452372892116	0.0752966300839776	1.06351521353568	0.988218583451702	0	0	2	0.1	0.474774721145474	0.148030036723624	0.21416876060715	0.805614165002976	0.591445404395826	0	0	2	0.2	1.07790309630041	0.290140036863673	0.561761539814212	1.70461243265793	1.14285089284372	0	0	3	0.1	0.722665617570971	0.181875642386734	0.41532675823762	1.11459091726713	0.699264159029505	0	0	3	0.2	1.42624652729411	0.33062773011418	0.840716481336671	2.1426718165688	1.30195533523213
234	0	0	0	0.1	-0.0170701082092662	0.0682823938769301	-0.166291438322588	0.107634164621139	0.273925602943727	0	0	0	0.2	-0.109951023349612	0.175685415578825	-0.496694602477134	0.210461016174334	0.707155618651468	0	0	1	0.1	0.00356918286334185	0.118588763366707	-0.228790180363765	0.241800216507349	0.470590396871114	0	0	1	0.2	0.333093392436512	0.35749750622748	-0.251424922059193	1.19783960968849	1.44926453174769	0	0	2	0.1	0.646847400393531	0.255126017417711	0.261473613294386	1.28280734471515	1.02133373142076	0	0	2	0.2	1.72999288483178	0.496989476667119	0.881000727994719	2.87175045769326	1.99074972969854	0	0	3	0.1	1.29076326149377	0.346827534887142	0.721853239573174	2.07231031019116	1.35045707061798	0	0	3	0.2	2.53313595083552	0.529338291769448	1.59171597585141	3.6645972968416	2.07288132099019
235	0	0	0	0.1	-0.00782079096428471	0.060927460007043	-0.131353962102826	0.107318748043584	0.23867271014641	0	0	0	0.2	-0.0122119464195343	0.118164310862093	-0.254821776587615	0.213746335662096	0.468568112249711	0	0	1	0.1	0.0775128500797955	0.0769730817517399	-0.073311554655415	0.227174115082804	0.300485669738219	0	0	1	0.2	0.234171156086539	0.188392381723989	-0.130759425559417	0.620039333581052	0.750798759140469	0	0	2	0.1	0.313841150524768	0.126705767592012	0.0880642609259799	0.578426127064916	0.490361866138936	0	0	2	0.2	0.783947538929813	0.292162621668216	0.261524912191448	1.41291243825659	1.15138752606514	0	0	3	0.1	0.595162830569915	0.19406349466744	0.265072293103932	1.01117514691478	0.746102853810844	0	0	3	0.2	1.28851665035344	0.397272957953319	0.588207327791632	2.15848417420892	1.57027684641729
231	0	0	0	0.1	0.120671680038375	0.0776630673761941	-0.0209211330061107	0.279231195261343	0.300152328267453	0	0	0	0.2	0.153667680510374	0.185292022271453	-0.194514759264705	0.535367420222463	0.729882179487168	0	0	1	0.1	0.0554082315888867	0.0894605275298644	-0.122514841937048	0.230376841671411	0.352891683608458	0	0	1	0.2	0.18242631104979	0.177051694411935	-0.161322159767764	0.525064127572835	0.686386287340599	0	0	2	0.1	0.327998692372719	0.0941672745789552	0.14677229539885	0.511034647592745	0.364262352193895	0	0	2	0.2	0.765521000444776	0.183971444926337	0.426415650723452	1.11800970050022	0.691594049776763	0	0	3	0.1	0.584636144781705	0.110789387110266	0.381075436657442	0.810907480795849	0.429832044138407	0	0	3	0.2	1.20147747966331	0.213654798310542	0.793654457981204	1.62774926412448	0.834094806143273
233	0	0	0	0.1	-0.000594355551340615	0.0847660893442235	-0.194001657784157	0.144230106012771	0.338231763796927	0	0	0	0.2	0.000601921139802425	0.201528061446948	-0.431886386931646	0.355738253124136	0.787624640055782	0	0	1	0.1	0.124804174778371	0.113828175918263	-0.108479303107539	0.350324337392659	0.458803640500198	0	0	1	0.2	0.543116856448343	0.295554141169275	-0.0234289006480689	1.20780478558864	1.23123368623671	0	0	2	0.1	0.64419989806209	0.190953767907413	0.321918607716311	1.12377041102037	0.801851803304054	0	0	2	0.2	1.49111174495569	0.36837004036543	0.894882961334125	2.3097840833883	1.41490112205418	0	0	3	0.1	1.07616829168753	0.256276820306073	0.672857299223167	1.65029700073116	0.97743970150799	0	0	3	0.2	2.0906030172454	0.424826749157934	1.38349494318876	2.98515614469841	1.60166120150966
244	0	0	0	0.1	-0.0798391477103716	0.117758956876191	-0.363771792918149	0.11945578477676	0.483227577694908	0	0	0	0.2	-0.375555910331736	0.270966520213268	-0.954040062481963	0.117263109931193	1.07130317241316	0	0	1	0.1	-0.180923595121781	0.139764394581893	-0.499914087674342	0.0616729024406299	0.561586990114972	0	0	1	0.2	-0.152136812610185	0.260042430437789	-0.699877049150564	0.317359028996497	1.01723607814706	0	0	2	0.1	0.208387317973929	0.140496506418493	-0.0654711899561534	0.471581513309278	0.537052703265432	0	0	2	0.2	0.563293884141036	0.273242919020755	0.0159344156819515	1.06585452328912	1.04992010760717	0	0	3	0.1	0.467920218612648	0.155613475194398	0.183849344283816	0.789126495494244	0.605277151210427	0	0	3	0.2	0.97379707585162	0.291411127598354	0.43025890134014	1.55963960113661	1.12938069979647
230	0	0	0	0.1	0.176688569295471	0.0587989904737141	0.0660126559177792	0.304105922592384	0.238093266674604	0	0	0	0.2	0.32967497853427	0.148426052423248	0.0372795464663167	0.632334770606267	0.595055224139951	0	0	1	0.1	0.139308758929167	0.104764328819182	-0.0768825746036223	0.352576879225857	0.429459453829479	0	0	1	0.2	0.331024305842668	0.249850712962044	-0.127337845113125	0.882095310959174	1.0094331560723	0	0	2	0.1	0.376338111730576	0.15481182903374	0.11644852239336	0.711631007000702	0.595182484607342	0	0	2	0.2	0.8704645458108	0.326229455397768	0.308354465332443	1.55229211744643	1.24393765211399	0	0	3	0.1	0.669289307043574	0.217916713033979	0.310981462681289	1.14625813432026	0.835276671638976	0	0	3	0.2	1.37691063072667	0.414374310469942	0.688106194372737	2.27191546131488	1.58380926694214
245	0	0	0	0.1	0.0628950364491403	0.05814268699612	-0.0596902044721071	0.172090951251643	0.23178115572375	0	0	0	0.2	0.0909990061837199	0.151325676403029	-0.231579559164132	0.364230302066697	0.595809861230829	0	0	1	0.1	0.100147433288496	0.10282976548796	-0.112191194386556	0.300312208543117	0.412503402929673	0	0	1	0.2	0.518809864864976	0.330672119456068	-0.0515658292005387	1.28252471513591	1.33409054433645	0	0	2	0.1	0.704571724920403	0.256570739899917	0.289615083025973	1.32290307478591	1.03328799175993	0	0	2	0.2	1.85749945755609	0.540943877925641	0.91446935386072	3.07236180143279	2.15789244757207	0	0	3	0.1	1.31691176075324	0.370557771211239	0.712494646296419	2.15006692167313	1.43757227537671	0	0	3	0.2	2.68482312343	0.604991741978119	1.64233907809333	3.95029798544845	2.30795890735513
232	0	0	0	0.1	0.118399496891836	0.0669709074704586	-0.00314220222222556	0.253824682410927	0.256966884633152	0	0	0	0.2	0.310997310840701	0.197672956663528	-0.0322052849402563	0.741627917814584	0.77383320275484	0	0	1	0.1	0.3290063625791	0.160295916261641	0.058971138755172	0.676241983387501	0.617270844632329	0	0	1	0.2	1.14016535872717	0.454425192895503	0.370522600603198	2.1195364634508	1.74901386284761	0	0	2	0.1	0.966910222984198	0.284742023220432	0.493452926856087	1.60730724565208	1.11385431879599	0	0	2	0.2	2.00917638658729	0.478137172761929	1.15092221971192	3.05189747445551	1.9009752547436	0	0	3	0.1	1.3578114398904	0.333348399816509	0.791952409226233	2.11231709414162	1.32036468491538	0	0	3	0.2	2.45468147393716	0.523947512578685	1.51852067013278	3.61032520558554	2.09180453545276
242	0	0	0	0.1	0.266520264851596	0.0869030372854406	0.119884592806492	0.470226072850019	0.350341480043527	0	0	0	0.2	0.794385550367228	0.261287533952139	0.345775192301822	1.35744623350345	1.01167104120163	0	0	1	0.1	0.443855656997819	0.157326452359348	0.154718599386519	0.787882467872484	0.633163868485965	0	0	1	0.2	1.04834945416025	0.327798432457168	0.456064730087453	1.74367401363697	1.28760928354951	0	0	2	0.1	0.636527618918368	0.175948466877725	0.341793968660864	0.993844138588725	0.652050169927861	0	0	2	0.2	1.24970840872154	0.308015011399529	0.717562360711061	1.87745897291274	1.15989661220168	0	0	3	0.1	0.79058805267566	0.194998778654016	0.461007503186269	1.20621803736629	0.745210534180019	0	0	3	0.2	1.44859070732219	0.331973653780264	0.875196412508231	2.12262303217796	1.24742661966973
243	0	0	0	0.1	0.300889147726808	0.108612157746352	0.11090707234146	0.540307893907195	0.429400821565735	0	0	0	0.2	0.590497519838006	0.233759764726523	0.188303093497386	1.08929917074964	0.900996077252257	0	0	1	0.1	0.204832589247809	0.131312956067215	-0.0485938501934444	0.480900525414168	0.529494375607612	0	0	1	0.2	0.514131574491607	0.306871636350225	-0.0653374957431899	1.15533385768425	1.22067135342744	0	0	2	0.1	0.413360598334707	0.173694877132116	0.106105595956095	0.79550432123826	0.689398725282165	0	0	2	0.2	0.905791232121722	0.345210026305061	0.283942582672706	1.64645820651184	1.36251562383913	0	0	3	0.1	0.622057638835053	0.20748093660052	0.256255593588299	1.08012247131019	0.823866877721896	0	0	3	0.2	1.24957276527348	0.38906065935397	0.556695932843517	2.0894064908711	1.53271055802759
238	0	0	0	0.1	0.0174925880574679	0.060674122985807	-0.109759403578223	0.128610509609466	0.238369913187689	0	0	0	0.2	0.0106782226805169	0.148641050730716	-0.311816531578784	0.27419587576037	0.586012407339154	0	0	1	0.1	0.0805301984377527	0.107413063184709	-0.1410372879945	0.286536570241111	0.427573858235612	0	0	1	0.2	0.289852832752883	0.288335921731743	-0.253823215367585	0.874567323487758	1.12839053885534	0	0	2	0.1	0.441697312482549	0.183658062448306	0.115151863824035	0.853755777551645	0.73860391372761	0	0	2	0.2	1.18774951882109	0.396346801172105	0.457021760103296	2.04306625381632	1.58604449371302	0	0	3	0.1	0.964620088026808	0.27089773606567	0.512375385634884	1.58152990238163	1.06915451674675	0	0	3	0.2	1.95593739679611	0.454910933524871	1.14797405458214	2.93268740990343	1.78471335532129
239	0	0	0	0.1	0.0645546647559262	0.0587417115877609	-0.0474072308486791	0.181899277256334	0.229306508105013	0	0	0	0.2	0.130887173118927	0.125397367749035	-0.127334734937021	0.389457275553638	0.516792010490659	0	0	1	0.1	0.14552418619246	0.084386127599653	-0.023747231236697	0.317425027652631	0.341172258889328	0	0	1	0.2	0.478576575349293	0.246226486479022	0.0573369067176328	1.02246552098701	0.965128614269373	0	0	2	0.1	0.538399228227798	0.182890369965056	0.221502000081978	0.961255582351534	0.739753582269556	0	0	2	0.2	1.30311729727149	0.392865168577291	0.61725301403482	2.15109266281403	1.53383964877921	0	0	3	0.1	0.883874155869101	0.250672540220314	0.457002845813168	1.43931332501677	0.9823104792036	0	0	3	0.2	1.76683037674491	0.454374548860192	0.966824586054953	2.73235648466791	1.76553189861296
246	0	0	0	0.1	0.199519104108921	0.105371630393264	0.014981840334224	0.445700290332215	0.430718449997991	0	0	0	0.2	0.601886877722327	0.2708658797941	0.13202886693637	1.20097306701772	1.06894420008134	0	0	1	0.1	0.511945588994131	0.186301613917217	0.186971340336617	0.912872790807295	0.725901450470678	0	0	1	0.2	1.37212676769671	0.446112108092334	0.490722908542145	2.26764040608694	1.77691749754479	0	0	2	0.1	0.96556768587527	0.266342074777501	0.451618211933542	1.49377981551496	1.04216160358142	0	0	2	0.2	1.87889666791017	0.437230580686221	1.01266840501056	2.76008128961703	1.74741288460648	0	0	3	0.1	1.20460750703192	0.284655309579651	0.685952044323713	1.79316103048538	1.10720898616167	0	0	3	0.2	2.16270335751163	0.441798833274901	1.35658922736898	3.03975962996984	1.68317040260086
248	0	0	0	0.1	-0.0302529105105903	0.0667414175928572	-0.165836908204729	0.0979531259499238	0.263790034154653	0	0	0	0.2	-0.0798712051497605	0.136760023538577	-0.355057731313825	0.185970554984351	0.541028286298176	0	0	1	0.1	0.067437672928507	0.0752683733222933	-0.0821444986432185	0.215322197400078	0.297466696043296	0	0	1	0.2	0.246967943256594	0.17409664673018	-0.0896527876958291	0.593627975114753	0.683280762810582	0	0	2	0.1	0.393931012454972	0.124248023564724	0.163373756812985	0.655943087991036	0.492569331178051	0	0	2	0.2	0.957353173964223	0.280709219273861	0.447221965977706	1.5646394083897	1.11741744241199	0	0	3	0.1	0.740996910176114	0.195230296945803	0.403779824847217	1.14684426270624	0.743064437859023	0	0	3	0.2	1.56714742828228	0.386567799837675	0.916235863711838	2.3964978303226	1.48026196661076
247	0	0	0	0.1	0.066235559075626	0.0556267424817318	-0.0442072992964399	0.173461915456737	0.217669214753177	0	0	0	0.2	0.135533200700374	0.153812052008934	-0.181096672148817	0.443559500336779	0.624656172485596	0	0	1	0.1	0.191408027207469	0.140710509179493	-0.0982839926162027	0.473294112101507	0.57157810471771	0	0	1	0.2	0.834035071415797	0.464298067143616	-0.0122797964524344	1.86727200532909	1.87955180178152	0	0	2	0.1	0.841572248159349	0.29170662874122	0.350547441190102	1.49464193854468	1.14409449735457	0	0	2	0.2	1.96280861239002	0.522672788904617	0.995420807637742	3.03582190359824	2.0404010959605	0	0	3	0.1	1.34531633987505	0.350795029785165	0.753210138637904	2.12013661263142	1.36692647399351	0	0	3	0.2	2.51721973712372	0.553719592039392	1.49918137631526	3.78509376615209	2.28591238983683
250	0	0	0	0.1	0.0385676582559432	0.0719732713116551	-0.110709362741161	0.168409387917989	0.27911875065915	0	0	0	0.2	0.0339013386945915	0.186426344919378	-0.355014456481037	0.360686998801967	0.715701455283004	0	0	1	0.1	0.0798365219436953	0.116390342075326	-0.151351050767187	0.307966256765356	0.459317307532543	0	0	1	0.2	0.517734407111732	0.346326400029799	-0.0585920608690128	1.27133550676315	1.32992756763216	0	0	2	0.1	0.76501124632362	0.261122814119669	0.35012129600268	1.39001607302151	1.03989477701883	0	0	2	0.2	1.90715128108363	0.500621690452377	1.02652033277204	2.96987343840563	1.94335310563359	0	0	3	0.1	1.42716372790763	0.363878856672839	0.804901442841012	2.19671749504163	1.39181605220062	0	0	3	0.2	2.68501287356184	0.545163638512991	1.66149865409277	3.74588264605888	2.08438399196611
249	0	0	0	0.1	0.198386042371017	0.0872160949791853	0.0369154456068661	0.373851727578388	0.336936281971522	0	0	0	0.2	0.454517229684544	0.215766992785924	0.0745104245066529	0.885097949948465	0.810587525441813	0	0	1	0.1	0.257456498383351	0.137307212150776	0.00354571031594293	0.552174100667833	0.54862839035189	0	0	1	0.2	0.751316543004128	0.359844866571312	0.078054080463647	1.5546746420052	1.47662056154155	0	0	2	0.1	0.62460276435472	0.212912440002468	0.257596218113887	1.09473012671817	0.837133908604282	0	0	2	0.2	1.3397497392095	0.378678754752824	0.675328440916504	2.13246823581083	1.45713979489432	0	0	3	0.1	0.912431626890919	0.231896997378529	0.528916736441522	1.40303210186183	0.874115365420305	0	0	3	0.2	1.70920480701917	0.379163494639068	1.03554436380907	2.53238258001369	1.49683821620462
254	0	0	0	0.1	0.139461463897537	0.0751005945696844	-0.000905253931178758	0.295593051184397	0.296498305115576	0	0	0	0.2	0.343264236566085	0.195158754188067	-0.0175864657785717	0.750924047051839	0.768510512830411	0	0	1	0.1	0.328306166353184	0.137126918265436	0.0730315116842941	0.619310475430305	0.546278963746011	0	0	1	0.2	0.963339309362825	0.34761505434347	0.346373418564245	1.70222063683087	1.35584721826663	0	0	2	0.1	0.888605725996049	0.244077033905764	0.473821963735274	1.41774683103524	0.943924867299966	0	0	2	0.2	1.94650364588894	0.455076491953519	1.1728605300856	2.89129118896046	1.71843065887486	0	0	3	0.1	1.45792704932611	0.346927339032678	0.887930547939517	2.22012809289899	1.33219754495948	0	0	3	0.2	2.72082676948747	0.53630884953212	1.77023156757554	3.90300738644563	2.13277581887009
255	0	0	0	0.1	0.0509832763935879	0.0759927063920995	-0.103171714897288	0.185078236695466	0.288249951592753	0	0	0	0.2	0.00617904099210778	0.212843774159609	-0.41628005556985	0.417880077420762	0.834160132990612	0	0	1	0.1	0.0840272164432971	0.152773889317564	-0.216140246129557	0.394715949655709	0.610856195785266	0	0	1	0.2	0.568506268031898	0.353997958932448	-0.059191908384487	1.33605588120337	1.39524778958786	0	0	2	0.1	0.702304213447466	0.242225647036296	0.325528815038143	1.2847099212788	0.959181106240655	0	0	2	0.2	1.53420042275644	0.417916132567926	0.850502659831064	2.46899094066174	1.61848828083068	0	0	3	0.1	1.07868117566546	0.304416685852167	0.623810231542184	1.82128344608593	1.19747321454375	0	0	3	0.2	2.0549176867029	0.479730051869646	1.27736431214879	3.14363176967211	1.86626745752333
253	0	0	0	0.1	0.265398542662914	0.105970101468264	0.0919030957526665	0.505516985754747	0.413613890002081	0	0	0	0.2	0.68748909350072	0.302501206927952	0.152234673218362	1.33732633091984	1.18509165770148	0	0	1	0.1	0.239980088999191	0.164162913850396	-0.0752264968127211	0.561321357740873	0.636547854553594	0	0	1	0.2	0.952336392881302	0.407697429367815	0.228566525626107	1.80792310632184	1.57935658069573	0	0	2	0.1	0.762866792966684	0.234804332765779	0.380887036790946	1.28992143372319	0.909034396932241	0	0	2	0.2	1.768014935494	0.435326263966161	1.01612554919945	2.71531037524616	1.69918482604671	0	0	3	0.1	1.13053866761481	0.27915966408018	0.678020871799115	1.81451135842249	1.13649048662337	0	0	3	0.2	2.20625387046552	0.466258460232591	1.40885425736288	3.23035880676982	1.82150454940694
271	0	0	0	0.1	0.0789086529213548	0.0720975274550189	-0.0714133699158633	0.227518617869233	0.298931987785096	0	0	0	0.2	0.089306647978868	0.206461279083441	-0.327406904745982	0.50680763762845	0.834214542374432	0	0	1	0.1	0.0200137100040209	0.132982308256362	-0.246778476295873	0.287499696461387	0.53427817275726	0	0	1	0.2	0.229900381468174	0.310969561429069	-0.361017996987398	0.883565470185269	1.24458346717267	0	0	2	0.1	0.41215983594745	0.179212120769411	0.0831457951054434	0.809732223488501	0.726586428383058	0	0	2	0.2	0.997045158618963	0.340031970916896	0.378042619285272	1.68959266378492	1.31155004449965	0	0	3	0.1	0.791755784390071	0.221643782142509	0.409214792715881	1.25426127390957	0.845046481193693	0	0	3	0.2	1.54204119294507	0.374844963879231	0.861052180376871	2.34144979640631	1.48039761602944
251	0	0	0	0.1	0.0734697873182245	0.0555515047379565	-0.0352001142447501	0.180001721104953	0.215201835349703	0	0	0	0.2	0.171086677620651	0.136778798475843	-0.0731939280043719	0.466522412441317	0.539716340445689	0	0	1	0.1	0.213971068565082	0.108345489731126	0.0360998021034216	0.464720179201191	0.428620377097769	0	0	1	0.2	0.705347532401559	0.315267472032309	0.218874823845395	1.47735888105748	1.25848405721209	0	0	2	0.1	0.692495358415987	0.199470745174175	0.384044438514249	1.16965251152632	0.785608073012074	0	0	2	0.2	1.54755431397409	0.376490602937872	0.937756416260153	2.40051385847032	1.46275744221017	0	0	3	0.1	1.04818491540051	0.248959549028489	0.641229005584465	1.60274175289061	0.961512747306143	0	0	3	0.2	2.06122302717178	0.434612927804721	1.29907495012442	3.07495712978803	1.7758821796636
267	0	0	0	0.1	0.10039914058716	0.0856357619759916	-0.0620964576327292	0.278853167310249	0.340949624942978	0	0	0	0.2	0.198796688864838	0.211181205324349	-0.20904634264906	0.634275645953171	0.843321988602231	0	0	1	0.1	0.200456453487342	0.130403046263841	-0.0306391079481566	0.481049983241849	0.511689091190006	0	0	1	0.2	0.726605178251389	0.306765357197424	0.216295380832776	1.41549868086192	1.19920330002915	0	0	2	0.1	0.750134579052407	0.206745294786127	0.403202175453947	1.19561004914253	0.792407873688585	0	0	2	0.2	1.57672568307492	0.341782320213469	0.964204746593866	2.30420018071662	1.33999543412275	0	0	3	0.1	1.16443200162655	0.255827240961098	0.717911343757316	1.7003210512726	0.982409707515286	0	0	3	0.2	2.15638959298299	0.39146472892637	1.43594045685437	2.97346139294244	1.53752093608807
252	0	0	0	0.1	0.106034391794938	0.0749777551013919	-0.0355780174785721	0.25118519910351	0.286763216582082	0	0	0	0.2	0.208121075355024	0.152715484173969	-0.0628681346531118	0.535434177200994	0.598302311854105	0	0	1	0.1	0.162282555486397	0.0931534158741701	-0.0166971970510487	0.349124327330035	0.365821524381083	0	0	1	0.2	0.471342893127118	0.247924767670508	0.0378389060841096	0.997523215573829	0.95968430948972	0	0	2	0.1	0.522572163409477	0.191514384536598	0.201255636615018	0.937355961713715	0.736100325098697	0	0	2	0.2	1.32182726711715	0.442698003662784	0.583855475052246	2.31087766837688	1.72702219332464	0	0	3	0.1	0.941902211781881	0.288945412346655	0.478017394750535	1.59903194473848	1.12101454998795	0	0	3	0.2	2.02706059475272	0.553815647369363	1.08855322617811	3.30028974993546	2.21173652375735
272	0	0	0	0.1	0.0310464000132219	0.0771870804680045	-0.127494821192194	0.177417873719204	0.304912694911398	0	0	0	0.2	0.123419312547852	0.189165124442484	-0.247309653785108	0.502435155941801	0.749744809726909	0	0	1	0.1	0.228067775183526	0.122965301857683	-0.00163570493363705	0.498795747353954	0.500431452287592	0	0	1	0.2	0.839914179570962	0.339022883293954	0.239076978374811	1.57796998729949	1.33889300892468	0	0	2	0.1	0.790134972010353	0.230080057829738	0.413844080941542	1.28651373362437	0.872669652682826	0	0	2	0.2	1.79955062373995	0.467590536782808	0.989386654277395	2.80821532139373	1.81882866711634	0	0	3	0.1	1.23058710058637	0.338419557245215	0.677933125499246	1.98237782883207	1.30444470333282	0	0	3	0.2	2.40580080659166	0.58978592693761	1.40543962521986	3.66034168285148	2.25490205763162
266	0	0	0	0.1	0.0754355376657393	0.0615887722468023	-0.0506555843534991	0.190587140125285	0.241242724478784	0	0	0	0.2	0.120034858049989	0.179867300600203	-0.215976368997528	0.459423034946528	0.675399403944057	0	0	1	0.1	0.141300288521748	0.16082610160623	-0.178640954497643	0.457034291409929	0.635675245907572	0	0	1	0.2	0.630945588516275	0.436666659779245	-0.138655784636814	1.55614419324819	1.694799977885	0	0	2	0.1	0.676909394861586	0.267567554788465	0.203188490099966	1.25618381479854	1.05299532469857	0	0	2	0.2	1.58367300922523	0.516381518353859	0.619304765614545	2.66938938581373	2.05008462019918	0	0	3	0.1	1.07277299577643	0.32385477494691	0.500430168136592	1.77293220304169	1.2725020349051	0	0	3	0.2	2.11779495278176	0.564854351024816	1.0831568873159	3.32082817515498	2.23767128783908
276	0	0	0	0.1	-0.047984209155359	0.0941019022778411	-0.234020146737241	0.129768406979006	0.363788553716247	0	0	0	0.2	-0.117095193928169	0.204675755723805	-0.505233572247887	0.278882872616299	0.784116444864187	0	0	1	0.1	0.000881002228622425	0.0919347664949508	-0.185073578725874	0.180135449820115	0.365209028545989	0	0	1	0.2	0.151359422279772	0.198818931944694	-0.244650524345786	0.565127352387745	0.80977787673353	0	0	2	0.1	0.333595870938409	0.112641201196789	0.129495201095862	0.577204549386202	0.447709348290339	0	0	2	0.2	0.816362709246327	0.236881650121574	0.397188571855683	1.33392633840578	0.936737766550094	0	0	3	0.1	0.619389351260258	0.152763607373903	0.356005715437584	0.956896358203002	0.600890642765418	0	0	3	0.2	1.24966201025261	0.285555839246195	0.750305424518871	1.85876647947396	1.10846105495509
277	0	0	0	0.1	0.106739524038364	0.0754889993832857	-0.0389903271847007	0.247653811353964	0.286644138538665	0	0	0	0.2	0.177584549972893	0.206278904112425	-0.240320887602146	0.60077921101182	0.841100098613965	0	0	1	0.1	0.160261319754351	0.134280306642862	-0.105308270061926	0.433814810011494	0.53912308007342	0	0	1	0.2	0.606260461937134	0.366136262949609	-0.0705148771679999	1.36405556859926	1.43457044576726	0	0	2	0.1	0.694319929137136	0.222916435253787	0.306724690966024	1.1820388554762	0.875314164510174	0	0	2	0.2	1.50131892527137	0.396375828524388	0.791534634603957	2.33897798641632	1.54744335181236	0	0	3	0.1	1.03803023152992	0.259735380718604	0.584599670541518	1.61548361996228	1.03088394942076	0	0	3	0.2	1.87988625314397	0.415722646005335	1.12449264342558	2.73717248471485	1.61267984128927
258	0	0	0	0.1	0.103234132993141	0.0508119372000008	0.0064345503338122	0.204912771096681	0.198478220762869	0	0	0	0.2	0.247631533066912	0.122050924919053	0.027738379445406	0.505962199039909	0.478223819594503	0	0	1	0.1	0.258307544241345	0.102136204125692	0.0750201611919179	0.481726670011724	0.406706508819806	0	0	1	0.2	0.889363312307245	0.366601586327172	0.302034937777713	1.77254659851659	1.47051166073888	0	0	2	0.1	0.842812634855309	0.242662491336292	0.442279344659015	1.37823704833579	0.935957703676775	0	0	2	0.2	1.86481129774024	0.426716070852747	1.10813745245393	2.73184618198475	1.62370872953083	0	0	3	0.1	1.29598190572955	0.30062726685914	0.761287280197021	1.93517312213864	1.17388584194162	0	0	3	0.2	2.28702662280824	0.456492381362898	1.42436119909706	3.19276755118299	1.76840635208593
256	0	0	0	0.1	0.0859815962183625	0.0567034642987053	-0.023893167671495	0.196091204415573	0.219984372087068	0	0	0	0.2	0.150762347644512	0.148574403339183	-0.160340500678478	0.434356056375372	0.59469655705385	0	0	1	0.1	0.186722482958236	0.140779030802489	-0.0968888288185013	0.45941443212404	0.556303260942542	0	0	1	0.2	0.611738361259661	0.361741579176622	-0.0476177985198759	1.36256994092139	1.41018773944127	0	0	2	0.1	0.671592703038079	0.238946081252945	0.270313915757232	1.17597077159151	0.90565685583428	0	0	2	0.2	1.51998663014264	0.43112008952334	0.746772012215892	2.41377741718585	1.66700540496996	0	0	3	0.1	1.11801154177705	0.294153442165559	0.615701729246425	1.76257314903094	1.14687141978452	0	0	3	0.2	2.09349166385348	0.461083421254773	1.24995268694495	3.08536526555201	1.83541257860707
263	0	0	0	0.1	-0.0426722326707524	0.0825260527370995	-0.217814729726438	0.111047883866495	0.328862613592933	0	0	0	0.2	-0.091715094153929	0.187739752179588	-0.497772988493334	0.272134699153986	0.76990768764732	0	0	1	0.1	0.133509835006543	0.113654734370169	-0.08905452435918	0.380443029324956	0.469497553684136	0	0	1	0.2	0.575179222685049	0.292646829120106	0.0637154550460022	1.22242067640884	1.15870522136284	0	0	2	0.1	0.709712623115138	0.206500492163552	0.37209218660752	1.14902285126132	0.7769306646538	0	0	2	0.2	1.64058292679443	0.408018521659576	0.930804598437989	2.51275057791797	1.58194597947998	0	0	3	0.1	1.18200208260141	0.29532373111153	0.694630679747559	1.83951968133553	1.14488900158798	0	0	3	0.2	2.28105385837542	0.495605803710218	1.38399841206881	3.29100400072003	1.90700558865122
265	0	0	0	0.1	0.129392008627887	0.098567462429264	-0.0556429574122116	0.326977528635453	0.382620486047665	0	0	0	0.2	0.188890218349325	0.263091977080221	-0.292365375180163	0.718731518672381	1.01109689385254	0	0	1	0.1	0.0527912452000587	0.149608090238953	-0.247997496028444	0.335362682161183	0.583360178189627	0	0	1	0.2	0.376002495745182	0.311449398513026	-0.226383713325147	0.969522572731369	1.19590628605652	0	0	2	0.1	0.497922518859308	0.166147120682587	0.184599246263977	0.838320316555928	0.653721070291951	0	0	2	0.2	1.12311866558352	0.297029326729958	0.561046784402259	1.7383727990554	1.17732601465314	0	0	3	0.1	0.791833536356581	0.183215380485301	0.463949041676812	1.17646958740392	0.712520545727107	0	0	3	0.2	1.49248666652745	0.312097954779274	0.91573782204283	2.15277536654175	1.23703754449892
278	0	0	0	0.1	0.144968634247822	0.0664715607399638	0.0233638856069088	0.28075197284666	0.257388087239751	0	0	0	0.2	0.333245594167341	0.175179840579504	0.0267806049701761	0.707842861155114	0.681062256184938	0	0	1	0.1	0.247728940170937	0.112956645082747	0.0364244186287938	0.479909293579145	0.443484874950351	0	0	1	0.2	0.701959357864272	0.289865485258343	0.18539292887665	1.31235075213258	1.12695782325593	0	0	2	0.1	0.623783844714991	0.17099258088173	0.3188968527144	0.982257813646487	0.663360960932087	0	0	2	0.2	1.40083994004451	0.326608047582624	0.82069327626437	2.06869234379103	1.24799906752666	0	0	3	0.1	0.961170247867324	0.213767564104539	0.596162482015714	1.44851935316466	0.85235687114895	0	0	3	0.2	1.86875315045543	0.378031264820551	1.2360389648692	2.72357155547999	1.4875325906108
273	0	0	0	0.1	0.129889850664778	0.0672307603386539	0.00188844531679611	0.270876311066141	0.268987865749345	0	0	0	0.2	0.385737547710802	0.197887054066797	0.0394445560528662	0.808129030263733	0.768684474210867	0	0	1	0.1	0.419945715374688	0.183843761218037	0.12448047953833	0.82691992542371	0.702439445885379	0	0	1	0.2	1.27997376756258	0.428894062088193	0.587694468821882	2.23760929401584	1.64991482519396	0	0	2	0.1	0.98586474294625	0.275022158364216	0.542537929772949	1.61765331810423	1.07511538833128	0	0	2	0.2	1.92780282744925	0.453948702681293	1.14776077835812	2.92521907187606	1.77745829351794	0	0	3	0.1	1.24247149303694	0.313725734335049	0.721854771581994	1.95662537552804	1.23477060394604	0	0	3	0.2	2.22188766634838	0.50002955617531	1.39131669274593	3.30761987090156	1.91630317815563
261	0	0	0	0.1	0.118687873452587	0.073881358240272	-0.0207241516201564	0.273245146083547	0.293969297703703	0	0	0	0.2	0.296330367862037	0.181071209495735	-0.0364326593202245	0.686655927101038	0.723088586421263	0	0	1	0.1	0.277352450965553	0.126165183171236	0.0520784341870248	0.537026158310435	0.484947724123411	0	0	1	0.2	0.877175970877231	0.377329564245253	0.199839960062463	1.70724234941166	1.5074023893492	0	0	2	0.1	0.788611157892114	0.266262594746991	0.327493231213482	1.3546804129791	1.02718718176562	0	0	2	0.2	1.90285139319774	0.529392415324781	0.908577608560042	2.98017350233587	2.07159589377583	0	0	3	0.1	1.34529823024899	0.376312351928381	0.697396200510173	2.14281684847569	1.44542064796551	0	0	3	0.2	2.71008397973148	0.6219023917194	1.58681139465762	4.02439968284645	2.43758828818883
259	0	0	0	0.1	0.0384729213078527	0.0932543802956915	-0.165130027220068	0.21338136602621	0.378511393246278	0	0	0	0.2	0.0522242297769852	0.214747668512753	-0.360604196128713	0.476470080165312	0.837074276294025	0	0	1	0.1	0.152277756573318	0.115610560689451	-0.0639633608024643	0.382050360509057	0.446013721311522	0	0	1	0.2	0.522698243216133	0.248322208942522	0.0687729771657542	1.03081997351075	0.962046996344991	0	0	2	0.1	0.581405436559985	0.15165706025611	0.290201017474026	0.893150111968172	0.602949094494146	0	0	2	0.2	1.28655740183602	0.288769719984551	0.739697877744404	1.87940588957643	1.13970801183203	0	0	3	0.1	0.933560735660081	0.192369058130289	0.586111873501112	1.35100142822988	0.764889554728766	0	0	3	0.2	1.82842731553212	0.336533861212829	1.20198226835992	2.53955239944402	1.3375701310841
262	0	0	0	0.1	0.142659262846705	0.0707559208305373	0.00632801686620961	0.291702950477212	0.285374933611003	0	0	0	0.2	0.331803231986196	0.171609826375069	0.00903269297520875	0.711071697322984	0.702039004347776	0	0	1	0.1	0.31289911012102	0.0997986774715823	0.131454762283478	0.522231463822612	0.390776701539134	0	0	1	0.2	0.851737619093144	0.235884401880088	0.421123159839007	1.34890258384454	0.927779424005534	0	0	2	0.1	0.775209922945868	0.159055614559203	0.501741109832103	1.10265862663094	0.600917516798837	0	0	2	0.2	1.5688725364533	0.285814635030181	1.06917334787007	2.15693416199171	1.08776081412164	0	0	3	0.1	1.0935903167996	0.211750162657336	0.730664900407995	1.57017033336043	0.839505432952436	0	0	3	0.2	2.04528544348815	0.358759311398121	1.40317846112751	2.81566386794161	1.4124854068141
274	0	0	0	0.1	0.0475071117561203	0.0586337113324544	-0.0767849071638419	0.160123993803317	0.236908900967159	0	0	0	0.2	0.112233989275274	0.132366002077263	-0.151072202063495	0.387938877920941	0.539011079984436	0	0	1	0.1	0.223229486432165	0.089969180209141	0.06215304369894	0.412720621015481	0.350567577316541	0	0	1	0.2	0.64206858920569	0.236827025583963	0.228048152397287	1.16232960682986	0.934281454432575	0	0	2	0.1	0.672311557153453	0.165970004335422	0.367223929502627	1.01081143120163	0.643587501699003	0	0	2	0.2	1.50828504842413	0.331452969545821	0.884538651156349	2.16944755478113	1.28490890362478	0	0	3	0.1	1.08732806637595	0.234616663832155	0.674281843567269	1.56665143708031	0.892369593513039	0	0	3	0.2	2.0885120176463	0.400055087404894	1.35047135754002	2.90731609616907	1.55684473862905
275	0	0	0	0.1	0.164198324364531	0.079255068062074	0.00495680720621532	0.315399116259001	0.310442309052785	0	0	0	0.2	0.364951248144731	0.184797326381752	0.0267695652604236	0.742145961702586	0.715376396442163	0	0	1	0.1	0.21621153752578	0.123964472963777	-0.0180408419766081	0.456414628356149	0.474455470332757	0	0	1	0.2	0.608023229879947	0.314766753968336	0.0163202142139001	1.24930020939904	1.23297999518514	0	0	2	0.1	0.489482071261177	0.192960838274901	0.135576727325233	0.890197151640624	0.75462042431539	0	0	2	0.2	1.05748584580616	0.375198293908523	0.352012681732721	1.82156289570997	1.46955021397725	0	0	3	0.1	0.715917118930616	0.245424194364253	0.287603582102696	1.21700033914226	0.929396757039567	0	0	3	0.2	1.3763765247478	0.437391748024785	0.569254598665306	2.2757216964821	1.70646709781679
260	0	0	0	0.1	0.145342307332413	0.100198734250464	-0.0416572217706313	0.361369940445696	0.403027162216327	0	0	0	0.2	0.346381355798135	0.257758226049526	-0.127771735494078	0.897189783658209	1.02496151915229	0	0	1	0.1	0.344285720312585	0.148329189760869	0.0706821729624333	0.631000304703589	0.560318131741156	0	0	1	0.2	0.955919875955965	0.345544385589103	0.356227646931068	1.63993831628572	1.28371066935465	0	0	2	0.1	0.851209297704391	0.242786707926268	0.405095317380044	1.36418725477934	0.959091937399292	0	0	2	0.2	1.7920134183067	0.451573420209255	0.903463552452362	2.68287358524241	1.77941003279005	0	0	3	0.1	1.25659625596961	0.324304086423879	0.652338404338474	1.91884293656168	1.26650453222321	0	0	3	0.2	2.34049644546191	0.52374410684226	1.33377908126803	3.40707703410651	2.07329795283848
268	0	0	0	0.1	0.024972652202343	0.0699324918479671	-0.121878096602505	0.15743973899087	0.279317835593375	0	0	0	0.2	0.0701834510426181	0.166680588361358	-0.274079030833766	0.380373684114704	0.65445271494847	0	0	1	0.1	0.119221439100146	0.102086803800448	-0.0814685768368247	0.325588665734988	0.407057242571813	0	0	1	0.2	0.507486562302347	0.277773940011581	-0.00401163986715399	1.07783150755526	1.08184314742242	0	0	2	0.1	0.575094552401435	0.177051587861897	0.26660170377034	0.982149344792037	0.715547641021697	0	0	2	0.2	1.3332063788101	0.34158183717892	0.706279197549843	2.05322511146325	1.34694591391341	0	0	3	0.1	0.926097446811202	0.226803834339746	0.52812445400602	1.43091262897409	0.902788174968074	0	0	3	0.2	1.78679274760755	0.382329352501715	1.08187272101885	2.58258771020041	1.50071498918156
269	0	0	0	0.1	0.0296570822349402	0.0887905104740077	-0.151038480980954	0.193844794818272	0.344883275799226	0	0	0	0.2	0.0490377369276229	0.193111623608497	-0.347438104772313	0.425126181001326	0.772564285773639	0	0	1	0.1	0.0989550513605811	0.101796783548435	-0.10276069462635	0.29224917373604	0.39500986836239	0	0	1	0.2	0.318688296812617	0.236873579356137	-0.126339539453984	0.778754941622114	0.905094481076097	0	0	2	0.1	0.386851515432115	0.137415932455012	0.142728061470772	0.68404717466594	0.541319113195168	0	0	2	0.2	0.878329829053918	0.274208406036848	0.377198396830116	1.46069986363343	1.08350146680331	0	0	3	0.1	0.63718852708626	0.172001918243822	0.337586313616712	1.00417651517021	0.666590201553495	0	0	3	0.2	1.26541425768218	0.316474891165639	0.68472912202648	1.92551451096452	1.24078538893804
257	0	0	0	0.1	0.18018044875175	0.0819833569714052	0.042229722618573	0.351548811910171	0.309319089291598	0	0	0	0.2	0.554147072334796	0.257201042222091	0.159625868940716	1.18302826771519	1.02340239877447	0	0	1	0.1	0.498181245569604	0.164899068265657	0.226887307702413	0.88499799669934	0.658110688996927	0	0	1	0.2	1.60151839074832	0.52124698521762	0.768421923640246	2.8198947168744	2.05147279323415	0	0	2	0.1	1.16523693291195	0.351229072954858	0.631359856755656	1.99976567605777	1.36840581930211	0	0	2	0.2	2.41198414952963	0.579785862115025	1.44849575158387	3.70657798953674	2.25808223795287	0	0	3	0.1	1.55783952996343	0.408762543225482	0.910490511158734	2.52457141354906	1.61408090239032	0	0	3	0.2	2.83477582016869	0.607640697367372	1.81335192823749	4.16031039619366	2.34695846795618
279	0	0	0	0.1	0.144763076034119	0.0499590478375902	0.0500738189777086	0.245153844503482	0.195080025525774	0	0	0	0.2	0.306787582269821	0.117146072333333	0.0881884804776241	0.548190607680939	0.460002127203314	0	0	1	0.1	0.281035428914093	0.0893752809871651	0.114828023066619	0.464515181479813	0.349687158413194	0	0	1	0.2	0.815473286528635	0.268073885940795	0.355435795965264	1.4191974209388	1.06376162497353	0	0	2	0.1	0.791287782402716	0.211178784170645	0.463100370649384	1.28252127196374	0.819420901314361	0	0	2	0.2	1.90289410741523	0.467519240400473	1.13589774682599	2.97969253727391	1.84379479044793	0	0	3	0.1	1.37338299481555	0.354800527335924	0.806356444660399	2.23546472039761	1.42910827573721	0	0	3	0.2	2.79017893962266	0.620638688819744	1.72273056307437	4.11817088738573	2.39544032431136
270	0	0	0	0.1	0.112907749593381	0.0558543490792637	0.00709851937794208	0.219115265556724	0.212016746178782	0	0	0	0.2	0.248546125967938	0.132815172601645	-0.00346194577381406	0.50722858669419	0.510690532468004	0	0	1	0.1	0.222105294817082	0.0856298124595958	0.067724377702345	0.400014687954315	0.33229031025197	0	0	1	0.2	0.565377515959564	0.208992380280796	0.1891855865707	1.03780177478572	0.848616188215022	0	0	2	0.1	0.496037244128975	0.136784039845502	0.265326030601572	0.796905284152377	0.531579253550805	0	0	2	0.2	1.12018500924123	0.298576757389141	0.621284679220935	1.81516286547909	1.19387818625815	0	0	3	0.1	0.766222330165633	0.194386334398819	0.426133154404176	1.21887234943841	0.79273919503423	0	0	3	0.2	1.57972937939562	0.383094329575714	0.913160921184397	2.46432272038899	1.55116179920459
264	0	0	0	0.1	-0.00954971123506731	0.0648274901039199	-0.153513400703825	0.114371583534078	0.267884984237903	0	0	0	0.2	-0.0189576439455909	0.155488366644934	-0.323340119277073	0.283894530836155	0.607234650113228	0	0	1	0.1	0.0489675976384741	0.0993785278141718	-0.146757149839775	0.24366698374273	0.390424133582505	0	0	1	0.2	0.270337956204984	0.269858346453781	-0.222862222089629	0.830113584062011	1.05297580615164	0	0	2	0.1	0.397011697344088	0.174043393497072	0.0840659418540515	0.765788478201336	0.681722536347285	0	0	2	0.2	1.01403853968265	0.365777466141744	0.347795606911557	1.75718749695729	1.40939189004573	0	0	3	0.1	0.731309742197804	0.223029654496579	0.343636486674186	1.20900587623072	0.86536938955653	0	0	3	0.2	1.47463517138689	0.404661986174285	0.740251262148834	2.30779857559697	1.56754731344814
282	0	0	0	0.1	0.124791904734874	0.0710197107248661	-0.0141927489328461	0.278410427793671	0.292603176726517	0	0	0	0.2	0.4004413959058	0.258985507601741	-0.0616024536056474	0.99492926939571	1.05653172300136	0	0	1	0.1	0.401800493218515	0.182532008466649	0.0670284729170276	0.778239335805058	0.711210862888031	0	0	1	0.2	1.16774208998017	0.339030980435553	0.521510101546269	1.83124287852231	1.30973277697604	0	0	2	0.1	0.924565441891328	0.205114607091232	0.549927049285557	1.33748559429911	0.787558545013554	0	0	2	0.2	1.70785600517468	0.312767727004757	1.13215727843086	2.32495405605743	1.19279677762657	0	0	3	0.1	1.12014474808261	0.212749175880489	0.736559476173364	1.55752678363436	0.820967307460992	0	0	3	0.2	1.9337074990309	0.326094542989437	1.3310438863153	2.61163683123589	1.28059294492059
281	0	0	0	0.1	0.0491270992228192	0.0656943278811758	-0.0815591450836127	0.177860593729296	0.259419738812909	0	0	0	0.2	0.0691456536474728	0.170946566686966	-0.265855033469159	0.404595343640966	0.670450377110125	0	0	1	0.1	0.101349846450455	0.12496349372203	-0.148000553834557	0.332904231375276	0.480904785209833	0	0	1	0.2	0.390387557839345	0.30405829779536	-0.212408479601127	1.00928461686034	1.22169309646146	0	0	2	0.1	0.4956940770878	0.189992517955408	0.148264752862094	0.899434545304865	0.751169792442772	0	0	2	0.2	1.09780013926345	0.368671166025292	0.4099279575831	1.87193220071683	1.46200424313373	0	0	3	0.1	0.837999445348248	0.249606277870949	0.392634539445307	1.40303676133986	1.01040222189455	0	0	3	0.2	1.62366329283717	0.436136089154544	0.815226775302509	2.55642583820178	1.74119906289927
280	0	0	0	0.1	0.158184975905675	0.0819826481974112	-0.00364118183519377	0.326757171065727	0.330398352900921	0	0	0	0.2	0.258495178715777	0.213068794786148	-0.179371457832279	0.665642400894027	0.845013858726307	0	0	1	0.1	-0.0104475602610963	0.150297659252206	-0.307374016895209	0.267072038574217	0.574446055469427	0	0	1	0.2	0.161523877964012	0.337594130497794	-0.500639959481311	0.829549853456381	1.33018981293769	0	0	2	0.1	0.314060104733627	0.1891378033668	-0.0347271532372197	0.697990323412227	0.732717476649446	0	0	2	0.2	0.771850721682633	0.358687097484064	0.0781772706473129	1.5687206114208	1.49054334077348	0	0	3	0.1	0.563260374806612	0.207510198029392	0.19678702088703	1.02230640204199	0.825519381154962	0	0	3	0.2	1.1317360911462	0.379311231023829	0.466165662390932	1.9646679652959	1.49850230290497
285	0	0	0	0.1	0.0610665078129218	0.0508285370272002	-0.0397184358764654	0.159162537436766	0.198880973313231	0	0	0	0.2	0.171258847373181	0.115105104681274	-0.0500763689896072	0.406650845516928	0.456727214506535	0	0	1	0.1	0.251184294928201	0.0987349068531911	0.0645018590291285	0.445455189170553	0.380953330141425	0	0	1	0.2	0.753747210079604	0.287819034195615	0.235167695672729	1.35710603114712	1.12193833547439	0	0	2	0.1	0.704897274113541	0.205147901611555	0.347127447875009	1.12884978088308	0.781722333008069	0	0	2	0.2	1.57277826169992	0.401339491901685	0.865459570608977	2.37006101193651	1.50460144132753	0	0	3	0.1	1.08498959240912	0.277419963513458	0.612342187911146	1.66721484740586	1.05487265949471	0	0	3	0.2	2.03511370372808	0.459608610866793	1.23173220330333	2.98286306160439	1.75113085830106
283	0	0	0	0.1	0.0561266814038689	0.0765864811212879	-0.103100847091117	0.198261540760643	0.30136238785176	0	0	0	0.2	0.0625293796483101	0.183466533938503	-0.319049066750429	0.402792061952821	0.72184112870325	0	0	1	0.1	0.0675547417863571	0.099667620552717	-0.146145940778723	0.270990164090544	0.417136104869267	0	0	1	0.2	0.301757512685529	0.232906530732554	-0.130912300075439	0.810859130066691	0.94177143014213	0	0	2	0.1	0.453104924110318	0.139368540253461	0.211498968249376	0.772536730990139	0.561037762740763	0	0	2	0.2	1.06284330362171	0.287037219848098	0.579543785998121	1.73079822511859	1.15125443912047	0	0	3	0.1	0.792923459973625	0.19693486968612	0.467430235633139	1.22967947218874	0.762249236555604	0	0	3	0.2	1.56945487340094	0.362784387776645	0.946099735317275	2.3783544062222	1.43225467090492
284	0	0	0	0.1	0.0761337210778329	0.0530228212669769	-0.0310129008303313	0.186754076555313	0.217766977385644	0	0	0	0.2	0.154663622095467	0.134809476071541	-0.108152989610696	0.438700439795573	0.54685342940627	0	0	1	0.1	0.185257085780181	0.128696021118829	-0.0361379402317063	0.455366942485428	0.491504882717135	0	0	1	0.2	0.940067435302093	0.533771552087373	0.150524293310879	2.13527546149526	1.98475116818438	0	0	2	0.1	1.20854004836582	0.391448230579552	0.583711522335115	2.03815568010905	1.45444415777394	0	0	2	0.2	2.44144510087803	0.50572994271783	1.46159703799743	3.454941927499	1.99334488950157	0	0	3	0.1	1.88989352720556	0.40290056178277	1.12212084389145	2.73228009925111	1.61015925535966	0	0	3	0.2	3.00764259984612	0.503043141922366	2.05284947881417	4.04345156812202	1.99060208930784
288	0	0	0	0.1	0.0581815429775118	0.0814531365262269	-0.101729048376492	0.21521859370594	0.316947642082432	0	0	0	0.2	0.112747073561573	0.20661877979986	-0.300371812207504	0.514374177205365	0.814745989412869	0	0	1	0.1	0.109540320680107	0.114084764499768	-0.125864761815639	0.328412207849736	0.454276969665375	0	0	1	0.2	0.366340410715648	0.253080778063984	-0.107141481875341	0.891686355189334	0.998827837064675	0	0	2	0.1	0.415747934264677	0.138360740537215	0.15810527821757	0.716484115941857	0.558378837724287	0	0	2	0.2	0.936829267681224	0.26666973812324	0.427299974231972	1.49140874146786	1.06410876723588	0	0	3	0.1	0.673533292834803	0.165155990076315	0.374916259103255	1.02654990621581	0.651633647112559	0	0	3	0.2	1.30086240067431	0.298273486096265	0.754856236674781	1.96544809351109	1.21059185683631
291	0	0	0	0.1	0.126096125403548	0.0620425430788189	0.0132677640121904	0.252168690045503	0.238900926033313	0	0	0	0.2	0.253441250076403	0.151058574369707	-0.0218626515204034	0.584089051551672	0.605951703072076	0	0	1	0.1	0.209664939016457	0.0995469660755398	0.0305599881787603	0.41315191193464	0.382591923755879	0	0	1	0.2	0.676458923473848	0.260406783166893	0.200977430165787	1.2095717918152	1.00859436164942	0	0	2	0.1	0.698374571274303	0.181918615142427	0.38474495948313	1.0790786942485	0.694333734765371	0	0	2	0.2	1.52525720263492	0.361310808191715	0.886597648310971	2.2925152181022	1.40591756979123	0	0	3	0.1	1.06782035742282	0.252445014367228	0.644395455465456	1.61673464632284	0.972339190857383	0	0	3	0.2	2.02788805646552	0.438984940784831	1.28055514560576	2.99718642275631	1.71663127715055
287	0	0	0	0.1	0.128787116044387	0.0782241009924607	-0.0197185716457648	0.292512134940111	0.312230706585876	0	0	0	0.2	0.28394485170388	0.184385410602385	-0.0577446251327375	0.678369082733568	0.736113707866306	0	0	1	0.1	0.199694066579925	0.099852360751474	0.00516135561957938	0.403409542900638	0.398248187281058	0	0	1	0.2	0.568266790992768	0.233831518561349	0.115172483978039	1.03891573332326	0.923743249345224	0	0	2	0.1	0.557491909008794	0.139529112613877	0.311625042604099	0.851760123398528	0.540135080794429	0	0	2	0.2	1.19869187074142	0.276047776579097	0.705368617754065	1.79521959728529	1.08985097953123	0	0	3	0.1	0.83147343895385	0.187095052355939	0.51647610287672	1.23181745493878	0.71534135206206	0	0	3	0.2	1.58280868779177	0.335324235681152	1.01020954041944	2.29249350987716	1.28228396945771
286	0	0	0	0.1	0.0841844628664387	0.0719121213541107	-0.0597302063837639	0.236610116395775	0.296340322779539	0	0	0	0.2	0.222193050456219	0.168258422900572	-0.101856814157162	0.595978504869011	0.697835319026173	0	0	1	0.1	0.197741974572753	0.106746359928988	-0.0129953089202683	0.414542816268554	0.427538125188822	0	0	1	0.2	0.58762813586282	0.27533143228835	0.0812357643344755	1.18969040282942	1.10845463849494	0	0	2	0.1	0.500796319219792	0.163176901097929	0.226181406035362	0.862658903550649	0.636477497515287	0	0	2	0.2	1.13885581182809	0.33419274670837	0.568651265544562	1.87959424788414	1.31094298233958	0	0	3	0.1	0.774729749836812	0.209508804771946	0.407698950386764	1.23453840239807	0.826839452011306	0	0	3	0.2	1.53900647678673	0.390355606841344	0.828401493253927	2.39754346662881	1.56914197337489
289	0	0	0	0.1	0.121309678438743	0.0409596696069955	0.0471923119383586	0.203876680990014	0.156684369051656	0	0	0	0.2	0.257570089432181	0.139594802283351	0.00521423714581067	0.56187439578085	0.556660158635039	0	0	1	0.1	0.0718366870875142	0.198921613848677	-0.354017502294773	0.436518695216949	0.790536197511721	0	0	1	0.2	0.67406568669123	0.47074039065727	-0.152426571090515	1.65062937396484	1.80305594505536	0	0	2	0.1	0.782187878741592	0.298093490703456	0.301404651624426	1.45123006699327	1.14982541536884	0	0	2	0.2	1.7640926213529	0.457742742260669	0.968239896595458	2.74305267283945	1.774812776244	0	0	3	0.1	1.30433653959694	0.329472627967901	0.788017297092417	2.06608879463904	1.27807149754662	0	0	3	0.2	2.31387321500577	0.469446017745343	1.51093357164169	3.3245925096129	1.81365893797121
292	0	0	0	0.1	0.110029133961053	0.0711121266185397	-0.0273193053825161	0.253343679147843	0.280662984530359	0	0	0	0.2	0.320584807713702	0.217366668133071	-0.077379449230048	0.762499816783017	0.839879266013065	0	0	1	0.1	0.282770962091456	0.144371682433952	0.00183565028780324	0.56866463315931	0.566828982871507	0	0	1	0.2	0.972512566989859	0.366399651387764	0.303349503322884	1.76520488509031	1.46185538176743	0	0	2	0.1	0.799509683195359	0.222073852665877	0.406376931411987	1.27705561808142	0.870678686669429	0	0	2	0.2	1.74900300486989	0.417690786065322	1.02187765054666	2.61890440048397	1.59702674993731	0	0	3	0.1	1.150384416845	0.27646205680882	0.683289547755484	1.77380274692929	1.09051319917381	0	0	3	0.2	2.1787379099416	0.463257717409778	1.35546096224249	3.2119211857116	1.85646022346911
314	0	0	0	0.1	0.0864192942161003	0.0803611878180457	-0.0735052019840181	0.239952764428666	0.313457966412684	0	0	0	0.2	0.152861186482319	0.189569949458768	-0.21185277911167	0.536409017461542	0.748261796573212	0	0	1	0.1	0.228381964062288	0.132288685207218	-0.0312781008823549	0.489002372019111	0.520280472901466	0	0	1	0.2	0.71733537059007	0.310048654113723	0.140331057025574	1.2977109892627	1.15737993223712	0	0	2	0.1	0.693380795093536	0.198187296466866	0.334480948778858	1.09120863656971	0.756727687790855	0	0	2	0.2	1.48749773979399	0.373307795384387	0.794649357696	2.28723772725884	1.49258836956284	0	0	3	0.1	1.01904850123655	0.252660330939676	0.56577934810592	1.57268941630607	1.00691006820015	0	0	3	0.2	1.96348693303894	0.44232916005064	1.14727108743203	2.87123732725752	1.72396623982549
290	0	0	0	0.1	0.0851414702779993	0.100033917054634	-0.110520120075361	0.270253382050554	0.380773502125915	0	0	0	0.2	0.146796791334286	0.236368955670175	-0.322532130124829	0.637020781436917	0.959552911561746	0	0	1	0.1	0.130878711794603	0.130223350084948	-0.126559027897834	0.390200698991511	0.516759726889345	0	0	1	0.2	0.571504155779969	0.307241885800409	-0.00576575768486339	1.22663685020469	1.23240260788956	0	0	2	0.1	0.605916228986387	0.194967839767342	0.299406419246311	1.03650333794784	0.737096918701525	0	0	2	0.2	1.41178960369838	0.382458102492271	0.80078029251329	2.25145027284246	1.45066998032917	0	0	3	0.1	0.954456252755155	0.256438743852706	0.576366854321848	1.52877487515903	0.95240802083718	0	0	3	0.2	1.91633400550198	0.449232926318053	1.20084202531835	2.95252696128784	1.75168493596948
299	0	0	0	0.1	0.0590271880288792	0.0649254945434663	-0.0717059419834911	0.183415814721435	0.255121756704926	0	0	0	0.2	0.123980965688585	0.158779999552196	-0.207410885410012	0.427768268844453	0.635179154254465	0	0	1	0.1	0.177038425168398	0.128819224080669	-0.0734662212462236	0.432572649647113	0.506038870893336	0	0	1	0.2	0.677508334488791	0.393873905108676	-0.00378406379253531	1.52630108283182	1.53008514662435	0	0	2	0.1	0.761401122712256	0.262229453393123	0.332667354014811	1.34887372189936	1.01620636788455	0	0	2	0.2	1.68025697732431	0.437304972382149	0.911144393392948	2.58367208457558	1.67252769118264	0	0	3	0.1	1.21819894872054	0.301835986536514	0.699587158485407	1.88099472947982	1.18140757099441	0	0	3	0.2	2.16045446279955	0.441541767263263	1.35706062222826	3.11382004026286	1.7567594180346
315	0	0	0	0.1	0.147793983569481	0.0722809550972659	0.00819323881028614	0.293641321820162	0.285448083009875	0	0	0	0.2	0.352635127852809	0.220301747188175	-0.0316916207021851	0.836030047798155	0.867721668500341	0	0	1	0.1	0.393565263342577	0.187904147967921	0.0950922746478538	0.842240269338749	0.747147994690895	0	0	1	0.2	1.56591673304411	0.493333862524768	0.723572582294501	2.61651014518503	1.89293756289052	0	0	2	0.1	1.5276501783664	0.380305292441773	0.90353108097234	2.3499834345281	1.44645235355576	0	0	2	0.2	2.83706712700368	0.483101211365336	1.93947080327583	3.84137967501319	1.90190887173736	0	0	3	0.1	2.09813382104404	0.431946343502135	1.31701656252926	2.99848019147036	1.6814636289411	0	0	3	0.2	3.43892725561368	0.546124186315362	2.39912838011339	4.5769620843336	2.17783370422022
321	0	0	0	0.1	0.00231748309861701	0.062526365048986	-0.125933551009822	0.120426769306512	0.246360320316334	0	0	0	0.2	-0.0537315666697077	0.152278118243168	-0.352871436137836	0.238380219298959	0.591251655436794	0	0	1	0.1	0.0692301456446612	0.102203727344585	-0.133332046443896	0.269837254717259	0.403169301161155	0	0	1	0.2	0.342424319857773	0.261369319320515	-0.143853566355532	0.858322738775021	1.00217630513055	0	0	2	0.1	0.513305953033804	0.170496567084406	0.197504697593905	0.862546678976721	0.665041981382815	0	0	2	0.2	1.22201127457575	0.350788106319095	0.5335142667901	1.90061376578789	1.36709949899779	0	0	3	0.1	0.884585388060654	0.234251929694026	0.465375811955144	1.36344795283428	0.89807214087914	0	0	3	0.2	1.76879112636305	0.421408399326467	0.991462683687789	2.57899522024026	1.58753253655247
294	0	0	0	0.1	0.0716210053195186	0.0736534366658263	-0.0713509169484482	0.214444867958557	0.285795784907005	0	0	0	0.2	0.148966797882903	0.166305529588277	-0.157423643999544	0.461323164114225	0.618746808113769	0	0	1	0.1	0.12164659909004	0.0873392844100417	-0.0451084931706048	0.304088809139379	0.349197302309984	0	0	1	0.2	0.354494911693308	0.203504067241113	-0.0319485466908808	0.783597921781913	0.815546468472794	0	0	2	0.1	0.364080169527017	0.113608751755619	0.168227482985021	0.598450499697494	0.430223016712472	0	0	2	0.2	0.851457881643528	0.247999141112129	0.404659558039509	1.36047783777185	0.955818279732337	0	0	3	0.1	0.567864560852875	0.152709498814371	0.290161210904812	0.884842964688267	0.594681753783455	0	0	3	0.2	1.15492975296382	0.301468543531095	0.619402680104329	1.78184893437905	1.16244625427472
296	0	0	0	0.1	-0.0202741329088157	0.0772355053595233	-0.180915548479992	0.121419804417229	0.302335352897221	0	0	0	0.2	-0.0498221331698083	0.189247381492287	-0.453029005745846	0.287756127371205	0.74078513311705	0	0	1	0.1	0.141413357204344	0.124110568068587	-0.102510562182038	0.38293103166623	0.485441593848268	0	0	1	0.2	0.526835519485482	0.32098595781745	-0.0708858138433191	1.17937661936568	1.250262433209	0	0	2	0.1	0.595847284246901	0.20117018036977	0.240722019181138	1.03537495800904	0.794652938827907	0	0	2	0.2	1.29842917035008	0.380096500481431	0.585366739935553	2.08601260555783	1.50064586562228	0	0	3	0.1	0.955083233197798	0.25639519936899	0.493673079194523	1.49403259040368	1.00035951120916	0	0	3	0.2	1.81774957186413	0.433744477570339	0.992124737572052	2.66737838619933	1.67525364862728
302	0	0	0	0.1	0.0666767983741481	0.0811227683865264	-0.102392311226448	0.217143891721337	0.319536202947785	0	0	0	0.2	0.137918401736114	0.203815902796725	-0.287276651796953	0.525049354481687	0.812326006278639	0	0	1	0.1	0.173535729747639	0.12865474151092	-0.0688824408004097	0.432039832134762	0.500922272935172	0	0	1	0.2	0.530745406266138	0.294373581230757	-0.00261058932454729	1.13601612750012	1.13862671682467	0	0	2	0.1	0.528096622249716	0.186714225212986	0.207321312923574	0.933216999056296	0.725895686132722	0	0	2	0.2	1.15748442848162	0.362980930789776	0.525434787783479	1.9496132049682	1.42417841718472	0	0	3	0.1	0.837060948168614	0.238754878679772	0.413241886456206	1.36175442506923	0.948512538613027	0	0	3	0.2	1.62279738857799	0.427068093462319	0.8731055913056	2.54736260790981	1.67425701660421
324	0	0	0	0.1	0.0401249959034964	0.0533122818973396	-0.0633204265012951	0.150736027381951	0.214056453883246	0	0	0	0.2	0.0723962899600614	0.117391973869539	-0.165114298465247	0.312953529686109	0.478067828151356	0	0	1	0.1	0.16054025904809	0.121536405667553	-0.0865019969242149	0.40374884180148	0.490250838725695	0	0	1	0.2	0.592964113393765	0.351570012490185	-0.0831953195398458	1.3151163383125	1.39831165785235	0	0	2	0.1	0.722137972653661	0.250786132811949	0.254423592942871	1.23725707562786	0.982833482684985	0	0	2	0.2	1.62196885520087	0.47684606361799	0.660250955179225	2.5914473123049	1.93119635712568	0	0	3	0.1	1.13750526002299	0.319954435946409	0.517617290026952	1.82243641643738	1.30481912641043	0	0	3	0.2	2.1647179954287	0.540815787635818	1.07525646125856	3.29527449060843	2.22001802934987
297	0	0	0	0.1	0.105613532168795	0.0816328558833273	-0.0553596996679525	0.260980037856102	0.316339737524055	0	0	0	0.2	0.183059194455137	0.188956240754439	-0.183176169566728	0.559624307175903	0.742800476742631	0	0	1	0.1	0.0428849135591962	0.112687113227295	-0.189451199762515	0.264010494663381	0.453461694425896	0	0	1	0.2	0.195163957674131	0.26651592411479	-0.321669128380478	0.743116698608045	1.06478582698852	0	0	2	0.1	0.29632312669454	0.15583441401671	0.0138841132722765	0.641295105192596	0.62741099192032	0	0	2	0.2	0.76843533159208	0.342038938406824	0.17186007713958	1.4937542035629	1.32189412642332	0	0	3	0.1	0.602459076235728	0.213792213935118	0.264895453814804	1.07160259762457	0.806707143809768	0	0	3	0.2	1.28850191979458	0.415862987980857	0.617937261917976	2.20919919131286	1.59126192939488
316	0	0	0	0.1	0.188616374627504	0.0906755203581113	0.0189174304343237	0.367065838462554	0.348148408028231	0	0	0	0.2	0.56306130937629	0.27747315046384	0.0764513584406956	1.15915915504056	1.08270779659987	0	0	1	0.1	0.361937700145818	0.147263570368512	0.081839186280671	0.67083318749048	0.588994001209809	0	0	1	0.2	1.08102855186677	0.330518634736802	0.496555492243708	1.79214770701692	1.29559221477321	0	0	2	0.1	0.800361899920766	0.190158500820789	0.467226702345894	1.2167237376478	0.749497035301911	0	0	2	0.2	1.71673302131283	0.357546854155974	1.07881359684613	2.46557694857433	1.38676335172819	0	0	3	0.1	1.07304665653687	0.226073964800069	0.685404627332722	1.56225276224557	0.876848134912847	0	0	3	0.2	2.09064163706804	0.398931837732675	1.40143321521177	2.93760723178038	1.53617401656861
325	0	0	0	0.1	0.0799392650808259	0.0666492771348833	-0.0472742405008619	0.207369455113473	0.254643695614335	0	0	0	0.2	0.136493618794754	0.224141405237174	-0.313661611416845	0.597639246134491	0.911300857551335	0	0	1	0.1	0.0959905010146971	0.165652113610582	-0.240851633538041	0.437841750315099	0.678693383853141	0	0	1	0.2	0.454176495591406	0.351707494631557	-0.208594545097291	1.19397434968432	1.40256889478161	0	0	2	0.1	0.480172920039041	0.193083610732384	0.128627928423726	0.885361855106521	0.756733926682795	0	0	2	0.2	1.01178662622502	0.338688525954341	0.39695025635097	1.71399923310197	1.317048976751	0	0	3	0.1	0.701261559008534	0.205094198027315	0.328159324616412	1.1337518141645	0.805592489548088	0	0	3	0.2	1.30423280060594	0.348118892023844	0.657903309315504	1.99735656401705	1.33945325470154
313	0	0	0	0.1	0.0116284909471779	0.061388916341712	-0.115096661946351	0.121259337370749	0.2363559993171	0	0	0	0.2	-0.0113967045303076	0.151485196277561	-0.315277437363155	0.274392983525113	0.589670420888268	0	0	1	0.1	0.186807201559469	0.120776735454743	-0.0389579800407959	0.424152537395474	0.46311051743627	0	0	1	0.2	0.760851029218704	0.35250123916388	0.14608932065061	1.55394615543461	1.407856834784	0	0	2	0.1	0.861789066429051	0.256301994792208	0.458458415912222	1.46966055040665	1.01120213449442	0	0	2	0.2	1.9538630660167	0.472667441812119	1.13342909908064	2.97590210709632	1.84247300801568	0	0	3	0.1	1.41182767154068	0.346400750193782	0.8260644215274	2.13956915523336	1.31350473370596	0	0	3	0.2	2.70973232338864	0.561894717555393	1.7132959103409	3.85293148765237	2.13963557731147
327	0	0	0	0.1	0.000128350356062786	0.0634727544600198	-0.127788097321341	0.119029397889229	0.246817495210569	0	0	0	0.2	-0.0502251968026489	0.161888327663758	-0.400991309398656	0.252687375729231	0.653678685127887	0	0	1	0.1	0.00152547174809141	0.117214949918924	-0.24274702023904	0.226037493402508	0.468784513641548	0	0	1	0.2	0.266141717597438	0.298964805826752	-0.266167104625466	0.910801880265006	1.17696898489047	0	0	2	0.1	0.512471790275185	0.194959664111067	0.205645959598378	0.954938194000888	0.749292234402511	0	0	2	0.2	1.33240273384308	0.38402262905652	0.698458458709552	2.19274284240565	1.4942843836961	0	0	3	0.1	0.996628415500317	0.262681632148658	0.577939483469752	1.63466605343156	1.05672656996181	0	0	3	0.2	1.95316123646914	0.429876020445878	1.24346933760271	2.88985962226428	1.64639028466157
323	0	0	0	0.1	0.084006702666723	0.0753880164690069	-0.0623636983665562	0.235343107055159	0.297706805421715	0	0	0	0.2	0.136939326626294	0.178911304532881	-0.202556735178529	0.500795237462947	0.703351972641476	0	0	1	0.1	0.117885930635457	0.118707067538076	-0.120632930589799	0.339603397691152	0.460236328280952	0	0	1	0.2	0.427451135734459	0.328589437332372	-0.195810772215958	1.0837536590319	1.27956443124786	0	0	2	0.1	0.494900223419485	0.223400307457518	0.102589453963048	0.959010096257073	0.856420642294025	0	0	2	0.2	1.2618901076191	0.515230240389884	0.403098123465352	2.39830238654182	1.99520426307647	0	0	3	0.1	0.886855312429615	0.333244456705459	0.352181890203519	1.65028154109634	1.29809965089282	0	0	3	0.2	1.87278864775114	0.640590821368781	0.804965518286211	3.30607559503685	2.50111007675064
307	0	0	0	0.1	0.0845561082687547	0.0580981742170202	-0.0291006948479878	0.198564150788871	0.227664845636859	0	0	0	0.2	0.174522335381603	0.126823422546235	-0.0760630088214778	0.429142263723634	0.505205272545112	0	0	1	0.1	0.180669325361067	0.0779482966919607	0.0322826052516535	0.341550710911454	0.3092681056598	0	0	1	0.2	0.518879339928774	0.191452323763129	0.161394613537585	0.921885019007575	0.760490405469991	0	0	2	0.1	0.523683834199978	0.129375976979161	0.294533925868212	0.806523037288848	0.511989111420636	0	0	2	0.2	1.14814046984343	0.260740234002901	0.673968397889625	1.68089528217009	1.00692688428046	0	0	3	0.1	0.795585504956601	0.179111864922367	0.473747798346454	1.15578834235586	0.682040544009406	0	0	3	0.2	1.56776896967552	0.327007598644763	0.967995160535623	2.21191129446514	1.24391613392951
308	0	0	0	0.1	0.243973868788856	0.1043547031108	0.0668223487157425	0.462851427047612	0.39602907833187	0	0	0	0.2	0.607178127880787	0.268515668516688	0.158132396433243	1.1547692321753	0.996636835742053	0	0	1	0.1	0.389645148234791	0.179209348414393	0.0481379434933129	0.745580623257319	0.697442679764007	0	0	1	0.2	1.12304109786383	0.420855212866991	0.329530301136148	1.96790745960422	1.63837715846807	0	0	2	0.1	0.870625716368524	0.243992272558382	0.41990934994215	1.33152644074815	0.911617090806004	0	0	2	0.2	1.72178567020424	0.39170856590865	0.995424384158965	2.45300408962778	1.45757970546881	0	0	3	0.1	1.14565315403053	0.259144669324713	0.688641838015587	1.67414565132407	0.985503813308486	0	0	3	0.2	2.04630159744337	0.398055831503699	1.32218199420462	2.86022340506081	1.53804141085619
310	0	0	0	0.1	0.00186727831820183	0.0908828440746578	-0.1874397458237	0.156539060515494	0.343978806339194	0	0	0	0.2	0.0608013397667586	0.211586602053219	-0.363767589195559	0.456000735284158	0.819768324479717	0	0	1	0.1	0.179656921974807	0.120504048751834	-0.0529625964562598	0.434714339948175	0.487676936404435	0	0	1	0.2	0.592512904012568	0.301675653034896	0.0639401635564517	1.23653061351199	1.17259044995554	0	0	2	0.1	0.56554449085171	0.190133657706632	0.240292783484882	0.975637316482332	0.73534453299745	0	0	2	0.2	1.20712486310632	0.363025658608812	0.557477886383042	1.97489678592016	1.41741889953712	0	0	3	0.1	0.825540708780442	0.238821627494382	0.398668637021029	1.35045223821067	0.951783601189639	0	0	3	0.2	1.57063418986173	0.413510417267524	0.807731164873883	2.46887932988547	1.66114816501158
306	0	0	0	0.1	0.141367062017157	0.0987319199966604	-0.0344849375102061	0.34013261777239	0.374617555282596	0	0	0	0.2	0.320326524405606	0.266391723154847	-0.135590796969487	0.896317647743517	1.031908444713	0	0	1	0.1	0.219267648332372	0.151173855039432	-0.058457364585417	0.538055242150909	0.596512606736326	0	0	1	0.2	0.694681906710487	0.364187287853148	0.0428845629387292	1.46895743116121	1.42607286822248	0	0	2	0.1	0.589419275763393	0.226455799866746	0.205538215160556	1.09480379306566	0.889265577905107	0	0	2	0.2	1.26326240932664	0.421809266642365	0.507561305108952	2.13957366008021	1.63201235497126	0	0	3	0.1	0.804675689242818	0.256755616112887	0.358184593261619	1.34419250010418	0.986007906842563	0	0	3	0.2	1.56258978181325	0.446831940739365	0.741344769885554	2.49187915356434	1.75053438367879
298	0	0	0	0.1	0.061495835703182	0.0701806317291064	-0.0848501683689403	0.198757517100886	0.283607685469826	0	0	0	0.2	0.118361383643137	0.159607676719465	-0.213800536037	0.443736528993657	0.657537065030657	0	0	1	0.1	0.0837770692941606	0.114007352741128	-0.160585502318155	0.303043903579194	0.463629405897349	0	0	1	0.2	0.293138438536531	0.268924094998035	-0.215328677996182	0.840899072585076	1.05622775058126	0	0	2	0.1	0.414496898745776	0.157464237416093	0.133680420053816	0.738744360720143	0.605063940666327	0	0	2	0.2	1.03280774031854	0.317475055923072	0.428999177720201	1.69127933213126	1.26228015441106	0	0	3	0.1	0.781323351541355	0.20560196718935	0.421149455481609	1.22413515641223	0.802985700930624	0	0	3	0.2	1.57243774311535	0.369403185112546	0.901025333522174	2.33987420822531	1.43884887470314
305	0	0	0	0.1	0.0969476191123313	0.0650200696427591	-0.0313469307906253	0.221687199299564	0.253034130090189	0	0	0	0.2	0.155216915246457	0.1388163777125	-0.122999700587284	0.410371752904472	0.533371453491755	0	0	1	0.1	0.109219768909029	0.0792023504633171	-0.0490300746307686	0.254280060202791	0.30331013483356	0	0	1	0.2	0.268565987669039	0.180271967597382	-0.0639962542458286	0.631300058877781	0.695296313123609	0	0	2	0.1	0.312152223402924	0.114962755442657	0.122282925960688	0.563010061948077	0.440727135987388	0	0	2	0.2	0.723687753824829	0.248381530381797	0.310218021535086	1.27785748809208	0.967639466556995	0	0	3	0.1	0.527519003999945	0.161233153234098	0.263653596512025	0.883933245319976	0.620279648807951	0	0	3	0.2	1.0855471868093	0.315950470200402	0.542571725713918	1.76169953970042	1.21912781398651
295	0	0	0	0.1	0.174438015994887	0.0667867071910632	0.0461374770827531	0.307861200521798	0.261723723439045	0	0	0	0.2	0.341836699139356	0.160104879229775	0.0377636982653988	0.658525375262711	0.620761676997312	0	0	1	0.1	0.1839247785642	0.105475270897294	-0.0294045063002579	0.399053281739909	0.428457788040167	0	0	1	0.2	0.517524454261683	0.279196879800939	0.00356669188177333	1.11076389798641	1.10719720610464	0	0	2	0.1	0.522255584195197	0.187086143505578	0.199391091533403	0.929325674685959	0.729934583152556	0	0	2	0.2	1.2391688118954	0.408596968112675	0.523105358706677	2.07813499654809	1.55502963784141	0	0	3	0.1	0.901613632435683	0.277327860971338	0.445803376838415	1.52663201525246	1.08082863841404	0	0	3	0.2	1.85407428343765	0.519412898172262	0.959873329866476	2.9708384370578	2.01096510719132
312	0	0	0	0.1	0.0649540236537271	0.0652779332378104	-0.0658615314717128	0.193769648967759	0.259631180439471	0	0	0	0.2	0.0957934467795276	0.170736270718104	-0.223133547318591	0.459815256860009	0.682948804178599	0	0	1	0.1	0.163844342388717	0.129282185808166	-0.079619374966237	0.431543672546012	0.511163047512249	0	0	1	0.2	0.708373189319184	0.340757710931234	0.0742246773600881	1.45996033041537	1.38573565305528	0	0	2	0.1	0.830015586986013	0.226336335381646	0.424246900027418	1.34062303986037	0.916376139832951	0	0	2	0.2	1.74709813020851	0.381181106521782	1.01079107997962	2.58187109261405	1.57108001263444	0	0	3	0.1	1.32972509392875	0.282941326607604	0.812932015323229	1.95297727204281	1.14004525671958	0	0	3	0.2	2.41694410526396	0.436573299021243	1.61970607541801	3.35712778844107	1.73742171302306
300	0	0	0	0.1	0.0781022614172289	0.081655667430787	-0.0967261089697797	0.229031647458939	0.325757756428719	0	0	0	0.2	0.225233216177077	0.208643406915022	-0.165178254752188	0.651771868681306	0.816950123433494	0	0	1	0.1	0.28719159133167	0.132373724605875	0.0579551388187151	0.561252444580384	0.503297305761669	0	0	1	0.2	0.884029766340017	0.309153837661586	0.339302531295404	1.55980516476285	1.22050263346745	0	0	2	0.1	0.798843444990396	0.183155993342453	0.473934750667848	1.17770561338925	0.703770862721403	0	0	2	0.2	1.66948686313503	0.331913582818462	1.06342935959013	2.35640226649786	1.29297290690772	0	0	3	0.1	1.15620276444161	0.238739977617737	0.75275887085759	1.67798827989044	0.925229409032847	0	0	3	0.2	2.1373414654455	0.393174597302316	1.44484848289145	3.02639808567389	1.58154960278244
322	0	0	0	0.1	0.0416356917499373	0.0798141938438725	-0.123337461826469	0.193709561338347	0.317047023164816	0	0	0	0.2	0.0417018906609185	0.185303495016199	-0.309722992735869	0.403818776731717	0.713541769467586	0	0	1	0.1	0.068608068277773	0.101508046108349	-0.130809683626991	0.272838742962765	0.403648426589756	0	0	1	0.2	0.284869123734488	0.216616920668429	-0.136534196769765	0.747825167067193	0.884359363836958	0	0	2	0.1	0.403524871534703	0.123299429596601	0.184418388128661	0.647096292240659	0.462677904111998	0	0	2	0.2	0.944090732776637	0.251647571630714	0.476770599385745	1.46407757411759	0.987306974731846	0	0	3	0.1	0.667620254178767	0.159158728626969	0.387634482928563	0.998618540877969	0.610984057949405	0	0	3	0.2	1.35898742791747	0.307246838341283	0.805463304233414	2.01990501821298	1.21444171397957
332	0	0	0	0.1	0.0901363625411515	0.0537689495208992	-0.0163976124420997	0.19903734983887	0.21543496228097	0	0	0	0.2	0.205086066334934	0.131561333725744	-0.0483977510883764	0.490926930862184	0.53932468195056	0	0	1	0.1	0.198884755811541	0.119673346893293	-0.0215905017639622	0.440845618895528	0.46243612065949	0	0	1	0.2	0.688460055360572	0.38320363233364	0.0583375554098959	1.53247072810277	1.47413317269287	0	0	2	0.1	0.661033769747005	0.262872333177424	0.212179212392672	1.26049259592994	1.04831338353727	0	0	2	0.2	1.4749667900666	0.49467842629758	0.566696907734629	2.51595603084133	1.9492591231067	0	0	3	0.1	1.01949131538803	0.337092111229335	0.432825857610649	1.77489484427896	1.34206898666831	0	0	3	0.2	1.91278651065407	0.550170251730643	0.903226778188719	3.09511053368469	2.19188375549597
304	0	0	0	0.1	0.224192288058059	0.0635153808134877	0.112045402740679	0.362631905272064	0.250586502531385	0	0	0	0.2	0.586445117009084	0.207183973868293	0.246955995777135	1.07094291765315	0.823986921876013	0	0	1	0.1	0.495796453335091	0.176708485410205	0.190957104641389	0.888580000034772	0.697622895393384	0	0	1	0.2	1.59427774051838	0.482230966368752	0.723708090290518	2.59431584855401	1.87060775826349	0	0	2	0.1	1.21445237035893	0.309163526566478	0.70470346682287	1.90878518364631	1.20408171682344	0	0	2	0.2	2.38903735994911	0.476453849889561	1.54927694953863	3.46315488488144	1.91387793534281	0	0	3	0.1	1.57490682551515	0.346709571168923	0.989065690493533	2.39633146045076	1.40726576995723	0	0	3	0.2	2.72063926892414	0.516337834333629	1.77898725617681	3.84391644740003	2.06492919122322
309	0	0	0	0.1	0.114968377580715	0.0732445662874095	-0.0231315444120567	0.270178268537709	0.293309812949765	0	0	0	0.2	0.310722924516345	0.198848088247897	-0.0387231990554327	0.741558047791407	0.78028124684684	0	0	1	0.1	0.380046146729535	0.161050860784363	0.125850711565734	0.759968623116403	0.634117911550669	0	0	1	0.2	1.11139216138283	0.41567692832417	0.451275656120836	2.00132911380334	1.5500534576825	0	0	2	0.1	0.911494537038594	0.266119081269728	0.445123614264358	1.51814390775252	1.07302029348816	0	0	2	0.2	1.81369268803284	0.46534730858587	0.951489522615015	2.74283334469898	1.79134382208397	0	0	3	0.1	1.14329856554791	0.307403035083399	0.589534707611013	1.78422595064323	1.19469124303221	0	0	3	0.2	2.10475042475053	0.511338422909649	1.13293008260248	3.12132166085874	1.98839157825626
311	0	0	0	0.1	0.12437298279209	0.0556234552270862	0.015771575204474	0.229785055711732	0.214013480507258	0	0	0	0.2	0.22876893803644	0.117812143924492	0.00864159389602123	0.460592691325651	0.45195109742963	0	0	1	0.1	0.206980650308003	0.0802084642012133	0.0503196292964744	0.360352162354976	0.310032533058502	0	0	1	0.2	0.513299436112083	0.199274028269325	0.151215813733065	0.93151402132974	0.780298207596675	0	0	2	0.1	0.503120357986121	0.146490045832984	0.244480748878715	0.833406333419712	0.588925584540996	0	0	2	0.2	1.09193863538988	0.301427824375543	0.563245394278274	1.73643543807143	1.17319004379316	0	0	3	0.1	0.756655651362843	0.201961106377269	0.411215062455668	1.18960140083246	0.778386338376795	0	0	3	0.2	1.49797968347277	0.370272252273839	0.832562887675218	2.24510237195027	1.41253948427505
319	0	0	0	0.1	-0.0463688235535904	0.0852736382558373	-0.235379322532853	0.118976983078033	0.354356305610886	0	0	0	0.2	-0.19209098264604	0.188069728312699	-0.604707050038769	0.156361981128992	0.76106903116776	0	0	1	0.1	-0.0706892462132208	0.102277831154369	-0.28799017117152	0.1042728967523	0.392263067923819	0	0	1	0.2	-0.0422531412643446	0.213157199119633	-0.489949880138862	0.355118127079321	0.845068007218183	0	0	2	0.1	0.199394877949165	0.119989785435194	-0.0298727693259151	0.445335019637348	0.475207788963263	0	0	2	0.2	0.537389834354684	0.256989117898795	0.0492226526500335	1.07581988309076	1.02659723044073	0	0	3	0.1	0.453433852540557	0.16181395684481	0.159533919629217	0.799230816656817	0.639696897027601	0	0	3	0.2	0.986921270861797	0.328625613481716	0.399869854866725	1.69727989744877	1.29741004258205
301	0	0	0	0.1	0.0389086638386911	0.0637148332027478	-0.0947329245006416	0.159748000190358	0.254480924690999	0	0	0	0.2	0.104187067282614	0.187096313259905	-0.277493601379522	0.482393608857415	0.759887210236937	0	0	1	0.1	0.345123429766421	0.173148995766002	0.0274127837224901	0.694768044296281	0.667355260573791	0	0	1	0.2	1.38537529849152	0.45622093588655	0.482905177605296	2.29859090393382	1.81568572632852	0	0	2	0.1	1.25290395494515	0.325161965943805	0.678610670757818	1.91287108979553	1.23426041903771	0	0	2	0.2	2.4639665438401	0.486686735704358	1.53389365013024	3.42257412679514	1.8886804766649	0	0	3	0.1	1.74658318010681	0.378620424136167	1.0444210776333	2.51770090212619	1.47327982449289	0	0	3	0.2	3.0355910931042	0.540034454596743	2.00712924754112	4.10637505666176	2.09924580912064
293	0	0	0	0.1	0.121441642352729	0.0592290404851268	0.00265023332838963	0.247798837857674	0.245148604529284	0	0	0	0.2	0.263556885403127	0.155483415155474	-0.0240377604004814	0.601397401518983	0.625435161919465	0	0	1	0.1	0.275436295149333	0.11885586670863	0.0338756320025847	0.513061585304595	0.47918595330201	0	0	1	0.2	0.928914083070537	0.307493294957039	0.384059146413431	1.58633724126373	1.2022780948503	0	0	2	0.1	0.941892154243359	0.233242112794944	0.54322537982008	1.43813106448427	0.894905684664185	0	0	2	0.2	1.9192523487895	0.405475527322001	1.21722172052154	2.77181043533911	1.55458871481757	0	0	3	0.1	1.36268660719439	0.321695451530103	0.82478373319217	2.08408426283497	1.2593005296428	0	0	3	0.2	2.46042313659573	0.513833414590117	1.54223190654988	3.51902981411642	1.97679790756654
330	0	0	0	0.1	0.155325407458416	0.059975983602314	0.0447124565719095	0.282417454966066	0.237704998394157	0	0	0	0.2	0.337753357295498	0.144416988244865	0.0786874692438757	0.640108302213507	0.561420832969631	0	0	1	0.1	0.246155625757267	0.113169149864058	0.0313785730964762	0.500080263549525	0.468701690453049	0	0	1	0.2	0.694556430679218	0.308509026992795	0.148798393468933	1.43544837516427	1.28664998169533	0	0	2	0.1	0.64704359982958	0.204389311219473	0.314265943987906	1.1395947414269	0.825328797438997	0	0	2	0.2	1.47235406734753	0.400650219647314	0.795842616454884	2.36341438720226	1.56757177074738	0	0	3	0.1	1.02608271898134	0.277052351317784	0.59762722358845	1.6568414294355	1.05921420584705	0	0	3	0.2	2.00222124935232	0.46481561381927	1.24109730845702	3.00829951671274	1.76720220825573
318	0	0	0	0.1	0.238538631405709	0.0988645104231251	0.0498518586349456	0.444315867265507	0.394464008630561	0	0	0	0.2	0.658570642470671	0.262274187678541	0.197123563141639	1.22743353929568	1.03030997615404	0	0	1	0.1	0.374922788655288	0.154591199397918	0.108116272864082	0.719603743530467	0.611487470666385	0	0	1	0.2	1.01268092427794	0.380663237620654	0.349864209128325	1.88579364628547	1.53592943715715	0	0	2	0.1	0.702925315240292	0.202971740947873	0.367746713640037	1.15017856396415	0.782431850324115	0	0	2	0.2	1.53394145655146	0.379645304121255	0.885274888100802	2.36514387380051	1.47986898569971	0	0	3	0.1	0.995753906703832	0.236605829296893	0.611362433051455	1.54098796243938	0.929625529387923	0	0	3	0.2	1.91626708597292	0.405037747102406	1.23188180033887	2.82679246292128	1.59491066258242
328	0	0	0	0.1	0.0476031103777824	0.0934060572855767	-0.143695278000872	0.214461505709662	0.358156783710534	0	0	0	0.2	-0.0271227378889876	0.229746517474583	-0.496935118829543	0.413569231237303	0.910504350066847	0	0	1	0.1	-0.000849343584188449	0.131012800180313	-0.26060293322933	0.239701788353093	0.500304721582423	0	0	1	0.2	0.148856347863147	0.296837781419776	-0.4039934897541	0.73197583859587	1.13596932834997	0	0	2	0.1	0.469733423607948	0.175456848281118	0.159602416617021	0.848501991555831	0.68889957493881	0	0	2	0.2	1.14036952730128	0.342678582088049	0.52114972497428	1.85593507324274	1.33478534826846	0	0	3	0.1	0.904596806456874	0.232438059378501	0.487782659706425	1.41278032577426	0.924997666067832	0	0	3	0.2	1.73742119795214	0.404154934328425	1.01433718004497	2.6379923482428	1.62365516819783
320	0	0	0	0.1	0.124660687871438	0.0605960052684415	0.0041280712114236	0.244417994288268	0.240289923076844	0	0	0	0.2	0.237797938736326	0.183347358728664	-0.136428912283355	0.597484068241425	0.73391298052478	0	0	1	0.1	0.280938999400287	0.16131510049656	-0.0246416740908455	0.611545761633131	0.636187435723977	0	0	1	0.2	0.986376542010102	0.390864819450498	0.233506909310932	1.78113222980788	1.54762532049695	0	0	2	0.1	0.949417029646453	0.261376275273781	0.481564212126548	1.5304580823604	1.04889387023385	0	0	2	0.2	2.02212040808119	0.450762483487502	1.21760119097083	2.95229993480397	1.73469874383314	0	0	3	0.1	1.40436130425693	0.33437859534767	0.847955381017125	2.11206003935884	1.26410465834171	0	0	3	0.2	2.59321035030287	0.539806175837748	1.66735436813196	3.68494853401861	2.01759416588665
331	0	0	0	0.1	0.186776599140023	0.0759488075458156	0.0577361313789846	0.349011081844195	0.29127495046521	0	0	0	0.2	0.35450800474229	0.185078894619411	0.00162813419519937	0.74297393961083	0.741345805415631	0	0	1	0.1	0.0887097372995262	0.127497580630128	-0.168527041516509	0.322073246497232	0.490600288013742	0	0	1	0.2	0.300169952013672	0.277518172087107	-0.271015180813426	0.860549412021363	1.13156459283479	0	0	2	0.1	0.372985403064334	0.162892439362542	0.0717952946969969	0.717300609741323	0.645505315044326	0	0	2	0.2	0.863822966205347	0.315379452835767	0.294770805151801	1.54237150911148	1.24760070395968	0	0	3	0.1	0.654490352951867	0.199543449137986	0.321916443923525	1.09214811406549	0.770231670141965	0	0	3	0.2	1.32064018634818	0.368731275797248	0.69727273898681	2.12292312862472	1.42565038963791
317	0	0	0	0.1	0.205037970191224	0.081807445787809	0.0515000972863562	0.379312664414854	0.327812567128498	0	0	0	0.2	0.50913458675793	0.195934884259841	0.15411179489153	0.940200126357274	0.786088331465744	0	0	1	0.1	0.349191635788418	0.116572307599354	0.129539866285226	0.578274540356283	0.448734674071058	0	0	1	0.2	0.726774661880845	0.260376076880728	0.22929557388061	1.25493346988805	1.02563789600744	0	0	2	0.1	0.437819866057832	0.170257066372047	0.112241987295551	0.790188075527995	0.677946088232445	0	0	2	0.2	0.814922205861669	0.326509845845372	0.195865185242484	1.45484228219399	1.2589770969515	0	0	3	0.1	0.492959025784399	0.194905588654083	0.140208970002586	0.899683853460363	0.759474883457778	0	0	3	0.2	0.918606861149227	0.361294467678093	0.251725701617383	1.64618270699574	1.39445700537836
303	0	0	0	0.1	0.11808587673244	0.0716127007948867	-0.0262629284780909	0.254986405752166	0.281249334230257	0	0	0	0.2	0.207752044656549	0.183262545559119	-0.159851390613296	0.561326915258533	0.721178305871829	0	0	1	0.1	0.168453411192619	0.122068096903904	-0.0733879664820132	0.419750097717617	0.49313806419963	0	0	1	0.2	0.571265954417428	0.330037959600418	-0.0364932816860472	1.25357904252286	1.29007232420891	0	0	2	0.1	0.599139763476614	0.211525416611088	0.240363226741212	1.03591048266032	0.795547255919107	0	0	2	0.2	1.36803360376862	0.410392619658317	0.648745077607958	2.22409726798955	1.57535219038159	0	0	3	0.1	0.967192880295171	0.273149074766323	0.533644284720645	1.55883426133455	1.0251899766139	0	0	3	0.2	1.90300525291276	0.465895590121332	1.11106711504677	2.91554140578074	1.80447429073397
326	0	0	0	0.1	0.181009797205005	0.0669050355254346	0.0551352707577174	0.312950131458481	0.257814860700764	0	0	0	0.2	0.373863689423898	0.157531562511568	0.0943298510053115	0.719763094867543	0.625433243862231	0	0	1	0.1	0.290576765553446	0.113469830611929	0.0947787870621267	0.530676253351022	0.435897466288895	0	0	1	0.2	0.823402721758141	0.343538152128604	0.276844748421714	1.62265979719371	1.34581504877199	0	0	2	0.1	0.691544555010781	0.248365958361553	0.304556423060823	1.32044639706562	1.0158899740048	0	0	2	0.2	1.72026842121033	0.58429809634512	0.73651008154829	3.15445399530877	2.41794391376048	0	0	3	0.1	1.10054007929906	0.377763599692615	0.484129758675665	2.06638399155783	1.58225423288216	0	0	3	0.2	2.4436338445325	0.790870136189288	1.10912315023619	4.18967104536152	3.08054789512533
329	0	0	0	0.1	0.164618859778984	0.0668011215816989	0.0499776976848934	0.309619921428965	0.259642223744072	0	0	0	0.2	0.5096576005585	0.21423164894666	0.125145342051703	0.975003623655018	0.849858281603315	0	0	1	0.1	0.519734734461736	0.19983582192956	0.166911348058346	0.973309108263436	0.80639776020509	0	0	1	0.2	1.41570287465154	0.419223672862021	0.633718333184551	2.2168280471768	1.58310971399225	0	0	2	0.1	1.02789431433008	0.241788747927139	0.619873234801068	1.53410302629652	0.914229791495448	0	0	2	0.2	1.81974313663088	0.350148470233962	1.19541546561121	2.54393453016643	1.34851906455522	0	0	3	0.1	1.19513289766914	0.242444062108552	0.78415238308616	1.69456527177425	0.910412888688094	0	0	3	0.2	1.98209882464964	0.353576282400244	1.35907833134874	2.73700006363875	1.37792173229001
337	0	0	0	0.1	0.0549604378169749	0.0642789491977557	-0.0718019161439214	0.183779020418013	0.255580936561934	0	0	0	0.2	0.197828919253558	0.180795219088845	-0.134615097099572	0.589163898632292	0.723778995731863	0	0	1	0.1	0.257748475194062	0.128885093947525	0.0333923839804462	0.548850287215171	0.515457903234725	0	0	1	0.2	0.908457169305762	0.344845749556433	0.324848168514175	1.66871375938922	1.34386559087505	0	0	2	0.1	0.775406591000236	0.205157846366463	0.417285430788198	1.24309599880482	0.82581056801662	0	0	2	0.2	1.85426114287397	0.418331539142943	1.11306531760906	2.75588243337423	1.64281711576517	0	0	3	0.1	1.22170536613269	0.276624818861704	0.765929672824827	1.85624259045778	1.09031291763295	0	0	3	0.2	2.47259399177065	0.482324322259406	1.61669365866223	3.52211143977282	1.90541778111059
346	0	0	0	0.1	-0.0144300193989681	0.0693667175865786	-0.154447724397125	0.11529634364283	0.269744068039955	0	0	0	0.2	-0.104776322339624	0.191625683062816	-0.493406691513238	0.251312948816379	0.744719640329617	0	0	1	0.1	-0.00619921622536086	0.146649488093857	-0.275463788249412	0.288806548786408	0.56427033703582	0	0	1	0.2	0.242230504707201	0.367765856095085	-0.401586382102872	1.03633270554868	1.43791908765155	0	0	2	0.1	0.465246553544998	0.224995953930285	0.0826284601130798	0.976810200872583	0.894181740759503	0	0	2	0.2	1.02268256011635	0.393063014423477	0.330811249222332	1.841828643525	1.51101739430266	0	0	3	0.1	0.815604663340626	0.270145143539935	0.358422557244417	1.39431453047371	1.03589197322929	0	0	3	0.2	1.4832025763373	0.42485925673658	0.713753776974116	2.36502956734685	1.65127579037273
336	0	0	0	0.1	0.0957486100006762	0.0627582010619421	-0.0294486320839658	0.217871645769909	0.247320277853875	0	0	0	0.2	0.199190120913333	0.165363857156366	-0.118552971346307	0.538174089184139	0.656727060530446	0	0	1	0.1	0.123008028320357	0.120980488048585	-0.11388631313576	0.37083672042738	0.48472303356314	0	0	1	0.2	0.540746584243167	0.356505407936069	-0.0764379166436173	1.28994849091118	1.3663864075548	0	0	2	0.1	0.610546036115137	0.234588784442334	0.219328832189236	1.12039376240517	0.901064930215939	0	0	2	0.2	1.55626972302471	0.484955776420324	0.699637238364331	2.61719442134689	1.91755718298256	0	0	3	0.1	1.10081736683076	0.328743692762704	0.560971381295161	1.80569106558624	1.24471968429108	0	0	3	0.2	2.17753369882212	0.55007436639607	1.19676190820896	3.34943634542616	2.1526744372172
334	0	0	0	0.1	0.0197247483835618	0.0498442665727443	-0.0818344077502074	0.118138282498331	0.199972690248539	0	0	0	0.2	0.0265929201435181	0.108451562095515	-0.193406557487313	0.238430893210486	0.431837450697799	0	0	1	0.1	0.086108688042755	0.0785226993646377	-0.0751985199631535	0.24095696178796	0.316155481751114	0	0	1	0.2	0.260681788458979	0.207165656536926	-0.126905839619014	0.707803872964206	0.83470971258322	0	0	2	0.1	0.386997609744266	0.163917506531299	0.0994094990474956	0.757615831946553	0.658206332899058	0	0	2	0.2	1.0506617568648	0.40078499062002	0.362531666792321	1.95390138104915	1.59136971425683	0	0	3	0.1	0.84810382265229	0.278775094667614	0.393981858468994	1.45212274086453	1.05814088239554	0	0	3	0.2	1.88913282041491	0.538795667554759	0.974121883723541	3.04354943969039	2.06942755596685
335	0	0	0	0.1	0.115430550369833	0.071331297999198	-0.0190492559001269	0.263707516215076	0.282756772115202	0	0	0	0.2	0.164493983220814	0.156654607636928	-0.147730394136216	0.484249630914865	0.631980025051081	0	0	1	0.1	0.0879938552306017	0.108415053665643	-0.130339348059567	0.29845130944791	0.428790657507476	0	0	1	0.2	0.321661110370553	0.27752655842613	-0.174321691937514	0.921791100980817	1.09611279291833	0	0	2	0.1	0.389805409575659	0.177405382019018	0.119480059454116	0.813735823077295	0.69425576362318	0	0	2	0.2	1.01653697267969	0.409827527290203	0.397997373799724	1.94837739252896	1.55038001872923	0	0	3	0.1	0.716194480663437	0.251915059896464	0.33988885673804	1.30089985432814	0.961010997590096	0	0	3	0.2	1.60559939981312	0.507805319846822	0.807438590717684	2.75407764759624	1.94663905687856
338	0	0	0	0.1	0.16492979742658	0.0614377565351824	0.0429722330323754	0.291108487076514	0.248136254044138	0	0	0	0.2	0.329142210231732	0.144705850737986	0.0433551862558263	0.631595799652569	0.588240613396743	0	0	1	0.1	0.224496588538265	0.0792814603874142	0.0762842627850918	0.386224156684697	0.309939893899605	0	0	1	0.2	0.569316696005581	0.192934105042591	0.230326131691349	1.00297280036451	0.772646668673158	0	0	2	0.1	0.562565002178912	0.12987989168473	0.339776777600063	0.842859547210947	0.503082769610884	0	0	2	0.2	1.23507460048115	0.272923244035157	0.770352140485107	1.80399536590333	1.03364322541823	0	0	3	0.1	0.878323805069217	0.189538774020713	0.546607184693657	1.27625353829603	0.729646353602369	0	0	3	0.2	1.70014864480017	0.339611053487739	1.10345927227774	2.42074600506564	1.3172867327879
354	0	0	0	0.1	0.0629132132313481	0.0777768004738859	-0.0943487865147871	0.225493754007035	0.319842540521822	0	0	0	0.2	0.104601178432133	0.228688233840789	-0.351777190946925	0.585230449344998	0.937007640291923	0	0	1	0.1	0.166728413472323	0.177302316090154	-0.166091290593912	0.564938160529627	0.731029451123538	0	0	1	0.2	0.733112933626953	0.410318583961742	-0.00778978776054534	1.59536708711534	1.60315687487589	0	0	2	0.1	0.739737903838661	0.244332529393693	0.307922022127117	1.25722774754039	0.949305725413271	0	0	2	0.2	1.4674745994235	0.392429230289613	0.724206617571137	2.30603212092601	1.58182550335488	0	0	3	0.1	1.02674775275699	0.268174324259105	0.551477723995843	1.59142031210323	1.03994258810739	0	0	3	0.2	1.80952654855061	0.416175299638095	1.02395498886987	2.66053907480899	1.63658408593912
345	0	0	0	0.1	0.0737696612502687	0.0646013076092607	-0.0494574297413252	0.199001078999594	0.24845850874092	0	0	0	0.2	0.157419994472537	0.204264151651457	-0.225800755614528	0.565863201005128	0.791663956619657	0	0	1	0.1	0.117615606938853	0.186799078782928	-0.258085804367809	0.483300843824588	0.741386648192397	0	0	1	0.2	0.698567401526335	0.48814002780566	-0.204490427838239	1.69743940546629	1.90192983330452	0	0	2	0.1	0.701170276669189	0.285748462342186	0.190379328674492	1.31913240877525	1.12875308010076	0	0	2	0.2	1.63105661842914	0.501786057705596	0.728791774546368	2.69739362493766	1.96860185039129	0	0	3	0.1	1.13158251423499	0.339369234230253	0.56393183091622	1.88996750305874	1.32603567214252	0	0	3	0.2	2.12116159170688	0.548587142338723	1.14793615096046	3.35087085184712	2.20293470088666
343	0	0	0	0.1	0.302712512266716	0.0917844088714426	0.140541080905242	0.488708899666525	0.348167818761283	0	0	0	0.2	0.673808651510398	0.240248564685848	0.272633857674195	1.24724527691407	0.974611419239877	0	0	1	0.1	0.370702785059291	0.140976699836455	0.117506954187995	0.677484870053859	0.559977915865865	0	0	1	0.2	0.987200437468259	0.33248567179128	0.36991753709605	1.70095832656174	1.33104078946569	0	0	2	0.1	0.794188072315955	0.205699068426339	0.425747565613793	1.23624787399565	0.810500308381855	0	0	2	0.2	1.53337625671253	0.333921337136519	0.918757382452571	2.20673767685171	1.28798029439914	0	0	3	0.1	1.04735473624187	0.235883071221804	0.648669676573389	1.56565125528663	0.916981578713238	0	0	3	0.2	1.83820377751755	0.366983957953162	1.16490579244588	2.60395889708895	1.43905310464307
340	0	0	0	0.1	-0.112671189543325	0.103841161043608	-0.328038063405721	0.07741830511504	0.405456368520761	0	0	0	0.2	-0.19370606765073	0.212859952272285	-0.620319395667307	0.266283238354723	0.886602634022029	0	0	1	0.1	0.15534546515262	0.147782872800563	-0.125087543887114	0.448832702858618	0.573920246745731	0	0	1	0.2	0.69289950170246	0.34173912238277	0.0607333007558442	1.3785513073572	1.31781800660136	0	0	2	0.1	0.735651566174226	0.21530423675572	0.343630576752082	1.18621426427076	0.84258368751868	0	0	2	0.2	1.55604905743019	0.376214880549938	0.832399140383146	2.3126713528742	1.48027221249105	0	0	3	0.1	1.0886482474211	0.259561846357047	0.620069043526362	1.604517527406	0.984448483879642	0	0	3	0.2	2.0562741592374	0.423267828967273	1.2808939694459	2.90807329903117	1.62717932958526
342	0	0	0	0.1	0.0529937932535158	0.0570779898474231	-0.0684207508166045	0.166678383487297	0.235099134303902	0	0	0	0.2	0.126820051799853	0.130859035031603	-0.138750433907849	0.386558886419572	0.525309320327421	0	0	1	0.1	0.179685079166098	0.0847805112939074	0.026909893702578	0.347770307649673	0.320860413947095	0	0	1	0.2	0.612195471796804	0.252682248799018	0.197748678964808	1.17138237868892	0.973633699724108	0	0	2	0.1	0.633183239234213	0.189736618322337	0.334375951890427	1.06221266937204	0.72783671748161	0	0	2	0.2	1.53088514012733	0.410533028178047	0.821520337703518	2.40686124526974	1.58534090756623	0	0	3	0.1	1.0325931803453	0.275896990896346	0.587399992744997	1.60959143071565	1.02219143797065	0	0	3	0.2	2.14393872331345	0.50922948902837	1.2687986461959	3.20253102786455	1.93373238166865
333	0	0	0	0.1	0.145776161081168	0.0708908448600998	0.00429553502267552	0.276355872797752	0.272060337775077	0	0	0	0.2	0.283119730467539	0.154469616546728	-0.0171714032247341	0.593776540545489	0.610947943770223	0	0	1	0.1	0.220605224095448	0.0876036533649776	0.0549496556290806	0.396488565480296	0.341538909851215	0	0	1	0.2	0.592472314500017	0.217284668899324	0.215383959412192	1.05727754884707	0.841893589434878	0	0	2	0.1	0.60829743334664	0.156078455395601	0.337648419699697	0.931624547047825	0.593976127348128	0	0	2	0.2	1.37640670898708	0.31845842216032	0.822092439437945	2.05438237074832	1.23228993131037	0	0	3	0.1	0.978583597412667	0.220791069485585	0.591518856536844	1.45314663697798	0.861627780441135	0	0	3	0.2	1.9300148006052	0.384972790807947	1.22194413973609	2.7156447138759	1.49370057413981
339	0	0	0	0.1	0.141385421477338	0.0685040160929906	0.00764507850833741	0.285970953753957	0.27832587524562	0	0	0	0.2	0.330369581211028	0.178177408326413	-4.54606101877172e-05	0.710716006803801	0.710761467413988	0	0	1	0.1	0.190629293627994	0.13305278963292	-0.0331331800214564	0.479311938002863	0.512445118024319	0	0	1	0.2	0.538885498930663	0.358065166265236	-0.0744843290001792	1.32166376951375	1.39614809851393	0	0	2	0.1	0.437659405286827	0.204364505210733	0.0793085488794798	0.86208668148032	0.78277813260084	0	0	2	0.2	0.952504572294167	0.389666811175576	0.235430566274742	1.76156613379201	1.52613556751727	0	0	3	0.1	0.655040003737267	0.235911861804518	0.231165433639388	1.15847512620761	0.927309692568219	0	0	3	0.2	1.26429523580602	0.419679465972931	0.473585378317248	2.09458495064908	1.62099957233183
349	0	0	0	0.1	0.176161074839706	0.0570457944408943	0.0685380800873485	0.299191851819144	0.230653771731795	0	0	0	0.2	0.369659952111419	0.159013758191402	0.0714740565738917	0.723984323968256	0.652510267394364	0	0	1	0.1	0.177694329827477	0.119960591800001	-0.0676510494471561	0.409278575233265	0.476929624680421	0	0	1	0.2	0.565573523144802	0.328414169145751	-0.0551131742700894	1.24556543247083	1.30067860674092	0	0	2	0.1	0.5925291590232	0.21707601657946	0.206610931591411	1.06211249769525	0.855501566103835	0	0	2	0.2	1.36701122934892	0.420979371536922	0.596319887225728	2.25627875054622	1.65995886332049	0	0	3	0.1	0.968903713739982	0.281556642565406	0.502170015763157	1.61241883151075	1.11024881574759	0	0	3	0.2	1.84678956332431	0.460196272487586	1.05124806927978	2.8476554901309	1.79640742085112
341	0	0	0	0.1	0.082581958788784	0.0670107005175638	-0.0505657199489994	0.229446313529817	0.280012033478816	0	0	0	0.2	0.153007002444208	0.136567495318266	-0.127122008581537	0.436104965760162	0.5632269743417	0	0	1	0.1	0.135912675844669	0.0812171327762773	-0.0310931528931026	0.292004127342207	0.32309728023531	0	0	1	0.2	0.307363286634934	0.188311581552953	-0.073804802978177	0.663154152164898	0.736958955143075	0	0	2	0.1	0.331021498615646	0.122776820402222	0.0963772731540048	0.565436744505679	0.469059471351674	0	0	2	0.2	0.787724638123067	0.266946795031292	0.273664219074168	1.34344064995109	1.06977643087692	0	0	3	0.1	0.579011748718166	0.163246824139631	0.27187412706921	0.934791059881578	0.662916932812368	0	0	3	0.2	1.24297045141279	0.326631170393349	0.624205575271021	1.93366635844201	1.30946078317098
359	0	0	0	0.1	0.183441659296756	0.0581400449992896	0.0753984754015922	0.309013560903333	0.233615085501741	0	0	0	0.2	0.421413435634475	0.159418441074727	0.12789755730041	0.771073398388967	0.643175841088557	0	0	1	0.1	0.309411207299422	0.117285671504272	0.0793925945010305	0.552666882380501	0.47327428787947	0	0	1	0.2	0.930902627445291	0.335622516059175	0.352609291041569	1.62489291866565	1.27228362762408	0	0	2	0.1	0.819543006160184	0.218141694164479	0.460566164678236	1.28000369564654	0.8194375309683	0	0	2	0.2	1.77220128311658	0.413726793892731	1.08878915929628	2.65430436647654	1.56551520718026	0	0	3	0.1	1.25428682246393	0.29093522272584	0.773267177584928	1.91318700433011	1.13991982674518	0	0	3	0.2	2.34960604981987	0.477198236188187	1.56438105617355	3.36654839273863	1.80216733656508
351	0	0	0	0.1	0.0928348719793257	0.0822355748374958	-0.0719529234899629	0.243858864042336	0.315811787532298	0	0	0	0.2	0.210239154462469	0.210142359338404	-0.187723643368884	0.607676686477289	0.795400329846173	0	0	1	0.1	0.185641623005513	0.122475666257218	-0.0441353211521995	0.426545884270014	0.470681205422214	0	0	1	0.2	0.565696012951965	0.26464446772654	0.0642713938923344	1.1347244111396	1.07045301724726	0	0	2	0.1	0.510907117832716	0.155865423454837	0.230223887251429	0.8712136653708	0.640989778119371	0	0	2	0.2	1.07160962496701	0.293427022410194	0.527142672083904	1.7519482682118	1.2248055961279	0	0	3	0.1	0.70996750610813	0.182017331880796	0.38848986892606	1.14321905601052	0.75472918708446	0	0	3	0.2	1.37121853279611	0.326523551855834	0.776769612537924	2.10777700326788	1.33100739072995
347	0	0	0	0.1	0.0475184214835417	0.0755497924523399	-0.101001065293154	0.198396093220615	0.299397158513769	0	0	0	0.2	0.0953815791709249	0.171991825874788	-0.230330671898189	0.426043487843781	0.656374159741971	0	0	1	0.1	0.0954932699903917	0.095608321558869	-0.0811718643535483	0.295500094264961	0.376671958618509	0	0	1	0.2	0.324874193069363	0.248411107878988	-0.0990130677732315	0.847150036990555	0.946163104763786	0	0	2	0.1	0.392183991884505	0.156197082149075	0.13108027747025	0.723942036722074	0.592861759251825	0	0	2	0.2	0.978617562031251	0.340975499282434	0.41147609833322	1.69150299642516	1.28002689809194	0	0	3	0.1	0.712276469417099	0.211844233966805	0.360264742545487	1.16723556756321	0.806970825017718	0	0	3	0.2	1.44643151079828	0.398943191123903	0.781781850906371	2.30774981763006	1.52596796672368
348	0	0	0	0.1	0.0677558410914157	0.0837680662010569	-0.08493736891643	0.235397293380014	0.320334662296444	0	0	0	0.2	0.186192624410771	0.185500112591657	-0.158908412560341	0.579606118818625	0.738514531378966	0	0	1	0.1	0.232031639773992	0.137473308885024	-0.0376019180586385	0.498204812044643	0.535806730103282	0	0	1	0.2	0.797306784317667	0.37176562189889	0.0716188800322824	1.53179801375701	1.46017913372473	0	0	2	0.1	0.742346996447349	0.231364914668472	0.299512091000275	1.21170724236045	0.912195151360179	0	0	2	0.2	1.57985561543679	0.406091279642398	0.76377051113419	2.38061685329856	1.61684634216437	0	0	3	0.1	1.10132854000605	0.264917956646479	0.606319398883179	1.66224355740022	1.05592415851705	0	0	3	0.2	2.0132079548514	0.420000940864536	1.18228829104632	2.86918490380106	1.68689661275474
358	0	0	0	0.1	0.117501704536625	0.0612102595988408	-0.00446983008555804	0.236233312477434	0.240703142562992	0	0	0	0.2	0.301266337705175	0.168585850493569	-0.0383351486666914	0.650079181120479	0.68841432978717	0	0	1	0.1	0.337953201891977	0.140743831087316	0.073908981698512	0.64138293845066	0.567473956752148	0	0	1	0.2	1.19592775475501	0.421015508182562	0.433731276212652	2.11034545016474	1.67661417395209	0	0	2	0.1	1.09145975681492	0.300241570755239	0.587535322778812	1.76283920512073	1.17530388234192	0	0	2	0.2	2.40768319852761	0.496551006077936	1.54056635005986	3.44293696366229	1.90237061360243	0	0	3	0.1	1.68994768584888	0.38130204669638	1.05146600016707	2.51038691020449	1.45892091003742	0	0	3	0.2	3.15540379622539	0.578136739717631	2.14376632508317	4.3460493016025	2.20228297651933
364	0	0	0	0.1	0.121550048166582	0.0681911974622086	-0.0140434894789003	0.251259261224146	0.265302750703046	0	0	0	0.2	0.298445011465113	0.203094665691153	-0.110535629531336	0.706342959254214	0.81687858878555	0	0	1	0.1	0.443482582969951	0.193216790120182	0.11032760887084	0.880283213286627	0.769955604415787	0	0	1	0.2	1.57866897470392	0.43209866456811	0.790009295452072	2.46534496089964	1.67533566544757	0	0	2	0.1	1.43381981526684	0.303142865863774	0.913885357831018	2.09236583359738	1.17848047576636	0	0	2	0.2	2.65320305406232	0.429642265730259	1.86668802090752	3.53391142394904	1.66722340304152	0	0	3	0.1	1.91402450240937	0.349953373307333	1.29741129661161	2.64184348700189	1.34443219039028	0	0	3	0.2	3.23194184516327	0.494486208928344	2.38312875697819	4.26085515584235	1.87772639886416
365	0	0	0	0.1	0.194237497193028	0.0775599143692036	0.0527827249694824	0.359532956447055	0.306750231477572	0	0	0	0.2	0.391955200617941	0.195861524682021	0.0459984109251261	0.817450963158831	0.771452552233705	0	0	1	0.1	0.131725814485365	0.159186626717293	-0.203022481195591	0.426205899901439	0.62922838109703	0	0	1	0.2	0.383692961717075	0.398895919721945	-0.422889497393075	1.18888878399372	1.61177828138679	0	0	2	0.1	0.420787000937689	0.23384823561108	-0.0199430963156055	0.906191374110462	0.926134470426068	0	0	2	0.2	1.05590240660497	0.472529037812878	0.194588811173088	2.05968873715846	1.86509992598537	0	0	3	0.1	0.777886190747959	0.287458929817224	0.286676265169907	1.38591086002427	1.09923459485437	0	0	3	0.2	1.58097427296628	0.514821905037856	0.65204364130997	2.65667757865178	2.00463393734181
361	0	0	0	0.1	0.115644747311703	0.094865168424289	-0.0778085158548683	0.304947627805282	0.38275614366015	0	0	0	0.2	0.167167912300967	0.207136403906612	-0.230616715710418	0.583874539821294	0.814491255531713	0	0	1	0.1	0.0575777344353532	0.119303258300489	-0.183105382750549	0.293051876064806	0.476157258815355	0	0	1	0.2	0.294834655930957	0.286981189013654	-0.238878199336083	0.895644617198789	1.13452281653487	0	0	2	0.1	0.440466531469623	0.185804654080884	0.13103061573351	0.858303055466732	0.727272439733222	0	0	2	0.2	1.09332344369649	0.380475650766757	0.472046927704253	1.92575664842198	1.45370972071773	0	0	3	0.1	0.843847515188611	0.261142010413335	0.423559879754965	1.42890284063608	1.00534296088111	0	0	3	0.2	1.70746680887217	0.447305303704831	0.941211003376704	2.69576200050709	1.75455099713039
352	0	0	0	0.1	0.140987309833167	0.0765227008250411	-0.0009396566678816	0.298050977534776	0.298990634202658	0	0	0	0.2	0.42093159888875	0.200147089896532	0.0748210423844279	0.864706487800189	0.789885445415761	0	0	1	0.1	0.435684051671495	0.13323939988393	0.221487536614104	0.720730749731264	0.49924321311716	0	0	1	0.2	1.22352280658443	0.371577690592837	0.637451420213177	2.02704074545714	1.38958932524396	0	0	2	0.1	0.893759997915131	0.227896625262613	0.502972575835533	1.39688271313969	0.893910137304158	0	0	2	0.2	1.94952818921216	0.453394454280387	1.1154038318592	2.94826171088899	1.83285787902979	0	0	3	0.1	1.21349975819946	0.297942407346757	0.684973191267492	1.87348863067371	1.18851543940622	0	0	3	0.2	2.37207204181581	0.539566583551748	1.35548521459172	3.50991847964189	2.15443326505017
355	0	0	0	0.1	0.09541603155103	0.0567105299453084	-0.0159311724145077	0.20746632499512	0.223397497409628	0	0	0	0.2	0.178379284005749	0.137224933060724	-0.0859596014674264	0.452124716712206	0.538084318179633	0	0	1	0.1	0.1270743221659	0.0928380429100581	-0.05117833383919	0.308896742957647	0.360075076796837	0	0	1	0.2	0.370438555163021	0.235635443459859	-0.0703988901067817	0.85763901698843	0.928037907095212	0	0	2	0.1	0.415349534171013	0.162276299184844	0.146308507227467	0.770771942798949	0.624463435571482	0	0	2	0.2	0.980073163936169	0.351590259629808	0.383287428962996	1.76240906529718	1.37912163633418	0	0	3	0.1	0.727501290267046	0.24328876661406	0.344341517322454	1.27075066965077	0.926409152328315	0	0	3	0.2	1.5352265295314	0.468018991813626	0.766614431232916	2.58607171598407	1.81945728475115
356	0	0	0	0.1	0.0375227598486504	0.0592089018776551	-0.0905333031483422	0.145961487446658	0.236494790595	0	0	0	0.2	0.0445957415080166	0.161351010017116	-0.299558224818202	0.354611864232685	0.654170089050886	0	0	1	0.1	0.101695030378364	0.121266282013463	-0.122784712193733	0.341693963006677	0.46447867520041	0	0	1	0.2	0.503318217417283	0.349323396172351	-0.101378646345451	1.24670240940736	1.34808105575281	0	0	2	0.1	0.648412197051528	0.214800933425983	0.279520660830711	1.09506412409223	0.815543463261518	0	0	2	0.2	1.43110120834213	0.393921637571274	0.719990484011184	2.24727142193331	1.52728093792212	0	0	3	0.1	1.01188727478952	0.263544950690627	0.521987594975585	1.55561824305501	1.03363064807942	0	0	3	0.2	1.87432825413366	0.438446033404282	1.07097144124922	2.73099136018368	1.66001991893445
344	0	0	0	0.1	0.0403247857688173	0.0809761924807108	-0.123575642543166	0.185192738025196	0.308768380568362	0	0	0	0.2	0.176677771715457	0.192291347779551	-0.167418542181983	0.556184530572513	0.723603072754496	0	0	1	0.1	0.353102829474561	0.127108593742093	0.125072943308946	0.606449045431717	0.481376102122771	0	0	1	0.2	1.06199311344028	0.32748094188543	0.504180237484328	1.71263019137415	1.20844995388983	0	0	2	0.1	0.908311349454859	0.207040349778045	0.554810681507496	1.36967858161451	0.814867900107017	0	0	2	0.2	1.88397959336961	0.379738266187036	1.2101682968856	2.71583411178085	1.50566581489524	0	0	3	0.1	1.28775201196292	0.26815965672913	0.838715297945579	1.89886853755966	1.06015323961408	0	0	3	0.2	2.38032654962282	0.440428246805963	1.61542566697682	3.33950994043338	1.72408427345655
350	0	0	0	0.1	0.186846065971977	0.0915796694357819	0.0166841067257	0.367158590294711	0.350474483569011	0	0	0	0.2	0.315081721466458	0.182621679711157	-0.0358853311402541	0.680488423078248	0.716373754218502	0	0	1	0.1	0.190970169138549	0.111362645054605	-0.0312755896593374	0.406783691614548	0.438059281273886	0	0	1	0.2	0.512848485145065	0.242546771643132	0.0556255072650531	1.01423129760032	0.958605790335268	0	0	2	0.1	0.510747529315793	0.150051482830214	0.250782151530907	0.852479898160784	0.601697746629877	0	0	2	0.2	1.10650625664929	0.2889365474286	0.621183029658762	1.73104989545184	1.10986686579308	0	0	3	0.1	0.796575322394224	0.19324576449244	0.485228284198057	1.24529578585914	0.760067501661081	0	0	3	0.2	1.58531838158802	0.343549479903776	1.01201430849115	2.38343030672212	1.37141599823097
353	0	0	0	0.1	0.0317543729466787	0.0752663476336099	-0.115250518351168	0.185327332653938	0.300577851005106	0	0	0	0.2	0.0394111572502457	0.144411764042652	-0.24949639335058	0.313086339185067	0.562582732535647	0	0	1	0.1	0.0743671992811214	0.0777538663125691	-0.0820559459140721	0.224486719389893	0.306542665303965	0	0	1	0.2	0.250347624046701	0.172304357713317	-0.093474184554156	0.582647125318025	0.676121309872181	0	0	2	0.1	0.333321200015339	0.114826516750557	0.130529473723747	0.58035262507688	0.449823151353132	0	0	2	0.2	0.811705760559947	0.262112122609311	0.361554647710314	1.40245309110575	1.04089844339543	0	0	3	0.1	0.578235304496985	0.167529126346904	0.296339299101794	0.952127767518985	0.65578846841719	0	0	3	0.2	1.25106115528703	0.345112182375901	0.668686497208112	2.00860911610935	1.33992261890124
357	0	0	0	0.1	0.00405896059124734	0.0597701138164625	-0.113805806947611	0.119739088571686	0.233544895519297	0	0	0	0.2	0.00228841852634462	0.121706761586884	-0.24816155395343	0.229931447225945	0.478093001179375	0	0	1	0.1	0.0697915831350118	0.0730348946691285	-0.0815130916660123	0.2152194777167	0.296732569382713	0	0	1	0.2	0.244885412080689	0.182482282401287	-0.105322954083183	0.626502291206604	0.731825245289787	0	0	2	0.1	0.3837384530409	0.136751622346944	0.155051429145452	0.682467588895942	0.52741615975049	0	0	2	0.2	1.02879473492915	0.332551820844528	0.463483666364389	1.78686314394359	1.3233794775792	0	0	3	0.1	0.79068478186708	0.220909882695653	0.419374024586355	1.28949148944497	0.870117464858612	0	0	3	0.2	1.76990412733982	0.453975522970861	0.980283670441118	2.74763059974625	1.76734692930514
366	0	0	0	0.1	-0.00992660177168229	0.0740499020094685	-0.156964450840159	0.137475691695259	0.294440142535418	0	0	0	0.2	0.00958531783984489	0.186498205232492	-0.353949489778024	0.391699001070047	0.745648490848072	0	0	1	0.1	0.210482192459384	0.142918709451984	-0.0423626623939237	0.502769250206617	0.545131912600541	0	0	1	0.2	0.988570589930463	0.456269081986307	0.225270296419222	1.99059769812943	1.7653274017102	0	0	2	0.1	0.988369569615649	0.31206602221633	0.469389940791811	1.67921396285435	1.20982402206253	0	0	2	0.2	2.22642031441514	0.536844024309839	1.26271660276815	3.30225354823144	2.03953694546329	0	0	3	0.1	1.58312085480514	0.39329890671716	0.894160390476185	2.39077938980076	1.49661899932458	0	0	3	0.2	2.89794179803092	0.580486017641481	1.80668975338524	4.02940448038192	2.22271472699669
360	0	0	0	0.1	0.163114396181343	0.0737035880659422	0.0222525139980724	0.301196598197551	0.278944084199478	0	0	0	0.2	0.192568742157416	0.234765390390342	-0.298203862287746	0.60043016796605	0.898634030253796	0	0	1	0.1	-0.157443694347531	0.224301904303603	-0.63404053172034	0.268669800590145	0.902710332310485	0	0	1	0.2	-0.0044159866530299	0.451293019021035	-0.888763180863266	0.896792442317331	1.7855556231806	0	0	2	0.1	0.352500056894628	0.277545798989556	-0.16919817828516	0.924336517727072	1.09353469601223	0	0	2	0.2	0.983839155764829	0.455614655730438	0.115597321429539	1.88713931762811	1.77154199619857	0	0	3	0.1	0.886959798450399	0.306145425171822	0.324845691483852	1.51214383688444	1.18729814540059	0	0	3	0.2	1.62596554866164	0.456021250559512	0.744326013642255	2.53259819842813	1.78827218478587
362	0	0	0	0.1	0.0883388334976766	0.0832392257756709	-0.0777579934658108	0.259234382470043	0.336992375935854	0	0	0	0.2	0.199207621067063	0.199413370963412	-0.179438781974586	0.605863281770785	0.785302063745371	0	0	1	0.1	0.170103995834421	0.114261456808594	-0.0569909139795039	0.384485524461286	0.44147643844079	0	0	1	0.2	0.561365854682123	0.29305280698849	0.0424917898431767	1.1432849015793	1.10079311173612	0	0	2	0.1	0.541048586850887	0.17819343363058	0.235925718052808	0.895138138575314	0.659212420522507	0	0	2	0.2	1.17694128842051	0.340129941221252	0.595923511210033	1.87992082355505	1.28399731234502	0	0	3	0.1	0.794858435584295	0.214922226305609	0.424322309141482	1.25236523029833	0.828042921156844	0	0	3	0.2	1.51120027888099	0.370001301995997	0.848993149636903	2.270033878449	1.4210407288121
371	0	0	0	0.1	0.226285501161094	0.0858881475490969	0.0693241546223052	0.406778809542863	0.337454654920558	0	0	0	0.2	0.574252903748898	0.260930329747842	0.10419894376294	1.16669886688107	1.06249992311813	0	0	1	0.1	0.310044674294408	0.163111185876768	-0.0186034803624265	0.651929763226432	0.670533243588858	0	0	1	0.2	0.886080283082165	0.34348766993133	0.237902871803394	1.60543700817613	1.36753413637273	0	0	2	0.1	0.719073670372305	0.196625315819065	0.383775432971581	1.15535745842453	0.771582025452951	0	0	2	0.2	1.40294628643101	0.321933930244205	0.810387766894203	2.08875724559849	1.27836947870428	0	0	3	0.1	0.946834505317869	0.213861557846735	0.569033103609177	1.43738685164985	0.868353748040675	0	0	3	0.2	1.69210915450464	0.338795927923458	1.08769728504907	2.43242116178033	1.34472387673125
363	0	0	0	0.1	0.0352322911958576	0.0784072156314042	-0.110382538832056	0.194132716840242	0.304515255672297	0	0	0	0.2	0.113667630737762	0.194493142702671	-0.259999487050822	0.538854543769047	0.798854030819869	0	0	1	0.1	0.1763175379758	0.122619135531375	-0.0475356586444895	0.429073836508611	0.476609495153101	0	0	1	0.2	0.661606696225287	0.309791465039204	0.148398661823839	1.33829696044478	1.18989829862094	0	0	2	0.1	0.609891617929728	0.183045401950461	0.322433656839681	0.999719212522176	0.677285555682495	0	0	2	0.2	1.42557489314089	0.364602047867089	0.826956487327671	2.1975203440026	1.37056385667493	0	0	3	0.1	0.915026916137082	0.222386585794246	0.544781302423873	1.38270390755577	0.837922605131896	0	0	3	0.2	1.86629856202917	0.411603089791093	1.16567461709852	2.68935749424015	1.52368287714163
368	0	0	0	0.1	0.0984481594827826	0.0643633757477799	-0.028264302523126	0.230331567774761	0.258595870297887	0	0	0	0.2	0.27284870027779	0.181981825727346	-0.0853166267434699	0.635966596355804	0.721283223099274	0	0	1	0.1	0.2217125152113	0.126899860127572	-0.0289376627314003	0.468761934045794	0.497699596777195	0	0	1	0.2	0.674913786116927	0.324557650237155	0.0524506832109569	1.35502789679098	1.30257721358002	0	0	2	0.1	0.593728736931332	0.185084474871426	0.255479776146017	0.991887297715799	0.736407521569783	0	0	2	0.2	1.30856370326401	0.349359241843207	0.670035421224791	2.06804818106751	1.39801275984272	0	0	3	0.1	0.911265213388446	0.224437857723233	0.499400281553083	1.40050958608889	0.901109304535808	0	0	3	0.2	1.71306946405992	0.375756774144867	1.02419091026898	2.50321066990319	1.47901975963421
374	0	0	0	0.1	0.1248066670162	0.0624205742433622	0.00940357594346184	0.250187734818985	0.240784158875523	0	0	0	0.2	0.248962468844649	0.140033663934619	-0.0113204731389463	0.546017071938754	0.5573375450777	0	0	1	0.1	0.188705635805749	0.0887377322641203	0.0245362147897476	0.367511215342236	0.342975000552488	0	0	1	0.2	0.503432991044428	0.238172114300801	0.109791473994701	1.01694869348481	0.907157219490106	0	0	2	0.1	0.474013896457643	0.168252198833033	0.206219239865284	0.856753561436571	0.650534321571288	0	0	2	0.2	1.10605458167036	0.366446960629165	0.509782803121074	1.90660392275909	1.39682111963802	0	0	3	0.1	0.756112233442034	0.234888881205732	0.380631878242324	1.29848174586105	0.917849867618721	0	0	3	0.2	1.53909941423593	0.438766984178248	0.806213986759736	2.5024103099175	1.69619632315776
369	0	0	0	0.1	0.133382032537936	0.0858481932962494	-0.0229720084064285	0.305256970790743	0.328228979197171	0	0	0	0.2	0.45348629999282	0.235741495760722	0.0660237114606041	0.962167018711711	0.896143307251107	0	0	1	0.1	0.463097139965192	0.170472553555242	0.164832195024909	0.842788913412537	0.677956718387628	0	0	1	0.2	1.25158693554299	0.37691736198738	0.57485549515534	2.07356773488974	1.49871223973439	0	0	2	0.1	0.892524071733774	0.21368225143847	0.547690436956367	1.39131259911907	0.843622162162702	0	0	2	0.2	1.82832571262136	0.373906911841559	1.21252314682078	2.63949492924441	1.42697178242363	0	0	3	0.1	1.16035650621837	0.244916899387688	0.753128544837576	1.72306989291645	0.969941348078869	0	0	3	0.2	2.1643815671878	0.411814359634202	1.43936391870455	3.0756493212446	1.63628540254005
367	0	0	0	0.1	-0.0854351643735151	0.0888890713579982	-0.271875730740937	0.0769590062701328	0.348834737011069	0	0	0	0.2	-0.173151781834586	0.185610824201039	-0.542147883990362	0.175771056737214	0.717918940727576	0	0	1	0.1	-0.00941899626434049	0.105649998806576	-0.213668913192745	0.19796875608314	0.411637669275885	0	0	1	0.2	0.0947510967035921	0.248293030461306	-0.357731095255163	0.597820282216458	0.955551377471621	0	0	2	0.1	0.221570605923162	0.140573148250134	-0.0318433857841137	0.515221419224088	0.547064805008201	0	0	2	0.2	0.547795727159136	0.287903297957234	0.00381156623172377	1.12268561514746	1.11887404891574	0	0	3	0.1	0.406272655970523	0.168005807490269	0.102264428241177	0.738690949403933	0.636426521162756	0	0	3	0.2	0.834291227919787	0.322510591752281	0.249850685931897	1.5041907216243	1.2543400356924
370	0	0	0	0.1	0.0862356344444204	0.0735410495112579	-0.0620033254163204	0.228129591103292	0.290132916519612	0	0	0	0.2	0.207535491481011	0.161629318834395	-0.111926383568328	0.537400602800701	0.649326986369029	0	0	1	0.1	0.199364118257488	0.0895048178834996	0.0278748634397402	0.378560468192195	0.350685604752455	0	0	1	0.2	0.57095399501382	0.222216728006985	0.158208298813738	1.0282373708933	0.870029072079564	0	0	2	0.1	0.505317506712709	0.141214265294122	0.246130676974125	0.81166841714161	0.565537740167486	0	0	2	0.2	1.11462894327539	0.298477621812634	0.577629120461197	1.75905775578036	1.18142863531916	0	0	3	0.1	0.734054519666368	0.197026996051073	0.402231661641492	1.19913953650219	0.796907874860702	0	0	3	0.2	1.45746043797359	0.38626159280127	0.822890959073277	2.34557400542492	1.52268304635164
375	0	0	0	0.1	0.0796237528333665	0.0640033081556224	-0.0371155645116684	0.213891202196623	0.251006766708291	0	0	0	0.2	0.198662419802891	0.158847841816946	-0.0858760885427001	0.52944528366127	0.615321372203971	0	0	1	0.1	0.316699824909505	0.152261961176983	0.0414116776320384	0.640615916958188	0.59920423932615	0	0	1	0.2	1.07169404528966	0.491759812032771	0.220860707891818	2.14402718172201	1.9231664738302	0	0	2	0.1	0.943495302717438	0.330036153778705	0.381843491608265	1.64361958988245	1.26177609827419	0	0	2	0.2	2.01849266504213	0.565323365851927	0.960875881191354	3.16578636500984	2.20491048381848	0	0	3	0.1	1.3747522054273	0.380925058284905	0.719205470637217	2.23074951880501	1.51154404816779	0	0	3	0.2	2.48044178773101	0.573083000385697	1.45598724062114	3.74181301963524	2.28582577901409
377	0	0	0	0.1	0.0132803424150152	0.0710696599636067	-0.131297828752416	0.151002698640992	0.282300527393408	0	0	0	0.2	0.0201552030223515	0.183651456090822	-0.344559944183768	0.394327898717329	0.738887842901096	0	0	1	0.1	0.175574652651009	0.13305686609704	-0.0820166703847863	0.453399511795945	0.535416182180732	0	0	1	0.2	0.759750772230381	0.350127475095606	0.115466540660723	1.52330498926321	1.40783844860249	0	0	2	0.1	0.831510192054795	0.218216505973377	0.463416879055803	1.29899167859872	0.835574799542912	0	0	2	0.2	1.82297319671686	0.386773618293617	1.11369172392419	2.65372105744863	1.54002933352444	0	0	3	0.1	1.31873020222448	0.276351616269493	0.83957906264629	1.9126249711437	1.07304590849741	0	0	3	0.2	2.39877663666925	0.43150782448499	1.63799511452452	3.31904999668713	1.68105488216261
372	0	0	0	0.1	0.114394604367292	0.0444836565302361	0.0268331032391021	0.206077108663435	0.179244005424332	0	0	0	0.2	0.213416793080642	0.115263410835495	-0.00705241546746894	0.450845401405308	0.457897816872777	0	0	1	0.1	0.0637393100012917	0.129716724187975	-0.200756693163308	0.320527465750118	0.521284158913427	0	0	1	0.2	0.27230178451455	0.324719712679784	-0.373628421091439	0.90235210228105	1.27598052337249	0	0	2	0.1	0.40604098245146	0.184753614860729	0.0652952968942598	0.782722727655145	0.717427430760885	0	0	2	0.2	1.0041804541165	0.353783865960662	0.326585935938386	1.74961687939784	1.42303094345945	0	0	3	0.1	0.72424792881976	0.215624958465665	0.360124007240446	1.18414677130009	0.824022764059647	0	0	3	0.2	1.43398975764341	0.375677691060535	0.761847349519583	2.23712407455591	1.47527672503633
373	0	0	0	0.1	0.0454515172422676	0.0616084449473207	-0.0844504060993041	0.159433666147166	0.24388407224647	0	0	0	0.2	0.035012232823008	0.13173457945809	-0.247909441374486	0.274696120517604	0.52260556189209	0	0	1	0.1	0.0446501818889885	0.0876406085229561	-0.141221982482683	0.21128358203033	0.352505564513013	0	0	1	0.2	0.156921777824373	0.222654026702862	-0.303969019180538	0.624767409688096	0.928736428868634	0	0	2	0.1	0.318563284705814	0.172621105614611	0.0289862410978182	0.704477206929926	0.675490965832108	0	0	2	0.2	0.831338906650054	0.398078945493031	0.181866531798668	1.69485794446562	1.51299141266695	0	0	3	0.1	0.688758994252887	0.27735425056761	0.251302592250725	1.29308208002883	1.0417794877781	0	0	3	0.2	1.51336653403464	0.539720016684157	0.595244991552368	2.65307217118144	2.05782717962907
378	0	0	0	0.1	0.191047747706588	0.0745741354822784	0.05661129147332	0.353518681326525	0.296907389853205	0	0	0	0.2	0.495049702926578	0.205739024438951	0.13735075010963	0.940613785578769	0.803263035469139	0	0	1	0.1	0.345958576932525	0.125428281329572	0.124782036068481	0.617084522550256	0.492302486481775	0	0	1	0.2	0.897932898560862	0.286697629480126	0.364497297137457	1.47787914253381	1.11338184539635	0	0	2	0.1	0.733261752816998	0.175868847471202	0.403371055200086	1.10422057018809	0.700849514988003	0	0	2	0.2	1.439157071089	0.304100514489304	0.865999380229367	2.08449536198166	1.21849598175229	0	0	3	0.1	1.00901343120201	0.205611487525495	0.632826100186764	1.45091919743539	0.818093097248629	0	0	3	0.2	1.78655729359966	0.335621955080377	1.15168603834749	2.49950934926833	1.34782331092084
379	0	0	0	0.1	0.109844823135828	0.0579700960032496	0.00159541693264531	0.225075205297665	0.22347978836502	0	0	0	0.2	0.176273811769207	0.121003352391859	-0.0508057522196333	0.419717269114234	0.470523021333867	0	0	1	0.1	0.115889064952477	0.0810824813071007	-0.0458124539936934	0.269757063167096	0.315569517160789	0	0	1	0.2	0.318211574593329	0.21030779586229	-0.0814051502467045	0.731122714199258	0.812527864445963	0	0	2	0.1	0.408677388003174	0.169466204253935	0.0967734098073404	0.766703981718608	0.669930571911268	0	0	2	0.2	1.06559695110002	0.417547424373044	0.337164295657206	1.94755767498208	1.61039337932487	0	0	3	0.1	0.826355311138763	0.287192390012561	0.337105861239219	1.45293969417356	1.11583383293434	0	0	3	0.2	1.79516527314947	0.561827016275984	0.809121810216506	2.9598533677304	2.1507315575139
376	0	0	0	0.1	0.117598511619282	0.0585828723745518	0.00377701431846442	0.230936767781049	0.227159753462585	0	0	0	0.2	0.238669232037779	0.138216869491081	-0.02747894523644	0.511435192029869	0.538914137266309	0	0	1	0.1	0.204189188220476	0.092500691564286	0.035695119119605	0.379626950701155	0.34393183158155	0	0	1	0.2	0.594737532853635	0.267535828615286	0.133809087867389	1.15517799492726	1.02136890705987	0	0	2	0.1	0.585052946192076	0.178357087112646	0.283964359301889	0.966033669476726	0.682069310174837	0	0	2	0.2	1.44717948043335	0.405233822346811	0.727170735387832	2.31113976122599	1.58396902583816	0	0	3	0.1	0.983902394405245	0.266242753010701	0.525950418255106	1.59851747191399	1.07256705365888	0	0	3	0.2	2.00578909596301	0.499009137887225	1.11211145559667	3.08788001582875	1.97576856023208
380	0	0	0	0.1	-0.0360830547752266	0.0824443779497244	-0.212983690383643	0.106164770674108	0.319148461057751	0	0	0	0.2	-0.0604088411360797	0.174480533730748	-0.42474283095689	0.260975018863399	0.685717849820289	0	0	1	0.1	0.062315563234027	0.0956749710037836	-0.119721091409006	0.258055525048955	0.377776616457961	0	0	1	0.2	0.31423188188266	0.224993371392623	-0.0816013232777101	0.790267309733153	0.871868633010863	0	0	2	0.1	0.420106287080916	0.139262320612486	0.196967466646944	0.746696889983657	0.549729423336713	0	0	2	0.2	1.05428063547522	0.303220212047838	0.57057247935349	1.74621759715408	1.17564511780059	0	0	3	0.1	0.758972020847187	0.192301712841082	0.474833112062391	1.21395015076872	0.739117038706328	0	0	3	0.2	1.5922778982895	0.363322737305841	1.04230902679584	2.42310905951734	1.3808000327215
381	0	0	0	0.1	0.122250366300257	0.0560522415017956	0.0232120370138252	0.232992645871299	0.209780608857474	0	0	0	0.2	0.224360721869111	0.125644890142044	0.00127552535505292	0.47982463073287	0.478549105377817	0	0	1	0.1	0.113323471242439	0.0894760852313649	-0.0782484538945635	0.271968917263636	0.3502173711582	0	0	1	0.2	0.28622717142306	0.216703912679477	-0.143044112992914	0.693739436998444	0.836783549991358	0	0	2	0.1	0.346017252714	0.143707789071503	0.0970639009011064	0.642666535637709	0.545602634736602	0	0	2	0.2	0.879318792710971	0.315596998704378	0.336886271578002	1.59209042664395	1.25520415506595	0	0	3	0.1	0.678606659562253	0.205317463295851	0.337322240331362	1.15889690094035	0.821574660608987	0	0	3	0.2	1.40010350815849	0.385755094837257	0.747496315597272	2.28848591287508	1.54098959727781
382	0	0	0	0.1	0.187277167893726	0.0804881344207755	0.034813257581218	0.349419280493615	0.314606022912397	0	0	0	0.2	0.375296836197163	0.161592759632879	0.0784570199409113	0.683595019470679	0.605137999529768	0	0	1	0.1	0.229359039117842	0.0845681000352638	0.0754678713720396	0.398244549661639	0.322776678289599	0	0	1	0.2	0.595142045311794	0.21539631331086	0.224685310844163	1.06534473872983	0.840659427885665	0	0	2	0.1	0.536908656993051	0.146049970731138	0.283593158171253	0.85466816935458	0.571075011183327	0	0	2	0.2	1.28909815040829	0.332609554494554	0.691491113665457	2.0000534123397	1.30856229867424	0	0	3	0.1	0.881705274768716	0.218764173176839	0.516941866465555	1.36070276268342	0.843760896217869	0	0	3	0.2	1.86687467441609	0.429122454286517	1.10872175773338	2.79081251594856	1.68209075821518
383	0	0	0	0.1	0.0912061974629162	0.0733585551873254	-0.0433378347450264	0.237701365834704	0.28103920057973	0	0	0	0.2	0.20434560381736	0.164517376296809	-0.100358078992585	0.524425450290672	0.624783529283257	0	0	1	0.1	0.187517890109807	0.0911339391272716	0.0171714702027555	0.392566752383649	0.375395282180893	0	0	1	0.2	0.614893152269695	0.248865226473645	0.182131268027931	1.20066969821518	1.01853843018725	0	0	2	0.1	0.677173984533828	0.160010441002374	0.41061164506041	1.01386957869974	0.603257933639329	0	0	2	0.2	1.46485155317285	0.298364739534294	0.924176725450552	2.07551433999859	1.15133761454804	0	0	3	0.1	1.05493284470149	0.212680168435069	0.694594851139331	1.51496115027844	0.820366299139106	0	0	3	0.2	1.93526059329449	0.348191897464966	1.3324726896011	2.62535821009689	1.29288552049579
386	0	0	0	0.1	0.1402377739134	0.0704131462512155	0.0104080468826892	0.279697013174052	0.269288966291363	0	0	0	0.2	0.451797097444222	0.264463761605063	-0.0123154447424262	1.10198681077633	1.11430225551875	0	0	1	0.1	0.499731820256129	0.224753262682252	0.128583460143165	0.999172510839626	0.870589050696461	0	0	1	0.2	1.57780971310015	0.468570357092143	0.684296697446101	2.52485196026985	1.84055526282375	0	0	2	0.1	1.23709444148968	0.303676256938864	0.670827659650852	1.84305689508836	1.1722292354375	0	0	2	0.2	2.2203613198512	0.436832823364481	1.34062847698334	3.05702148914187	1.71639301215853	0	0	3	0.1	1.5615719671436	0.335319488795042	0.927876726797594	2.23103613938983	1.30315941259223	0	0	3	0.2	2.55673170414873	0.478528181946232	1.61494408199877	3.54570080016099	1.93075671816222
385	0	0	0	0.1	0.194927584032946	0.0856424433754667	0.043053910901943	0.370942852797766	0.327888941895823	0	0	0	0.2	0.475971462703924	0.248677075566704	0.0489762341586639	1.01658716648107	0.967610932322402	0	0	1	0.1	0.265589362254834	0.135682390121279	0.0240617240129665	0.543890698086359	0.519828974073392	0	0	1	0.2	0.796825375975386	0.308768069826692	0.241987830345829	1.42937939993338	1.18739156958755	0	0	2	0.1	0.655767954340818	0.17444241918038	0.349101608193695	1.03936664142106	0.69026503322737	0	0	2	0.2	1.42692995009509	0.325189171305414	0.831700339762719	2.0940810740848	1.26238073432208	0	0	3	0.1	0.941405053179541	0.203152088820269	0.58790495478916	1.37056355256089	0.782658597771729	0	0	3	0.2	1.8250660916638	0.356915764955591	1.18423540697688	2.54998805599297	1.36575264901608
384	0	0	0	0.1	0.0848936377305429	0.0621966459473099	-0.0458581908785329	0.205189051893538	0.25104724277207	0	0	0	0.2	0.169213099346895	0.149528931175748	-0.121238223776789	0.469505340677784	0.590743564454572	0	0	1	0.1	0.143214115514579	0.115480783202546	-0.0822324247064492	0.367740944578165	0.449973369284614	0	0	1	0.2	0.461638146912801	0.336337776835299	-0.1335436655047	1.18891643276493	1.32246009826963	0	0	2	0.1	0.450827436909445	0.208090512049949	0.105453727426204	0.91576468687132	0.810310959445115	0	0	2	0.2	1.03900210917679	0.398321387472955	0.364058913256232	1.88136818974605	1.51730927648982	0	0	3	0.1	0.716837338136349	0.24232780214796	0.315793392542217	1.27725146934711	0.961458076804892	0	0	3	0.2	1.34342740870906	0.4146046845949	0.651569704065661	2.27061025979136	1.6190405557257
387	0	0	0	0.1	0.0834133373582625	0.066831725591469	-0.044765904046253	0.214652032973788	0.259417937020041	0	0	0	0.2	0.153446629289847	0.142417681739314	-0.128480624741129	0.441739668156706	0.570220292897835	0	0	1	0.1	0.148564639994115	0.0819221629311579	-0.0135824405819399	0.305501505242687	0.319083945824627	0	0	1	0.2	0.405698913238847	0.181996936261645	0.0671033503434134	0.779121418234597	0.712018067891184	0	0	2	0.1	0.427337849260119	0.113785543853314	0.218663766564599	0.664796599521653	0.446132832957054	0	0	2	0.2	0.951015258684434	0.23983255579465	0.512366537485597	1.4730501750342	0.960683637548606	0	0	3	0.1	0.654768859869128	0.154597945849287	0.386781165438496	0.997785824979635	0.61100465954114	0	0	3	0.2	1.34715230659576	0.310094738186398	0.80814436783565	2.01895100253061	1.21080663469496
388	0	0	0	0.1	0.150161742248237	0.0797149108585076	-0.00366304078226252	0.307175878437637	0.310838919219899	0	0	0	0.2	0.447032372468049	0.249319136242416	0.00488129179049	0.998452077542479	0.993570785751989	0	0	1	0.1	0.461719991857537	0.168265225412364	0.17004730151383	0.84636925460228	0.67632195308845	0	0	1	0.2	1.38035321873311	0.369391587225699	0.73030832865206	2.16356125975379	1.43325293110173	0	0	2	0.1	1.11009619500137	0.245820238266473	0.706077973622702	1.66566229061051	0.959584316987804	0	0	2	0.2	2.12949904531519	0.4019453884419	1.43480894823901	2.94330112190996	1.50849217367095	0	0	3	0.1	1.43486377286626	0.303702354314775	0.925795272963463	2.0847265422339	1.15893126927043	0	0	3	0.2	2.5556768781278	0.482833700674991	1.72314750923689	3.54876270999138	1.82561520075449
394	0	0	0	0.1	0.125557281828875	0.0632361967592303	0.00191935034880909	0.257171379583384	0.255252029234575	0	0	0	0.2	0.239299132161454	0.159524670501193	-0.0627477178302192	0.577027394941922	0.639775112772141	0	0	1	0.1	0.125218709673465	0.116637009000491	-0.114235550487349	0.34920102132154	0.463436571808889	0	0	1	0.2	0.396976210809035	0.317098663210054	-0.221420370268661	1.04183853221631	1.26325890248497	0	0	2	0.1	0.404721161513124	0.184925470307807	0.0600567866520602	0.792620168912877	0.732563382260817	0	0	2	0.2	1.06878604178155	0.404177074602854	0.357927118544332	1.89053988994483	1.5326127714005	0	0	3	0.1	0.710835220707553	0.238041373324793	0.295559907118354	1.20152968611549	0.905969778997133	0	0	3	0.2	1.50701240438042	0.460200806220292	0.648845798579086	2.43625291394714	1.78740711536806
389	0	0	0	0.1	0.138906138849623	0.0561709982232784	0.0334368478914994	0.25383099773594	0.22039414984444	0	0	0	0.2	0.265303563611134	0.12918268916559	0.0254575322940192	0.538080393442646	0.512622861148627	0	0	1	0.1	0.183243954534493	0.116985168709633	-0.0277454049520666	0.428750049156997	0.456495454109064	0	0	1	0.2	0.642260421780128	0.357312189124346	0.0295865176314309	1.45417200367044	1.42458548603901	0	0	2	0.1	0.740218754948967	0.253585076651999	0.293482013619784	1.30853489183373	1.01505287821394	0	0	2	0.2	1.7134340397411	0.457885806963658	0.842420842661167	2.60181460771353	1.75939376505236	0	0	3	0.1	1.30554149928442	0.337021599028171	0.685419012397761	1.97921809527767	1.29379908287991	0	0	3	0.2	2.41870807336194	0.520794696734731	1.39638895673997	3.43093492277124	2.03454596603126
395	0	0	0	0.1	0.0801363157338215	0.0689225783870198	-0.0557207020870356	0.215415194741168	0.271135896828203	0	0	0	0.2	0.179354223394444	0.162174894778604	-0.140532361812333	0.507027037641076	0.647559399453408	0	0	1	0.1	0.170823967164895	0.102921202461758	-0.0193220242244089	0.382675955383114	0.401997979607523	0	0	1	0.2	0.621439297549789	0.301595894475536	0.0969770506345759	1.2942179976232	1.19724094698862	0	0	2	0.1	0.640426611943336	0.196045129829508	0.308994984486061	1.08379519138912	0.774800206903063	0	0	2	0.2	1.53961838054078	0.400147790834254	0.827908164519254	2.45080829701386	1.6229001324946	0	0	3	0.1	1.03602818576744	0.25999514859635	0.586928602748532	1.65764199339092	1.07071339064238	0	0	3	0.2	2.03684895660952	0.45009749796771	1.23174298829784	3.01787765875097	1.78613467045314
392	0	0	0	0.1	0.0148264789443855	0.0750173877077841	-0.134695559976151	0.153002818396575	0.287698378372726	0	0	0	0.2	0.0885615117096226	0.179860294532638	-0.250482981877693	0.45560060917761	0.706083591055303	0	0	1	0.1	0.245008566671492	0.12195447174179	0.0235283248843672	0.49762433857433	0.474096013689963	0	0	1	0.2	0.938192957245788	0.383350425584651	0.280034319544693	1.81528458985581	1.53525027031111	0	0	2	0.1	0.933868935526216	0.261662905016865	0.505452470345783	1.49880642095638	0.993353950610598	0	0	2	0.2	2.11895044569061	0.482754232953762	1.27647443870403	3.13466995037686	1.85819551167283	0	0	3	0.1	1.49719508405124	0.344495320254834	0.921815566013668	2.2642888463702	1.34247328035654	0	0	3	0.2	2.72992131280233	0.534557371874218	1.80310142471534	3.89586118472546	2.09275976001012
393	0	0	0	0.1	0.188490515591077	0.106503084919138	-0.0149019547553245	0.411731236869334	0.426633191624659	0	0	0	0.2	0.371289771191385	0.244525376843463	-0.071239255055024	0.906146571545228	0.977385826600253	0	0	1	0.1	0.181282653148388	0.118308893498488	-0.0235769598105584	0.432007088879841	0.4555840486904	0	0	1	0.2	0.505810580787557	0.272766682443984	0.0235948506861616	1.16094874025829	1.13735388957213	0	0	2	0.1	0.474411731446859	0.175308371864866	0.203020664422219	0.896881337375315	0.693860672953096	0	0	2	0.2	0.986163725590029	0.329480111453275	0.469788004956966	1.70074064544104	1.23095264048408	0	0	3	0.1	0.69119787036297	0.219858796448372	0.356980768853498	1.20944236970422	0.852461600850724	0	0	3	0.2	1.308436344837	0.377627262567752	0.7023371874936	2.15659185060335	1.45425466310975
397	0	0	0	0.1	-0.0213869726946568	0.0641310733736346	-0.160726338133325	0.0988316029765071	0.259557941109832	0	0	0	0.2	-0.0537666966273129	0.159573633841998	-0.373017447481233	0.255733338786159	0.628750786267391	0	0	1	0.1	0.102098174389437	0.105802407259392	-0.0904913326755701	0.314011092520464	0.404502425196034	0	0	1	0.2	0.61103436081634	0.325581073827429	0.0910608051794739	1.3729218753708	1.28186107019133	0	0	2	0.1	0.816159742535429	0.233654773695363	0.456229790171133	1.37175397579101	0.915524185619874	0	0	2	0.2	1.97053640924299	0.44194286052012	1.20660969789705	2.88165485882313	1.67504516092607	0	0	3	0.1	1.42635607400765	0.323756326412497	0.876678820951343	2.14009172449439	1.26341290354304	0	0	3	0.2	2.69969416156325	0.50211161789839	1.78674935242968	3.76807739656799	1.98132804413831
390	0	0	0	0.1	-0.072130593467786	0.0849334397105766	-0.253043844921516	0.0854550103919323	0.338498855313448	0	0	0	0.2	-0.234908693410026	0.191194062616961	-0.623986566952206	0.132367710617236	0.756354277569442	0	0	1	0.1	-0.098845615681831	0.110487895277145	-0.32071082640286	0.115079936234324	0.435790762637184	0	0	1	0.2	-0.0510134144137198	0.246312275581392	-0.544513782192709	0.465913412655348	1.01042719484806	0	0	2	0.1	0.290065768622414	0.151209105157919	0.00593624746281858	0.631900307528642	0.625964060065824	0	0	2	0.2	0.819592370824158	0.328155459910892	0.248022912981605	1.51050291352454	1.26248000054294	0	0	3	0.1	0.671242623963954	0.211310316433471	0.302864027035182	1.12364302685696	0.820778999821777	0	0	3	0.2	1.39175643068854	0.390249921747585	0.704193923757857	2.22964151142492	1.52544758766707
396	0	0	0	0.1	0.0967555886054719	0.060786726828675	-0.0303121580931066	0.211105861302468	0.241418019395575	0	0	0	0.2	0.162735581300615	0.146116420529356	-0.127568871985087	0.439734552580954	0.567303424566041	0	0	1	0.1	0.130671184153094	0.100371243967376	-0.057984678308806	0.327456049434742	0.385440727743548	0	0	1	0.2	0.532724452810946	0.314469082782168	-0.00258154006668154	1.23435415497588	1.23693569504256	0	0	2	0.1	0.746254828081748	0.252999120962968	0.342725493476165	1.34121266483592	0.998487171359758	0	0	2	0.2	1.91763634202152	0.517615957412901	1.03238038292974	3.09613629732331	2.06375591439357	0	0	3	0.1	1.4628157309622	0.38616512512012	0.829823130658035	2.31770653363558	1.48788340297755	0	0	3	0.2	2.86148456403749	0.595842420691317	1.80045065523055	4.1835030148164	2.38305235958585
391	0	0	0	0.1	0.0675702797045524	0.0587805371015249	-0.0556166138895038	0.175951329761095	0.231567943650599	0	0	0	0.2	0.130724131535841	0.161354373392566	-0.192673604314482	0.43068665632124	0.623360260635722	0	0	1	0.1	0.154840935450175	0.122474196161624	-0.0850953387443776	0.395067543927876	0.480162882672254	0	0	1	0.2	0.642491945074254	0.336205805746547	0.0129649634175665	1.34717728018872	1.33421231677116	0	0	2	0.1	0.668258364567726	0.205950574714652	0.306560579823348	1.08700300324479	0.780442423421442	0	0	2	0.2	1.54969939446241	0.394278001837503	0.858475669800367	2.40202458301034	1.54354891320997	0	0	3	0.1	1.08065112461278	0.26194425405633	0.643344597501479	1.66749058381997	1.02414598631849	0	0	3	0.2	2.07416249099317	0.437401850184535	1.29856970769441	3.0119320751697	1.7133623674753
398	0	0	0	0.1	0.052512514884808	0.081588924203873	-0.110880261739546	0.216367619471873	0.327247881211419	0	0	0	0.2	0.17325956899734	0.161940129115141	-0.133918496120287	0.510598102154436	0.644516598274723	0	0	1	0.1	0.20073434579451	0.0995722787100547	0.0212319751997335	0.403397960291755	0.382165985092021	0	0	1	0.2	0.549928912489798	0.251854094268614	0.117720162999763	1.07479060471458	0.957070441714813	0	0	2	0.1	0.490260201631007	0.167807585004805	0.218821651834827	0.839190950943209	0.620369299108382	0	0	2	0.2	1.06435014223434	0.334437071958992	0.501219605034963	1.77782104937313	1.27660144433817	0	0	3	0.1	0.728578588762187	0.210863490040051	0.377334719752225	1.19017888575952	0.81284416600729	0	0	3	0.2	1.43848347383992	0.388962917087793	0.772423243077307	2.27382116652239	1.50139792344508
399	0	0	0	0.1	0.0679737572075604	0.0776677091244939	-0.0871909920913081	0.218532824563794	0.305723816655102	0	0	0	0.2	0.113774548464549	0.191079586825027	-0.284751321462605	0.47659008265966	0.761341404122264	0	0	1	0.1	0.0724655624046409	0.116628139898011	-0.175622092978929	0.282249821748663	0.457871914727592	0	0	1	0.2	0.237177414897827	0.290520841279416	-0.341681711845282	0.771111810904279	1.11279352274956	0	0	2	0.1	0.304726670092844	0.176453234568739	-0.0140943686698256	0.652358532628281	0.666452901298107	0	0	2	0.2	0.734551300664396	0.35314315029379	0.110450261167374	1.44068897588077	1.33023871471339	0	0	3	0.1	0.541026214026732	0.210153076353053	0.172896850390837	1.00082054668625	0.827923696295412	0	0	3	0.2	1.05794437871575	0.389372868847553	0.368379011770505	1.86026299159875	1.49188397982825
400	0	0	0	0.1	0.111804667282847	0.0614364282208781	-0.00307254455920178	0.232445738735379	0.235518283294581	0	0	0	0.2	0.235074874897527	0.155622545645896	-0.0558395459544225	0.558197298364039	0.614036844318461	0	0	1	0.1	0.193775421761912	0.0925476186554825	0.0191219163476983	0.388059220640668	0.368937304292969	0	0	1	0.2	0.537931947642173	0.205125809373461	0.153204819673	0.96543517430174	0.812230354628739	0	0	2	0.1	0.543855990918544	0.120492307028773	0.320989345464268	0.807374542599616	0.486385197135348	0	0	2	0.2	1.18074338560187	0.225938970495579	0.753046669398315	1.65071190360725	0.897665234208937	0	0	3	0.1	0.847229449123753	0.150377551373891	0.580135966911296	1.16266375960599	0.582527792694696	0	0	3	0.2	1.62810034384733	0.268088054606355	1.16150612611135	2.18273997656727	1.02123385045593
402	0	0	0	0.1	0.0729146633000031	0.0741841021093993	-0.0800053790687347	0.207885205397891	0.287890584466626	0	0	0	0.2	0.139516437233589	0.16764004858548	-0.201394130500541	0.455090726777405	0.656484857277947	0	0	1	0.1	0.165185404158383	0.105040638097082	-0.0333836024278705	0.365987370880578	0.399370973308448	0	0	1	0.2	0.502140289953155	0.270114473203743	0.0228261585821568	1.05826470206939	1.03543854348723	0	0	2	0.1	0.57809977417281	0.201871925033558	0.252457991402581	1.04758260226723	0.795124610864651	0	0	2	0.2	1.35679211231425	0.406963492893491	0.678487522764032	2.21838924311915	1.53990172035512	0	0	3	0.1	1.09673483162868	0.311268866205441	0.607110239723013	1.7847221344368	1.17761189471379	0	0	3	0.2	2.14530989783507	0.498953579810449	1.3020884576493	3.21784345491347	1.91575499726417
405	0	0	0	0.1	0.105614437070569	0.0617142983770377	-0.011071244728624	0.227401097581135	0.238472342309759	0	0	0	0.2	0.150383205790361	0.159412060691988	-0.16596450793641	0.465237813888496	0.631202321824906	0	0	1	0.1	0.0304348835028685	0.126175870689481	-0.25233960442078	0.265973298410446	0.518312902831227	0	0	1	0.2	0.27634724767469	0.321487278402384	-0.338417669882229	0.961541636920327	1.29995930680256	0	0	2	0.1	0.453976828980661	0.197070004134301	0.109362615280884	0.905301915312187	0.795939300031303	0	0	2	0.2	1.18210376926428	0.402975724394847	0.502763592342014	2.04185610440762	1.53909251206561	0	0	3	0.1	0.879833703365677	0.261755780475635	0.46226779122397	1.44955486439763	0.987287073173655	0	0	3	0.2	1.78475601322204	0.457614331075118	1.01986490835613	2.79103549048351	1.77117058212739
401	0	0	0	0.1	0.0905585158141311	0.0579781850201931	-0.0218414747874799	0.201213358378642	0.223054833166122	0	0	0	0.2	0.181661610248934	0.130772604943553	-0.0688791380189406	0.455471906246361	0.524351044265301	0	0	1	0.1	0.227653026981056	0.100486793362312	0.0458102286629193	0.426372801949805	0.380562573286885	0	0	1	0.2	0.70564103639852	0.302941551177922	0.171212315311795	1.39264657133367	1.22143425602188	0	0	2	0.1	0.816067859470734	0.237414632046895	0.398976183376843	1.34398947709511	0.945013293718264	0	0	2	0.2	1.97204227402151	0.501596867959679	1.08912577240215	2.97075039199054	1.88162461958839	0	0	3	0.1	1.41270202082832	0.345440610251341	0.825718436550066	2.10346763769966	1.27774920114959	0	0	3	0.2	2.73838573887605	0.581294803117352	1.70346371517556	3.89517132749793	2.19170761232237
406	0	0	0	0.1	0.0334129695857402	0.0606091550267985	-0.0916449872115158	0.152888161170212	0.244533148381728	0	0	0	0.2	0.030081721633388	0.143086638576245	-0.288075505352983	0.299222672939804	0.587298178292788	0	0	1	0.1	0.0412471376910584	0.12537049897407	-0.218855623050166	0.26734431441987	0.486199937470036	0	0	1	0.2	0.125007297211019	0.360855641146791	-0.576832822412428	0.826450806528251	1.40328362894068	0	0	2	0.1	0.327251794685613	0.21940090550114	-0.0907571433842536	0.779384098843148	0.870141242227401	0	0	2	0.2	0.899841353405147	0.440862874005772	0.0555954775853663	1.83506661290195	1.77947113531659	0	0	3	0.1	0.808165258573617	0.284875280990598	0.299923543846017	1.40084240948888	1.10091886564286	0	0	3	0.2	1.5555239267529	0.46535083705492	0.693845216094242	2.5301691907361	1.83632397464185
403	0	0	0	0.1	0.179455056859095	0.0869738388436834	0.0161988670117734	0.365180873141604	0.34898200612983	0	0	0	0.2	0.350918093699336	0.207031654780339	-0.0263738700718055	0.780166093431579	0.806539963503384	0	0	1	0.1	0.203879141939499	0.111909282864737	-0.0018256226733422	0.444243300408051	0.446068923081393	0	0	1	0.2	0.470388148695705	0.238068782512307	0.0497130289313935	0.965234969690611	0.915521940759217	0	0	2	0.1	0.416450151292403	0.132766855331126	0.190388060368502	0.717190397226094	0.526802336857592	0	0	2	0.2	0.857909145908473	0.256424090552824	0.4197299166896	1.41333919065725	0.993609273967646	0	0	3	0.1	0.580597157065003	0.157452002252184	0.30940731207787	0.914702643445364	0.605295331367494	0	0	3	0.2	1.10580295229547	0.289431931807895	0.59507015706665	1.69069649080881	1.09562633374216
404	0	0	0	0.1	-0.00823808830544121	0.0670671820164635	-0.142592010661434	0.12501125376618	0.267603264427614	0	0	0	0.2	0.0113383376676609	0.124142320043373	-0.2322366025457	0.262680371954221	0.494916974499921	0	0	1	0.1	0.146461356613577	0.0749697083374256	-0.00253125993316887	0.293931685079421	0.29646294501259	0	0	1	0.2	0.455363064237843	0.199596661149572	0.0789889840829523	0.890852229673328	0.811863245590376	0	0	2	0.1	0.615794276393792	0.184947730559888	0.283361677457618	0.9990161575519	0.715654480094282	0	0	2	0.2	1.82930412822124	0.558663293399606	0.903023385955885	3.04798214750487	2.14495876154898	0	0	3	0.1	1.43505154672018	0.452283471795049	0.723406712887728	2.44716853046438	1.72376181757665	0	0	3	0.2	3.488064804085	0.880734465786796	1.91878489765766	5.32765179034653	3.40886689268887
411	0	0	0	0.1	0.162180432466944	0.0724565373118189	0.0255117354173709	0.30676202738423	0.281250291966859	0	0	0	0.2	0.35223095158841	0.204627891824653	-0.0277200566530094	0.785080420144003	0.812800476797012	0	0	1	0.1	0.219418398516016	0.121684953323722	-0.0156202797297702	0.458710580198607	0.474330859928377	0	0	1	0.2	0.637500685710067	0.263608786076503	0.148797307500957	1.20925544109847	1.06045813359751	0	0	2	0.1	0.597297248603456	0.155685349070638	0.324175452149213	0.941443277672346	0.617267825523133	0	0	2	0.2	1.17950900662708	0.27549039877473	0.699273846440899	1.78593241151063	1.08665856506973	0	0	3	0.1	0.824556089856385	0.19314090388972	0.488124748876278	1.24349607202908	0.755371323152807	0	0	3	0.2	1.48941028278326	0.320278935580746	0.92945289700307	2.18838559524129	1.25893269823822
407	0	0	0	0.1	0.281506266188735	0.0993150434647288	0.117667493725398	0.481452185038543	0.363784691313146	0	0	0	0.2	0.714871504552984	0.247175311578981	0.311059622550422	1.2318553761872	0.920795753636773	0	0	1	0.1	0.449138976645116	0.123658075060862	0.246790241289703	0.723585157038403	0.4767949157487	0	0	1	0.2	1.09222481978784	0.308030350683278	0.600426367172531	1.74098057469743	1.1405542075249	0	0	2	0.1	0.710377647320252	0.185573499577125	0.383503633314159	1.1130662612048	0.729562627890637	0	0	2	0.2	1.46568136178936	0.377616822766277	0.794234643430539	2.26281870788454	1.468584064454	0	0	3	0.1	0.896928360881321	0.244157414076937	0.488126967319213	1.43288099121674	0.94475402389753	0	0	3	0.2	1.73151266264507	0.453160069659458	0.956387610088568	2.66695020936858	1.71056259928001
410	0	0	0	0.1	0.0969634774277897	0.0751885792854952	-0.0531785530994149	0.248743570297676	0.301922123397091	0	0	0	0.2	0.222552030816392	0.170430596018619	-0.11045482190607	0.56725061581103	0.6777054377171	0	0	1	0.1	0.234563257727867	0.101252219741183	0.0411574277257029	0.44462160499676	0.403464177271057	0	0	1	0.2	0.686036685938473	0.247540191919407	0.250781958292434	1.24677367087183	0.9959917125794	0	0	2	0.1	0.636665094017263	0.169522811798221	0.344159012472693	1.02819076077641	0.684031748303717	0	0	2	0.2	1.34911283202248	0.33684213835793	0.764629734489795	2.08215381111471	1.31752407662492	0	0	3	0.1	0.916447333094868	0.240310901015585	0.51709688490721	1.48094778286195	0.963850897954744	0	0	3	0.2	1.76437661350479	0.429611167607698	1.04693995818502	2.71351559047625	1.66657563229124
409	0	0	0	0.1	0.132438476519501	0.0595330798793779	0.0162621785105954	0.254109629974598	0.237847451464003	0	0	0	0.2	0.213993157252642	0.13092012291523	-0.0346346020817115	0.48498809265548	0.519622694737191	0	0	1	0.1	0.121099304724502	0.0821712858044698	-0.0411441561984776	0.279856200630663	0.32100035682914	0	0	1	0.2	0.341053978833237	0.185795098916608	-0.00745553624347213	0.709879003236692	0.717334539480164	0	0	2	0.1	0.411335829372321	0.119320937836004	0.202369935853983	0.660056582948592	0.457686647094609	0	0	2	0.2	0.977640582672947	0.257816856217874	0.530342985832845	1.52206935628993	0.991726370457083	0	0	3	0.1	0.728379143831121	0.176799549227163	0.437342458482462	1.1040896744948	0.66674721601234	0	0	3	0.2	1.54683063188333	0.354074787778574	0.943184824158737	2.32571756250039	1.38253273834165
412	0	0	0	0.1	-0.0446751889319816	0.0901611881881321	-0.241236847216244	0.122727224111299	0.363964071327543	0	0	0	0.2	-0.0515268247231061	0.210536454173046	-0.474269857195263	0.378492920161541	0.852762777356804	0	0	1	0.1	0.149861212752563	0.130844073974602	-0.0899620427679178	0.416129594751624	0.506091637519542	0	0	1	0.2	0.579038015447613	0.313014367417784	0.011752043546111	1.20562989035423	1.19387784680812	0	0	2	0.1	0.615476247192417	0.200776768567942	0.245967589073926	1.05498652484167	0.809018935767748	0	0	2	0.2	1.41463084613016	0.386088658646579	0.723516494010575	2.28148447517814	1.55796798116756	0	0	3	0.1	1.04291849232149	0.268749199115915	0.594356728176922	1.67647356027564	1.08211683209872	0	0	3	0.2	2.0296435446825	0.451161747514848	1.25200003524526	3.04358921542579	1.79158918018053
408	0	0	0	0.1	0.171319128796103	0.0724475142689692	0.0426851405675978	0.326497153599482	0.283812013031884	0	0	0	0.2	0.43742251984621	0.219055657609161	0.0559690658080838	0.922929607494728	0.866960541686645	0	0	1	0.1	0.400371844758907	0.355564857757807	-0.247701491849207	1.23014631943532	1.47784781128452	0	0	1	0.2	1.90361354676173	0.759955159789465	0.219703282021658	3.22374383440856	3.0040405523869	0	0	2	0.1	1.5870098707577	0.475469992479659	0.60589366389435	2.45955184691884	1.85365818302449	0	0	2	0.2	2.62540603264864	0.527023122973945	1.52888824579888	3.64179737817828	2.1129091323794	0	0	3	0.1	1.8839047884152	0.40486517780059	1.10104192110509	2.6767265256249	1.57568460451981	0	0	3	0.2	2.79025769041211	0.502727254450562	1.82111669443688	3.80429583923715	1.98317914480026
413	0	0	0	0.1	0.184087359084057	0.107569537834178	-0.0198623007929139	0.426642066241768	0.446504367034681	0	0	0	0.2	0.372296705229744	0.230788836142154	-0.0612487580692747	0.882691024535573	0.943939782604848	0	0	1	0.1	0.238733621288834	0.114793281832484	0.0108032839511361	0.46904910306242	0.458245819111284	0	0	1	0.2	0.61361462356965	0.233809205588481	0.156472844834475	1.09660966371493	0.940136818880456	0	0	2	0.1	0.508784780291649	0.138547335449073	0.273759216833492	0.813377277976085	0.539618061142594	0	0	2	0.2	1.03213551307011	0.256775111408873	0.598928974969543	1.61144695067161	1.01251797570207	0	0	3	0.1	0.632896820956284	0.156219953071894	0.382739184433848	1.02248089648424	0.639741712050396	0	0	3	0.2	1.21410936276379	0.280927843501822	0.755172301366549	1.87083229371565	1.1156599923491
414	0	0	0	0.1	0.293449148529007	0.0961292305217625	0.110702935728174	0.481535160202704	0.37083222447453	0	0	0	0.2	0.569164469957976	0.216508003372884	0.156897401803124	1.02656122898247	0.869663827179346	0	0	1	0.1	0.199323012961798	0.116672483112654	-0.0435140371335197	0.439052118695703	0.482566155829222	0	0	1	0.2	0.535981711047763	0.240259104215186	0.0437094253020203	1.03468617280502	0.990976747502996	0	0	2	0.1	0.500508014971156	0.134102892054476	0.251700128706977	0.800028457296363	0.548328328589386	0	0	2	0.2	1.11127147987158	0.255775431565835	0.630563778424655	1.62633557424416	0.995771795819501	0	0	3	0.1	0.764587700931488	0.165525234568396	0.462774428878877	1.1342048688951	0.671430440016223	0	0	3	0.2	1.55301343845185	0.308746711821114	0.978609517445463	2.27385157783688	1.29524206039142
415	0	0	0	0.1	0.127919844882369	0.0756074106287031	-0.022167268524955	0.278116220063814	0.300283488588769	0	0	0	0.2	0.150517017670861	0.188055308232506	-0.243248721906664	0.50550201553646	0.748750737443124	0	0	1	0.1	-0.00891258242732139	0.118922673200249	-0.250623283926605	0.219504013813516	0.470127297740121	0	0	1	0.2	0.193753468429588	0.258818671264429	-0.292582725337767	0.706759222366402	0.999341947704169	0	0	2	0.1	0.47536877463156	0.160878876526054	0.179549060887317	0.813380341476344	0.633831280589028	0	0	2	0.2	1.15288897375854	0.285916358248712	0.616466676200769	1.72829892681149	1.11183225061072	0	0	3	0.1	0.872604928287462	0.191030714762471	0.525067997445555	1.27254363276641	0.747475635320856	0	0	3	0.2	1.64360198818718	0.311444380417822	1.06724887564381	2.29143467538925	1.22418579974544
416	0	0	0	0.1	0.100935278864309	0.0659622861857226	-0.0263892536967164	0.232643908413547	0.259033162110263	0	0	0	0.2	0.230075190894964	0.183235628623187	-0.134227224770639	0.605296874996153	0.739524099766791	0	0	1	0.1	0.228762406020533	0.122518208345038	-0.00191847915460307	0.462495914270727	0.46441439342533	0	0	1	0.2	0.760932238898751	0.294857447055554	0.207041820548075	1.34507901606976	1.13803719552168	0	0	2	0.1	0.70540045045219	0.189999087312169	0.349016611364152	1.11144021705458	0.762423605690433	0	0	2	0.2	1.44273423528734	0.341092244971595	0.781862138692246	2.17448912045999	1.39262698176775	0	0	3	0.1	1.00465149758303	0.240859806121802	0.558707304240731	1.52123777774421	0.962530473503474	0	0	3	0.2	1.82390912647831	0.401476995213451	1.05979316995686	2.63950628065708	1.57971311070022
417	0	0	0	0.1	0.0474069619530781	0.0701949049543251	-0.085702179184265	0.19126835992408	0.276970539108345	0	0	0	0.2	0.143773839090727	0.172225814549097	-0.169962658829337	0.520254329951953	0.69021698878129	0	0	1	0.1	0.241965423447931	0.164415704909156	-0.06011048127121	0.59834134024741	0.65845182151862	0	0	1	0.2	0.829434991238903	0.504895608744362	-0.035597318049423	1.96195886213953	1.99755618018895	0	0	2	0.1	0.717406739939935	0.293609409088353	0.235024287149888	1.39501606719734	1.15999178004746	0	0	2	0.2	1.5454592788033	0.504892084090365	0.65827611269157	2.60204336526784	1.94376725257627	0	0	3	0.1	1.03521822363685	0.307938925026255	0.545033786696438	1.7143628303877	1.16932904369126	0	0	3	0.2	1.87192326718622	0.474852214407638	1.07706667849091	2.9538166896154	1.87675001112449
418	0	0	0	0.1	0.0748256431523486	0.0475347467729496	-0.0133414582432042	0.166964014423879	0.180305472667084	0	0	0	0.2	0.133519749726804	0.112312992114243	-0.08946773326368	0.357274638739965	0.446742372003645	0	0	1	0.1	0.198064399690256	0.11286239245214	-0.0315286221524607	0.415814012397663	0.447342634550124	0	0	1	0.2	0.671904241652944	0.331951912646662	0.0399265303853593	1.40022896032455	1.36030242993919	0	0	2	0.1	0.76794944944707	0.263236451552049	0.347004416290989	1.3076083188562	0.960603902565207	0	0	2	0.2	1.78971930820769	0.498254724808975	0.895457253616339	2.81318274075532	1.91772548713898	0	0	3	0.1	1.38652615227846	0.378649315257508	0.744670249665022	2.20744067135857	1.46277042169355	0	0	3	0.2	2.64470680582519	0.581964925227566	1.58980631934925	3.82842609643002	2.23861977708077
426	0	0	0	0.1	0.032143101390119	0.0412456886676413	-0.0550563566059474	0.107546431215352	0.1626027878213	0	0	0	0.2	0.00920212846604568	0.105046264908254	-0.225851994674683	0.197369302583318	0.423221297258001	0	0	1	0.1	-0.00229560613254937	0.0993299205220072	-0.196029026771699	0.189538957674292	0.385567984445992	0	0	1	0.2	0.183241665016469	0.287234705153397	-0.29258170696854	0.818649242066335	1.11123094903488	0	0	2	0.1	0.533035336907798	0.230301309453884	0.152307477988305	1.05834377352258	0.906036295534272	0	0	2	0.2	1.4366427515707	0.478584544706608	0.599937632747582	2.44169635800746	1.84175872525988	0	0	3	0.1	1.11143624778763	0.335275861222742	0.534501201855891	1.83013727833939	1.2956360764835	0	0	3	0.2	2.20285511779938	0.555155729521117	1.19011300873231	3.41119260628911	2.22107959755679
419	0	0	0	0.1	0.100038156464251	0.0651693124463091	-0.0219825442521205	0.228335166159333	0.250317710411453	0	0	0	0.2	0.264594488053519	0.164345092324361	-0.0218660544387439	0.622615337620601	0.644481392059345	0	0	1	0.1	0.34000341749267	0.141154392636287	0.0908370031519372	0.661860063508186	0.571023060356249	0	0	1	0.2	1.1040311794796	0.41464388640369	0.429517551671122	2.07603786247292	1.6465203108018	0	0	2	0.1	0.964269685524772	0.262406601051781	0.551602661816822	1.55299102818449	1.00138836636767	0	0	2	0.2	2.12450498564107	0.465288942647789	1.31442091231055	3.0967731337749	1.78235222146435	0	0	3	0.1	1.37641299030957	0.313420795252413	0.862048839893419	2.08783779534153	1.22578895544812	0	0	3	0.2	2.60986590935681	0.503893182984801	1.70637548027734	3.65991260368773	1.95353712341039
420	0	0	0	0.1	0.0462516411646788	0.0668166986867965	-0.0905292635001954	0.172268549508886	0.262797813009081	0	0	0	0.2	0.162455607166867	0.187871370244982	-0.204695136458486	0.559178614448514	0.763873750907	0	0	1	0.1	0.262026742382993	0.123337417127777	0.0294366632473651	0.525504594618924	0.496067931371559	0	0	1	0.2	0.821568344665208	0.295155401610367	0.272218498184151	1.47405547942982	1.20183698124567	0	0	2	0.1	0.703558416737104	0.185202350811579	0.38049660023011	1.13443363715773	0.753937036927622	0	0	2	0.2	1.47240004024115	0.34132077791212	0.870588213914296	2.20252387682111	1.33193566290682	0	0	3	0.1	0.99040653641386	0.239179574070558	0.580736177454007	1.53337555194849	0.952639374494487	0	0	3	0.2	1.86792220465881	0.400346046756217	1.12810634690307	2.70370574437657	1.57559939747349
423	0	0	0	0.1	0.188226436133603	0.0739738548938032	0.0391621754759195	0.335102121402637	0.295939945926717	0	0	0	0.2	0.429080405585176	0.174451782530693	0.0877924923436858	0.796781695425529	0.708989203081843	0	0	1	0.1	0.322421730648316	0.0977037637996843	0.144866993377233	0.525685898509117	0.380818905131884	0	0	1	0.2	0.905548587068093	0.253870973475923	0.452541955999093	1.4559317807171	1.00338982471801	0	0	2	0.1	0.772176524997287	0.180790542330366	0.460443083660969	1.1680859553056	0.707642871644632	0	0	2	0.2	1.73050004317309	0.381362181240939	1.06442875747988	2.55218103809069	1.48775228061081	0	0	3	0.1	1.15856100863005	0.267105256367257	0.714363568825625	1.76405079860827	1.04968722978265	0	0	3	0.2	2.33538956709402	0.493724161720077	1.48603618541789	3.41975655300177	1.93372036758388
421	0	0	0	0.1	0.117945846490989	0.0567752306578942	0.00562880203802637	0.229619244325095	0.223990442287069	0	0	0	0.2	0.211791495267082	0.125419796349424	-0.0365068680518406	0.458744511974459	0.495251380026299	0	0	1	0.1	0.11754344411274	0.0827091050055538	-0.0395089700131576	0.272197726583107	0.311706696596265	0	0	1	0.2	0.380455847454905	0.232331486898659	-0.0247341685782874	0.885591283299	0.910325451877288	0	0	2	0.1	0.517250542332722	0.183762766844822	0.216729160863429	0.960834257635065	0.744105096771636	0	0	2	0.2	1.39342081591026	0.440829528770758	0.645608063232337	2.35214909270068	1.70654102946834	0	0	3	0.1	1.04975207379787	0.313719855082431	0.525927421556048	1.746320958818	1.22039353726196	0	0	3	0.2	2.19725580904951	0.554949921257468	1.17363658865483	3.35291361933406	2.17927703067923
422	0	0	0	0.1	0.0408851916358656	0.0574556501200534	-0.0827998315683868	0.151813508258301	0.234613339826688	0	0	0	0.2	-0.0224516252114895	0.173841637836679	-0.411257258597696	0.297394214090128	0.708651472687823	0	0	1	0.1	-0.141419128089869	0.169071953127488	-0.508397548007669	0.151071567340635	0.659469115348304	0	0	1	0.2	-0.161319266143093	0.421907311214073	-0.980958612761481	0.701188274917967	1.68214688767945	0	0	2	0.1	0.310632203908285	0.267150895507259	-0.166713777164308	0.90526329675555	1.07197707391986	0	0	2	0.2	1.00878591126502	0.530911663134338	0.0375730688410439	2.15432422589405	2.11675115705301	0	0	3	0.1	0.868185629105749	0.339483685502907	0.30860595894243	1.607712477037	1.29910651809457	0	0	3	0.2	1.67960999815562	0.532167771314425	0.745666607186999	2.78387418707273	2.03820757988573
427	0	0	0	0.1	0.156716980390772	0.0701693661191227	0.0295437272045779	0.310504677223279	0.280960950018701	0	0	0	0.2	0.383133796775121	0.195513117480068	0.0517089404365641	0.849290624164923	0.797581683728358	0	0	1	0.1	0.267310915102386	0.150918394802058	-0.0340639460044438	0.581845658531288	0.615909604535732	0	0	1	0.2	0.841932996973433	0.430296208177495	0.0476233581658848	1.70190936084585	1.65428600267996	0	0	2	0.1	0.696704983195972	0.274001943298399	0.203797414670912	1.26036271933033	1.05656530465942	0	0	2	0.2	1.55628817576796	0.522597680679328	0.576699806645193	2.61667569820572	2.03997589156053	0	0	3	0.1	1.04206504176065	0.334726747252009	0.457884759739077	1.74995776651147	1.29207300677239	0	0	3	0.2	2.03979507511893	0.570597338551381	0.987434324016811	3.18967500300695	2.20224067899014
425	0	0	0	0.1	-0.000392147843753626	0.0932391873210824	-0.192464357270205	0.177192051788881	0.369656409059087	0	0	0	0.2	-0.0392739062950568	0.240794137659379	-0.503430910213895	0.459164565409492	0.962595475623387	0	0	1	0.1	0.159486014554586	0.144775672407984	-0.116148668007237	0.447257163877278	0.563405831884515	0	0	1	0.2	0.70732701268144	0.361032028886703	0.0780575874625981	1.47728606983051	1.39922848236791	0	0	2	0.1	0.801552033112604	0.243844001548071	0.381179022194249	1.35343119716785	0.972252174973598	0	0	2	0.2	1.75728096490584	0.443940681966405	0.938309056087342	2.66464692250121	1.72633786641387	0	0	3	0.1	1.28272581235879	0.314657540125176	0.719900037333315	1.93924994795842	1.21934991062511	0	0	3	0.2	2.39231330849368	0.504370057827199	1.44389639564087	3.41181677803688	1.96792038239601
424	0	0	0	0.1	0.0728547096947064	0.0506228300854705	-0.0286538401102301	0.169257979127605	0.197911819237835	0	0	0	0.2	0.145733734540222	0.123679426516229	-0.102962884423846	0.372469229753652	0.475432114177498	0	0	1	0.1	0.204543395283636	0.115424721694926	-0.00824340312101313	0.433678001508049	0.441921404629062	0	0	1	0.2	0.675030937196459	0.369427091425805	0.027495815477949	1.46702201426647	1.43952619878852	0	0	2	0.1	0.731442065098281	0.258629139664978	0.285258071231395	1.29058365879465	1.00532558756325	0	0	2	0.2	1.81736904747608	0.533060673103748	0.848651106609167	2.94714503233136	2.09849392572219	0	0	3	0.1	1.31201004489999	0.356005849030454	0.690292522556806	2.09363844532991	1.40334592277311	0	0	3	0.2	2.54282575213638	0.580243112503357	1.47268404480273	3.8002635729209	2.32757952811817
428	0	0	0	0.1	0.0973865245232512	0.0633762080087587	-0.0257691681229384	0.224391009691033	0.250160177813971	0	0	0	0.2	0.226419512890187	0.154912407569683	-0.0564296327354974	0.541111065465482	0.597540698200979	0	0	1	0.1	0.22014953152119	0.104412338286986	0.0320600023080099	0.439944311597588	0.407884309289578	0	0	1	0.2	0.75888087767036	0.307973767021486	0.219197676620629	1.47169163487102	1.25249395825039	0	0	2	0.1	0.769764020154434	0.21417208946502	0.428524287473333	1.23647609897378	0.807951811500442	0	0	2	0.2	1.70381197767441	0.401851456758252	1.02269464057422	2.57637789510669	1.55368325453247	0	0	3	0.1	1.22924425078157	0.295743125956836	0.75411414399482	1.85835754820936	1.10424340421454	0	0	3	0.2	2.29732198278958	0.478633053609281	1.48827250250149	3.27840325794908	1.79013075544758
430	0	0	0	0.1	0.139232184253621	0.070200358463632	0.00596237844498853	0.286778994711715	0.280816616266727	0	0	0	0.2	0.292910848478614	0.186870745985854	-0.0406295172400283	0.715217153511619	0.755846670751647	0	0	1	0.1	0.175530755992552	0.117452044054682	-0.0552088972965758	0.420249511300252	0.475458408596828	0	0	1	0.2	0.534993661306577	0.304551746594449	-0.0177813944929235	1.17281019822715	1.19059159272007	0	0	2	0.1	0.49727957208322	0.183769524850223	0.170314509239531	0.901706225116998	0.731391715877467	0	0	2	0.2	1.08976350121732	0.36399503142893	0.471221941683929	1.86651931649294	1.39529737480901	0	0	3	0.1	0.709029697692114	0.223531359080763	0.336326066555478	1.19839811224021	0.862072045684728	0	0	3	0.2	1.36765377308066	0.401210810097975	0.677581350520237	2.25413269791053	1.57655134739029
429	0	0	0	0.1	0.228412126310634	0.0979721279221871	0.0350672198563258	0.436705688768831	0.401638468912505	0	0	0	0.2	0.518739247931231	0.251862347557001	0.045056568526075	1.05492155947284	1.00986499094677	0	0	1	0.1	0.295038093101753	0.161163330998656	-0.0071683056341749	0.616568674697984	0.623736980332159	0	0	1	0.2	0.87409307049818	0.424970502512172	0.122306518711726	1.84493862164893	1.72263210293721	0	0	2	0.1	0.742209274324825	0.258319510138513	0.336232509763754	1.40677018521631	1.07053767545255	0	0	2	0.2	1.55891475714826	0.456669365138442	0.806765786343744	2.56419330018306	1.75742751383932	0	0	3	0.1	1.07528624302763	0.305326733460697	0.581666873708128	1.80052916347244	1.21886228976432	0	0	3	0.2	1.95806405534542	0.485002608831301	1.13912637597757	3.00148616677895	1.86235979080138
431	0	0	0	0.1	0.213746750541344	0.118402025763164	-0.000483330072227785	0.460202661768844	0.460685991841072	0	0	0	0.2	0.433226988390655	0.261622779567401	-0.0325805265371381	0.996178778811402	1.02875930534854	0	0	1	0.1	0.186038160790553	0.120972056221785	-0.0423045152335522	0.424941906992572	0.467246422226125	0	0	1	0.2	0.471529153784432	0.26973788846424	-0.0353766297740994	1.03341078224147	1.06878741201557	0	0	2	0.1	0.442035511899399	0.158993153759134	0.155122677957662	0.78434108426875	0.629218406311088	0	0	2	0.2	0.958207502861646	0.311816804285281	0.415124523924111	1.62844218845134	1.21331766452723	0	0	3	0.1	0.709463771216533	0.199445946441477	0.366537175946972	1.17308222841298	0.806545052466006	0	0	3	0.2	1.4254391095401	0.373126981367771	0.78289666576826	2.3025382893867	1.51964162361844
432	0	0	0	0.1	0.0660472181058756	0.0678841263324433	-0.0665720550495735	0.201256739310648	0.267828794360221	0	0	0	0.2	0.134466248175208	0.171971955769671	-0.183618472623655	0.502891784958094	0.68651025758175	0	0	1	0.1	0.139682900041594	0.107164955546585	-0.069532208203393	0.354005318714828	0.423537526918221	0	0	1	0.2	0.391222791930464	0.241061121320713	-0.069231226947207	0.88718137367874	0.956412600625947	0	0	2	0.1	0.385618019472561	0.142572955806997	0.122399122700163	0.683173336574442	0.56077421387428	0	0	2	0.2	0.833614941578084	0.283860325913938	0.313542475649307	1.4104612073949	1.09691873174559	0	0	3	0.1	0.572458975861579	0.173038830330647	0.266157349180662	0.924490379011156	0.658333029830494	0	0	3	0.2	1.13793759422936	0.325465082786114	0.560094130075958	1.81805396780551	1.25795983772955
434	0	0	0	0.1	0.0267965909506143	0.0619343713690202	-0.111427570337945	0.144903880218514	0.256331450556459	0	0	0	0.2	0.0530662227945854	0.168782302417214	-0.306944357588419	0.377062588975331	0.684006946563749	0	0	1	0.1	0.182269205977913	0.140515489428909	-0.0689933942390332	0.469462627197831	0.538456021436864	0	0	1	0.2	0.766408609882753	0.370094464538401	0.115645312996523	1.57685298757354	1.46120767457702	0	0	2	0.1	0.822968328694288	0.246293915017765	0.415498320793782	1.39963998563664	0.984141664842862	0	0	2	0.2	1.69684149301983	0.410025260906522	0.979564310262488	2.58670519551216	1.60714088524967	0	0	3	0.1	1.22010604151355	0.29475491616064	0.732939201640162	1.84351282441703	1.11057362277687	0	0	3	0.2	2.16875133609708	0.456590622635995	1.37153960973111	3.11411962713345	1.74258001740234
433	0	0	0	0.1	0.170033769754845	0.084454759562997	0.00801621952239801	0.325522684887178	0.31750646536478	0	0	0	0.2	0.335351723997896	0.162141034282924	0.0245243632738169	0.636159519067996	0.611635155794179	0	0	1	0.1	0.0949653286283163	0.110187102453913	-0.137809854654456	0.315705660814242	0.453515515468698	0	0	1	0.2	0.157475027722509	0.31530320615758	-0.461792120751303	0.77760402342602	1.23939614417732	0	0	2	0.1	0.112560108341162	0.20911637743067	-0.281427203752342	0.553727070496055	0.835154274248397	0	0	2	0.2	0.323264564823076	0.491704980300105	-0.614363938991921	1.33797927038387	1.95234320937579	0	0	3	0.1	0.325587852690612	0.281559696834381	-0.1617648721639	0.894679862844658	1.05644473500856	0	0	3	0.2	0.74701448960168	0.568394603709294	-0.294503469224754	1.84069890450394	2.1352023737287
436	0	0	0	0.1	0.21813116764735	0.0580107572742315	0.118070976949014	0.34987747187188	0.231806494922867	0	0	0	0.2	0.607314197063126	0.199066839762056	0.288356556964504	1.05494965337664	0.766593096412134	0	0	1	0.1	0.476363849444024	0.190321562575869	0.143344521211109	0.886092654072874	0.742748132861765	0	0	1	0.2	1.23984931048235	0.419372810772824	0.446471187336892	2.11487538258639	1.6684041952495	0	0	2	0.1	0.848430193008281	0.266005815949793	0.398619729505882	1.4009181801998	1.00229845069391	0	0	2	0.2	1.65389672240201	0.452214718409622	0.853556599263468	2.5975353351931	1.74397873592963	0	0	3	0.1	1.06208093204622	0.302478888836833	0.554344789508922	1.72940560041739	1.17506081090846	0	0	3	0.2	1.92700692608736	0.488344359921145	1.05023702207912	2.95439127268766	1.90415425060854
441	0	0	0	0.1	0.0267158682736017	0.0741502999245568	-0.116137180013896	0.171761171450543	0.287898351464439	0	0	0	0.2	0.100719100978332	0.175254910897076	-0.216845125076245	0.47492622596256	0.691771351038805	0	0	1	0.1	0.300788656990175	0.100607797958442	0.116898821139942	0.505755521485259	0.388856700345317	0	0	1	0.2	0.884697017526447	0.239057591368035	0.451994778782499	1.42995126091402	0.977956482131521	0	0	2	0.1	0.803711128070294	0.162521739972204	0.531621734962361	1.17074723959774	0.639125504635382	0	0	2	0.2	1.69950086420598	0.312678518216856	1.16417562488464	2.36495972723622	1.20078410235158	0	0	3	0.1	1.15343648186792	0.223970524277735	0.769532569230093	1.62093688322448	0.851404313994391	0	0	3	0.2	2.2316334147855	0.397805933863939	1.5257522756243	3.05348937296037	1.52773709733607
443	0	0	0	0.1	-0.00326446283246812	0.0845120933235907	-0.184204416118712	0.146328638043307	0.330533054162019	0	0	0	0.2	-0.038008766738121	0.223439127918183	-0.522404963207313	0.377288103915914	0.899693067123227	0	0	1	0.1	0.0754701776015728	0.134295977021918	-0.18558347960837	0.344669956666981	0.53025343627535	0	0	1	0.2	0.408025140922595	0.336955171225749	-0.209664763117972	1.10053655064925	1.31020131376722	0	0	2	0.1	0.497528535796106	0.188787288988263	0.158950589007316	0.916126757867999	0.757176168860683	0	0	2	0.2	1.14967052360435	0.36042551302586	0.508625122851847	1.90794046556942	1.39931534271757	0	0	3	0.1	0.781343152390078	0.218246339437665	0.41350346037396	1.21494411150951	0.801440651135553	0	0	3	0.2	1.51192741471012	0.381450841982402	0.833958657692954	2.32310210926872	1.48914345157577
437	0	0	0	0.1	0.0388267331953179	0.0734375291719837	-0.109563941720854	0.183120115279859	0.292684057000714	0	0	0	0.2	0.0150901582765006	0.16038060701486	-0.300152698648887	0.344236779246896	0.644389477895783	0	0	1	0.1	0.0579543745291385	0.136670969378002	-0.246869764495957	0.310782083599529	0.557651848095486	0	0	1	0.2	0.299295268171892	0.363976501170839	-0.427865907981637	1.06581995569315	1.49368586367478	0	0	2	0.1	0.484489118266246	0.239765036386513	0.0367277869179793	0.995151615880855	0.958423828962875	0	0	2	0.2	1.22745809552639	0.488979491217261	0.285133262242432	2.19091731209652	1.90578404985409	0	0	3	0.1	0.917649310865724	0.291668802355081	0.396710996659608	1.51446840532571	1.1177574086661	0	0	3	0.2	1.90861448236676	0.512980146492909	0.925531818486006	2.98161438549269	2.05608256700669
442	0	0	0	0.1	0.165513308457525	0.0804085517915109	0.0317454060337482	0.336333473020561	0.304588066986813	0	0	0	0.2	0.452622230838812	0.210430617710721	0.0970462614933585	0.894256638979675	0.797210377486316	0	0	1	0.1	0.398961034010448	0.137825504754498	0.158430939281035	0.695631595566107	0.537200656285072	0	0	1	0.2	1.16054293956395	0.39671432157073	0.45983595891671	2.00272360211192	1.54288764319521	0	0	2	0.1	0.875440787320283	0.256101223739101	0.433352076052963	1.40150697922932	0.968154903176359	0	0	2	0.2	1.86139789836102	0.476750000669201	1.0144329469339	2.76125659683179	1.74682364989789	0	0	3	0.1	1.20788366957339	0.313959709804444	0.680132405141754	1.86897651672651	1.18884411158475	0	0	3	0.2	2.26567294538408	0.515451770118892	1.34689769016463	3.31747075683816	1.97057306667353
444	0	0	0	0.1	0.103741998839402	0.0768904304992106	-0.0546634254297455	0.251488261554831	0.306151686984576	0	0	0	0.2	0.254747265744947	0.198105042080544	-0.129773446893171	0.690534556693671	0.820308003586842	0	0	1	0.1	0.236060522877662	0.129570608526626	0.0110164366883085	0.512002066069426	0.500985629381118	0	0	1	0.2	0.755065154146279	0.349289845279228	0.158896409362715	1.50620925002089	1.34731284065817	0	0	2	0.1	0.683524719069885	0.210140868212464	0.339037909998332	1.14674227946163	0.807704369463299	0	0	2	0.2	1.64317661821044	0.436679711577369	0.891681926224727	2.57517597932306	1.68349405309833	0	0	3	0.1	1.11374615834886	0.284060912523053	0.655058451905163	1.74244509486293	1.08738664295777	0	0	3	0.2	2.25685013074517	0.505102288840818	1.36575674877587	3.30786735996425	1.94211061118839
438	0	0	0	0.1	0.143818095444642	0.064815865442499	0.0232312885536115	0.272318391929371	0.249087103375759	0	0	0	0.2	0.341162766014045	0.181025959953088	0.0113613696537045	0.736204741237332	0.724843371583628	0	0	1	0.1	0.246787793884071	0.12759625064555	0.00933594073882208	0.514718074071819	0.505382133332997	0	0	1	0.2	0.801673156484595	0.354459112825402	0.16069139316584	1.53909102576553	1.37839963259969	0	0	2	0.1	0.754392843057467	0.216319055556154	0.363932448163589	1.23241360064129	0.868481152477703	0	0	2	0.2	1.8113022123542	0.405072020523516	1.08680355658968	2.67391067516358	1.58710711857389	0	0	3	0.1	1.27165209803826	0.272276355125204	0.793996298951133	1.89789048614129	1.10389418719015	0	0	3	0.2	2.49251597879221	0.430840012474023	1.68955177951919	3.40352016075804	1.71396838123885
439	0	0	0	0.1	0.0644908752733721	0.0585367060129239	-0.0505121167930596	0.175443528269385	0.225955645062445	0	0	0	0.2	0.117521835762459	0.12858233963274	-0.138522703137637	0.369231035104218	0.507753738241856	0	0	1	0.1	0.147715181148623	0.0688924257921314	0.0202926728518149	0.286798814773352	0.266506141921537	0	0	1	0.2	0.414193721182772	0.151575778342576	0.141351221164499	0.734122524921205	0.592771303756705	0	0	2	0.1	0.455958450780246	0.0983685031084568	0.278157928852867	0.674797078053694	0.396639149200826	0	0	2	0.2	0.997853881929804	0.198069208995408	0.628064536263924	1.43491095093555	0.806846414671622	0	0	3	0.1	0.690561795992578	0.131132007595318	0.454928422873155	0.964668532693739	0.509740109820584	0	0	3	0.2	1.37814781349173	0.250332874077317	0.921547918163595	1.90333173029482	0.981783812131226
446	0	0	0	0.1	0.135271864593327	0.0531661830225436	0.0336836073381913	0.248036418381636	0.214352811043445	0	0	0	0.2	0.266929407882446	0.122163075265717	0.0396809646044749	0.526646399744772	0.486965435140297	0	0	1	0.1	0.210795887234603	0.086785885740487	0.04347133438657	0.386973545456233	0.343502211069663	0	0	1	0.2	0.615498259018712	0.243559252458825	0.200745849050933	1.15341685557097	0.952671006520035	0	0	2	0.1	0.657015029664223	0.190700133886559	0.362597492904849	1.09692866331487	0.734331170410024	0	0	2	0.2	1.55887597788789	0.402346223176723	0.916896502275502	2.48595166541538	1.56905516313988	0	0	3	0.1	1.12728088836285	0.292521493913063	0.647400794658641	1.7818072932201	1.13440649856146	0	0	3	0.2	2.19773306079944	0.495554146386431	1.30408729993712	3.21755231320323	1.91346501326611
440	0	0	0	0.1	0.021432269937117	0.0610894177423882	-0.0956843859583408	0.140349392472407	0.236033778430748	0	0	0	0.2	0.0201858057421091	0.128377655413075	-0.236605133766018	0.279794748454056	0.516399882220073	0	0	1	0.1	0.0983305464961216	0.0803276599921207	-0.047669699771529	0.267675581082782	0.315345280854311	0	0	1	0.2	0.361567795191901	0.225595643006763	-0.00423988056039164	0.872305781024686	0.876545661585077	0	0	2	0.1	0.56197429188934	0.197052459012178	0.253549346767619	0.994909341022862	0.741359994255243	0	0	2	0.2	1.42811811385767	0.46030404979637	0.671971127905775	2.42013117694499	1.74816004903921	0	0	3	0.1	1.08294755347382	0.339344520457272	0.537835584164993	1.82461687095166	1.28678128678667	0	0	3	0.2	2.21861292045305	0.603832425661372	1.15794968552812	3.49090199655504	2.33295231102692
435	0	0	0	0.1	0.34763538271898	0.104684319854728	0.170277245098056	0.574065392012324	0.403788146914269	0	0	0	0.2	0.860740795227641	0.238796813767195	0.447281135515439	1.37535785125591	0.928076715740475	0	0	1	0.1	0.493672862450975	0.146975719775193	0.23736453670342	0.80678251005703	0.56941797335361	0	0	1	0.2	1.12205855528695	0.34276504531663	0.532975341541573	1.88809299798478	1.35511765644321	0	0	2	0.1	0.737995428228374	0.216465067698853	0.381869600254416	1.22931091292482	0.847441312670404	0	0	2	0.2	1.60523138340415	0.453248844880932	0.882879729212763	2.65685590709902	1.77397617788626	0	0	3	0.1	1.03201653793825	0.294613511866651	0.593088726372419	1.72897530146416	1.13588657509174	0	0	3	0.2	2.12255068108904	0.562927370800015	1.2614822842977	3.49691957834405	2.23543729404635
445	0	0	0	0.1	0.0739608215207167	0.0856850022686927	-0.107186245429005	0.232760503802769	0.339946749231774	0	0	0	0.2	0.134695184888203	0.209756843307207	-0.304595160259031	0.535671796278981	0.840266956538012	0	0	1	0.1	0.136001059279694	0.12870170158154	-0.101964850156861	0.385575046312625	0.487539896469485	0	0	1	0.2	0.605865236853679	0.33350755938068	-0.0304850985542024	1.28277270677012	1.31325780532432	0	0	2	0.1	0.659184293598357	0.20568443533603	0.305431186164937	1.11402286840258	0.808591682237641	0	0	2	0.2	1.50841327255197	0.38890566148335	0.796496291100501	2.29838047634978	1.50188418524928	0	0	3	0.1	1.06100338130713	0.264586873058223	0.58771152853181	1.6132769376433	1.0255654091115	0	0	3	0.2	2.02221190320093	0.445609985936264	1.17889402145049	2.98068522368766	1.80179120223718
447	0	0	0	0.1	0.0997717052524151	0.070763585672089	-0.0393912819555128	0.235929462949125	0.275320744904638	0	0	0	0.2	0.198539726987388	0.175205762488425	-0.144259746411586	0.545465174755845	0.689724921167431	0	0	1	0.1	0.1616415927142	0.101320056229548	-0.0358882524993826	0.363086053980055	0.398974306479438	0	0	1	0.2	0.54839269842314	0.263726628126487	0.0622343341553773	1.11382086780188	1.0515865336465	0	0	2	0.1	0.608918505767996	0.16878614972926	0.322684401820614	0.995313411221067	0.672629009400454	0	0	2	0.2	1.38866730217047	0.331179268880017	0.792078236058738	2.11148599783232	1.31940776177358	0	0	3	0.1	1.00994283866332	0.232028654983037	0.611427663539171	1.52609211453452	0.914664450995347	0	0	3	0.2	1.933046531855	0.392438576113958	1.21718298253745	2.75000445281301	1.53282147027556
455	0	0	0	0.1	0.107496630229051	0.0787926146090498	-0.0628266784026758	0.258908203504525	0.321734881907201	0	0	0	0.2	0.21741579694707	0.202557751716512	-0.202304780120284	0.596601747151849	0.798906527272132	0	0	1	0.1	0.180860974735124	0.117657530426126	-0.0409433954440455	0.41166291974745	0.452606315191496	0	0	1	0.2	0.546073280622731	0.303183411453347	0.00241632558798577	1.175826251056	1.17340992546801	0	0	2	0.1	0.525244424360095	0.185552150687527	0.201669749208944	0.930505039059256	0.728835289850312	0	0	2	0.2	1.17410332653683	0.384559402935787	0.458795459886835	2.04641529436018	1.58761983447335	0	0	3	0.1	0.78967982313657	0.244890285811354	0.355066866399853	1.34500543434158	0.989938567941731	0	0	3	0.2	1.56679186274063	0.455166390719631	0.740207408054573	2.57706005737116	1.83685264931659
449	0	0	0	0.1	0.0805508175909463	0.0666812309706382	-0.0543381886399248	0.211251930225284	0.265590118865209	0	0	0	0.2	0.181866781530659	0.162070581601525	-0.128896454878294	0.506671692916948	0.635568147795242	0	0	1	0.1	0.201393853644319	0.095260594554394	0.0161730528669897	0.390531815729888	0.374358762862899	0	0	1	0.2	0.6054836419351	0.225232252181697	0.185739385607115	1.08163407272488	0.895894687117769	0	0	2	0.1	0.556873281555928	0.140123955031155	0.308367353061902	0.858844335682516	0.550476982620613	0	0	2	0.2	1.22864820039675	0.28785366051015	0.725425381655993	1.82799242408498	1.10256704242899	0	0	3	0.1	0.82058246882118	0.18891008639748	0.496988643790411	1.24443482134939	0.747446177558979	0	0	3	0.2	1.63963235428292	0.357254981592673	1.00024471476719	2.43245368942484	1.43220897465764
448	0	0	0	0.1	0.0373437779207597	0.0718988624761027	-0.10660978792783	0.181392181282018	0.288001969209848	0	0	0	0.2	0.0702890648444756	0.14617749967698	-0.226575183284776	0.364420226594334	0.59099540987911	0	0	1	0.1	0.127308827505482	0.108100995736165	-0.0949892694009171	0.341051550162268	0.436040819563185	0	0	1	0.2	0.45047341616064	0.295531921548685	-0.142411256394472	1.04808255584256	1.19049381223703	0	0	2	0.1	0.575454541384752	0.212795295445991	0.236371025513583	1.03811710231625	0.801746076802665	0	0	2	0.2	1.53591500946089	0.489682061358631	0.745835792503638	2.59429661590281	1.84846082339917	0	0	3	0.1	1.15318650424938	0.351922779237899	0.610501702275913	1.96444161764853	1.35393991537262	0	0	3	0.2	2.4659694526975	0.631433805073822	1.416161271758	3.82498391182032	2.40882264006232
450	0	0	0	0.1	0.249629303366637	0.104180648128372	0.0632377143666442	0.463711763275137	0.400474048908493	0	0	0	0.2	0.620886442300441	0.257423022730447	0.144674930048843	1.14665333681062	1.00197840676178	0	0	1	0.1	0.315229358634663	0.126482414755998	0.0895436320583923	0.573913989252082	0.484370357193689	0	0	1	0.2	0.827793614406829	0.279096385985372	0.311043994582632	1.42192231289454	1.11087831831191	0	0	2	0.1	0.651873141195492	0.163337552891157	0.364507272261436	1.00743809061327	0.642930818351838	0	0	2	0.2	1.35342717010751	0.299537171856656	0.813762990146361	1.99101689975951	1.17725390961315	0	0	3	0.1	0.912531134587672	0.196502040954254	0.564528916353161	1.33727974756352	0.772750831210361	0	0	3	0.2	1.709658663963	0.333984731753394	1.12539476554284	2.43725643331982	1.31186166777698
468	0	0	0	0.1	0.0556574359799593	0.0576353423989398	-0.0593711528743843	0.163566033140611	0.222937186014996	0	0	0	0.2	0.133992766608596	0.135481218482864	-0.128650871883575	0.402524091486683	0.531174963370258	0	0	1	0.1	0.27127030766449	0.101636691031495	0.0927461660161963	0.482683147206789	0.389936981190593	0	0	1	0.2	0.834105758174734	0.273307705620515	0.358923340689514	1.43907820848193	1.08015486779242	0	0	2	0.1	0.794874910871899	0.192588608522502	0.450266342503346	1.22684283321728	0.776576490713934	0	0	2	0.2	1.76331386211507	0.389189810872562	1.05406936726991	2.62667777754667	1.57260841027675	0	0	3	0.1	1.2025411780754	0.270704026939324	0.743210707829124	1.80344138744372	1.0602306796146	0	0	3	0.2	2.35963039025582	0.480355680021359	1.51544172145926	3.39037550701156	1.87493378555229
467	0	0	0	0.1	0.0168766701203057	0.0495663242997877	-0.0876365399855483	0.112569276176814	0.200205816162363	0	0	0	0.2	0.00405583673568209	0.123453701738649	-0.247903789455071	0.236232681838766	0.484136471293838	0	0	1	0.1	0.125688101804871	0.129354312226887	-0.12790693998765	0.378838269204152	0.506745209191801	0	0	1	0.2	0.651097985511365	0.452866981369461	-0.114066220794788	1.71526562756103	1.82933184835581	0	0	2	0.1	0.95457348192427	0.350468879447107	0.391980259387162	1.77754893055804	1.38556867117088	0	0	2	0.2	2.35507713716976	0.610225288138595	1.17603348320663	3.56791421657632	2.39188073336968	0	0	3	0.1	1.88959715895252	0.479052236201202	0.978231546315271	2.86617156863944	1.88794002232417	0	0	3	0.2	3.33891930817236	0.635771109137628	2.06268634887964	4.5675017762163	2.50481542733666
454	0	0	0	0.1	0.0844111485408217	0.0685760733608245	-0.0526843705296088	0.219829382860861	0.27251375339047	0	0	0	0.2	0.185975421034228	0.156215595213341	-0.107505929416448	0.492709767598438	0.600215697014886	0	0	1	0.1	0.295083096577455	0.131656054557179	0.06350147730917	0.585757565896502	0.522256088587332	0	0	1	0.2	0.980366934227444	0.390755550475266	0.322209326722072	1.80836311051615	1.48615378379408	0	0	2	0.1	0.993273812527519	0.279205964409566	0.487563426528486	1.59798050195695	1.11041707542846	0	0	2	0.2	2.11176424469145	0.475736629717736	1.24999062422479	3.11746759621499	1.8674769719902	0	0	3	0.1	1.54947891746851	0.358963625296825	0.926548680984729	2.33556453485844	1.40901585387371	0	0	3	0.2	2.84275883518115	0.555494171479322	1.81008986050635	4.02365235319971	2.21356249269335
453	0	0	0	0.1	-0.0218821896952892	0.0922843891065678	-0.213594122019596	0.139802406496929	0.353396528516526	0	0	0	0.2	-0.0797717010469374	0.210241032541164	-0.503088546537297	0.319860580083679	0.822949126620976	0	0	1	0.1	0.0259641682876861	0.109055572338792	-0.185593159941826	0.224162970764124	0.40975613070595	0	0	1	0.2	0.215661228217545	0.233214004562961	-0.224796414882344	0.657451079874972	0.882247494757316	0	0	2	0.1	0.346128784720413	0.125314239345302	0.11601265994354	0.606799859416312	0.490787199472773	0	0	2	0.2	0.789269438785832	0.231587381989089	0.348430175417032	1.25632230334718	0.907892127930148	0	0	3	0.1	0.57884835621635	0.139479845991894	0.336011536759171	0.874374744071039	0.538363207311868	0	0	3	0.2	1.13352307863217	0.251400067656779	0.685762545529935	1.65400620063958	0.968243655109648
466	0	0	0	0.1	0.118109188083305	0.0616597935699389	0.00322438853681952	0.241413321271799	0.238188932734979	0	0	0	0.2	0.227032323069617	0.13985046657019	-0.0393036187891571	0.516288909592585	0.555592528381742	0	0	1	0.1	0.134516989419761	0.0814511927676014	-0.0289519798056715	0.294767295702232	0.323719275507903	0	0	1	0.2	0.389857318331256	0.199383427640166	-0.0161309955705147	0.797006310319398	0.813137305889913	0	0	2	0.1	0.407656842105906	0.123287172929624	0.188643941703724	0.679107039624638	0.490463097920914	0	0	2	0.2	1.03783185029507	0.291458005185142	0.538014986213945	1.6987026825215	1.16068769630755	0	0	3	0.1	0.71987622036061	0.179591323240849	0.417207194701595	1.15768985676988	0.740482662068289	0	0	3	0.2	1.60230818884591	0.38372235436348	0.956355803494996	2.47328503583768	1.51692923234269
452	0	0	0	0.1	-0.109885325413416	0.0794087739404309	-0.284044737324646	0.0331294153192512	0.317174152643897	0	0	0	0.2	-0.233471251074781	0.158407208034235	-0.548410424636513	0.0514104317473644	0.599820856383878	0	0	1	0.1	-0.0350447491369917	0.0788685827599341	-0.199831036085849	0.12230861989386	0.322139655979709	0	0	1	0.2	0.0519010686578068	0.168689249697184	-0.306636903602522	0.409877352696065	0.716514256298587	0	0	2	0.1	0.265460328770439	0.111661656225172	0.0768594833779358	0.532487219126274	0.455627735748338	0	0	2	0.2	0.669588118759523	0.24556175840339	0.263472066357575	1.24306647554959	0.979594409192015	0	0	3	0.1	0.533789854381583	0.166588143488048	0.273622014986199	0.923941431560903	0.650319416574704	0	0	3	0.2	1.11297374399524	0.322566111665019	0.588622565750776	1.87916582707298	1.29054326132221
456	0	0	0	0.1	0.193459726566288	0.0913838152709322	0.0111128266208669	0.363733145653882	0.352620319033015	0	0	0	0.2	0.4534480837874	0.246505801225787	0.0214603971642352	0.975594139477026	0.954133742312791	0	0	1	0.1	0.346575365892034	0.151863385861249	0.0853300271251012	0.666431133506069	0.581101106380968	0	0	1	0.2	0.995313749618978	0.35367370133183	0.395602292724836	1.77872962873002	1.38312733600519	0	0	2	0.1	0.85377519880964	0.212765633945742	0.478612151065257	1.32089823135227	0.842286080287017	0	0	2	0.2	1.63275300563983	0.345661535411689	0.986873983624511	2.38127323506322	1.39439925143871	0	0	3	0.1	1.11617482190384	0.247163418518387	0.674073093880898	1.63725383897717	0.963180745096273	0	0	3	0.2	1.97751410494263	0.390792813490062	1.26457207382998	2.78167427346725	1.51710219963728
451	0	0	0	0.1	0.23113723277693	0.0868453910956588	0.0628256121672856	0.406746263871922	0.343920651704637	0	0	0	0.2	0.427956684245738	0.196627928083024	0.0322273787791177	0.821026121406516	0.788798742627399	0	0	1	0.1	0.09465440767707	0.151676369054012	-0.198831696864844	0.402064024343665	0.600895721208509	0	0	1	0.2	0.41156166887265	0.38993582396273	-0.267153766465456	1.29623929100911	1.56339305747456	0	0	2	0.1	0.525097169566026	0.241349350844039	0.125466879138377	1.04450522231382	0.919038343175442	0	0	2	0.2	1.18929755747977	0.399996291695524	0.450043645538386	2.06405468178673	1.61401103624834	0	0	3	0.1	0.869487878432529	0.259325156228876	0.440528588992812	1.44226620183448	1.00173761284167	0	0	3	0.2	1.55671010909826	0.385251276841026	0.867055664747602	2.37478847255143	1.50773280780383
465	0	0	0	0.1	0.0389485328119159	0.0570295526926981	-0.0740326294912344	0.146758480825345	0.22079111031658	0	0	0	0.2	0.115625749665227	0.133537565908552	-0.140541893321038	0.369452702707267	0.509994596028305	0	0	1	0.1	0.175127608580511	0.0819412601808444	0.015618138844619	0.336743016878141	0.321124878033522	0	0	1	0.2	0.557393396043803	0.22264579902628	0.161078759228897	1.04544962091202	0.884370861683119	0	0	2	0.1	0.522231339551099	0.143738578820414	0.277092252759968	0.836826801560223	0.559734548800256	0	0	2	0.2	1.16480197927705	0.303186181875709	0.656695357326472	1.85822292767673	1.20152757035026	0	0	3	0.1	0.758156794646431	0.192988062910738	0.439646847577699	1.16085251264038	0.721205665062683	0	0	3	0.2	1.48729735997748	0.356311057210277	0.891070538114393	2.18917447495187	1.29810393683748
459	0	0	0	0.1	0.162135684617796	0.0695313434071087	0.0353246465684042	0.30682338557505	0.271498739006646	0	0	0	0.2	0.479984084554465	0.19542611448011	0.143742241188029	0.892192346562897	0.748450105374868	0	0	1	0.1	0.509863390615924	0.154995155840636	0.240579548678366	0.849142148542023	0.608562599863657	0	0	1	0.2	1.47517533056973	0.414045331458072	0.712165197051858	2.35454494791548	1.64237975086363	0	0	2	0.1	1.08403944043467	0.256175363374219	0.618951501345557	1.66631298132508	1.04736147997953	0	0	2	0.2	2.25884199781639	0.433250590732577	1.42482920240852	3.14535940535225	1.72053020294373	0	0	3	0.1	1.47476103939004	0.302321203683984	0.928679614855389	2.09988182342159	1.1712022085662	0	0	3	0.2	2.69766401880943	0.479150672635489	1.82255569605446	3.67610798563161	1.85355228957715
469	0	0	0	0.1	0.136294320279142	0.083317622521354	-0.018949049631085	0.308148942712643	0.327097992343728	0	0	0	0.2	0.418119535072782	0.250343420203578	-0.0206086027873955	0.979955713694801	1.0005643164822	0	0	1	0.1	0.35609221866569	0.151014319903945	0.0921979229393564	0.699759278944329	0.607561356004972	0	0	1	0.2	1.11902772198319	0.360057962821725	0.497183634322299	1.89772457450431	1.40054094018201	0	0	2	0.1	0.866804890037291	0.209306718481281	0.523065092723027	1.35189969273517	0.82883460001214	0	0	2	0.2	1.83073886813896	0.359335563048159	1.19082312837798	2.59695237533384	1.40612924695586	0	0	3	0.1	1.22824284849132	0.252607441355258	0.804346214575677	1.78959254442372	0.985246329848038	0	0	3	0.2	2.2932742772819	0.406312057691808	1.60342514010959	3.20208975442914	1.59866461431955
477	0	0	0	0.1	0.0540346342931235	0.0856319438532577	-0.126771341823745	0.217529577500877	0.344300919324622	0	0	0	0.2	0.264846266497059	0.287579950140312	-0.205747841651534	0.907991994582046	1.11373983623358	0	0	1	0.1	0.435855099815343	0.223179106394614	0.0964789603525436	0.953890608781601	0.857411648429057	0	0	1	0.2	1.76179061965403	0.50947376379758	0.79718968411469	2.83373380791719	2.0365441238025	0	0	2	0.1	1.4775558758897	0.340781228593114	0.864710598725841	2.24028706603114	1.37557646730529	0	0	2	0.2	2.66635639114591	0.467298149336977	1.77045066562902	3.63192385059255	1.86147318496353	0	0	3	0.1	1.87520646886741	0.363827765104093	1.18190620784857	2.66810612685384	1.48619991900527	0	0	3	0.2	3.09132604106412	0.507663293260277	2.07689830447165	4.13412777922217	2.05722947475052
458	0	0	0	0.1	0.143783358949797	0.0869630199291589	-0.0188752952404473	0.315774247506859	0.334649542747306	0	0	0	0.2	0.279384042588113	0.22286323532195	-0.135035708054391	0.719050313943443	0.854086021997835	0	0	1	0.1	0.141506873821703	0.106929998955797	-0.0643046619769324	0.342253688956119	0.406558350933051	0	0	1	0.2	0.463440974104295	0.224020192302635	0.0461064391604847	0.898902516559646	0.852796077399161	0	0	2	0.1	0.474528897867896	0.124012564278484	0.250749572576116	0.730489271971548	0.479739699395432	0	0	2	0.2	1.04714771250927	0.238719991103764	0.62060783534364	1.52127155780239	0.900663722458753	0	0	3	0.1	0.699271788190651	0.147406968358113	0.44223001330026	0.999871463005413	0.557641449705153	0	0	3	0.2	1.40094153779245	0.275242399434183	0.919103465732872	1.96451722842236	1.04541376268949
461	0	0	0	0.1	0.175583181939313	0.0779820238169089	0.0246088835271248	0.342473170504015	0.31786428697689	0	0	0	0.2	0.434856198707595	0.222941882946132	0.00376659597329205	0.934916628406415	0.931150032433123	0	0	1	0.1	0.371274892357116	0.143610386500911	0.103252931634356	0.670591029866779	0.567338098232423	0	0	1	0.2	1.01717786666605	0.326753941842836	0.429772308517619	1.69821095624111	1.2684386477235	0	0	2	0.1	0.869798966753926	0.208556431229763	0.497355810749103	1.29645448972108	0.799098678971976	0	0	2	0.2	1.66994355908998	0.358103135815925	0.997846715847575	2.41874245648565	1.42089574063808	0	0	3	0.1	1.20792223448566	0.264581739280252	0.73196530145269	1.75532971613748	1.02336441468479	0	0	3	0.2	2.17125455399353	0.431212436754912	1.36289360592785	3.08651897962601	1.72362537369816
457	0	0	0	0.1	0.0495975224596286	0.0678850301466342	-0.0927688144052715	0.180802555578208	0.273571369983479	0	0	0	0.2	0.130012522101491	0.181099515534831	-0.220425331995777	0.490474916783294	0.710900248779071	0	0	1	0.1	0.235894051039095	0.146304332516185	-0.0419778793065736	0.535057557706166	0.57703543701274	0	0	1	0.2	0.907568671949642	0.406343730874348	0.173179847244344	1.78683777589945	1.61365792865511	0	0	2	0.1	0.852786883600217	0.261568584215682	0.39070777490746	1.44184859612171	1.05114082121425	0	0	2	0.2	1.85283184865781	0.460497785834094	0.985759948067728	2.85397056360321	1.86821061553548	0	0	3	0.1	1.30245172601617	0.320306862057429	0.701978718999816	2.00093127212927	1.29895255312946	0	0	3	0.2	2.41207747904187	0.514572490245596	1.43689442750651	3.48267108246775	2.04577665496124
475	0	0	0	0.1	0.0488052673646258	0.0947000265747465	-0.138069347914223	0.2313640951593	0.369433443073524	0	0	0	0.2	-0.0380298149497746	0.213766410759209	-0.496570074895864	0.379344989044039	0.875915063939904	0	0	1	0.1	-0.0486410481559629	0.125366031449681	-0.322829026286077	0.178575177000284	0.501404203286361	0	0	1	0.2	0.0306066721980429	0.274811234275785	-0.549113957202695	0.579905849007411	1.12901980621011	0	0	2	0.1	0.30412745568	0.170191385158194	0.00440342100543658	0.685101466049464	0.680698045044027	0	0	2	0.2	0.833134897802838	0.365818192818739	0.213603513513762	1.62666429053814	1.41306077702438	0	0	3	0.1	0.70338650705058	0.238988633208052	0.316272389863431	1.22550154355879	0.909229153695361	0	0	3	0.2	1.48188320790853	0.435422606428922	0.724950324719058	2.38059525635394	1.65564493163488
476	0	0	0	0.1	0.278745643157221	0.0769731742128143	0.142226063387734	0.45278685483487	0.310560791447135	0	0	0	0.2	0.523649854954838	0.169653183555729	0.221270460760889	0.878514328899207	0.657243868138318	0	0	1	0.1	0.256111317411017	0.0992710023404726	0.0694969498323905	0.460019492298546	0.390522542466156	0	0	1	0.2	0.580208954334873	0.235494366266534	0.153363607086013	1.08188099767844	0.928517390592427	0	0	2	0.1	0.49906946757148	0.146139182914995	0.256969771937259	0.826760192815725	0.569790420878467	0	0	2	0.2	1.15939735364935	0.31263750238624	0.661013204120881	1.84448222116641	1.18346901704553	0	0	3	0.1	0.85298887968175	0.224659362786115	0.490587224445518	1.3688453198899	0.878258095444381	0	0	3	0.2	1.71701235151909	0.41555272679731	0.973490997990588	2.57066990447724	1.59717890648665
460	0	0	0	0.1	0.0760229518681682	0.0815462244728307	-0.0865779623463593	0.232107875977148	0.318685838323507	0	0	0	0.2	0.184004127125518	0.199215937236727	-0.199167730833595	0.576926507827584	0.77609423866118	0	0	1	0.1	0.179099622452932	0.114903878442645	-0.0373809056425432	0.395995355291125	0.433376260933668	0	0	1	0.2	0.666614550609998	0.299628748025325	0.116110675402961	1.32827916867324	1.21216849327028	0	0	2	0.1	0.682083409851701	0.178848476764705	0.364701822935532	1.09244140126055	0.727739578325022	0	0	2	0.2	1.52361990925226	0.322793138626094	0.910274689756979	2.20963749662457	1.29936280686759	0	0	3	0.1	1.05134716181648	0.216312464505834	0.667518387498924	1.56287818126867	0.895359793769749	0	0	3	0.2	1.98305939148219	0.360346663080299	1.34669363961246	2.74794752756065	1.4012538879482
462	0	0	0	0.1	0.0297614540392561	0.0633577472301622	-0.103185703373538	0.136508708027881	0.239694411401419	0	0	0	0.2	0.0116453368841113	0.15809302885403	-0.312645441198278	0.292190983024783	0.604836424223061	0	0	1	0.1	0.150674302645364	0.104950812713036	-0.0689295677984931	0.358753241358199	0.427682809156692	0	0	1	0.2	0.496773295643177	0.243100312523765	0.0178478568739102	1.02272044180224	1.00487258492833	0	0	2	0.1	0.58894825013107	0.154178550244839	0.321479118624662	0.925141807766687	0.603662689142025	0	0	2	0.2	1.35008745720869	0.304570393356114	0.810907917993365	2.02782744804831	1.21691953005494	0	0	3	0.1	0.96698235136923	0.206540213751732	0.609071377823089	1.39422990583555	0.785158528012459	0	0	3	0.2	1.89143994291393	0.359123646012454	1.22991338849431	2.67160383855143	1.44169045005712
471	0	0	0	0.1	0.145804223309078	0.0801363731074489	-0.00550891194868339	0.311741190182522	0.317250102131206	0	0	0	0.2	0.363034659852578	0.207292085631544	-0.00761294357145158	0.807316793092684	0.814929736664135	0	0	1	0.1	0.277337531973799	0.128547516389759	0.0536083944798913	0.547237556718558	0.493629162238666	0	0	1	0.2	0.836020634465131	0.347029909216787	0.241604447098086	1.56029034875642	1.31868590165833	0	0	2	0.1	0.699094718321858	0.213078657210569	0.333371085612106	1.1430331013114	0.809662015699296	0	0	2	0.2	1.52486227244136	0.405372502104845	0.789390723032958	2.37296308408771	1.58357236105476	0	0	3	0.1	1.00838136782036	0.261666323711842	0.561977198086124	1.58099126248176	1.01901406439564	0	0	3	0.2	1.94175913806256	0.44783896237904	1.15628650471118	2.89950091040198	1.7432144056908
464	0	0	0	0.1	0.0373064761250486	0.0528734312654368	-0.0704556293937007	0.140786491917889	0.21124212131159	0	0	0	0.2	0.0247753535291689	0.12331058159748	-0.227309533695867	0.261122074980096	0.488431608675964	0	0	1	0.1	0.0791651949974973	0.101961754510875	-0.116605956252304	0.28083288822551	0.397438844477814	0	0	1	0.2	0.441081134373059	0.313750172111773	-0.150307651474748	1.13388080542383	1.28418845689858	0	0	2	0.1	0.707036864244753	0.235402503934413	0.293791724624784	1.23794850279427	0.944156778169483	0	0	2	0.2	1.75010071211168	0.466588570401737	0.886057178000971	2.73724112518522	1.85118394718424	0	0	3	0.1	1.27371570529002	0.323003603382344	0.695073251301133	1.99405646250068	1.29898321119955	0	0	3	0.2	2.49677989991645	0.538521304007136	1.50764437436785	3.60733623693765	2.0996918625698
473	0	0	0	0.1	0.0356112901698153	0.0648155971112761	-0.0980307865568698	0.164914368775247	0.262945155332116	0	0	0	0.2	0.0685539602031388	0.145087377231118	-0.226198204136885	0.36935940561292	0.595557609749805	0	0	1	0.1	0.133855873272778	0.086389148051513	-0.0270163560257891	0.308392697489638	0.335409053515427	0	0	1	0.2	0.400702155861593	0.204428527246563	0.0270205651664547	0.850436864942391	0.823416299775936	0	0	2	0.1	0.386354720511933	0.125758021514423	0.169736262151424	0.661136892078194	0.49140062992677	0	0	2	0.2	0.882001272062136	0.276236498538139	0.407809972450166	1.50136925861983	1.09355928616966	0	0	3	0.1	0.575340646293319	0.168421050863202	0.306432271696328	0.952453103536454	0.646020831840125	0	0	3	0.2	1.20806878836113	0.348636375303556	0.64692094743811	2.02176039774775	1.37483945030964
463	0	0	0	0.1	0.0143869255104998	0.0792040575544572	-0.134960868677324	0.186330057994043	0.321290926671366	0	0	0	0.2	0.139815037058818	0.196846778168409	-0.229296250653503	0.558553418798313	0.787849669451817	0	0	1	0.1	0.300609960916124	0.144862744894408	0.0138548996599829	0.587777446497441	0.573922546837458	0	0	1	0.2	0.988263220936899	0.425172070319902	0.163056201638086	1.88176020254733	1.71870400090924	0	0	2	0.1	0.809153946721197	0.289254037254937	0.271439793977421	1.40168454656992	1.1302447525925	0	0	2	0.2	1.78712389479404	0.549742210490774	0.735915958946913	2.89993674431648	2.16402078536957	0	0	3	0.1	1.18484274240984	0.353053755197796	0.530725969245101	1.91202735094575	1.38130138170065	0	0	3	0.2	2.27086431883141	0.572582348163604	1.1781164746834	3.42644893965113	2.24833246496773
472	0	0	0	0.1	0.0500445585217699	0.0783316611661952	-0.0997036211967475	0.19521734813933	0.294920969336078	0	0	0	0.2	-0.0392885246299591	0.213735533938007	-0.47822343149561	0.355999616970648	0.834223048466258	0	0	1	0.1	-0.0482563906917596	0.141198961483238	-0.31731072356093	0.221381593912793	0.538692317473723	0	0	1	0.2	0.233539346523554	0.320991683708388	-0.350282964009942	0.882598058941888	1.23288102295183	0	0	2	0.1	0.50413621826622	0.19533503336544	0.161108353547287	0.923063939687574	0.761955586140288	0	0	2	0.2	1.25187980920167	0.377254011807672	0.563731368375093	2.03095553880684	1.46722417043175	0	0	3	0.1	0.892244697729471	0.247576096406465	0.471751040813513	1.42344640857579	0.951695367762277	0	0	3	0.2	1.74110704538189	0.41917086455343	0.992373586024647	2.60417967486146	1.61180608883681
474	0	0	0	0.1	0.130064983087575	0.0553738612024976	0.0279476097677944	0.239936126143332	0.211988516375537	0	0	0	0.2	0.285460955604633	0.154239121960831	0.00785773825678091	0.599137513460847	0.591279775204066	0	0	1	0.1	0.268555544670952	0.147566915234218	0.00672710086979544	0.593134579769877	0.586407478900081	0	0	1	0.2	1.12738048384687	0.478639298505044	0.361116278940548	2.17363479891964	1.8125185199791	0	0	2	0.1	1.23111864759338	0.332010864742991	0.658388482936099	1.96801094373253	1.30962246079643	0	0	2	0.2	2.42896872952076	0.497240362974533	1.56772170192365	3.53680972456695	1.9690880226433	0	0	3	0.1	1.82128292695771	0.408290261879015	1.11258243496262	2.72101202054561	1.60842958558299	0	0	3	0.2	3.00455175004625	0.564650090598184	2.05004978806321	4.17095558295928	2.12090579489607
479	0	0	0	0.1	0.101406627551524	0.0825723403689066	-0.058361036272642	0.263434818607989	0.321795854880631	0	0	0	0.2	0.277424493144449	0.188459113750408	-0.0728331515027255	0.668899649266582	0.741732800769307	0	0	1	0.1	0.238994777954947	0.099367271884176	0.0533643697655303	0.449979439990746	0.396615070225216	0	0	1	0.2	0.662642037587433	0.242106671907038	0.248993678742149	1.20947282642385	0.960479147681697	0	0	2	0.1	0.548848668053672	0.14835365063831	0.273141414296626	0.887677765828859	0.614536351532233	0	0	2	0.2	1.16462460377105	0.294153657596521	0.636758963334021	1.7985007810075	1.16174181767348	0	0	3	0.1	0.744692204049376	0.186203332380709	0.430503062749244	1.13082123187831	0.700318169129066	0	0	3	0.2	1.44533598862327	0.338012712238386	0.855631971494226	2.1651717911814	1.30953981968718
478	0	0	0	0.1	0.0758990457085367	0.0683873687611118	-0.0554860594586298	0.210843587098624	0.266329646557254	0	0	0	0.2	0.140042396411648	0.199962780304358	-0.241589152912094	0.541615549099093	0.783204702011187	0	0	1	0.1	0.260708301381739	0.216285298379657	-0.109690919807036	0.747672408972708	0.857363328779745	0	0	1	0.2	1.47027921725614	0.687505694909417	0.274232503271678	2.89152308510922	2.61729058183754	0	0	2	0.1	1.53314002779439	0.455380271003175	0.767522162201837	2.49259421610133	1.7250720538995	0	0	2	0.2	3.10078615959874	0.625352925685946	1.93008988362359	4.34093017741991	2.41084029379632	0	0	3	0.1	2.35745877274557	0.498822014377998	1.4286946328799	3.36556199502794	1.93686736214804	0	0	3	0.2	3.90528551775526	0.650888797594813	2.67994179067591	5.20605442574724	2.52611263507132
470	0	0	0	0.1	0.101384723904604	0.0803412716159655	-0.0556346938181288	0.265074895118677	0.320709588936806	0	0	0	0.2	0.196852003941532	0.212495413448931	-0.196311674487044	0.638639103012717	0.834950777499761	0	0	1	0.1	0.135808536017719	0.129562491984937	-0.103158323116562	0.404376841850981	0.507535164967543	0	0	1	0.2	0.420536394392435	0.312761913499395	-0.173178706198038	1.08190204873652	1.25508075493456	0	0	2	0.1	0.46626048951886	0.185552996410812	0.127864433825369	0.852460203609167	0.724595769783798	0	0	2	0.2	1.10518327876619	0.376736310445309	0.414563652029373	1.88282934460213	1.46826569257276	0	0	3	0.1	0.834313568465417	0.246507245517803	0.408342700480749	1.3777483536032	0.969405653122454	0	0	3	0.2	1.70006877134612	0.452425112153063	0.891637331660401	2.67961393158745	1.78797659992705
487	0	0	0	0.1	0.00814603834420279	0.0722269367185378	-0.137854859075897	0.142754704421476	0.280609563497373	0	0	0	0.2	-0.0342144987226647	0.194266351748862	-0.43403875897036	0.336931454267168	0.770970213237528	0	0	1	0.1	0.116963710721517	0.151330032079685	-0.162702730745767	0.434661205726282	0.597363936472049	0	0	1	0.2	0.802683124283523	0.476528010257286	-0.0150123680569517	1.84504231214132	1.86005468019827	0	0	2	0.1	0.923659677708494	0.295008811321504	0.406077643978741	1.57947741643501	1.17339977245627	0	0	2	0.2	2.0590522400285	0.493800582218934	1.16012373287397	3.1146209353922	1.95449720251823	0	0	3	0.1	1.39288485267004	0.332665881937774	0.824037258358418	2.11949023622945	1.29545297787104	0	0	3	0.2	2.55496557200959	0.518813571146846	1.58494482307497	3.69621089576108	2.11126607268611
484	0	0	0	0.1	0.0164079030300044	0.0598240857617382	-0.109235973223977	0.136176513247694	0.245412486471671	0	0	0	0.2	0.0141965408438231	0.170327126759732	-0.307395444366082	0.35450281114812	0.661898255514202	0	0	1	0.1	0.204465519174313	0.165230701531976	-0.0822721589794969	0.611070102789621	0.693342261769118	0	0	1	0.2	0.897361799253256	0.427057799828718	0.199347013757709	1.87849971716454	1.67915270340683	0	0	2	0.1	0.907875898386367	0.28367888247333	0.445214928691279	1.54289578300814	1.09768085431686	0	0	2	0.2	1.89250449502455	0.45604840526192	1.08928904892296	2.84887684715359	1.75958779823063	0	0	3	0.1	1.34058837689646	0.326449985519647	0.793168335611071	2.02459413335744	1.23142579774637	0	0	3	0.2	2.41112741618838	0.490607576086205	1.56123077462731	3.4202494784292	1.85901870380189
481	0	0	0	0.1	0.0594381294855984	0.0647756038929547	-0.062391212494366	0.189912317031819	0.252303529526185	0	0	0	0.2	0.13066639763788	0.146177833578416	-0.145614492525738	0.428403122412538	0.574017614938276	0	0	1	0.1	0.100552054451719	0.101670937989685	-0.112188750700768	0.306978502442361	0.419167253143129	0	0	1	0.2	0.419020014554094	0.270217528276523	-0.126834161092817	0.973682108466642	1.10051626955946	0	0	2	0.1	0.476310782843244	0.174752370496442	0.168114640546286	0.8494971951975	0.681382554651214	0	0	2	0.2	1.24314538249156	0.400032245110002	0.552082903075248	2.14143353507144	1.58935063199619	0	0	3	0.1	0.891601010493278	0.260318897811675	0.459887238416566	1.50720366769096	1.04731642927439	0	0	3	0.2	1.92918217870392	0.506229542676384	1.07490177411771	3.09574593185297	2.02084415773526
480	0	0	0	0.1	0.105888982948328	0.0573292224476599	0.00103483544240714	0.219388183893438	0.218353348451031	0	0	0	0.2	0.213576230674856	0.164195339008719	-0.0764530219619213	0.561346596128783	0.637799618090704	0	0	1	0.1	0.26729885178416	0.136101923241905	0.0232436957841185	0.564309589043086	0.541065893258968	0	0	1	0.2	0.922786080128529	0.37359250845037	0.282522524861167	1.77370593422737	1.4911834093662	0	0	2	0.1	0.881554854798555	0.26163887785998	0.460505617105102	1.45136358189754	0.990857964792439	0	0	2	0.2	1.97174316353603	0.498375763288594	1.11422736610197	3.02267570937874	1.90844834327677	0	0	3	0.1	1.36398765702064	0.354399728537622	0.778952758709515	2.13850886975956	1.35955611105005	0	0	3	0.2	2.64665980933853	0.59245932237285	1.62075247380559	3.88391751768712	2.26316504388152
486	0	0	0	0.1	0.191820553862335	0.071544224454146	0.068048800185684	0.354818195543372	0.286769395357688	0	0	0	0.2	0.470186946310608	0.188965090585827	0.141662831990985	0.88417666516748	0.742513833176494	0	0	1	0.1	0.384436145256884	0.126087380151819	0.152034738577318	0.664397408565957	0.512362669988639	0	0	1	0.2	1.07467322556511	0.325291605002715	0.459318118102958	1.75206638924663	1.29274827114367	0	0	2	0.1	0.825319800361786	0.203007237952008	0.459219917764268	1.2446644386391	0.785444520874829	0	0	2	0.2	1.75586777302301	0.383360425721718	1.04102831331212	2.51541649916041	1.47438818584829	0	0	3	0.1	1.16184645095748	0.258734081262033	0.707002353915071	1.7052726238472	0.99827026993213	0	0	3	0.2	2.23101280709353	0.441503304461676	1.43650063199588	3.12729151224533	1.69079088024946
488	0	0	0	0.1	0.0750823319398713	0.0770813113602292	-0.0824992177243169	0.218002018195182	0.300501235919499	0	0	0	0.2	0.145073766283742	0.186122117693644	-0.230252552925898	0.516909979835745	0.747162532761643	0	0	1	0.1	0.172340394732812	0.107942171289041	-0.0348163675873772	0.384623653804537	0.419440021391914	0	0	1	0.2	0.549655685201719	0.243093319199815	0.075734220595448	1.06013673662796	0.984402516032517	0	0	2	0.1	0.553553449529108	0.153119031547976	0.267638193941353	0.856318518244271	0.588680324302917	0	0	2	0.2	1.21342942318425	0.297723105192474	0.63860638365842	1.83517648011142	1.196570096453	0	0	3	0.1	0.837257611381786	0.199301910160158	0.477161700614565	1.27985476272452	0.80269306210996	0	0	3	0.2	1.65933621036158	0.365380849489469	0.989015638459214	2.45959002027165	1.47057438181243
485	0	0	0	0.1	-0.0232782885132575	0.0725792066957303	-0.174727840987923	0.112307454760172	0.287035295748095	0	0	0	0.2	-0.0875975040434327	0.159925043664525	-0.426038419307442	0.208639817665273	0.634678236972715	0	0	1	0.1	0.0347219051450064	0.0963405690489802	-0.148907493707482	0.218268112101778	0.36717560580926	0	0	1	0.2	0.191630420382865	0.227444520284155	-0.24270575924981	0.671255075745016	0.913960834994826	0	0	2	0.1	0.397649917126615	0.150265758727632	0.139272933067529	0.726070972654885	0.586798039587356	0	0	2	0.2	0.961927452670554	0.312789492578856	0.41890159400671	1.63775069655604	1.21884910254933	0	0	3	0.1	0.741627529313922	0.206301448035211	0.392221841459605	1.18771249413007	0.795490652670462	0	0	3	0.2	1.4894973707989	0.367375797497442	0.852021517674699	2.25683682318866	1.40481530551397
498	0	0	0	0.1	0.100762573210725	0.0710759790835064	-0.0372018092222917	0.241513634110661	0.278715443332953	0	0	0	0.2	0.144120017067643	0.169717851781774	-0.179045661244172	0.482694822086379	0.661740483330552	0	0	1	0.1	0.119292476734036	0.0965473496445046	-0.0672885303451934	0.317156509900616	0.384445040245809	0	0	1	0.2	0.427295391252209	0.22807270674948	0.0090232083206451	0.915407403413661	0.906384195093016	0	0	2	0.1	0.533485657890942	0.148890032324862	0.287348785518941	0.86620001676618	0.578851231247238	0	0	2	0.2	1.20464824211189	0.297344908240126	0.693015608225567	1.8732148690072	1.18019926078163	0	0	3	0.1	0.837880352719373	0.200222993466626	0.508258532292464	1.31986379628141	0.811605263988943	0	0	3	0.2	1.65079848291625	0.354634403565914	1.0428244783045	2.44180791679856	1.39898343849406
482	0	0	0	0.1	-0.0604572518391069	0.0776674766655236	-0.21566411789185	0.0728751411700834	0.288539259061934	0	0	0	0.2	-0.148231930681542	0.169576157888808	-0.508603414743126	0.165976447844864	0.674579862587989	0	0	1	0.1	0.057282576886307	0.100082686398423	-0.132174783434388	0.248187114038794	0.380361897473182	0	0	1	0.2	0.271687684018841	0.237572676744537	-0.173461241777643	0.769385667217839	0.942846908995483	0	0	2	0.1	0.41917396513473	0.156953022962183	0.132686040437162	0.743667451174682	0.61098141073752	0	0	2	0.2	1.00199429356087	0.333674206630204	0.407421638444672	1.67582088280795	1.26839924436328	0	0	3	0.1	0.736974306771061	0.217064847113799	0.359993536255912	1.20909047642904	0.849096940173127	0	0	3	0.2	1.52357955020071	0.405547536601713	0.78688846467623	2.38040766869181	1.59351920401558
495	0	0	0	0.1	0.0646627483875169	0.0610137876997586	-0.0508851237214994	0.187416340651909	0.238301464373408	0	0	0	0.2	0.153158734435008	0.138419963943908	-0.0980355850594067	0.4405303069301	0.538565891989507	0	0	1	0.1	0.202324346266192	0.0818679455936714	0.0480013097643906	0.369475519292204	0.321474209527814	0	0	1	0.2	0.566414620815001	0.20340845085829	0.190540714268907	0.989205681105963	0.798664966837056	0	0	2	0.1	0.594826577963605	0.151135558793014	0.35017366322982	0.936684712850501	0.586511049620681	0	0	2	0.2	1.39635205535325	0.327695356329225	0.860422239684568	2.13812331431861	1.27770107463404	0	0	3	0.1	1.01651066249707	0.233869446843817	0.643400597036114	1.58289462064857	0.939494023612455	0	0	3	0.2	2.07353014394942	0.430481170874977	1.36438987658045	3.02806969456961	1.66367981798916
494	0	0	0	0.1	0.141171007960895	0.0903965051724019	-0.0306747817382158	0.326410933856477	0.357085715594693	0	0	0	0.2	0.332101551095122	0.291983067597739	-0.21802381368956	0.937021744029217	1.15504555771878	0	0	1	0.1	0.310596027990455	0.230815697382335	-0.12917130305948	0.780038787806854	0.909210090866334	0	0	1	0.2	0.996626835566282	0.45963499188264	0.160092979947043	1.96463124421612	1.80453826426908	0	0	2	0.1	0.859990529829421	0.300100681363704	0.332609738946451	1.48834246548524	1.15573272653879	0	0	2	0.2	1.69577318867587	0.488207355202585	0.765550347237492	2.67981539884327	1.91426505160578	0	0	3	0.1	1.18173502666783	0.331755452668881	0.57290132322455	1.88485284875579	1.31195152553124	0	0	3	0.2	2.12849243431809	0.529005268538665	1.11598805499644	3.17298479823607	2.05699674323963
499	0	0	0	0.1	0.130987263589647	0.0662073316977124	0.00580020331807888	0.260275933722144	0.254475730404065	0	0	0	0.2	0.319332876223447	0.184724952539536	-0.00863403611419803	0.702531714118563	0.711165750232761	0	0	1	0.1	0.294083986858407	0.143218109316337	0.0463470529526113	0.597766612613912	0.5514195596613	0	0	1	0.2	0.950456655860348	0.388591778833856	0.290047534001274	1.75577271040131	1.46572517640004	0	0	2	0.1	0.785198789394745	0.234138255843444	0.413656408146675	1.30840247636863	0.894746068221954	0	0	2	0.2	1.63789291926108	0.411275634199001	0.920857005377776	2.5847929808708	1.66393597549302	0	0	3	0.1	1.08383467664655	0.281621481176553	0.622521052912434	1.70962678669728	1.08710573378484	0	0	3	0.2	1.99190708358347	0.457539071604648	1.19442733588371	2.95441126605175	1.75998393016804
493	0	0	0	0.1	-0.0826044668297429	0.0877936947665627	-0.282281639707243	0.0662452469809472	0.34852688668819	0	0	0	0.2	-0.306721441824721	0.233448311828299	-0.820938008322865	0.0957493583418337	0.916687366664699	0	0	1	0.1	-0.167740472831634	0.128805259093425	-0.44593571694184	0.0748360380019869	0.520771754943827	0	0	1	0.2	-0.0660102247980826	0.287537601423963	-0.645711921969402	0.513349885913623	1.15906180788302	0	0	2	0.1	0.356874992970083	0.168566484452743	0.0522750751972079	0.699136867189279	0.646861791992071	0	0	2	0.2	0.934340716275435	0.309152328254477	0.348458262971646	1.53115226931103	1.18269400633938	0	0	3	0.1	0.745875574482604	0.197090647280245	0.386614538407391	1.13826977914827	0.751655240740883	0	0	3	0.2	1.42075586053479	0.333616683547246	0.791962078663999	2.09650569547538	1.30454361681138
489	0	0	0	0.1	0.158543116659446	0.0606667848273254	0.040883149790674	0.274267192467283	0.233384042676609	0	0	0	0.2	0.314874091290955	0.147734765675193	0.0170689736539757	0.597077082129606	0.580008108475631	0	0	1	0.1	0.206103944007424	0.0931085725664803	0.0212411458189169	0.386695228880035	0.365454083061118	0	0	1	0.2	0.549279823189379	0.228179115546862	0.133913478976612	1.01415654692074	0.880243067944131	0	0	2	0.1	0.516555638675709	0.133904595959449	0.281902554220312	0.82578745877176	0.543884904551448	0	0	2	0.2	1.19629913040571	0.274415419049401	0.707917492221878	1.80418411036987	1.09626661814799	0	0	3	0.1	0.826858537269006	0.181231926278286	0.516861624144642	1.22602250360658	0.70916087946194	0	0	3	0.2	1.64900370510737	0.334945202008208	1.04996361128031	2.34391413799161	1.2939505267113
500	0	0	0	0.1	0.0857564289702911	0.0712208233094266	-0.0509463289263876	0.236729374823948	0.287675703750335	0	0	0	0.2	0.135866137848446	0.153457023755857	-0.164089519831757	0.447648341071785	0.611737860903542	0	0	1	0.1	0.0622471165356181	0.0951773554813682	-0.129988472883446	0.255096566691942	0.385085039575388	0	0	1	0.2	0.230778221035968	0.241735398848133	-0.212315483969187	0.721609179995763	0.93392466396495	0	0	2	0.1	0.344711266348703	0.158009466069901	0.070222278449744	0.67240582852486	0.602183550075116	0	0	2	0.2	0.833563549302936	0.331341966988321	0.257966706725568	1.48141425874253	1.22344755201697	0	0	3	0.1	0.613415541542928	0.210543339392358	0.26321941172443	1.06268520676703	0.799465795042598	0	0	3	0.2	1.24987677896389	0.391834534866331	0.561994338683699	2.0576379314879	1.4956435928042
503	0	0	0	0.1	0.0951490711777472	0.102323514515522	-0.0889933596900215	0.296587397716336	0.385580757406357	0	0	0	0.2	0.336831705562889	0.363093251182111	-0.280201590781357	1.1484068222683	1.42860841304966	0	0	1	0.1	0.469838015637098	0.265860879957276	0.0228314037413858	1.08020228943954	1.05737088569816	0	0	1	0.2	1.81757118112223	0.535044652859087	0.796506011651823	2.93826159360402	2.1417555819522	0	0	2	0.1	1.55560195023179	0.36830340789312	0.878207812178875	2.36091391181423	1.48270609963535	0	0	2	0.2	2.93153119501627	0.499927940726704	1.96659784270944	3.95039782246833	1.98379997975889	0	0	3	0.1	2.13043264645366	0.400996567426451	1.38777620756505	2.96208321339919	1.57430700583414	0	0	3	0.2	3.52567959635486	0.548807734433183	2.48824772212215	4.63343413641001	2.14518641428786
497	0	0	0	0.1	0.121564383949548	0.0549606612853956	0.0163919520896371	0.231481669834156	0.215089717744519	0	0	0	0.2	0.261308051912948	0.122010371926031	0.0435076991294673	0.534125823523805	0.490618124394338	0	0	1	0.1	0.249779586729763	0.101442602786996	0.0701232622693942	0.480972816815403	0.410849554546009	0	0	1	0.2	0.723053710581247	0.2843962936024	0.24295632552853	1.39758048885244	1.15462416332391	0	0	2	0.1	0.712843011270857	0.205626598279053	0.359859031629443	1.1496676719469	0.789808640317454	0	0	2	0.2	1.73959933844702	0.425406073506704	1.00279993463223	2.68894362503919	1.68614369040696	0	0	3	0.1	1.26383392330639	0.302337530573251	0.744558514243111	1.98187685751194	1.23731834326883	0	0	3	0.2	2.54227668390316	0.51881458041405	1.62434487921785	3.68501556796628	2.06067068874843
483	0	0	0	0.1	0.203609959036139	0.0757209662763229	0.0616355345680033	0.370903112343277	0.309267577775274	0	0	0	0.2	0.437068235188255	0.177654682091328	0.128869114309534	0.813796567622336	0.684927453312802	0	0	1	0.1	0.237010336973238	0.10009965290522	0.0549545023340694	0.439660519435238	0.384706017101169	0	0	1	0.2	0.564942094758302	0.253393553002347	0.0900021620678605	1.09927778578867	1.00927562372081	0	0	2	0.1	0.454513447049709	0.165089719281771	0.142333094551805	0.802474176195419	0.660141081643613	0	0	2	0.2	1.0159738457554	0.351321597728947	0.333592892716703	1.76120663727051	1.42761374455381	0	0	3	0.1	0.702186699765461	0.223919759453406	0.284371920594348	1.21089275720348	0.926520836609134	0	0	3	0.2	1.43541816236373	0.430127588108041	0.631541343678374	2.37366600605386	1.74212466237549
496	0	0	0	0.1	0.229436288903765	0.0830710581340903	0.0802493620017242	0.406904559508927	0.326655197507203	0	0	0	0.2	0.557848703489363	0.225595155899737	0.143569309019326	1.01721959127053	0.873650282251206	0	0	1	0.1	0.251030601436803	0.167844748278552	-0.0810860871331031	0.581187215497446	0.662273302630549	0	0	1	0.2	0.701003504894662	0.409584315525712	-0.0647338426682402	1.559478649815	1.62421249248324	0	0	2	0.1	0.54039825620929	0.23326541285052	0.131785684868719	1.0097522300524	0.877966545183685	0	0	2	0.2	1.16008273524825	0.429403675558716	0.327377596084873	1.99527028185069	1.66789268576581	0	0	3	0.1	0.838589768958373	0.280283311781464	0.332595529777869	1.41404813395799	1.08145260418012	0	0	3	0.2	1.59065089077976	0.480385448700837	0.701451069028857	2.5579762242011	1.85652515517224
490	0	0	0	0.1	0.216134254854243	0.0710984416289938	0.0752484191862723	0.366127905293529	0.290879486107256	0	0	0	0.2	0.455202831500534	0.169873372680479	0.137211011965605	0.829782073360173	0.692571061394569	0	0	1	0.1	0.317186787576302	0.106993618700042	0.118947171538073	0.539746608799635	0.420799437261561	0	0	1	0.2	0.8251545701602	0.273055695565532	0.362676565601939	1.41832236647133	1.05564580086939	0	0	2	0.1	0.753123984409366	0.191252209842105	0.441026286406303	1.16597810289907	0.724951816492771	0	0	2	0.2	1.68978256678013	0.385188352314871	1.04002902757488	2.47641674661964	1.43638771904475	0	0	3	0.1	1.17638623649525	0.275660493306597	0.733439407258307	1.74121994028405	1.00778053302574	0	0	3	0.2	2.36050962132327	0.49933483060414	1.5253905798979	3.37901297103856	1.85362239114067
492	0	0	0	0.1	0.0458045022532554	0.0633014128313375	-0.082697020705595	0.16588089681859	0.248577917524185	0	0	0	0.2	0.121377436725177	0.146724586990266	-0.172216351807056	0.417668129226758	0.589884481033813	0	0	1	0.1	0.191787696635518	0.103833979867941	-0.00832128391852039	0.403164348294014	0.411485632212534	0	0	1	0.2	0.707378102654281	0.330798291328467	0.137611914384811	1.41507168793397	1.27745977354916	0	0	2	0.1	0.748926970840792	0.240521247616803	0.371135058047122	1.29468812319263	0.923553065145504	0	0	2	0.2	1.83628930619628	0.489441739600657	1.02789942310665	2.90592796106281	1.87802853795615	0	0	3	0.1	1.27599516433514	0.347075811243734	0.741909961387432	2.08763869959326	1.34572873820582	0	0	3	0.2	2.53253462536738	0.564688636736341	1.5318655297535	3.81983708622656	2.28797155647307
491	0	0	0	0.1	0.162440664379063	0.127651510794564	-0.0628046850241873	0.419541343296633	0.48234602832082	0	0	0	0.2	0.370966972592942	0.272683048553899	-0.115981644754904	0.948216814230866	1.06419845898577	0	0	1	0.1	0.254153007663367	0.142366269660181	-0.0207942592009747	0.526410326663943	0.547204585864917	0	0	1	0.2	0.674401555581163	0.347678657025814	0.0166432479662626	1.41687212379706	1.4002288758308	0	0	2	0.1	0.585315548427289	0.217146037006849	0.186747369926504	1.04662088838889	0.859873518462384	0	0	2	0.2	1.33305868354097	0.43356525694004	0.54603976884225	2.19987814026187	1.65383837141962	0	0	3	0.1	0.93125779344825	0.273400702716093	0.450222840757015	1.50053328852965	1.05031044777263	0	0	3	0.2	1.88999052052343	0.486680016631359	1.0199700788219	2.87428505029244	1.85431497147054
501	0	0	0	0.1	0.123147093248528	0.0830272725122787	-0.0379632835776826	0.294645041490206	0.332608325067888	0	0	0	0.2	0.261495278891209	0.202497895426929	-0.126502614709968	0.700197295889304	0.826699910599273	0	0	1	0.1	0.248425881444737	0.119721670730677	0.0259259403085527	0.5034992547115	0.477573314402947	0	0	1	0.2	0.647077732520698	0.265601626063213	0.14610528145677	1.24371708347329	1.09761180201652	0	0	2	0.1	0.551863684061759	0.152039226680808	0.278554526747945	0.889458014003924	0.610903487255979	0	0	2	0.2	1.0745760056427	0.273374067577818	0.575409648804357	1.65894045031321	1.08353080150886	0	0	3	0.1	0.678539878957782	0.169343992473084	0.371493792183181	1.04317491811795	0.671681125934768	0	0	3	0.2	1.2554123039891	0.298660627570282	0.6900616835265	1.8894508216715	1.199389138145
505	0	0	0	0.1	0.149982668119967	0.0578957781052045	0.0427563714634685	0.269352705508988	0.226596334045519	0	0	0	0.2	0.335698797459995	0.166589795812082	0.0314588595143349	0.667087351071053	0.635628491556718	0	0	1	0.1	0.200425818562534	0.130755968910011	-0.0420901696693546	0.460846515914996	0.502936685584351	0	0	1	0.2	0.672921435179519	0.371485554684564	0.0483691392844937	1.48244662526772	1.43407748598323	0	0	2	0.1	0.6282687382475	0.212547859494408	0.258168746362816	1.13240200702895	0.874233260666137	0	0	2	0.2	1.44945834360377	0.400374115913543	0.732846405999834	2.33591128566785	1.60306487966801	0	0	3	0.1	1.02267681358158	0.266636109183713	0.565306777793875	1.60973074623631	1.04442396844243	0	0	3	0.2	1.90431049719332	0.436599724277296	1.08456885932495	2.83982737682599	1.75525851750104
502	0	0	0	0.1	0.112859572669149	0.0754278126557225	-0.0363263097826008	0.267705664897706	0.304031974680306	0	0	0	0.2	0.152665603703531	0.191053218341836	-0.237981511542739	0.559493374001894	0.797474885544633	0	0	1	0.1	0.0823551419535736	0.116618165024337	-0.159603043672875	0.301779900429115	0.461382944101989	0	0	1	0.2	0.299158008686189	0.274681785653863	-0.248451126630794	0.812034333958051	1.06048546058885	0	0	2	0.1	0.455778128267531	0.167300544933394	0.146752559589549	0.788770331919198	0.642017772329648	0	0	2	0.2	1.06274527633637	0.321140681983391	0.493193851878426	1.71888697075176	1.22569311887333	0	0	3	0.1	0.819335950386185	0.214222062498601	0.443327190738162	1.27544931949567	0.832122128757505	0	0	3	0.2	1.60588825711631	0.377673331776325	0.937012873653791	2.38334748083778	1.44633460718399
506	0	0	0	0.1	0.103319834549627	0.0770456533430723	-0.0383593122865562	0.258694253054638	0.297053565341194	0	0	0	0.2	0.160956128253324	0.187333704874159	-0.189275908402598	0.530247985928508	0.719523894331105	0	0	1	0.1	0.114027351538875	0.125136680830106	-0.130455950987644	0.365642834346733	0.496098785334377	0	0	1	0.2	0.467026646293343	0.30774198018799	-0.0950935078603352	1.12968836807455	1.22478187593488	0	0	2	0.1	0.59938630450683	0.199635746605665	0.251799089247986	1.04129112960413	0.789492040356148	0	0	2	0.2	1.44024824513137	0.401209517907149	0.746306616091612	2.34010928681608	1.59380267072447	0	0	3	0.1	1.0332273676525	0.272482157607418	0.594158734056551	1.64927509912406	1.05511636506751	0	0	3	0.2	2.05073248749868	0.473336416195881	1.26065338204914	3.14029730858295	1.87964392653382
504	0	0	0	0.1	0.130218247066642	0.0789454449120684	-0.0339964482024002	0.283867903954058	0.317864352156458	0	0	0	0.2	0.295945830651007	0.220878615015876	-0.131318616700625	0.738086395952313	0.869405012652937	0	0	1	0.1	0.189177515150417	0.123841774764698	-0.0438646215170904	0.455127962679141	0.498992584196232	0	0	1	0.2	0.555023678284509	0.292054061761854	0.0348729270928852	1.15148412129414	1.11661119420126	0	0	2	0.1	0.470288272416589	0.174285825482322	0.159547821285379	0.863693581867744	0.704145760582366	0	0	2	0.2	0.970484745922953	0.345722603457323	0.374029366274945	1.7336118603891	1.35958249411416	0	0	3	0.1	0.652083518803776	0.222556247162195	0.290411707494816	1.16101060631493	0.870598898820109	0	0	3	0.2	1.22927165090648	0.403271315868869	0.585648949163119	2.12226903144361	1.53662008228049
507	0	0	0	0.1	0.131057134003323	0.0465667839641763	0.039909803444854	0.223917878842095	0.184008075397241	0	0	0	0.2	0.226303585946489	0.111525941886051	0.0172520188528587	0.449900453977019	0.43264843512416	0	0	1	0.1	0.12404436026111	0.10136218705372	-0.071540840577911	0.323506740090348	0.395047580668259	0	0	1	0.2	0.339569267780698	0.289594531459411	-0.221707005155558	0.962603956951595	1.18431096210715	0	0	2	0.1	0.461022483002702	0.200080611170448	0.122740202120247	0.895173129105548	0.7724329269853	0	0	2	0.2	1.19162600118833	0.426597890066709	0.452491251950508	2.13660701677754	1.68411576482703	0	0	3	0.1	0.933416262774482	0.277889548830227	0.460342065358155	1.55145394834095	1.09111188298279	0	0	3	0.2	1.87613140149713	0.471399425098564	1.03456749168813	2.90416631989718	1.86959882820904
508	0	0	0	0.1	-0.0246663757205772	0.0789043470964259	-0.18367044625488	0.116531891781272	0.300202338036152	0	0	0	0.2	-0.106432064471289	0.182198680324979	-0.439167260680322	0.273556782556249	0.712724043236571	0	0	1	0.1	0.0760645449193457	0.13666090737164	-0.193125269302784	0.355423526942711	0.548548796245495	0	0	1	0.2	0.482746002986292	0.37832470702189	-0.18699411329479	1.3222608729778	1.50925498627259	0	0	2	0.1	0.696951012131047	0.23711107994264	0.33547875099037	1.24624446703887	0.910765716048498	0	0	2	0.2	1.61275473520632	0.429001111960853	0.921885706499514	2.53466576498187	1.61278005848236	0	0	3	0.1	1.13863613565688	0.290278528612137	0.685634269607642	1.78434813673972	1.09871386713208	0	0	3	0.2	2.14632318091681	0.469490018925347	1.363644457248	3.08711827369856	1.72347381645056
518	0	0	0	0.1	0.0499306132228676	0.0508599145632245	-0.0574247351947341	0.145638153127234	0.203062888321968	0	0	0	0.2	0.0933027635033301	0.116322861819224	-0.156211174896437	0.300687673036865	0.456898847933302	0	0	1	0.1	0.100602773292999	0.0842156598172992	-0.0718381058192965	0.263484627666823	0.33532273348612	0	0	1	0.2	0.353120273191227	0.241646037075467	-0.10140100876541	0.892551850787073	0.993952859552482	0	0	2	0.1	0.525389912077826	0.181106166189974	0.228399987650031	0.936473495984948	0.708073508334916	0	0	2	0.2	1.35398503706077	0.39636282656766	0.712741367266481	2.24579217086004	1.53305080359356	0	0	3	0.1	1.02012517591838	0.270639181496955	0.591607948027204	1.61782844808729	1.02622050006008	0	0	3	0.2	2.0138433860892	0.463226508797808	1.22989507921638	3.0170026503514	1.78710757113502
509	0	0	0	0.1	0.010633779216353	0.0801443487946119	-0.156865499702296	0.16122354671973	0.318089046422026	0	0	0	0.2	-0.0491952760166009	0.171520630670906	-0.392051487346199	0.27590443523901	0.667955922585209	0	0	1	0.1	0.0572624773628661	0.0981506594879487	-0.132874468171558	0.245650266514689	0.378524734686247	0	0	1	0.2	0.337612228683558	0.221008816572218	-0.0580534696166788	0.794686253041837	0.852739722658516	0	0	2	0.1	0.487677678217529	0.145791121313054	0.238224089273928	0.800522738209786	0.562298648935858	0	0	2	0.2	1.15274504105516	0.303543421757266	0.656665271360798	1.8412462341455	1.1845809627847	0	0	3	0.1	0.792951552793812	0.195977260474353	0.474221639555975	1.23525098819561	0.76102934863963	0	0	3	0.2	1.62015199445294	0.364588308470593	1.01481443512729	2.44431456744918	1.4295001323219
517	0	0	0	0.1	0.0525088035518855	0.0677879632863891	-0.0874151694832654	0.179707996997287	0.267123166480552	0	0	0	0.2	0.137963104054426	0.160421756968472	-0.185720246237041	0.442601391753394	0.628321637990435	0	0	1	0.1	0.146154428685967	0.0978785522407565	-0.0451380389538889	0.337316849726402	0.382454888680291	0	0	1	0.2	0.447033198179534	0.2385697261648	0.00221923650847562	0.934129582019565	0.931910345511089	0	0	2	0.1	0.423970182957997	0.148618089592342	0.172014441267495	0.759956662658124	0.58794222139063	0	0	2	0.2	0.947703187850716	0.313314954405809	0.431116038805432	1.6722726454953	1.24115660668987	0	0	3	0.1	0.63568529337596	0.202573447151899	0.295601867429118	1.11587000308873	0.820268135659616	0	0	3	0.2	1.24714512024888	0.384971542429713	0.613841932226893	2.18479729124035	1.57095535901345
511	0	0	0	0.1	0.152079874375259	0.0738210814298902	0.0131878342137021	0.302037319957066	0.288849485743363	0	0	0	0.2	0.2384655809315	0.159722367552524	-0.0887789416456682	0.553184890460236	0.641963832105904	0	0	1	0.1	0.087043023676744	0.0942794041061831	-0.116200655328915	0.257817116323459	0.374017771652374	0	0	1	0.2	0.25624537458694	0.199769292103799	-0.154236098232454	0.626360615991426	0.780596714223881	0	0	2	0.1	0.326051952991665	0.109871007444244	0.115639348453079	0.551457211703737	0.435817863250658	0	0	2	0.2	0.763169769923386	0.22409498154285	0.354805239345293	1.23333988687118	0.878534647525892	0	0	3	0.1	0.544348734868223	0.133266949638212	0.308508783819533	0.83486552878804	0.526356744968507	0	0	3	0.2	1.12671625103272	0.261584504042357	0.669660952547181	1.69872496306334	1.02906401051616
512	0	0	0	0.1	0.157920929621674	0.0699073873000806	0.0349403705522248	0.304224149690281	0.269283779138056	0	0	0	0.2	0.406532803856567	0.169519364777983	0.112344665210343	0.768675969627502	0.656331304417159	0	0	1	0.1	0.328677653438207	0.120165921960732	0.114623338322189	0.574899812090792	0.460276473768603	0	0	1	0.2	0.918702038742451	0.33368768400542	0.333884852602981	1.61463079916842	1.28074594656543	0	0	2	0.1	0.71505497220023	0.205913209818459	0.359673301779911	1.15157505072962	0.791901748949705	0	0	2	0.2	1.60126099832763	0.41189880291986	0.869579275661322	2.42744078002568	1.55786150436436	0	0	3	0.1	1.04166000796853	0.263696831377973	0.590579313589501	1.58553606064638	0.994956747056876	0	0	3	0.2	2.07707184607571	0.472485689348597	1.2523218176146	3.04170334105237	1.78938152343777
519	0	0	0	0.1	0.047807396812192	0.0652925806920622	-0.0866915094357132	0.164930020201372	0.251621529637085	0	0	0	0.2	0.0215641710327717	0.150158528658309	-0.269420225280481	0.295876944429957	0.565297169710438	0	0	1	0.1	-0.0679112681715869	0.129871626669796	-0.354450368651016	0.164190463778124	0.51864083242914	0	0	1	0.2	0.00569091664540485	0.311960003632737	-0.621273048071555	0.601730911592066	1.22300395966362	0	0	2	0.1	0.35868437620029	0.204674533321104	-0.0193910530636709	0.801616268137408	0.821007321201078	0	0	2	0.2	1.2216089683814	0.470136561612795	0.35355655680642	2.17338376710342	1.819827210297	0	0	3	0.1	0.990086137247108	0.308545863101972	0.454498245805655	1.65100950168686	1.1965112558812	0	0	3	0.2	2.18709876014752	0.548693585748384	1.19243824783826	3.29964520918444	2.10720696134618
513	0	0	0	0.1	0.106952852275764	0.0716389972925581	-0.0230962999533693	0.260635875044469	0.283732174997838	0	0	0	0.2	0.342563272586438	0.249293606033725	-0.112235181528011	0.886339931725738	0.998575113253749	0	0	1	0.1	0.425821858627046	0.180743207229277	0.118614367772809	0.800826868066592	0.682212500293783	0	0	1	0.2	1.24071609809368	0.398194057407293	0.532407387846023	2.13549171080485	1.60308432295883	0	0	2	0.1	0.909484342567652	0.235473661807659	0.499618299741549	1.40954132246493	0.909923022723386	0	0	2	0.2	1.77339069760203	0.395843735707857	1.05517659480338	2.59032714689626	1.53515055209288	0	0	3	0.1	1.17731881261749	0.264402150452093	0.723432690921488	1.74340769533608	1.01997500441459	0	0	3	0.2	2.07295112089893	0.416965226387154	1.33192931730031	2.98550566047241	1.6535763431721
510	0	0	0	0.1	0.0376977653717258	0.0627571012323457	-0.089867087730113	0.159882436534386	0.249749524264499	0	0	0	0.2	0.0378068801870034	0.133955132407535	-0.222824004162965	0.288583022586611	0.511407026749577	0	0	1	0.1	0.0858766479946633	0.0853132676566453	-0.0745206297998452	0.263204748335322	0.337725378135167	0	0	1	0.2	0.297992166964817	0.216015849751791	-0.100491645153822	0.757529640284606	0.858021285438429	0	0	2	0.1	0.435300578790984	0.152324633649742	0.16715511264277	0.74772265172496	0.580567539082189	0	0	2	0.2	1.10304660990674	0.347627159999873	0.47355505774089	1.87939716131731	1.40584210357642	0	0	3	0.1	0.806229015440036	0.228429992269298	0.42223097563957	1.2791533834019	0.85692240776233	0	0	3	0.2	1.72421460094456	0.444122345006062	0.960867929540077	2.688264670709	1.72739674116892
520	0	0	0	0.1	0.207592657513048	0.0789956429825551	0.0705887500175219	0.374653767018604	0.304065017001082	0	0	0	0.2	0.398747545237111	0.152418400605666	0.12952264082415	0.7149567135041	0.58543407267995	0	0	1	0.1	0.207248971105099	0.0980979956871462	0.0104513744874013	0.401365341753226	0.390913967265825	0	0	1	0.2	0.525718752599349	0.261388945079442	0.037692956020844	1.0649615845947	1.02726862857385	0	0	2	0.1	0.473496521269454	0.169550065656243	0.185826139874035	0.844516018598517	0.658689878724482	0	0	2	0.2	1.14044037191828	0.365076597964537	0.519681002318819	1.95980319255819	1.44012219023937	0	0	3	0.1	0.800459217491498	0.228672204717882	0.433835284692749	1.32556082056328	0.891725535870528	0	0	3	0.2	1.61314691483467	0.412036614114539	0.911748250211299	2.56510262822337	1.65335437801207
523	0	0	0	0.1	0.141729546917826	0.0749262017551693	-0.00186287421100281	0.291146275234582	0.293009149445585	0	0	0	0.2	0.340642827259568	0.162672717803286	0.0278566990722614	0.67206021421483	0.644203515142568	0	0	1	0.1	0.27486764622048	0.0866917921043482	0.114415529526868	0.449267766435456	0.334852236908588	0	0	1	0.2	0.692335680564562	0.210501780952626	0.311130775221324	1.11318370257342	0.802052927352097	0	0	2	0.1	0.588869212303167	0.151319761062335	0.327294019090579	0.911968990244705	0.584674971154126	0	0	2	0.2	1.30049985336394	0.319397434923335	0.726946526927147	1.97542409328287	1.24847756635573	0	0	3	0.1	0.924248857808244	0.229790090275637	0.530638120520309	1.4114260197276	0.880787899207296	0	0	3	0.2	1.88170267019768	0.422603255787752	1.13011113546487	2.74378402989404	1.61367289442917
515	0	0	0	0.1	0.0735801997340659	0.0855793530546263	-0.0936479241204123	0.238225393303242	0.331873317423655	0	0	0	0.2	0.135973553028606	0.202586622413924	-0.258747355221688	0.552606791490558	0.811354146712246	0	0	1	0.1	0.148633585755764	0.111274510194964	-0.0630797344663333	0.377709533642852	0.440789268109185	0	0	1	0.2	0.507042621386298	0.277027064800144	0.0144355821778406	1.09118250940809	1.07674692723025	0	0	2	0.1	0.571224375050201	0.17405265149548	0.286059510553832	0.935816780549589	0.649757269995757	0	0	2	0.2	1.31097251885632	0.343898751469491	0.686902565349217	2.00936529987247	1.32246273452325	0	0	3	0.1	0.938840335205017	0.232654595170166	0.528574214238938	1.43484247057712	0.906268256338185	0	0	3	0.2	1.87130107307803	0.415583024177736	1.1306395674218	2.73744801619718	1.60680844877538
530	0	0	0	0.1	0.0471826212993735	0.0571184067794115	-0.0634348947706175	0.160132448567206	0.223567343337824	0	0	0	0.2	0.0876232278240277	0.125040467620011	-0.161711962116395	0.340599087647315	0.502311049763711	0	0	1	0.1	0.176004414516563	0.082274517263717	0.0159148023357925	0.346711194506836	0.330796392171044	0	0	1	0.2	0.615009690863618	0.243910188678748	0.196365336811149	1.16271206414367	0.966346727332518	0	0	2	0.1	0.783553208755202	0.211278327150751	0.428824623459081	1.23542777493124	0.806603151472157	0	0	2	0.2	1.78410158644664	0.410522565128547	1.06705724288158	2.58802636757454	1.52096912469296	0	0	3	0.1	1.3318135472971	0.313308799514297	0.785800731522689	1.99268044067129	1.2068797091486	0	0	3	0.2	2.53200993983447	0.48856549772163	1.65652826095217	3.51292846033341	1.85640019938124
522	0	0	0	0.1	0.105901583859468	0.0920573977467777	-0.0853594950134648	0.28714675530863	0.372506250322095	0	0	0	0.2	0.344422833080882	0.216618418030299	-0.0635157725140916	0.800886612093525	0.864402384607616	0	0	1	0.1	0.375211514025172	0.167470549336447	0.0494867785892937	0.729169767095757	0.679682988506463	0	0	1	0.2	0.986859221907761	0.386828123032241	0.255235624853737	1.73501815062412	1.47978252577038	0	0	2	0.1	0.801419060799833	0.238006962934756	0.354710390323516	1.31758333987866	0.962872949555147	0	0	2	0.2	1.60940152887573	0.401984209357867	0.863113131056809	2.45383172922802	1.59071859817122	0	0	3	0.1	1.11135230074467	0.273914053746458	0.629583257270602	1.7298247614082	1.10024150413759	0	0	3	0.2	2.0409160038142	0.43955482852221	1.27876587207991	3.00216375689606	1.72339788481616
527	0	0	0	0.1	0.269516445580549	0.0999799557889989	0.0855030220581704	0.483409718522107	0.397906696463936	0	0	0	0.2	0.575463220949387	0.219881869342729	0.183328759271963	1.0307946974407	0.847465938168733	0	0	1	0.1	0.228128684768532	0.115291766417737	-0.00268766609463427	0.460398891162823	0.463086557257457	0	0	1	0.2	0.604929120049583	0.275453562220651	0.105009777084232	1.19530638483472	1.09029660775049	0	0	2	0.1	0.535109373753649	0.169977591606129	0.240163490985957	0.910438551866883	0.670275060880925	0	0	2	0.2	1.22394566008301	0.344189173207244	0.628248535629254	1.93416284744779	1.30591431181854	0	0	3	0.1	0.861605438964632	0.222570977136942	0.469003340572844	1.33973179757315	0.870728457000302	0	0	3	0.2	1.72548293472909	0.402637109704944	0.994537682549528	2.56855732020245	1.57401963765292
516	0	0	0	0.1	-0.0369258225256932	0.0685823275105883	-0.164739761287462	0.094247773830346	0.258987535117808	0	0	0	0.2	-0.0336007286148064	0.148532849662974	-0.313304806024671	0.252983966789121	0.566288772813792	0	0	1	0.1	0.142236642308911	0.113763191048197	-0.0751273203535676	0.380844356761859	0.455971677115426	0	0	1	0.2	0.492722803458436	0.310578397670455	-0.074742352782777	1.18008945119273	1.25483180397551	0	0	2	0.1	0.513033957132678	0.201085396404359	0.160529244817622	0.935397891982885	0.774868647165263	0	0	2	0.2	1.16758682875287	0.387302328123255	0.454293000504353	1.97733300292137	1.52304000241701	0	0	3	0.1	0.792387230220131	0.24288326714564	0.354448103397308	1.31303643554339	0.958588332146081	0	0	3	0.2	1.54972909016591	0.421098019725785	0.762808196763302	2.41815548903607	1.65534729227277
534	0	0	0	0.1	0.11178116172912	0.0920264152314392	-0.0615797326577364	0.305082107927193	0.366661840584929	0	0	0	0.2	0.200822935230865	0.205171760595179	-0.18053562111518	0.646473646044247	0.827009267159427	0	0	1	0.1	0.119581582617253	0.113903897634244	-0.0897473819086669	0.351317229549115	0.441064611457782	0	0	1	0.2	0.342171590867667	0.262020429262335	-0.127076383444419	0.887190471243122	1.01426685468754	0	0	2	0.1	0.345214460444837	0.154690812533167	0.0648716539625299	0.682513278434058	0.617641624471528	0	0	2	0.2	0.762014822933145	0.308889537490832	0.196409007858055	1.40441603252151	1.20800702466345	0	0	3	0.1	0.515495361540301	0.179908704266385	0.202312963246892	0.913079834359204	0.710766871112312	0	0	3	0.2	1.04151933651058	0.341167551581836	0.453546219365028	1.76196330259883	1.3084170832338
525	0	0	0	0.1	0.0639534859363628	0.0801828418506098	-0.102619671848679	0.223182829753613	0.325802501602292	0	0	0	0.2	0.161284925130272	0.152896198186202	-0.118535298212631	0.466842005082045	0.585377303294675	0	0	1	0.1	0.216745598054392	0.0749820800020509	0.0712734853009252	0.370264920900884	0.298991435599959	0	0	1	0.2	0.547501101552926	0.161444741928141	0.242270380905753	0.871411525918442	0.629141145012689	0	0	2	0.1	0.535017669445093	0.112721473581587	0.334723675093653	0.7864832403977	0.451759565304046	0	0	2	0.2	1.14724694598951	0.230239551756653	0.731249702518412	1.65798687616847	0.926737173650056	0	0	3	0.1	0.822982225675551	0.169009666338295	0.523671717686651	1.20574898380499	0.682077266118338	0	0	3	0.2	1.64600654896161	0.31462954817928	1.09382047256411	2.31126803541251	1.21744756284841
543	0	0	0	0.1	0.0307577520022297	0.0609314277993061	-0.0872555472715878	0.157341574168198	0.244597121439786	0	0	0	0.2	0.0324333615526558	0.150615125784378	-0.270709544070061	0.331113063610072	0.601822607680133	0	0	1	0.1	0.0242900524493862	0.142400616654833	-0.262113118809445	0.319126953041399	0.581240071850844	0	0	1	0.2	0.423558116956435	0.494543359085467	-0.431546968154111	1.57014644290531	2.00169341105942	0	0	2	0.1	0.76225000155486	0.37069318167773	0.151280673162323	1.60466825942071	1.45338758625838	0	0	2	0.2	1.95168957907952	0.597778335420655	0.84537919447168	3.15280311694611	2.30742392247443	0	0	3	0.1	1.55584284057631	0.431722063941766	0.80430254811579	2.48360613798957	1.67930358987378	0	0	3	0.2	2.75293127055164	0.575593793831231	1.68663110709001	3.92826301894657	2.24163191185656
533	0	0	0	0.1	0.0417618457197227	0.0828433073455158	-0.116968176914774	0.199667619215495	0.316635796130269	0	0	0	0.2	0.243309999175709	0.214018729369408	-0.137115458771909	0.675395581088998	0.812511039860906	0	0	1	0.1	0.386788935817581	0.138089370395183	0.15320566240179	0.705542746362857	0.552337083961067	0	0	1	0.2	1.13852881440659	0.364661301569118	0.533084094131625	1.9571459309295	1.42406183679788	0	0	2	0.1	0.830200352176545	0.224210015705699	0.442582849304068	1.33625288917692	0.893670039872853	0	0	2	0.2	1.75681510800387	0.422348991272339	0.98936679653069	2.69895815960929	1.7095913630786	0	0	3	0.1	1.06602048185653	0.268403011629712	0.599002557120327	1.67206041962016	1.07305786249983	0	0	3	0.2	2.04028347425289	0.467393382966941	1.20682428061027	3.08764038902592	1.88081610841565
528	0	0	0	0.1	0.073878711161588	0.0629057043359489	-0.0490595488977577	0.192931934936974	0.241991483834732	0	0	0	0.2	0.191112423496714	0.146282088027364	-0.103751741385044	0.483554473858789	0.587306215243833	0	0	1	0.1	0.236519340941676	0.101247911293277	0.0475111146488391	0.430103619305152	0.382592504656313	0	0	1	0.2	0.658147657486431	0.275433914413628	0.166377847762272	1.20822171580668	1.0418438680444	0	0	2	0.1	0.54190730888151	0.178302805238712	0.225261659261081	0.893171275907529	0.667909616646448	0	0	2	0.2	1.25869512481378	0.399792962333171	0.529633015108456	2.04070626927479	1.51107325416633	0	0	3	0.1	0.821424789525418	0.25474340194781	0.364092156964719	1.36703514525394	1.00294298828922	0	0	3	0.2	1.67575319831688	0.489399604295494	0.762345667764792	2.68436692662293	1.92202125885814
514	0	0	0	0.1	0.209854355699348	0.0672865882190237	0.0927160000202155	0.352543444694006	0.259827444673791	0	0	0	0.2	0.425000176949251	0.161685680517573	0.128193938091425	0.740478521571622	0.612284583480198	0	0	1	0.1	0.103452968771912	0.142795491894071	-0.199730042787573	0.367896578290482	0.567626621078055	0	0	1	0.2	0.288224638362404	0.385716618616106	-0.413580668874538	1.07948661102791	1.49306727990245	0	0	2	0.1	0.420923591007902	0.226233445315097	0.0509213672487328	0.931422350627126	0.880500983378393	0	0	2	0.2	1.01230247991153	0.415731665428755	0.316925147213791	1.92585947828891	1.60893433107512	0	0	3	0.1	0.784430274733847	0.25698545285102	0.351891342623103	1.36008022369538	1.00818888107228	0	0	3	0.2	1.47615164979715	0.422166855688798	0.75378724074593	2.38800401669488	1.63421677594895
531	0	0	0	0.1	0.16197740039402	0.0649375578509617	0.0429928355771888	0.291536637721339	0.24854380214415	0	0	0	0.2	0.278330390493173	0.122469803044335	0.0490976484614463	0.532781871806244	0.483684223344798	0	0	1	0.1	0.165289512272455	0.0756297833358592	0.0141569338560407	0.326361606245692	0.312204672389651	0	0	1	0.2	0.392069874633109	0.189907725349427	0.0422538233709664	0.796855158094122	0.754601334723155	0	0	2	0.1	0.404305283842464	0.145833633032635	0.146251304376666	0.73763697835672	0.591385673980055	0	0	2	0.2	0.966105579018307	0.342154290249113	0.376032043432127	1.73383732866165	1.35780528522952	0	0	3	0.1	0.734463593635642	0.239771787286473	0.320264385716608	1.2659789707407	0.945714585024093	0	0	3	0.2	1.62936722228611	0.491071955600461	0.754459820235573	2.71645202452139	1.96199220428582
524	0	0	0	0.1	0.084887377813127	0.0761992040429223	-0.0613299057685216	0.244834600412241	0.306164506180763	0	0	0	0.2	0.195515401558522	0.161722128210507	-0.101364799237932	0.532558573092737	0.633923372330669	0	0	1	0.1	0.188020411938169	0.0845268991180016	0.042059378516835	0.362203994693534	0.320144616176699	0	0	1	0.2	0.520822699798101	0.198657225770155	0.177560021002792	0.946597788640697	0.769037767637905	0	0	2	0.1	0.486629525496037	0.125268414332514	0.268767461698459	0.761798098024745	0.493030636326286	0	0	2	0.2	1.09112307243952	0.264009498981303	0.633661482567593	1.64898299859114	1.01532151602354	0	0	3	0.1	0.737232071350231	0.168175061265901	0.447965842929831	1.09166640054987	0.64370055762004	0	0	3	0.2	1.51953257653461	0.335437378787426	0.940294656171748	2.21919424288677	1.27889958671502
529	0	0	0	0.1	-0.00353145351851844	0.0849180008249058	-0.17801040077918	0.152039631168266	0.330050031947446	0	0	0	0.2	0.0157542642201483	0.162577200047437	-0.318158897056872	0.320317648374468	0.63847654543134	0	0	1	0.1	0.109173883291904	0.0839102169262974	-0.0537867636951236	0.275040278359653	0.328827042054776	0	0	1	0.2	0.314377783087953	0.185990071310818	-0.0335237487161406	0.694143331565626	0.727667080281767	0	0	2	0.1	0.357980468831558	0.110559169018014	0.160784476418282	0.585451181681331	0.424666705263049	0	0	2	0.2	0.814383585577395	0.231790740037585	0.401508710037392	1.30916699476229	0.907658284724897	0	0	3	0.1	0.57196525854362	0.145731209357687	0.308979312837051	0.876459853038645	0.567480540201595	0	0	3	0.2	1.15532172538251	0.281140726355758	0.657423816907845	1.75622870746257	1.09880489055472
532	0	0	0	0.1	0.226499517810677	0.0982618644101344	0.0633378584574516	0.439253566572457	0.375915708115006	0	0	0	0.2	0.541560735833252	0.259107112983221	0.110820843328312	1.1075681529324	0.996747309604083	0	0	1	0.1	0.333254001263026	0.153955688210477	0.0661592457856577	0.649299805470217	0.583140559684559	0	0	1	0.2	0.862277862006519	0.361990544559234	0.234666123152253	1.64899475253196	1.41432862937971	0	0	2	0.1	0.718558136931198	0.235446221135447	0.303267250328768	1.19388139483808	0.89061414450931	0	0	2	0.2	1.40745938253779	0.399241593323631	0.692496619353922	2.18874536149685	1.49624874214292	0	0	3	0.1	1.00192987711664	0.267273833032439	0.542831955734075	1.55953085689896	1.01669890116488	0	0	3	0.2	1.79222755001633	0.420806741296714	1.04023949553993	2.62838236021551	1.58814286467558
521	0	0	0	0.1	-0.111330646653354	0.0839577923074145	-0.280429150827337	0.0425339157189356	0.322963066546272	0	0	0	0.2	-0.186469155359306	0.163901974119701	-0.506658676449034	0.138376882568557	0.645035559017591	0	0	1	0.1	0.171663675747129	0.104754254435741	-0.0181968348899417	0.385962243467556	0.404159078357498	0	0	1	0.2	0.528494688685931	0.266906562518977	0.0707447242225395	1.08702257259244	1.0162778483699	0	0	2	0.1	0.614437482771886	0.186463674054588	0.300957653058264	1.04265997859684	0.741702325538574	0	0	2	0.2	1.4273212644547	0.402533236949392	0.745690352053313	2.31880884437752	1.57311849232421	0	0	3	0.1	1.00909832842754	0.265671385419305	0.565767224154578	1.6188127449872	1.05304552083262	0	0	3	0.2	2.0069954431768	0.485146445565522	1.13957198829753	3.09480434291154	1.95523235461401
542	0	0	0	0.1	-0.0561873427586284	0.0574304500863268	-0.172288693864216	0.0511749406166259	0.223463634480842	0	0	0	0.2	-0.131361209718973	0.136091656106984	-0.431366523350646	0.105910241868262	0.537276765218909	0	0	1	0.1	0.108933643623054	0.120514095531221	-0.11421234165517	0.344195092333464	0.458407433988633	0	0	1	0.2	0.70615313034988	0.455006504401638	-0.0173764428424878	1.72775164090992	1.74512808375241	0	0	2	0.1	0.987299986391714	0.354743897772598	0.369555752601813	1.74933171616106	1.37977596355925	0	0	2	0.2	2.15605657558911	0.583309330172124	1.00117929622505	3.30243545293649	2.30125615671144	0	0	3	0.1	1.53788837127911	0.417554949865221	0.747440218326074	2.38394460748953	1.63650438916345	0	0	3	0.2	2.68319791359727	0.605445655945411	1.4859292316088	3.88771759013868	2.40178835852989
541	0	0	0	0.1	-0.0366615810758894	0.0768265134658327	-0.210578981079966	0.100829686147468	0.311408667227434	0	0	0	0.2	-0.108346839044605	0.169755297201837	-0.464839356017878	0.191515572952735	0.656354928970613	0	0	1	0.1	0.0461958515303697	0.104060125983025	-0.166568628443858	0.241081539779833	0.407650168223691	0	0	1	0.2	0.304145797403218	0.265823082431695	-0.206633145088477	0.835747154766884	1.04238029985536	0	0	2	0.1	0.520315825619314	0.189091156109001	0.176841142529828	0.917638843227247	0.740797700697419	0	0	2	0.2	1.35022660719775	0.419000160732716	0.559864686207343	2.2237617822577	1.66389709605036	0	0	3	0.1	1.02046456896578	0.290238765855705	0.499562390591365	1.64368412595695	1.14412173536558	0	0	3	0.2	2.16929863325149	0.530208192394362	1.16720528503669	3.2475997913555	2.08039450631881
526	0	0	0	0.1	0.0318851535540295	0.0608981355076378	-0.0974700156668791	0.147942652636516	0.245412668303395	0	0	0	0.2	0.0473121019831189	0.140298047021188	-0.235895884177585	0.319603396860078	0.555499281037663	0	0	1	0.1	0.137653529948886	0.0923031141217776	-0.0449803221694384	0.321954524328091	0.366934846497529	0	0	1	0.2	0.431859569061221	0.230606144304126	0.0144308048305309	0.898990814411603	0.884560009581072	0	0	2	0.1	0.51205806187052	0.163361314582141	0.228431274405857	0.853768288492036	0.625337014086179	0	0	2	0.2	1.14503366802187	0.343928765222206	0.554026375562204	1.93709896922358	1.38307259366137	0	0	3	0.1	0.857891940846653	0.248560840184284	0.444197117791596	1.41841683106067	0.974219713269069	0	0	3	0.2	1.70580246515352	0.456869743007694	0.934258690832442	2.79960821546238	1.86534952462994
535	0	0	0	0.1	0.12168008275076	0.0530368373388769	0.0151489036437969	0.228366282194681	0.213217378550884	0	0	0	0.2	0.250456143782077	0.121963268745408	0.0173571395710815	0.502803403204201	0.485446263633119	0	0	1	0.1	0.203160282792616	0.0776402294552296	0.04806044739683	0.352468348557596	0.304407901160766	0	0	1	0.2	0.600940374115752	0.20685773186977	0.212924284987513	1.05174124635212	0.83881696136461	0	0	2	0.1	0.599606075236097	0.152696386106528	0.349132503860494	0.958833241661877	0.609700737801383	0	0	2	0.2	1.45462322982451	0.369700994433852	0.850834723436948	2.29518860242173	1.44435387898478	0	0	3	0.1	0.966549991509725	0.254958731341887	0.574072406192414	1.57496473221272	1.00089232602031	0	0	3	0.2	2.01484140876765	0.493822869870634	1.20553248395703	3.13505164697339	1.92951916301636
537	0	0	0	0.1	0.174724980130929	0.0601616316292242	0.064820649627428	0.293289116758001	0.228468467130573	0	0	0	0.2	0.378144178897294	0.145653460718872	0.111551982345216	0.686631237011242	0.575079254666026	0	0	1	0.1	0.307831989141952	0.0966513477262617	0.136009272697302	0.51221424063276	0.376204967935457	0	0	1	0.2	0.814497982253866	0.265627710767926	0.355951216855837	1.3274563949611	0.97150517810526	0	0	2	0.1	0.756175717723805	0.199524935295089	0.428573661428173	1.17846459876914	0.749890937340965	0	0	2	0.2	1.66240023189073	0.402091936199898	0.981258232124912	2.5047564244789	1.52349819235399	0	0	3	0.1	1.21668679602783	0.302482154731106	0.714433519473293	1.87159353639589	1.1571600169226	0	0	3	0.2	2.33512410863643	0.511213812636459	1.42625292182765	3.46790862785346	2.0416557060258
546	0	0	0	0.1	0.107822313030967	0.075403124677384	-0.0440773243425868	0.249112335735796	0.293189660078382	0	0	0	0.2	0.173526487279265	0.186611526718481	-0.192320560814771	0.523839281224498	0.716159842039268	0	0	1	0.1	0.0951165939188679	0.115089104404058	-0.148977419283705	0.304361207404348	0.453338626688053	0	0	1	0.2	0.355806047536992	0.290737015855498	-0.224206016025936	0.90334301766416	1.1275490336901	0	0	2	0.1	0.488665482724345	0.18426548206532	0.166966077688052	0.888386473500013	0.72142039581196	0	0	2	0.2	1.26480753420926	0.403867344504918	0.553234187552053	2.08202123033905	1.528787042787	0	0	3	0.1	0.959627597406382	0.273767786931082	0.50784833714835	1.55761012978872	1.04976179264037	0	0	3	0.2	1.98893365573806	0.494880532740105	1.13916889103605	3.01466981748139	1.87550092644535
538	0	0	0	0.1	0.12670910279371	0.0687916439636739	-0.00479996911414303	0.265403376263336	0.270203345377479	0	0	0	0.2	0.277994958797696	0.16700745477084	-0.0267049369686134	0.62882766414379	0.655532601112404	0	0	1	0.1	0.240584820966373	0.130312691034437	-0.00357258097731291	0.506353804867564	0.509926385844877	0	0	1	0.2	0.707325220938597	0.350198265982818	0.0472795512975254	1.46749185820178	1.42021230690426	0	0	2	0.1	0.639636501998295	0.232876922669161	0.195615163607005	1.11027684108336	0.914661677476357	0	0	2	0.2	1.38423618077922	0.443354653527699	0.517651018274012	2.29191311769018	1.77426209941617	0	0	3	0.1	0.952366800079675	0.292080083235477	0.433103815498036	1.54993513107105	1.11683131557302	0	0	3	0.2	1.820270280955	0.493968971883929	0.91983543140377	2.80091081225939	1.88107538085562
544	0	0	0	0.1	0.129626091400264	0.0740036576580205	-0.00751680812173564	0.288272435371712	0.295789243493448	0	0	0	0.2	0.317124129179656	0.194742010256695	-0.0327137065261647	0.754972600453898	0.787686306980063	0	0	1	0.1	0.274554233494446	0.146917761130984	-0.00719559360455283	0.572507235200819	0.579702828805372	0	0	1	0.2	0.807018800990517	0.394050022471909	0.0881090975283228	1.71511699568868	1.62700789816036	0	0	2	0.1	0.659246818263155	0.246295862293555	0.237498997815069	1.20307147414499	0.965572476329916	0	0	2	0.2	1.50467475824068	0.496468160584947	0.589017109774224	2.61293890315295	2.02392179337873	0	0	3	0.1	1.01896383762715	0.323236059487788	0.455045145215824	1.70926030729963	1.25421516208381	0	0	3	0.2	1.98714470516753	0.58446025735462	0.933513764172473	3.19331423077456	2.25980046660208
545	0	0	0	0.1	0.151105672115697	0.0633273105903765	0.0256502673703064	0.282164075911674	0.256513808541368	0	0	0	0.2	0.353950834418626	0.14695820108952	0.0905942711798139	0.66952419766351	0.578929926483696	0	0	1	0.1	0.326066377426172	0.100606506969702	0.143904857955092	0.530936587603411	0.387031729648319	0	0	1	0.2	0.896708500435138	0.284728734435919	0.386690200786719	1.49630613953068	1.10961593874396	0	0	2	0.1	0.714707731905349	0.186309661369189	0.389779920851057	1.1019922136276	0.712212292776547	0	0	2	0.2	1.6009581241428	0.384862821796511	0.901998910718825	2.39077462094331	1.48877571022448	0	0	3	0.1	1.07044219457286	0.258488346964998	0.618464904094641	1.61460439663855	0.99613949254391	0	0	3	0.2	2.09005781299688	0.457045780299391	1.25770613890989	3.05240311022768	1.79469697131779
547	0	0	0	0.1	-0.0433500045727991	0.0837191697933429	-0.197909526226232	0.124817511164216	0.322727037390448	0	0	0	0.2	0.010801341834387	0.152759312868727	-0.274776037293759	0.327147592320006	0.601923629613765	0	0	1	0.1	0.170365307965503	0.0908330686062113	-0.0126074442459776	0.350462995694419	0.363070439940397	0	0	1	0.2	0.436778000246561	0.213274918215504	0.0499503131581882	0.879014560290846	0.829064247132658	0	0	2	0.1	0.373650134187217	0.131062213996718	0.136788262021031	0.650999257185613	0.514210995164582	0	0	2	0.2	0.817185158149183	0.274859544053553	0.327624978601815	1.39841786038262	1.07079288178081	0	0	3	0.1	0.526232790903919	0.158594908183864	0.246918166159422	0.872087627060577	0.625169460901155	0	0	3	0.2	1.07718376032031	0.314839955911737	0.516692693617583	1.75639779420238	1.2397051005848
539	0	0	0	0.1	0.153683465378894	0.0648294191615175	0.0381428189595519	0.286429545208531	0.24828672624898	0	0	0	0.2	0.232065828255718	0.152171709102075	-0.0508394133074338	0.543866582193411	0.594705995500845	0	0	1	0.1	0.075487639444047	0.114582502945397	-0.167255591253705	0.289045729201909	0.456301320455614	0	0	1	0.2	0.265737082439283	0.293996437391882	-0.31081493521718	0.838437543928039	1.14925247914522	0	0	2	0.1	0.506664514743765	0.19546988033236	0.166865866048656	0.929334867924719	0.762469001876063	0	0	2	0.2	1.29204314379381	0.393603470204806	0.585060808428473	2.10708443026411	1.52202362183564	0	0	3	0.1	0.990598466622775	0.266538714076181	0.5654113555798	1.60081823016272	1.03540687458292	0	0	3	0.2	1.96813132439642	0.4395454687817	1.22264845155635	2.88513268463219	1.66248423307584
551	0	0	0	0.1	0.146931454239659	0.0815993087138514	-0.00547561030018177	0.320559492850212	0.326035103150394	0	0	0	0.2	0.424319304280077	0.263052215536465	-0.0279486466525233	1.00582748043145	1.03377612708397	0	0	1	0.1	0.40204741373693	0.188152141488096	0.0876515133392076	0.816793206958934	0.729141693619726	0	0	1	0.2	1.46004029773801	0.554592809220992	0.486407858859975	2.61340318261074	2.12699532375077	0	0	2	0.1	1.21168345138535	0.351981095437028	0.594489175729256	1.97342213778001	1.37893296205076	0	0	2	0.2	2.5309821010934	0.536498750286999	1.5327961693224	3.61868243680147	2.08588626747907	0	0	3	0.1	1.81768269726468	0.401618462880224	1.11242081988884	2.65134314062242	1.53892232073358	0	0	3	0.2	3.16487699297532	0.546813044001005	2.15540944796909	4.2952901903751	2.13988074240601
536	0	0	0	0.1	0.236300306395443	0.0910596245495545	0.0743712572397302	0.432000172704987	0.357628915465257	0	0	0	0.2	0.436387182594958	0.179039784838612	0.109938204248494	0.826199244588224	0.71626104033973	0	0	1	0.1	0.211933380301903	0.104130059562945	0.0185319835734278	0.426688821703694	0.408156838130266	0	0	1	0.2	0.488014910772726	0.236084780912899	0.0375453328907546	0.980718715003906	0.943173382113151	0	0	2	0.1	0.420059778404195	0.143265531856516	0.147987144286407	0.727444531968516	0.57945738768211	0	0	2	0.2	0.947456684669383	0.290369585001091	0.401141214692009	1.55232923182694	1.15118801713493	0	0	3	0.1	0.664995864240002	0.180295683625837	0.33895711549771	1.06583238438187	0.726875268884163	0	0	3	0.2	1.37971141066183	0.343101611177989	0.716783167523861	2.12730883690194	1.41052566937808
553	0	0	0	0.1	0.112997752494967	0.0532253264051641	0.0114148835637708	0.222708286733513	0.211293403169742	0	0	0	0.2	0.221817974764483	0.130710764603155	-0.0268978536934996	0.503441316613065	0.530339170306564	0	0	1	0.1	0.132077411633485	0.0958461983036595	-0.0439937605242224	0.331981146280953	0.375974906805175	0	0	1	0.2	0.351343560696069	0.260713431936143	-0.112200119564789	0.949682845296119	1.06188296486091	0	0	2	0.1	0.317064375893648	0.15117686198139	0.0579641642981392	0.642949030452102	0.584984866153963	0	0	2	0.2	0.759236900714749	0.320563952215159	0.201906415938378	1.45194387311078	1.2500374571724	0	0	3	0.1	0.510532814902132	0.187163765698129	0.191342053043032	0.91264643179139	0.721304378748359	0	0	3	0.2	1.03026939423253	0.356253584033419	0.407268650361167	1.81000757259249	1.40273892223132
550	0	0	0	0.1	0.0661062878197561	0.0747103223646716	-0.0835827426677743	0.211905693402709	0.295488436070483	0	0	0	0.2	0.110807633047338	0.166330466748752	-0.228461081175975	0.451566000259332	0.680027081435307	0	0	1	0.1	0.14031801804099	0.10304677551818	-0.0682041007563548	0.345304570806863	0.413508671563218	0	0	1	0.2	0.422187510065223	0.24932301943663	-0.0398127247699617	0.957814535392787	0.997627260162749	0	0	2	0.1	0.492718182332479	0.165696450561634	0.194207883303334	0.856826277413899	0.662618394110565	0	0	2	0.2	1.1417426513556	0.349861504138808	0.516128517267006	1.85429296510084	1.33816444783384	0	0	3	0.1	0.845220568916217	0.233315336730928	0.436358123369161	1.32753721885321	0.891179095484049	0	0	3	0.2	1.71356824739171	0.426670667139107	0.909495887914306	2.57914292232353	1.66964703440922
540	0	0	0	0.1	-0.0138353378271339	0.0725986135255508	-0.165961249220426	0.117562893159083	0.283524142379509	0	0	0	0.2	-0.0477117134200608	0.147736322376421	-0.355942047961673	0.221574287059875	0.577516335021548	0	0	1	0.1	0.0526675994172008	0.0807656241140045	-0.108330472256004	0.209058326412625	0.317388798668629	0	0	1	0.2	0.212459884607311	0.176719967415463	-0.129914127531694	0.561154647716609	0.691068775248303	0	0	2	0.1	0.339319378615774	0.110627167921476	0.13839835803501	0.578192616504079	0.439794258469068	0	0	2	0.2	0.8058294914619	0.240846337241342	0.376670546977755	1.32624458112955	0.94957403415179	0	0	3	0.1	0.596655321169197	0.156732411661645	0.318805958154412	0.944759466031435	0.625953507877022	0	0	3	0.2	1.24172896386664	0.31034686292053	0.696006323019862	1.90220781036539	1.20620148734552
562	0	0	0	0.1	0.138142932277673	0.0474958871057369	0.0498539147084285	0.243141081183927	0.193287166475498	0	0	0	0.2	0.318028937092487	0.155154335523016	0.00967530117186949	0.647703268191383	0.638027967019513	0	0	1	0.1	0.232689178800346	0.129719246917265	-0.015393829576347	0.476937036185057	0.492330865761404	0	0	1	0.2	0.742398780546984	0.299705890620297	0.213979292166816	1.39226103651188	1.17828174434507	0	0	2	0.1	0.725265512044709	0.190961945771857	0.395463507535481	1.1633949391069	0.767931431571421	0	0	2	0.2	1.55647624412099	0.326451347009435	0.992711926740504	2.28382092549689	1.29110899875639	0	0	3	0.1	1.12366550124865	0.231831070516902	0.719137429159504	1.64397961178753	0.924842182628023	0	0	3	0.2	2.1096534567639	0.365922086602012	1.47137794814703	2.89473286604495	1.42335491789792
552	0	0	0	0.1	0.144067544681127	0.0554873904884574	0.0346687143943188	0.260185171285708	0.225516456891389	0	0	0	0.2	0.275537123867304	0.127085519268126	0.0247759581785998	0.543829623888853	0.519053665710253	0	0	1	0.1	0.203871481368577	0.0806718209703693	0.046054499310206	0.367623706285587	0.321569206975381	0	0	1	0.2	0.509949624809781	0.199124256173038	0.150410299264274	0.974793614937284	0.82438331567301	0	0	2	0.1	0.458314196673166	0.138056843876861	0.247085846024262	0.790598737105922	0.54351289108166	0	0	2	0.2	1.01616266653232	0.302049772238511	0.55756458048257	1.77505413402916	1.21748955354659	0	0	3	0.1	0.657145688490203	0.193622134470493	0.376213440403986	1.14719101634766	0.770977575943678	0	0	3	0.2	1.35288070922186	0.379748794086435	0.778835876424578	2.27302645834582	1.49419058192124
549	0	0	0	0.1	0.0820789811036736	0.0741974278993885	-0.0736649361263336	0.223244500701139	0.296909436827472	0	0	0	0.2	0.148410311541761	0.194355164413587	-0.274702714510088	0.52270928159388	0.797411996103968	0	0	1	0.1	0.134260755193139	0.116337096273511	-0.080240690529679	0.354253385708219	0.434494076237898	0	0	1	0.2	0.566954890396857	0.291026671908877	0.0637786741655582	1.15603079638585	1.09225212222029	0	0	2	0.1	0.652773353737325	0.17793896369349	0.341044502243238	1.02288755348046	0.681843051237217	0	0	2	0.2	1.2787462853682	0.295186158983747	0.723527102317183	1.87096474265617	1.14743764033899	0	0	3	0.1	0.930500945220252	0.206787917229064	0.560203175234466	1.37014768604538	0.80994451081091	0	0	3	0.2	1.60740032802571	0.324895774653842	1.00683575657793	2.29067437622901	1.28383861965108
561	0	0	0	0.1	0.111191155674577	0.0588436303197877	-0.0116519421181033	0.224614735868084	0.236266677986188	0	0	0	0.2	0.252677086629694	0.133839048610223	0.00862065150627565	0.52717401732224	0.518553365815964	0	0	1	0.1	0.305985603776022	0.101672030603293	0.126325545311483	0.519546800377092	0.393221255065608	0	0	1	0.2	0.970051407901856	0.335050808620218	0.419292863771981	1.74961414696577	1.33032128319379	0	0	2	0.1	0.950291927852539	0.248652015375883	0.552078249202016	1.48495378597187	0.932875536769851	0	0	2	0.2	2.18010065419083	0.497670169150924	1.31055105030465	3.20245635411783	1.89190530381318	0	0	3	0.1	1.44833792127392	0.34621466206547	0.870944242308135	2.21378915278962	1.34284491048149	0	0	3	0.2	2.78037227291458	0.565515675574874	1.79689968170919	3.92855294514436	2.13165326343517
548	0	0	0	0.1	0.148963787180567	0.0629841902563264	0.0355110972959613	0.277471144696722	0.241960047400761	0	0	0	0.2	0.362512462767997	0.170165355467855	0.060057829785548	0.722251233553027	0.662193403767479	0	0	1	0.1	0.357532015589083	0.137245308043882	0.112330852446507	0.649046922873649	0.536716070427142	0	0	1	0.2	1.15208611226743	0.401908904419522	0.456294437571283	2.00241339496047	1.54611895738919	0	0	2	0.1	0.953957405557044	0.256541770198094	0.507123119711188	1.51217664024647	1.00505352053528	0	0	2	0.2	2.01572238422987	0.452654420478605	1.18943393094366	2.95858121671679	1.76914728577313	0	0	3	0.1	1.36689533269701	0.317125748974078	0.801537632336246	2.01963733996936	1.21809970763311	0	0	3	0.2	2.52038875025709	0.50616588312973	1.5470495498198	3.51128681097323	1.96423726115343
566	0	0	0	0.1	0.0587498300664798	0.0681684747741543	-0.0743727274387186	0.191109344440929	0.265482071879648	0	0	0	0.2	0.149985721316901	0.174232853245518	-0.187370922617946	0.489782057884177	0.677152980502123	0	0	1	0.1	0.14600598763145	0.116558999165046	-0.0621171044503471	0.370665194888511	0.432782299338858	0	0	1	0.2	0.607928975317226	0.358285997524973	0.0489568331287487	1.4809243291811	1.43196749605235	0	0	2	0.1	0.655299491257584	0.250516478041148	0.29667477191366	1.28954105330283	0.992866281389173	0	0	2	0.2	1.59883079824586	0.486690803681388	0.813535943297834	2.74621980312325	1.93268385982541	0	0	3	0.1	1.15570658950991	0.352308854251782	0.633551003241802	1.99949094621323	1.36593994297142	0	0	3	0.2	2.27057675918382	0.561586726863268	1.33204233728495	3.53822487181818	2.20618253453323
559	0	0	0	0.1	0.0999795794931541	0.0739443056140172	-0.0420444217926863	0.237080366222156	0.279124788014843	0	0	0	0.2	0.248263018823618	0.176793076875366	-0.0745777667861057	0.59462647322682	0.669204240012926	0	0	1	0.1	0.207871345703661	0.0980680957684899	0.0312336494988726	0.421636034788483	0.39040238528961	0	0	1	0.2	0.557899435068	0.228642127159726	0.152237142314778	1.05716619010653	0.904929047791753	0	0	2	0.1	0.443703208972086	0.133348546167647	0.21667709137941	0.726782034259285	0.510104942879876	0	0	2	0.2	0.92794859325308	0.262158999241816	0.475750762452379	1.50592482696931	1.03017406451693	0	0	3	0.1	0.572455878766969	0.156896951351614	0.296137393766464	0.901465589761991	0.605328195995527	0	0	3	0.2	1.11353019199975	0.292626553086383	0.581951524646782	1.7183801875412	1.13642866289442
557	0	0	0	0.1	-0.0734602795972956	0.0727962264631811	-0.229168590575595	0.0629354525971516	0.292104043172747	0	0	0	0.2	-0.20983298877842	0.177307710984017	-0.605530127583702	0.101875859289973	0.707405986873675	0	0	1	0.1	0.0833771985595555	0.133707182415219	-0.178291746102304	0.344817250906195	0.523108997008499	0	0	1	0.2	0.459292589388553	0.338876699072366	-0.163345945677001	1.16487791838219	1.32822386405919	0	0	2	0.1	0.679547094522111	0.236275181044044	0.263444627926048	1.21338945988576	0.949944831959714	0	0	2	0.2	1.51825695020768	0.418913551431151	0.730053340335906	2.39624440435699	1.66619106402108	0	0	3	0.1	1.18261603765129	0.309120729184034	0.601571740895458	1.82151083397193	1.21993909307648	0	0	3	0.2	2.1784994083601	0.474238731007502	1.25837053914795	3.13949508055713	1.88112454140918
555	0	0	0	0.1	0.115976872518962	0.0567065151260913	0.00649168188460122	0.22959637292029	0.223104691035689	0	0	0	0.2	0.225675946380629	0.1314175824819	-0.0248505979414996	0.493176834586137	0.518027432527636	0	0	1	0.1	0.178598056780427	0.0886292687562245	0.0131845560182767	0.35883605660139	0.345651500583113	0	0	1	0.2	0.51672757371137	0.231437247979568	0.112705556697494	1.00401673050053	0.891311173803038	0	0	2	0.1	0.578007666147842	0.149647267623011	0.329278319892634	0.892092585324494	0.56281426543186	0	0	2	0.2	1.21562987634791	0.268466803112603	0.751186381703292	1.78811733225846	1.03693095055517	0	0	3	0.1	0.851820842902626	0.17984210818851	0.556877476122773	1.22519598868804	0.668318512565269	0	0	3	0.2	1.55055930410247	0.2924094050327	1.05088096773201	2.1717952484298	1.12091428069779
556	0	0	0	0.1	-0.0230326516495789	0.0620781796132803	-0.150838735204714	0.0948723929015931	0.245711128106307	0	0	0	0.2	-0.0838172025397696	0.151480491814546	-0.382780935600659	0.197570986162276	0.580351921762934	0	0	1	0.1	0.0624892219983854	0.109787540807989	-0.165075985911417	0.281356238726414	0.44643222463783	0	0	1	0.2	0.345340701804516	0.313046206497052	-0.230856084896422	1.02725569826335	1.25811178315977	0	0	2	0.1	0.571435707368029	0.219405728939873	0.202840324336584	1.06927014857914	0.86642982424256	0	0	2	0.2	1.41777719344673	0.449135750977203	0.632519821616389	2.37258931594991	1.74006949433352	0	0	3	0.1	1.04977026695547	0.303694661182178	0.535075574472659	1.69659284831902	1.16151727384636	0	0	3	0.2	2.05169453055427	0.523851143122648	1.13900622768994	3.14414193291876	2.00513570522882
558	0	0	0	0.1	0.0629609086985889	0.0739000572787437	-0.082498081618599	0.213277745032484	0.295775826651083	0	0	0	0.2	0.145429614760765	0.17087137846137	-0.182993607171121	0.488341587720709	0.67133519489183	0	0	1	0.1	0.20061254910203	0.110020900372619	-0.0173124619315825	0.404760225459639	0.422072687391222	0	0	1	0.2	0.854544591873769	0.38451079468143	0.21296425975379	1.6650775026452	1.45211324289141	0	0	2	0.1	0.979173897828221	0.280331918586537	0.534515068708213	1.63784323919434	1.10332817048613	0	0	2	0.2	2.33963240418098	0.503458945429544	1.45219629637425	3.46136163740069	2.00916534102644	0	0	3	0.1	1.62570497527178	0.366382138200934	0.996833545435778	2.4748424753834	1.47800892994762	0	0	3	0.2	3.0199216377816	0.534866952911635	2.06535832274958	4.18343933448946	2.11808101173987
554	0	0	0	0.1	0.0143981991055881	0.0952573200407675	-0.173983941146456	0.202792780612758	0.376776721759214	0	0	0	0.2	-0.0658921368456373	0.226946040314406	-0.507808954220692	0.38959312925136	0.897402083472052	0	0	1	0.1	-0.0359637346152091	0.134090099879811	-0.325882013522856	0.203452935360214	0.52933494888307	0	0	1	0.2	0.0884546390183401	0.293265922465714	-0.505353128136016	0.664890998966094	1.17024412710211	0	0	2	0.1	0.292918797412789	0.163297438598699	-0.0267222195089238	0.625858606334396	0.652580825843319	0	0	2	0.2	0.735802286080032	0.330829795145572	0.0965535067402454	1.42201126679162	1.32545776005137	0	0	3	0.1	0.602343826970041	0.205243484894803	0.24023862007767	1.01779648962546	0.777557869547789	0	0	3	0.2	1.26388450528003	0.388797856755693	0.542012612775768	2.06738383925803	1.52537122648226
567	0	0	0	0.1	0.0931216427266282	0.0613224405900531	-0.0317411227783416	0.213087013961174	0.244828136739516	0	0	0	0.2	0.181473069835253	0.154715452647028	-0.113416671060516	0.481574238640115	0.594990909700631	0	0	1	0.1	0.191491600405164	0.114126120147637	-0.0361917872736967	0.42054347378537	0.456735261059067	0	0	1	0.2	0.592448096261189	0.290887858693552	0.045730731225461	1.23394778273286	1.1882170515074	0	0	2	0.1	0.620933862906498	0.189968480831721	0.313176390702955	1.04355133105671	0.730374940353752	0	0	2	0.2	1.44393792164699	0.377116254705322	0.804579996699353	2.27813165600704	1.47355165930769	0	0	3	0.1	1.04452004940761	0.263132482011626	0.629436827280659	1.64023266473823	1.01079583745757	0	0	3	0.2	2.07183380817279	0.449383779703732	1.33014873800582	3.05858312982102	1.7284343918152
563	0	0	0	0.1	0.000126158126234913	0.0724491738190614	-0.141266758524553	0.139838999483922	0.281105758008475	0	0	0	0.2	0.0784712522964705	0.171605287021338	-0.244135326864344	0.44345198249458	0.687587309358924	0	0	1	0.1	0.19885778402167	0.119562332271469	-0.0182431337604141	0.434768567009893	0.453011700770308	0	0	1	0.2	0.751147943528797	0.393428057691067	0.0737826872370275	1.5804711136282	1.50668842639118	0	0	2	0.1	0.734297722363096	0.270582528686661	0.312295216210022	1.3462298985209	1.03393468231088	0	0	2	0.2	1.85658592423611	0.541090549140047	0.959538784206498	3.00865772813297	2.04911894392647	0	0	3	0.1	1.30706222741182	0.361545869418143	0.714274209942659	2.11858314146052	1.40430893151786	0	0	3	0.2	2.54116081023701	0.589587681245214	1.50555175882519	3.80378893793091	2.29823717910572
572	0	0	0	0.1	0.159107516232359	0.0723085937242085	0.0119923795105922	0.303101330652211	0.291108951141619	0	0	0	0.2	0.280706744901607	0.166410434801919	-0.0494830914022052	0.60002564136499	0.649508732767195	0	0	1	0.1	0.150819947895865	0.107180971917522	-0.0617474263655814	0.357246365061323	0.418993791426905	0	0	1	0.2	0.410795325951527	0.258473279335216	-0.0984978508273028	0.946086769518664	1.04458462034597	0	0	2	0.1	0.444956895619678	0.170502458020856	0.138526718267488	0.805939950058487	0.667413231790998	0	0	2	0.2	1.08293818527567	0.375540238124078	0.41558124007293	1.90754865785632	1.49196741778339	0	0	3	0.1	0.797883346829563	0.24964979381971	0.371829303338407	1.37812927719351	1.0062999738551	0	0	3	0.2	1.70080641707919	0.485776817515061	0.881445242177349	2.76803679204343	1.88659154986608
565	0	0	0	0.1	0.15433692722664	0.0952600158058936	-0.0138941773526629	0.346865537864135	0.360759715216797	0	0	0	0.2	0.269643101370174	0.211116465063187	-0.103804275799943	0.702032783815564	0.805837059615507	0	0	1	0.1	0.113463229628332	0.120322007487938	-0.136351772980672	0.351698357311465	0.488050130292138	0	0	1	0.2	0.366031114674464	0.27453629414107	-0.171008563506382	0.931618708571575	1.10262727207796	0	0	2	0.1	0.448078433059707	0.156257689425607	0.159203498443573	0.777676212631292	0.618472714187719	0	0	2	0.2	0.991531464891785	0.293899575791458	0.442447478958744	1.5893767267762	1.14692924781745	0	0	3	0.1	0.737474672585025	0.18809018796012	0.42036645606155	1.15776737982521	0.737400923763665	0	0	3	0.2	1.39231603494671	0.324425782776923	0.822516835537206	2.06609758723532	1.24358075169811
560	0	0	0	0.1	0.0749630636233479	0.0933435189950514	-0.104069047254363	0.256804137707293	0.360873184961656	0	0	0	0.2	-0.0126424806506539	0.244887030847476	-0.502719877087772	0.447414703144378	0.950134580232149	0	0	1	0.1	-0.0889796700360927	0.139108698540998	-0.382398234418103	0.173427477683179	0.555825712101282	0	0	1	0.2	0.0674875087711845	0.286166847616639	-0.49513580459426	0.674827478008629	1.16996328260289	0	0	2	0.1	0.279953048038304	0.154109531871963	-0.00605680959592115	0.632529858422368	0.638586668018289	0	0	2	0.2	0.721486207140601	0.296591566084819	0.206473558468713	1.39755979799806	1.19108623952934	0	0	3	0.1	0.547185519460055	0.177812528644391	0.26332344138363	0.966748423515029	0.703424982131399	0	0	3	0.2	1.09567585377892	0.321136374179836	0.562439943416834	1.83811635716317	1.27567641374634
581	0	0	0	0.1	0.026402756823277	0.0549453559162207	-0.081253312847972	0.131668829279522	0.212922142127494	0	0	0	0.2	-0.00339655360184984	0.149792159554716	-0.302743348415729	0.28197966891559	0.584723017331318	0	0	1	0.1	0.069811354713614	0.118397112074832	-0.152168486411587	0.297742001139012	0.449910487550598	0	0	1	0.2	0.511541661436991	0.368144409877746	-0.104529054176058	1.29985352480769	1.40438257898375	0	0	2	0.1	0.779890026016837	0.249447849889682	0.360573034419623	1.33173807278426	0.971165038364633	0	0	2	0.2	1.83800860485287	0.459903555614457	1.01119321293084	2.81200047236305	1.80080725943221	0	0	3	0.1	1.35700698899421	0.33044523440944	0.80285780469174	2.0637169003741	1.26085909568236	0	0	3	0.2	2.52934752781463	0.517713522877949	1.62641462784534	3.60022327248787	1.97380864464253
576	0	0	0	0.1	0.166163280049733	0.0709566214220261	0.0288457020654301	0.308601157931763	0.279755455866333	0	0	0	0.2	0.416274102253924	0.181816056772274	0.0981872881371426	0.802400497344798	0.704213209207655	0	0	1	0.1	0.367322480948603	0.137361692456187	0.118091150257304	0.63855299023279	0.520461839975486	0	0	1	0.2	1.02514426155935	0.351939115026604	0.369932791006583	1.7421162606383	1.37218346963171	0	0	2	0.1	0.797651520200272	0.215260241931024	0.426158197336174	1.26975918815104	0.843600990814868	0	0	2	0.2	1.64442307432929	0.385335189361279	0.945357694858602	2.43305198748466	1.48769429262606	0	0	3	0.1	1.11281715815854	0.267641164355084	0.659951918335864	1.67977449702768	1.01982257869182	0	0	3	0.2	2.04797539641955	0.442713367635766	1.27774869980597	2.92592889168735	1.64818019188138
569	0	0	0	0.1	0.0690143653743588	0.0639104429754788	-0.0579399021737556	0.195511822229592	0.253451724403348	0	0	0	0.2	0.10582417895877	0.168416195032968	-0.247946649757709	0.420332994593131	0.66827964435084	0	0	1	0.1	0.108627603997043	0.128123965206741	-0.137936174586881	0.355920406661994	0.493856581248875	0	0	1	0.2	0.608060976483117	0.367855478869805	-0.0290438147232682	1.4255440843573	1.45458789908056	0	0	2	0.1	0.717123053744321	0.238689226459023	0.323207920111274	1.24267777003828	0.91946984992701	0	0	2	0.2	1.63794420975954	0.434796797257609	0.859921070485886	2.56794834027128	1.70802726978539	0	0	3	0.1	1.11028546532528	0.29026421360752	0.617977389735034	1.71932691543135	1.10134952569632	0	0	3	0.2	2.08834379131255	0.476480132048059	1.20418070597104	3.0520966310952	1.84791592512416
564	0	0	0	0.1	0.00982499199312184	0.0858921896842582	-0.17251337520765	0.160004433939252	0.332517809146901	0	0	0	0.2	-0.0200914341744337	0.220409956533805	-0.459009495046563	0.402765224815274	0.861774719861837	0	0	1	0.1	0.0282229760839313	0.154744554373534	-0.295433448439987	0.319998387960699	0.615431836400685	0	0	1	0.2	0.218075168757764	0.353011544531467	-0.480388151805653	0.926808622928677	1.40719677473433	0	0	2	0.1	0.340375078471861	0.193662182275439	-0.00280890813461456	0.76857172777756	0.771380635912175	0	0	2	0.2	0.829728127325682	0.387269185777031	0.181115344836945	1.66286365204413	1.48174830720719	0	0	3	0.1	0.639107424513702	0.232016102118119	0.259426845570061	1.14182722433703	0.882400378766971	0	0	3	0.2	1.28892793402825	0.425003796072082	0.582134436839319	2.17881032761349	1.59667589077418
580	0	0	0	0.1	0.0704575152262371	0.0556587118930754	-0.0389990056659658	0.183034913604591	0.222033919270557	0	0	0	0.2	0.0990409585230914	0.13358745708922	-0.179259798456079	0.365064078996449	0.544323877452528	0	0	1	0.1	0.113741425074301	0.0980417806403679	-0.0763989660813954	0.314156506181774	0.390555472263169	0	0	1	0.2	0.393556759757448	0.256666613556331	-0.0732308024986649	0.960513352233103	1.03374415473177	0	0	2	0.1	0.585425838504639	0.172356841378473	0.287116043669277	0.938178461048607	0.651062417379329	0	0	2	0.2	1.32715496683982	0.331934109779766	0.771296360257803	2.05563782150814	1.28434146125034	0	0	3	0.1	1.00680103303837	0.237700940131049	0.596128750788373	1.52151991354154	0.92539116275317	0	0	3	0.2	1.87599578521218	0.389961910506805	1.15107346040108	2.69361581609068	1.54254235568961
577	0	0	0	0.1	0.199442787739397	0.0851887480382978	0.0411964434761372	0.364811556549843	0.323615113073706	0	0	0	0.2	0.333176178827063	0.211992765606241	-0.0831331192784045	0.724570996525731	0.807704115804136	0	0	1	0.1	0.0642782007836787	0.138936466640842	-0.235236848989424	0.328703927098384	0.563940776087808	0	0	1	0.2	0.181191831997382	0.295498827409299	-0.401766701689171	0.746556407646471	1.14832310933564	0	0	2	0.1	0.27818895012709	0.174184659954294	-0.0518516453393563	0.622573933056945	0.674425578396301	0	0	2	0.2	0.670619567026992	0.342582390184727	0.00887722619434268	1.39921104290265	1.39033381670831	0	0	3	0.1	0.552796641659447	0.209516317746568	0.159184386869397	1.00439695456113	0.845212567691731	0	0	3	0.2	1.17317868664927	0.396676799219108	0.433976185288749	2.0330559289661	1.59907974367736
573	0	0	0	0.1	0.250078692600911	0.0827165647073515	0.106359165503999	0.42073968164039	0.31438051613639	0	0	0	0.2	0.585092155876295	0.211261147247165	0.236724690436328	1.02781121794408	0.791086527507755	0	0	1	0.1	0.437802015288764	0.120265819052083	0.218195407063646	0.671576410541004	0.453381003477358	0	0	1	0.2	1.11037912309375	0.288325147200815	0.586126357946004	1.68450215945144	1.09837580150544	0	0	2	0.1	0.896455275233293	0.198395971329159	0.543443279686705	1.31459095315144	0.771147673464735	0	0	2	0.2	1.89697278385412	0.381882336347946	1.19950156759604	2.71408712306786	1.51458555547182	0	0	3	0.1	1.35369413567404	0.290651964502691	0.853525268125411	1.96874060012085	1.11521533199544	0	0	3	0.2	2.61957460255231	0.505954048624417	1.76205693174783	3.68448916701546	1.92243223526763
583	0	0	0	0.1	0.192092017190027	0.0712515162877074	0.0585814958725288	0.348875186093476	0.290293690220947	0	0	0	0.2	0.44199243485095	0.185422221184594	0.107562358775875	0.851534870402135	0.743972511626261	0	0	1	0.1	0.240209230098646	0.122076788027526	0.0234905543279319	0.488547212256632	0.4650566579287	0	0	1	0.2	0.644537661847772	0.291690592400028	0.124206950680302	1.25933702237381	1.13513007169351	0	0	2	0.1	0.540213241354023	0.175876339234045	0.230402576771926	0.93289876068766	0.702496183915735	0	0	2	0.2	1.20696167503231	0.332956986146477	0.61746609166336	1.92854056962549	1.31107447796213	0	0	3	0.1	0.817811442700213	0.211136454726723	0.48060329326678	1.31101474434164	0.830411451074861	0	0	3	0.2	1.63708496243558	0.377462841044758	1.03992434382664	2.50571425036901	1.46578990654237
585	0	0	0	0.1	0.177691586756899	0.0649562943758805	0.0672154953684305	0.32141003151078	0.25419453614235	0	0	0	0.2	0.424894063842597	0.193739135423399	0.0685242934688179	0.847762139087425	0.779237845618607	0	0	1	0.1	0.178170465370544	0.128687448746708	-0.0648418603818795	0.428451447407647	0.493293307789526	0	0	1	0.2	0.503682039430044	0.276978420238922	-0.0205863973893196	1.05997970800766	1.08056610539698	0	0	2	0.1	0.444371670480361	0.15030716937391	0.15903163693318	0.741437307432593	0.582405670499413	0	0	2	0.2	0.98411506701575	0.281769011587897	0.424673281476636	1.53815301351111	1.11347973203447	0	0	3	0.1	0.690948943106394	0.171373768555953	0.368597043263876	1.04715140851724	0.678554365253361	0	0	3	0.2	1.36853821106829	0.310573868197626	0.771560653192984	2.0256003441706	1.25403969097762
571	0	0	0	0.1	0.025648780697008	0.0716096300426806	-0.121632651620659	0.160007836509291	0.281640488129951	0	0	0	0.2	0.022413401383737	0.186930410034355	-0.347881522743618	0.397407297024968	0.745288819768586	0	0	1	0.1	0.148792160864389	0.138043128802115	-0.0945786655879549	0.452741301155988	0.547319966743943	0	0	1	0.2	0.822330284130235	0.449976884062734	0.0762473171640731	1.76683190795056	1.69058459078649	0	0	2	0.1	1.03307068405087	0.340302994074353	0.461226882798862	1.78240623805508	1.32117935525622	0	0	2	0.2	2.20671626315718	0.499714068325668	1.26182866465565	3.1528812738476	1.89105260919195	0	0	3	0.1	1.67925506160028	0.391968357067451	0.976777259907703	2.49780429662221	1.52102703671451	0	0	3	0.2	2.89882544370786	0.525812172740749	1.88982956167011	3.96119179514273	2.07136223347262
587	0	0	0	0.1	0.0397052066944247	0.0706691680820277	-0.101324728614732	0.18634459292567	0.287669321540402	0	0	0	0.2	0.170046242466982	0.184525451421269	-0.161096547267896	0.521361516865581	0.682458064133477	0	0	1	0.1	0.39032731606526	0.157847520533248	0.113635435648114	0.73212568063418	0.618490244986066	0	0	1	0.2	1.24550721839833	0.423845410109859	0.485881063805363	2.20535402860846	1.7194729648031	0	0	2	0.1	0.944698524468863	0.26632185300152	0.484140116718768	1.5284240198733	1.04428390315453	0	0	2	0.2	1.96307636455176	0.483418673712271	1.07023455713366	2.97659745071796	1.9063628935843	0	0	3	0.1	1.20561061484268	0.311273068440915	0.65343379455838	1.86495072329159	1.21151692873321	0	0	3	0.2	2.25870704458253	0.531637118321781	1.29311546510075	3.39876571612179	2.10565025102104
575	0	0	0	0.1	0.133725039029875	0.0696969263558544	0.000734194673054065	0.276917091254965	0.276182896581911	0	0	0	0.2	0.33151923590844	0.173695726109955	0.0296360231689388	0.726115916615767	0.696479893446828	0	0	1	0.1	0.309294487113774	0.135891091303852	0.0819469178895632	0.598113234882328	0.516166316992764	0	0	1	0.2	0.905980813376794	0.402764694259014	0.269774950737767	1.82026232381169	1.55048737307392	0	0	2	0.1	0.781967262606312	0.260945625765841	0.376616453174072	1.35466704176087	0.978050588586795	0	0	2	0.2	1.77626151879453	0.524881397463514	0.903961767610755	2.90122627244254	1.99726450483179	0	0	3	0.1	1.1982326596649	0.334810460969485	0.642239927233019	1.95116495948067	1.30892503224765	0	0	3	0.2	2.33787230397607	0.574423232137993	1.33860184681058	3.54581620327668	2.2072143564661
574	0	0	0	0.1	0.0615676816392929	0.054439086577349	-0.048591683638019	0.174237949865472	0.222829633503491	0	0	0	0.2	0.103184003245445	0.115063636610227	-0.130943187548583	0.345391711020086	0.476334898568669	0	0	1	0.1	0.11361620584818	0.0730120130517866	-0.0249967256664017	0.254018651434129	0.279015377100531	0	0	1	0.2	0.292448111545532	0.177060539313999	-0.035118344131285	0.647377116850479	0.682495460981764	0	0	2	0.1	0.37400584450909	0.128409784193384	0.147157445300555	0.631858255037334	0.484700809736779	0	0	2	0.2	0.830875961360879	0.267468034162875	0.349581053998099	1.36891858045617	1.01933752645807	0	0	3	0.1	0.635936558817195	0.186381762165417	0.317510352099054	1.04293005506157	0.72541970296252	0	0	3	0.2	1.26053688415415	0.355086797706381	0.64320133372197	2.02637533111236	1.38317399739039
579	0	0	0	0.1	0.0169019641925793	0.0628349288866238	-0.108488439068562	0.135630645235037	0.244119084303599	0	0	0	0.2	0.0228611035443132	0.156628974464031	-0.282859247540129	0.313505101466567	0.596364349006695	0	0	1	0.1	0.142964421430247	0.125467567920097	-0.0923860120651364	0.389577395854621	0.481963407919758	0	0	1	0.2	0.57260758558377	0.319201522047079	-0.0180260520212336	1.214266268306	1.23229232032723	0	0	2	0.1	0.635549100235522	0.197078001478908	0.288536780930136	1.05180750649358	0.763270725563445	0	0	2	0.2	1.4288803016708	0.370493400702421	0.778221138692181	2.17705914016748	1.39883800147529	0	0	3	0.1	1.01221280139967	0.263749833752056	0.581544708167324	1.57334878263818	0.991804074470858	0	0	3	0.2	1.9203411615438	0.448435115343843	1.16287710629165	2.90663016363889	1.74375305734724
592	0	0	0	0.1	0.162126594005786	0.0834914906159556	-0.00437755683339293	0.327355304116472	0.331732860949865	0	0	0	0.2	0.360935603382159	0.190312498958909	-0.000860305820574566	0.731836195282159	0.732696501102734	0	0	1	0.1	0.292974452829953	0.104650466876337	0.0942497926037694	0.513046313517157	0.418796520913388	0	0	1	0.2	0.726762623369922	0.236614208779021	0.294972056322534	1.24167514488094	0.946703088558403	0	0	2	0.1	0.595269619263586	0.148575821328921	0.336804108677137	0.934558499493323	0.597754390816185	0	0	2	0.2	1.25542439136924	0.305377630532473	0.724679081695895	1.93961061640413	1.21493153470824	0	0	3	0.1	0.864572991421959	0.21597836892241	0.511697874192408	1.34527185302451	0.833573978832104	0	0	3	0.2	1.72506993034438	0.413394513980488	1.04196129275519	2.59578218901228	1.55382089625709
568	0	0	0	0.1	0.00480918733743127	0.0715204473424784	-0.145268703573773	0.133407578479938	0.27867628205371	0	0	0	0.2	-0.0197143725518058	0.169874912652644	-0.405029442933587	0.296553671567059	0.701583114500646	0	0	1	0.1	0.0684523163907975	0.120216862244065	-0.182470826959002	0.295418438307121	0.477889265266123	0	0	1	0.2	0.336326909136986	0.314385698463793	-0.268690795212763	1.00912143770275	1.27781223291552	0	0	2	0.1	0.487599658806913	0.202051927855836	0.134798818161203	0.934650887675019	0.799852069513816	0	0	2	0.2	1.15961942187154	0.407093834474043	0.415762787693168	2.0160789686083	1.60031618091513	0	0	3	0.1	0.841585970286599	0.262358839154938	0.379693655774275	1.43181967281656	1.05212601704229	0	0	3	0.2	1.66397732876884	0.456348489171465	0.821614324648639	2.6358974876899	1.81428316304126
588	0	0	0	0.1	0.0614092665283954	0.064667826109528	-0.0666876216651728	0.189834914297566	0.256522535962739	0	0	0	0.2	0.11042974383634	0.155958828838531	-0.185187718338441	0.436303017926198	0.621490736264639	0	0	1	0.1	0.0998951414754433	0.105876829886065	-0.0981269620410238	0.312829449761953	0.410956411802976	0	0	1	0.2	0.38708869134549	0.275009397063799	-0.0860044773902214	0.924598599910937	1.01060307730116	0	0	2	0.1	0.491269365418266	0.169061409690345	0.205336393084472	0.845374302141117	0.640037909056645	0	0	2	0.2	1.15189005112488	0.339742809588327	0.539111676434555	1.86974623094392	1.33063455450936	0	0	3	0.1	0.821022040732442	0.219544864723974	0.429637556862638	1.30365736227487	0.874019805412231	0	0	3	0.2	1.60509956886651	0.385087258683063	0.912281468058646	2.42188246216345	1.5096009941048
594	0	0	0	0.1	0.161829726944826	0.0939439053592068	-0.0168305988138277	0.358283074090819	0.375113672904647	0	0	0	0.2	0.293188919136827	0.225958644665424	-0.133149662855161	0.778094546344542	0.911244209199704	0	0	1	0.1	0.115616102628822	0.147251509959675	-0.17552947253204	0.411861113257997	0.587390585790036	0	0	1	0.2	0.434086012664675	0.399754010012475	-0.291415439361343	1.31996962955593	1.61138506891727	0	0	2	0.1	0.499985228355813	0.272888974152141	0.0593311534312962	1.1098128757634	1.0504817223321	0	0	2	0.2	1.22693826437667	0.548118962787757	0.319961083881033	2.41125747380817	2.09129638992714	0	0	3	0.1	0.906847702078518	0.362034958572005	0.363115416414824	1.71546412672204	1.35234871030722	0	0	3	0.2	1.79416624730155	0.597708525835628	0.820729136011718	3.02195810229655	2.20122896628483
596	0	0	0	0.1	0.145203992027065	0.0873432811811042	-0.0270954083073967	0.307686424132577	0.334781832439973	0	0	0	0.2	0.360026587061169	0.219261657886013	-0.0408944754660385	0.819765763514694	0.860660238980732	0	0	1	0.1	0.279073122740877	0.135788501222123	0.0474891956892539	0.57460882773361	0.527119632044356	0	0	1	0.2	0.859250504777201	0.348139239098846	0.251486069739527	1.58249214808307	1.33100607834354	0	0	2	0.1	0.767449748976799	0.205301049057446	0.411352707690428	1.2013963959023	0.790043688211874	0	0	2	0.2	1.58233370121512	0.362588975169193	0.923442882042672	2.30703606232401	1.38359318028133	0	0	3	0.1	1.08567632200115	0.247874187814281	0.645158381894369	1.61000704801287	0.964848666118499	0	0	3	0.2	1.97424358546573	0.405653840947905	1.25319378263228	2.82086816884357	1.5676743862113
593	0	0	0	0.1	0.0711389977472955	0.062326130530039	-0.0523314953553155	0.193782267561168	0.246113762916483	0	0	0	0.2	0.0415981579690555	0.202030595306526	-0.391170954415605	0.407575971183309	0.798746925598914	0	0	1	0.1	-0.030133419253935	0.170586343514211	-0.376547446607306	0.295070044428733	0.671617491036039	0	0	1	0.2	0.527381176841411	0.511650871484546	-0.349774697262103	1.71371145101732	2.06348614827942	0	0	2	0.1	0.897018300988207	0.358096512856674	0.289912988452591	1.65761924361689	1.3677062551643	0	0	2	0.2	2.13519921339366	0.590705720027659	1.00269671177005	3.23845035922926	2.2357536474592	0	0	3	0.1	1.62450209768275	0.447235581604084	0.78600263056132	2.47305688570089	1.68705425513957	0	0	3	0.2	2.86546203854211	0.637901162992786	1.63700823474845	4.07672018944253	2.43971195469408
570	0	0	0	0.1	0.0875506494648447	0.0619414772856748	-0.0270328384154414	0.212251596586239	0.239284435001681	0	0	0	0.2	0.20304407025746	0.152130205887482	-0.0641095587249633	0.542220747878426	0.60633030660339	0	0	1	0.1	0.24735264901304	0.121863730957477	0.0239834818687145	0.510698114315791	0.486714632447077	0	0	1	0.2	0.935353455407394	0.378162063561629	0.274668444801637	1.7822530164221	1.50758457162047	0	0	2	0.1	0.96087363084895	0.28314915863055	0.501589236434755	1.62407661849105	1.12248738205629	0	0	2	0.2	2.13510035563917	0.514223788769333	1.2465531145081	3.26044712252454	2.01389400801644	0	0	3	0.1	1.52378621712116	0.395702605121362	0.895366316669783	2.39763654998782	1.50227023331803	0	0	3	0.2	2.83109116253165	0.61915092611802	1.78557518603173	4.16012366949656	2.37454848346482
595	0	0	0	0.1	0.20078468546476	0.0763239429503102	0.0651622295744868	0.363302688282315	0.298140458707828	0	0	0	0.2	0.452072676802959	0.207157901707501	0.0770100307241759	0.900573700911583	0.823563670187407	0	0	1	0.1	0.245956466914934	0.142380844050749	-0.0253973397390513	0.511053636090166	0.536450975829217	0	0	1	0.2	0.740918851290372	0.363934939872371	0.0404941570111193	1.4892143564063	1.44872019939518	0	0	2	0.1	0.645363249696892	0.218179492698696	0.253629796271112	1.10777472518232	0.854144928911207	0	0	2	0.2	1.36156984002216	0.374735878047575	0.661403894838775	2.12317498072081	1.46177108588203	0	0	3	0.1	0.946668609687571	0.244404039853798	0.515212708077725	1.48197629933858	0.96676359126086	0	0	3	0.2	1.72487712706794	0.392907622520292	1.00981650988714	2.52690842730501	1.51709191741787
578	0	0	0	0.1	0.123080749954593	0.0594611593499376	0.00439759400251579	0.24827485430837	0.243877260305854	0	0	0	0.2	0.302224325124894	0.181178156494116	-0.026093499380333	0.687715601328908	0.713809100709241	0	0	1	0.1	0.324065473747904	0.145904958034579	0.0570527421470748	0.656763614966241	0.599710872819166	0	0	1	0.2	1.17597215848268	0.438680575807954	0.41289526830668	2.11715290244928	1.7042576341426	0	0	2	0.1	1.05655451167319	0.29095702064972	0.570571231735665	1.67189141775782	1.10132018602215	0	0	2	0.2	2.36051759081599	0.522498921593781	1.44875382318916	3.43622916320497	1.98747534001581	0	0	3	0.1	1.67629939106088	0.386258424411715	1.02151019686529	2.48728584907193	1.46577565220664	0	0	3	0.2	3.14886091644243	0.617547910987911	2.06968252877914	4.42419642210703	2.35451389332789
586	0	0	0	0.1	0.0611276768574913	0.0665679787170817	-0.0757775036016557	0.191465372852095	0.26724287645375	0	0	0	0.2	0.189385483250566	0.172558930508792	-0.151995049472026	0.517977196094491	0.669972245566516	0	0	1	0.1	0.218159210243088	0.115851437858551	-0.0113132073337656	0.450907636562474	0.46222084389624	0	0	1	0.2	0.806759872200662	0.348276742610158	0.162365178975473	1.54516377842453	1.38279859944906	0	0	2	0.1	0.751914905686818	0.215499614486482	0.372374753837064	1.19049495833293	0.818120204495867	0	0	2	0.2	1.62163286736113	0.388124577917773	0.886576812311128	2.39912647504117	1.51254966273004	0	0	3	0.1	1.11213216315675	0.26985778552158	0.632888680863362	1.65617341245685	1.02328473159349	0	0	3	0.2	2.02195499586271	0.430193514714775	1.2316610867723	2.90258358659775	1.67092249982545
584	0	0	0	0.1	0.0859036794044594	0.061683344158779	-0.0335993102695049	0.206643909228041	0.240243219497545	0	0	0	0.2	0.178820722852614	0.150582337613647	-0.115132614943414	0.47887487254759	0.594007487491004	0	0	1	0.1	0.242900230985064	0.113134510849463	0.0388363880587596	0.484158255278024	0.445321867219264	0	0	1	0.2	0.865672181783664	0.340018416384566	0.293086465938425	1.62596979281665	1.33288332687823	0	0	2	0.1	0.898598140810579	0.241817624854671	0.496050496268136	1.45074370437119	0.95469320810305	0	0	2	0.2	1.95597188435603	0.437965729343798	1.18351861717137	2.89567206474003	1.71215344756866	0	0	3	0.1	1.36038714478971	0.318445609233091	0.822128110686735	2.06317387912144	1.2410457684347	0	0	3	0.2	2.5542208129421	0.519466675061525	1.62971343251721	3.68560865926865	2.05589522675144
582	0	0	0	0.1	0.109542545925705	0.0519632579839753	0.0100931819608844	0.210914306524729	0.200821124563844	0	0	0	0.2	0.186668040874992	0.152360689855769	-0.116084226532945	0.503314575013081	0.619398801546026	0	0	1	0.1	0.180684599766559	0.140875587168111	-0.0939053276091068	0.475808946570001	0.569714274179107	0	0	1	0.2	0.682025166229457	0.336273943984899	0.0558146797578392	1.40202927401169	1.34621459425385	0	0	2	0.1	0.766124639014062	0.206174636405193	0.395591801128565	1.22385704388387	0.828265242755307	0	0	2	0.2	1.497366042858	0.328244776813348	0.883913211451122	2.18073579493093	1.29682258347981	0	0	3	0.1	1.14497174292144	0.239778117378346	0.724832489756679	1.64995330471209	0.925120814955407	0	0	3	0.2	1.94449329159008	0.353666831898011	1.27775977965195	2.70975372483767	1.43199394518572
599	0	0	0	0.1	0.179955297680903	0.0660069900607147	0.0719050369663449	0.318460814426093	0.246555777459748	0	0	0	0.2	0.477514484628599	0.24346143214853	0.0598220099782379	1.01179053332559	0.951968523347356	0	0	1	0.1	0.301194156897223	0.172640588397701	-0.0211045079154781	0.629021753336572	0.65012626125205	0	0	1	0.2	0.90028090051439	0.367530799724173	0.22910835698864	1.63201532255442	1.40290696556578	0	0	2	0.1	0.760484310147543	0.208013786451665	0.385473340519852	1.17952311638895	0.794049775869095	0	0	2	0.2	1.53370985261447	0.328357040515866	0.91518757775319	2.18885950725187	1.27367192949868	0	0	3	0.1	1.07877963259422	0.221122467628937	0.680083107377109	1.53488956346201	0.854806456084903	0	0	3	0.2	1.9232490771977	0.336530986834608	1.27365617191248	2.60473784583823	1.33108167392575
589	0	0	0	0.1	0.0617011905129664	0.0529139112044473	-0.0430961452224946	0.167623356780938	0.210719502003433	0	0	0	0.2	0.168273877388758	0.155503481158948	-0.110394587054154	0.493372705583652	0.603767292637806	0	0	1	0.1	0.288643695968323	0.202091157420658	-0.0657500405543643	0.736288902904268	0.802038943458632	0	0	1	0.2	1.24087988062018	0.678009878339734	0.0997793310043362	2.74672960977796	2.64695027877363	0	0	2	0.1	1.08398305867784	0.444833162310979	0.364930153630479	2.09615711003892	1.73122695640844	0	0	2	0.2	2.2081257710021	0.641641868931107	1.00791716009963	3.56249687862752	2.55457971852789	0	0	3	0.1	1.52352410633435	0.433289749115414	0.744399586827863	2.42576239013139	1.68136280330353	0	0	3	0.2	2.62596799589431	0.597254047061832	1.48284444591222	3.91842224682235	2.43557780091013
591	0	0	0	0.1	0.089863137501889	0.0778640278082949	-0.0639256456275537	0.243968412000518	0.307894057628071	0	0	0	0.2	0.192404807640001	0.224433165756138	-0.242707788158344	0.651584461914077	0.894292250072421	0	0	1	0.1	0.221263318444088	0.145539581559576	-0.0436825195974692	0.513265167972173	0.556947687569642	0	0	1	0.2	0.784437315950687	0.336846060346747	0.202326680907617	1.47335891330274	1.27103223239512	0	0	2	0.1	0.730219396977241	0.202153750762902	0.368859117613717	1.1579872171455	0.789128099531782	0	0	2	0.2	1.45707757337832	0.347909291814312	0.832628809999739	2.17956864113202	1.34693983113228	0	0	3	0.1	0.987689630110167	0.234054567206953	0.58256617534365	1.46484937020533	0.882283194861676	0	0	3	0.2	1.79680225109607	0.385652570606879	1.07241186383283	2.5898051311338	1.51739326730097
597	0	0	0	0.1	0.363099737451404	0.110437926298351	0.17059871342299	0.610895352385163	0.440296638962174	0	0	0	0.2	0.670924598155602	0.225441510447025	0.262870881593904	1.11395281744115	0.851081935847248	0	0	1	0.1	0.0821266989603471	0.123050790370042	-0.175715251982955	0.323731053720383	0.499446305703338	0	0	1	0.2	0.211113675574563	0.259106361879497	-0.274016596135541	0.719528013555625	0.993544609691166	0	0	2	0.1	0.239159644260554	0.147627230487047	-0.0175013050710893	0.56513460419222	0.58263590926331	0	0	2	0.2	0.569752597794329	0.293313834783326	0.0614491864484824	1.16589837226856	1.10444918582008	0	0	3	0.1	0.436573590235681	0.172407346161358	0.139373487751423	0.804917885975483	0.66554439822406	0	0	3	0.2	0.92016542618041	0.329820919792262	0.333716650345592	1.63068420736823	1.29696755702264
590	0	0	0	0.1	0.0327685765129656	0.0857975849387814	-0.139823952715621	0.200392274290038	0.340216227005659	0	0	0	0.2	0.0309753083819316	0.227557608306226	-0.39888791953403	0.479908618540975	0.878796538075005	0	0	1	0.1	0.122558247319995	0.123739849784286	-0.113681158637686	0.366012646950349	0.479693805588036	0	0	1	0.2	0.536011746505718	0.281213303315369	0.0273815721109389	1.1375166321865	1.11013506007556	0	0	2	0.1	0.578791891500889	0.17462750835217	0.268380994920432	0.980686590866353	0.712305595945921	0	0	2	0.2	1.27264399531332	0.324341399120478	0.682780762663314	1.98328728278632	1.30050652012301	0	0	3	0.1	0.889844323100872	0.212368653380057	0.533905465707669	1.34708917753624	0.813183711828575	0	0	3	0.2	1.75702671177856	0.371410999050742	1.11333313361821	2.54329229426798	1.42995916064978
603	0	0	0	0.1	0.132778714175481	0.074135072279535	-0.0099020491851633	0.279840295921002	0.289742345106166	0	0	0	0.2	0.32965606589686	0.155532974486223	0.0372072642618792	0.662401803650246	0.625194539388366	0	0	1	0.1	0.273146859790958	0.094025221020364	0.107316439274213	0.47971598160684	0.372399542332627	0	0	1	0.2	0.704321883108341	0.230903515360756	0.296400341709509	1.22609869282015	0.929698351110639	0	0	2	0.1	0.637520553400335	0.164161663690112	0.363037028742375	0.978345862445352	0.615308833702977	0	0	2	0.2	1.35912981449378	0.323039761742988	0.807592125715243	2.04167065780235	1.23407853208711	0	0	3	0.1	0.987520159021782	0.238147605291232	0.5840494278471	1.51479218201449	0.930742754167387	0	0	3	0.2	1.8897576399474	0.4069061423642	1.16040165657747	2.73694569013735	1.57654403355988
600	0	0	0	0.1	0.216273684277461	0.0828587461932393	0.0742624159731964	0.402906438809719	0.328644022836522	0	0	0	0.2	0.553540764024119	0.20661746211804	0.211335239081666	1.02921662372581	0.81788138464414	0	0	1	0.1	0.41991099421359	0.123312256295351	0.207107655645707	0.696617136940801	0.489509481295093	0	0	1	0.2	1.09071415667488	0.350275057081625	0.523536175832523	1.85326319046744	1.32972701463491	0	0	2	0.1	0.844652529336708	0.252387225130873	0.413188000094004	1.41754332183339	1.00435532173938	0	0	2	0.2	1.85551337961072	0.50961013348558	0.945152585263803	2.95749737109627	2.01234478583247	0	0	3	0.1	1.28908114769381	0.359908184847463	0.675483384282059	2.08099108960488	1.40550770532282	0	0	3	0.2	2.42928850714161	0.576217211506144	1.3889119477052	3.6231878352579	2.2342758875527
598	0	0	0	0.1	0.0478248532454824	0.0996137226135928	-0.15025991074286	0.242546285410846	0.392806196153706	0	0	0	0.2	0.01345100872832	0.230087710006808	-0.432706815002933	0.433665152284546	0.866371967287479	0	0	1	0.1	0.00871415475089043	0.13236190394665	-0.262871063731486	0.243916520139293	0.50678758387078	0	0	1	0.2	0.136585271551227	0.282129722383345	-0.427251025393857	0.656458354941434	1.08370938033529	0	0	2	0.1	0.278212518347534	0.155027437299269	-0.0124120400816268	0.571694179778774	0.5841062198604	0	0	2	0.2	0.681662529632127	0.312925997979391	0.0725197980007338	1.26757121117275	1.19505141317202	0	0	3	0.1	0.52766361189149	0.189102224957852	0.174027295015586	0.897261117078271	0.723233822062685	0	0	3	0.2	1.09569740652119	0.363670180499028	0.404559490890344	1.81153730963593	1.40697781874558
605	0	0	0	0.1	0.138936807286109	0.06417880159356	0.0224451165843718	0.266851686699684	0.244406570115312	0	0	0	0.2	0.309338032994164	0.150229185865568	0.0356353623072366	0.618239948339252	0.582604586032015	0	0	1	0.1	0.287586541196675	0.107806490362598	0.0946380614247961	0.51892655477553	0.424288493350734	0	0	1	0.2	0.785078279075192	0.282250518672654	0.278945063874516	1.39931225018976	1.12036718631524	0	0	2	0.1	0.712582051022766	0.187341312195751	0.355438387407612	1.09960493476175	0.744166547354134	0	0	2	0.2	1.66837603344438	0.391929643182441	0.903766967198005	2.44960978487352	1.54584281767551	0	0	3	0.1	1.1700979452123	0.263267123618397	0.679192866666162	1.69918476623497	1.01999189956881	0	0	3	0.2	2.3794500020985	0.473438259058613	1.48038755515154	3.33183937363074	1.8514518184792
601	0	0	0	0.1	0.090977410594869	0.0793730712549814	-0.0751056909868744	0.243542912599765	0.31864860358664	0	0	0	0.2	0.201796191736489	0.188019215050708	-0.179486456080294	0.563600542506766	0.74308699858706	0	0	1	0.1	0.154807521028249	0.123993411816556	-0.0815841143689418	0.41776710547223	0.499351219841172	0	0	1	0.2	0.59775589179113	0.392039088889195	-0.0687153417690962	1.51476372323944	1.58347906500853	0	0	2	0.1	0.65942968842139	0.295388186516062	0.207028786030081	1.38085556779084	1.17382678176075	0	0	2	0.2	1.56828046296288	0.559366302923129	0.612006593377607	2.7910299505925	2.1790233572149	0	0	3	0.1	1.16584585468882	0.390035815626786	0.537163901340699	2.06435299447503	1.52718909313433	0	0	3	0.2	2.23100641864718	0.598796458332017	1.19150200759887	3.47677589402993	2.28527388643106
602	0	0	0	0.1	0.0945697302148957	0.0648371371588233	-0.0222858984766352	0.222064973412542	0.244350871889178	0	0	0	0.2	0.244042608751154	0.146723304170398	-0.0230886666580785	0.536862461477787	0.559951128135866	0	0	1	0.1	0.296715259329903	0.104995087521885	0.0972563371604326	0.504268063581077	0.407011726420645	0	0	1	0.2	0.772211758522557	0.268762118889783	0.291413156752076	1.32875479112228	1.03734163437021	0	0	2	0.1	0.643954960415982	0.180548371672849	0.326984338448577	1.03736663213041	0.710382293681829	0	0	2	0.2	1.4152829615185	0.384749042897966	0.732851442676373	2.22348721793548	1.49063577525911	0	0	3	0.1	0.964133779624984	0.262697363190119	0.513349243340411	1.5197970294936	1.00644778615319	0	0	3	0.2	1.9360260536156	0.498774945436243	1.0457696475558	2.90896916229296	1.86319951473716
607	0	0	0	0.1	0.0334937777610313	0.0653528440115504	-0.100498625729134	0.150257645344953	0.250756271074088	0	0	0	0.2	0.0443615764232704	0.147531820530771	-0.252559708963974	0.30566343272795	0.558223141691923	0	0	1	0.1	0.125114491002497	0.0926584350978719	-0.052863766985776	0.321357083730537	0.374220850716313	0	0	1	0.2	0.441672220785449	0.23918495576491	0.0156925945636986	0.958944699422031	0.943252104858332	0	0	2	0.1	0.541783869863811	0.163598925896917	0.247103362968888	0.892985104791835	0.645881741822947	0	0	2	0.2	1.33270935948081	0.358834303281434	0.695561673847717	2.11615885039626	1.42059717654854	0	0	3	0.1	0.977301937248881	0.24350046423871	0.558794867700269	1.51409160186419	0.95529673416392	0	0	3	0.2	2.04276222627094	0.451036075403501	1.21907058210782	2.98854676796599	1.76947618585818
604	0	0	0	0.1	0.0645612280115112	0.0563113773202968	-0.0485437780293453	0.175245321516926	0.223789099546271	0	0	0	0.2	0.176922555308485	0.123534401829329	-0.0490062595877678	0.435054871300534	0.484061130888301	0	0	1	0.1	0.24762550875077	0.099021550238146	0.0875357027591461	0.461392509679154	0.373856806920008	0	0	1	0.2	0.749063331905931	0.304462434186918	0.290244239007878	1.47252455180292	1.18228031279504	0	0	2	0.1	0.674859840089359	0.220810644623535	0.334796236275903	1.1958713916033	0.861075155327393	0	0	2	0.2	1.67265437508162	0.491433503511336	0.872560146198147	2.78770844553453	1.91514829933639	0	0	3	0.1	1.08725243339271	0.315867218599852	0.595054608662032	1.84732819210024	1.25227358343821	0	0	3	0.2	2.30562661221749	0.590846732601988	1.31622618508334	3.63674249608842	2.32051631100508
606	0	0	0	0.1	0.203743884375008	0.0756995499305508	0.065081123875281	0.362315947039167	0.297234823163886	0	0	0	0.2	0.542095950998097	0.228109843669887	0.153709507274498	1.07232740431402	0.918617897039522	0	0	1	0.1	0.390918804529911	0.135527181876678	0.143980668313463	0.677143313446142	0.533162645132678	0	0	1	0.2	1.04165282519183	0.299488898837309	0.49325679611468	1.61615187696412	1.12289508084944	0	0	2	0.1	0.812782402224838	0.178982879466446	0.509117770025486	1.19547251629156	0.686354746266078	0	0	2	0.2	1.52649539757997	0.298744275641744	1.02884377336396	2.16724309803863	1.13839932467466	0	0	3	0.1	1.00975954899765	0.210727488215122	0.653768587620665	1.47577844072101	0.822009853100342	0	0	3	0.2	1.75111513747319	0.334802033708751	1.16382216797203	2.50081154504404	1.33698937707201
610	0	0	0	0.1	0.159789325590071	0.0698396847968238	0.026549979913307	0.316794589939447	0.29024461002614	0	0	0	0.2	0.566193994114704	0.281230495630335	0.097578050131242	1.25108779812648	1.15350974799524	0	0	1	0.1	0.69586164127168	0.237660486438231	0.293836897899519	1.21373767188018	0.919900773980659	0	0	1	0.2	1.858885384687	0.411573264239476	1.09865796149409	2.70611564484809	1.607457683354	0	0	2	0.1	1.41405003818068	0.282175397672224	0.937112018000537	2.02815692524914	1.09104490724861	0	0	2	0.2	2.4610933467219	0.411850248161097	1.71486340178453	3.30455466339518	1.58969126161064	0	0	3	0.1	1.71129204949505	0.323290520084515	1.13508867131385	2.42791519296097	1.29282652164712	0	0	3	0.2	2.8336484676389	0.473865943520507	1.95242467102813	3.86874542070982	1.9163207496817
609	0	0	0	0.1	0.119550057775233	0.0809088611963454	-0.0305789237142504	0.290931319262869	0.321510242977119	0	0	0	0.2	0.237900257316724	0.211506488006889	-0.142476391476429	0.69183878672875	0.834315178205179	0	0	1	0.1	0.19344389121581	0.130454411173817	-0.049848456015528	0.470627471305359	0.520475927320887	0	0	1	0.2	0.715275438163023	0.345053723298909	0.121240152683517	1.46107297600796	1.33983282332444	0	0	2	0.1	0.771771407263863	0.222137567618022	0.354615313205769	1.23038513889204	0.875769825686267	0	0	2	0.2	1.55793173314694	0.37057385610054	0.818192180725984	2.26389247496648	1.44570029424049	0	0	3	0.1	1.0865793663815	0.254477815222875	0.610993326475583	1.57282977918653	0.96183645271095	0	0	3	0.2	1.91370963602889	0.395214943950796	1.16058685298163	2.68614346484881	1.52555661186719
608	0	0	0	0.1	0.2368805898986	0.0856409474377433	0.0826417975303109	0.413677136050469	0.331035338520158	0	0	0	0.2	0.577905974061096	0.23993289073711	0.159053698806806	1.1026342585909	0.943580559784094	0	0	1	0.1	0.363313922009749	0.148810276898535	0.0842189901838914	0.680912977314651	0.59669398713076	0	0	1	0.2	1.04543312401157	0.379806871640453	0.325597428100285	1.85282081393243	1.52722338583215	0	0	2	0.1	0.867888394910427	0.25059209930925	0.43474056970399	1.41547633792713	0.980735768223142	0	0	2	0.2	1.81503084602589	0.430525559624217	1.02634706804144	2.69107719878408	1.66473013074264	0	0	3	0.1	1.33822914824681	0.326391923421689	0.763819161995109	2.03674768788466	1.27292852588955	0	0	3	0.2	2.40250897594666	0.48194070884831	1.49303313164054	3.37532967971866	1.88229654807812
612	0	0	0	0.1	0.0821485777863242	0.0547569948844203	-0.031249089601174	0.188914678662782	0.220163768263956	0	0	0	0.2	0.13633475267697	0.132148316422139	-0.142124679150986	0.384950463783041	0.527075142934027	0	0	1	0.1	0.110310399855261	0.0783592449588529	-0.0384702802978686	0.252958690615845	0.291428970913713	0	0	1	0.2	0.307381753019453	0.17737395848397	-0.028095606511239	0.645522167067323	0.673617773578562	0	0	2	0.1	0.365572285627267	0.106828896617056	0.164186112208844	0.574904497491749	0.410718385282905	0	0	2	0.2	0.835656052917004	0.223767364808993	0.410344319171228	1.28727628490133	0.8769319657301	0	0	3	0.1	0.592130439546045	0.143084957978857	0.332865653518796	0.87872101144611	0.545855357927314	0	0	3	0.2	1.20382832480954	0.279073131829706	0.699316420805558	1.77339611547665	1.07407969467109
613	0	0	0	0.1	0.121210492159112	0.0591787104859535	0.00652187314743852	0.24875975663469	0.242237883487251	0	0	0	0.2	0.264368970944235	0.138225185948599	0.0112622540319824	0.549522395195745	0.538260141163763	0	0	1	0.1	0.247825943783186	0.111145007759713	0.0589798303174993	0.487265786947842	0.428285956630343	0	0	1	0.2	0.787971359516387	0.367235960544695	0.222608586993948	1.66294800316111	1.44033941616716	0	0	2	0.1	0.789515166524872	0.264627712979582	0.352561233896911	1.39338964583323	1.04082841193632	0	0	2	0.2	1.92504199493221	0.537069250060267	0.934696045120187	3.09800312381692	2.16330707869674	0	0	3	0.1	1.42837022824944	0.381962083416261	0.765380009485617	2.28560472493692	1.5202247154513	0	0	3	0.2	2.75346733014473	0.621301945628112	1.61136510416261	4.05359170930668	2.44222660514408
616	0	0	0	0.1	0.0958389886506977	0.0556508465238517	-0.0148045066429301	0.209690526073726	0.224495032716656	0	0	0	0.2	0.231396221126909	0.116785084632899	0.0103722017242544	0.473996676285133	0.463624474560878	0	0	1	0.1	0.263720602603723	0.0797424818218524	0.115703024022372	0.43392236118649	0.318219337164118	0	0	1	0.2	0.634968408345131	0.18483058210102	0.304324355242219	1.00027324140991	0.695948886167696	0	0	2	0.1	0.536715803301732	0.123324235503288	0.316617524494226	0.791084580121434	0.474467055627208	0	0	2	0.2	1.13692315908731	0.255928529677492	0.688312944273557	1.68722801705772	0.99891507278416	0	0	3	0.1	0.766904674989755	0.169240783404691	0.473503921197575	1.13914570583447	0.665641784636891	0	0	3	0.2	1.55372334858778	0.334954532699228	0.971300120885546	2.27590143347232	1.30460131258678
611	0	0	0	0.1	0.0973640064770812	0.0817490859124402	-0.0616379635614477	0.257811363214159	0.319449326775607	0	0	0	0.2	0.258442945214194	0.203571214846413	-0.127367919572093	0.682253231254216	0.809621150826309	0	0	1	0.1	0.313080510902609	0.136950197214263	0.0736724193518486	0.615357771909521	0.541685352557672	0	0	1	0.2	0.894642756132028	0.334526678028704	0.324892536856719	1.64362543142413	1.31873289456741	0	0	2	0.1	0.738082443153407	0.209993578418194	0.395103329778645	1.21675981579724	0.821656486018598	0	0	2	0.2	1.56767248317923	0.405161069727063	0.885019391806976	2.47999835504402	1.59497896323705	0	0	3	0.1	1.0114326902471	0.266719456431479	0.599756130989121	1.64549351823011	1.04573738724099	0	0	3	0.2	1.95351457617122	0.476882021070709	1.19737903264993	3.02128211587805	1.82390308322812
620	0	0	0	0.1	0.066012414319445	0.0683624532612794	-0.0715795504526146	0.200795011909544	0.272374562362159	0	0	0	0.2	0.210530245674538	0.190591707718659	-0.153025798242446	0.610062241617292	0.763088039859738	0	0	1	0.1	0.274365703748662	0.127579480694803	0.0648130631735712	0.554312247812588	0.489499184639017	0	0	1	0.2	1.05926771572639	0.375088506211189	0.434838753534138	1.88543597057463	1.45059721704049	0	0	2	0.1	0.980847924801044	0.235841963257387	0.57007111463315	1.4957711576801	0.925700043046954	0	0	2	0.2	1.94512538827787	0.381371861035687	1.26818075654904	2.73382244624128	1.46564168969224	0	0	3	0.1	1.42799377349899	0.288119292515588	0.903590121065272	2.06110714566169	1.15751702459642	0	0	3	0.2	2.43825980351025	0.430391790914239	1.63991541050386	3.34812495832688	1.70820954782301
614	0	0	0	0.1	0.109834263766395	0.0587348796696883	-0.00436108748064177	0.223625466115966	0.227986553596608	0	0	0	0.2	0.20779526106471	0.158146262988286	-0.0966032376910102	0.531646869797626	0.628250107488636	0	0	1	0.1	0.145275316188591	0.130620166477341	-0.113876296261585	0.397595484046136	0.511471780307721	0	0	1	0.2	0.531005188192159	0.344291202258428	-0.145975624676407	1.1952169230528	1.34119254772921	0	0	2	0.1	0.586175278713753	0.218843473451304	0.172818449897303	1.01800264217688	0.845184192279576	0	0	2	0.2	1.25795457731883	0.399526276915649	0.47299882004801	2.05421026003223	1.58121143998422	0	0	3	0.1	0.91804347372586	0.27654930630124	0.423365818605783	1.49909576633952	1.07572994773374	0	0	3	0.2	1.68646950836779	0.458747789628204	0.833047897006715	2.65488396185848	1.82183606485177
625	0	0	0	0.1	0.00888865575257701	0.0761813496590693	-0.141456623981136	0.158166056051221	0.299622680032357	0	0	0	0.2	0.0059424916467403	0.205540694938049	-0.390565843531641	0.430896708499955	0.821462552031596	0	0	1	0.1	0.0794644501525029	0.139922782174713	-0.177347653432981	0.377395798458634	0.554743451891614	0	0	1	0.2	0.589029780661519	0.458256566532175	-0.156552731449972	1.62317613155868	1.77972886300865	0	0	2	0.1	0.707030536044835	0.293887837153474	0.235850298195798	1.3930834445806	1.1572331463848	0	0	2	0.2	1.78509564005916	0.568080947026213	0.818388747616369	3.04707301050261	2.22868426288624	0	0	3	0.1	1.26317840930522	0.377063624590344	0.638753308056778	2.12742609185796	1.48867278380118	0	0	3	0.2	2.43963144688086	0.599564536492015	1.40581065599629	3.8003836689405	2.39457301294421
615	0	0	0	0.1	0.175912195695025	0.0823908968232627	0.0168569530124816	0.343646424729024	0.326789471716542	0	0	0	0.2	0.453231653948164	0.215076242618614	0.0514061465282532	0.892714534874499	0.841308388346246	0	0	1	0.1	0.391604667783287	0.141450269502756	0.132349076755437	0.677209098474795	0.544860021719357	0	0	1	0.2	1.01395606232948	0.334942580933396	0.410938421802497	1.68285492868517	1.27191650688267	0	0	2	0.1	0.801842949074221	0.204328862312275	0.447035222234722	1.23214390381033	0.785108681575608	0	0	2	0.2	1.60113757990506	0.360465304266281	0.943239769571139	2.3289888083306	1.38574903875946	0	0	3	0.1	1.10885537146928	0.246625599368285	0.665546211684997	1.60875665178285	0.943210440097854	0	0	3	0.2	1.99263388089148	0.399332183400869	1.25307604819469	2.82474681479916	1.57167076660447
618	0	0	0	0.1	0.0490856435770776	0.0602650710248582	-0.0728609313013262	0.170926556653747	0.243787487955073	0	0	0	0.2	0.0306474996543293	0.128733244461391	-0.230014866511448	0.275170471427466	0.505185337938913	0	0	1	0.1	0.0288769882124733	0.0850957609332918	-0.147318211600019	0.189152806636438	0.336471018236457	0	0	1	0.2	0.0764746975203911	0.194597690155741	-0.323288356396603	0.445042916591937	0.76833127298854	0	0	2	0.1	0.297743802330309	0.11783716700404	0.0638973168611065	0.531255270691758	0.467357953830652	0	0	2	0.2	0.801849387785763	0.260036524575807	0.326261367112519	1.34324078370347	1.01697941659095	0	0	3	0.1	0.687371276745477	0.171292025053005	0.392295947672432	1.07026367917231	0.677967731499876	0	0	3	0.2	1.46976924259923	0.351300043267602	0.858927966862785	2.26016508231542	1.40123711545264
626	0	0	0	0.1	0.152485127245419	0.0895847492044869	-0.00724199517365197	0.335256647842815	0.342498643016467	0	0	0	0.2	0.285201271415152	0.237991112588561	-0.143895528625414	0.791148550926261	0.935044079551674	0	0	1	0.1	0.191618009344567	0.139090176796505	-0.0911807469208239	0.470249111897199	0.561429858818023	0	0	1	0.2	0.814585839247856	0.347783549468183	0.169187582029116	1.49474997230168	1.32556239027257	0	0	2	0.1	0.840083008807824	0.239693922964521	0.445918260860626	1.36637030226876	0.920452041408131	0	0	2	0.2	1.85904015156191	0.425780027909274	1.08592443247857	2.71748612869324	1.63156169621466	0	0	3	0.1	1.3306948287383	0.331984982356962	0.770109601649429	2.00616311510608	1.23605351345666	0	0	3	0.2	2.52029527926393	0.526792295631095	1.551543847608	3.574996905773	2.023453058165
617	0	0	0	0.1	0.0822014582661028	0.0983533736859339	-0.110608994822142	0.278117704279511	0.388726699101653	0	0	0	0.2	0.131834753060916	0.208142785063904	-0.262090260544932	0.555449980273041	0.817540240817973	0	0	1	0.1	0.0901838989002778	0.106278351445326	-0.116640420399716	0.296266079551426	0.412906499951142	0	0	1	0.2	0.301564943144309	0.232163482774219	-0.145626749402791	0.78130963149681	0.926936380899601	0	0	2	0.1	0.342794968732909	0.141409315171842	0.0913407178289081	0.637646623620812	0.546305905791904	0	0	2	0.2	0.829392882912831	0.312392106456268	0.28910724686121	1.48595148920606	1.19684424234485	0	0	3	0.1	0.588019526790733	0.192285280431146	0.267898063239024	1.01619629143022	0.748298228191197	0	0	3	0.2	1.30306936639746	0.398319492326854	0.625493217668544	2.17492519885609	1.54943198118755
619	0	0	0	0.1	0.0634429979622457	0.066845543748582	-0.0656564244972178	0.193451153976438	0.259107578473656	0	0	0	0.2	0.0419372331488451	0.157435294477875	-0.281942432383691	0.331930222179399	0.613872654563091	0	0	1	0.1	-0.0303810449513684	0.119560324620195	-0.281875710124751	0.181643233084137	0.463518943208888	0	0	1	0.2	-0.0667626127659775	0.302992545598657	-0.682840945886175	0.466023464829835	1.14886441071601	0	0	2	0.1	0.187632055198021	0.174496104341795	-0.147528468093139	0.549245116524037	0.696773584617176	0	0	2	0.2	0.585020760086682	0.372009043975844	-0.129285619304155	1.36179365911437	1.49107927841853	0	0	3	0.1	0.539237769339938	0.21993146620489	0.157842737990521	1.0225325740596	0.864689836069077	0	0	3	0.2	1.12498432543339	0.401295228563808	0.389867945081248	1.9532754799744	1.56340753489315
621	0	0	0	0.1	0.0232953494165963	0.062512722961631	-0.109708482464226	0.140410459180242	0.250118941644468	0	0	0	0.2	0.0190430856017641	0.153874483988695	-0.297150267957056	0.312115631451954	0.60926589940901	0	0	1	0.1	0.0663424159551209	0.0988793871668606	-0.145405885877124	0.25574863855299	0.401154524430113	0	0	1	0.2	0.347488971262124	0.274599102407439	-0.146857261437875	0.898397748699955	1.04525501013783	0	0	2	0.1	0.501721192305663	0.202916269951257	0.164108728118343	0.94622428346313	0.782115555344787	0	0	2	0.2	1.31893531552883	0.487509273067185	0.509401568805004	2.45635971363197	1.94695814482697	0	0	3	0.1	0.971246881745467	0.34108978372667	0.426791335490083	1.81202690882761	1.38523557333752	0	0	3	0.2	2.09745688268041	0.667555932447289	0.962923812478606	3.67216738370281	2.70924357122421
623	0	0	0	0.1	0.0612984254924418	0.0869555163786899	-0.116929904253944	0.235916620664286	0.35284652491823	0	0	0	0.2	0.121911612198642	0.187542001202237	-0.264771351083494	0.488593007845703	0.753364358929198	0	0	1	0.1	0.140470816715927	0.115302242314658	-0.0894872903822981	0.372159594506199	0.461646884888497	0	0	1	0.2	0.483216013120327	0.295133371084034	-0.0884704505200003	1.09893514903483	1.18740559955483	0	0	2	0.1	0.526063630015409	0.186116946258566	0.191445459667835	0.944903093185681	0.753457633517846	0	0	2	0.2	1.22307463039423	0.370306499592488	0.539376030379405	2.02197636953979	1.48260033916038	0	0	3	0.1	0.855576960466591	0.237948638517505	0.446704179226073	1.37173560326133	0.925031424035256	0	0	3	0.2	1.70882182322114	0.418694828936898	0.991694854404417	2.59072105314759	1.59902619874317
622	0	0	0	0.1	0.0927266232636237	0.0587578171773112	-0.0160258023264413	0.214945086212055	0.230970888538497	0	0	0	0.2	0.22872891460165	0.168757226405203	-0.0826835373761628	0.579416749877174	0.662100287253337	0	0	1	0.1	0.247842824089749	0.135886517533299	0.00828580196081953	0.54351898694529	0.535233184984471	0	0	1	0.2	1.02725981389725	0.459061367428031	0.292353773838826	2.05872440452043	1.76637063068161	0	0	2	0.1	0.959584805541421	0.29401775675477	0.492563921190328	1.63316015011369	1.14059622892336	0	0	2	0.2	2.22466286404414	0.54634224370422	1.25216421324516	3.45396496898717	2.201800755742	0	0	3	0.1	1.51827137375647	0.382699218262172	0.899440538204104	2.42958128034436	1.53014074214026	0	0	3	0.2	2.88463320095979	0.624626747959792	1.80128959456046	4.30219553169778	2.50090593713732
624	0	0	0	0.1	0.0571842091761777	0.0855107817064744	-0.111663155377257	0.226683494080285	0.338346649457542	0	0	0	0.2	0.047170416999584	0.212343251713508	-0.378054580155948	0.481008826424089	0.859063406580037	0	0	1	0.1	0.0369739330834367	0.160326474000824	-0.280894163319932	0.365537184633438	0.64643134795337	0	0	1	0.2	0.329317562209996	0.389193769615	-0.341885272425731	1.19114711174329	1.53303238416902	0	0	2	0.1	0.500756258080362	0.248187360002659	0.11554139711157	1.0853020435231	0.969760646411532	0	0	2	0.2	1.21350880245061	0.442694269076816	0.480791249679243	2.21607004725558	1.73527879757634	0	0	3	0.1	0.931568203882822	0.297314431208879	0.47067333112476	1.61547370833568	1.14480037721092	0	0	3	0.2	1.74541257897246	0.45594645509475	1.01737069214499	2.73041062025623	1.71303992811123
637	0	0	0	0.1	0.0932044027981593	0.0524827912689504	-0.0135761357651542	0.199398337457134	0.212974473222288	0	0	0	0.2	0.170303496443201	0.144086478690166	-0.118188451520664	0.457012223834494	0.575200675355158	0	0	1	0.1	0.107253535303221	0.145798787618261	-0.162299257866667	0.423132609690026	0.585431867556694	0	0	1	0.2	0.626311032209246	0.480565359601781	-0.165953593370867	1.66540970786572	1.83136330123658	0	0	2	0.1	0.769384178274912	0.298037851737891	0.273851672972456	1.40660268887598	1.13275101590353	0	0	2	0.2	1.61885104856773	0.465345007554076	0.773856917920458	2.58866409802366	1.8148071801032	0	0	3	0.1	1.13864400456732	0.31393114749892	0.589810885677849	1.80465207380592	1.21484118812808	0	0	3	0.2	1.96764917658799	0.475419598302832	1.09723834163168	2.98762290107405	1.89038455944237
628	0	0	0	0.1	0.142337139247993	0.057711498272584	0.0358767550802424	0.269223579539364	0.233346824459122	0	0	0	0.2	0.427827037733606	0.174447335135998	0.142441100288533	0.812062367078324	0.669621266789791	0	0	1	0.1	0.428010235388749	0.165119509036874	0.180031794899955	0.80273080001818	0.622699005118225	0	0	1	0.2	1.33851163310138	0.491311477203874	0.549924803820514	2.46349669914432	1.91357189532381	0	0	2	0.1	1.02121674406731	0.293579909582686	0.544296946098816	1.70125485920037	1.15695791310156	0	0	2	0.2	2.11793810960479	0.489164313089088	1.26072360206393	3.17665755761249	1.91593395554856	0	0	3	0.1	1.45156474421562	0.351377550382587	0.854947477652906	2.23962156138146	1.38467408372855	0	0	3	0.2	2.62362237870757	0.544640214415514	1.63022153644747	3.74961323915319	2.11939170270573
631	0	0	0	0.1	0.0710900640534455	0.0861795462772416	-0.0997158403195837	0.243376706314028	0.343092546633612	0	0	0	0.2	0.128009412375325	0.199624528436102	-0.257542151331542	0.525404075693056	0.782946227024597	0	0	1	0.1	0.151618637999133	0.118876941371102	-0.0776477048454592	0.390461538392976	0.468109243238435	0	0	1	0.2	0.541378588543519	0.280307721205397	0.0376133987086641	1.17555041655037	1.1379370178417	0	0	2	0.1	0.581004373429464	0.162820463908472	0.290036998526026	0.94921438147145	0.659177382945424	0	0	2	0.2	1.34433779881093	0.315538902814085	0.773592182315221	1.98553611452683	1.21194393221161	0	0	3	0.1	0.907580456814376	0.199526014522317	0.556757987839392	1.32679308694758	0.770035099108188	0	0	3	0.2	1.81481443928124	0.355417212486172	1.20174099536331	2.53084991675271	1.3291089213894
645	0	0	0	0.1	0.0791395669951437	0.0591124192340409	-0.0356747016940832	0.189260395150463	0.224935096844547	0	0	0	0.2	0.128790834165941	0.18552083938815	-0.25582027142174	0.476043879338754	0.731864150760494	0	0	1	0.1	0.117768333116902	0.151800676201215	-0.168018413179346	0.419737252925887	0.587755666105233	0	0	1	0.2	0.852112146876688	0.439079071264934	0.104856183336509	1.82335914229222	1.71850295895571	0	0	2	0.1	0.922910609771176	0.281576596871536	0.456470443605053	1.5826108362082	1.12614039260315	0	0	2	0.2	1.99742663295815	0.437779417660315	1.18286667703369	2.93144841334548	1.74858173631178	0	0	3	0.1	1.40181113046296	0.31098602323007	0.840624617502862	2.10633898441698	1.26571436691412	0	0	3	0.2	2.49696202694236	0.45647260467759	1.63843987336349	3.45721215450868	1.81877228114519
644	0	0	0	0.1	0.136552769444971	0.0576712016018014	0.0306605466493735	0.257575320694617	0.226914774045244	0	0	0	0.2	0.291881662552354	0.139599720630886	0.02364134963954	0.603400039746729	0.579758690107189	0	0	1	0.1	0.185697560060727	0.0980313653027875	0.000836300261734554	0.380112367869524	0.379276067607789	0	0	1	0.2	0.511217255942705	0.256606000549761	0.0392601229549321	1.04298974353009	1.00372962057516	0	0	2	0.1	0.429510235074072	0.156021780068284	0.148760679026274	0.76808873372787	0.619328054701596	0	0	2	0.2	0.98589643777417	0.329295197539663	0.373929048911206	1.69974246670989	1.32581341779869	0	0	3	0.1	0.656409954088099	0.20393697982216	0.296474889214678	1.10559555879085	0.80912066957617	0	0	3	0.2	1.33726820854877	0.391931910376916	0.609543826916469	2.16669857118585	1.55715474426938
643	0	0	0	0.1	0.0459985836388855	0.0810478941765176	-0.115832134950075	0.204807739261657	0.320639874211732	0	0	0	0.2	0.128990327924196	0.18600798840746	-0.206802530004617	0.49907897447345	0.705881504478066	0	0	1	0.1	0.21412152085178	0.115800686764007	-2.32050101002066e-05	0.467010979982734	0.467034184992835	0	0	1	0.2	0.763942757833465	0.31422405865457	0.192761626466543	1.46045401441533	1.26769238794879	0	0	2	0.1	0.832479242584881	0.240200439204117	0.420524694807418	1.37793747165284	0.957412776845418	0	0	2	0.2	1.99796212109688	0.475520722696577	1.13315962793789	3.01584090699193	1.88268127905404	0	0	3	0.1	1.56706586335555	0.384903013841697	0.909124574541621	2.41801189978352	1.5088873252419	0	0	3	0.2	3.08763880736424	0.597967961832199	1.94421743347657	4.3003678775816	2.35615044410503
627	0	0	0	0.1	0.193224112487441	0.0695275796267304	0.0676433175523627	0.329306947392678	0.261663629840315	0	0	0	0.2	0.418579023229036	0.168361226883277	0.126551175823596	0.775813916138028	0.649262740314432	0	0	1	0.1	0.279947064173827	0.116238355949409	0.0682973542531829	0.514396942018772	0.446099587765589	0	0	1	0.2	0.73917324910596	0.328499782362389	0.153219635436841	1.44524026166711	1.29202062623027	0	0	2	0.1	0.622541532817596	0.212734425166286	0.263700237720531	1.09259257552732	0.828892337806792	0	0	2	0.2	1.48774733718208	0.445527974777443	0.695942127669712	2.38258179722474	1.68663966955503	0	0	3	0.1	1.05239635482552	0.298711635820174	0.543330821084475	1.70093850513026	1.15760768404578	0	0	3	0.2	2.08796280299355	0.510064258565473	1.19687355599291	3.12038723563278	1.92351367963988
632	0	0	0	0.1	0.101330834262972	0.0685985530629786	-0.0197708474885626	0.24317148018408	0.262942327672643	0	0	0	0.2	0.254822454988975	0.17858113872595	-0.0622816274698471	0.604725002275208	0.667006629745055	0	0	1	0.1	0.231434110998458	0.124957070153911	0.00687930180979618	0.489009126568493	0.482129824758697	0	0	1	0.2	0.74914106161102	0.326780501952401	0.18272887301081	1.47217324361921	1.2894443706084	0	0	2	0.1	0.659155343224164	0.207787966623219	0.295121939506246	1.11619928623867	0.821077346732423	0	0	2	0.2	1.45386483584958	0.402334586032826	0.700109506205455	2.32953849341927	1.62942898721382	0	0	3	0.1	0.95799503674735	0.260383336377903	0.499129839456715	1.5080160526258	1.00888621316909	0	0	3	0.2	1.83916893818942	0.456478101197422	1.03335685597852	2.79333856800405	1.75998171202553
641	0	0	0	0.1	0.0984191218240698	0.0631782124791481	-0.0264663113163257	0.212647878612521	0.239114189928847	0	0	0	0.2	0.187768414039218	0.155220315497457	-0.125902544076158	0.496210851300836	0.622113395376994	0	0	1	0.1	0.133606399001253	0.113631878114083	-0.0874358546724938	0.364700975629375	0.452136830301869	0	0	1	0.2	0.430624235914113	0.338815425963601	-0.168397384907908	1.16334877409559	1.3317461590035	0	0	2	0.1	0.504842767904487	0.208513330299128	0.147289348595012	0.982070380851184	0.834781032256173	0	0	2	0.2	1.23098342016032	0.437255112814076	0.488910119783023	2.21081763623988	1.72190751645686	0	0	3	0.1	0.873978986362041	0.276433527595489	0.412355125007274	1.52008959120225	1.10773446619498	0	0	3	0.2	1.68517773979645	0.482390903323729	0.841023867001678	2.74845995199253	1.90743608499085
629	0	0	0	0.1	-0.00668251660759338	0.0778985664033379	-0.165384745570507	0.148617676996636	0.314002422567143	0	0	0	0.2	-0.0844895822814267	0.198284392673847	-0.465193201396033	0.314383636758426	0.779576838154459	0	0	1	0.1	-0.00916265906606705	0.125986748824527	-0.250647579361674	0.231170894467747	0.481818473829421	0	0	1	0.2	0.210889852262814	0.279213162199347	-0.302912415273386	0.794614243672673	1.09752665894606	0	0	2	0.1	0.400459250039503	0.163030731464622	0.101380591991892	0.773267231569102	0.67188663957721	0	0	2	0.2	1.02163345298227	0.335060345768298	0.422468754561439	1.77463456068762	1.35216580612619	0	0	3	0.1	0.763050203619247	0.216163252990034	0.413723508351326	1.2485340370466	0.834810528695275	0	0	3	0.2	1.57575402795386	0.398363882125518	0.882450920225443	2.4115755203008	1.52912460007535
649	0	0	0	0.1	0.0561928041827882	0.0630627638419846	-0.073321893152224	0.173670783277331	0.246992676429555	0	0	0	0.2	0.106147998375808	0.152066642469158	-0.199192619279263	0.41593947617622	0.615132095455483	0	0	1	0.1	0.0808374183968138	0.118068221151409	-0.160979790830452	0.321312793875821	0.482292584706273	0	0	1	0.2	0.426694969503185	0.365278497961704	-0.238411473194513	1.18781727386012	1.42622874705463	0	0	2	0.1	0.566492970528273	0.245177734439211	0.149773910539459	1.12344053833813	0.973666627798666	0	0	2	0.2	1.40201710587518	0.470154485011586	0.593039044821556	2.39484012031225	1.80180107549069	0	0	3	0.1	1.02580058328152	0.322000127623867	0.501789653531931	1.72149299395751	1.21970334042558	0	0	3	0.2	1.95589765210718	0.528191041766622	1.03757689537925	3.03112288393935	1.9935459885601
648	0	0	0	0.1	0.0032600662735192	0.109509411857429	-0.220618307666516	0.207991300994956	0.428609608661473	0	0	0	0.2	0.0956529255293725	0.270654856996174	-0.374190153995848	0.685797770988679	1.05998792498453	0	0	1	0.1	0.303779051828542	0.177923487879842	-0.00270184182310137	0.689146430359827	0.691848272182928	0	0	1	0.2	1.12491982562853	0.406142192836959	0.378647875788844	2.0352949619805	1.65664708619165	0	0	2	0.1	1.0155893777056	0.285401632389688	0.548920688652335	1.6300227624236	1.08110207377127	0	0	2	0.2	2.11177015838089	0.485258340569419	1.25037680876027	3.12078403448322	1.87040722572296	0	0	3	0.1	1.46492552364154	0.383291763376887	0.82944145727525	2.30143993097994	1.47199847370469	0	0	3	0.2	2.719402148662	0.597253126690755	1.67732381254916	4.00097960541613	2.32365579286696
647	0	0	0	0.1	0.0902567664533854	0.0856942205653813	-0.0778721589917625	0.262098925627562	0.339971084619325	0	0	0	0.2	0.224111186271074	0.21113344267867	-0.175644495400437	0.669732728179418	0.845377223579855	0	0	1	0.1	0.186136805503465	0.126864005351666	-0.0428089812400472	0.442535938287255	0.485344919527302	0	0	1	0.2	0.595311295895538	0.338587151181588	0.0103050702703121	1.31490451411182	1.30459944384151	0	0	2	0.1	0.577428960246891	0.211813624607816	0.210999476015197	1.07946414952934	0.868464673514144	0	0	2	0.2	1.45491027816087	0.460946721898623	0.658128666057061	2.45819799422823	1.80006932817117	0	0	3	0.1	1.02589684962069	0.293422262142391	0.53134526079669	1.69829801949464	1.16695275869795	0	0	3	0.2	2.11918707517425	0.537012714722175	1.1713152539247	3.28754854467396	2.11623329074926
634	0	0	0	0.1	0.177840276536394	0.119845303496933	-0.0413571247924092	0.432473811607343	0.473830936399753	0	0	0	0.2	0.45571826697526	0.345373372921694	-0.15606171887306	1.20403646067347	1.36009817954653	0	0	1	0.1	0.290257991173285	0.17602178085581	-0.0288173530099323	0.680956259534985	0.709773612544918	0	0	1	0.2	0.842625947753668	0.353219914524228	0.227157071091558	1.60525056274188	1.37809349165032	0	0	2	0.1	0.658601995470427	0.194716611001255	0.328347158657064	1.08440302987824	0.756055871221179	0	0	2	0.2	1.29106426975736	0.324498975916395	0.716387738913313	1.98391882670673	1.26753108779341	0	0	3	0.1	0.842622206457438	0.208262143191993	0.491280695912784	1.28994092940662	0.798660233493841	0	0	3	0.2	1.51454489439399	0.337158384196585	0.898677401356171	2.22809558545379	1.32941818409762
630	0	0	0	0.1	0.138500985409306	0.0820327536764254	-0.0184328251564478	0.306663691349686	0.325096516506133	0	0	0	0.2	0.373760358698929	0.220787546196505	-0.0129875345268346	0.831945361144334	0.844932895671169	0	0	1	0.1	0.411141375781532	0.154564684693692	0.132770289090937	0.744451806889279	0.611681517798342	0	0	1	0.2	1.28346672332381	0.388226481095083	0.598600882129193	2.11289546388938	1.51429458176018	0	0	2	0.1	1.08239991130912	0.260815546498724	0.633045470045925	1.64214610238154	1.00910063233562	0	0	2	0.2	2.04653185153632	0.405515705093104	1.32001663182874	2.92831064640229	1.60829401457355	0	0	3	0.1	1.38045025669617	0.29957606664543	0.870145383766611	2.06017096873362	1.19002558496701	0	0	3	0.2	2.41054450617404	0.45365441939266	1.60770082353963	3.39445285982779	1.78675203628816
636	0	0	0	0.1	0.163058608663863	0.0563538839294884	0.0555995980869443	0.277003111446052	0.221403513359107	0	0	0	0.2	0.325137686245483	0.143581252334906	0.038873612248905	0.623964086255509	0.585090474006604	0	0	1	0.1	0.206133182838799	0.113039102566347	-0.0274516324754204	0.418086866415738	0.445538498891159	0	0	1	0.2	0.56567732444511	0.31159460348462	-0.0740173784201037	1.17409420413208	1.24811158255219	0	0	2	0.1	0.564961158011688	0.200233836085481	0.180259598911807	0.990513345189533	0.810253746277726	0	0	2	0.2	1.22852287116271	0.385862294966891	0.498714499533385	1.99193958141892	1.49322508188553	0	0	3	0.1	0.891697790432847	0.258553237656703	0.42472568141676	1.44911883124989	1.02439314983313	0	0	3	0.2	1.65850029084295	0.442517442504575	0.849666118825996	2.55905167817697	1.70938555935098
635	0	0	0	0.1	0.204025082134833	0.090966591627739	0.036209366901194	0.392992469270313	0.356783102369119	0	0	0	0.2	0.51891616672599	0.231411768223839	0.102665216117785	1.00600228223497	0.903337066117189	0	0	1	0.1	0.372382156013794	0.133327955728669	0.128632432530695	0.636080603997249	0.507448171466554	0	0	1	0.2	1.03301800303732	0.342631407217145	0.42378471477026	1.73790844002966	1.3141237252594	0	0	2	0.1	0.800846870657836	0.203916485800638	0.437788181359886	1.2362351745065	0.798446993146618	0	0	2	0.2	1.678070459172	0.387923854142281	1.00080813039287	2.48103533585326	1.48022720546039	0	0	3	0.1	1.10837623773409	0.262379067576581	0.650089792003947	1.66890100315724	1.0188112111533	0	0	3	0.2	2.06216169697651	0.451599031152799	1.26335866108512	3.04164714392313	1.77828848283802
633	0	0	0	0.1	0.147553724748102	0.0783074322621017	0.00717684487941498	0.314391810835845	0.30721496595643	0	0	0	0.2	0.337275973244635	0.192982434202259	-0.034095301489759	0.756211896296152	0.790307197785911	0	0	1	0.1	0.24470869444946	0.105822617927483	0.0394146847932479	0.451699942881786	0.412285258088538	0	0	1	0.2	0.610169177747339	0.241550165145481	0.159338446043441	1.12073164002059	0.961393193977152	0	0	2	0.1	0.512985417099803	0.153594918600597	0.22326269336342	0.848709870033772	0.625447176670352	0	0	2	0.2	1.10559942384151	0.319657699837915	0.508084667195071	1.77520294496285	1.26711827776778	0	0	3	0.1	0.746305958708374	0.208009501493515	0.38010153453133	1.20902045243333	0.828918917902004	0	0	3	0.2	1.47443681921544	0.390251571662428	0.793833904855146	2.29188253623132	1.49804863137617
650	0	0	0	0.1	0.225119088052571	0.0717464925654885	0.0983995816674616	0.380309261349836	0.281909679682375	0	0	0	0.2	0.550046946484665	0.19799985688947	0.200949545971727	0.967485320136597	0.76653577416487	0	0	1	0.1	0.33675757318568	0.147093524369868	0.0703353177433195	0.641260612955221	0.570925295211901	0	0	1	0.2	0.969631399575988	0.382289992141624	0.323332623190083	1.83248548002295	1.50915285683287	0	0	2	0.1	0.729134957274058	0.226099759538753	0.368870645044328	1.22451965662003	0.855649011575706	0	0	2	0.2	1.41999483304352	0.374672528836541	0.779273850265458	2.24867177318847	1.46939792292301	0	0	3	0.1	0.930093121997541	0.257520212633712	0.505575106871723	1.50073890340672	0.995163796534994	0	0	3	0.2	1.63282336785223	0.396074484520882	0.928634881304239	2.51880255471296	1.59016767340872
639	0	0	0	0.1	0.208482034046554	0.0668609316994683	0.0891075923299961	0.356662916439294	0.267555324109298	0	0	0	0.2	0.527603793268394	0.191114427896997	0.20398887031597	0.963005635102728	0.759016764786758	0	0	1	0.1	0.331623275456464	0.120172512714997	0.126508344872996	0.606276524433052	0.479768179560056	0	0	1	0.2	0.893051193055687	0.355688808768046	0.369924502508111	1.78627454395665	1.41635004144854	0	0	2	0.1	0.693961691165089	0.233667733455031	0.366609417383649	1.26205840364282	0.89544898625917	0	0	2	0.2	1.52215642210858	0.488235614296265	0.826809131403976	2.65787834153343	1.83106921012946	0	0	3	0.1	0.993185200740068	0.314988618131977	0.558850896731373	1.82328992140072	1.26443902466935	0	0	3	0.2	1.9527175296433	0.559644216381069	1.14572291577384	3.39427864366776	2.24855572789392
654	0	0	0	0.1	-0.0225962198658037	0.0748270885174338	-0.185531021560614	0.120171112830175	0.30570213439079	0	0	0	0.2	-0.0685433055475395	0.186423647068569	-0.469750354171699	0.289905638593662	0.759655992765361	0	0	1	0.1	0.120511631062305	0.130404258310045	-0.130187217392969	0.394188916879569	0.524376134272538	0	0	1	0.2	0.632764132945262	0.351916155320576	0.0371989016657823	1.38539524113796	1.34819633947218	0	0	2	0.1	0.703567155304256	0.228211022091012	0.326605486971475	1.21240953919205	0.885804052220575	0	0	2	0.2	1.55060188216377	0.416698338638394	0.77119713030652	2.44439590774931	1.67319877744279	0	0	3	0.1	1.06880357497965	0.28495902907642	0.57759580565666	1.67895144094975	1.10135563529309	0	0	3	0.2	2.01842682419234	0.470515295917452	1.19502167255653	2.99852680594373	1.8035051333872
651	0	0	0	0.1	0.0475590937307619	0.0898343538161079	-0.143856990299385	0.206608589005635	0.35046557930502	0	0	0	0.2	0.0704832556291865	0.250153037671453	-0.431172883541389	0.554070240129223	0.985243123670612	0	0	1	0.1	0.0951246915833595	0.153627007536019	-0.204424264559028	0.409935805474332	0.61436007003336	0	0	1	0.2	0.607200535600338	0.433992778733436	-0.169825669983473	1.5192602425071	1.68908591249057	0	0	2	0.1	0.710537091265784	0.263204784577536	0.253718976449046	1.31877102194135	1.0650520454923	0	0	2	0.2	1.63231696145428	0.46719560869736	0.764161800262739	2.60209772593413	1.83793592567139	0	0	3	0.1	1.19648905853493	0.319228081007849	0.63920579081998	1.88522337434442	1.24601758352444	0	0	3	0.2	2.2139591431399	0.494923288336057	1.30118875815424	3.23044049436941	1.92925173621517
652	0	0	0	0.1	0.134736820592316	0.0574200934124445	0.0241440403460685	0.249538187867753	0.225394147521685	0	0	0	0.2	0.302059138227647	0.165320281431343	-0.0126631990657522	0.636340721759876	0.649003920825629	0	0	1	0.1	0.115321154466742	0.147798962642212	-0.16825187983572	0.428157944892069	0.596409824727789	0	0	1	0.2	0.353841247640296	0.343105842056184	-0.2623581600965	1.14763517410617	1.40999333420267	0	0	2	0.1	0.373243480225935	0.196343014198119	0.0443576678327341	0.81047400037623	0.766116332543496	0	0	2	0.2	0.79867500975289	0.337001985737842	0.199700246079076	1.5144859147628	1.31478566868372	0	0	3	0.1	0.580631281164952	0.192382155782243	0.24668109969254	0.99040598932988	0.74372488963734	0	0	3	0.2	1.08149648723374	0.326848302665935	0.474423833162944	1.74762792890934	1.2732040957464
638	0	0	0	0.1	0.143102004817584	0.110196480262414	-0.0628117341288248	0.379185124835304	0.441996858964129	0	0	0	0.2	0.484829387576707	0.265888219627543	-0.00830132997688496	1.08456297502639	1.09286430500328	0	0	1	0.1	0.455428281176732	0.183600343530801	0.165990665007647	0.902366452537775	0.736375787530128	0	0	1	0.2	1.23122184409637	0.437894582159391	0.525400684029196	2.15397198647708	1.62857130244789	0	0	2	0.1	0.879474960711793	0.272373500173047	0.439072813667007	1.47547667524441	1.0364038615774	0	0	2	0.2	1.83326658022449	0.476457527521975	1.00690294539182	2.79939478163068	1.79249183623886	0	0	3	0.1	1.15172436610227	0.2955868134161	0.641302583795323	1.75796765090341	1.11666506710808	0	0	3	0.2	2.19409938925729	0.491444506704499	1.29502483080987	3.23949859383369	1.94447376302382
640	0	0	0	0.1	0.245874152044185	0.0842501266862292	0.105505423961438	0.430352820886599	0.324847396925161	0	0	0	0.2	0.524380146798979	0.192456620178992	0.231708404730535	0.936994087589737	0.705285682859202	0	0	1	0.1	0.277448210046205	0.128881736852751	0.0443976835254225	0.559364103585432	0.514966420060009	0	0	1	0.2	0.808815415369309	0.3355996457141	0.212881075248112	1.55334164646396	1.34046057121585	0	0	2	0.1	0.720734643666785	0.221658724991324	0.327282263818227	1.19405847709732	0.866776213279097	0	0	2	0.2	1.56841564704008	0.41156126700416	0.820678081400964	2.43712330814635	1.61644522674538	0	0	3	0.1	1.11144734314981	0.297571200494041	0.607836183880931	1.77522216433479	1.16738598045386	0	0	3	0.2	2.09208903793216	0.48829328203404	1.21376065269685	3.06799845275009	1.85423780005324
646	0	0	0	0.1	0.224882146639553	0.0764868996508356	0.092555597530059	0.390434359891078	0.297878762361019	0	0	0	0.2	0.64550058787433	0.250264347671643	0.259307994015431	1.2476757546919	0.988367760676471	0	0	1	0.1	0.473163976866045	0.169342019952912	0.188751931644167	0.839934593763756	0.651182662119589	0	0	1	0.2	1.32801673761914	0.421820378803568	0.576342205424977	2.2272173884125	1.65087518298752	0	0	2	0.1	0.887104716390884	0.245430568557101	0.438990427203321	1.43260456893143	0.993614141728107	0	0	2	0.2	1.74589920555835	0.420358920228018	0.905457415670657	2.57555376849999	1.67009635282934	0	0	3	0.1	1.14388485079412	0.287470488812235	0.616063251214928	1.74131458137254	1.12525133015761	0	0	3	0.2	2.02515327526728	0.462372100168378	1.1068478509248	2.94971709509173	1.84286924416693
661	0	0	0	0.1	0.111364168777439	0.0725499973870227	-0.0235438808419551	0.263600657266888	0.287144538108843	0	0	0	0.2	0.340021145635772	0.215276273457862	-0.0530292578131908	0.808236467815755	0.861265725628946	0	0	1	0.1	0.299692540489637	0.149608759732978	0.0415253891849199	0.61841428437231	0.57688889518739	0	0	1	0.2	0.95164190311622	0.374680171521072	0.300965923738544	1.75255594790742	1.45159002416887	0	0	2	0.1	0.711837526339387	0.209933087502955	0.354131974888775	1.14726294456469	0.793130969675911	0	0	2	0.2	1.50389347101902	0.376284729773524	0.839964125526592	2.25712897417827	1.41716484865167	0	0	3	0.1	0.973272083996646	0.236938101374936	0.562553508624362	1.46819878391947	0.905645275295109	0	0	3	0.2	1.80120222437017	0.39154594000313	1.08485176327063	2.56004236532248	1.47519060205185
642	0	0	0	0.1	0.15042255125494	0.0638895469387998	0.0357134254075115	0.288682674079116	0.252969248671604	0	0	0	0.2	0.286195225370097	0.143487015483128	0.0340806197212916	0.601265651737309	0.567185032016018	0	0	1	0.1	0.171497848228418	0.0918392528380148	-0.0199774346154105	0.352305366744646	0.372282801360056	0	0	1	0.2	0.416595617594364	0.245972223685536	-0.107728774270291	0.896865964733718	1.00459473900401	0	0	2	0.1	0.43107945688669	0.183458552117645	0.101740666102706	0.806704409285273	0.704963743182567	0	0	2	0.2	1.03371817694058	0.416542978133433	0.2959084976732	1.92352458037237	1.62761608269917	0	0	3	0.1	0.772361802393377	0.284606773073716	0.311650897223392	1.39285194736556	1.08120105014217	0	0	3	0.2	1.60855593372364	0.53972801995265	0.706709172202317	2.69411141707964	1.98740224487733
662	0	0	0	0.1	0.101530223543347	0.0702304407688959	-0.0411193897901708	0.23677856492766	0.277897954717831	0	0	0	0.2	0.326312573539816	0.181131416139867	-0.0218382581309842	0.696146381652902	0.717984639783886	0	0	1	0.1	0.32335573498918	0.130668045249607	0.0882544615334873	0.595451692895798	0.507197231362311	0	0	1	0.2	0.859671337079156	0.34555448564485	0.262899280935259	1.58425707994036	1.3213577990051	0	0	2	0.1	0.589811919288228	0.190512268993787	0.25081083859324	0.973925614672828	0.723114776079588	0	0	2	0.2	1.19509806955027	0.360796461375373	0.540663148525431	1.91421501665544	1.37355186813001	0	0	3	0.1	0.778661443216783	0.223921201935554	0.375926228622133	1.23694844975267	0.861022221130536	0	0	3	0.2	1.43223214048375	0.392028829171127	0.716409138949505	2.25673935940517	1.54033022045567
669	0	0	0	0.1	0.201326730080107	0.0596845816729154	0.0892688971748065	0.318505135619667	0.229236238444861	0	0	0	0.2	0.391328871441543	0.132425331880882	0.148535673256784	0.655254317382816	0.506718644126032	0	0	1	0.1	0.264113777855323	0.0830087457164472	0.103291923277912	0.417720408660064	0.314428485382151	0	0	1	0.2	0.60733235385535	0.194129639755607	0.253884321702685	1.01277158795508	0.758887266252396	0	0	2	0.1	0.478207347178547	0.123979779321006	0.246781027009737	0.731562077563164	0.484781050553427	0	0	2	0.2	1.087902047004	0.282513535873933	0.571855536373916	1.67574156836749	1.10388603199357	0	0	3	0.1	0.716438277814413	0.181516929771798	0.399427675126385	1.12281016850504	0.72338249337866	0	0	3	0.2	1.53357092987839	0.381694792372931	0.897451607498743	2.3886197810239	1.49116817352516
653	0	0	0	0.1	0.0498722096914145	0.0807698463026944	-0.114344629052985	0.197277938690421	0.311622567743406	0	0	0	0.2	0.0177837849744576	0.17935386376789	-0.347969448193528	0.360128629582709	0.708098077776237	0	0	1	0.1	0.00499920535559891	0.109738892467651	-0.213009289411993	0.199449631542007	0.412458920954	0	0	1	0.2	0.128624436690522	0.24193161560255	-0.347019921552797	0.582258235697958	0.929278157250755	0	0	2	0.1	0.306702835387758	0.143174632929409	0.0575790766629509	0.620043538278136	0.562464461615185	0	0	2	0.2	0.817198367244873	0.320451386623204	0.290422841531384	1.57869239142221	1.28826954989083	0	0	3	0.1	0.612439534289148	0.198812676147515	0.314651642159149	1.08275937725597	0.768107735096816	0	0	3	0.2	1.31279980967711	0.391074544679861	0.701063937345005	2.20721964369318	1.50615570634818
658	0	0	0	0.1	0.106490737122466	0.0952073244762177	-0.0750167830829693	0.295631441820353	0.370648224903322	0	0	0	0.2	0.145406560462369	0.204124654446941	-0.23242709250369	0.569489618561114	0.801916711064804	0	0	1	0.1	0.109230464226479	0.10809634056784	-0.0990949676220778	0.319496342067208	0.418591309689285	0	0	1	0.2	0.350168120603404	0.226722165899287	-0.0730380951337315	0.813655460028861	0.886693555162592	0	0	2	0.1	0.410769780828703	0.131918457324027	0.17417761436728	0.699235634981586	0.525058020614306	0	0	2	0.2	0.936100529504638	0.264681135546096	0.445587920111368	1.52086242513325	1.07527450502188	0	0	3	0.1	0.661698827527429	0.165635612643581	0.374128660424353	1.02807322562048	0.653944565196123	0	0	3	0.2	1.35937049769349	0.316462468258832	0.797317293292794	2.05304743557275	1.25573014227995
656	0	0	0	0.1	0.0961396325019985	0.110651857374018	-0.116914691587179	0.315943228170539	0.432857919757719	0	0	0	0.2	0.0891624560774398	0.224680321675684	-0.346991604758283	0.51755265892013	0.864544263678414	0	0	1	0.1	0.0487301829995141	0.133452939976746	-0.23464972887244	0.319549598108715	0.554199326981155	0	0	1	0.2	0.195576821952556	0.297032305989054	-0.36924104046428	0.824790904108437	1.19403194457272	0	0	2	0.1	0.345325748757546	0.178450255026984	0.0446923176159295	0.767378837661664	0.722686520045735	0	0	2	0.2	0.868746548486614	0.382911561831872	0.224999960329573	1.76276818054667	1.5377682202171	0	0	3	0.1	0.693984220457029	0.246199506569036	0.317177417514152	1.2823404854705	0.965163067956347	0	0	3	0.2	1.47408730870857	0.459921057019539	0.747870453267078	2.52155099448574	1.77368054121866
657	0	0	0	0.1	0.0789630685538454	0.0972265050884655	-0.0963939985113062	0.284416851325214	0.38081084983652	0	0	0	0.2	0.1789376833766	0.195965648801571	-0.175920787347301	0.595663684540867	0.771584471888168	0	0	1	0.1	0.170005861527023	0.118416205052222	-0.0526232995236985	0.416108557830176	0.468731857353875	0	0	1	0.2	0.493131905319826	0.294147552091601	-0.0265385193228891	1.10981143531792	1.13634995464081	0	0	2	0.1	0.457530064700384	0.176523740593842	0.162869890668488	0.835631696912103	0.672761806243615	0	0	2	0.2	1.05717161187482	0.373379924557427	0.42610188352011	1.89314108800889	1.46703920448878	0	0	3	0.1	0.729522180308403	0.229613910875206	0.362208589137239	1.2703257030036	0.908117113866365	0	0	3	0.2	1.49147726080413	0.438201453553299	0.768730062052979	2.51367875457979	1.74494869252681
655	0	0	0	0.1	0.222699832765825	0.0621536565262602	0.115366549345681	0.358618011419397	0.243251462073716	0	0	0	0.2	0.48313683055663	0.158441881849396	0.209330926033599	0.836016359303914	0.626685433270315	0	0	1	0.1	0.269067815122906	0.113526995017802	0.0508926447799175	0.486511209043283	0.435618564263366	0	0	1	0.2	0.643212581341944	0.291079656513435	0.102973777373133	1.2453053964235	1.14233161905037	0	0	2	0.1	0.499108318560711	0.187407626771914	0.164872546259048	0.904333337443133	0.739460791184085	0	0	2	0.2	1.18615952803267	0.413266360974838	0.477658150595441	2.14032037367088	1.66266222307544	0	0	3	0.1	0.821732886041758	0.256599685906977	0.399917816405053	1.42312475362022	1.02320693721517	0	0	3	0.2	1.79081330462447	0.500757949676725	0.944743184207153	2.98929468646066	2.04455150225351
667	0	0	0	0.1	0.135998316018439	0.0641376558100045	0.0188677890693659	0.27068436939763	0.251816580328264	0	0	0	0.2	0.353470871572571	0.171919384918273	0.0449426192963364	0.736733024059473	0.691790404763137	0	0	1	0.1	0.221126771474143	0.129763097003506	-0.0112362064800007	0.482603331781201	0.493839538261202	0	0	1	0.2	0.613401533724522	0.340575074919023	0.00876093346929212	1.32179257830155	1.31303164483225	0	0	2	0.1	0.533251207149009	0.222003686189432	0.169844920655074	1.06775763878322	0.89791271812815	0	0	2	0.2	1.18165003815195	0.405547315402557	0.493433849808476	2.12128643669538	1.62785258688691	0	0	3	0.1	0.840103766825687	0.254957058887183	0.429601532726075	1.43111083694341	1.00150930421734	0	0	3	0.2	1.61914050168167	0.422641942357898	0.892581344268137	2.52817557744099	1.63559423317286
671	0	0	0	0.1	-0.0455444118343743	0.0693536679431159	-0.185919048155814	0.0810865178032172	0.267005565959032	0	0	0	0.2	-0.102164214330278	0.150511618575354	-0.39926838916231	0.180012385105486	0.579280774267796	0	0	1	0.1	0.058628088045585	0.094734236329221	-0.131253932136242	0.248425132457224	0.379679064593466	0	0	1	0.2	0.316422898112821	0.258586653087476	-0.159288521157746	0.855961241560936	1.01524976271868	0	0	2	0.1	0.491584911325931	0.176074522777494	0.192214124890231	0.875182775162338	0.682968650272106	0	0	2	0.2	1.21971487040528	0.358718035334556	0.593361353141101	1.97512250935403	1.38176115621293	0	0	3	0.1	0.886984942173081	0.236467650183583	0.490937457560124	1.40456615432424	0.913628696764113	0	0	3	0.2	1.75323720489296	0.413062929259212	1.0383264699912	2.60341961249096	1.56509314249976
672	0	0	0	0.1	0.10887371544504	0.0666862721741979	-0.016069083255249	0.249052459625078	0.265121542880327	0	0	0	0.2	0.276414933227028	0.176389075662941	-0.0351947603777012	0.667222526610495	0.702417286988197	0	0	1	0.1	0.240542157685891	0.120497541996351	0.0246991572980091	0.513441936544879	0.48874277924687	0	0	1	0.2	0.907853343334945	0.367842641039468	0.306791088210022	1.68827826018984	1.38148717197982	0	0	2	0.1	0.841837055104809	0.249658425234817	0.446610490947582	1.40103668366078	0.954426192713201	0	0	2	0.2	1.95288206745343	0.462784540901059	1.18340383258973	2.95372878575084	1.77032495316111	0	0	3	0.1	1.33003836940375	0.330604630628775	0.800095305041402	2.10290331237839	1.30280800733699	0	0	3	0.2	2.56050773944593	0.517627157447186	1.66527669344452	3.66101560447461	1.99573891103009
664	0	0	0	0.1	0.0936274130814216	0.0680709091846185	-0.0320348018286416	0.234066582691211	0.266101384519852	0	0	0	0.2	0.273898348303258	0.198308070866814	-0.0670143163932676	0.707593391955999	0.774607708349266	0	0	1	0.1	0.234610910475342	0.148976914833452	-0.0398199796471041	0.543273568624224	0.583093548271328	0	0	1	0.2	0.931385163485559	0.448752344832882	0.153569641274536	1.90300243560326	1.74943279432873	0	0	2	0.1	0.802787738441756	0.264416743252352	0.356257814286012	1.38430064845098	1.02804283416497	0	0	2	0.2	1.75955675186578	0.459918081239577	0.891985830806707	2.7169495354473	1.82496370464059	0	0	3	0.1	1.17488849806095	0.305632996656094	0.622721017234065	1.8440050002203	1.22128398298623	0	0	3	0.2	2.13948116035893	0.477137421044997	1.23345672711835	3.13125237162614	1.89779564450779
660	0	0	0	0.1	-0.025689739115663	0.0732510291254664	-0.18477082825328	0.105200573403614	0.289971401656894	0	0	0	0.2	-0.164797883104131	0.16153817706048	-0.499932891241908	0.145340903112221	0.64527379435413	0	0	1	0.1	-0.0834353366124784	0.0915556264576492	-0.277098168619393	0.0866713006486714	0.363769469268064	0	0	1	0.2	-0.0203440783860542	0.199014383517394	-0.415656975482229	0.380763287725932	0.796420263208161	0	0	2	0.1	0.2990760797399	0.118419219599935	0.0791967819525867	0.54893663879496	0.469739856842373	0	0	2	0.2	0.893121161133959	0.288292780389047	0.389944573457146	1.50054706945221	1.11060249599506	0	0	3	0.1	0.738651889596416	0.190790108022826	0.40814459637325	1.16528590748132	0.757141311108069	0	0	3	0.2	1.64784164883588	0.390902158161281	0.957944425030559	2.4891854005531	1.53124097552254
668	0	0	0	0.1	0.0862178173598591	0.0618260421572557	-0.0340753956810012	0.204409852639172	0.238485248320173	0	0	0	0.2	0.139502004932579	0.1544189982429	-0.158781135935124	0.435071059653946	0.59385219558907	0	0	1	0.1	0.0687817709557623	0.104132284392239	-0.137024513035835	0.267577556683876	0.404602069719711	0	0	1	0.2	0.342473041475311	0.289275996343977	-0.161667914937251	0.942778638998662	1.10444655393591	0	0	2	0.1	0.517707861137041	0.191714538196632	0.211620495499343	0.947801745864295	0.736181250364951	0	0	2	0.2	1.27063165831702	0.403724422187114	0.623237307680178	2.1686774173788	1.54544010969862	0	0	3	0.1	0.965787892188493	0.287711719506833	0.536157448163979	1.64250171719309	1.10634426902911	0	0	3	0.2	1.84214647653916	0.478090744547835	1.09931062853541	2.89142374269932	1.79211311416391
666	0	0	0	0.1	0.0243650678208308	0.0777244483198481	-0.130582487361034	0.176119361937253	0.306701849298287	0	0	0	0.2	0.0549396853662235	0.196016411983031	-0.321874753598776	0.439175646012614	0.761050399611391	0	0	1	0.1	0.159487371061565	0.148042723936989	-0.126965377459508	0.467134065670817	0.594099443130325	0	0	1	0.2	0.756766897313774	0.404339117150526	0.0308399654462258	1.65672566764829	1.62588570220206	0	0	2	0.1	0.811735193563815	0.274306514203639	0.375432544843126	1.47299214417929	1.09755959933616	0	0	2	0.2	1.67875683348975	0.434152599493804	0.939867084131973	2.62061670680953	1.68074962267755	0	0	3	0.1	1.18628411337846	0.315065726593081	0.664660369394066	1.96155183258153	1.29689146318746	0	0	3	0.2	2.10103871850266	0.465766343019954	1.28712384063954	3.08918415941641	1.80206031877687
674	0	0	0	0.1	0.0414781499205787	0.057919078187049	-0.0760565138536771	0.152657144075085	0.228713657928762	0	0	0	0.2	0.057485684257362	0.141717342846384	-0.222195387602068	0.337909047576613	0.560104435178681	0	0	1	0.1	0.0510773663200305	0.0888336837642713	-0.130436579290761	0.223963206666912	0.354399785957672	0	0	1	0.2	0.228896242894734	0.226932599845975	-0.189986430536123	0.679382341345888	0.869368771882012	0	0	2	0.1	0.374029110118568	0.169167982632606	0.119932079328545	0.785317754312425	0.66538567498388	0	0	2	0.2	0.956940534033012	0.402398632427558	0.38261328773586	1.96601640419912	1.58340311646326	0	0	3	0.1	0.725473534089959	0.280557459951046	0.355220467802476	1.44907092710283	1.09385045930035	0	0	3	0.2	1.55117480643731	0.554724194054613	0.780687038925099	2.94362924998732	2.16294221106222
675	0	0	0	0.1	0.00350936531839914	0.0623641679911729	-0.121453148304684	0.127255458704573	0.248708607009256	0	0	0	0.2	0.0789575165007593	0.145329229160523	-0.186617406110394	0.376007947748273	0.562625353858667	0	0	1	0.1	0.283847694190969	0.103691030194131	0.095573450350124	0.502751447635937	0.407177997285813	0	0	1	0.2	0.939754490209997	0.305920537040691	0.414180180581813	1.64293035606704	1.22875017548522	0	0	2	0.1	0.874973730473993	0.209341065591055	0.532983281250704	1.30488108686144	0.771897805610732	0	0	2	0.2	1.9400121331238	0.401021155425038	1.22973553842201	2.75306449988613	1.52332896146412	0	0	3	0.1	1.28508035527488	0.274769109301463	0.817601621728186	1.85417785233313	1.03657623060494	0	0	3	0.2	2.46476026821861	0.457146413462975	1.65448456474011	3.42902879060441	1.7745442258643
659	0	0	0	0.1	0.103844035813324	0.0941787135229481	-0.0905712735428056	0.287856555999919	0.378427829542725	0	0	0	0.2	0.204429092137846	0.21098064074569	-0.221079187208801	0.623888835710434	0.844968022919235	0	0	1	0.1	0.185196696235707	0.111693710485602	-0.0244865224427816	0.408581590735804	0.433068113178586	0	0	1	0.2	0.539900744851632	0.251418933894227	0.0782923637193268	1.05246729070513	0.974174926985807	0	0	2	0.1	0.560253483848105	0.166744371414984	0.281285402294441	0.931747110550393	0.650461708255953	0	0	2	0.2	1.26905023853152	0.344216739292153	0.681857681972924	2.00666460839707	1.32480692642415	0	0	3	0.1	0.93266859622451	0.24546107241104	0.529420629539988	1.44545802599749	0.916037396457498	0	0	3	0.2	1.88482981993082	0.448202002095283	1.10168569516982	2.78684802737404	1.68516233220422
670	0	0	0	0.1	0.0553868207661933	0.045963804308717	-0.0309176584023018	0.150855062391279	0.18177272079358	0	0	0	0.2	0.138208894766093	0.101487188106255	-0.0470230481207048	0.346413265471216	0.393436313591921	0	0	1	0.1	0.283433232540232	0.0900754394168649	0.120193482376122	0.464938197661423	0.344744715285302	0	0	1	0.2	0.776608343461918	0.255637733981818	0.327344149560018	1.30340967725229	0.976065527692275	0	0	2	0.1	0.716894441347168	0.180691499242816	0.405160759141439	1.09081838570491	0.68565762656347	0	0	2	0.2	1.75913000214787	0.430405893054105	1.03772866499945	2.66774879559168	1.63002013059223	0	0	3	0.1	1.20607475377749	0.280925282154255	0.730267846380965	1.81752711604556	1.08725926966459	0	0	3	0.2	2.51100648002271	0.542947992539713	1.5586099449137	3.67277287668332	2.11416293176962
676	0	0	0	0.1	0.0020379142265815	0.0574844287848258	-0.115521243224711	0.102950418741531	0.218471661966242	0	0	0	0.2	-0.0354526884102056	0.161718346637952	-0.387373871927806	0.245242765785885	0.632616637713691	0	0	1	0.1	0.0185871151982205	0.122215984384708	-0.232630199545726	0.256627073426843	0.489257272972569	0	0	1	0.2	0.416699340303374	0.387111997148759	-0.268522732643359	1.33191301697549	1.60043574961885	0	0	2	0.1	0.750794653601373	0.263071020239213	0.311739860572293	1.3403024685898	1.02856260801751	0	0	2	0.2	1.71482994342832	0.428127001199113	0.921292243051247	2.58961173435619	1.66831949130494	0	0	3	0.1	1.30899332355421	0.311291133102055	0.754966767526625	1.9929764755303	1.23800970800367	0	0	3	0.2	2.2712587264198	0.448761123130542	1.45269735512605	3.24516940214091	1.79247204701486
673	0	0	0	0.1	0.0869330133398342	0.0550200456967371	-0.0227649880782991	0.192733061177361	0.21549804925566	0	0	0	0.2	0.147702821233933	0.135210134955667	-0.130840644017491	0.419823412338386	0.550664056355877	0	0	1	0.1	0.140815008270628	0.104008817694501	-0.0553139699453413	0.343854909976201	0.399168879921543	0	0	1	0.2	0.465415353546575	0.287486045866518	-0.0608972312115289	1.04848639323943	1.10938362445096	0	0	2	0.1	0.536201529550774	0.196768093377341	0.198817662938394	0.962613481188293	0.763795818249899	0	0	2	0.2	1.16977336659633	0.374055636578283	0.503113101366739	1.98480067965235	1.48168757828562	0	0	3	0.1	0.809623413832484	0.244889339490932	0.39540682437626	1.37562016700422	0.980213342627962	0	0	3	0.2	1.56733117857017	0.442207889481669	0.785520935445884	2.58996617359796	1.80444523815207
665	0	0	0	0.1	0.0348768786902083	0.0645627554553149	-0.0893476421625262	0.169265348005187	0.258612990167714	0	0	0	0.2	0.0286329889738464	0.140763646382263	-0.243840961142529	0.297604133009111	0.54144509415164	0	0	1	0.1	0.000602666437498418	0.0966022824898635	-0.200709291309281	0.171331441249173	0.372040732558454	0	0	1	0.2	0.0945163872649655	0.234621267012585	-0.371864056948238	0.556912550384826	0.928776607333065	0	0	2	0.1	0.304437672272747	0.149629599681919	0.0304785217383928	0.624151569693238	0.593673047954845	0	0	2	0.2	0.934390669601289	0.373509164856749	0.297306363732892	1.75005089486223	1.45274453112933	0	0	3	0.1	0.757199217920084	0.239647142785598	0.372719784562719	1.31430360611795	0.941583821555233	0	0	3	0.2	1.71244158404337	0.471818983468194	0.897824129189868	2.74457992286696	1.84675579367709
663	0	0	0	0.1	0.13289670248448	0.0639876438853079	0.0173342759913997	0.272367019628085	0.255032743636685	0	0	0	0.2	0.285294944214176	0.168652983674983	-0.0245512198701689	0.650692962465178	0.675244182335347	0	0	1	0.1	0.19779266415027	0.131098947597285	-0.0628884805668704	0.463875088191736	0.526763568758606	0	0	1	0.2	0.663841327371253	0.365718184921621	-0.0170732263850515	1.44682109879339	1.46389432517845	0	0	2	0.1	0.613318424001773	0.223927153982316	0.211421854956648	1.1134701587687	0.902048303812049	0	0	2	0.2	1.35250387735539	0.434064766208127	0.5584862558994	2.26337927863334	1.70489302273394	0	0	3	0.1	0.874867489772887	0.263532890540046	0.405592612724342	1.41313694046781	1.00754432774347	0	0	3	0.2	1.66628967447675	0.470716326026663	0.82231186282604	2.63751166013269	1.81519979730665
687	0	0	0	0.1	0.0784709049870237	0.108676903577815	-0.130053159278351	0.291097263238523	0.421150422516874	0	0	0	0.2	0.119081536778202	0.243533708098661	-0.358620889302967	0.599620532672215	0.958241421975182	0	0	1	0.1	0.0984625407614977	0.115879169232453	-0.131558014472779	0.315478861726092	0.447036876198871	0	0	1	0.2	0.367485248599	0.241063626831774	-0.105189477165056	0.833964047343878	0.939153524508934	0	0	2	0.1	0.436829227263346	0.132382027014273	0.195052221623546	0.724531516852254	0.529479295228709	0	0	2	0.2	0.941469695368149	0.242722872328003	0.51317200296802	1.46735399049788	0.954181987529864	0	0	3	0.1	0.657416176238163	0.151885163125987	0.399863884720011	0.990839714279126	0.590975829559115	0	0	3	0.2	1.24723233664156	0.265651762173425	0.788863317091014	1.82097013894812	1.03210682185711
677	0	0	0	0.1	0.0712563744595247	0.062242650575523	-0.0488085852046569	0.201187317276236	0.249995902480893	0	0	0	0.2	0.200479656294742	0.162614718085357	-0.0953110890418053	0.555961136331873	0.651272225373679	0	0	1	0.1	0.333192859648583	0.131434821898979	0.099347278134287	0.613405620933657	0.51405834279937	0	0	1	0.2	1.21709455633148	0.403798100815718	0.513996519751772	2.05495697791866	1.54096045816688	0	0	2	0.1	1.0330681036611	0.255229801114314	0.61441564002708	1.58747927289331	0.973063632866231	0	0	2	0.2	2.14746117153131	0.437399109087978	1.36823897013336	3.07101137157008	1.70277240143672	0	0	3	0.1	1.41938852870554	0.308338357166555	0.899568121362261	2.07018446220207	1.17061634083981	0	0	3	0.2	2.55790648303121	0.488537432709545	1.71307361372583	3.56248144263749	1.84940782891165
686	0	0	0	0.1	0.0827555444971117	0.0433006396135377	0.000774467459472775	0.174793164666131	0.174018697206658	0	0	0	0.2	0.15098994397271	0.092619807248	-0.0298082878916357	0.34342936475524	0.373237652646876	0	0	1	0.1	0.126886189147681	0.0683597496941702	-0.0156657987814131	0.263761415417098	0.279427214198511	0	0	1	0.2	0.354490139133054	0.182906495325423	-0.0316361871158693	0.732802877273994	0.764439064389864	0	0	2	0.1	0.458606980513481	0.136385556972577	0.205301424196612	0.746044604719451	0.54074318052284	0	0	2	0.2	1.09779527904201	0.300865158856079	0.553433555002599	1.74666784974161	1.19323429473902	0	0	3	0.1	0.836157612124055	0.215547457783686	0.464047147985952	1.32492341147494	0.860876263488992	0	0	3	0.2	1.63622190400671	0.378856147146823	0.960716106900831	2.45298209182585	1.49226598492501
678	0	0	0	0.1	-0.0216527378851987	0.0734925370883952	-0.167611499534751	0.115828695545568	0.28344019508032	0	0	0	0.2	-0.00683365114289155	0.147794819747539	-0.282179622450605	0.282583951073003	0.564763573523608	0	0	1	0.1	0.12668370130492	0.0931050780549327	-0.0349895071884736	0.331122552366483	0.366112059554957	0	0	1	0.2	0.4140881674472	0.261893802874762	-0.010637102128528	1.00372342098287	1.0143605231114	0	0	2	0.1	0.45206674880251	0.184802198672053	0.15234599085361	0.875871111687165	0.723525120833554	0	0	2	0.2	1.15895093033961	0.448108219828621	0.423262752181969	2.14834667099074	1.72508391880877	0	0	3	0.1	0.7581415233673	0.261520535035966	0.316443524729262	1.33285625464952	1.01641272992026	0	0	3	0.2	1.68986566305839	0.541899066908759	0.749197995547221	2.88351407807012	2.1343160825229
681	0	0	0	0.1	0.226363167698025	0.068822098460419	0.109231495119479	0.37409589549703	0.26486440037755	0	0	0	0.2	0.492071425885999	0.188873721325993	0.164959631428293	0.896517877295819	0.731558245867526	0	0	1	0.1	0.270190808702582	0.153788807378121	-0.0372750202953208	0.57613019382748	0.613405214122801	0	0	1	0.2	0.952088380951523	0.472182967107899	0.0726219798640758	2.00105513597196	1.92843315610788	0	0	2	0.1	0.861744752923266	0.288208394908817	0.373811953366235	1.46056627641334	1.0867543230471	0	0	2	0.2	2.01311382999548	0.51417226276343	1.08544120770387	3.08364791797708	1.99820671027321	0	0	3	0.1	1.39064928792874	0.352934048257955	0.78093195250309	2.14431053596165	1.36337858345856	0	0	3	0.2	2.60663121117076	0.540341025202286	1.60455007779975	3.69844450699401	2.09389442919426
690	0	0	0	0.1	0.0788540993140878	0.0660435559326735	-0.0423959454637754	0.216247821156857	0.258643766620633	0	0	0	0.2	0.231283849748091	0.171946747471283	-0.0754349695732448	0.606507612146981	0.681942581720225	0	0	1	0.1	0.274398942652359	0.146895045061439	0.0356844894851351	0.572687992300112	0.537003502814977	0	0	1	0.2	0.996861566995228	0.45939861501514	0.23870619380255	2.00755441500873	1.76884822120618	0	0	2	0.1	0.899938221938444	0.284583632981591	0.431796665331353	1.53523082061152	1.10343415528016	0	0	2	0.2	1.95864921839046	0.490349789660253	1.1044277744288	2.97604268092614	1.87161490649734	0	0	3	0.1	1.38472133044807	0.349678487216629	0.79805107229243	2.13584834185608	1.33779726956365	0	0	3	0.2	2.46677175511065	0.530777879365293	1.52281648849858	3.5396124452679	2.01679595676932
692	0	0	0	0.1	0.18265221907505	0.0958535650630262	0.0055392367197614	0.377701527747275	0.372162291027513	0	0	0	0.2	0.409312663155889	0.284857373681716	-0.111661789602053	0.98035560191252	1.09201739151457	0	0	1	0.1	0.193754081108809	0.166803691452329	-0.129427016919687	0.516749872924678	0.646176889844364	0	0	1	0.2	0.784812285483671	0.349644975827606	0.0975513834702942	1.4553119321384	1.3577605486681	0	0	2	0.1	0.686065309808011	0.199748179671302	0.329813011285118	1.10841638963928	0.778603378354162	0	0	2	0.2	1.49067660979562	0.348267359593233	0.856574037093307	2.24558781450149	1.38901377740819	0	0	3	0.1	0.996994518359847	0.222187921686062	0.592810847403398	1.50426356475852	0.911452717355125	0	0	3	0.2	1.87775586753959	0.368708073770705	1.17927406920336	2.67447890938574	1.49520484018238
688	0	0	0	0.1	0.1084994050819	0.0626213352966016	-0.00840426402334844	0.231275995604674	0.239680259628022	0	0	0	0.2	0.215672944792221	0.155853778713886	-0.0677786428492291	0.540726342830846	0.608504985680075	0	0	1	0.1	0.150972554610121	0.12519301187007	-0.0821806347892434	0.408063201693934	0.490243836483178	0	0	1	0.2	0.498311966043157	0.324511025367475	-0.075298731484465	1.1654161134089	1.24071484489336	0	0	2	0.1	0.608599648520217	0.229111561079273	0.20020919793336	1.08131740325724	0.881108205323881	0	0	2	0.2	1.45374589711819	0.452019320866558	0.648661700374073	2.43358811492468	1.78492641455061	0	0	3	0.1	1.07852102846564	0.309468765973231	0.570359824662734	1.78733693353161	1.21697710886888	0	0	3	0.2	2.09896367481895	0.517298907240031	1.23589315078456	3.26740872626645	2.03151557548189
685	0	0	0	0.1	0.0979008707537142	0.063932544407383	-0.031255890838006	0.224750982910053	0.256006873748059	0	0	0	0.2	0.240096693204485	0.136100799035034	-0.0246222941779448	0.521722670844385	0.546344965022329	0	0	1	0.1	0.218372178554056	0.0969488825214189	0.0304293102162525	0.412978285363967	0.382548975147714	0	0	1	0.2	0.591510592602004	0.275234909324109	0.0880200672203257	1.18073449898235	1.09271443176202	0	0	2	0.1	0.531662022876587	0.189730735807012	0.204377492597154	0.954633721524639	0.750256228927485	0	0	2	0.2	1.29019426136983	0.410281138859572	0.555261510027423	2.17448942864935	1.61922791862192	0	0	3	0.1	0.911006329049491	0.269672680072414	0.427635970425523	1.51848633861376	1.09085036818824	0	0	3	0.2	1.81710658665563	0.479778431526772	0.931021058317315	2.82656643782112	1.8955453795038
680	0	0	0	0.1	0.0301296149969962	0.0703887916097106	-0.109534125480053	0.165465473080753	0.274999598560806	0	0	0	0.2	0.0196148314071341	0.170913241140897	-0.353577370733555	0.349438905395691	0.703016276129246	0	0	1	0.1	0.0859049457226527	0.14695925728876	-0.19705868292054	0.40049015660285	0.597548839523391	0	0	1	0.2	0.419656442624588	0.406019596890003	-0.23838992456872	1.38366338937191	1.62205331394063	0	0	2	0.1	0.616351898818118	0.262164985911771	0.203754142436629	1.23304353988082	1.02928939744419	0	0	2	0.2	1.51760802507193	0.492730148910325	0.65709265421937	2.68800744653201	2.03091479231264	0	0	3	0.1	1.16863231255754	0.33921985352929	0.604798512071559	2.00110792277393	1.39630941070237	0	0	3	0.2	2.21753259265398	0.527355175559681	1.30310800528414	3.42998797159577	2.12687996631163
689	0	0	0	0.1	0.00835237422828406	0.068722922282261	-0.126360382754891	0.152692702579098	0.279053085333989	0	0	0	0.2	0.0517293143953574	0.168427107542856	-0.269592192031836	0.424727342809544	0.69431953484138	0	0	1	0.1	0.270884248738319	0.12003936817667	0.0616445537337257	0.522901158796844	0.461256605063118	0	0	1	0.2	0.955174059124803	0.328825235662866	0.391485170139068	1.66955960038845	1.27807443024938	0	0	2	0.1	0.892124364710372	0.214432942845673	0.535670683494405	1.35235088289766	0.816680199403252	0	0	2	0.2	2.03216617500732	0.432775648730903	1.28884650882485	2.92019063604761	1.63134412722276	0	0	3	0.1	1.36162528580424	0.293504970419433	0.863151851993407	1.98886174726328	1.12570989526987	0	0	3	0.2	2.74325199137701	0.542720120799985	1.75891405651992	3.90299340900821	2.14407935248829
694	0	0	0	0.1	0.0829468047911141	0.0684223226273209	-0.0489182660035813	0.223979536480384	0.272897802483965	0	0	0	0.2	0.15625246197643	0.160478238883037	-0.146606761430459	0.47234642751322	0.618953188943678	0	0	1	0.1	0.122317350108294	0.0815496556874549	-0.034681133614079	0.285909601849335	0.320590735463414	0	0	1	0.2	0.30520695963069	0.173614937147882	-0.0364701634742511	0.672295579729336	0.708765743203588	0	0	2	0.1	0.30134094427596	0.0980575925098335	0.126541833126011	0.499657282516223	0.373115449390212	0	0	2	0.2	0.66447077399476	0.202601161840831	0.294242734109043	1.0712836695047	0.777040935395656	0	0	3	0.1	0.467860710673997	0.123982954808128	0.249202796193652	0.72026472663013	0.471061930436478	0	0	3	0.2	0.963532314887487	0.250022891199457	0.517794700356664	1.48635068809591	0.96855598773925
679	0	0	0	0.1	0.0737755982718752	0.0753881582679298	-0.0663206825905838	0.224495079204477	0.290815761795061	0	0	0	0.2	0.197817531974327	0.201654678717557	-0.154085587531442	0.616971474539523	0.771057062070966	0	0	1	0.1	0.179788570061445	0.133456827043347	-0.0659014858936672	0.471123698718934	0.537025184612602	0	0	1	0.2	0.658471623938188	0.368697254346834	0.00524732210178825	1.42251567909973	1.41726835699794	0	0	2	0.1	0.615979512103143	0.232701547173604	0.220304699550633	1.14154521590926	0.921240516358628	0	0	2	0.2	1.36889648948174	0.435530358213522	0.596608590778217	2.27221000032611	1.67560140954789	0	0	3	0.1	0.923025804886738	0.284728898165014	0.447523994425719	1.56132006747025	1.11379607304453	0	0	3	0.2	1.73220208761661	0.47700336706963	0.892332107539048	2.78021999319032	1.88788788565127
683	0	0	0	0.1	0.141098565858619	0.0682008896969537	0.00574910666531265	0.274117620082635	0.268368513417323	0	0	0	0.2	0.282458411798812	0.142008119034568	0.0132306375581334	0.56504845259764	0.551817815039507	0	0	1	0.1	0.209893363307761	0.0858753746880234	0.0530632346303494	0.372833009311468	0.319769774681119	0	0	1	0.2	0.480260084308162	0.207843091645613	0.101405820064835	0.88329974630814	0.781893926243305	0	0	2	0.1	0.398811729159475	0.142765670847332	0.130380292635607	0.692896522125829	0.562516229490222	0	0	2	0.2	0.894765160413064	0.320356091589033	0.295548238249616	1.56207007086103	1.26652183261141	0	0	3	0.1	0.628867567299018	0.215226486049938	0.254869145508998	1.07573235012807	0.820863204619074	0	0	3	0.2	1.31826266190063	0.440437560123914	0.547671341786815	2.2277047932796	1.68003345149279
695	0	0	0	0.1	0.17531284111087	0.0559620126017971	0.0781942189423653	0.298079861789099	0.219885642846733	0	0	0	0.2	0.372543722141074	0.133006070269866	0.142865981263685	0.666434623076637	0.523568641812952	0	0	1	0.1	0.255087943354749	0.114609058110039	0.0232424113648314	0.479922552318061	0.456680140953229	0	0	1	0.2	0.787083422023411	0.360264227771059	0.151130944205672	1.53660226411215	1.38547131990647	0	0	2	0.1	0.686936040151042	0.246096856034057	0.242160787556807	1.22195558530252	0.979794797745708	0	0	2	0.2	1.69847048050553	0.52502537328214	0.727707319421798	2.78124069691422	2.05353337749243	0	0	3	0.1	1.10681610769673	0.321850799526298	0.545293196028156	1.79255402839611	1.24726083236795	0	0	3	0.2	2.30705653513273	0.578220945917255	1.29203417430072	3.46373052268924	2.17169634838852
696	0	0	0	0.1	0.0989411803945018	0.0548652244902741	-0.0164147875798003	0.200485317438723	0.216900105018523	0	0	0	0.2	0.187057409584772	0.14099389685094	-0.106953464045793	0.447537643947635	0.554491107993428	0	0	1	0.1	0.201765498507784	0.124775536535043	-0.0380155707205035	0.450329754571008	0.488345325291511	0	0	1	0.2	0.789463334872205	0.361541718026709	0.186897081103266	1.55881507573571	1.37191799463244	0	0	2	0.1	0.83497206701536	0.24931908844258	0.438841266212003	1.39051926767403	0.951678001462027	0	0	2	0.2	1.88503989637768	0.456460029128227	1.09682437015285	2.87104733545223	1.77422296529938	0	0	3	0.1	1.35579503727802	0.330498967281929	0.815199713929487	2.11527381180348	1.30007409787399	0	0	3	0.2	2.54443238337548	0.520862621928738	1.66784399473931	3.70737226431881	2.0395282695795
684	0	0	0	0.1	0.04292993511835	0.0615492422198567	-0.0728931197718986	0.163236942153083	0.236130061924982	0	0	0	0.2	0.206410346013252	0.151949174727792	-0.0679674887321848	0.531298948031725	0.59926643676391	0	0	1	0.1	0.420353136005428	0.151165689619209	0.172417652687	0.756541735921532	0.584124083234532	0	0	1	0.2	1.34401644289617	0.453476780574522	0.592946161248873	2.31539260608396	1.72244644483508	0	0	2	0.1	1.12457855966621	0.306909364808573	0.612075099163489	1.7940951286712	1.18202002950771	0	0	2	0.2	2.27245614994542	0.475756745626644	1.40187129711026	3.2987330743399	1.89686177722964	0	0	3	0.1	1.55694748467669	0.35656294072213	0.950683888777516	2.33927810491116	1.38859421613365	0	0	3	0.2	2.75562572541021	0.541365131890726	1.79311040885779	3.96421622796407	2.17110581910628
699	0	0	0	0.1	-0.0417077867899501	0.0730652384250901	-0.179270265131966	0.100504592662577	0.279774857794543	0	0	0	0.2	-0.00545765092610583	0.154433103102118	-0.296194234730573	0.308716662550222	0.604910897280795	0	0	1	0.1	0.260694115741025	0.106000761662376	0.0626122635183711	0.485309800420874	0.422697536902503	0	0	1	0.2	0.809607945476956	0.303720290692431	0.26808717330355	1.45770809769467	1.18962092439112	0	0	2	0.1	0.803629833399821	0.227275060244185	0.411647498174752	1.30086557817244	0.889218079997687	0	0	2	0.2	1.81533254138655	0.465771732879054	0.944006051534607	2.76484981045863	1.82084375892402	0	0	3	0.1	1.27674015353927	0.326732562833115	0.671646477173083	1.97677936343808	1.305132886265	0	0	3	0.2	2.53826989166833	0.561387835357841	1.44897714209987	3.69604528077613	2.24706813867626
697	0	0	0	0.1	0.0383115956169506	0.0621919666856259	-0.083625303529849	0.159920921130085	0.243546224659934	0	0	0	0.2	0.0302009661442171	0.149524399729567	-0.264969710333794	0.323968720997796	0.58893843133159	0	0	1	0.1	-0.00596637289881617	0.110300801146494	-0.223786505556514	0.19918594940911	0.422972454965624	0	0	1	0.2	0.132628214930878	0.292587873322031	-0.423251756990787	0.744855690467181	1.16810744745797	0	0	2	0.1	0.418723026778723	0.224807981580852	0.0418438702360567	0.904731427896629	0.862887557660572	0	0	2	0.2	1.30167530778605	0.525806989134222	0.411768498281128	2.41863599310803	2.0068674948269	0	0	3	0.1	1.06431854658679	0.376199290427967	0.460685355557634	1.88173030214082	1.42104494658318	0	0	3	0.2	2.20385282461867	0.628221168082996	1.08235531552889	3.52968787603752	2.44733256050863
698	0	0	0	0.1	0.138154666357298	0.0591112039963172	0.0283307474841898	0.262234016981762	0.233903269497573	0	0	0	0.2	0.284626984967527	0.141615549428459	0.0175845540201081	0.579654389136403	0.562069835116295	0	0	1	0.1	0.251018538098773	0.113326147450487	0.0479245047426646	0.477544719595142	0.429620214852478	0	0	1	0.2	0.775795155572066	0.335108149922093	0.171652201086411	1.49508059378062	1.32342839269421	0	0	2	0.1	0.737610138283847	0.232306386343371	0.338347916829291	1.21673861380399	0.878390696974696	0	0	2	0.2	1.71812556572465	0.469077580965434	0.910802770219067	2.75435713581229	1.84355436559323	0	0	3	0.1	1.22428159565364	0.325774985244316	0.639392623469942	1.89719023916014	1.25779761569019	0	0	3	0.2	2.39168312414218	0.556245754495083	1.37488260175666	3.58798985810526	2.2131072563486
691	0	0	0	0.1	0.153685174030579	0.0650220038629347	0.0422333525913264	0.292016387021093	0.249783034429766	0	0	0	0.2	0.446383763960357	0.20835012104364	0.125091193749321	0.930029850505925	0.804938656756603	0	0	1	0.1	0.504925959885256	0.174021901679473	0.229846276050061	0.924352691222227	0.694506415172166	0	0	1	0.2	1.65921953366844	0.492737402779303	0.805014457862279	2.68696545967804	1.88195100181576	0	0	2	0.1	1.30525797247827	0.325505166063728	0.748572517155829	1.99620426757711	1.24763175042128	0	0	2	0.2	2.60982681769273	0.511033148430625	1.66562579892128	3.70344571819044	2.03781991926915	0	0	3	0.1	1.78781709624576	0.392163692569949	1.09741308670084	2.652965884083	1.55555279738216	0	0	3	0.2	3.16876993664514	0.577180639228823	2.06507895067586	4.36305489222371	2.29797594154785
682	0	0	0	0.1	0.162033916569558	0.0820073033459662	0.00705139281998636	0.33022181628041	0.323170423460424	0	0	0	0.2	0.426360552050204	0.205260085596503	0.0595739830481004	0.897772277896852	0.838198294848752	0	0	1	0.1	0.379662845402131	0.134291019851597	0.14639287772218	0.687886714598849	0.541493836876669	0	0	1	0.2	1.05623387078027	0.347045298771798	0.4643728975845	1.8135273781223	1.3491544805378	0	0	2	0.1	0.853156946263688	0.217444090390988	0.475878089163728	1.33228841938077	0.856410330217046	0	0	2	0.2	1.72264584497814	0.379953175390986	1.0427052487143	2.55796817669761	1.51526292798331	0	0	3	0.1	1.18284687335698	0.264240446506192	0.73021572588326	1.73715905643355	1.00694333055029	0	0	3	0.2	2.09204845200914	0.412024457146755	1.37508380030992	2.90699828933485	1.53191448902492
704	0	0	0	0.1	0.0741480838076951	0.0731807559921746	-0.0690873126083267	0.220978520321659	0.290065832929986	0	0	0	0.2	0.206290052795791	0.199481705821123	-0.176997284050528	0.621189156002003	0.798186440052531	0	0	1	0.1	0.287797296576023	0.160647533021654	-0.00178799767029589	0.607160619878531	0.608948617548827	0	0	1	0.2	0.978698435260831	0.426287096968799	0.235766754589196	1.86701571943078	1.63124896484159	0	0	2	0.1	0.844425325397613	0.275164106708492	0.389745478667929	1.4409876765999	1.05124219793197	0	0	2	0.2	1.83853309728714	0.506135052470944	0.948413885645788	2.93042813124657	1.98201424560078	0	0	3	0.1	1.26674917261774	0.357060847856246	0.66494739375974	2.04337239602397	1.37842500226423	0	0	3	0.2	2.40786615077507	0.579053892756489	1.36411545725161	3.62623151868242	2.2621160614308
693	0	0	0	0.1	0.0279767785822407	0.063587531474639	-0.0954571437856097	0.152339642795076	0.247796786580686	0	0	0	0.2	0.0315179604896076	0.149820228397999	-0.278344042223239	0.325095174213295	0.603439216436534	0	0	1	0.1	0.0636785054482877	0.0876844176331359	-0.127458901559721	0.240312201648014	0.367771103207736	0	0	1	0.2	0.262177336540903	0.218767760974635	-0.138617356750373	0.7046515183056	0.843268875055973	0	0	2	0.1	0.418294516486232	0.136828887114039	0.180969100706779	0.718371150574006	0.537402049867227	0	0	2	0.2	1.04883982188538	0.294777144148295	0.532922234326141	1.69102558980465	1.15810335547851	0	0	3	0.1	0.788568241566886	0.192986514853036	0.469628264157378	1.22375489155484	0.75412662739746	0	0	3	0.2	1.62846539227523	0.36706214076788	0.999910534148054	2.39153521637714	1.39162468222909
703	0	0	0	0.1	0.102319530517236	0.0852624417615907	-0.0579337945989779	0.282252961173669	0.340186755772646	0	0	0	0.2	0.242798907721806	0.206000169823689	-0.132052086009682	0.690547866498915	0.822599952508597	0	0	1	0.1	0.152898782307727	0.109179413086176	-0.0514713342919902	0.37116433224418	0.422635666536171	0	0	1	0.2	0.561794172856164	0.270162499955837	0.0818744068773503	1.13052601148714	1.04865160460979	0	0	2	0.1	0.531139614835364	0.156417180525343	0.254234271894527	0.867479810890002	0.613245538995475	0	0	2	0.2	1.27404624428874	0.325749278756865	0.671736356750717	1.93673805401346	1.26500169726275	0	0	3	0.1	0.849825447190673	0.198360113928741	0.500729704410817	1.26484749147431	0.764117787063495	0	0	3	0.2	1.73272800078244	0.365915278696443	1.08951947836506	2.49717720179431	1.40765772342925
709	0	0	0	0.1	0.15965764137513	0.0647876336454385	0.0347849607549749	0.287690318204869	0.252905357449894	0	0	0	0.2	0.35396930372866	0.15276833414654	0.0853429188185428	0.662934297764203	0.57759137894566	0	0	1	0.1	0.286571781405974	0.104599842849031	0.099987227348607	0.502838883803647	0.40285165645504	0	0	1	0.2	0.818017551044652	0.306605681317204	0.313394535135078	1.51546241796286	1.20206788282778	0	0	2	0.1	0.71498815298659	0.203854579558337	0.371635937648072	1.18148489070985	0.809848953061777	0	0	2	0.2	1.4581758554326	0.361556339777567	0.82462430700456	2.23361859184321	1.40899428483865	0	0	3	0.1	0.947539796461176	0.23922063762523	0.544711444705852	1.46118240462106	0.916470959915208	0	0	3	0.2	1.7388196469027	0.393271948592646	1.06136643641417	2.57311399651398	1.51174756009981
707	0	0	0	0.1	0.172051424690304	0.0834378718340168	0.00482723390198179	0.334453321188838	0.329626087286856	0	0	0	0.2	0.356440714441341	0.219435348833962	-0.0684913320328794	0.824519172041298	0.893010504074177	0	0	1	0.1	0.199673992210573	0.147721364508649	-0.101500740551631	0.500202356431889	0.60170309698352	0	0	1	0.2	0.632426459587571	0.377180484794232	-0.0934493320808376	1.39912416745439	1.49257349953523	0	0	2	0.1	0.647221186306355	0.25935254802916	0.183691218853871	1.2240808582254	1.04038963937153	0	0	2	0.2	1.4306793244683	0.483080375000253	0.544952333519783	2.42386038634822	1.87890805282843	0	0	3	0.1	1.05658200308169	0.341897393680443	0.476007715293567	1.79585232888325	1.31984461358969	0	0	3	0.2	2.0365613343148	0.549453144737155	1.04988535767032	3.16167849876829	2.11179314109797
700	0	0	0	0.1	0.0886907369052452	0.0604812055097602	-0.0326174390411081	0.202074057452816	0.234691496493924	0	0	0	0.2	0.176834152150677	0.134929863262237	-0.0854524590674716	0.431055904199507	0.516508363266978	0	0	1	0.1	0.167062942283552	0.0920075687095725	0.00380881955632236	0.3537940772531	0.349985257696778	0	0	1	0.2	0.46889418763376	0.2367427220705	0.0716644622094341	1.01116558444318	0.939501122233742	0	0	2	0.1	0.501818883676057	0.160367643711971	0.235860806033401	0.863477109271512	0.62761630323811	0	0	2	0.2	1.15463395927092	0.339454951956082	0.576181318653443	1.89682104090903	1.32063972225559	0	0	3	0.1	0.821632839639645	0.228327175274372	0.447522120339504	1.35000398557981	0.902481865240305	0	0	3	0.2	1.63510416035456	0.414731718704851	0.911328657069431	2.49025165600413	1.5789229989347
701	0	0	0	0.1	0.161220170531191	0.0657160926829329	0.0410155840002868	0.311731649710208	0.270716065709922	0	0	0	0.2	0.402806906238594	0.170858728949681	0.105738241657843	0.792382939903303	0.68664469824546	0	0	1	0.1	0.328960761988131	0.11740606113641	0.126133901854942	0.601618052172377	0.475484150317435	0	0	1	0.2	1.00626711031907	0.342844558462792	0.454148058938609	1.75601491461614	1.30186685567753	0	0	2	0.1	0.878171317184032	0.245461148066918	0.48008893543628	1.43385575148551	0.953766816049226	0	0	2	0.2	1.77101373357242	0.413452819030592	1.05486621272233	2.65433659122589	1.59947037850356	0	0	3	0.1	1.20988984798111	0.296199097769868	0.71205557895576	1.85838893217431	1.14633335321855	0	0	3	0.2	2.1952490585994	0.465349890309285	1.36984043937513	3.19402056468351	1.82418012530838
708	0	0	0	0.1	0.159102263729837	0.0584795523153126	0.0510171439134215	0.282209337494564	0.231192193581142	0	0	0	0.2	0.351764846558608	0.153250520001464	0.084941522032954	0.691160411126327	0.606218889093373	0	0	1	0.1	0.372348853715077	0.162668614903394	0.0961592712705981	0.732697878513692	0.636538607243094	0	0	1	0.2	1.43671091600803	0.547220561454862	0.489186535211545	2.59465159793677	2.10546506272522	0	0	2	0.1	1.20486817626219	0.326233071403295	0.63145991758524	1.86925678505141	1.23779686746617	0	0	2	0.2	2.4369678545966	0.535062054894579	1.4490208140645	3.5036785100429	2.0546576959784	0	0	3	0.1	1.63504808006628	0.382686658158484	0.94840043234786	2.43271309810436	1.4843126657565	0	0	3	0.2	2.81247545400196	0.595050905247976	1.69246683130905	4.024849112199	2.33238228088995
713	0	0	0	0.1	0.0823341553084095	0.0437793988575649	-0.00109829023538528	0.174490865702294	0.17558915593768	0	0	0	0.2	0.173576330396475	0.0930517960947389	-0.00072108482538393	0.368195332583611	0.368916417408995	0	0	1	0.1	0.159809228880933	0.0758656714862538	0.0168986315307874	0.308870305625476	0.291971674094688	0	0	1	0.2	0.426709918700914	0.195554632226324	0.0507899333045014	0.83331403847794	0.782524105173439	0	0	2	0.1	0.42982601927036	0.135472966614789	0.191893432576531	0.72705764130902	0.535164208732489	0	0	2	0.2	1.07076099375182	0.321796307447795	0.505196309194195	1.78841747320947	1.28322116401528	0	0	3	0.1	0.760797095901318	0.21183447635813	0.396098288187616	1.24292812586803	0.846829837680409	0	0	3	0.2	1.62861056852889	0.423493523755861	0.881474970785796	2.60070225079903	1.71922728001323
714	0	0	0	0.1	0.190481409148175	0.0760123148968951	0.0512748739132802	0.342256690411236	0.290981816497956	0	0	0	0.2	0.473347956661929	0.208492644886984	0.103813060582131	0.910047410932286	0.806234350350155	0	0	1	0.1	0.348564465696321	0.133499548362228	0.107309641317909	0.617849313216609	0.5105396718987	0	0	1	0.2	0.980491677849059	0.349069086339521	0.383937819470811	1.68532818563957	1.30139036616876	0	0	2	0.1	0.777406745641325	0.227831579022222	0.388163478881794	1.27497117221256	0.886807693330766	0	0	2	0.2	1.58280739051801	0.406957495346227	0.833577685373337	2.40395627577727	1.57037859040394	0	0	3	0.1	1.0555630891234	0.277691592648542	0.579783114621099	1.65088716520835	1.07110405058726	0	0	3	0.2	1.91057947545839	0.449988646321887	1.11022702574423	2.83254356251127	1.72231653676704
705	0	0	0	0.1	0.280526740609219	0.0950521747672429	0.11476735304487	0.490537927389605	0.375770574344735	0	0	0	0.2	0.539047802664383	0.221058028418725	0.140890221482108	1.0109025616246	0.870012340142491	0	0	1	0.1	0.164068511902434	0.14370150013884	-0.138497556177606	0.443274244923078	0.581771801100684	0	0	1	0.2	0.436325341999642	0.312715808857642	-0.20162971509837	1.03908993630937	1.24071965140774	0	0	2	0.1	0.445293810232027	0.17520653699465	0.1221348492322	0.810253875653201	0.688119026421001	0	0	2	0.2	1.03033925395509	0.336092918537413	0.419805746601453	1.75007791419351	1.33027216759205	0	0	3	0.1	0.737999648850516	0.20896843072976	0.373874653462004	1.18432618392473	0.810451530462727	0	0	3	0.2	1.46809977154125	0.372694385780886	0.799064866516827	2.27999100830213	1.4809261417853
712	0	0	0	0.1	0.223159348121548	0.0748614185952557	0.082422445780681	0.377715874508846	0.295293428728165	0	0	0	0.2	0.398583479566096	0.185872429933737	0.0309155323406888	0.747296334712903	0.716380802372214	0	0	1	0.1	0.0893169316194789	0.125116479848236	-0.180614532955149	0.32018230580645	0.500796838761599	0	0	1	0.2	0.193347261243346	0.272080749191905	-0.352561074275885	0.708296216418214	1.0608572906941	0	0	2	0.1	0.273775209980002	0.140609539904895	-0.00891149068761047	0.548499164910117	0.557410655597727	0	0	2	0.2	0.660533676478545	0.263585852983105	0.108285450816114	1.21858887626734	1.11030342545123	0	0	3	0.1	0.54028421634703	0.154877254948171	0.244597603437149	0.886733203050086	0.642135599612937	0	0	3	0.2	1.05646360121263	0.273797938793156	0.523521764220383	1.64057257554982	1.11705081132944
702	0	0	0	0.1	0.0522763821500798	0.0689033580855136	-0.09461057418731	0.180940966581259	0.275551540768569	0	0	0	0.2	0.1466764355803	0.192780001223426	-0.217543489129876	0.561805891354755	0.779349380484631	0	0	1	0.1	0.348006800084547	0.223503227716838	-0.065661061777926	0.806227466811699	0.871888528589625	0	0	1	0.2	1.26911214502131	0.502939703256126	0.320819604057922	2.23458346332238	1.91376385926446	0	0	2	0.1	1.02470093041447	0.273783676152886	0.546591083472515	1.57265908432233	1.02606800084981	0	0	2	0.2	2.05405440762263	0.428824584613778	1.24607843941678	2.92999363108999	1.6839151916732	0	0	3	0.1	1.36557096210646	0.294624403976865	0.853470785943418	1.98515632345678	1.13168553751336	0	0	3	0.2	2.42453443079886	0.454187215038427	1.5789326772651	3.35365854301945	1.77472586575436
706	0	0	0	0.1	-0.0594365927820955	0.0976822680828124	-0.259707707343699	0.119218039354312	0.378925746698011	0	0	0	0.2	-0.145187484820259	0.218806155761982	-0.567072055421767	0.262568277742442	0.829640333164208	0	0	1	0.1	0.0131195021556796	0.117522913807482	-0.207301947284078	0.247355638037779	0.454657585321857	0	0	1	0.2	0.308274523669297	0.262263172923498	-0.157741855959101	0.873975632566105	1.03171748852521	0	0	2	0.1	0.514575255790409	0.150446224210885	0.2642919430434	0.82443430020602	0.56014235716262	0	0	2	0.2	1.26818731932984	0.297502211569718	0.749602588829425	1.89298338966801	1.14338080083858	0	0	3	0.1	0.943107153573987	0.203155155016689	0.596809032758853	1.37568981480526	0.778880782046406	0	0	3	0.2	1.85698692870542	0.348622635105077	1.23268050593196	2.59848153641647	1.36580103048451
710	0	0	0	0.1	0.0240277300407977	0.0742796435188908	-0.13589907818606	0.15559613227298	0.291495210459039	0	0	0	0.2	0.0408522159887254	0.208430990189676	-0.390095661403747	0.425719314984717	0.815814976388464	0	0	1	0.1	0.198057260171066	0.182593562517921	-0.131168977633234	0.559766278730037	0.690935256363271	0	0	1	0.2	1.04346120706659	0.524540978746451	0.113192746745237	2.11851000781004	2.0053172610648	0	0	2	0.1	1.1086441546225	0.357913876806341	0.502870076572358	1.90215176177926	1.39928168520691	0	0	2	0.2	2.38858712328505	0.567716929090614	1.33362914808344	3.53151319495766	2.19788404687422	0	0	3	0.1	1.75072439379294	0.426674117459636	0.980545295855194	2.64727140968062	1.66672611382542	0	0	3	0.2	3.12220059342069	0.61740936141668	1.97935835387997	4.43057701812403	2.45121866424407
718	0	0	0	0.1	0.108933048551281	0.0522056448582726	0.0134180233796123	0.219076881444317	0.205658858064705	0	0	0	0.2	0.231634076073184	0.122331733508913	0.0189815338839317	0.480665318552307	0.461683784668375	0	0	1	0.1	0.244475938477403	0.0923120029750211	0.0655005707004104	0.429171545209749	0.363670974509339	0	0	1	0.2	0.682659087397645	0.266380675380665	0.206282920077176	1.25005774972949	1.04377482965231	0	0	2	0.1	0.649102539698521	0.210270196073831	0.317903271952805	1.12100759079641	0.803104318843605	0	0	2	0.2	1.40164581264952	0.425759868427174	0.724864800911753	2.34466125863897	1.61979645772721	0	0	3	0.1	0.969487049906404	0.29829138450696	0.52477773831073	1.67890363993655	1.15412590162582	0	0	3	0.2	1.84670198492798	0.512593011246072	1.0400152976073	2.98287273410891	1.94285743650161
716	0	0	0	0.1	0.120455352761898	0.0632108453962912	-0.0111374019646598	0.237700671806157	0.248838073770817	0	0	0	0.2	0.202555061819816	0.157322598057989	-0.119292137378885	0.505534187181982	0.624826324560868	0	0	1	0.1	0.0973714619521298	0.0928854505128253	-0.0891787350302917	0.278197400158488	0.36737613518878	0	0	1	0.2	0.299596576593293	0.244624563634454	-0.166916062373464	0.790929704195672	0.957845766569136	0	0	2	0.1	0.452716351806979	0.16830483728073	0.163622598564613	0.818598431560728	0.654975832996114	0	0	2	0.2	1.12664830085513	0.36767635117716	0.46005164489633	1.92453578494603	1.4644841400497	0	0	3	0.1	0.868111801059981	0.253157145124643	0.429727979855831	1.39212724461483	0.962399264758998	0	0	3	0.2	1.71212012388987	0.458090964009397	0.888628289797703	2.65267881831044	1.76405052851274
715	0	0	0	0.1	0.220984960487079	0.0820243561265799	0.0812169339231339	0.399914847145532	0.318697913222398	0	0	0	0.2	0.54957960702308	0.207300118427179	0.187495933257398	0.99097727501012	0.803481341752721	0	0	1	0.1	0.230709964135916	0.13272062771086	-0.0194003129495971	0.501548392898587	0.520948705848184	0	0	1	0.2	0.621498873899569	0.303042594889106	0.0585559927760688	1.21731544686702	1.15875945409095	0	0	2	0.1	0.48857768001381	0.175956664559118	0.173115449913393	0.841881910044865	0.668766460131472	0	0	2	0.2	1.19554515249623	0.369991285220853	0.51741025378063	1.97826414331273	1.4608538895321	0	0	3	0.1	0.779055120939014	0.220905924539871	0.399442565958281	1.29039228207849	0.890949716120212	0	0	3	0.2	1.74098716117625	0.436634634736998	0.983967319163222	2.72065576180691	1.73668844264369
711	0	0	0	0.1	0.152507809817523	0.0673188706201353	0.0210226338246317	0.291132478143433	0.270109844318801	0	0	0	0.2	0.41005554851997	0.194865970220027	0.0699259852109932	0.846363766070311	0.776437780859317	0	0	1	0.1	0.390446663659509	0.135724489417583	0.145015834758143	0.696565117919619	0.551549283161476	0	0	1	0.2	1.18185739309451	0.380924306899467	0.544834140910232	1.97892316505887	1.43408902414864	0	0	2	0.1	0.985166970873348	0.275674700198815	0.541140905290044	1.59004952825481	1.04890862296476	0	0	2	0.2	2.12145097772703	0.499272993412583	1.26413745526386	3.18544913163693	1.92131167637306	0	0	3	0.1	1.4203142118573	0.365388569394848	0.841137612663577	2.2007421503829	1.35960453771932	0	0	3	0.2	2.73306187930271	0.598923860044313	1.70671491132424	4.04437812675782	2.33766321543358
725	0	0	0	0.1	0.0806864880657944	0.0588416170939542	-0.0394888883978545	0.187435257282638	0.226924145680493	0	0	0	0.2	0.0952531966159275	0.168232053799787	-0.251025628977579	0.39569075435737	0.646716383334949	0	0	1	0.1	0.0358562906493769	0.133717210215893	-0.24237552295873	0.281022182114093	0.523397705072823	0	0	1	0.2	0.230222643994319	0.330101131905908	-0.373995240591078	0.883584026263465	1.25757926685454	0	0	2	0.1	0.42577745309376	0.198118747686255	0.0599169047626184	0.871938024498081	0.812021119735463	0	0	2	0.2	0.997476972966985	0.37257795372517	0.29055069636139	1.77129064833041	1.48073995196902	0	0	3	0.1	0.719014167337899	0.226334811103624	0.306666318317425	1.20873175237078	0.90206543405335	0	0	3	0.2	1.35537076714277	0.383093597701308	0.620749432100536	2.15508600282268	1.53433657072214
726	0	0	0	0.1	0.243081384758918	0.0811866531759642	0.113309788349439	0.433086383462805	0.319776595113366	0	0	0	0.2	0.688806540560117	0.280195826405816	0.268426342164239	1.34936919334216	1.08094285117792	0	0	1	0.1	0.275951054957825	0.212230212774883	-0.115280935885173	0.733940335573708	0.84922127145888	0	0	1	0.2	1.09506438105716	0.548674096953856	0.122831226951486	2.32863902578435	2.20580779883287	0	0	2	0.1	0.887353366260761	0.306090554678498	0.365637404852992	1.59871577508698	1.23307837023399	0	0	2	0.2	2.14401452556709	0.507996806505777	1.21659278545221	3.19989693979023	1.98330415433802	0	0	3	0.1	1.46679307980773	0.342984148560335	0.885579329612084	2.19320139550968	1.3076220658976	0	0	3	0.2	2.80971181668824	0.523482288150087	1.8701856786572	3.88389298789512	2.01370730923792
720	0	0	0	0.1	0.158866155246373	0.0621976682259582	0.0381990675168077	0.288328783461149	0.250129715944341	0	0	0	0.2	0.317752296355568	0.150506469953667	0.026007360838792	0.624314773357093	0.598307412518301	0	0	1	0.1	0.209189905104911	0.100594663720515	0.0253894783844128	0.402388860806919	0.376999382422506	0	0	1	0.2	0.65049973854586	0.285946964458686	0.152716971751157	1.23830259606195	1.08558562431079	0	0	2	0.1	0.670849864940283	0.19038926070735	0.343219269955113	1.10251551534178	0.759296245386669	0	0	2	0.2	1.57072846393666	0.386081156155892	0.876285932353284	2.37970580121701	1.50341986886372	0	0	3	0.1	1.14029200901036	0.274260331228931	0.658453345594736	1.71698457316406	1.05853122756932	0	0	3	0.2	2.19094003193396	0.459049342629255	1.35591696884504	3.1371873496831	1.78127038083805
719	0	0	0	0.1	0.117431575164012	0.0911921008691424	-0.0589183804264691	0.301973369695342	0.360891750121811	0	0	0	0.2	0.387495350338866	0.294580981283765	-0.148150865631053	1.00857292768383	1.15672379331489	0	0	1	0.1	0.390835857231023	0.203267880298735	0.037829900760579	0.844514263364035	0.806684362603456	0	0	1	0.2	1.33832851372823	0.489636506169144	0.493945444439101	2.36265499948316	1.86870955504406	0	0	2	0.1	1.1100564309248	0.326787741590935	0.563469292623827	1.84551453601557	1.28204524339174	0	0	2	0.2	2.32249233559347	0.523449253852554	1.38728012396961	3.40785945850827	2.02057933453866	0	0	3	0.1	1.62856147733604	0.38225839054976	0.982810592958868	2.46647424953497	1.4836636565761	0	0	3	0.2	2.96790058983479	0.567875269728649	1.92110871652346	4.17655655387657	2.25544783735311
723	0	0	0	0.1	0.163493400386293	0.0703648045259522	0.0284037226590501	0.300756935281149	0.272353212622099	0	0	0	0.2	0.282362209930719	0.162112487983497	-0.0434375266310864	0.606505321903454	0.64994284853454	0	0	1	0.1	0.0916134503115919	0.112407444049365	-0.14751891022446	0.28962768358272	0.43714659380718	0	0	1	0.2	0.228303879485052	0.272635286614515	-0.320458879757607	0.769747519750896	1.0902063995085	0	0	2	0.1	0.300930052801013	0.159410955824753	-0.00603952966317929	0.658865197315727	0.664904726978906	0	0	2	0.2	0.745132082929949	0.340488120169057	0.107654811738691	1.51024455594463	1.40258974420593	0	0	3	0.1	0.575812471716382	0.206641146289189	0.214924679281709	1.02404352930059	0.809118850018883	0	0	3	0.2	1.22661831911973	0.403359927955153	0.521093694600945	2.07793559732947	1.55684190272852
724	0	0	0	0.1	0.158013488073427	0.0807522152173601	0.0132444639601897	0.334839364253708	0.321594900293519	0	0	0	0.2	0.349568660297418	0.178730735290602	0.0474954009619809	0.75277065637423	0.705275255412249	0	0	1	0.1	0.264000041843977	0.105003043644887	0.0780168475543441	0.492245091759611	0.414228244205267	0	0	1	0.2	0.734435221902706	0.278214090515697	0.263154673349606	1.31330190634887	1.05014723299927	0	0	2	0.1	0.661413651047562	0.209142165745873	0.309270630846629	1.09909766934222	0.789827038495589	0	0	2	0.2	1.40543160697089	0.413868136484898	0.708827538520941	2.25208966918247	1.54326213066153	0	0	3	0.1	0.941774219838872	0.286890497514005	0.481212590002214	1.55536809598287	1.07415550598066	0	0	3	0.2	1.83478292534578	0.516102811566547	0.976583266759774	2.87849875416737	1.9019154874076
721	0	0	0	0.1	0.0195430820249716	0.0756047541172098	-0.14123982640699	0.154904028738434	0.296143855145423	0	0	0	0.2	0.0242571457207315	0.163651174831591	-0.323342418658269	0.327962125704277	0.651304544362546	0	0	1	0.1	0.173992725413104	0.0971506828197138	-0.0125238123474645	0.362166004834009	0.374689817181474	0	0	1	0.2	0.555835753563395	0.220201121874454	0.156586992051804	0.998959113422535	0.84237212137073	0	0	2	0.1	0.639441644322376	0.142607092012622	0.385725292310139	0.947579570594268	0.561854278284128	0	0	2	0.2	1.31463986186406	0.260085046894889	0.830231698169693	1.8531755965129	1.02294389834321	0	0	3	0.1	0.922785003044188	0.183605434606419	0.588843082719704	1.31373397408893	0.724890891369229	0	0	3	0.2	1.69794569996425	0.307635254864478	1.12485181428163	2.32214086980544	1.19728905552382
717	0	0	0	0.1	0.119834035878236	0.0552456979651655	0.0158074681983823	0.229023652323266	0.213216184124883	0	0	0	0.2	0.270094454911276	0.150272315847203	-0.00135801066562337	0.584100476511415	0.585458487177039	0	0	1	0.1	0.38739457679856	0.142609077622205	0.139602439923702	0.688350716667931	0.548748276744229	0	0	1	0.2	1.20201807252454	0.371419972393699	0.53809266326504	1.95699171121427	1.41889904794923	0	0	2	0.1	1.01930055247023	0.24786793850584	0.578574062517455	1.53993905603224	0.961364993514788	0	0	2	0.2	1.95511749520603	0.41816054165743	1.19322767136621	2.91428812163393	1.72106045026771	0	0	3	0.1	1.243009008652	0.279913691344384	0.776855681383461	1.92273382899357	1.14587814761011	0	0	3	0.2	2.23825310456973	0.450755721332057	1.43693100946729	3.26106083762711	1.82412982815981
728	0	0	0	0.1	0.137415500535988	0.058824150544708	0.0226998568105372	0.257001152363979	0.234301295553442	0	0	0	0.2	0.258117391467751	0.13315007063092	0.0123358212925245	0.539742018304857	0.527406197012333	0	0	1	0.1	0.15443125645652	0.084937176858843	-0.00974199901383579	0.332898956239408	0.342640955253244	0	0	1	0.2	0.437703404004116	0.214517149176308	0.0644010794010574	0.864528668946098	0.800127589545041	0	0	2	0.1	0.433834546029767	0.144889509454657	0.191289487471886	0.730785943933986	0.5394964564621	0	0	2	0.2	0.98084287672386	0.303765077435479	0.468869071105712	1.60256720950009	1.13369813839438	0	0	3	0.1	0.639047300258088	0.194573125481316	0.323299597673329	1.06840664578094	0.745107048107611	0	0	3	0.2	1.29189451249868	0.372262268694933	0.665233779169819	2.07403908020683	1.40880530103701
731	0	0	0	0.1	0.136393599104679	0.061701965245381	0.0120067127971186	0.258012488585155	0.246005775788036	0	0	0	0.2	0.267601592566938	0.1407754244568	-0.00839306628833696	0.543443906059794	0.551836972348131	0	0	1	0.1	0.164921685312929	0.085196882548625	-0.0105159014092187	0.336225808996611	0.34674171040583	0	0	1	0.2	0.467039606740694	0.198688223140556	0.0916176041154311	0.873946508670039	0.782328904554608	0	0	2	0.1	0.497268322753202	0.137088966255764	0.271187658150973	0.808305955036873	0.5371182968859	0	0	2	0.2	1.12146689940138	0.281621806915446	0.664683785615651	1.77095199702989	1.10626821141424	0	0	3	0.1	0.82459232904301	0.209853343024331	0.514282885962703	1.34056188572762	0.826278999764921	0	0	3	0.2	1.65372565225401	0.380003721478149	1.03823298251056	2.55157585721444	1.51334287470388
727	0	0	0	0.1	0.236238394657738	0.0731909670468847	0.11172023170336	0.399953492607118	0.288233260903758	0	0	0	0.2	0.523143592215947	0.212708492431091	0.15341226221975	0.974130773192718	0.820718510972968	0	0	1	0.1	0.263856992629769	0.131040768093646	0.0115422855979212	0.53975866029737	0.528216374699449	0	0	1	0.2	0.671662693048453	0.270668164500593	0.162452481841835	1.24498987388012	1.08253739203829	0	0	2	0.1	0.57382370774503	0.159492307189151	0.294266149447241	0.941093624362097	0.646827474914856	0	0	2	0.2	1.20886941864589	0.289956218443218	0.699283177562373	1.79614943351534	1.09686625595296	0	0	3	0.1	0.814428790263102	0.186350677118468	0.509343740151309	1.22762058929237	0.718276849141057	0	0	3	0.2	1.60105128649757	0.330353762703425	1.04728001964706	2.3221148722767	1.27483485262964
729	0	0	0	0.1	-0.0154435827421392	0.07117660954174	-0.168264697579153	0.111869098527536	0.280133796106688	0	0	0	0.2	-0.0267866391169255	0.14677215029607	-0.327242015942598	0.247574385124551	0.574816401067149	0	0	1	0.1	0.102178244700812	0.0967044606747548	-0.083955464259518	0.289000944723153	0.372956408982671	0	0	1	0.2	0.458366414641086	0.275765750603288	-0.0074138904464712	1.06459999809797	1.07201388854444	0	0	2	0.1	0.691481614632315	0.2411810589392	0.312001422698197	1.23385105667533	0.921849633977132	0	0	2	0.2	1.68463034954552	0.478552503767357	0.850341423117597	2.65873840971146	1.80839698659386	0	0	3	0.1	1.32696214308606	0.38097439865423	0.669213679284356	2.07641161150412	1.40719793221976	0	0	3	0.2	2.54085857351449	0.588884225077349	1.38396519452443	3.69453579686305	2.31057060233862
722	0	0	0	0.1	0.102908649350801	0.0574721719217284	-0.00504567816677599	0.214986580894893	0.220032259061669	0	0	0	0.2	0.195551172148823	0.117750513791577	-0.0262181050698416	0.428219104257042	0.454437209326884	0	0	1	0.1	0.173319430590747	0.0840053118910082	0.0216984683535151	0.353069702972824	0.331371234619309	0	0	1	0.2	0.504083843780501	0.257577472415712	0.0524641629202243	1.05853933261507	1.00607516969484	0	0	2	0.1	0.559107752598634	0.189880518141562	0.226450402331965	0.983638614824812	0.757188212492847	0	0	2	0.2	1.3284406111646	0.409692227722869	0.551894668584923	2.18521452963459	1.63331986104966	0	0	3	0.1	0.947297993765668	0.267011406413838	0.482228704755035	1.4875385027168	1.00530979796177	0	0	3	0.2	1.86240146974146	0.480517376972803	1.01963202542525	2.89222142505061	1.87258939962535
732	0	0	0	0.1	0.0744127587023127	0.0613764805633336	-0.0478209539829113	0.191592944673281	0.239413898656193	0	0	0	0.2	0.196364559774972	0.159455294823579	-0.101024076734023	0.512200311387592	0.613224388121615	0	0	1	0.1	0.286733129046371	0.135154905423994	0.0489444601237766	0.57679311610007	0.527848655976293	0	0	1	0.2	0.890145798327644	0.353033530498388	0.271858980325313	1.65318222355614	1.38132324323083	0	0	2	0.1	0.733010805356072	0.213891735197414	0.371305262665933	1.18904911797972	0.817743855313788	0	0	2	0.2	1.56069043727742	0.406323991703984	0.85090292004562	2.43471985934242	1.5838169392968	0	0	3	0.1	1.05318370066858	0.277494855093651	0.59685339182209	1.66062520815012	1.06377181632803	0	0	3	0.2	2.019702752579	0.484427614245138	1.19916718180561	3.01793821633418	1.81877103452856
730	0	0	0	0.1	0.0728104715095463	0.0926847344759344	-0.127175320355523	0.236943581965196	0.364118902320718	0	0	0	0.2	0.152149847295379	0.212096731379161	-0.268961907046534	0.56436673427484	0.833328641321374	0	0	1	0.1	0.223082211086811	0.130942194651178	-0.0132261661120656	0.501285062467795	0.514511228579861	0	0	1	0.2	0.696278465654246	0.313965887086168	0.156666964708476	1.35867087075936	1.20200390605088	0	0	2	0.1	0.663635720082401	0.199753938195528	0.32417719925243	1.09919157185284	0.77501437260041	0	0	2	0.2	1.37422430785294	0.370270281118437	0.717755796769212	2.15576219780731	1.4380064010381	0	0	3	0.1	0.914929674794359	0.240467279604649	0.498645219274531	1.43776248306026	0.939117263785726	0	0	3	0.2	1.72124217228868	0.418054990934776	0.985264730904594	2.63590122429743	1.65063649339284
737	0	0	0	0.1	0.11751234002619	0.0657052930759174	-0.0163586989777566	0.246174520430154	0.26253321940791	0	0	0	0.2	0.253776582988389	0.162201936431208	-0.0555959567249791	0.571906063358645	0.627502020083624	0	0	1	0.1	0.201032614541292	0.109246639416469	-0.0105881581974311	0.41536484271533	0.425953000912761	0	0	1	0.2	0.606252405144938	0.296023044310584	0.0566399404386503	1.16791178299398	1.11127184255533	0	0	2	0.1	0.580004839150296	0.195411781538789	0.226973584631844	0.980690617922455	0.753717033290611	0	0	2	0.2	1.33665994599591	0.39075630278347	0.595207337069398	2.09138561605559	1.49617827898619	0	0	3	0.1	0.972686649657219	0.265257841624126	0.497832187968352	1.51984621954695	1.0220140315786	0	0	3	0.2	1.88884607487705	0.448384139697679	1.07260279107556	2.78251315966572	1.70991036859017
734	0	0	0	0.1	0.130201940461147	0.0580966882181881	0.0149432480821459	0.247153643181093	0.232210395098947	0	0	0	0.2	0.235066093090167	0.127265352378844	-0.0066009689253943	0.497186501559105	0.503787470484499	0	0	1	0.1	0.186375018627996	0.0960443018817009	0.000773189682974266	0.380438848981251	0.379665659298276	0	0	1	0.2	0.646407166382367	0.30100871234935	0.125493901720399	1.31939136337922	1.19389746165882	0	0	2	0.1	0.814459303905473	0.247829771109707	0.415903077466652	1.38779244862199	0.971889371155333	0	0	2	0.2	2.04056895118484	0.479818477202715	1.20575118440599	3.0165767387574	1.81082555435141	0	0	3	0.1	1.51134759692002	0.361472721660394	0.9124093257036	2.28216827684279	1.36975895113919	0	0	3	0.2	2.91593539795773	0.550545700019363	1.9201575921344	4.06999567592388	2.14983808378948
733	0	0	0	0.1	0.0804512720700718	0.0598956580412972	-0.041121276676147	0.190214407441846	0.231335684117993	0	0	0	0.2	0.158028064805715	0.113921020446709	-0.0567884023498141	0.387704305451236	0.44449270780105	0	0	1	0.1	0.174784068673795	0.0793884376168863	0.0302117588560144	0.343756242302506	0.313544483446492	0	0	1	0.2	0.429542598857689	0.211029961237688	0.0344270868259486	0.897562170680543	0.863135083854594	0	0	2	0.1	0.472045612473974	0.170139139974133	0.187636159142843	0.876136810403434	0.688500651260591	0	0	2	0.2	1.19407615877579	0.415349825331477	0.493005427436547	2.14000789784243	1.64700247040588	0	0	3	0.1	0.935286192544582	0.303680078787806	0.452791903022313	1.61314618502107	1.16035428199876	0	0	3	0.2	1.98474490847511	0.57593689489349	1.00052668495001	3.23416289007021	2.2336362051202
758	0	0	0	0.1	0.179323514318672	0.0573318478683862	0.0694812238453474	0.290866982783804	0.221385758938456	0	0	0	0.2	0.381860344287223	0.135990867750001	0.139507634438471	0.669584503036528	0.530076868598057	0	0	1	0.1	0.249314570656607	0.092548473214875	0.0841312931449211	0.429766614604441	0.34563532145952	0	0	1	0.2	0.699379972574749	0.26968811742307	0.247579038590472	1.30320511574568	1.05562607715521	0	0	2	0.1	0.579820466564191	0.174868136804795	0.29731503846206	0.967106164286133	0.669791125824073	0	0	2	0.2	1.34542006957684	0.368708614796865	0.730406744133908	2.13115488736777	1.40074814323386	0	0	3	0.1	0.879494259072143	0.239158662788841	0.489708144713355	1.38632313121684	0.896614986503482	0	0	3	0.2	1.7387911096226	0.430743976862832	1.00514362046638	2.62749218357146	1.62234856310508
735	0	0	0	0.1	0.102671329749337	0.080468715522833	-0.0705000387173776	0.253337764731328	0.323837803448706	0	0	0	0.2	0.184929590137802	0.193441824697129	-0.206328023691485	0.554392720590969	0.760720744282454	0	0	1	0.1	0.206960835511598	0.128008846968836	-0.0314863104658093	0.461442958853863	0.492929269319673	0	0	1	0.2	0.669351775238637	0.341804062197826	0.0663441250133317	1.38577015194289	1.31942602692956	0	0	2	0.1	0.675011667020783	0.230009552234375	0.276171050597251	1.15852260291369	0.882351552316441	0	0	2	0.2	1.54528211789662	0.46431057556576	0.744852089863952	2.50637496832894	1.76152287846499	0	0	3	0.1	1.04079258988301	0.299179752385639	0.523777419811269	1.67199275545034	1.14821533563907	0	0	3	0.2	2.07207773652386	0.535465616881142	1.11225699583303	3.18452069059057	2.07226369475754
736	0	0	0	0.1	0.0863247833352766	0.0512865531176492	-0.0104935238622286	0.193022215168965	0.203515739031194	0	0	0	0.2	0.213447742703214	0.156899712539842	-0.0727287680304466	0.545453296487065	0.618182064517512	0	0	1	0.1	0.316802019071	0.218194338085752	-0.03460251699951	0.84230199615934	0.87690451315885	0	0	1	0.2	1.67420956703009	0.644668961315239	0.565726317282012	2.99890315012351	2.4331768328415	0	0	2	0.1	1.59401150377191	0.418251807645642	0.851167713794984	2.45138005929502	1.60021234550003	0	0	2	0.2	2.95061930962532	0.517240391622613	1.9751938350378	4.01986790356628	2.04467406852848	0	0	3	0.1	2.30750130738335	0.437124762764527	1.50537710869462	3.24264765758216	1.73727054888753	0	0	3	0.2	3.61631314768025	0.550356515146518	2.59541629849369	4.80562341420326	2.21020711570958
749	0	0	0	0.1	0.0498246157047315	0.0431288632133515	-0.0370634699601193	0.134353275759198	0.171416745719317	0	0	0	0.2	0.0596121267043279	0.116643539346606	-0.180471697714213	0.292889304912901	0.473361002627115	0	0	1	0.1	0.025274944806819	0.12451420162514	-0.228122522084913	0.279258695140896	0.507381217225809	0	0	1	0.2	0.392910213788701	0.44915947933793	-0.34559172152474	1.48319005900586	1.8287817805306	0	0	2	0.1	0.692562482187672	0.348432143613472	0.164522632781134	1.56130106468582	1.39677843190469	0	0	2	0.2	2.10565243059722	0.750383449564604	0.820974358404058	3.79703440573573	2.97606004733167	0	0	3	0.1	1.54622137716447	0.538927897716945	0.678280923910091	2.77805738418345	2.09977646027336	0	0	3	0.2	3.11730039204936	0.833921239123907	1.61139404440682	4.89155510885598	3.28016106444916
757	0	0	0	0.1	0.032137783158515	0.0706296492730871	-0.117863428330319	0.167100602459189	0.284964030789508	0	0	0	0.2	0.0732100078121434	0.164203573980468	-0.259523962371454	0.391434226421484	0.650958188792939	0	0	1	0.1	0.154264932998114	0.103842559542063	-0.0467318301373015	0.360040789868349	0.40677262000565	0	0	1	0.2	0.52613692627983	0.273549370793175	0.0644558344034094	1.15400896083823	1.08955312643482	0	0	2	0.1	0.590879842781174	0.186163575219454	0.296696874731789	0.989126605691991	0.692429730960201	0	0	2	0.2	1.41481233468701	0.386689302480003	0.767402004118145	2.22937166596241	1.46196966184427	0	0	3	0.1	1.01167077790166	0.263738008831513	0.579989543537613	1.58181499270775	1.00182544917014	0	0	3	0.2	2.00378694512713	0.458957803831404	1.19708000320341	2.94247814585548	1.74539814265207
755	0	0	0	0.1	0.122084805022344	0.0716996583607997	-0.0144678542719943	0.278664649447562	0.293132503719556	0	0	0	0.2	0.294655908713811	0.193542981387357	-0.0436272827620672	0.713189530144825	0.756816812906892	0	0	1	0.1	0.339762968027994	0.127140553789221	0.117138032253001	0.615746178870415	0.498608146617414	0	0	1	0.2	0.967186718898112	0.319594180778699	0.400569378801007	1.62822316349097	1.22765378468997	0	0	2	0.1	0.82434373019139	0.225489350477282	0.410072844672567	1.28186934368191	0.871796499009346	0	0	2	0.2	1.78942432747109	0.426655128089941	1.0063148504449	2.66918395548201	1.66286910503711	0	0	3	0.1	1.20715931509869	0.294105786969111	0.692478160473318	1.82915527817753	1.13667711770421	0	0	3	0.2	2.39887116616869	0.501521375249699	1.48943556047732	3.43108507898723	1.94164951850991
748	0	0	0	0.1	-0.0271046791784664	0.072586077085734	-0.179802238060958	0.103283371356431	0.283085609417388	0	0	0	0.2	-0.0882067820864642	0.152107060204626	-0.390585393467092	0.179880014135499	0.570465407602592	0	0	1	0.1	0.0339891363933553	0.0896136753377373	-0.138431927671689	0.208959371309644	0.347391298981333	0	0	1	0.2	0.162166555477325	0.220997512354457	-0.244487079139237	0.60563227739243	0.850119356531667	0	0	2	0.1	0.36181582373515	0.159623846183407	0.101926469688887	0.697231770977424	0.595305301288537	0	0	2	0.2	0.947278724116877	0.357906758082667	0.357495595200361	1.73822231523012	1.38072672002976	0	0	3	0.1	0.807282758547243	0.247439668037581	0.408064143899113	1.38201801721385	0.973953873314735	0	0	3	0.2	1.75296469533928	0.450154025061788	0.978201436869163	2.78625623597815	1.80805479910899
747	0	0	0	0.1	0.163363452302118	0.0654733076771781	0.0440293283220023	0.298771718987354	0.254742390665351	0	0	0	0.2	0.391516501826202	0.183925488500196	0.0810909530237952	0.808531597090825	0.72744064406703	0	0	1	0.1	0.283603962412132	0.117599942008113	0.0835885730234291	0.541465340629882	0.457876767606453	0	0	1	0.2	0.80503097847927	0.299905264205917	0.300171489658501	1.47496647769724	1.17479498803874	0	0	2	0.1	0.666420057182732	0.184004135654993	0.360809550478863	1.09968676854365	0.738877218064792	0	0	2	0.2	1.36337564201259	0.333950351799134	0.801367062184013	2.09206880700052	1.2907017448165	0	0	3	0.1	0.914771915290617	0.225129748032704	0.555329313016027	1.40942979084998	0.854100477833955	0	0	3	0.2	1.68018782323447	0.375718722839555	1.0724806543545	2.52157564793687	1.44909499358238
746	0	0	0	0.1	0.123977907919174	0.080521284708105	-0.0260058091492042	0.300578724412749	0.326584533561953	0	0	0	0.2	0.25187132302856	0.184142602949739	-0.0931311411552958	0.638373672131024	0.73150481328632	0	0	1	0.1	0.23718964428288	0.128637651954374	-0.0227041969939996	0.487754281269391	0.510458478263391	0	0	1	0.2	0.77181437694292	0.346255275284882	0.104378268074676	1.48506394641962	1.38068567834495	0	0	2	0.1	0.762402930142727	0.234335264242985	0.333084747587856	1.2512563182964	0.918171570708541	0	0	2	0.2	1.71263029083015	0.440156556526813	0.916262283369879	2.66440782461678	1.7481455412469	0	0	3	0.1	1.20547557420513	0.305707129987399	0.682623861943467	1.85449552744234	1.17187166549887	0	0	3	0.2	2.28942981313128	0.494870809625664	1.42699791216443	3.35338440870891	1.92638649654448
754	0	0	0	0.1	0.0983113815310852	0.04658199553983	0.0084038430330061	0.194777280642562	0.186373437609556	0	0	0	0.2	0.212099351601607	0.113049476433237	0.0109674273778788	0.443170981780767	0.432203554402888	0	0	1	0.1	0.165610091216089	0.0945223935683105	-0.0186180836628726	0.359423163857562	0.378041247520435	0	0	1	0.2	0.592404255338195	0.309973121141388	0.0646826646753078	1.28977418732899	1.22509152265369	0	0	2	0.1	0.683763957692853	0.219779392557428	0.324651682569781	1.18009048431543	0.855438801745649	0	0	2	0.2	1.68187996079106	0.416465341762129	0.944583322449906	2.54501611878988	1.60043279633998	0	0	3	0.1	1.24671486155178	0.298862073775851	0.730842355480428	1.87704390452166	1.14620154904123	0	0	3	0.2	2.32748739682573	0.447753593459957	1.49305968244086	3.21605708693129	1.72299740449043
756	0	0	0	0.1	0.13501627845268	0.0793829866643872	-0.000895443320426475	0.31124044544608	0.312135888766507	0	0	0	0.2	0.323120029127263	0.206724163021492	-0.0182383663276573	0.773921510023607	0.792159876351264	0	0	1	0.1	0.190081763168633	0.13968787339782	-0.0661942768756527	0.478951848190374	0.545146125066027	0	0	1	0.2	0.540824801062486	0.307884949299372	-0.0638652230537902	1.13755265341442	1.20141787646821	0	0	2	0.1	0.485805735746832	0.188735250998058	0.119922576228768	0.868923138076034	0.749000561847266	0	0	2	0.2	1.04522156996582	0.349299657217661	0.356504742092779	1.76318623817954	1.40668149608676	0	0	3	0.1	0.75480295444036	0.232841234069622	0.323469726899523	1.27309483559466	0.94962510869514	0	0	3	0.2	1.48302170327695	0.415120726023524	0.6986887362914	2.37981570717703	1.68112697088563
743	0	0	0	0.1	0.092640018235877	0.0830996136690067	-0.0727038422626749	0.255109594818162	0.327813437080837	0	0	0	0.2	0.0924230568302169	0.215631846776704	-0.319912507862685	0.521010442366656	0.840922950229341	0	0	1	0.1	-0.0160952252230546	0.140308975875728	-0.305537446336237	0.240806421823285	0.546343868159522	0	0	1	0.2	0.143828133798685	0.329899787457392	-0.463262994998542	0.837983076602766	1.30124607160131	0	0	2	0.1	0.367019425797542	0.182722291083442	0.0362053230516645	0.77281155297543	0.736606229923766	0	0	2	0.2	0.953392116672508	0.353828729526389	0.326852322405325	1.70065319555314	1.37380087314782	0	0	3	0.1	0.742625138637191	0.216932120979835	0.382577017368402	1.21640685938627	0.833829842017872	0	0	3	0.2	1.47979440503528	0.370555436321171	0.828354420928141	2.25973473687205	1.43138031594391
752	0	0	0	0.1	0.0136718435180968	0.0552784774996961	-0.0915346653402664	0.118553448625224	0.210088113965491	0	0	0	0.2	0.0329460101789966	0.13778484774916	-0.220465712066647	0.290613280194367	0.511078992261014	0	0	1	0.1	0.220083780332144	0.133081393811115	-0.00326937958533158	0.499743486077022	0.503012865662354	0	0	1	0.2	0.9929203944538	0.453558029866493	0.25304375682022	1.97113192690177	1.71808817008155	0	0	2	0.1	1.0997302846294	0.31284163916914	0.5593849407485	1.77519764334056	1.21581270259206	0	0	2	0.2	2.35347048695886	0.495807621237701	1.40717499032629	3.32918204415244	1.92200705382614	0	0	3	0.1	1.71598914278572	0.3755633833578	1.02435369805974	2.49140107383255	1.46704737577281	0	0	3	0.2	3.11244330320719	0.550126244243806	2.05271562188867	4.23145349585061	2.17873787396193
740	0	0	0	0.1	0.215368319542043	0.0581548632123811	0.0998251681780753	0.334425409839866	0.234600241661791	0	0	0	0.2	0.393223949369832	0.122086338285969	0.163074078635195	0.649688048191932	0.486613969556737	0	0	1	0.1	0.256027185551036	0.0804165407538633	0.101639663610804	0.41627719718878	0.314637533577976	0	0	1	0.2	0.664279299120261	0.221231733767074	0.257379883978067	1.13323406094695	0.875854176968886	0	0	2	0.1	0.667030995664978	0.178300759411324	0.363882270071245	1.04064853602203	0.67676626595079	0	0	2	0.2	1.50095889309608	0.360302795642226	0.871896508475115	2.25202802112618	1.38013151265107	0	0	3	0.1	1.02426946683657	0.251143733743296	0.587746080932315	1.57741182482383	0.989665743891516	0	0	3	0.2	1.97408327158964	0.429515091276371	1.21084326051771	2.85727203827382	1.64642877775611
771	0	0	0	0.1	-0.0392922326006945	0.0604534354363614	-0.165227295721851	0.0654760301887576	0.230703325910609	0	0	0	0.2	-0.132052511323786	0.153987214546676	-0.435206414587626	0.141132688228944	0.57633910281657	0	0	1	0.1	-0.0423693208894836	0.120083084597324	-0.286106483384788	0.186271573782532	0.47237805716732	0	0	1	0.2	0.143044540825434	0.341321612993843	-0.453226582056195	0.882919636209835	1.33614621826603	0	0	2	0.1	0.504992575253707	0.239467958437156	0.119421693055756	1.06324241040685	0.943820717351093	0	0	2	0.2	1.3195742953105	0.455611132762542	0.513080687201949	2.23755150868454	1.72447082148259	0	0	3	0.1	1.02390830136255	0.310961332102192	0.486315835335797	1.6707987248711	1.1844828895353	0	0	3	0.2	1.92376741387171	0.483391165981831	1.02666506309501	2.94897993271878	1.92231486962378
753	0	0	0	0.1	0.18937773805374	0.10410623449976	0.0254478766313243	0.427320993194572	0.401873116563247	0	0	0	0.2	0.521022709853338	0.275606319069975	0.0704161022103088	1.12483518226414	1.05441908005383	0	0	1	0.1	0.335011583997997	0.209282606766534	-0.0689037115472324	0.766770067979412	0.835673779526645	0	0	1	0.2	1.20303288588283	0.663621147559836	-0.0646536247328899	2.53913941687845	2.60379304161134	0	0	2	0.1	0.990729338580661	0.463436460128118	0.123833418109103	1.89676552580016	1.77293210769105	0	0	2	0.2	2.15996196881898	0.789350406467336	0.61952418277277	3.54482908186811	2.92530489909534	0	0	3	0.1	1.5763805924367	0.550311255614438	0.529974846761424	2.61056685145468	2.08059200469326	0	0	3	0.2	2.83294696521704	0.785524009678668	1.28214431863535	4.23291078606707	2.95076646743172
744	0	0	0	0.1	0.2014233937301	0.0847563151110411	0.0473992171652979	0.373984128821085	0.326584911655787	0	0	0	0.2	0.459270125318867	0.188230363310088	0.120543658802582	0.839241753508276	0.718698094705695	0	0	1	0.1	0.258407924479768	0.109732181515845	0.0411901536365248	0.483022950724504	0.441832797087979	0	0	1	0.2	0.625670820250936	0.252390462420743	0.143619060715686	1.15061227714762	1.00699321643193	0	0	2	0.1	0.46178295865516	0.153053021912425	0.186114978505701	0.809126959392463	0.623011980886761	0	0	2	0.2	1.03381069223565	0.326999166262059	0.477822694298129	1.76352950684636	1.28570681254823	0	0	3	0.1	0.664275273003491	0.201340433037802	0.344117716885652	1.126415931094	0.782298214208349	0	0	3	0.2	1.37765527556809	0.390718958014779	0.734564236369898	2.27112063156527	1.53655639519537
759	0	0	0	0.1	0.154243686805924	0.0715722727312011	0.0367025267066453	0.312435950571227	0.275733423864582	0	0	0	0.2	0.369761526821732	0.193410876327572	0.0485818526939833	0.824150036029954	0.775568183335971	0	0	1	0.1	0.320163436981536	0.220166991000274	-0.0871799159748904	0.778444994039838	0.865624910014728	0	0	1	0.2	1.14420056967064	0.552528461731893	0.0762680516986577	2.26965516913795	2.19338711743929	0	0	2	0.1	1.00197859587232	0.340036813843007	0.359205717951054	1.74148088396043	1.38227516600937	0	0	2	0.2	2.0072876886457	0.500041564857057	0.989869372546132	2.93505035265642	1.94518098011029	0	0	3	0.1	1.44128792753569	0.352293030477126	0.770642532342253	2.14299444808168	1.37235191573943	0	0	3	0.2	2.50659296375149	0.503799213185124	1.52012594078132	3.43535739500115	1.91523145421982
765	0	0	0	0.1	0.134741592966513	0.0774893565519357	-0.016749076907604	0.29457362443468	0.311322701342284	0	0	0	0.2	0.31366887147409	0.194323227476416	-0.0507337349667914	0.716701210658455	0.767434945625247	0	0	1	0.1	0.251631464539455	0.115954213714133	0.041249066297974	0.514852767858039	0.473603701560065	0	0	1	0.2	0.806414208510563	0.31560001298615	0.282148438593094	1.55734112679413	1.27519268820103	0	0	2	0.1	0.772391884445632	0.220780116759313	0.422256928237125	1.30264685615676	0.880389927919638	0	0	2	0.2	1.72882994833949	0.425458258607205	0.992106449599452	2.6273324904562	1.63522604085675	0	0	3	0.1	1.25658011937211	0.315750528128013	0.746447417378828	1.94867349920308	1.20222608182425	0	0	3	0.2	2.39807702635531	0.515211367796729	1.5385789373081	3.49062957868956	1.95205064138147
770	0	0	0	0.1	0.153264148806668	0.0737588101747356	0.0150158810709101	0.305101154233364	0.290085273162454	0	0	0	0.2	0.306384351459999	0.185931897402596	-0.0396292333509939	0.690623045322613	0.730252278673607	0	0	1	0.1	0.18459159272908	0.124481746256489	-0.0718258006346343	0.425390750827503	0.497216551462137	0	0	1	0.2	0.581894252068044	0.317972883040814	-0.0878461536404187	1.21367360089834	1.30151975453875	0	0	2	0.1	0.62071698147286	0.215674690526493	0.217628348432162	1.04644756229192	0.828819213859754	0	0	2	0.2	1.459756874507	0.445013605381518	0.620901249495437	2.38915927611414	1.7682580266187	0	0	3	0.1	1.10043484017638	0.314051074754627	0.538326387482853	1.78527360265482	1.24694721517197	0	0	3	0.2	2.19896566875416	0.544054076846095	1.14868839066485	3.37260710123716	2.22391871057232
741	0	0	0	0.1	0.0968631054601908	0.0604702624595174	-0.0318857200246563	0.21996023867628	0.251845958700936	0	0	0	0.2	0.20536270658039	0.17116454560116	-0.129778032781201	0.548376122199809	0.678154154981011	0	0	1	0.1	0.143905883888615	0.137531892336759	-0.133164342375904	0.416167815089128	0.549332157465033	0	0	1	0.2	0.696641174903671	0.459722504671616	-0.0527465424057042	1.71275922180955	1.76550576421525	0	0	2	0.1	0.74112802187377	0.276575415578455	0.271627425637781	1.36701537356825	1.09538794793047	0	0	2	0.2	1.69646391568493	0.460482966683607	0.872585907610801	2.65757782906007	1.78499192144927	0	0	3	0.1	1.17354074296571	0.310229176531752	0.674359282684982	1.83114862592767	1.15678934324269	0	0	3	0.2	2.11353502525183	0.469313730665396	1.32284212734344	3.10857277750935	1.78573065016591
760	0	0	0	0.1	0.24924640743923	0.0689364813800481	0.131812656932183	0.39568398793693	0.263871331004747	0	0	0	0.2	0.568461505874051	0.15486238828467	0.293903838929357	0.883872943126613	0.589969104197256	0	0	1	0.1	0.279795487027918	0.0955667410911602	0.0911498275087178	0.473568831042765	0.382419003534047	0	0	1	0.2	0.606252529195837	0.22540651078258	0.155813579287336	1.07407720355502	0.918263624267689	0	0	2	0.1	0.350446746145401	0.12901987841907	0.0993500889562371	0.60666165398936	0.507311565033123	0	0	2	0.2	0.790887612288412	0.277062964819001	0.270833626184608	1.35479685792533	1.08396323174072	0	0	3	0.1	0.495331458285631	0.156994291038817	0.205147189996918	0.823875233261181	0.618728043264262	0	0	3	0.2	1.07071406479843	0.321011355129524	0.493942323678599	1.73367613472154	1.23973381104294
766	0	0	0	0.1	0.166876345252574	0.0720088278116602	0.0286629798843643	0.312475782822951	0.283812802938587	0	0	0	0.2	0.306923925069663	0.179281864257064	-0.0406056233838172	0.666976843644285	0.707582467028102	0	0	1	0.1	0.183166681548095	0.110174258830452	-0.0316812969545658	0.408497655894361	0.440178952848927	0	0	1	0.2	0.541263339253101	0.280755011817812	0.00280148761119823	1.13439941701881	1.13159792940761	0	0	2	0.1	0.589241798829449	0.183259224348955	0.256719715502524	0.967738967310525	0.711019251808001	0	0	2	0.2	1.43025895892085	0.36974289487424	0.769380008319307	2.19750633891836	1.42812633059906	0	0	3	0.1	1.01896907230784	0.25431887040972	0.573476586539493	1.54312847805249	0.969651891513001	0	0	3	0.2	2.08963703583167	0.460551129356372	1.2749964944612	3.11136724422356	1.83637074976236
751	0	0	0	0.1	0.126566620976602	0.0829449475809876	-0.0256778333707164	0.294732621465831	0.320410454836547	0	0	0	0.2	0.400822329875303	0.246448729123232	0.0109861215661172	0.954773557277197	0.94378743571108	0	0	1	0.1	0.38002326637191	0.166426419055936	0.102523862383314	0.77483050719125	0.672306644807936	0	0	1	0.2	1.09782239668175	0.39700385939165	0.406645940765362	1.95038810150654	1.54374216074118	0	0	2	0.1	0.863090605329729	0.249025451105969	0.44950638876428	1.41957979583603	0.970073407071752	0	0	2	0.2	1.80163220457635	0.448106145038833	1.04997597215279	2.7382007309529	1.6882247588001	0	0	3	0.1	1.22488390135058	0.310752635642111	0.712887231875126	1.91883223689419	1.20594500501907	0	0	3	0.2	2.30442746100885	0.51990735941126	1.41993212454603	3.42616294411538	2.00623081956935
763	0	0	0	0.1	0.0531333995778932	0.0564733197448172	-0.0546927534027929	0.160310309978995	0.215003063381788	0	0	0	0.2	0.0652941303120763	0.14560134794892	-0.20765446471362	0.33965172900033	0.547306193713949	0	0	1	0.1	0.182101923590987	0.143304359370259	-0.0782601912705788	0.487649101069729	0.565909292340308	0	0	1	0.2	0.849927086288514	0.448628744016574	0.127577899694797	1.86537807302195	1.73780017332716	0	0	2	0.1	0.928022982210792	0.321212736093957	0.403451460760453	1.66169946358851	1.25824800282806	0	0	2	0.2	2.02175218956672	0.580647129251127	1.01093888683451	3.30643120829017	2.29549232145566	0	0	3	0.1	1.39449913493246	0.410209564247342	0.726035249513071	2.32784100006846	1.60180575055539	0	0	3	0.2	2.62952552303723	0.679176774879482	1.48814949805288	4.11166378766451	2.62351428961163
764	0	0	0	0.1	-0.0363862587817097	0.0998751753453624	-0.252316230807303	0.144894614527535	0.397210845334838	0	0	0	0.2	-0.02388990910063	0.22473674228124	-0.449246790568214	0.408633989225853	0.857880779794067	0	0	1	0.1	0.215913497467014	0.14321932880714	-0.0658232750429653	0.476958322335993	0.542781597378958	0	0	1	0.2	0.763473098263716	0.299543791449303	0.183722568307655	1.38395334416174	1.20023077585409	0	0	2	0.1	0.726968216135684	0.188093645214427	0.393895224313629	1.1204558207064	0.72656059639277	0	0	2	0.2	1.47447511982529	0.3336651192714	0.878691314376418	2.17174061203894	1.29304929766253	0	0	3	0.1	1.00125586348014	0.235522970066973	0.619375147479677	1.52965416890832	0.910279021428638	0	0	3	0.2	1.86853750382034	0.392341799015652	1.18835520049786	2.72040914946169	1.53205394896383
745	0	0	0	0.1	0.0669347921719368	0.075799672076683	-0.0797005871744165	0.218227586685491	0.297928173859908	0	0	0	0.2	0.0994993966889141	0.186743768645611	-0.257058051398829	0.472939698056963	0.729997749455792	0	0	1	0.1	0.130870505911317	0.140329001655647	-0.149297485269128	0.422110485060775	0.571407970329903	0	0	1	0.2	0.544623035122779	0.393924372151639	-0.14155450698495	1.47017792790916	1.61173243489411	0	0	2	0.1	0.628981162324446	0.254371175811	0.218186917309449	1.2090766865626	0.990889769253154	0	0	2	0.2	1.51558921477787	0.498830652333342	0.632386165363735	2.6311492701275	1.99876310476376	0	0	3	0.1	1.06401595528198	0.327415129231139	0.499362411973836	1.82128661441313	1.32192420243929	0	0	3	0.2	2.0735662482902	0.544619950253368	1.10779658636825	3.18862313386729	2.08082654749904
769	0	0	0	0.1	0.0447876926414125	0.0783615321045805	-0.109010168215112	0.206817713985671	0.315827882200783	0	0	0	0.2	0.138167496123871	0.193817658234243	-0.218090483571319	0.558935292938256	0.777025776509574	0	0	1	0.1	0.296184769114499	0.13193668847466	0.0727585382671335	0.578595357373493	0.505836819106359	0	0	1	0.2	0.909723430819643	0.304616147764176	0.36789343368902	1.54622663964062	1.1783332059516	0	0	2	0.1	0.794064719411321	0.210636546212778	0.417410498096044	1.24868259507185	0.831272096975809	0	0	2	0.2	1.55803848672376	0.356175480999914	0.905319505726397	2.27836522440008	1.37304571867368	0	0	3	0.1	1.013989691042	0.241432094185719	0.58607082213273	1.52857653985826	0.942505717725528	0	0	3	0.2	1.81024415266343	0.38773658627091	1.10366533733958	2.6249498247259	1.52128448738631
762	0	0	0	0.1	0.176030721473471	0.0719186637484825	0.0396076038629505	0.321841114755962	0.282233510893012	0	0	0	0.2	0.304741684901185	0.18566771436936	-0.0453455879207103	0.666627813270602	0.711973401191313	0	0	1	0.1	0.117945017234168	0.11308733953192	-0.106332677207627	0.341455838988409	0.447788516196035	0	0	1	0.2	0.347059654850147	0.262647303207019	-0.141647744623765	0.892703240574429	1.03435098519819	0	0	2	0.1	0.424659220539304	0.152161132903586	0.153307103401603	0.75307574498013	0.599768641578527	0	0	2	0.2	0.949679867634103	0.294311121806797	0.403908566031134	1.56406975862879	1.16016119259766	0	0	3	0.1	0.698459472301972	0.189346818005473	0.356017215616319	1.11132172385601	0.75530450823969	0	0	3	0.2	1.35679805091718	0.340321023629817	0.734480681159438	2.11269149912627	1.37821081796683
767	0	0	0	0.1	0.0480358410177567	0.0752825383915989	-0.0942831952735547	0.19909047942642	0.293373674699974	0	0	0	0.2	0.0970638582204334	0.159468025719871	-0.225151234328064	0.421613615041843	0.646764849369908	0	0	1	0.1	0.171762025029081	0.0988051456637527	-0.0136079744746043	0.366035755508744	0.379643729983349	0	0	1	0.2	0.585678568385592	0.260939436140184	0.135636442940054	1.12854567279577	0.992909229855712	0	0	2	0.1	0.656220224070387	0.181006126757551	0.344121049888138	1.04945346408607	0.705332414197932	0	0	2	0.2	1.47151807966558	0.363149984128065	0.843954090419676	2.26481313115226	1.42085904073258	0	0	3	0.1	1.03851061180305	0.250490508243069	0.615550943118048	1.60361375618228	0.988062813064235	0	0	3	0.2	2.00516300667815	0.437234794129025	1.23896996930987	2.9649045850135	1.72593461570363
768	0	0	0	0.1	0.216388813133435	0.0592689286909053	0.106125781632793	0.344749010197768	0.238623228564975	0	0	0	0.2	0.45696648344413	0.155705293719108	0.183189931180061	0.793034023481231	0.60984409230117	0	0	1	0.1	0.284563051995783	0.117358518221545	0.0739102923298399	0.542923392926391	0.469013100596551	0	0	1	0.2	0.83742100283284	0.377922909940734	0.193147117107313	1.69667253296909	1.50352541586177	0	0	2	0.1	0.707735250862075	0.246701658425804	0.293175907140425	1.2714352612077	0.978259354067277	0	0	2	0.2	1.6801649648822	0.495125496787981	0.826783723117338	2.75822676161109	1.93144303849375	0	0	3	0.1	1.14384266965427	0.331565784025261	0.579392773408939	1.92596479922286	1.34657202581392	0	0	3	0.2	2.26232647133051	0.569744317450089	1.23367177021417	3.50999543816776	2.27632366795359
750	0	0	0	0.1	0.0995780285716214	0.0677152589305697	-0.0356759674064236	0.23020157942727	0.265877546833693	0	0	0	0.2	0.213692199249796	0.157122369661199	-0.101870040752121	0.518121151559937	0.619991192312058	0	0	1	0.1	0.239919713035252	0.113494904595211	0.0243669152776505	0.475045660378723	0.450678745101072	0	0	1	0.2	0.606037908427447	0.274844614327571	0.131787726829613	1.18364738717116	1.05185966034155	0	0	2	0.1	0.529631238337832	0.177453603965461	0.211795912331176	0.913621747633489	0.701825835302313	0	0	2	0.2	1.13999784063955	0.360450817307984	0.495981518634027	1.89766623972237	1.40168472108834	0	0	3	0.1	0.794571540206109	0.238143851687612	0.38262032867903	1.30234680832033	0.919726479641303	0	0	3	0.2	1.57603074906371	0.439062760130752	0.783630135781305	2.50029700656507	1.71666687078377
783	0	0	0	0.1	0.127752826414559	0.0785334507952975	-0.0168099275725567	0.284325431639613	0.30113535921217	0	0	0	0.2	0.329836543416703	0.244584323295337	-0.102593891512204	0.835571467036643	0.938165358548847	0	0	1	0.1	0.35333597569701	0.188482803779098	0.0339211208735216	0.77429269787215	0.740371576998629	0	0	1	0.2	1.29004554102554	0.459942733010544	0.48522227032558	2.26816712978983	1.78294485946425	0	0	2	0.1	1.12224523769978	0.308707184890246	0.594602836887963	1.76970843275317	1.1751055958652	0	0	2	0.2	2.23555876381398	0.477908517633961	1.35320126730977	3.17725586994365	1.82405460263388	0	0	3	0.1	1.56224829077634	0.35757530668588	0.950085708887244	2.30126075430053	1.35117504541329	0	0	3	0.2	2.72982996190273	0.525820882203375	1.76045190236482	3.75637458640655	1.99592268404174
738	0	0	0	0.1	0.130958491976494	0.0636516463642056	0.0116006212833779	0.263539615481464	0.251938994198086	0	0	0	0.2	0.353367429745179	0.169877506702089	0.0544971278700716	0.703931871866596	0.649434743996524	0	0	1	0.1	0.319046192788525	0.101967960133053	0.14083727598363	0.531647015939642	0.390809739956012	0	0	1	0.2	1.03348300604357	0.30069879244774	0.545083226181375	1.72931069590267	1.18422746972129	0	0	2	0.1	0.894082540347692	0.19981365395148	0.581810305617332	1.35560675638471	0.773796450767382	0	0	2	0.2	2.04321979000446	0.407321191834895	1.37351533835824	2.96005230029195	1.58653696193372	0	0	3	0.1	1.38154345386081	0.299991770693611	0.919002992100491	2.08863958805302	1.16963659595253	0	0	3	0.2	2.69261330235907	0.50348376784389	1.86053399267579	3.78776009041156	1.92722609773577
739	0	0	0	0.1	0.0327598467270653	0.0682012991782254	-0.111572053863409	0.159139611657419	0.270711665520827	0	0	0	0.2	0.0524485420043424	0.175994900709881	-0.321338213390356	0.383304491758507	0.704642705148863	0	0	1	0.1	0.153671937144044	0.131652795865173	-0.107595141655992	0.430507650725836	0.538102792381827	0	0	1	0.2	0.582391586285861	0.356131707738851	-0.0380390773398561	1.34864830074933	1.38668737808919	0	0	2	0.1	0.632437943170027	0.245557358247869	0.232707246895105	1.12937596650472	0.89666871960961	0	0	2	0.2	1.4024337192802	0.483360030317407	0.583429214005966	2.31103795961248	1.72760874560651	0	0	3	0.1	1.00064636781011	0.337353227264763	0.442529488460772	1.67657169204332	1.23404220358255	0	0	3	0.2	1.86093535343109	0.561606349670053	0.889852529716462	2.991713703752	2.10186117403554
779	0	0	0	0.1	0.0631842056659335	0.0594359272426003	-0.0519878577875754	0.181257296998178	0.233245154785753	0	0	0	0.2	0.152993299173874	0.140453040221841	-0.111348297899178	0.449739763264701	0.561088061163879	0	0	1	0.1	0.229743857208541	0.111463553903369	0.0322163711231846	0.463912530191612	0.431696159068428	0	0	1	0.2	0.746031234998624	0.337046845440384	0.191551377325938	1.47113900168602	1.27958762436008	0	0	2	0.1	0.66459705409846	0.221115446888291	0.307607459024988	1.14250055357324	0.834893094548253	0	0	2	0.2	1.52282184436169	0.457521808336135	0.773395279720764	2.50537480529513	1.73197952557437	0	0	3	0.1	0.976651051768998	0.284117876820893	0.507068127250256	1.61703141114231	1.10996328389205	0	0	3	0.2	1.97196215360029	0.533009729665835	1.08450989673067	3.11224724545209	2.02773734872142
781	0	0	0	0.1	0.195952478328237	0.0699962745827025	0.064066530610094	0.340138174491672	0.276071643881578	0	0	0	0.2	0.455934315846011	0.204353293304453	0.0820597230680914	0.916191411533192	0.8341316884651	0	0	1	0.1	0.337336971764321	0.142325135975654	0.0736480274955537	0.633802647271767	0.560154619776214	0	0	1	0.2	1.10756327623278	0.368529801000841	0.432928506914131	1.80522274894546	1.37229424203133	0	0	2	0.1	0.959714884638237	0.228218342296991	0.533206766744338	1.40843822141095	0.875231454666608	0	0	2	0.2	1.91368912410575	0.379090385150418	1.16444892477886	2.66875918757726	1.5043102627984	0	0	3	0.1	1.29157395207929	0.26850291917308	0.812863870488964	1.82777502044804	1.01491114995908	0	0	3	0.2	2.31059853546582	0.422655672282986	1.53881833380968	3.14919757392396	1.61037924011427
774	0	0	0	0.1	0.0988450158438472	0.0622448656910706	-0.0251403684890448	0.221369217351586	0.246509585840631	0	0	0	0.2	0.257219915099102	0.188003932575031	-0.0913315835488076	0.666815378328728	0.758146961877536	0	0	1	0.1	0.416555981891152	0.164490571420364	0.134959695887381	0.77019414131712	0.635234445429739	0	0	1	0.2	1.23615544956181	0.372952627696295	0.559116650306138	2.00922541640621	1.45010876610007	0	0	2	0.1	0.990919665571046	0.239175059073606	0.56290034419309	1.50648295998222	0.943582615789126	0	0	2	0.2	1.94954173354959	0.400745449845904	1.20941652604521	2.76490662625332	1.55549010020811	0	0	3	0.1	1.24857929207499	0.273264305774336	0.772504159872332	1.84905134669227	1.07654718681993	0	0	3	0.2	2.27926453296938	0.446296107235033	1.44836342226199	3.21092947103024	1.76256604876824
778	0	0	0	0.1	0.162852045824075	0.0604178205099226	0.045867200659643	0.286624377745498	0.240757177085855	0	0	0	0.2	0.412289359537852	0.173744686062652	0.113999983975988	0.805817867100992	0.691817883125005	0	0	1	0.1	0.385973335196926	0.152882797956718	0.129919152196012	0.733186020376953	0.60326686818094	0	0	1	0.2	1.30169195647021	0.507183430603769	0.49494128155498	2.41614992148081	1.92120863992583	0	0	2	0.1	1.12634771089042	0.355066131712762	0.529285658842628	1.89737011094887	1.36808445210624	0	0	2	0.2	2.51619241478803	0.628261051933381	1.37299868611639	3.82365384519404	2.45065515907766	0	0	3	0.1	1.78459154250775	0.484203176737074	0.956719791175152	2.83308903522483	1.87636924404968	0	0	3	0.2	3.28446929047281	0.72948980938982	1.96554146405881	4.76193053823636	2.79638907417754
780	0	0	0	0.1	0.100295081469148	0.0847528969905686	-0.0563700114048339	0.270672792719562	0.327042804124396	0	0	0	0.2	0.294627191237165	0.245199286119013	-0.154082459799077	0.83012536452814	0.984207824327218	0	0	1	0.1	0.358998872975277	0.174230888020658	0.0568369559720077	0.725203167147853	0.668366211175845	0	0	1	0.2	1.21777718244983	0.421689163653753	0.438879371644065	2.10450135351275	1.66562198186869	0	0	2	0.1	0.957695992339117	0.258947647416823	0.476958754689694	1.49702409734289	1.0200653426532	0	0	2	0.2	1.89806449795486	0.444003966891678	1.05585097455807	2.79424140883849	1.73839043428042	0	0	3	0.1	1.20022287432535	0.290141189123839	0.684525571397817	1.78806880676933	1.10354323537152	0	0	3	0.2	2.20487659633238	0.492517184772496	1.34549140127513	3.23598445347491	1.89049305219979
777	0	0	0	0.1	0.155867519530229	0.0841813340510592	-0.00573806421233307	0.330844250061874	0.336582314274207	0	0	0	0.2	0.372687071401747	0.198345503533676	-5.85801226543303e-05	0.798028090032598	0.798086670155252	0	0	1	0.1	0.290939931129873	0.10628362146105	0.0910891507562162	0.507666823390606	0.416577672634389	0	0	1	0.2	0.738795521526782	0.227962109253784	0.314224366114091	1.17141176038075	0.85718739426666	0	0	2	0.1	0.602730715818821	0.13964442585519	0.348119066407976	0.883596124225915	0.535477057817938	0	0	2	0.2	1.25684754459107	0.267191646906925	0.750953702376398	1.78860203036231	1.03764832798591	0	0	3	0.1	0.879881062668399	0.187230036839198	0.540627268709264	1.26100866405258	0.720381395343314	0	0	3	0.2	1.71903714199894	0.334306422072058	1.11577781897263	2.42717885620292	1.31140103723029
784	0	0	0	0.1	0.0522668486979134	0.0888033698994629	-0.12425463953964	0.220492560015351	0.344747199554991	0	0	0	0.2	0.167169063406568	0.212367717968348	-0.240821336132021	0.601110575966424	0.841931912098445	0	0	1	0.1	0.260745852683042	0.132820572689582	0.0268929961522253	0.541574826722264	0.514681830570039	0	0	1	0.2	0.748397842029558	0.300972493427552	0.23462853733171	1.34627955761225	1.11165102028054	0	0	2	0.1	0.661597016722235	0.185867992874955	0.346181530822774	1.03158587916831	0.685404348345536	0	0	2	0.2	1.38272634173449	0.342217805910922	0.774674782104949	2.0405616812031	1.26588689909815	0	0	3	0.1	0.958117838062323	0.236348847299191	0.564587961024848	1.41925326943676	0.854665308411908	0	0	3	0.2	1.84559329238403	0.408345257034181	1.12626440819126	2.67715801029368	1.55089360210242
742	0	0	0	0.1	0.0749012888846908	0.0526148096200281	-0.0270085246148727	0.183371152592671	0.210379677207543	0	0	0	0.2	0.185932957473443	0.13351910301602	-0.0542036236668523	0.464683203327034	0.518886826993887	0	0	1	0.1	0.259300989386348	0.113419463019984	0.0570424095410277	0.502846208444165	0.445803798903137	0	0	1	0.2	0.900669295781266	0.345131388618298	0.329743608474993	1.66809160693245	1.33834799845746	0	0	2	0.1	0.866712907826761	0.248938387272451	0.437146016906476	1.39578386669519	0.958637849788711	0	0	2	0.2	1.86137838452132	0.454378840860241	1.04339781212246	2.76824903383341	1.72485122171095	0	0	3	0.1	1.24698695584689	0.317219562779371	0.677166118581586	1.91939969225418	1.2422335736726	0	0	3	0.2	2.36431733131582	0.53812917984797	1.34857016650651	3.44461870239072	2.09604853588421
787	0	0	0	0.1	0.127175086511112	0.0890309257326079	-0.0547215822986326	0.303419357331194	0.358140939629826	0	0	0	0.2	0.236876037015832	0.182522090649619	-0.141900459755861	0.568446025650552	0.710346485406412	0	0	1	0.1	0.159085301460769	0.0984974376097847	-0.0474770986428464	0.344526112197243	0.39200321084009	0	0	1	0.2	0.42289521017608	0.215686415493151	-0.0148000491738472	0.833230794632575	0.848030843806422	0	0	2	0.1	0.423030877401577	0.128500779137379	0.168807112358256	0.695013029275696	0.52620591691744	0	0	2	0.2	0.926486066541553	0.256007174324964	0.4584686226452	1.4591015829881	1.0006329603429	0	0	3	0.1	0.654672683207456	0.163847824943113	0.367055076266571	1.03931578637419	0.672260710107615	0	0	3	0.2	1.31138531218888	0.306557575730051	0.768851945034417	2.02782035420938	1.25896840917496
795	0	0	0	0.1	0.0502349207966841	0.052811804785398	-0.059271119449354	0.151512594970979	0.210783714420333	0	0	0	0.2	0.0555839519056298	0.138917289291899	-0.227327091544583	0.323475423789012	0.550802515333595	0	0	1	0.1	0.0319445153896154	0.110566793675773	-0.189774653698143	0.239751850175722	0.429526503873865	0	0	1	0.2	0.290303542126434	0.293270223673399	-0.251597051290312	0.888537181910754	1.14013423320107	0	0	2	0.1	0.490542282730842	0.191037786929712	0.166233923293373	0.90664787099277	0.740413947699396	0	0	2	0.2	1.2874457221702	0.407997695617106	0.599639040371492	2.19647727496721	1.59683823459572	0	0	3	0.1	0.928345968913268	0.265441893979032	0.501497313856143	1.51661178652743	1.01511447267129	0	0	3	0.2	1.85964891768927	0.459783798618758	1.10144410517802	2.86582285251199	1.76437874733398
791	0	0	0	0.1	0.164339040129132	0.0706116921849991	0.0231764782612019	0.300849094429768	0.277672616168566	0	0	0	0.2	0.406633094340387	0.166007190830228	0.104993273848472	0.750216035787195	0.645222761938723	0	0	1	0.1	0.388339326244118	0.109046597139029	0.203886060120683	0.623624058541893	0.419737998421209	0	0	1	0.2	1.07446178035003	0.300766138993745	0.579857491265626	1.7827279952939	1.20287050402828	0	0	2	0.1	0.935936410213882	0.208144840346328	0.596026135734752	1.42482622751731	0.828800091782553	0	0	2	0.2	1.92108020141489	0.364006525104715	1.31246965408168	2.71778118743601	1.40531153335433	0	0	3	0.1	1.36877514580528	0.271118378587839	0.912152023355667	1.95436536305585	1.04221333970018	0	0	3	0.2	2.47621080597066	0.413056125524187	1.75579689634652	3.35121946208664	1.59542256574012
789	0	0	0	0.1	0.367454016981424	0.11280074260023	0.15059207894774	0.593088927785775	0.442496848838035	0	0	0	0.2	0.758557200300524	0.237610272002919	0.315652557159508	1.27824643012059	0.962593872961082	0	0	1	0.1	0.215444435289806	0.120114744782385	-0.0200082734201721	0.449717480053788	0.46972575347396	0	0	1	0.2	0.584056613281408	0.345661902971307	-0.0352814722568176	1.33126342655516	1.36654489881198	0	0	2	0.1	0.540490422014794	0.246589135281214	0.147183589131553	1.09268613078891	0.945502541657355	0	0	2	0.2	1.35552338479065	0.515220788175127	0.532901301220563	2.5670086252005	2.03410732397993	0	0	3	0.1	1.04326273293993	0.358990233328928	0.477895892597265	1.89977951042126	1.42188361782399	0	0	3	0.2	2.16315604024523	0.598003312552828	1.13471032727303	3.47499093231436	2.34028060504133
776	0	0	0	0.1	-0.0353478516861942	0.0571774033236795	-0.158238804651087	0.0720424586861118	0.230281263337199	0	0	0	0.2	-0.0526471701121345	0.120846693015485	-0.296037631675031	0.174294075708115	0.470331707383147	0	0	1	0.1	0.0900257627837516	0.0924145667484267	-0.0888721810317407	0.274258747653616	0.363130928685357	0	0	1	0.2	0.437596497576308	0.301478388947732	-0.0488906040609967	1.13669972261248	1.18559032667348	0	0	2	0.1	0.582376832127526	0.266231214262858	0.19897296258422	1.17807808887794	0.979105126293716	0	0	2	0.2	1.57383374977263	0.6308829985461	0.599964167447542	2.92118203162062	2.32121786417308	0	0	3	0.1	1.1264566397393	0.435512037091162	0.458285360400385	2.10011655512403	1.64183119472364	0	0	3	0.2	2.41373200506649	0.785633102802135	1.08647366077282	4.14611414562604	3.05964048485321
793	0	0	0	0.1	0.145236384843378	0.082233186068601	-0.00511827429894119	0.311178783028022	0.316297057326963	0	0	0	0.2	0.269734579488578	0.203755852954686	-0.130158801484057	0.693332199152138	0.823491000636195	0	0	1	0.1	0.193752585688625	0.161009876575636	-0.128786958445213	0.525927030894721	0.654713989339934	0	0	1	0.2	0.685545393433096	0.38482195515154	-0.014867722602021	1.53588327377712	1.55075099637914	0	0	2	0.1	0.704294307752578	0.252056014381008	0.309616994679323	1.27372009054926	0.964103095869936	0	0	2	0.2	1.49787383117524	0.4592851864823	0.708798914714686	2.47602100721957	1.76722209250488	0	0	3	0.1	1.08709063352179	0.331111089924954	0.553811389264583	1.80535461367203	1.25154322440745	0	0	3	0.2	2.07011455019807	0.556639965667455	1.11870214636353	3.2718132470937	2.15311110073018
794	0	0	0	0.1	0.0880904685244149	0.0555530065620655	-0.0181344462108105	0.196049749864894	0.214184196075705	0	0	0	0.2	0.171140401114251	0.131418613068913	-0.0920275622846991	0.446887553476725	0.538915115761424	0	0	1	0.1	0.154004072196191	0.122616992283487	-0.0859000879961754	0.409195808655434	0.495095896651609	0	0	1	0.2	0.683473011339117	0.415501675757197	-0.0352454175383434	1.61208084038222	1.64732625792056	0	0	2	0.1	0.784537310523769	0.280695392486099	0.291416395771193	1.38715018459746	1.09573378882626	0	0	2	0.2	1.86152724042857	0.49182145242002	0.968620420669231	2.83205579791998	1.86343537725075	0	0	3	0.1	1.30727660838542	0.328707324021154	0.715398398183554	1.94206142588874	1.22666302770518	0	0	3	0.2	2.43500431756976	0.512762732292843	1.46980773653188	3.41282677649949	1.94301903996761
785	0	0	0	0.1	0.0939129189189216	0.0810925737905555	-0.0567313723767256	0.263919151819337	0.320650524196063	0	0	0	0.2	0.204785812301448	0.190444998498905	-0.122004479056754	0.616485694511663	0.738490173568417	0	0	1	0.1	0.191592947118001	0.11559705798558	-0.0149069492727029	0.435005632452251	0.449912581724954	0	0	1	0.2	0.624460939977096	0.313930528967583	0.106141910345098	1.33411191368704	1.22797000334195	0	0	2	0.1	0.614884049663245	0.209389874111786	0.267205087075718	1.08087564850262	0.813670561426899	0	0	2	0.2	1.39615800659406	0.418301391459305	0.672265197397206	2.33007818977602	1.65781299237882	0	0	3	0.1	0.962969604582612	0.278236593711842	0.506776881198249	1.56019628977767	1.05341940857942	0	0	3	0.2	1.89883591555817	0.480625471374917	1.07800406902472	2.96100351420983	1.88299944518511
792	0	0	0	0.1	0.127421968775079	0.0537860441873348	0.0242526222559059	0.235859972541158	0.211607350285252	0	0	0	0.2	0.228794410067385	0.12362843554226	0.00194403570430222	0.484634993818455	0.482690958114153	0	0	1	0.1	0.125287349648667	0.109320932705843	-0.0981510256550358	0.331316240851371	0.429467266506406	0	0	1	0.2	0.34987532226806	0.279410340615663	-0.21106938049964	0.915650442905431	1.12671982340507	0	0	2	0.1	0.456317415287187	0.187327913628159	0.105274069838772	0.845160360758311	0.73988629091954	0	0	2	0.2	1.08512569653591	0.369886198377487	0.400662601725254	1.83907871790709	1.43841611618184	0	0	3	0.1	0.893297604353387	0.263663979880812	0.408969425603066	1.44022007421762	1.03125064861455	0	0	3	0.2	1.74902293423051	0.449043906315348	0.936453752220977	2.70337600900117	1.76692225678019
788	0	0	0	0.1	0.217206175836696	0.0639536812301531	0.0952607353373013	0.350002943398067	0.254742208060766	0	0	0	0.2	0.450191461978363	0.155417256711286	0.153092385808841	0.769008057100299	0.615915671291458	0	0	1	0.1	0.315800015286225	0.11304908800472	0.096714123067952	0.5525446779515	0.455830554883548	0	0	1	0.2	0.829907841009919	0.280078309630158	0.330944400607914	1.43384575865102	1.10290135804311	0	0	2	0.1	0.719213957494182	0.192890201028422	0.402405902650846	1.15043789176408	0.748031989113235	0	0	2	0.2	1.62580668269893	0.403181618534314	0.964332858515411	2.56921168411723	1.60487882560182	0	0	3	0.1	1.10520616030676	0.280758344439032	0.679628745282552	1.75244049411117	1.07281174882862	0	0	3	0.2	2.27604354594339	0.520977243243349	1.45541773431608	3.46356852038997	2.00815078607389
790	0	0	0	0.1	0.150151513698229	0.0818070937968044	0.00472312101821704	0.321254026004973	0.316530904986756	0	0	0	0.2	0.318476689102685	0.196778989424168	-0.0425725820865826	0.74943537516161	0.792007957248193	0	0	1	0.1	0.278846776036123	0.130595077652385	0.0376816157240086	0.549600094084297	0.511918478360288	0	0	1	0.2	0.844884652095328	0.330882156199085	0.251414942976979	1.60043894966994	1.34902400669297	0	0	2	0.1	0.823483389083085	0.226182010692101	0.428931627333438	1.32324770055372	0.894316073220278	0	0	2	0.2	1.68204189110683	0.383842544905964	0.962901852258419	2.47451125513093	1.51160940287252	0	0	3	0.1	1.23144107370222	0.280838196208266	0.749129570604221	1.82474666226422	1.07561709166	0	0	3	0.2	2.22949303290484	0.428855179686126	1.46556080990344	3.12928679596657	1.66372598606313
761	0	0	0	0.1	0.079225739383003	0.0785444447997984	-0.0740151650615073	0.226370950487586	0.300386115549093	0	0	0	0.2	0.216838497443618	0.158827037287729	-0.0800764416102802	0.519956813693281	0.600033255303562	0	0	1	0.1	0.261977620459934	0.0960540749507936	0.0918308770276952	0.468191600227848	0.376360723200153	0	0	1	0.2	0.766613344117808	0.259206293384788	0.333831906313822	1.31371212768956	0.979880221375743	0	0	2	0.1	0.754496036305583	0.193301677032962	0.42003765711989	1.16525719949387	0.745219542373982	0	0	2	0.2	1.75960847443904	0.384727144202134	1.05983220251684	2.5065353341504	1.44670313163356	0	0	3	0.1	1.2976755835057	0.284482626553336	0.821105882562737	1.85163954719751	1.03053366463478	0	0	3	0.2	2.55846025496358	0.47028836518164	1.71394911823033	3.49704507692778	1.78309595869745
773	0	0	0	0.1	0.120353974538615	0.0816057709411924	-0.0309194015615524	0.294107472986009	0.325026874547561	0	0	0	0.2	0.326793982749392	0.215925136599265	-0.0701283768412765	0.793679351829363	0.863807728670639	0	0	1	0.1	0.276725667034172	0.13124642897164	0.0479070869344701	0.547494853757601	0.499587766823131	0	0	1	0.2	0.786774762193005	0.318234413041886	0.256408245292897	1.50052325741833	1.24411501212543	0	0	2	0.1	0.66071686522811	0.187636479371888	0.340612775477007	1.06831197297358	0.727699197496572	0	0	2	0.2	1.39478352082123	0.339309109033119	0.798257327014332	2.11548350807792	1.31722618106359	0	0	3	0.1	0.996134113994416	0.233578094696024	0.604514596412258	1.47960557483306	0.8750909784208	0	0	3	0.2	1.81676597100673	0.376689609184946	1.14664382589365	2.57674139365607	1.43009756776242
782	0	0	0	0.1	0.0821365133327953	0.0732563001187106	-0.0589885969556705	0.228329591031087	0.287318187986757	0	0	0	0.2	0.223981235373801	0.229679539902916	-0.196164191358739	0.689601110664044	0.885765302022784	0	0	1	0.1	0.244592009294101	0.168274753202015	-0.0507110525748351	0.588323581493183	0.639034634068018	0	0	1	0.2	0.891647793164659	0.399174573946033	0.176966010785687	1.70000644071315	1.52304042992746	0	0	2	0.1	0.726518237164347	0.232165645846224	0.327426451205827	1.2308821271245	0.903455675918672	0	0	2	0.2	1.44354527796352	0.394206885811854	0.721583697118862	2.24863976896947	1.5270560718506	0	0	3	0.1	0.91579071451824	0.253942459679861	0.459427708596078	1.45269846248929	0.993270753893214	0	0	3	0.2	1.6419969153227	0.423326960588984	0.858023338835583	2.52939191419795	1.67136857536237
772	0	0	0	0.1	0.0879597804331714	0.0528554869323882	-0.0212699734022903	0.193454850352681	0.214724823754972	0	0	0	0.2	0.183567009562437	0.115905839754063	-0.0465942298025714	0.415016630524403	0.461610860326974	0	0	1	0.1	0.212074037047808	0.086587465893813	0.050758815519027	0.397868572132179	0.347109756613152	0	0	1	0.2	0.593360262162622	0.241367937412753	0.185291584471931	1.12253973393231	0.937248149460383	0	0	2	0.1	0.604578831730685	0.179288469773566	0.299233406086079	0.986922037016697	0.687688630930618	0	0	2	0.2	1.44483889434538	0.413305730198429	0.738306233137209	2.33876452820321	1.600458295066	0	0	3	0.1	1.03252553365943	0.278717274143893	0.557849039368689	1.62767087992001	1.06982184055132	0	0	3	0.2	2.13077299036211	0.524653792590153	1.14999861031394	3.24759789430494	2.09759928399099
796	0	0	0	0.1	0.0446735242798795	0.0662348090397625	-0.0879053109160173	0.169040201602504	0.256945512518521	0	0	0	0.2	0.0339817263442785	0.193550316716588	-0.336505658821621	0.412927541115262	0.749433199936884	0	0	1	0.1	0.122416156877473	0.120215532650216	-0.107118270312943	0.36332842997962	0.470446700292563	0	0	1	0.2	0.525674288331439	0.277501202727757	0.0181227005151411	1.14531351078547	1.12719081027033	0	0	2	0.1	0.556485226156024	0.161670925056651	0.292124922284709	0.93395943606618	0.641834513781471	0	0	2	0.2	1.21679680802844	0.310175408095095	0.708279444767596	1.91699573265178	1.20871628788418	0	0	3	0.1	0.803308740153517	0.18996655293232	0.495588473116091	1.22707922761528	0.731490754499191	0	0	3	0.2	1.57333540841146	0.350297883568151	0.973699229719288	2.33595767452955	1.36225844481026
775	0	0	0	0.1	0.148206062668565	0.100309158644476	-0.0562382726839295	0.346198496589344	0.402436769273273	0	0	0	0.2	0.287921474502042	0.299994307754633	-0.288046235344266	0.916309134571902	1.20435536991617	0	0	1	0.1	0.161532647856974	0.184582793066753	-0.202774505707826	0.512658758076541	0.715433263784367	0	0	1	0.2	0.617122006602357	0.383454419234661	-0.100165195203725	1.41967538669565	1.51984058189938	0	0	2	0.1	0.588642117210223	0.240825011549673	0.157736845066415	1.13947404366289	0.981737198596478	0	0	2	0.2	1.28436560243155	0.431185069284259	0.496328067590482	2.25612307128021	1.75979500368973	0	0	3	0.1	0.879989873843184	0.278165903629171	0.415462000994138	1.55592579822069	1.14046379722656	0	0	3	0.2	1.7337075204387	0.476844117909591	0.89039571613841	2.7875428566197	1.89714714048129
798	0	0	0	0.1	-0.0325643410851892	0.0672330763169108	-0.172347723104911	0.0941590041430034	0.266506727247915	0	0	0	0.2	-0.0589117574772043	0.168316769779108	-0.39539045243669	0.271407891366713	0.666798343803403	0	0	1	0.1	0.203489882065377	0.127133532059425	-0.0188331120089959	0.481606996938967	0.500440108947963	0	0	1	0.2	0.657854825475432	0.318622546048342	0.121642639078998	1.36158854498192	1.23994590590293	0	0	2	0.1	0.612054333403274	0.185567906098492	0.310515646340132	1.03763641981841	0.727120773478277	0	0	2	0.2	1.29343037325586	0.341646369070942	0.745065826303426	2.05291700991745	1.30785118361402	0	0	3	0.1	0.888755669862088	0.215529661898225	0.53925425941706	1.39770607897638	0.858451819559322	0	0	3	0.2	1.63714444289269	0.359220153667277	1.01901254111693	2.44732229521469	1.42830975409776
786	0	0	0	0.1	0.191201921654802	0.0842617711754197	0.0422968686954512	0.38085839224764	0.338561523552189	0	0	0	0.2	0.380265442007387	0.157131689418264	0.100440063991059	0.701792795276458	0.601352731285399	0	0	1	0.1	0.205273917659294	0.0869130572557001	0.0390338108575948	0.382600491615295	0.3435666807577	0	0	1	0.2	0.536608807933933	0.222624269550157	0.139342785164599	0.98820449269837	0.848861707533771	0	0	2	0.1	0.505844743358056	0.163339090396373	0.205464071400073	0.866728441218223	0.661264369818151	0	0	2	0.2	1.28185171360849	0.395055731668813	0.558061851989629	2.13190617288541	1.57384432089578	0	0	3	0.1	0.96491747544024	0.286877165135754	0.472092277230623	1.61132507316624	1.13923279593562	0	0	3	0.2	2.15050487816256	0.565749283928144	1.09529626990515	3.27663378884275	2.1813375189376
809	0	0	0	0.1	0.151045003864618	0.0631083156277628	0.0276087405884333	0.275656079346881	0.248047338758448	0	0	0	0.2	0.312096543784719	0.154755398654715	0.0174292441508547	0.642030979916676	0.624601735765821	0	0	1	0.1	0.194917502750683	0.10092154498484	0.0078166090747076	0.409183700657533	0.401367091582826	0	0	1	0.2	0.493206974063776	0.262867497693916	0.0221445744916763	1.07881767176155	1.05667309726987	0	0	2	0.1	0.454950658323125	0.148649081847797	0.198300626950679	0.798954491977446	0.600653865026767	0	0	2	0.2	1.03077765577428	0.297472254132867	0.509041817579461	1.70862315230013	1.19958133472067	0	0	3	0.1	0.712896300515541	0.181280933166287	0.400354100872555	1.12143701243207	0.721082911559512	0	0	3	0.2	1.3802120452076	0.328975594509593	0.800494918263995	2.07943224771238	1.27893732944838
812	0	0	0	0.1	0.220463198575033	0.0737271487377406	0.0824929363703553	0.368233754833175	0.28574081846282	0	0	0	0.2	0.43287506057922	0.165031390841264	0.136978932111335	0.799199626376861	0.662220694265526	0	0	1	0.1	0.242409848888922	0.100321853179599	0.0582748203599721	0.456834355793988	0.398559535434016	0	0	1	0.2	0.581373292123457	0.245711881789763	0.118503291051915	1.09027442980702	0.971771138755109	0	0	2	0.1	0.500076155202756	0.160539256788638	0.209409772975389	0.845321506584194	0.635911733608804	0	0	2	0.2	1.10791658756826	0.331239118694656	0.499461338581848	1.80698938807641	1.30752804949456	0	0	3	0.1	0.745586535962036	0.212575570197658	0.363977977531668	1.20378572928346	0.839807751751787	0	0	3	0.2	1.48288921831343	0.393487309905063	0.767949349309765	2.34506288263488	1.57711353332512
808	0	0	0	0.1	0.0851581814542038	0.0864017477002637	-0.0757814260760458	0.263313496423492	0.339094922499537	0	0	0	0.2	0.245265451033948	0.216490043319689	-0.154163877373851	0.727491452369448	0.881655329743298	0	0	1	0.1	0.28248650462384	0.129931340418851	0.0427128554513925	0.561425181661169	0.518712326209776	0	0	1	0.2	0.809357796935917	0.305171575060515	0.253852768291457	1.43053270755333	1.17667993926187	0	0	2	0.1	0.639758610636794	0.203432196454484	0.285386359821559	1.08518171476388	0.799795354942318	0	0	2	0.2	1.36481894863712	0.40137979018596	0.655306751801001	2.23283660088659	1.57752984908559	0	0	3	0.1	0.859060841890112	0.26219399646205	0.419750182125262	1.46106555120841	1.04131536908315	0	0	3	0.2	1.71349153340502	0.483865211675581	0.885746735632312	2.74751108464257	1.86176434901026
807	0	0	0	0.1	0.102204383914981	0.0790999948077429	-0.0603057437043311	0.24774809255423	0.308053836258561	0	0	0	0.2	0.134266212333965	0.176551547036337	-0.222337869624118	0.474430820359119	0.696768689983237	0	0	1	0.1	0.148798806103499	0.122496776780952	-0.0988049017287207	0.388375635388983	0.487180537117703	0	0	1	0.2	0.544532294382691	0.311490063863791	-0.0316550596996666	1.21680509391254	1.24846015361221	0	0	2	0.1	0.64127993257489	0.229087566959948	0.270629420127737	1.18600590908527	0.915376488957533	0	0	2	0.2	1.58884962428273	0.501680080896218	0.778822878116234	2.69471876332967	1.91589588521344	0	0	3	0.1	1.13753925991332	0.357426196733036	0.597920000314753	1.98670018999531	1.38878018968055	0	0	3	0.2	2.43279045624492	0.646305918214031	1.3984988834367	3.9188844047085	2.5203855212718
810	0	0	0	0.1	0.0632948192462016	0.0636229126222535	-0.0634377524098657	0.187600563821619	0.251038316231484	0	0	0	0.2	0.16125683861103	0.164566078296908	-0.152672797498924	0.49606875435681	0.648741551855734	0	0	1	0.1	0.175106061732764	0.109019995821644	-0.0250619485043441	0.395085314399312	0.420147262903656	0	0	1	0.2	0.686648039799526	0.334461495731354	0.0993761230376347	1.4437290110132	1.34435288797557	0	0	2	0.1	0.705205364887829	0.22589538921825	0.336015249470708	1.20533690725931	0.869321657788599	0	0	2	0.2	1.70568462684449	0.462313612072686	0.909915591267142	2.71877335249109	1.80885776122395	0	0	3	0.1	1.19535826758376	0.324699299453966	0.635829850075958	1.87366843822252	1.23783858814656	0	0	3	0.2	2.34424900210872	0.56054124925539	1.2829801325112	3.50956645308313	2.22658632057193
797	0	0	0	0.1	0.142963803003242	0.0710259593942445	0.00528085670943373	0.285738889973972	0.280458033264538	0	0	0	0.2	0.099689493015514	0.201448502832869	-0.301391803549797	0.481781225015916	0.783173028565712	0	0	1	0.1	-0.271738848601753	0.209095777203436	-0.722396073268891	0.0962896867038494	0.818685759972741	0	0	1	0.2	-0.477261996224702	0.431240249896784	-1.30458522194778	0.361625646667046	1.66621086861483	0	0	2	0.1	0.0350921714852466	0.238954451480236	-0.423335596084504	0.497723168677033	0.921058764761537	0	0	2	0.2	0.310362378753258	0.467770230915377	-0.601308070225167	1.21758629372789	1.81889436395306	0	0	3	0.1	0.416440032113578	0.26044849489504	-0.0557404671736269	0.931021588026224	0.986762055199851	0	0	3	0.2	0.945164072241117	0.484677124343894	0.0596850110900934	1.91988559288815	1.86020058179806
805	0	0	0	0.1	0.0553286716235231	0.0463272316553943	-0.0356812281258651	0.148294597752485	0.18397582587835	0	0	0	0.2	0.139250195591326	0.110304797659294	-0.0688684638638269	0.357882149413648	0.426750613277475	0	0	1	0.1	0.233115317520027	0.0960821274490306	0.0587684969462833	0.442115769432747	0.383347272486463	0	0	1	0.2	0.657046344225869	0.27655076111457	0.18935770410868	1.32744337898781	1.13808567487913	0	0	2	0.1	0.582626783699816	0.186598266145432	0.261592686516904	1.01204632392039	0.750453637403489	0	0	2	0.2	1.42470457206193	0.44139834463577	0.6658013741341	2.41156303869467	1.74576166456057	0	0	3	0.1	0.95316532193236	0.271710730429911	0.495961289616539	1.55049453876295	1.05453324914641	0	0	3	0.2	2.01421604114503	0.525574874030047	1.12730248072538	3.19120110393616	2.06389862321078
811	0	0	0	0.1	0.0107480063253948	0.0633278255233653	-0.121946071619819	0.131076294997654	0.253022366617474	0	0	0	0.2	-0.109504861494193	0.164492101277928	-0.452381349551672	0.179052103085748	0.63143345263742	0	0	1	0.1	-0.0745340304613704	0.116498944478747	-0.328932519623232	0.129966540763689	0.458899060386922	0	0	1	0.2	-0.0190853846390008	0.260671765160545	-0.518894538042125	0.477740624767125	0.996635162809251	0	0	2	0.1	0.394680638229243	0.171027983090302	0.0781956362717987	0.754568976117594	0.676373339845796	0	0	2	0.2	1.05904884394983	0.347700291793807	0.459716448755353	1.78287990324496	1.32316345448961	0	0	3	0.1	0.837138898225848	0.229201579822751	0.449833257005664	1.33482325319028	0.884989996184614	0	0	3	0.2	1.62911715275115	0.402187819397694	0.936236067694479	2.4433444843816	1.50710841668712
806	0	0	0	0.1	0.217237561641792	0.0753289437462241	0.0790080784179277	0.385500506470383	0.306492428052456	0	0	0	0.2	0.521514420332358	0.190815943820474	0.165964028520958	0.904848341855029	0.738884313334071	0	0	1	0.1	0.386760906813157	0.132190890063246	0.141658810165174	0.659436480676893	0.517777670511719	0	0	1	0.2	0.970394310754163	0.321043896292784	0.388262873076396	1.66896473987372	1.28070186679732	0	0	2	0.1	0.726632502320472	0.181369133557205	0.428115882974936	1.09822309505018	0.670107212075247	0	0	2	0.2	1.52967134911297	0.34464591359013	0.935793450786907	2.242857739605	1.30706428881809	0	0	3	0.1	0.976653464841319	0.212944241515809	0.625564185094316	1.43500489343829	0.809440708343975	0	0	3	0.2	1.86002944186471	0.378388833566487	1.21722908271569	2.64112794585051	1.42389886313482
801	0	0	0	0.1	0.112894649497864	0.0729261446692538	-0.02785562532826	0.258887774931527	0.286743400259787	0	0	0	0.2	0.230659395657116	0.175972595255955	-0.098680865970811	0.593742230588773	0.692423096559584	0	0	1	0.1	0.151418577683272	0.117604132711101	-0.0794275620778905	0.390893879570408	0.470321441648298	0	0	1	0.2	0.572841669127712	0.343242488742847	-0.0416867251638255	1.32188197017693	1.36356869534076	0	0	2	0.1	0.622383480274664	0.235191550683995	0.224142140164112	1.13247003122708	0.908327891062969	0	0	2	0.2	1.50474875907589	0.466605560965742	0.675044383588578	2.47781441334742	1.80277002975884	0	0	3	0.1	1.07328518432202	0.322613941597119	0.523910815209615	1.77066303355577	1.24675221834616	0	0	3	0.2	2.07329605848841	0.5248888861413	1.0952796487424	3.18687283518466	2.09159318644226
817	0	0	0	0.1	0.167699802055343	0.0967404687747724	-0.011516787579581	0.361485884725566	0.373002672305147	0	0	0	0.2	0.271791840061462	0.231482300399518	-0.140654545868585	0.746653144166288	0.887307690034874	0	0	1	0.1	0.145911422588689	0.130719421024122	-0.093416520658056	0.426675998813115	0.520092519471171	0	0	1	0.2	0.543701081749338	0.289894708132237	0.0471982661913877	1.16647262889632	1.11927436270494	0	0	2	0.1	0.568605839789879	0.169704839047965	0.290978441522765	0.935452803780853	0.644474362258088	0	0	2	0.2	1.23933168548194	0.309485989306938	0.71718694737085	1.88008027466297	1.16289332729212	0	0	3	0.1	0.837788833746718	0.20178236490829	0.505040208271742	1.31534679546287	0.81030658719113	0	0	3	0.2	1.60899768527486	0.348493085593787	0.9922193864964	2.35802113028304	1.36580174378664
815	0	0	0	0.1	-0.00702565716019796	0.0698982881969801	-0.149870392688992	0.12298071146669	0.272851104155682	0	0	0	0.2	-0.0401654525964158	0.163541543010619	-0.362237226934431	0.279430026062901	0.641667252997332	0	0	1	0.1	0.0598333381110695	0.100815294745358	-0.151201281156545	0.256199469890716	0.407400751047261	0	0	1	0.2	0.3456318395575	0.255770437980196	-0.137956103748895	0.886150260412004	1.0241063641609	0	0	2	0.1	0.526499372483008	0.168717537276206	0.237018569889569	0.899527148432494	0.662508578542925	0	0	2	0.2	1.27165034005231	0.340122216640371	0.67432763605004	1.99162244677987	1.31729481072983	0	0	3	0.1	0.915106085418275	0.229295896759915	0.531371315605476	1.40750073426877	0.876129418663293	0	0	3	0.2	1.79148777606176	0.392136417587064	1.09957846507405	2.61779652105149	1.51821805597744
816	0	0	0	0.1	0.0828733549622844	0.0780964418530007	-0.0713244145010265	0.237632102954948	0.308956517455975	0	0	0	0.2	0.0650542666874519	0.221322943566368	-0.388026680578369	0.475801886058927	0.863828566637297	0	0	1	0.1	0.0216485740119122	0.144308659490377	-0.293373116327398	0.279908711651401	0.573281827978798	0	0	1	0.2	0.349950748314671	0.326748613989918	-0.257619554899901	0.988776104687109	1.24639565958701	0	0	2	0.1	0.546002429457872	0.194781254636637	0.200458205255857	0.96572745150952	0.765269246253663	0	0	2	0.2	1.20778450181428	0.346478109023571	0.598353004351958	1.94041743731433	1.34206443296237	0	0	3	0.1	0.864737874592926	0.231959180294673	0.489532488384264	1.38269566926446	0.8931631808802	0	0	3	0.2	1.5791443811991	0.374862434094564	0.942522435206038	2.37954348797914	1.4370210527731
802	0	0	0	0.1	0.145630068421731	0.0593874873861946	0.036258523901201	0.274160984046697	0.237902460145496	0	0	0	0.2	0.277637853842958	0.132120823755202	0.0280417457066007	0.5393646382891	0.511322892582499	0	0	1	0.1	0.206640716919087	0.0784982074103351	0.0576409176046592	0.367803782983967	0.310162865379308	0	0	1	0.2	0.53142623595151	0.19552357344832	0.175982427168707	0.926460480655251	0.750478053486544	0	0	2	0.1	0.600695632819274	0.143506522608062	0.363380595766015	0.89323549991123	0.529854904145215	0	0	2	0.2	1.4263028396541	0.327099132667479	0.884621410145555	2.14471595946386	1.2600945493183	0	0	3	0.1	1.04937150480103	0.231805763950923	0.679281819727087	1.57490190121253	0.895620081485439	0	0	3	0.2	2.10118683535144	0.436001073627932	1.38091459544614	3.04778604219932	1.66687144675318
835	0	0	0	0.1	0.145116135799179	0.0741547335331033	0.00510976539414465	0.300611084306427	0.295501318912282	0	0	0	0.2	0.282096622246454	0.169981062485965	-0.0541693724691638	0.625561279541661	0.679730652010825	0	0	1	0.1	0.145670464091086	0.0944851815705021	-0.0334488050615408	0.33902123664266	0.372470041704201	0	0	1	0.2	0.43898844513302	0.251814227119365	-0.00747652123005298	0.959723484239098	0.967200005469151	0	0	2	0.1	0.453590114455034	0.157720634753618	0.194349969996699	0.806162459722194	0.611812489725496	0	0	2	0.2	1.15734993474383	0.361808548628855	0.562619461503339	1.96648848496477	1.40386902346143	0	0	3	0.1	0.807943064249737	0.227788011799269	0.446242473553522	1.34828411862924	0.902041645075722	0	0	3	0.2	1.69067525342248	0.434131297000586	0.962769677949076	2.67048272435786	1.70771304640878
814	0	0	0	0.1	0.123280041177485	0.0712908193626591	-0.00344630873669204	0.276722644179924	0.280168952916616	0	0	0	0.2	0.307858747717734	0.175550753636573	0.00749135336959126	0.68823367101882	0.680742317649229	0	0	1	0.1	0.325059385217841	0.12395491925484	0.106691472097304	0.589198992210076	0.482507520112773	0	0	1	0.2	0.926226842666009	0.346601178182146	0.322361797081929	1.70020815381336	1.37784635673143	0	0	2	0.1	0.749575379442957	0.218210209339164	0.376549910710154	1.20891343861726	0.832363527907106	0	0	2	0.2	1.58036941208004	0.430140357904152	0.829268357724557	2.50197905453287	1.67271069680831	0	0	3	0.1	1.01932553426975	0.278805075942565	0.541099201620134	1.62309270975518	1.08199350813505	0	0	3	0.2	1.93675187925202	0.490303653158148	1.05668531704925	2.98111138557304	1.92442606852379
799	0	0	0	0.1	0.159329861630708	0.0950642609785369	-0.0199473649688741	0.356217170357578	0.376164535326452	0	0	0	0.2	0.257325581547858	0.200018760523321	-0.12160746848662	0.655336802198927	0.776944270685548	0	0	1	0.1	0.096523289308658	0.100991342091973	-0.106688604058847	0.29911890471822	0.405807508777066	0	0	1	0.2	0.371776214230437	0.231506329369108	-0.0757870964055263	0.824470112214902	0.900257208620428	0	0	2	0.1	0.435048511268805	0.128268085107593	0.201503987618857	0.699231787997423	0.497727800378566	0	0	2	0.2	1.11508858836706	0.287378253764067	0.582383277746899	1.76989477613651	1.18751149838961	0	0	3	0.1	0.794453704101066	0.183299069662484	0.479647521791009	1.21910502596402	0.739457504173008	0	0	3	0.2	1.69497147171536	0.367424268207829	1.05303250023421	2.52170059203791	1.4686680918037
837	0	0	0	0.1	0.178315217764186	0.0693016606933164	0.0493016583197401	0.319230802467189	0.269929144147449	0	0	0	0.2	0.29900288045167	0.177777635260961	-0.0388713373273841	0.644393915507254	0.683265252834638	0	0	1	0.1	0.0995497168884931	0.1210745786089	-0.165903982883311	0.321666934882211	0.487570917765523	0	0	1	0.2	0.319792741521591	0.279512251131841	-0.296230348660673	0.838820999649122	1.1350513483098	0	0	2	0.1	0.407997981768875	0.158923881764001	0.109940337754835	0.730133049449084	0.620192711694249	0	0	2	0.2	1.04649152969126	0.337405986441785	0.435381013608634	1.80676690315964	1.371385889551	0	0	3	0.1	0.777651246887465	0.213078264595397	0.423997637247055	1.27904716373907	0.855049526492014	0	0	3	0.2	1.63736191467372	0.407246077808538	0.931582034178384	2.52142923055713	1.58984719637875
828	0	0	0	0.1	0.022416010007125	0.0763444601424488	-0.136729386399643	0.173531070834668	0.310260457234312	0	0	0	0.2	0.058609416671988	0.159347815915543	-0.255259964756483	0.381523609622806	0.636783574379289	0	0	1	0.1	0.166798521839679	0.0977946210132614	-0.0194570896397142	0.363453936590556	0.382911026230271	0	0	1	0.2	0.471612416524647	0.234955951728355	0.0158362522058481	0.939893148211408	0.92405689600556	0	0	2	0.1	0.524598107579784	0.155201248568573	0.243383859874844	0.858557310472143	0.615173450597299	0	0	2	0.2	1.26973103109186	0.340391965374939	0.653559295316566	2.01702807587148	1.36346878055492	0	0	3	0.1	0.939798127005186	0.232352154908479	0.539232955080791	1.43917878478687	0.899945829706083	0	0	3	0.2	1.9577009171729	0.439341235512007	1.18442302655502	2.8492206994319	1.66479767287688
800	0	0	0	0.1	0.0358657145950071	0.0659266931143324	-0.0974160345127502	0.163667180823616	0.261083215336366	0	0	0	0.2	0.112664932402681	0.159267166178335	-0.199397109525115	0.436636337126102	0.636033446651217	0	0	1	0.1	0.247783060574921	0.142409349776118	-0.0129308920258396	0.563874235698064	0.576805127723904	0	0	1	0.2	0.788136788943701	0.364282804984237	0.149064549074076	1.57195824052918	1.4228936914551	0	0	2	0.1	0.742531825822147	0.236535087543268	0.320063946007346	1.24638613392553	0.926322187918182	0	0	2	0.2	1.51335756798471	0.417852165390813	0.739531322971	2.3440369650184	1.6045056420474	0	0	3	0.1	1.03020589121724	0.304470945637524	0.460019157169597	1.67905131310888	1.21903215593928	0	0	3	0.2	1.84046384813466	0.517899214524018	0.857176906399821	2.86407547598362	2.0068985695838
804	0	0	0	0.1	0.045708487053886	0.0482790789967851	-0.0617299720412147	0.134158382174564	0.195888354215779	0	0	0	0.2	0.0478851774481743	0.138355993081616	-0.252858006863871	0.3043593968924	0.557217403756271	0	0	1	0.1	0.129584545219504	0.128811020508496	-0.122461478164387	0.378607565267435	0.501069043431822	0	0	1	0.2	0.696167500745727	0.377166539903519	0.0445472675280262	1.52472666190445	1.48017939437642	0	0	2	0.1	0.81568235569	0.276293955336232	0.360998743709936	1.42861729169693	1.06761854798699	0	0	2	0.2	1.69417881825182	0.475125078250272	0.884440311047447	2.62562969947373	1.74118938842629	0	0	3	0.1	1.15753481504928	0.338880171304716	0.612092986456323	1.85707847319453	1.24498548673821	0	0	3	0.2	2.09269931416954	0.531087023269032	1.17871678923656	3.1729346437777	1.99421785454114
803	0	0	0	0.1	0.19603699877518	0.073086197703653	0.0583545522105574	0.35273596489241	0.294381412681853	0	0	0	0.2	0.479677531452368	0.175602940416011	0.148879071546178	0.853371558747598	0.70449248720142	0	0	1	0.1	0.337930186442805	0.106412008683003	0.138629706768796	0.560563921598445	0.421934214829649	0	0	1	0.2	0.819528981892871	0.257173999646943	0.392273958068599	1.34513484357901	0.952860885510413	0	0	2	0.1	0.586679242939535	0.153164681680089	0.327756281931067	0.92577209907616	0.598015817145093	0	0	2	0.2	1.22000276738413	0.29778806838891	0.709967310312908	1.85659347090321	1.1466261605903	0	0	3	0.1	0.776403449405921	0.189241573525853	0.445616137769209	1.20030999940483	0.754693861635618	0	0	3	0.2	1.48900943035511	0.340606735304273	0.863492173584889	2.18906394059089	1.325571767006
836	0	0	0	0.1	0.0520986942362733	0.0749644707964308	-0.103657608727812	0.201319086373427	0.304976695101239	0	0	0	0.2	0.119153033012674	0.178495252210758	-0.270427362723552	0.490574370818442	0.761001733541993	0	0	1	0.1	0.197717521539046	0.134252453777873	-0.066087754444008	0.478843084181328	0.544930838625336	0	0	1	0.2	0.800726472791395	0.393148697981298	0.0582092499686682	1.68034102491294	1.62213177494427	0	0	2	0.1	0.921183086809873	0.298573660954247	0.378873028012944	1.56229240676778	1.18341937875484	0	0	2	0.2	2.07835263434547	0.526678560735675	1.03997895218533	3.1218036200763	2.08182466789097	0	0	3	0.1	1.53875890718615	0.408783815249336	0.79678728317125	2.40578245564184	1.60899517247059	0	0	3	0.2	2.80029378401243	0.601083148052768	1.64000095329202	3.95165984674695	2.31165889345493
833	0	0	0	0.1	0.0773274856078129	0.0658173883225121	-0.0449448734065784	0.208150603689939	0.253095477096517	0	0	0	0.2	0.180682236783017	0.158362738508093	-0.120080986505938	0.51223407223504	0.632315058740978	0	0	1	0.1	0.253877084106879	0.134331549189277	0.0050227454402979	0.527451404006304	0.522428658566006	0	0	1	0.2	0.789671159918549	0.340692512997833	0.162372475297144	1.49366762698057	1.33129515168343	0	0	2	0.1	0.724799136004626	0.213700173954582	0.354608162153363	1.18542805649731	0.830819894343943	0	0	2	0.2	1.51464918997963	0.382758110330552	0.816636681206725	2.28638965393839	1.46975297273166	0	0	3	0.1	1.06361180078339	0.267409377159742	0.593914530044464	1.62895292152775	1.03503839148329	0	0	3	0.2	1.97149409104176	0.43693776766128	1.16023915617137	2.86123777835431	1.70099862218294
818	0	0	0	0.1	0.144031322800641	0.0608611695915013	0.0261047766289722	0.268972505055761	0.242867728426789	0	0	0	0.2	0.361630242635403	0.152534018877448	0.0686907621354333	0.684756302119387	0.616065539983954	0	0	1	0.1	0.34568868814152	0.105161970995718	0.155338133436744	0.56977034835698	0.414432214920236	0	0	1	0.2	0.945324897125862	0.288499632386764	0.446411826783332	1.59030003557552	1.14388820879219	0	0	2	0.1	0.745036447388467	0.179344342013814	0.436059099615634	1.12317097364225	0.68711187402662	0	0	2	0.2	1.61565159911969	0.366194994474956	0.992225132160943	2.34929496924555	1.35706983708461	0	0	3	0.1	1.01844237912318	0.238462223609176	0.61678784432871	1.50481099654042	0.888023152211713	0	0	3	0.2	2.0713153266483	0.47289636501057	1.25206995537817	3.10992057582635	1.85785062044818
821	0	0	0	0.1	0.0821433421036211	0.0693642461282335	-0.0534929810170805	0.205422745662444	0.258915726679525	0	0	0	0.2	0.193746082615379	0.169819133356624	-0.143760970497243	0.522720115008654	0.666481085505897	0	0	1	0.1	0.188966272466354	0.0998965958467724	0.00169845863882652	0.397467892858748	0.395769434219922	0	0	1	0.2	0.661657748816925	0.28351413473534	0.183143530064119	1.29292813013624	1.10978460007212	0	0	2	0.1	0.664370148393836	0.19150968868977	0.352094623914466	1.08594506743967	0.733850443525199	0	0	2	0.2	1.48007033713874	0.358921865032918	0.870609114842529	2.24634251939166	1.37573340454913	0	0	3	0.1	1.03516494091474	0.247817089030812	0.625281171498022	1.5894913657786	0.964210194280583	0	0	3	0.2	1.94987728114221	0.402879515899973	1.26833712208348	2.83330549581222	1.56496837372874
820	0	0	0	0.1	0.166700951954324	0.0786095058471085	0.0261833154231221	0.333486311740538	0.307302996317416	0	0	0	0.2	0.516489591896814	0.297974541456338	0.0484730729126996	1.22743021470482	1.17895714179212	0	0	1	0.1	0.528669284883935	0.230956833440144	0.168467424388563	1.06658986180819	0.898122437419623	0	0	1	0.2	1.9761551584579	0.630957938944517	0.895528200158848	3.31391274230431	2.41838454214547	0	0	2	0.1	1.5401084161264	0.40893131144178	0.864422522590169	2.41897561975474	1.55455309716457	0	0	2	0.2	3.15803069109406	0.599790536985967	2.08267247729382	4.41194958444637	2.32927710715255	0	0	3	0.1	2.13797890917287	0.456446142289849	1.34548536491866	3.14346435585949	1.79797899094083	0	0	3	0.2	3.80156061948242	0.651971839251223	2.58400582352104	5.14401551200058	2.56000968847954
819	0	0	0	0.1	0.0827700629052558	0.0544440586231741	-0.0285623459783597	0.186165120172034	0.214727466150393	0	0	0	0.2	0.174938962803116	0.129603248924797	-0.0797124313973075	0.437088511011587	0.516800942408895	0	0	1	0.1	0.193905369911967	0.108833983356662	0.00487259733274068	0.430701088235835	0.425828490903094	0	0	1	0.2	0.787361672756967	0.38187933568749	0.234400809636346	1.70551650970014	1.4711157000638	0	0	2	0.1	0.89291050865862	0.269312075695339	0.481787337916457	1.51761685550706	1.0358295175906	0	0	2	0.2	1.96235695711707	0.438295208739788	1.22445228239008	2.87188080829337	1.64742852590328	0	0	3	0.1	1.43874916706989	0.323695363854729	0.892903172906065	2.13814935819231	1.24524618528625	0	0	3	0.2	2.58032889796614	0.469366316987366	1.7561809970538	3.56440295827515	1.80822196122135
823	0	0	0	0.1	0.00688888809411564	0.0763654426826971	-0.142748830076243	0.156430210500341	0.299179040576584	0	0	0	0.2	0.022026539863606	0.162001478102637	-0.30187349459248	0.333540228158376	0.635413722750856	0	0	1	0.1	0.148320741440888	0.10187029817109	-0.0374225635449847	0.35947960836655	0.396902171911535	0	0	1	0.2	0.442205140458261	0.243009709902074	0.0276038809808925	0.996069699769242	0.968465818788349	0	0	2	0.1	0.522303057264448	0.158970871232647	0.253145333292241	0.874939220348486	0.621793887056246	0	0	2	0.2	1.20908803865874	0.331516509620347	0.624287800535065	1.96151075582937	1.3372229552943	0	0	3	0.1	0.94675291683746	0.237543452241813	0.542061173386873	1.47137072461253	0.929309551225654	0	0	3	0.2	1.87104774828877	0.434724214862694	1.11507488264028	2.77897536044416	1.66390047780389
813	0	0	0	0.1	0.106310315845546	0.0539422216668263	-0.00153916796490022	0.208851732110303	0.210390900075204	0	0	0	0.2	0.178113026625375	0.133680668244951	-0.0940750674397057	0.424824359428062	0.518899426867767	0	0	1	0.1	0.124568881422901	0.103318851844241	-0.0860421387311619	0.332406919251712	0.418449057982874	0	0	1	0.2	0.366889332097249	0.255123015231145	-0.130730810198074	0.870192132803136	1.00092294300121	0	0	2	0.1	0.437537229180242	0.150104702497616	0.156003746275543	0.747424044169856	0.591420297894313	0	0	2	0.2	1.08055783706361	0.325489773766215	0.472470568059767	1.72981858112801	1.25734801306824	0	0	3	0.1	0.772794120988301	0.203101781343595	0.414257098681406	1.20432920571442	0.790072107033011	0	0	3	0.2	1.59254842932937	0.393441163084735	0.915045904404551	2.41355386840706	1.49850796400251
825	0	0	0	0.1	0.180597400617475	0.074775697988013	0.0555220668456175	0.347860493550978	0.292338426705361	0	0	0	0.2	0.528160085393742	0.250325194565714	0.129539759499631	1.06630489872814	0.936765139228512	0	0	1	0.1	0.28733344706456	0.176158587218176	-0.0300255626348665	0.665113162280001	0.695138724914868	0	0	1	0.2	0.793540969776687	0.374522882814061	0.118968811797931	1.56955041072615	1.45058159892822	0	0	2	0.1	0.628140718274091	0.217298470846971	0.266835558455702	1.08985669220651	0.823021133750803	0	0	2	0.2	1.38804298725284	0.394257879184282	0.715011955368948	2.22765751709419	1.51264556172524	0	0	3	0.1	0.963865275640275	0.258103882710198	0.527832554603899	1.52525401326943	0.99742145866553	0	0	3	0.2	1.90184815257011	0.440949498941249	1.09417570455321	2.80595182228223	1.71177611772902
834	0	0	0	0.1	0.071502646012813	0.0631429543946113	-0.0427452812356805	0.19728865416815	0.24003393540383	0	0	0	0.2	0.201675190108024	0.149335469753218	-0.0721780562293796	0.511759861898615	0.583937918127994	0	0	1	0.1	0.254123305923529	0.121326533183482	0.0351980208048088	0.502330933589331	0.467132912784523	0	0	1	0.2	0.803553802300095	0.32718463015829	0.218653385746632	1.47811328870817	1.25945990296154	0	0	2	0.1	0.73946245944261	0.209662313063133	0.342277448243508	1.17992961007796	0.837652161834453	0	0	2	0.2	1.70934372224641	0.403646169064494	0.907806709661118	2.52993274840938	1.62212603874826	0	0	3	0.1	1.13086269675698	0.266308479782846	0.624542319088279	1.68181525820749	1.05727293911921	0	0	3	0.2	2.20102967239366	0.459741764015421	1.32951993413584	3.1628493729071	1.83332943877125
824	0	0	0	0.1	0.0679832087182803	0.0809260073339392	-0.0827131353758247	0.225886633199537	0.308599768575361	0	0	0	0.2	0.218172645844606	0.200473929532503	-0.145931940994153	0.642370275081598	0.788302216075752	0	0	1	0.1	0.231806724276036	0.12413652879773	0.00644624486947877	0.505559128098793	0.499112883229314	0	0	1	0.2	0.951942895627436	0.402230704072277	0.324892455796294	1.80921766818229	1.48432521238599	0	0	2	0.1	0.906391795158604	0.256601969967189	0.501749530286587	1.45450425528353	0.952754724996941	0	0	2	0.2	1.97873525819829	0.419107005633323	1.26039195383529	2.83104597104585	1.57065401721056	0	0	3	0.1	1.37041387147418	0.29705846257304	0.878342327606523	1.97058862774481	1.09224630013829	0	0	3	0.2	2.42089550222434	0.441236405676388	1.63012132309255	3.31931359137884	1.6891922682863
826	0	0	0	0.1	0.0727733699250232	0.0796625962946811	-0.0916152044295216	0.227047866847261	0.318663071276782	0	0	0	0.2	0.107560005971845	0.163285069255538	-0.219605506878551	0.426713379097078	0.646318885975629	0	0	1	0.1	0.113773842097842	0.0929588100851304	-0.0689131507503404	0.298333711989159	0.3672468627395	0	0	1	0.2	0.382543473798376	0.227773805653744	-0.0255171048583504	0.873166759350834	0.898683864209185	0	0	2	0.1	0.465772512181848	0.152049045865322	0.206655296862201	0.797804975453514	0.591149678591314	0	0	2	0.2	1.11530124590685	0.328459664121656	0.535852490410118	1.84961618713416	1.31376369672405	0	0	3	0.1	0.762534995567785	0.2113580182719	0.408980803096485	1.24096163898095	0.83198083588446	0	0	3	0.2	1.60837504284535	0.406081719223629	0.932495370088703	2.55773349496062	1.62523812487191
832	0	0	0	0.1	0.0788705908826605	0.0739301365117899	-0.0614939714667937	0.228075784929134	0.289569756395928	0	0	0	0.2	0.160625684479822	0.169772855960987	-0.145761734947583	0.512982948504163	0.658744683451747	0	0	1	0.1	0.180092151507025	0.109354534660017	-0.0260471735864159	0.415258782329901	0.441305955916317	0	0	1	0.2	0.507350422716378	0.265265383651309	0.0573729272216219	1.12342837560333	1.06605544838171	0	0	2	0.1	0.492505478800985	0.160334740586622	0.223261085324729	0.866535979328264	0.643274894003534	0	0	2	0.2	1.09796981466308	0.32937048593589	0.561227530967474	1.86085932641935	1.29963179545187	0	0	3	0.1	0.722702055646075	0.200180941180841	0.39473214119696	1.19173164494101	0.796999503744051	0	0	3	0.2	1.46349155547231	0.387778179263784	0.813956906280262	2.3556407692291	1.54168386294884
844	0	0	0	0.1	0.0837598607654518	0.0693108044946996	-0.0598391553159722	0.2162084275855	0.276047582901472	0	0	0	0.2	0.157906747478991	0.193803723573759	-0.203705827467167	0.54859084175561	0.752296669222777	0	0	1	0.1	0.191043496434843	0.150163818234814	-0.104367306608386	0.504950862813994	0.609318169422379	0	0	1	0.2	0.824638775951499	0.369487255121564	0.130562685594678	1.5645635138412	1.43400082824652	0	0	2	0.1	0.844530810139363	0.223372979544387	0.446796147797134	1.31507893634933	0.868282788552201	0	0	2	0.2	1.58141707033218	0.347306349072728	0.935796901108405	2.25851127053158	1.32271436942317	0	0	3	0.1	1.08254901994191	0.243312329334464	0.655011552532782	1.58917789029437	0.934166337761587	0	0	3	0.2	1.83329839268074	0.371278857836715	1.15114220543784	2.57676653216047	1.42562432672264
848	0	0	0	0.1	0.0562120898682221	0.0936080638515778	-0.137099680743938	0.230374895102127	0.367474575846064	0	0	0	0.2	0.0736896408243374	0.229658998755336	-0.400588927630405	0.515696403190325	0.916285330820729	0	0	1	0.1	0.121568285960411	0.127818182727013	-0.12282862956554	0.377195886099643	0.500024515665183	0	0	1	0.2	0.62430627120477	0.320900613927495	0.0626229356340155	1.28922617367521	1.22660323804119	0	0	2	0.1	0.71525945392228	0.195395922083746	0.383667658999614	1.14893254540166	0.765264886402042	0	0	2	0.2	1.75766699015765	0.388675897288901	1.06351055804418	2.57995078340153	1.51644022535735	0	0	3	0.1	1.19627291281732	0.248899517255209	0.759738894448394	1.71944163041033	0.959702735961938	0	0	3	0.2	2.3569774857012	0.416068816726197	1.59589725071834	3.24262471128782	1.64672746056948
827	0	0	0	0.1	0.000187882724756059	0.0826454681147391	-0.166591505186634	0.162697744176588	0.329289249363222	0	0	0	0.2	0.017128707111234	0.201628016031523	-0.361017472728749	0.427628107654174	0.788645580382923	0	0	1	0.1	0.194406306212498	0.136181896084984	-0.069757698625308	0.481325828981688	0.551083527606996	0	0	1	0.2	0.868563485780396	0.376461927820561	0.196196829064961	1.7004484216951	1.50425159263014	0	0	2	0.1	0.878286226809286	0.274211945139951	0.416851351950699	1.48656130019235	1.06970994824165	0	0	2	0.2	1.89558261837277	0.503295369742361	0.992977155916843	2.95166524683818	1.95868809092134	0	0	3	0.1	1.25966723643873	0.37289468144947	0.61898363429467	2.06306608008752	1.44408244579285	0	0	3	0.2	2.3782143890805	0.628404991078643	1.23278987965141	3.65617753929724	2.42338765964583
845	0	0	0	0.1	0.123722488775871	0.0585211153496001	0.00946952647782901	0.236886218999072	0.227416692521243	0	0	0	0.2	0.253070052988201	0.160806870310274	-0.0454933978820988	0.59156787240768	0.637061270289779	0	0	1	0.1	0.247573816127275	0.157098482858217	-0.0498561575863196	0.558814832759476	0.608670990345796	0	0	1	0.2	1.11643360532614	0.459515049277653	0.271780611423989	2.08669745025332	1.81491683882933	0	0	2	0.1	1.14040384796514	0.278003456962155	0.641990110162215	1.71815770803878	1.07616759787657	0	0	2	0.2	2.17514335264141	0.392039717875651	1.44384538466632	2.95788533882122	1.5140399541549	0	0	3	0.1	1.60474927408576	0.300279696201608	1.0551043788452	2.20433160673504	1.14922722788984	0	0	3	0.2	2.63307650597372	0.419925419199584	1.81019375221805	3.45931116924656	1.64911741702851
831	0	0	0	0.1	0.140644030082376	0.0678837725945405	0.0149808608223242	0.28196296166639	0.266982100844066	0	0	0	0.2	0.399922240319165	0.187029592697765	0.0647824096612268	0.81591518515881	0.751132775497584	0	0	1	0.1	0.424853866699467	0.138283640777071	0.170335006379528	0.711037118551606	0.540702112172078	0	0	1	0.2	1.17895500243398	0.349655532651014	0.580794398275519	1.89064882053835	1.30985442226283	0	0	2	0.1	0.8832260915945	0.227063626631786	0.483629683802614	1.33212659382493	0.848496910022316	0	0	2	0.2	1.85834730948494	0.413579701552058	1.10943808433683	2.68138739496021	1.57194931062338	0	0	3	0.1	1.19456804361062	0.279081832534628	0.671540893656501	1.73715540051641	1.06561450685991	0	0	3	0.2	2.23579360567792	0.459589182658389	1.38024440068304	3.16035788669598	1.78011348601294
822	0	0	0	0.1	0.0665203183425478	0.079039918620652	-0.0964864966229077	0.216294773249388	0.312781269872296	0	0	0	0.2	0.14228881672003	0.22639631917786	-0.300803534755496	0.590598587967199	0.891402122722695	0	0	1	0.1	0.221838011654051	0.145035336978645	-0.0497506555946796	0.504825921636226	0.554576577230906	0	0	1	0.2	0.886945261735859	0.351007978613607	0.240355517042934	1.68295801999681	1.44260250295388	0	0	2	0.1	0.818591355222125	0.217406951173606	0.44506218817846	1.32301221561886	0.877950027440402	0	0	2	0.2	1.72023567653829	0.3680193909305	1.04737122013677	2.49980176920383	1.45243054906706	0	0	3	0.1	1.12647253153002	0.249584439187184	0.698596466247943	1.64737249721483	0.948776030966885	0	0	3	0.2	2.09716988412979	0.401362492618012	1.37670002979126	2.90320755891718	1.52650752912592
830	0	0	0	0.1	0.0576080937648306	0.0737466145626327	-0.105360336877083	0.198438894614108	0.30379923149119	0	0	0	0.2	0.119336529168594	0.175799704021485	-0.243275666940524	0.462424495531211	0.705700162471735	0	0	1	0.1	0.164109708407783	0.100978249951906	-0.0188951667634881	0.371172744691438	0.390067911454926	0	0	1	0.2	0.557306137381072	0.252343793060012	0.142869245261354	1.13689572935721	0.994026484095861	0	0	2	0.1	0.590934037890232	0.151306396395378	0.336995017326427	0.925897270673593	0.588902253347166	0	0	2	0.2	1.35957395918051	0.309955413600353	0.818453648954809	2.03613810820197	1.21768445924716	0	0	3	0.1	0.910876161310299	0.197121641264855	0.580069001961294	1.34758669939965	0.767517697438352	0	0	3	0.2	1.79650636900938	0.357147213107444	1.16789255010834	2.55276838782645	1.38487583771811
843	0	0	0	0.1	0.134408624666827	0.0718160763020399	-0.00930083900583959	0.281737730618561	0.291038569624401	0	0	0	0.2	0.216666516871888	0.159614251056517	-0.083859340110384	0.526113603125473	0.609972943235857	0	0	1	0.1	0.122115790391806	0.104622602570446	-0.08444260713358	0.321257105744435	0.405699712878014	0	0	1	0.2	0.282336769466344	0.27163059731205	-0.26039538217046	0.823798392683349	1.08419377485381	0	0	2	0.1	0.383148977951312	0.179654324164721	0.0592244383304986	0.767245117880614	0.708020679550115	0	0	2	0.2	0.956711014114156	0.378632594316406	0.277831359576376	1.76311569439166	1.48528433481528	0	0	3	0.1	0.757867083457623	0.240264789634796	0.333951889209812	1.27221055798532	0.938258668775504	0	0	3	0.2	1.53947035192399	0.428818004988738	0.729693663340067	2.41590251850017	1.6862088551601
849	0	0	0	0.1	0.141269338567647	0.0836536294510324	-0.0351648059031705	0.308579995513269	0.343744801416439	0	0	0	0.2	0.281143150700074	0.194217320224715	-0.093030571033742	0.655662612182986	0.748693183216728	0	0	1	0.1	0.0872166867266978	0.127869483761188	-0.20482217059852	0.32084787521547	0.525670045813991	0	0	1	0.2	0.279684613438893	0.311896647438062	-0.359660567844219	0.873454872763006	1.23311544060723	0	0	2	0.1	0.340900134745279	0.185792148352927	-0.00913883555667678	0.719269701878065	0.728408537434742	0	0	2	0.2	0.866147971446683	0.383568249692253	0.159785652011283	1.65330433874013	1.49351868672885	0	0	3	0.1	0.64259096687232	0.226008231466568	0.244130444673135	1.13317844203862	0.889047997365483	0	0	3	0.2	1.3511103366533	0.424899068858485	0.621727312705293	2.24915293552883	1.62742562282353
829	0	0	0	0.1	0.0721093445012937	0.0941706480222026	-0.114867202645865	0.253796696032033	0.368663898677898	0	0	0	0.2	0.167631132960599	0.211637795610815	-0.240894174750617	0.568210486237216	0.809104660987833	0	0	1	0.1	0.20767154246303	0.119254126597249	-0.0277683774273985	0.441330914406049	0.469099291833447	0	0	1	0.2	0.614794791285678	0.265142148702938	0.138013555993274	1.19687521845342	1.05886166246015	0	0	2	0.1	0.585125825160353	0.162732819421282	0.303275028042587	0.963235828877024	0.659960800834437	0	0	2	0.2	1.23295486675398	0.304674113571893	0.70378551116336	1.92142120462273	1.21763569345937	0	0	3	0.1	0.858099956858044	0.210004478219246	0.514370256355486	1.328381896767	0.814011640411511	0	0	3	0.2	1.65240033609838	0.372016340205605	1.01392727729939	2.48044553850986	1.46651826121047
839	0	0	0	0.1	0.0565541397209978	0.0825488018169208	-0.11497987567439	0.211664013314176	0.326643888988566	0	0	0	0.2	0.100270871568907	0.226670645733513	-0.329294120902443	0.560980413708859	0.890274534611302	0	0	1	0.1	0.0857573322712041	0.139837688962191	-0.188911426819737	0.367201717178147	0.556113143997883	0	0	1	0.2	0.353772553045739	0.292528238151023	-0.209671532099532	0.975438945345908	1.18511047744544	0	0	2	0.1	0.367826699946928	0.162708289958863	0.0758613404549406	0.731582596930147	0.655721256475206	0	0	2	0.2	0.822977492948881	0.311871775635748	0.2661781798234	1.53057564747098	1.26439746764758	0	0	3	0.1	0.555612518046443	0.181146032849898	0.24631874163135	0.969022230522395	0.722703488891045	0	0	3	0.2	1.12338459748607	0.339861124395377	0.527033040078988	1.91108534435966	1.38405230428067
851	0	0	0	0.1	0.0328977157354085	0.0579515037671513	-0.0868963089857072	0.144833925218075	0.231730234203782	0	0	0	0.2	0.0261149673441081	0.135346782800004	-0.251521301076046	0.2999219269944	0.551443228070446	0	0	1	0.1	0.0788228220080142	0.0970825778278324	-0.105065241472208	0.277617602472689	0.382682843944897	0	0	1	0.2	0.364724417801541	0.272483215621465	-0.134550243001863	0.962231153252861	1.09678139625472	0	0	2	0.1	0.558751403289353	0.195111342769485	0.228694151227014	0.977477512117667	0.748783360890652	0	0	2	0.2	1.39036221214585	0.407199368699982	0.664022817193669	2.23937051083928	1.57534769364561	0	0	3	0.1	1.0377931716273	0.281498804877985	0.535903479033373	1.65883304346439	1.12292956443102	0	0	3	0.2	2.09436478836543	0.493135604969448	1.19638933122673	3.12105344937537	1.92466411814864
865	0	0	0	0.1	0.0610499632235549	0.0786429662224663	-0.105327324081393	0.206758960280005	0.312086284361398	0	0	0	0.2	0.116638550475303	0.204849312626696	-0.285503709764302	0.506473532380193	0.791977242144495	0	0	1	0.1	0.204077625081652	0.152320678021884	-0.0757361307434141	0.538321417107451	0.614057547850865	0	0	1	0.2	0.92010789219947	0.449165578522305	0.219273698552483	1.9132049409125	1.69393124236002	0	0	2	0.1	0.963757160742024	0.301747864453484	0.477407189430007	1.66056301984465	1.18315583041465	0	0	2	0.2	2.23518266838322	0.543882397223257	1.27126855173344	3.42812677658138	2.15685822484794	0	0	3	0.1	1.60302414808281	0.398760901348122	0.929771722965541	2.47392413861862	1.54415241565308	0	0	3	0.2	3.01082786357349	0.609705684123164	1.93696862852464	4.24902997342634	2.3120613449017
850	0	0	0	0.1	0.156643932211676	0.0787643291125328	-0.00091998471371002	0.303569787480932	0.304489772194642	0	0	0	0.2	0.380803753173503	0.205951734368788	-0.00809152433966987	0.811043702696208	0.819135227035877	0	0	1	0.1	0.309705562956571	0.124673654089363	0.0890074056160377	0.581092649683014	0.492085244066976	0	0	1	0.2	0.834663122387096	0.271062218746402	0.353222357230913	1.42326130915931	1.07003895192839	0	0	2	0.1	0.705197441563773	0.166508657159732	0.406747898800113	1.0477091430987	0.640961244298586	0	0	2	0.2	1.36906587104591	0.286185216176506	0.859629882898146	1.94320441886511	1.08357453596697	0	0	3	0.1	0.932257870636998	0.201813710465995	0.58201042086311	1.35760908190624	0.775598661043134	0	0	3	0.2	1.68315212574688	0.333185138149274	1.11267105712378	2.39505927659577	1.28238821947199
840	0	0	0	0.1	0.182267939400445	0.0662857741058118	0.0640401404954215	0.325123159507369	0.261083019011947	0	0	0	0.2	0.37171528188583	0.178566086209844	0.0474048520786752	0.754226023723618	0.706821171644943	0	0	1	0.1	0.0206786152461414	0.139137519892618	-0.276258583198312	0.272863771419857	0.549122354618169	0	0	1	0.2	0.17365464366808	0.302021914918462	-0.446506758825111	0.7924655592578	1.23897231808291	0	0	2	0.1	0.281075699394832	0.163708440381803	-0.0515126574575911	0.638469385004831	0.689982042462422	0	0	2	0.2	0.823996451560654	0.336037313886105	0.195018664330479	1.54234856510079	1.34732990077032	0	0	3	0.1	0.650909054461334	0.199290404499578	0.298950359468671	1.07261394432284	0.773663584854171	0	0	3	0.2	1.4910989603175	0.401345870987588	0.752637921962968	2.34234368389376	1.5897057619308
841	0	0	0	0.1	0.031722191477111	0.0796812135474869	-0.116402671401448	0.186081020348355	0.302483691749803	0	0	0	0.2	0.171854561634213	0.185932064762216	-0.175942375944394	0.552736979841206	0.728679355785601	0	0	1	0.1	0.346558388217948	0.13521974891427	0.106791107195398	0.653386654744162	0.546595547548765	0	0	1	0.2	1.16008772968204	0.392671741779384	0.46307312085426	2.01714124132087	1.55406812046661	0	0	2	0.1	1.01834343478696	0.281771389340801	0.536579724151671	1.62032261024324	1.08374288609157	0	0	2	0.2	2.33291343715741	0.542215571706988	1.3579407668122	3.47314349640535	2.11520272959315	0	0	3	0.1	1.59443626037524	0.398413654909089	0.932184295293423	2.45410266733801	1.52191837204458	0	0	3	0.2	3.19022034113473	0.661523401437389	2.04564632978182	4.6040359581451	2.55838962836328
864	0	0	0	0.1	0.0297313743823048	0.0465882711590181	-0.0626423675242266	0.117679613692717	0.180321981216944	0	0	0	0.2	-0.00519190975013387	0.110771129151631	-0.236970186099932	0.193996497479407	0.430966683579339	0	0	1	0.1	0.0531012066985713	0.113627557894888	-0.174282982141434	0.275278813162932	0.449561795304366	0	0	1	0.2	0.459736536157356	0.45336723352573	-0.275136946385865	1.52011498540201	1.79525193178787	0	0	2	0.1	0.982443582948749	0.349888872923716	0.39655785887135	1.76720550394846	1.37064764507711	0	0	2	0.2	2.18136388180362	0.556379491045608	1.23006938481979	3.34049252839392	2.11042314357413	0	0	3	0.1	1.6332849018816	0.399589964807307	0.943156337390935	2.45150302331438	1.50834668592344	0	0	3	0.2	2.82841434458394	0.591483362856413	1.79860089750898	4.09594681405122	2.29734591654224
838	0	0	0	0.1	0.181345482456431	0.0691014422427776	0.0579189196509008	0.332876863858983	0.274957944208082	0	0	0	0.2	0.41107272310998	0.195508137885784	0.0724934453087307	0.845901608638197	0.773408163329466	0	0	1	0.1	0.250573310503468	0.145924283533913	-0.0185124317085308	0.574210251378385	0.592722683086915	0	0	1	0.2	0.907636577972307	0.428625113494034	0.205002167048546	1.85916269461102	1.65416052756247	0	0	2	0.1	0.851642476343604	0.306952121964708	0.382161454810371	1.60452686620502	1.22236541139465	0	0	2	0.2	1.86064181386975	0.540134504423725	0.940401728236678	3.00320479333041	2.06280306509373	0	0	3	0.1	1.29800364296999	0.403287533065383	0.670993229547828	2.21633510596833	1.54534187642051	0	0	3	0.2	2.41622630556406	0.616358982455008	1.35101205969172	3.82715468788215	2.47614262819043
842	0	0	0	0.1	-0.00802733059066814	0.0930318211057109	-0.207954815011571	0.159125760727845	0.367080575739416	0	0	0	0.2	0.042514253490914	0.180714793834081	-0.321798722655133	0.390601718764728	0.712400441419861	0	0	1	0.1	0.112625501140515	0.0879875063149332	-0.0473555425703391	0.302064123201607	0.349419665771947	0	0	1	0.2	0.375411801648749	0.19618052194931	0.0320648936897523	0.796784934047968	0.764720040358216	0	0	2	0.1	0.401100248667144	0.119000458368205	0.195127544809987	0.646471525375176	0.451343980565189	0	0	2	0.2	0.888794690748358	0.242955607913415	0.460458409204002	1.38890493203117	0.928446522827173	0	0	3	0.1	0.617159339854357	0.156617290596443	0.347021982370988	0.959968168686671	0.612946186315684	0	0	3	0.2	1.21566944667365	0.290687292691014	0.698061102659214	1.82483493676166	1.12677383410244
846	0	0	0	0.1	0.149342645458092	0.108172321683473	-0.0576726310584218	0.368487527035228	0.42616015809365	0	0	0	0.2	0.415108819323043	0.291504665760715	-0.147812913216701	0.982768796961064	1.13058171017776	0	0	1	0.1	0.281116645097812	0.161148406434607	-0.0474494468967983	0.593695335107109	0.641144782003908	0	0	1	0.2	0.697182473824903	0.283220890447278	0.144739018890541	1.24055143968156	1.09581242079102	0	0	2	0.1	0.539443248272214	0.165037350320989	0.228039637164273	0.866073670895925	0.638034033731652	0	0	2	0.2	1.00187343559219	0.276465372427554	0.47627631724908	1.53782544153849	1.06154912428941	0	0	3	0.1	0.660382403575035	0.17454407939652	0.349769859102733	1.01828890305081	0.668519043948074	0	0	3	0.2	1.19798150811642	0.293655252015736	0.662776925644344	1.78325909525502	1.12048216961068
863	0	0	0	0.1	0.0487027445018757	0.0641418651170554	-0.071360652420515	0.173413458168021	0.244774110588536	0	0	0	0.2	0.11645555399114	0.14775535942528	-0.158676964838966	0.418925845516044	0.57760281035501	0	0	1	0.1	0.227710507670444	0.0978956090839924	0.0402638561896658	0.434673672172272	0.394409815982606	0	0	1	0.2	0.690866429874412	0.264615998251877	0.210316930538792	1.26428203885011	1.05396510831132	0	0	2	0.1	0.707796601385805	0.187585650870463	0.378052766017107	1.10793935317491	0.729886587157807	0	0	2	0.2	1.58011950519204	0.375787045101395	0.857438679436319	2.33758997729086	1.48015129785454	0	0	3	0.1	1.13467974142392	0.263659243238132	0.657610000537748	1.67859336345841	1.02098336292066	0	0	3	0.2	2.20981280521784	0.464782220677165	1.3360369382259	3.18583656816748	1.84979962994158
859	0	0	0	0.1	0.12945390586696	0.0693508648309182	-0.00481025701487759	0.273537800673647	0.278348057688525	0	0	0	0.2	0.267994564600128	0.166091049723413	-0.0449488679027389	0.627896002258552	0.672844870161291	0	0	1	0.1	0.184657868612038	0.0928805954909598	0.00690394654935601	0.370553389357949	0.363649442808593	0	0	1	0.2	0.493227802383348	0.226768653095473	0.0676389491659076	0.948644766878083	0.881005817712176	0	0	2	0.1	0.475709646491349	0.143620833378057	0.220893101040583	0.784478061200606	0.563584960160023	0	0	2	0.2	1.05505718704617	0.307281954472853	0.517099390260558	1.73283940884666	1.2157400185861	0	0	3	0.1	0.744365889152359	0.206535280731861	0.386866507647004	1.18790288594712	0.801036378300115	0	0	3	0.2	1.46164848987979	0.391045650883928	0.787524446620084	2.32488380475188	1.5373593581318
858	0	0	0	0.1	0.12340724656016	0.0781520355517833	-0.0179722784164177	0.294318773877454	0.312291052293872	0	0	0	0.2	0.401649821428713	0.231674662621349	0.0210800848895253	0.914956901025057	0.893876816135532	0	0	1	0.1	0.429775448143882	0.149648605603522	0.182302472617374	0.766422555887599	0.584120083270225	0	0	1	0.2	1.26124353605599	0.362885204134833	0.646563551188193	2.08538308723451	1.43881953604632	0	0	2	0.1	0.957383248564113	0.230770643665101	0.553404661810141	1.46800577978944	0.914601117979302	0	0	2	0.2	1.93256379641819	0.408227165594766	1.18983189858418	2.79148780557657	1.6016559069924	0	0	3	0.1	1.26088395446567	0.289576958440693	0.768155117847358	1.89314906757342	1.12499394972606	0	0	3	0.2	2.31564230758613	0.481692286619098	1.46286145707908	3.37057168794955	1.90771023087047
847	0	0	0	0.1	0.10148424700799	0.0688510401595242	-0.0470596821416922	0.229534194213464	0.276593876355157	0	0	0	0.2	0.219755962946398	0.189923903729488	-0.139064015534746	0.617950550664943	0.757014566199689	0	0	1	0.1	0.184765958466183	0.170241101188874	-0.119929159657057	0.556229523901917	0.676158683558974	0	0	1	0.2	0.773432861870109	0.531410436813949	-0.119538543979866	2.00985506460965	2.12939360858952	0	0	2	0.1	0.831759168105113	0.338458294157008	0.302102452185354	1.59159343374025	1.28949098155489	0	0	2	0.2	1.93528589527452	0.561761698684341	0.950725658232868	3.17470410065639	2.22397844242352	0	0	3	0.1	1.40327544021796	0.376578144682603	0.733396574234261	2.21413167949688	1.48073510526261	0	0	3	0.2	2.56083731119145	0.566854738298106	1.4955796992257	3.70559814828053	2.21001844905483
855	0	0	0	0.1	0.0366837466974658	0.0646058753126656	-0.0965902169355278	0.158306645968694	0.254896862904222	0	0	0	0.2	0.0391696543544612	0.141587668277223	-0.258503154877713	0.306572106885159	0.565075261762872	0	0	1	0.1	0.0597517387160697	0.0815480425287932	-0.107199681483725	0.215328644639489	0.322528326123214	0	0	1	0.2	0.24307695746035	0.201675382154695	-0.151771230711405	0.633147095295131	0.784918326006536	0	0	2	0.1	0.403005356551472	0.13919168153725	0.156511830651286	0.696815195265684	0.540303364614399	0	0	2	0.2	0.99156793120197	0.302156982163538	0.44204684880821	1.63266023243727	1.19061338362906	0	0	3	0.1	0.758740230520039	0.210849268218939	0.39673724626504	1.22614051263151	0.82940326636647	0	0	3	0.2	1.53951558888394	0.381112423293121	0.859522212798765	2.36235802524941	1.50283581245064
867	0	0	0	0.1	0.0943021856743372	0.0521882425104237	-0.00208304000327757	0.198796773813994	0.200879813817271	0	0	0	0.2	0.17921010698902	0.134267613000079	-0.0616317544254337	0.454727708757729	0.516359463183162	0	0	1	0.1	0.207387513187601	0.117992615914344	-0.0210313105685737	0.447932918562732	0.468964229131305	0	0	1	0.2	0.644784693529029	0.30148945286317	0.111049599907341	1.26597963341236	1.15493003350502	0	0	2	0.1	0.66021629722361	0.204075874269294	0.330549450722961	1.12931757956067	0.798768128837709	0	0	2	0.2	1.51940763686764	0.418002103630965	0.841314937720909	2.46068590992768	1.61937097220677	0	0	3	0.1	1.07212837324821	0.289703900080329	0.632506714366052	1.75028613761835	1.11777942325229	0	0	3	0.2	2.13290001246611	0.520134241403125	1.33617579278342	3.36528575629298	2.02910996350956
862	0	0	0	0.1	0.12864765637623	0.0756727242793328	-0.0160038775142698	0.279370779293186	0.295374656807456	0	0	0	0.2	0.22211344385406	0.222715840658289	-0.223669119108732	0.666040789298767	0.889709908407499	0	0	1	0.1	0.109094469335633	0.169120625058214	-0.227578857566149	0.430779408529483	0.658358266095632	0	0	1	0.2	0.777344172216704	0.464049151121026	-0.0220696214520143	1.80214822411667	1.82421784556869	0	0	2	0.1	0.846453993000613	0.301910477358271	0.334855390513021	1.55968837597909	1.22483298546607	0	0	2	0.2	1.90749259708237	0.489748855962612	0.988688699357576	2.90703411265921	1.91834541330164	0	0	3	0.1	1.34619171562246	0.346805071536085	0.732896868590108	2.13895077905102	1.40605391046091	0	0	3	0.2	2.46327296798213	0.518093235309753	1.50442990341529	3.52919589766577	2.02476599425048
860	0	0	0	0.1	0.102766522971713	0.111444538156636	-0.116504907966908	0.327103301260691	0.443608209227599	0	0	0	0.2	0.168327871462973	0.282898327722352	-0.354700673350446	0.77931721502001	1.13401788837046	0	0	1	0.1	0.0926837381841502	0.146049749676502	-0.179680140961779	0.401206797040402	0.580886938002181	0	0	1	0.2	0.469868318647515	0.306770075168764	-0.103336712904281	1.09752390321195	1.20086061611623	0	0	2	0.1	0.527771274031097	0.170156235889668	0.203053308293047	0.874747781234067	0.67169447294102	0	0	2	0.2	1.1512956415878	0.296387857908419	0.582729297239299	1.75894185217064	1.17621255493134	0	0	3	0.1	0.824294084235269	0.187245561854278	0.489797817313878	1.20951316515848	0.719715347844606	0	0	3	0.2	1.56299599580931	0.317888247625732	0.998038246482042	2.22287748218622	1.22483923570417
853	0	0	0	0.1	0.107189855360194	0.0620346986165975	-0.0211194068900911	0.216147546405053	0.237266953295144	0	0	0	0.2	0.191578218248259	0.136211587190754	-0.0838749033673389	0.457144143903472	0.541019047270811	0	0	1	0.1	0.10802099228577	0.0875952185387065	-0.0670206550940461	0.276517754708383	0.343538409802429	0	0	1	0.2	0.305744682866499	0.23658731476887	-0.162726873159937	0.767917591401034	0.930644464560971	0	0	2	0.1	0.408578956919382	0.166456098403954	0.108648498521451	0.760308024372279	0.651659525850828	0	0	2	0.2	1.11687609655115	0.407830285143186	0.386560639126754	2.01410650038837	1.62754586126162	0	0	3	0.1	0.86258646928038	0.279558659658264	0.392723706807979	1.4822366747621	1.08951296795412	0	0	3	0.2	1.85643056565617	0.532409369700694	0.939778640415183	2.97100104698876	2.03122240657357
868	0	0	0	0.1	0.0172316681824126	0.0694122491631898	-0.122595605940604	0.151641208686975	0.27423681462758	0	0	0	0.2	-0.00112465040692427	0.158059138731115	-0.31469442547351	0.306807905572515	0.621502331046025	0	0	1	0.1	0.0630482681975669	0.123983177174347	-0.209706277914301	0.276097379789958	0.485803657704259	0	0	1	0.2	0.250216806579202	0.28556748633766	-0.350943822486794	0.786337852010765	1.13728167449756	0	0	2	0.1	0.36570017622481	0.174234416296095	0.039390700706717	0.717708625226298	0.678317924519581	0	0	2	0.2	0.928985814189707	0.372811913718106	0.273417555654326	1.74557671864554	1.47215916299121	0	0	3	0.1	0.694259773058788	0.235778529705455	0.320516462876702	1.23604042418578	0.915523961309083	0	0	3	0.2	1.48289613920336	0.449572248460106	0.741421123540167	2.46201446631164	1.72059334277148
856	0	0	0	0.1	0.20910753868082	0.0790118387087739	0.0589896393163287	0.373159900548093	0.314170261231764	0	0	0	0.2	0.55617636746551	0.21991266782146	0.177668906165747	1.03002953543503	0.852360629269285	0	0	1	0.1	0.388364108184787	0.121730514060433	0.167569620490961	0.645857128312924	0.478287507821962	0	0	1	0.2	1.11897717961611	0.320093741488036	0.564911132992218	1.78455603248788	1.21964489949566	0	0	2	0.1	0.873670238894571	0.206331171956992	0.51033921632579	1.30613148034984	0.795792264024054	0	0	2	0.2	1.77283724029203	0.370417881859943	1.0624232476236	2.51798760769407	1.45556436007047	0	0	3	0.1	1.18842165210323	0.267219756380595	0.713715013519641	1.75222284530672	1.03850783178708	0	0	3	0.2	2.17377874658979	0.438552223534404	1.37361065513428	3.10991835099165	1.73630769585737
854	0	0	0	0.1	0.037464769095778	0.0762417044094258	-0.114135476156442	0.177547881521895	0.291683357678337	0	0	0	0.2	0.0646919999276439	0.199096239728415	-0.331005668637898	0.473127949525594	0.804133618163492	0	0	1	0.1	0.121073936088812	0.122604888453445	-0.105036614792493	0.366176271804213	0.471212886596706	0	0	1	0.2	0.501107796850665	0.281599493373941	0.00694635252633166	1.10850207154682	1.10155571902049	0	0	2	0.1	0.53384633650827	0.170525367882567	0.251059355544032	0.918241784647386	0.667182429103354	0	0	2	0.2	1.07607425593841	0.300492219403224	0.59202713022074	1.74009155561694	1.1480644253962	0	0	3	0.1	0.721900762763407	0.197289483009521	0.420198480736582	1.18017448734575	0.759976006609164	0	0	3	0.2	1.31953206154432	0.335519056503365	0.794989720223881	2.06382614279242	1.26883642256854
861	0	0	0	0.1	-0.0180660268526904	0.0756094982479806	-0.188701136824211	0.113781954972582	0.302483091796793	0	0	0	0.2	-0.110621134660201	0.17194255670436	-0.506252733639208	0.195699114330494	0.701951847969702	0	0	1	0.1	0.0505801430987786	0.110621221988374	-0.19728776411667	0.261147151386848	0.458434915503518	0	0	1	0.2	0.366675775688335	0.25750188746578	-0.120222796235493	0.888212191891503	1.008434988127	0	0	2	0.1	0.596205745451838	0.179963314836751	0.286050798888786	0.988474318585106	0.702423519696319	0	0	2	0.2	1.4143892554744	0.361387982382004	0.777858038163403	2.18639653427466	1.40853849611126	0	0	3	0.1	1.01050765599209	0.253741371168782	0.592001817037301	1.59904883676171	1.00704701972441	0	0	3	0.2	2.01733858679016	0.451975725493102	1.23666171104227	2.98064756719112	1.74398585614885
866	0	0	0	0.1	0.109241626341909	0.0648939516785863	-0.0207581676746204	0.236779964911461	0.257538132586081	0	0	0	0.2	0.197855583899125	0.14311660133367	-0.0852679425684247	0.488238486819377	0.573506429387802	0	0	1	0.1	0.125857956153159	0.0837809157903242	-0.0366411369230223	0.282877787602954	0.319518924525976	0	0	1	0.2	0.304241693016271	0.202702183994114	-0.068883918287492	0.701235181820287	0.770119100107779	0	0	2	0.1	0.31711963482692	0.128278977727388	0.0867053577927784	0.575630892418631	0.488925534625852	0	0	2	0.2	0.69449175765105	0.263817006835613	0.220826413771136	1.24402148299217	1.02319506922103	0	0	3	0.1	0.50559737091751	0.165633163499684	0.213740857818406	0.85797158740467	0.644230729586265	0	0	3	0.2	1.00021288998025	0.312280231051256	0.417930989476069	1.68736037197409	1.26942938249802
857	0	0	0	0.1	0.0646125838436776	0.083459782715196	-0.0985412060961002	0.235339768683001	0.333880974779101	0	0	0	0.2	0.288199919781819	0.237216670330863	-0.112581688216265	0.80162560804659	0.914207296262854	0	0	1	0.1	0.475467803949595	0.276888857567628	0.0527101460881961	1.12574630270806	1.07303615661987	0	0	1	0.2	1.63250691098334	0.614121602103152	0.547764854925826	2.93705297531221	2.38928812038638	0	0	2	0.1	1.17877381521868	0.364237535754958	0.537316434984569	1.92799543330456	1.39067899831999	0	0	2	0.2	2.27610369771028	0.559217981979617	1.23313862260925	3.41277708172292	2.17963845911366	0	0	3	0.1	1.49876914140342	0.367102250010524	0.826585416289316	2.27463257755926	1.44804716126994	0	0	3	0.2	2.64034638379658	0.578877652541956	1.56001727530207	3.83748950550705	2.27747223020498
892	0	0	0	0.1	-0.0102425929311365	0.0630471275461802	-0.143062331336812	0.108309606470661	0.251371937807474	0	0	0	0.2	-0.0491542178084631	0.15550082759787	-0.377408689982366	0.244902352201356	0.622311042183722	0	0	1	0.1	0.0463725255069488	0.103281283858739	-0.156543047635718	0.24774300195302	0.404286049588739	0	0	1	0.2	0.253063739301925	0.255439548476193	-0.202537368266191	0.761574559171205	0.964111927437396	0	0	2	0.1	0.399403652527799	0.168812346986263	0.0836236040771828	0.749359137357646	0.665735533280463	0	0	2	0.2	0.931344040986218	0.346355818121837	0.275818993075655	1.6281424991808	1.35232350610515	0	0	3	0.1	0.702549365971849	0.237984949936052	0.255804425503469	1.18886981788846	0.933065392384995	0	0	3	0.2	1.36876003234033	0.428887894949503	0.558639538963199	2.23979728204604	1.68115774308284
852	0	0	0	0.1	0.0859217662113834	0.0624398668618967	-0.0397001276500119	0.20408211554881	0.243782243198822	0	0	0	0.2	0.164260607479372	0.154369933823431	-0.13962918200276	0.458505521920706	0.598134703923465	0	0	1	0.1	0.209228837223101	0.136506034698287	-0.0662176636919893	0.483517885218646	0.549735548910635	0	0	1	0.2	0.772990659537422	0.41225807967811	-0.011031407735949	1.61465391817815	1.6256853259141	0	0	2	0.1	0.857909841305424	0.294049098980318	0.297037684806865	1.46212053288219	1.16508284807532	0	0	2	0.2	1.90582584434693	0.506332572986628	0.884305378097497	2.8718510876419	1.9875457095444	0	0	3	0.1	1.48058837529139	0.374133511926378	0.784802307634938	2.26447116298323	1.4796688553483	0	0	3	0.2	2.64255276339404	0.53823196177138	1.62255824585716	3.71749311502023	2.09493486916307
873	0	0	0	0.1	0.0615822830524518	0.0672691207800237	-0.0751128864733466	0.188267445111415	0.263380331584761	0	0	0	0.2	0.12515790899471	0.150644907434978	-0.177163597371048	0.41036820236389	0.587531799734938	0	0	1	0.1	0.14552497234401	0.0913825727433738	-0.0238802211001326	0.330364917081085	0.354245138181218	0	0	1	0.2	0.510271457145378	0.247025552139987	0.0957419075219189	1.04541790506762	0.949675997545696	0	0	2	0.1	0.558344398434332	0.168463499400623	0.274689707433731	0.943243941352733	0.668554233919002	0	0	2	0.2	1.480885655995	0.41850400816916	0.7901356142709	2.34228738824927	1.55215177397837	0	0	3	0.1	1.01714151493709	0.275542856067375	0.571688410230602	1.59057387276909	1.01888546253849	0	0	3	0.2	2.2652010525634	0.558613531167159	1.33523852599852	3.48071520669664	2.14547668069812
880	0	0	0	0.1	0.0760118541009635	0.0527989781523097	-0.0223374255243304	0.179213977787694	0.201551403312025	0	0	0	0.2	0.131576596316738	0.130461352651135	-0.123354109961622	0.388285493972206	0.511639603933828	0	0	1	0.1	0.1576201075807	0.118692443123984	-0.0542690231166291	0.403650728469087	0.457919751585716	0	0	1	0.2	0.558335608769183	0.349568673610715	-0.0333260963332968	1.37054170486052	1.40386780119381	0	0	2	0.1	0.620480482389149	0.228627867281739	0.239646139271364	1.12576668405762	0.886120544786254	0	0	2	0.2	1.51270022331536	0.460230293710416	0.716427434548979	2.48848942447735	1.77206198992837	0	0	3	0.1	1.11467881947639	0.31121338011731	0.595001149369254	1.82577416116779	1.23077301179853	0	0	3	0.2	2.20958561863243	0.522837856046107	1.28073880094268	3.27017711541794	1.98943831447526
876	0	0	0	0.1	0.0759416357963367	0.075674277944738	-0.0683004170426224	0.230427994692851	0.298728411735473	0	0	0	0.2	0.167470623974659	0.170132074184772	-0.163403087733341	0.490063933508906	0.653467021242247	0	0	1	0.1	0.137098365725744	0.0921929789848499	-0.0472891835539814	0.320137069149488	0.367426252703469	0	0	1	0.2	0.450154165677367	0.24650558907465	-0.00363720099283337	0.983611962043262	0.987249163036095	0	0	2	0.1	0.517475707711082	0.166391594339859	0.229671187401386	0.876201992003949	0.646530804602564	0	0	2	0.2	1.20962831047228	0.340146303057742	0.580069925387684	1.90144293124036	1.32137300585268	0	0	3	0.1	0.911710696232929	0.241560376576154	0.479031165146488	1.41179686409642	0.932765698949934	0	0	3	0.2	1.77546536936822	0.419173391228839	1.00863885308614	2.57574874891423	1.5671098958281
879	0	0	0	0.1	0.0128106593981165	0.0652576955327413	-0.118117425774063	0.137988827054893	0.256106252828956	0	0	0	0.2	-0.0162147236072855	0.142837940974244	-0.295335818740188	0.248719470974155	0.544055289714342	0	0	1	0.1	0.0511073912354622	0.0978095089939949	-0.141744561420446	0.244431394580545	0.386175956000991	0	0	1	0.2	0.256838225682306	0.251997774232126	-0.226697411747539	0.768300651058679	0.994998062806218	0	0	2	0.1	0.39474385180915	0.167346445546711	0.110133648069327	0.751845263358654	0.641711615289328	0	0	2	0.2	0.964465527926623	0.355846100991395	0.345961569874564	1.72308372073133	1.37712215085676	0	0	3	0.1	0.668860748248542	0.216437935558328	0.317277714846758	1.13951667544757	0.822238960600809	0	0	3	0.2	1.37499402289662	0.405773124724893	0.674446614997593	2.27539383180705	1.60094721680945
870	0	0	0	0.1	0.168218072126613	0.063072050162101	0.0467511325597528	0.291757332696264	0.245006200136511	0	0	0	0.2	0.352952849066739	0.133601336470779	0.0973838301240293	0.617176368213026	0.519792538088996	0	0	1	0.1	0.219939678294161	0.0774008956972277	0.0793468752976352	0.394844468154443	0.315497592856808	0	0	1	0.2	0.606796090804759	0.206617678703716	0.277012479385158	1.07309642666522	0.79608394728006	0	0	2	0.1	0.602679453611262	0.160366300756252	0.357592757626158	0.986613214091322	0.629020456465164	0	0	2	0.2	1.38502248960331	0.33586184601363	0.830032804927417	2.14563098633818	1.31559818141077	0	0	3	0.1	1.03016460325695	0.26016911905695	0.619714290473242	1.64028384188318	1.02056955140994	0	0	3	0.2	2.0234218134099	0.440715148909373	1.27580705519931	2.97354714749077	1.69774009229146
887	0	0	0	0.1	0.119949746542879	0.0702129242330365	-0.0187610678861447	0.257270623419803	0.276031691305948	0	0	0	0.2	0.295693608338863	0.198184614297938	-0.0715989409542402	0.707591195770206	0.779190136724446	0	0	1	0.1	0.258796948667392	0.118803103230006	0.0488897750320416	0.507890232410561	0.459000457378519	0	0	1	0.2	0.791372145225995	0.274530251493426	0.263067660944922	1.35377938100925	1.09071172006432	0	0	2	0.1	0.675274717185317	0.163251639341093	0.37232084064997	1.01630542654512	0.643984585895149	0	0	2	0.2	1.31019684563276	0.277583165272509	0.779000594694559	1.88574934245827	1.10674874776371	0	0	3	0.1	0.864803928712297	0.185342674223831	0.51962261633659	1.24411081714312	0.724488200806534	0	0	3	0.2	1.56352804639966	0.30953250648626	0.974395010027405	2.21001544783346	1.23562043780606
888	0	0	0	0.1	0.0857479329890078	0.05501997344542	-0.0258684372973793	0.19608107688105	0.221949514178429	0	0	0	0.2	0.13910787560439	0.127932189584675	-0.112330095507428	0.397496981506333	0.509827077013761	0	0	1	0.1	0.171147043185117	0.106673212788247	-0.0277317875593415	0.397650815007863	0.425382602567205	0	0	1	0.2	0.602376058933861	0.339602749177915	0.0455952050851511	1.35737048735252	1.31177528226737	0	0	2	0.1	0.749880633680379	0.27449101558122	0.313033934783328	1.40522851290513	1.0921945781218	0	0	2	0.2	2.18757621127097	0.715180022406898	1.00764164789363	3.67562373842608	2.66798209053245	0	0	3	0.1	1.62550005778054	0.519104462301192	0.796472331569241	2.72153294084176	1.92506060927252	0	0	3	0.2	3.67345584489998	0.938782613283606	1.96569445168649	5.60283341812063	3.63713896643414
872	0	0	0	0.1	0.197562484692606	0.0727930145529656	0.0708960418358023	0.346163519170699	0.275267477334897	0	0	0	0.2	0.519273837615439	0.204268812536924	0.175111820569107	1.00434173617899	0.829229915609886	0	0	1	0.1	0.381775867376247	0.141729321573876	0.130311554806941	0.689925184433026	0.559613629626084	0	0	1	0.2	1.15529972559178	0.420326926280184	0.406274415411482	2.05615306530351	1.64987864989203	0	0	2	0.1	0.933383668973511	0.295506638629438	0.4583799045051	1.6272896593143	1.1689097548092	0	0	2	0.2	2.07323743913861	0.553461555195039	1.1557928227786	3.26722125518071	2.11142843240211	0	0	3	0.1	1.41493938398162	0.398337741736999	0.795054552439677	2.30078047558096	1.50572592314128	0	0	3	0.2	2.68094540661269	0.629121325546635	1.61705721563377	4.01123345316872	2.39417623753495
881	0	0	0	0.1	0.0216176965555896	0.0855759296799987	-0.153110242726386	0.185401123258748	0.338511365985134	0	0	0	0.2	-0.050602704011537	0.192260897668361	-0.441481068170242	0.301142793101914	0.742623861272156	0	0	1	0.1	-0.0201804655445939	0.0961883116320582	-0.217325381029913	0.162084972142372	0.379410353172285	0	0	1	0.2	0.0726422677412597	0.197727346036533	-0.321478547830922	0.472588615707229	0.79406716353815	0	0	2	0.1	0.25101210075519	0.116557492330115	0.0458707369591214	0.499712046559565	0.453841309600443	0	0	2	0.2	0.588179737358955	0.239223463154285	0.179328216156081	1.10924028108855	0.929912064932469	0	0	3	0.1	0.458214083614141	0.153842577950897	0.218406722458555	0.814830858290778	0.596424135832224	0	0	3	0.2	0.923164415158793	0.296731266734906	0.452666494135776	1.64554505096009	1.19287855682432
874	0	0	0	0.1	0.149897698639708	0.109323039838714	-0.0492828635921927	0.380755403057293	0.430038266649486	0	0	0	0.2	0.280616255554833	0.258498545947078	-0.204865066555298	0.823793844087426	1.02865891064272	0	0	1	0.1	0.143203072264296	0.114996306117556	-0.0972996745176847	0.37286814737881	0.470167821896494	0	0	1	0.2	0.441510055229978	0.214870365866829	0.00114528119457631	0.861511973514466	0.86036669231989	0	0	2	0.1	0.42399188910587	0.116242082820553	0.209127739726137	0.678689844747017	0.469562105020881	0	0	2	0.2	0.88436709227132	0.219386108487188	0.479188371550839	1.37866821896327	0.899479847412427	0	0	3	0.1	0.611089815806703	0.137430291639989	0.372354168466564	0.911761982992571	0.539407814526008	0	0	3	0.2	1.19526374670775	0.261486115146669	0.727102322595893	1.79017625561157	1.06307393301568
883	0	0	0	0.1	0.177481434490483	0.0744446556611773	0.0327367858318957	0.323869117821649	0.291132331989753	0	0	0	0.2	0.398364696385575	0.17009465551955	0.073098635689659	0.750557787681357	0.677459151991698	0	0	1	0.1	0.291888957247643	0.0998207266411663	0.108951786088666	0.504637346763723	0.395685560675057	0	0	1	0.2	0.747236854703207	0.250674999749033	0.302212613404283	1.28360963664535	0.981397023241072	0	0	2	0.1	0.607596387918369	0.163399182437134	0.321509816204178	0.959187917582661	0.637678101378484	0	0	2	0.2	1.34380742480653	0.34338236124935	0.726030483608242	2.10741759058736	1.38138710697912	0	0	3	0.1	0.888358678428975	0.226110191298982	0.494039772901181	1.3801128626984	0.886073089797224	0	0	3	0.2	1.78965038371708	0.429955086596995	1.01708453429761	2.7298245306596	1.712739996362
877	0	0	0	0.1	0.127300716493516	0.0728932356658894	-0.0129295445479232	0.270719822160646	0.283649366708569	0	0	0	0.2	0.313978126086456	0.200984192874057	-0.0674214886052939	0.740270430670674	0.807691919275968	0	0	1	0.1	0.295075943743988	0.139358202377581	0.0566681873125436	0.582703684792089	0.526035497479545	0	0	1	0.2	0.901951701519314	0.334260656041296	0.350957265121424	1.66345242589311	1.31249516077168	0	0	2	0.1	0.822658265213012	0.212550824057051	0.464198617592261	1.3117120971546	0.84751347956234	0	0	2	0.2	1.58625742757596	0.350781230622178	0.973165178672648	2.31056683670975	1.3374016580371	0	0	3	0.1	1.13804665023765	0.255220822627708	0.705770436283214	1.69992973691133	0.994159300628117	0	0	3	0.2	1.98066911459583	0.396893478003768	1.25255300353153	2.79236114305078	1.53980813951925
871	0	0	0	0.1	0.0902002515380281	0.0618605325677961	-0.0395774635486366	0.207706036310047	0.247283499858683	0	0	0	0.2	0.128607194955132	0.134437584172914	-0.156839189755369	0.38004184560668	0.536881035362049	0	0	1	0.1	0.040158282518542	0.110398697181163	-0.186447317586537	0.238822229809748	0.425269547396285	0	0	1	0.2	0.0832064797477065	0.26049148132763	-0.425765223411788	0.546570139787675	0.972335363199462	0	0	2	0.1	0.231466893632803	0.159288567862632	-0.0727530310643236	0.545385174353378	0.618138205417702	0	0	2	0.2	0.586647944869252	0.335209579005434	-0.0482038084519387	1.25858522672862	1.30678903518055	0	0	3	0.1	0.526413072253886	0.214200192002427	0.14066429144672	1.01926897590617	0.878604684459448	0	0	3	0.2	1.13475713646106	0.412645916307725	0.405613491359915	2.02168230935836	1.61606881799844
886	0	0	0	0.1	0.159623350693369	0.0860754029866882	0.00627115672851125	0.344898741501748	0.338627584773237	0	0	0	0.2	0.317183677137307	0.192109337438034	-0.0160377859755024	0.733128676832433	0.749166462807935	0	0	1	0.1	0.177581432634034	0.11612429812459	-0.0415843607293122	0.408386170706502	0.449970531435814	0	0	1	0.2	0.595393560528248	0.317145809996156	0.060204670091902	1.27734423588362	1.21713956579172	0	0	2	0.1	0.630647508152123	0.209951024888258	0.285000706917217	1.13023964957162	0.845238942654399	0	0	2	0.2	1.53090354614418	0.426646367005031	0.812967481567464	2.48487159491408	1.67190411334662	0	0	3	0.1	1.07920055122761	0.278301326726058	0.632726493370534	1.72139189172651	1.08866539835598	0	0	3	0.2	2.16624058138179	0.481906031092645	1.31304117144439	3.25680312271013	1.94376195126574
901	0	0	0	0.1	0.190537210084785	0.0776385402274737	0.0576157465493902	0.355566814684769	0.297951068135379	0	0	0	0.2	0.439192925481287	0.205027889207633	0.0517390796071652	0.849660457047681	0.797921377440516	0	0	1	0.1	0.194285502955133	0.14760741411	-0.0996002575999705	0.489743533496384	0.589343791096355	0	0	1	0.2	0.656938836844574	0.392836226156922	-0.0871186319802233	1.50322960860937	1.59034824058959	0	0	2	0.1	0.624752634314734	0.237495085018178	0.217452782842521	1.15183287451345	0.934380091670933	0	0	2	0.2	1.47240168352245	0.421478397227105	0.723839286140573	2.36769589844425	1.64385661230368	0	0	3	0.1	1.05247527113621	0.267187213802122	0.597796907723557	1.61772537910291	1.01992847137935	0	0	3	0.2	2.03727067784818	0.439320292854408	1.24340045027305	2.92623296966536	1.68283251939231
885	0	0	0	0.1	0.0941743876809647	0.0925088850064571	-0.087011562127531	0.272952606206166	0.359964168333697	0	0	0	0.2	0.126875300793106	0.190572722168311	-0.240316058973126	0.506655150433658	0.746971209406784	0	0	1	0.1	0.0592541425234099	0.117553918367398	-0.188998926591586	0.285457559929564	0.47445648652115	0	0	1	0.2	0.242918091073874	0.262075063035155	-0.25084451880131	0.805710338291134	1.05655485709244	0	0	2	0.1	0.351079767189801	0.15575136173923	0.0701413729863877	0.700086537782466	0.629945164796078	0	0	2	0.2	0.902425558545012	0.334160965436756	0.302146701548512	1.64868443198027	1.34653773043176	0	0	3	0.1	0.664496545710183	0.203451477233122	0.323797718021492	1.13730465630989	0.813506938288403	0	0	3	0.2	1.4745667411428	0.40354203929898	0.800902191193556	2.35337557704937	1.55247338585582
895	0	0	0	0.1	0.112095697251099	0.0712509476596894	-0.0310643494839681	0.248565392126307	0.279629741610276	0	0	0	0.2	0.363874810289436	0.22277071453629	-0.0445118037483328	0.835675038286522	0.880186842034855	0	0	1	0.1	0.469957482370634	0.171325025117569	0.179865159900703	0.846444823739168	0.666579663838465	0	0	1	0.2	1.38244241243432	0.420129628248024	0.703866644453508	2.29096386340335	1.58709721894984	0	0	2	0.1	1.02698521057273	0.255642990915276	0.612644007535603	1.61566801770323	1.00302401016763	0	0	2	0.2	2.09581139737077	0.442038068817597	1.3350394347065	3.07427223663404	1.73923280192754	0	0	3	0.1	1.33854191585019	0.295470536592943	0.846853916486918	2.03148823383702	1.18463431735011	0	0	3	0.2	2.46671602850443	0.475055712965657	1.60665876882361	3.51792695889686	1.91126819007325
869	0	0	0	0.1	0.167435141921632	0.0748527654680801	0.0358496859775546	0.336422027242389	0.300572341264834	0	0	0	0.2	0.530407447120835	0.258833365101519	0.138859490229038	1.14041390672473	1.00155441649569	0	0	1	0.1	0.615907921901786	0.264064055940161	0.244878981092068	1.29233034710055	1.04745136600848	0	0	1	0.2	2.28871358297173	0.724368302872684	1.01009399058755	3.75337439581244	2.7432804052249	0	0	2	0.1	1.65438321074428	0.455540709919646	0.854483827560401	2.65475400330887	1.80027017574847	0	0	2	0.2	3.08061738441783	0.610122600609197	1.90235581364513	4.27477351159055	2.37241769794541	0	0	3	0.1	2.0508175512722	0.455163933080268	1.22277553258665	2.9717806882948	1.74900515570816	0	0	3	0.2	3.35905461170594	0.608742605370737	2.22588879427215	4.56307777551679	2.33718898124464
902	0	0	0	0.1	0.0707537697888561	0.075751833065886	-0.079109880628753	0.226755799207827	0.30586567983658	0	0	0	0.2	0.0998560763750846	0.169432342428778	-0.234723283608561	0.457157073125329	0.69188035673389	0	0	1	0.1	0.133975037446139	0.104282095686208	-0.0689608078429659	0.347785415286248	0.416746223129214	0	0	1	0.2	0.486491419088956	0.297341055958775	-0.0249345068844111	1.16421749342134	1.18915200030575	0	0	2	0.1	0.660864458425404	0.223019484246648	0.309795997384843	1.12556625008815	0.815770252703306	0	0	2	0.2	1.52087449219445	0.427571080148396	0.744511461088571	2.43779538597103	1.69328392488246	0	0	3	0.1	1.17382791326375	0.320025375311911	0.61047454882477	1.8785469227889	1.26807237396413	0	0	3	0.2	2.28304520240168	0.513917904293209	1.30704485936402	3.3175412623665	2.01049640300248
882	0	0	0	0.1	-0.00643139566880909	0.0974097255612042	-0.204822503908933	0.178325868114286	0.383148372023219	0	0	0	0.2	0.0418327523841225	0.236152634950766	-0.403961031653193	0.526070833631878	0.930031865285071	0	0	1	0.1	0.259112006970997	0.165245445434296	-0.0545243219352959	0.586360195621425	0.640884517556721	0	0	1	0.2	0.954363276875862	0.40163430838777	0.226506681208236	1.79032037928244	1.5638136980742	0	0	2	0.1	0.849055368450511	0.238738373083991	0.447762587788524	1.35452778550361	0.906765197715084	0	0	2	0.2	1.77428401349192	0.410663853994498	1.07471828024456	2.64054214974339	1.56582386949884	0	0	3	0.1	1.20510081595126	0.276495556883095	0.743632874556802	1.79871735266477	1.05508447810796	0	0	3	0.2	2.17882140048306	0.435400057727297	1.41861675976814	3.09590289393055	1.67728613416241
891	0	0	0	0.1	0.186082441955462	0.111157116975284	-0.0206517901351978	0.399597088778144	0.420248878913342	0	0	0	0.2	0.347919055336064	0.233626822564857	-0.103152370633509	0.80914809795498	0.912300468588488	0	0	1	0.1	0.132968038046731	0.10889414749065	-0.0896244618869379	0.352922881012792	0.44254734289973	0	0	1	0.2	0.419439469369441	0.25164945781337	-0.0769967908258441	0.932346149695713	1.00934294052156	0	0	2	0.1	0.448624148746568	0.150732410731869	0.175590212652634	0.784839958737166	0.609249746084532	0	0	2	0.2	1.06450839512375	0.312149318019633	0.518274363229282	1.73316430014891	1.21488993691962	0	0	3	0.1	0.772976603886057	0.203696349358053	0.426396158636376	1.22409889699868	0.797702738362307	0	0	3	0.2	1.58297576553668	0.387960284656523	0.920752818859251	2.41978435669531	1.49903153783606
878	0	0	0	0.1	0.0361541927141684	0.0585509912058356	-0.0834676962555477	0.148033542040832	0.23150123829638	0	0	0	0.2	0.0588360856478425	0.116215822118826	-0.195238380129777	0.280351530028191	0.475589910157968	0	0	1	0.1	0.108844873416692	0.0673622868971148	-0.019436310630776	0.249266252095183	0.268702562725958	0	0	1	0.2	0.305805137999258	0.165044151517186	0.0179238370561997	0.674108336882274	0.656184499826074	0	0	2	0.1	0.409121155277687	0.136858080436427	0.194553073735086	0.728568652203128	0.534015578468042	0	0	2	0.2	0.980060967662377	0.307000914175205	0.490356587227342	1.71315010755979	1.22279352033245	0	0	3	0.1	0.782862805593481	0.222896310964187	0.445866303777512	1.3355156187801	0.88964931500259	0	0	3	0.2	1.68079547630368	0.433235880193005	0.982933584614183	2.61013332287497	1.62719973826079
890	0	0	0	0.1	0.112554668861123	0.0600581139358226	-0.00485637018362214	0.232775374722691	0.237631744906314	0	0	0	0.2	0.259542061045463	0.150683508099023	-0.025107265211297	0.570917548464239	0.596024813675536	0	0	1	0.1	0.183548090292096	0.108249448642222	-0.0255243887863276	0.399982996212669	0.425507384998997	0	0	1	0.2	0.537067618505643	0.270451397845921	0.00388197335237011	1.10092660123569	1.09704462788332	0	0	2	0.1	0.466808992103852	0.158796387654039	0.146222114400099	0.790496150826535	0.644274036426436	0	0	2	0.2	1.03662464994391	0.311917584610594	0.398497810213958	1.63035279343345	1.2318549832195	0	0	3	0.1	0.712937353113721	0.200580464731784	0.334052301575902	1.10055910767217	0.766506806096267	0	0	3	0.2	1.37280797374633	0.359899985525709	0.675022879763509	2.06059667560697	1.38557379584346
875	0	0	0	0.1	0.0327052837558569	0.0633278730088883	-0.0963466876656448	0.150803035572475	0.24714972323812	0	0	0	0.2	0.0075903535502898	0.167250249128869	-0.34624278556173	0.307651480445731	0.653894266007461	0	0	1	0.1	0.0500647384369839	0.15722359883567	-0.284183252419676	0.384386263228533	0.66856951564821	0	0	1	0.2	0.374281925020971	0.442279189590592	-0.411310505500191	1.30477167800564	1.71608218350583	0	0	2	0.1	0.5667071543157	0.272013477834502	0.0849619974199408	1.13521866777232	1.05025667035238	0	0	2	0.2	1.30011141770854	0.46740542629543	0.413864028255503	2.22913896274713	1.81527493449163	0	0	3	0.1	0.950737706724216	0.315577098735448	0.365075410417095	1.62843911787493	1.26336370745784	0	0	3	0.2	1.69505799124308	0.500193916416624	0.747140742428919	2.75350436767928	2.00636362525036
903	0	0	0	0.1	0.0803129446260259	0.0594206659522042	-0.0428116553918603	0.188908492029272	0.231720147421132	0	0	0	0.2	0.100164920688738	0.184279101244896	-0.299853002811076	0.434712847434191	0.734565850245267	0	0	1	0.1	0.00860209183480163	0.181914401970434	-0.371216485110908	0.31936347417111	0.690579959282017	0	0	1	0.2	0.397221250688265	0.409266430984897	-0.366973574982035	1.18749415003412	1.55446772501616	0	0	2	0.1	0.579030860713744	0.245101361265401	0.126441382758366	1.10195677292563	0.975515390167268	0	0	2	0.2	1.29789452112575	0.406691050671976	0.542364299719427	2.11968722813425	1.57732292841482	0	0	3	0.1	0.968443101757207	0.266927803076623	0.494827333148642	1.4939450703799	0.999117737231257	0	0	3	0.2	1.74925260174035	0.417182531086978	0.992850343693053	2.57696745117718	1.58411710748412
896	0	0	0	0.1	0.108226355862461	0.0637022987020904	-0.0219418260036112	0.227438510935491	0.249380336939102	0	0	0	0.2	0.212871339663372	0.166331571241661	-0.11310821628427	0.552080360547308	0.665188576831578	0	0	1	0.1	0.191049755265651	0.112354255277985	-0.0165397294656252	0.421339645805064	0.437879375270689	0	0	1	0.2	0.623709253318463	0.292598933814465	0.110111804316936	1.23220263427134	1.12209082995441	0	0	2	0.1	0.622275717811512	0.188598685318556	0.300306722363112	1.03372979088868	0.733423068525565	0	0	2	0.2	1.42145599753619	0.374615521460498	0.762932765095919	2.17747908736703	1.41454632227111	0	0	3	0.1	0.99365714473655	0.257638904052478	0.564373681814434	1.5593467161329	0.994973034318467	0	0	3	0.2	1.99448063357061	0.452104747002212	1.22720148431384	2.92021175685619	1.69301027254235
884	0	0	0	0.1	0.0341665810065916	0.0721953523695007	-0.109930395768258	0.172665518870599	0.282595914638857	0	0	0	0.2	0.0557504534863301	0.158922277721922	-0.262454892409843	0.375075372367097	0.63753026477694	0	0	1	0.1	0.100172071149269	0.0847086743267487	-0.0774467638570572	0.260247143466571	0.337693907323628	0	0	1	0.2	0.318814067237292	0.194874288297546	-0.0645894230023754	0.687135722534586	0.751725145536962	0	0	2	0.1	0.412618000380925	0.122201809026071	0.17835393044148	0.660787619228267	0.482433688786787	0	0	2	0.2	0.947683795236156	0.256757614367373	0.481318974614309	1.50195676406501	1.0206377894507	0	0	3	0.1	0.721776377467427	0.177665651998524	0.41211902683533	1.11679953927356	0.704680512438231	0	0	3	0.2	1.44943679000447	0.334300148278767	0.882539286974304	2.17426306648127	1.29172377950696
900	0	0	0	0.1	0.323371947431736	0.104016030129114	0.1471745255025	0.544601578170652	0.397427052668152	0	0	0	0.2	0.756265430380413	0.257490308170381	0.308794532335067	1.29082600324178	0.982031470906714	0	0	1	0.1	0.227556495097277	0.148905963524583	-0.0670838412938412	0.546190284827336	0.613274126121177	0	0	1	0.2	0.588654316853727	0.344946295712989	-0.0644755074184905	1.32128689402385	1.38576240144234	0	0	2	0.1	0.442070907332443	0.186199643857848	0.090427460329583	0.856827228466687	0.766399768137104	0	0	2	0.2	0.970245604914286	0.339641043625606	0.352096666707403	1.73765193003247	1.38555526332507	0	0	3	0.1	0.660715405331806	0.197705900825447	0.311019530457137	1.08302832611042	0.772008795653282	0	0	3	0.2	1.29082799931512	0.34934941973843	0.648546098155182	2.01552052114819	1.36697442299301
897	0	0	0	0.1	0.17701197761128	0.0612979214412891	0.0692487377516671	0.305666141774755	0.236417404023088	0	0	0	0.2	0.466035250888395	0.170335303033017	0.160814969010464	0.829539224809953	0.668724255799489	0	0	1	0.1	0.371084987377301	0.118986813020506	0.160255898573939	0.620662274569013	0.460406375995074	0	0	1	0.2	0.906910950429889	0.284578715987228	0.4177234627407	1.52239279291949	1.10466933017879	0	0	2	0.1	0.655840730280106	0.165555358303801	0.389337143695616	1.04562235042831	0.656285206732698	0	0	2	0.2	1.35598478852164	0.315821618947222	0.859001575749141	2.09289098080313	1.23388940505399	0	0	3	0.1	0.854373038061916	0.19433103997187	0.555660310133122	1.32069877779435	0.765038467661233	0	0	3	0.2	1.61920650714474	0.338869573529346	1.07408206400779	2.42407440262763	1.34999233861985
899	0	0	0	0.1	0.0253229064219455	0.0643986599600829	-0.1035761000223	0.152457452545224	0.256033552567524	0	0	0	0.2	0.0427607309238704	0.150044658786131	-0.245243010144847	0.337935390923228	0.583178401068074	0	0	1	0.1	0.162058888171732	0.123740329732847	-0.0586370954820049	0.443732866602717	0.502369962084722	0	0	1	0.2	0.677880856074242	0.370974159598321	0.0536756808993534	1.50392503121568	1.45024935031633	0	0	2	0.1	0.766806877055238	0.270433364721136	0.28022131545527	1.37397873277132	1.09375741731605	0	0	2	0.2	1.7176546253095	0.495952811788519	0.769587099794939	2.76442395451092	1.99483685471598	0	0	3	0.1	1.25243759285635	0.358478296158345	0.597145413741229	2.00768694632658	1.41054153258535	0	0	3	0.2	2.37027708448417	0.568226714864117	1.29881288345519	3.52022887737847	2.22141599392329
894	0	0	0	0.1	0.0405960616759552	0.0593236891537553	-0.0775156270922208	0.160263540245681	0.237779167337902	0	0	0	0.2	0.105366630549969	0.132461752933823	-0.154608189779512	0.377946209841986	0.532554399621498	0	0	1	0.1	0.261178373711643	0.126708748635322	0.0263299610222639	0.530279017620225	0.503949056597961	0	0	1	0.2	0.851603811549908	0.402840311355685	0.182988639397362	1.75486148542241	1.57187284602505	0	0	2	0.1	0.82774193880687	0.284246232516552	0.326526678000672	1.4533961707977	1.12686949279703	0	0	2	0.2	1.96832416239712	0.566686642272321	0.846901447670889	3.07397131510207	2.22706986743118	0	0	3	0.1	1.38251875852294	0.389121689043697	0.643142104136461	2.15995828133004	1.51681617719358	0	0	3	0.2	2.69586660963084	0.632797880015092	1.43631272062209	3.92218795208491	2.48587523146281
898	0	0	0	0.1	0.168801210255771	0.0880678519819205	0.00572197736857352	0.351623146708646	0.345901169340072	0	0	0	0.2	0.434258460298059	0.233484646547258	0.00787369025188636	0.931764416497794	0.923890726245907	0	0	1	0.1	0.299614664762468	0.137178146693485	0.0502649934878784	0.580168989344958	0.529903995857079	0	0	1	0.2	0.906863045042595	0.362095490090392	0.275156786895226	1.66447906809979	1.38932228120457	0	0	2	0.1	0.73294871019674	0.224977921952892	0.330860686880048	1.19662987767295	0.865769190792901	0	0	2	0.2	1.60534065304256	0.432466798891438	0.815768932601696	2.49856552549281	1.68279659289112	0	0	3	0.1	1.09303291872371	0.29439435969247	0.611892082577102	1.71411754208485	1.10222545950775	0	0	3	0.2	2.07510549975773	0.489758761028739	1.26237245434862	3.08205999301894	1.81968753867032
889	0	0	0	0.1	0.0863178420727867	0.0707178944569494	-0.0593176239037009	0.218264262401559	0.27758188630526	0	0	0	0.2	0.153950541134237	0.200331161002102	-0.245118389558924	0.545127432113128	0.790245821672052	0	0	1	0.1	0.0352764025569006	0.132328031197609	-0.240924616093719	0.277523471046477	0.518448087140195	0	0	1	0.2	0.165452893279875	0.281673838894616	-0.417361001387828	0.71595076777767	1.1333117691655	0	0	2	0.1	0.271353248610822	0.150757999976819	-0.027676498591788	0.581710835681483	0.609387334273271	0	0	2	0.2	0.688732275781048	0.294004703003671	0.110319317542637	1.28066674469414	1.17034742715151	0	0	3	0.1	0.547059955440446	0.171253232187219	0.221096755846466	0.897947919594939	0.676851163748473	0	0	3	0.2	1.15603630769516	0.328833468222564	0.520567101875662	1.82731515108835	1.30674804921269
917	0	0	0	0.1	0.194078197019114	0.0641447839768151	0.0741623408247756	0.328636005477036	0.25447366465226	0	0	0	0.2	0.468027048690747	0.198016203007631	0.108154181453946	0.933469900153226	0.82531571869928	0	0	1	0.1	0.356073280578873	0.152538585153853	0.0831547880499239	0.694986901782469	0.611832113732545	0	0	1	0.2	1.25436653375012	0.488845269973202	0.444128150723996	2.30679811356238	1.86266996283838	0	0	2	0.1	1.05615944337844	0.290439992963406	0.561352909767306	1.6715448818615	1.11019197209419	0	0	2	0.2	2.27008406387374	0.4726128648347	1.41268184977364	3.24245265226172	1.82977080248807	0	0	3	0.1	1.52948947235614	0.323403282060593	0.967778473740039	2.18449490835612	1.21671643461608	0	0	3	0.2	2.76649213961795	0.486499053875472	1.87063696402649	3.76073914202508	1.89010217799859
924	0	0	0	0.1	0.159516741093899	0.0745262822585997	0.0326017236701911	0.321019401636693	0.288417677966502	0	0	0	0.2	0.3921211417131	0.189089379817829	0.0725386050911636	0.822244080492308	0.749705475401145	0	0	1	0.1	0.335362144417165	0.129657818364725	0.0941492020392638	0.614229024550458	0.520079822511194	0	0	1	0.2	0.986592490606131	0.340371954599568	0.378146173076931	1.74355398864392	1.36540781556699	0	0	2	0.1	0.835769338198667	0.20762527255613	0.498553862972932	1.30791615832925	0.809362295356314	0	0	2	0.2	1.80139119847309	0.381050701663019	1.14859401106943	2.61443476941813	1.4658407583487	0	0	3	0.1	1.22811595249107	0.262894204489872	0.771967784980467	1.8461623986953	1.07419461371483	0	0	3	0.2	2.30381747391034	0.435951691077426	1.51079758401359	3.25679322082244	1.74599563680885
914	0	0	0	0.1	0.140718242873083	0.0604119374396346	0.0286548467014264	0.266532992530795	0.237878145829369	0	0	0	0.2	0.305972763160728	0.147303147483256	0.0342424744639101	0.624169675878155	0.589927201414245	0	0	1	0.1	0.246274346102892	0.10849875763649	0.0472172900953194	0.474786983285762	0.427569693190443	0	0	1	0.2	0.725939516252073	0.310886469328874	0.174368771854542	1.41636033403214	1.2419915621776	0	0	2	0.1	0.684037275068363	0.197672647109358	0.354500108698585	1.12963243241756	0.775132323718978	0	0	2	0.2	1.69064681500853	0.428880755867414	0.950699700474664	2.68546286344701	1.73476316297235	0	0	3	0.1	1.19014857411205	0.283595506822528	0.739949916635356	1.88877640878558	1.14882649215023	0	0	3	0.2	2.39896538841889	0.495788614579722	1.56243784724373	3.54220606602393	1.9797682187802
913	0	0	0	0.1	0.0606911726269882	0.0697387509450926	-0.0807259684293715	0.198285099346613	0.279011067775984	0	0	0	0.2	0.110357786304849	0.168238683891254	-0.231351789515441	0.44639979139588	0.67775158091132	0	0	1	0.1	0.160139662417495	0.111482676996161	-0.03762182580248	0.404152152521709	0.441773978324189	0	0	1	0.2	0.705551288202543	0.357083972651928	0.131580253806344	1.56910417555866	1.43752392175231	0	0	2	0.1	0.867167672921971	0.266269627054784	0.449435661417551	1.53443787285984	1.08500221144229	0	0	2	0.2	2.14526587315667	0.49941041741623	1.27287114304009	3.20181880565236	1.92894766261227	0	0	3	0.1	1.55297884037881	0.370997678516385	0.940331214383066	2.36797376525911	1.42764255087604	0	0	3	0.2	3.03876197779307	0.572375902113839	1.9889015268639	4.22150425124211	2.23260272437821
893	0	0	0	0.1	0.0823952340712941	0.0627236161474344	-0.0468318726403646	0.207186682046417	0.254018554686782	0	0	0	0.2	0.146731328577465	0.141615191539009	-0.128195761099558	0.435291471111149	0.563487232210707	0	0	1	0.1	0.140250691605957	0.0996774648122118	-0.0460903038998816	0.344099901694418	0.3901902055943	0	0	1	0.2	0.44028181247634	0.250641183247825	-0.000227979301707124	1.00292282708172	1.00315080638342	0	0	2	0.1	0.53398313487733	0.183706369543531	0.201489361738697	0.946182703414994	0.744693341676296	0	0	2	0.2	1.27733297192043	0.393604818947426	0.561165080338385	2.11545103632606	1.55428595598768	0	0	3	0.1	0.974341608281696	0.296296823701646	0.459332552031515	1.65122167618651	1.191889124155	0	0	3	0.2	2.01608412385823	0.557910251902491	1.03498623772401	3.26139907087627	2.22641283315226
907	0	0	0	0.1	0.0934967604026611	0.0744270187840748	-0.0490216188243582	0.258840371270174	0.307861990094533	0	0	0	0.2	0.168290303694785	0.180965984465856	-0.178198415569402	0.553320744851612	0.731519160421014	0	0	1	0.1	0.102328203985883	0.125076862522144	-0.166640740361189	0.352127576240251	0.518768316601439	0	0	1	0.2	0.354477264217902	0.324367250736212	-0.273068158227647	1.05323234920153	1.32630050742918	0	0	2	0.1	0.409796101742799	0.179104624020779	0.0703171681320959	0.777860285738274	0.707543117606179	0	0	2	0.2	0.894278159040356	0.322100432530282	0.28227495209865	1.51969567609485	1.2374207239962	0	0	3	0.1	0.657890428426689	0.196554180827168	0.304272158052668	1.06693362041699	0.762661462364319	0	0	3	0.2	1.20009732794628	0.322874093155905	0.632051567689507	1.84930057299452	1.21724900530501
923	0	0	0	0.1	0.0663719041992332	0.0519585291390085	-0.0359929040272302	0.171629128933472	0.207622032960702	0	0	0	0.2	0.0968145773126688	0.117785630445491	-0.142772760899689	0.335547521470911	0.478320282370599	0	0	1	0.1	0.0630321076029365	0.083648737212934	-0.110879765813617	0.21379779104845	0.324677556862067	0	0	1	0.2	0.192512332835079	0.223651504309544	-0.257280265428589	0.62830739647696	0.885587661905548	0	0	2	0.1	0.348630064382379	0.158336486158641	0.061846310524396	0.66997557635302	0.608129265828624	0	0	2	0.2	0.862756446615823	0.342856017744098	0.220340882922995	1.55747936508969	1.33713848216669	0	0	3	0.1	0.729813389354017	0.235613223163772	0.326298162442306	1.22638757259472	0.900089410152413	0	0	3	0.2	1.45172361142915	0.417229215758931	0.715729392196412	2.33812849218757	1.62239909999116
906	0	0	0	0.1	-0.0624346303301348	0.105882678963515	-0.288109502566042	0.137057084461296	0.425166587027338	0	0	0	0.2	-0.0830373408894258	0.242159113596626	-0.553309639638277	0.378284843884224	0.9315944835225	0	0	1	0.1	0.0771109289723	0.127753652759815	-0.164703090834997	0.348778677623467	0.513481768458465	0	0	1	0.2	0.462362385180034	0.304088938760159	-0.0489591036021267	1.13848670636907	1.1874458099712	0	0	2	0.1	0.46903926283027	0.174011903499161	0.178215374281229	0.881473565747262	0.703258191466034	0	0	2	0.2	1.07713128817866	0.344312949195813	0.493482522021948	1.82565538428148	1.33217286225953	0	0	3	0.1	0.69389981356872	0.204407387263107	0.360932411822196	1.14537358508077	0.784441173258578	0	0	3	0.2	1.37985114873926	0.372623833081505	0.73875382409096	2.15215819809487	1.41340437400391
908	0	0	0	0.1	0.218147057671218	0.0832206835972952	0.0688930804191909	0.381957890026735	0.313064809607544	0	0	0	0.2	0.519917447975974	0.241327404029772	0.0969671227220924	1.02299251527311	0.926025392551015	0	0	1	0.1	0.290520423073986	0.16676938436822	-0.0230545964654494	0.634589478990229	0.657644075455678	0	0	1	0.2	0.932928553582455	0.419066966044356	0.189842793311571	1.79612353075178	1.60628073744021	0	0	2	0.1	0.806150285900425	0.249269042647376	0.384531933382414	1.37150016885071	0.986968235468292	0	0	2	0.2	1.5786156019267	0.396242424952616	0.895301302366509	2.4128618959451	1.51756059357859	0	0	3	0.1	1.0806824906054	0.265932392044298	0.632875610624677	1.70644263984923	1.07356702922455	0	0	3	0.2	1.90111741201241	0.40870476901048	1.19816433294828	2.78419340516944	1.58602907222116
911	0	0	0	0.1	0.221085987998264	0.0787843327963829	0.0649719087242145	0.380736255586869	0.315764346862655	0	0	0	0.2	0.441167220667994	0.178246084421283	0.100567297709057	0.801537583721569	0.700970286012512	0	0	1	0.1	0.261430797958381	0.0935911104282286	0.0918438104317973	0.438753638729905	0.346909828298108	0	0	1	0.2	0.63857415266231	0.238562165150876	0.22583021430172	1.15912647368541	0.933296259383688	0	0	2	0.1	0.572118335984194	0.167466839292096	0.30206112006204	0.935879528376761	0.633818408314721	0	0	2	0.2	1.29506535601715	0.355252713555259	0.702756840495831	2.04761873799518	1.34486189749935	0	0	3	0.1	0.946088119740774	0.253919939208523	0.537427875017515	1.49542286641623	0.95799499139871	0	0	3	0.2	1.93618960083608	0.468375773161521	1.13922332905037	2.9610871450774	1.82186381602703
905	0	0	0	0.1	0.129815364312904	0.0703248796044694	-0.00646171974416936	0.267275473125377	0.273737192869547	0	0	0	0.2	0.270850558954559	0.163816726606592	-0.0443398127371173	0.603827917184472	0.64816772992159	0	0	1	0.1	0.201013151666217	0.0958876244684391	0.0242209482129789	0.402873362519406	0.378652414306427	0	0	1	0.2	0.574334438442395	0.2433350632612	0.148343179436624	1.13587111287912	0.987527933442492	0	0	2	0.1	0.572866253869653	0.174559309827135	0.282285515063458	0.95085070396202	0.668565188898562	0	0	2	0.2	1.34070840850845	0.378197333293156	0.705322617442472	2.12183210052813	1.41650948308566	0	0	3	0.1	0.98400048096406	0.271973582745877	0.533867815517735	1.57284819124943	1.0389803757317	0	0	3	0.2	1.98912848149457	0.48553369381199	1.11676422228374	2.94748452817487	1.83072030589114
910	0	0	0	0.1	-0.17366609365875	0.103681250843704	-0.404603073370651	0.00791595007051483	0.412519023441166	0	0	0	0.2	-0.330322842686463	0.214814430062023	-0.76249529771178	0.0797639989066866	0.842259296618467	0	0	1	0.1	-0.00796222252413852	0.122528787207003	-0.235333460223239	0.226783270937207	0.462116731160447	0	0	1	0.2	0.252772900951184	0.27081765390349	-0.239081739765968	0.808537281440711	1.04761902120668	0	0	2	0.1	0.430552625122067	0.155135685045614	0.159808237986048	0.746224170279567	0.586415932293519	0	0	2	0.2	1.02123420763022	0.302140231732371	0.492982379950601	1.65350996535743	1.16052758540683	0	0	3	0.1	0.728642201910684	0.18889531929327	0.409982703356065	1.15404998516843	0.744067281812367	0	0	3	0.2	1.44799754706395	0.342760727831003	0.847918862335819	2.20689986706861	1.35898100473279
922	0	0	0	0.1	0.0613274994007922	0.0555543906151538	-0.0538090299119262	0.168056006836161	0.221865036748087	0	0	0	0.2	0.118282046069037	0.130913851456494	-0.139982588478571	0.37760874479161	0.517591333270181	0	0	1	0.1	0.149608039480204	0.0951777983225785	-0.0279075512899964	0.341206786427889	0.369114337717885	0	0	1	0.2	0.516138445864507	0.273182381691073	0.0334653525165906	1.08721590410159	1.053750551585	0	0	2	0.1	0.606772392984566	0.183981647624719	0.307777288105944	1.01270637062643	0.704929082520485	0	0	2	0.2	1.38255542323022	0.352174732775811	0.790613851250328	2.14515205593233	1.354538204682	0	0	3	0.1	0.988738807418071	0.232984125042381	0.596718480489813	1.48380735517453	0.887088874684718	0	0	3	0.2	1.89001978654476	0.395804852895266	1.2209132099319	2.74213850734043	1.52122529740853
912	0	0	0	0.1	0.141667325568214	0.0630783928136185	0.0250057928314998	0.268022988225018	0.243017195393518	0	0	0	0.2	0.353303568341573	0.174549966983979	0.0562967341033755	0.731364698059294	0.675067963955918	0	0	1	0.1	0.342950285636416	0.126287223224547	0.121578192737215	0.617739765354187	0.496161572616972	0	0	1	0.2	0.908381956736712	0.288159216005464	0.396966030231668	1.52593393853193	1.12896790830026	0	0	2	0.1	0.739528568556061	0.187005095711875	0.424575274241206	1.13054606717317	0.705970792931962	0	0	2	0.2	1.40125935611021	0.323262061589409	0.817672613767412	2.04516110753155	1.22748849376414	0	0	3	0.1	1.00601178904589	0.245418850741579	0.579545819903008	1.52182478648134	0.942278966578335	0	0	3	0.2	1.88598023165974	0.424584021189445	1.12161408407995	2.74105371068467	1.61943962660471
931	0	0	0	0.1	-0.00804096406329708	0.0796215289503712	-0.167700982505716	0.145188993780019	0.312889976285734	0	0	0	0.2	-0.0384287338913391	0.183032820614244	-0.397641355358647	0.329230123046174	0.726871478404821	0	0	1	0.1	0.0154809717141483	0.0959768422203885	-0.166997845192648	0.212642721752339	0.379640566944987	0	0	1	0.2	0.229997880334562	0.228821918697768	-0.201723800291464	0.718200041785965	0.919923842077429	0	0	2	0.1	0.397047001558492	0.137504740343752	0.146526983903875	0.696341377790927	0.549814393887052	0	0	2	0.2	1.04764271759416	0.308062366127788	0.479343152857246	1.70860876274226	1.22926560988502	0	0	3	0.1	0.759132799744033	0.198434077395983	0.3944146472938	1.20203906761215	0.807624420318351	0	0	3	0.2	1.5555750182401	0.376204659852531	0.858349964069593	2.38452309939907	1.52617313532948
925	0	0	0	0.1	0.0285466103343738	0.0667265687413178	-0.101571155821099	0.152220697488111	0.25379185330921	0	0	0	0.2	0.0344283318081956	0.163477061004236	-0.299744566055845	0.341628858981775	0.64137342503762	0	0	1	0.1	0.155070820884383	0.135792725924621	-0.106011698440746	0.423562155603806	0.529573854044552	0	0	1	0.2	0.76535780300122	0.416851905403431	0.0474235232300548	1.67748028111325	1.6300567578832	0	0	2	0.1	0.946965675024567	0.296665471542355	0.463066650492647	1.63780763925814	1.17474098876549	0	0	2	0.2	2.1685024711689	0.515921141868653	1.26116358546925	3.25963321316343	1.99846962769418	0	0	3	0.1	1.56050473713922	0.371788655581215	0.919311158582475	2.3453747757543	1.42606361717183	0	0	3	0.2	2.83085708190393	0.576708733304824	1.79259192979126	4.04804066028951	2.25544873049825
904	0	0	0	0.1	0.068314511249098	0.0738474789508001	-0.0845433004447143	0.215813199046658	0.300356499491372	0	0	0	0.2	0.04830126800064	0.168387554870141	-0.295415792239356	0.374008542870696	0.669424335110051	0	0	1	0.1	0.0129809236767585	0.100550579433478	-0.190970576394471	0.193614054493286	0.384584630887758	0	0	1	0.2	0.159088422575116	0.224320034494024	-0.274317877843589	0.607690000509863	0.882007878353452	0	0	2	0.1	0.356700223876876	0.130916945258533	0.113556766464213	0.649052983469454	0.535496217005241	0	0	2	0.2	0.914988642473134	0.286250060128727	0.414538242826138	1.54247085447907	1.12793261165293	0	0	3	0.1	0.680961763912262	0.179839811296095	0.373463854131442	1.04468924378466	0.67122538965322	0	0	3	0.2	1.37830906874413	0.332776608677423	0.788973615069016	2.05381626345902	1.26484264839001
909	0	0	0	0.1	0.141692712432638	0.0869759792091774	-0.0299135511685322	0.314312963375733	0.344226514544265	0	0	0	0.2	0.253001854338345	0.197915377667053	-0.128414198807138	0.630767560106468	0.759181758913606	0	0	1	0.1	0.139929317509615	0.11172316407589	-0.0678271077831858	0.356869390453878	0.424696498237064	0	0	1	0.2	0.428709830311724	0.253403245995977	-0.0242172618885246	0.960055848152534	0.984273110041058	0	0	2	0.1	0.441420841016196	0.154693363241733	0.170649216796886	0.780714003642925	0.610064786846039	0	0	2	0.2	1.02153856061556	0.325198633978818	0.445175599010657	1.69917523537306	1.2539996363624	0	0	3	0.1	0.700415030416296	0.208130911806805	0.349891761549394	1.15133613136292	0.801444369813523	0	0	3	0.2	1.42668127863832	0.392313817774561	0.734270071476797	2.27056629783172	1.53629622635493
915	0	0	0	0.1	0.138923920637182	0.060438321777751	0.0209233738205807	0.264007222908426	0.243083849087845	0	0	0	0.2	0.250678396990834	0.12629165048986	0.00600633652967446	0.511069430535603	0.505063094005929	0	0	1	0.1	0.175174898922211	0.0737779132650023	0.0365487934639044	0.336936523282039	0.300387729818135	0	0	1	0.2	0.442682106682926	0.184585289605294	0.104148898264894	0.846809620066866	0.742660721801972	0	0	2	0.1	0.472534796299921	0.127434741528154	0.253859084828584	0.742547973662883	0.488688888834299	0	0	2	0.2	1.10623077519497	0.28328435483036	0.624365135068938	1.7133774966621	1.08901236159316	0	0	3	0.1	0.820957170851059	0.200395091839046	0.486874640560128	1.29231587677071	0.805441236210584	0	0	3	0.2	1.73094629826905	0.399606541071784	1.04752386448595	2.60585154390808	1.55832767942213
919	0	0	0	0.1	-0.0141737937358276	0.0838236964717284	-0.186288128742097	0.143043044633957	0.329331173376054	0	0	0	0.2	0.0178203661768933	0.178243275185115	-0.344001098889349	0.375286249004162	0.719287347893511	0	0	1	0.1	0.170828927467585	0.0986132786052823	-0.0110426030592875	0.375837450160441	0.386880053219728	0	0	1	0.2	0.535685696800889	0.225968343809176	0.127731590090666	0.995100254870129	0.867368664779463	0	0	2	0.1	0.528007414007041	0.13561565545403	0.289831353669656	0.820194865727053	0.530363512057397	0	0	2	0.2	1.1521189244845	0.265961909985367	0.678292593775365	1.69158307493466	1.01329048115929	0	0	3	0.1	0.757866502059591	0.161557031254475	0.473615277195768	1.09801934489143	0.624404067695657	0	0	3	0.2	1.48870863338263	0.297792079149107	0.958064488544738	2.08411102839777	1.12604653985304
920	0	0	0	0.1	0.0200951283132716	0.0605457755552474	-0.103869802250507	0.134806580389013	0.238676382639521	0	0	0	0.2	-0.0219548700935	0.153469825757545	-0.337022128189639	0.267105104267526	0.604127232457165	0	0	1	0.1	0.00929123049395177	0.116613690828052	-0.203837694658663	0.251109713373634	0.454947408032297	0	0	1	0.2	0.146124379034723	0.285451169418197	-0.368322308577691	0.75211658971746	1.12043889829515	0	0	2	0.1	0.33664634646336	0.164252573265457	0.0501293993151663	0.683827708457797	0.63369830914263	0	0	2	0.2	0.783244285175687	0.318343421103563	0.220586552614097	1.45128433190756	1.23069777929346	0	0	3	0.1	0.550668404610538	0.191674046118191	0.231257863691816	0.982772829718626	0.75151496602681	0	0	3	0.2	1.05260559927156	0.341196677647831	0.457369154151229	1.78541943396335	1.32805027981212
921	0	0	0	0.1	0.0509226818428781	0.0712621076672636	-0.0888315747327926	0.188886067540599	0.277717642273392	0	0	0	0.2	0.0898964929224738	0.161358810483116	-0.228832330132004	0.419148769135363	0.647981099267367	0	0	1	0.1	0.154781075831163	0.111044353786019	-0.0340759958474233	0.384258458557409	0.418334454404832	0	0	1	0.2	0.598046283985719	0.35510732689587	0.0782981887065797	1.47580524366323	1.39750705495665	0	0	2	0.1	0.738554882731661	0.276702245280043	0.348096515581388	1.42022576493538	1.072129249354	0	0	2	0.2	1.87899464450377	0.56994602406258	0.960834848904834	3.16863305362396	2.20779820471912	0	0	3	0.1	1.32962466341145	0.393499084078791	0.714390061191194	2.2120375723316	1.4976475111404	0	0	3	0.2	2.69835111180503	0.642012626952503	1.61375120071756	4.08827605289688	2.47452485217932
930	0	0	0	0.1	0.151929075905559	0.0688672898096135	0.03079579943571	0.298504677511665	0.267708878075955	0	0	0	0.2	0.473426100199336	0.225048264577414	0.0931457633916178	0.985145292081378	0.891999528689761	0	0	1	0.1	0.379055755293579	0.147307442375896	0.109924717198419	0.698744135231102	0.588819418032683	0	0	1	0.2	1.08856424254454	0.380247135571742	0.442122491325291	1.87071750174188	1.42859501041658	0	0	2	0.1	0.727299222894476	0.198898912433221	0.379037088904275	1.14627768938868	0.7672406004844	0	0	2	0.2	1.42963311096985	0.352481511415532	0.785553222014777	2.15505757447092	1.36950435245614	0	0	3	0.1	0.917994994025309	0.230471603483217	0.50795362971414	1.41246161126171	0.904507981547574	0	0	3	0.2	1.61045241710028	0.381830669862211	0.946797111931911	2.42530906830824	1.47851195637633
916	0	0	0	0.1	0.11915847566624	0.0720225255377475	-0.0123309697962148	0.262600005179771	0.274930974975986	0	0	0	0.2	0.306028562846119	0.18015829325913	-0.0129229575601681	0.668695612439011	0.681618569999179	0	0	1	0.1	0.281474345351931	0.138574036438587	0.0233765587747585	0.563032192198005	0.539655633423247	0	0	1	0.2	0.880927269849429	0.388613051004755	0.176209673540026	1.69341642259139	1.51720674905136	0	0	2	0.1	0.754838791265476	0.284995137386314	0.244928323264959	1.35345440118806	1.1085260779231	0	0	2	0.2	1.63926683450112	0.54298498500818	0.642155536731203	2.69285412141125	2.05069858468005	0	0	3	0.1	1.12312243053412	0.384068456634195	0.454032134113358	1.90672959100548	1.45269745689212	0	0	3	0.2	2.15669489921432	0.635603145664433	0.968071504445041	3.35413400094079	2.38606249649575
918	0	0	0	0.1	0.21602289993973	0.0911491687969884	0.0527332858795433	0.402646496469531	0.349913210589988	0	0	0	0.2	0.445924399582917	0.191829115144167	0.0965969170391031	0.847820189995665	0.751223272956562	0	0	1	0.1	0.276958361536837	0.0939173941819865	0.0944911736856052	0.474365520005831	0.379874346320226	0	0	1	0.2	0.622707640705139	0.20098136950154	0.234198138822797	1.06644332091061	0.832245182087815	0	0	2	0.1	0.464325768588399	0.119754889722585	0.25397971229779	0.736525470106706	0.482545757808916	0	0	2	0.2	0.968486124841342	0.239859718063822	0.527562803398841	1.48447960011272	0.95691679671388	0	0	3	0.1	0.622177331096565	0.151518862168751	0.349961906820333	0.956556188323287	0.606594281502954	0	0	3	0.2	1.25415618074919	0.295865758022924	0.716066156010754	1.87999418851428	1.16392803250352
929	0	0	0	0.1	-0.000500459992449102	0.0748644684843335	-0.148293609655082	0.139735006214577	0.28802861586966	0	0	0	0.2	0.00456102887008243	0.171936211634078	-0.319269402914346	0.346412763409305	0.66568216632365	0	0	1	0.1	0.191117769864226	0.116750748203351	-0.0273429241274089	0.441490078979881	0.46883300310729	0	0	1	0.2	0.730467632060513	0.323489768955763	0.155735286684727	1.46910386252873	1.31336857584401	0	0	2	0.1	0.805606686800539	0.228670097888176	0.428035026377511	1.33574323041033	0.907708204032822	0	0	2	0.2	1.7830807557776	0.459957511367632	1.00711116520707	2.75766388961677	1.75055272440971	0	0	3	0.1	1.21042518857002	0.316432222911888	0.673043840183397	1.89736423623348	1.22432039605009	0	0	3	0.2	2.36601770843132	0.580690049092555	1.35376620670793	3.56953548442035	2.21576927771242
928	0	0	0	0.1	0.00451224544249161	0.0616333024887473	-0.116667779515642	0.117793163261654	0.234460942777295	0	0	0	0.2	-0.00399661548814975	0.135558736810341	-0.276259004747426	0.254259136491513	0.530518141238939	0	0	1	0.1	0.0707380880251687	0.08149065696075	-0.0846574411316739	0.232371543934963	0.317028985066637	0	0	1	0.2	0.315530305032754	0.211576730603628	-0.0725803964732799	0.757122412912463	0.829702809385743	0	0	2	0.1	0.53075859180434	0.155504860783327	0.24927027306855	0.8602875092859	0.61101723621735	0	0	2	0.2	1.22757662756608	0.309928138329582	0.661988619010131	1.90147963727941	1.23949101826928	0	0	3	0.1	0.923659668636238	0.21882927386498	0.549632889583036	1.3924962623568	0.842863372773768	0	0	3	0.2	1.74858349944841	0.366753903923423	1.08582448617187	2.56901213605924	1.48318764988737
927	0	0	0	0.1	0.0270062416728237	0.0738832072111864	-0.123478697379282	0.167762499359719	0.291241196739001	0	0	0	0.2	0.0570332304950141	0.152296632653741	-0.264949568316882	0.370030584000847	0.634980152317729	0	0	1	0.1	0.0805019748365763	0.0952942611224376	-0.109535873357093	0.266921146300087	0.37645701965718	0	0	1	0.2	0.258474923074212	0.229273165957629	-0.186622333368892	0.723313461770358	0.90993579513925	0	0	2	0.1	0.350865262408207	0.13766064782678	0.099086611770992	0.651017686909695	0.551931075138703	0	0	2	0.2	0.955778912530054	0.333818893255142	0.381071951103594	1.70311597415286	1.32204402304927	0	0	3	0.1	0.721474105320657	0.20947904215817	0.378888439978908	1.21068964752618	0.831801207547271	0	0	3	0.2	1.6307750905769	0.441863226837052	0.88508317110143	2.58766187816007	1.70257870705864
926	0	0	0	0.1	0.140115230658712	0.0491372302251349	0.0496528007306793	0.236816432101578	0.187163631370899	0	0	0	0.2	0.305111066426777	0.120955837666732	0.0844784716412441	0.555387167233432	0.470908695592188	0	0	1	0.1	0.221103875856281	0.0902312854247063	0.0539117101401452	0.406279713417068	0.352368003276923	0	0	1	0.2	0.570981966324453	0.224215963361448	0.158404389284854	1.03555367289015	0.877149283605298	0	0	2	0.1	0.459877396953269	0.134477751198214	0.204558030422794	0.739976784040559	0.535418753617765	0	0	2	0.2	1.08000778796445	0.295779389996497	0.553213154306802	1.71423226565686	1.16101911135005	0	0	3	0.1	0.697314334902401	0.18585081922741	0.386349041908565	1.10181309520561	0.715464053297041	0	0	3	0.2	1.4654803892809	0.383470448539485	0.78733991740101	2.26463867427718	1.47729875687617
934	0	0	0	0.1	0.0300572479789328	0.0627902510772013	-0.0994575731525578	0.144355217708572	0.243812790861129	0	0	0	0.2	0.0616775090404538	0.151395807663394	-0.257643109967111	0.350371896712419	0.608015006679531	0	0	1	0.1	0.0932182290964617	0.111500936480285	-0.12940901892866	0.307175899849319	0.436584918777979	0	0	1	0.2	0.552144317227029	0.396998050971109	-0.111308527449865	1.44709813000153	1.55840665745139	0	0	2	0.1	0.795153308532848	0.30193155238566	0.322827383399305	1.49440744262958	1.17158005923028	0	0	2	0.2	2.21314531934994	0.577161678979254	1.16125911723443	3.40357485035908	2.24231573312465	0	0	3	0.1	1.68621524035488	0.421970655894956	0.95836010883794	2.58658959719657	1.62822948835863	0	0	3	0.2	3.18671022364434	0.587012701558664	2.161242036707	4.358234687924	2.19699265121699
941	0	0	0	0.1	0.0831479684525139	0.082070256451281	-0.0816670976938888	0.255320305224904	0.336987402918793	0	0	0	0.2	0.158702469559773	0.184407808864294	-0.182621627168086	0.536356056240265	0.718977683408351	0	0	1	0.1	0.193287479476017	0.106870638975957	-0.0210836637629419	0.392748993748459	0.413832657511401	0	0	1	0.2	0.556863962622995	0.246824882011637	0.0894922298837265	1.05367998609363	0.964187756209906	0	0	2	0.1	0.552218606624629	0.165567245787536	0.248886840046594	0.905216341645877	0.656329501599283	0	0	2	0.2	1.21827580088615	0.334429775753672	0.611172331926476	1.90987725348703	1.29870492156055	0	0	3	0.1	0.815332814743095	0.21266612644347	0.449396516533859	1.27182069124115	0.822424174707293	0	0	3	0.2	1.63623820641008	0.390245416701164	0.963590615850288	2.47239490903518	1.50880429318489
933	0	0	0	0.1	0.190431774217391	0.10970109891966	-0.0176717864835678	0.424924559474579	0.442596345958147	0	0	0	0.2	0.581165668430319	0.310148782748169	0.028093581666367	1.24362356027851	1.21552997861214	0	0	1	0.1	0.484678081869107	0.182067356225151	0.184195385767508	0.872070491269797	0.687875105502289	0	0	1	0.2	1.29379226957919	0.381057472978074	0.652328350216225	2.09100223412471	1.43867388390849	0	0	2	0.1	0.976327422330178	0.24053412108375	0.57554188946775	1.49218948246944	0.916647593001689	0	0	2	0.2	1.93654260803738	0.413476891029613	1.2203808268275	2.7867172647057	1.5663364378782	0	0	3	0.1	1.27051823468235	0.287722532605124	0.79877036489631	1.90346598595947	1.10469562106316	0	0	3	0.2	2.36388141606689	0.486773945354366	1.52249113113126	3.41510274192522	1.89261161079396
932	0	0	0	0.1	0.0247148393528868	0.0532261136241738	-0.0886381885348557	0.122257942233288	0.210896130768144	0	0	0	0.2	0.0569221309334088	0.131329167994595	-0.229269322712287	0.308660150173268	0.537929472885555	0	0	1	0.1	0.220297730687534	0.114128719998061	0.000881557958438789	0.461375021113066	0.460493463154627	0	0	1	0.2	0.946626207537643	0.405862978645265	0.242540774529584	1.86280317405064	1.62026239952106	0	0	2	0.1	0.998211005387286	0.275552805025129	0.50720861403017	1.58706628549856	1.07985767146839	0	0	2	0.2	2.16367216507157	0.460785367470201	1.23542777308194	3.04520412178694	1.80977634870499	0	0	3	0.1	1.50944672963411	0.334172361974491	0.88810200783964	2.18465701739946	1.29655500955982	0	0	3	0.2	2.74164457248791	0.504324292803985	1.76878041651691	3.69606881962363	1.92728840310672
936	0	0	0	0.1	0.0473913351901433	0.0708634605411477	-0.100857338177625	0.184311991342049	0.285169329519674	0	0	0	0.2	0.0553212756712448	0.180152231035546	-0.336733801697922	0.378374293502479	0.715108095200401	0	0	1	0.1	0.0694277581702324	0.123789941653046	-0.206265604703111	0.31443831842929	0.520703923132401	0	0	1	0.2	0.42540390808975	0.36416496905071	-0.299034432536184	1.17545553105432	1.4744899635905	0	0	2	0.1	0.595443026156026	0.237583468054725	0.150354596591637	1.10215828962538	0.951803693033742	0	0	2	0.2	1.56858955869165	0.502835602891101	0.652309242927413	2.61299133053237	1.96068208760495	0	0	3	0.1	1.09780897022314	0.32156399969288	0.537459395421009	1.81536197993765	1.27790258451664	0	0	3	0.2	2.20014700659498	0.567135881023562	1.16453501273055	3.38511122893604	2.22057621620549
935	0	0	0	0.1	0.182343813178793	0.0836060581796052	0.0298470603039155	0.362721644470839	0.332874584166924	0	0	0	0.2	0.510234909995144	0.263693151591433	0.095961701774785	1.11086984435076	1.01490814257597	0	0	1	0.1	0.479636616407461	0.185981269853534	0.188149401980114	0.922435393294204	0.73428599131409	0	0	1	0.2	1.53288587645115	0.449535062837221	0.812454858105982	2.49979749286865	1.68734263476267	0	0	2	0.1	1.2593502710842	0.304963394524852	0.758584789342372	1.9503134527957	1.19172866345333	0	0	2	0.2	2.38498779227117	0.462124584879693	1.57391737921959	3.33752391639916	1.76360653717957	0	0	3	0.1	1.67114506652439	0.360798856804743	1.02255200110691	2.4217570778508	1.3992050767439	0	0	3	0.2	2.82842573534097	0.52074265648488	1.86848143274352	3.94151408628771	2.07303265354418
938	0	0	0	0.1	-0.00528434963302946	0.065950128543372	-0.139474903792897	0.124975066802094	0.264449970594991	0	0	0	0.2	-0.0784837447555448	0.145910953217812	-0.400535363877545	0.188081759746661	0.588617123624205	0	0	1	0.1	0.00554458824030507	0.100352313639296	-0.211915872956161	0.205740101993645	0.417655974949806	0	0	1	0.2	0.116658692016344	0.253250017662799	-0.4028820616675	0.650284182364875	1.05316624403237	0	0	2	0.1	0.355901673571186	0.165179374066657	0.0527283701184384	0.706277951089811	0.653549580971372	0	0	2	0.2	0.871182206116426	0.340866254169579	0.248811733708145	1.59202125956797	1.34320952585982	0	0	3	0.1	0.67260929077641	0.208980490571544	0.306811087967319	1.12453125781084	0.817720169843524	0	0	3	0.2	1.34801676661288	0.381081480634543	0.649455028747893	2.1943072270496	1.54485219830171
939	0	0	0	0.1	-0.00452660666149458	0.0821914856187324	-0.17274709100968	0.144125720295696	0.316872811305376	0	0	0	0.2	-0.0501747821085399	0.197112498185429	-0.430989916824178	0.313959929690377	0.744949846514555	0	0	1	0.1	0.0422281831171564	0.131232440476687	-0.222286172737462	0.298934997696443	0.521221170433905	0	0	1	0.2	0.359100040269088	0.348511005195877	-0.263806849277081	1.12085198753525	1.38465883681233	0	0	2	0.1	0.564393176969947	0.248410760443498	0.162270675406405	1.14700309471803	0.98473241931162	0	0	2	0.2	1.35796427091136	0.4816122572532	0.592749596216361	2.42326784841786	1.8305182522015	0	0	3	0.1	1.04339042008714	0.347604689230752	0.543805807843408	1.87088231672917	1.32707650888576	0	0	3	0.2	2.04712345091587	0.559814905651459	1.17128196473074	3.32491247403228	2.15363050930153
937	0	0	0	0.1	0.0951724473737154	0.0818593504919852	-0.0639137576526066	0.260768825060827	0.324682582713434	0	0	0	0.2	0.18776610094729	0.165701738243161	-0.123748770859302	0.524604814630578	0.64835358548988	0	0	1	0.1	0.177772293230516	0.093377582415819	-0.0185490471426489	0.355197736351931	0.37374678349458	0	0	1	0.2	0.509166868602632	0.22914735536924	0.0687998172978681	0.988637982949837	0.919838165651969	0	0	2	0.1	0.496146111830785	0.162534123654878	0.208981443156941	0.865202145419973	0.656220702263033	0	0	2	0.2	1.13658378011239	0.357431748174505	0.519360550657523	1.90406371671694	1.38470316605941	0	0	3	0.1	0.792022085079989	0.245388023553997	0.393580349864656	1.3294559459282	0.935875596063548	0	0	3	0.2	1.68791360651584	0.491659055484159	0.875730265652004	2.72175337350897	1.84602310785697
940	0	0	0	0.1	0.0619588822970712	0.0874054800606742	-0.119592820399716	0.232969484598359	0.352562304998075	0	0	0	0.2	0.0733519697891298	0.21657824800629	-0.372075761559168	0.508945634097655	0.881021395656823	0	0	1	0.1	0.119417001756041	0.132588754099331	-0.138230394822141	0.370927280114805	0.509157674936946	0	0	1	0.2	0.46221342740172	0.286999192197777	-0.0994673483297019	1.01367918438876	1.11314653271846	0	0	2	0.1	0.53002265886598	0.173863075209558	0.196592828868892	0.879449246085724	0.682856417216832	0	0	2	0.2	1.14309974580635	0.316669157892339	0.542991799033554	1.84273797403952	1.29974617500597	0	0	3	0.1	0.832611384776535	0.202311853487266	0.480931716866949	1.28114415845952	0.800212441592573	0	0	3	0.2	1.57721336584047	0.349104012993683	0.950925966674517	2.31092117004308	1.35999520336856
943	0	0	0	0.1	0.0996799188349288	0.0620129723912641	-0.0177670479026951	0.230543773847878	0.248310821750573	0	0	0	0.2	0.215034252527971	0.157804434697744	-0.0783731358821156	0.542567657510624	0.62094079339274	0	0	1	0.1	0.285701915099292	0.117078748920533	0.0734998412926931	0.548758470507562	0.475258629214869	0	0	1	0.2	0.935486125851332	0.361028227043884	0.331026047739031	1.71378458218701	1.38275853444798	0	0	2	0.1	0.922319846288043	0.257126281807488	0.495973971051107	1.50656697962355	1.01059300857245	0	0	2	0.2	2.1324549098504	0.510837670205091	1.28193289031149	3.22888517030113	1.94695227998964	0	0	3	0.1	1.50112155333174	0.362548824817149	0.920145736716941	2.3436642433579	1.42351850664096	0	0	3	0.2	2.93008729744259	0.606824752002028	1.90042988568715	4.29942070935081	2.39899082366367
944	0	0	0	0.1	0.18365207911899	0.0782029200368769	0.0361744210950953	0.349223070290261	0.313048649195165	0	0	0	0.2	0.355860589910856	0.198062367694944	-0.0312615496762126	0.739280550159654	0.770542099835867	0	0	1	0.1	0.151469057350522	0.13847481015588	-0.139468301570786	0.435025237575192	0.574493539145977	0	0	1	0.2	0.484091180374321	0.299799847336649	-0.0824762622425339	1.12143036849172	1.20390663073425	0	0	2	0.1	0.481399193873245	0.167244174966122	0.187906228012901	0.846397674940244	0.658491446927343	0	0	2	0.2	1.10123386619149	0.322590160695328	0.529286157547672	1.78215610070847	1.2528699431608	0	0	3	0.1	0.754553692816159	0.194949837623069	0.421087088208129	1.18910869973925	0.768021611531126	0	0	3	0.2	1.51903184778631	0.354237702794352	0.888651213219553	2.27110511423624	1.38245390101668
946	0	0	0	0.1	0.151365470533005	0.106105385951163	-0.0625703207209513	0.366757159100345	0.429327479821296	0	0	0	0.2	0.27425558842715	0.247133922690779	-0.174161476153371	0.781352274381463	0.955513750534834	0	0	1	0.1	0.179521468378624	0.12469013496449	-0.0605160435028158	0.433406846404813	0.493922889907629	0	0	1	0.2	0.57840777855236	0.300195409090151	0.0120640626483878	1.22168675294246	1.20962269029407	0	0	2	0.1	0.631707134317445	0.180181239805041	0.310802765089286	1.02874313966637	0.717940374577086	0	0	2	0.2	1.47171048044199	0.360621681491125	0.837981740240379	2.22233394733988	1.3843522070995	0	0	3	0.1	1.06051753253105	0.244320529197724	0.651009117833003	1.5758093415228	0.924800223689799	0	0	3	0.2	2.0802152620909	0.429060847846208	1.34679482961283	2.99625117161433	1.6494563420015
942	0	0	0	0.1	0.0822057450612702	0.0546711334211025	-0.01868020276388	0.183685997817616	0.202366200581496	0	0	0	0.2	0.117142074309631	0.129663737285185	-0.128861947568084	0.376215170390637	0.505077117958721	0	0	1	0.1	0.0362727219808576	0.115814789195663	-0.194122578867507	0.264644792585579	0.458767371453086	0	0	1	0.2	0.288573015290008	0.324387724349023	-0.296256508262208	0.949885691646104	1.24614219990831	0	0	2	0.1	0.631215890845197	0.238219355287891	0.215267037416226	1.13840503554961	0.923137998133382	0	0	2	0.2	1.66163324160833	0.461647503013707	0.793166366284405	2.63400176445301	1.84083539816861	0	0	3	0.1	1.30758261243017	0.333493814407485	0.691277087277268	2.00872044590917	1.3174433586319	0	0	3	0.2	2.55707319105557	0.540957544096581	1.49802980943104	3.63578254952506	2.13775274009402
947	0	0	0	0.1	0.0857813561864034	0.0609392640777359	-0.0417268640091884	0.210737016544482	0.25246388055367	0	0	0	0.2	0.217629880455474	0.166280833853278	-0.110707125504039	0.556164555134538	0.666871680638577	0	0	1	0.1	0.242915168392115	0.122745952146971	0.00725097652039236	0.489752249490518	0.482501272970126	0	0	1	0.2	0.857665227458829	0.332038601186962	0.250018822985859	1.53679454416725	1.28677572118139	0	0	2	0.1	0.824632367198902	0.212070407421043	0.45452422894868	1.26893967503408	0.814415446085403	0	0	2	0.2	1.68073987882164	0.357219520022878	1.03666371682735	2.41819025715579	1.38152654032843	0	0	3	0.1	1.23492163914411	0.267837386340196	0.763488007381579	1.78114153208119	1.01765352469961	0	0	3	0.2	2.20524326428099	0.416669537250328	1.44739917668162	3.07196826201936	1.62456908533774
949	0	0	0	0.1	0.0987958748614199	0.0534843364926268	-0.0109572055145292	0.198702003547173	0.209659209061702	0	0	0	0.2	0.144465061820393	0.137365918911168	-0.125565338663645	0.409422862140447	0.534988200804092	0	0	1	0.1	0.0913156526121218	0.107973093779002	-0.123531120287593	0.304656182623079	0.428187302910672	0	0	1	0.2	0.302449136651865	0.270631433756203	-0.203604261326567	0.848966942527801	1.05257120385437	0	0	2	0.1	0.463384843943575	0.177110502523731	0.160865674088145	0.841766992703275	0.68090131861513	0	0	2	0.2	1.10173758853684	0.357158796723063	0.481473132447652	1.84044762439556	1.35897449194791	0	0	3	0.1	0.87716679621404	0.252759175330944	0.45139713106877	1.42886705351221	0.977469922443445	0	0	3	0.2	1.73049613778897	0.436053946544975	0.961374063769242	2.61037119292407	1.64899712915483
945	0	0	0	0.1	0.132202445854531	0.0808057631115864	-0.0283696285067261	0.2844829765049	0.312852605011626	0	0	0	0.2	0.254090944778932	0.199717453779734	-0.133495848225809	0.666368322735321	0.799864170961129	0	0	1	0.1	0.1846744764797	0.107699890134167	-0.0181800967147075	0.398653735039497	0.416833831754204	0	0	1	0.2	0.538454803307129	0.230799179459242	0.117416830022613	0.995829538131372	0.878412708108759	0	0	2	0.1	0.554547659965736	0.144079182827757	0.281671906253576	0.860229028261713	0.578557122008137	0	0	2	0.2	1.18241833571926	0.273261854229789	0.66018700697558	1.74354350269289	1.08335649571731	0	0	3	0.1	0.82811514674432	0.182524444833517	0.497609725160534	1.22352786258391	0.725918137423375	0	0	3	0.2	1.61554034214451	0.328717720333485	1.02271473666943	2.31051166570872	1.28779692903929
948	0	0	0	0.1	0.254274121001244	0.108806268430143	0.0668347010613441	0.495306183081532	0.428471482020188	0	0	0	0.2	0.656472135056938	0.304159442868787	0.116937795714004	1.33979439328722	1.22285659757322	0	0	1	0.1	0.286521970593155	0.156230311423766	0.00939922340184999	0.597057940325058	0.587658716923208	0	0	1	0.2	0.81923771173457	0.324056373816697	0.236400009875534	1.4746429304522	1.23824292057667	0	0	2	0.1	0.666879934532175	0.196152358456152	0.318521869041943	1.05397732368726	0.735455454645321	0	0	2	0.2	1.39994971805566	0.356485285630071	0.751965802971917	2.09671062230987	1.34474481933795	0	0	3	0.1	0.968862851652234	0.239858080250583	0.560721683546289	1.48528558106044	0.924563897514153	0	0	3	0.2	1.85534046354263	0.413122637385544	1.12681642388761	2.73554037657412	1.60872395268651
951	0	0	0	0.1	0.12067682594955	0.061671878505534	-0.000802341030037313	0.251700706830167	0.252503047860204	0	0	0	0.2	0.208933251010631	0.142510643586262	-0.0612945277342435	0.504440400871866	0.56573492860611	0	0	1	0.1	0.0780342908949575	0.105023984740055	-0.137682388084755	0.274119454205471	0.411801842290226	0	0	1	0.2	0.19335933345665	0.263794528816363	-0.31181852010515	0.720156306932303	1.03197482703745	0	0	2	0.1	0.242225064993124	0.16476188744314	-0.0647228510403713	0.568336487853572	0.633059338893943	0	0	2	0.2	0.626152395777762	0.36097716725123	-0.0309922582603065	1.35970669991565	1.39069895817596	0	0	3	0.1	0.481447461389363	0.212745775304771	0.108473112285301	0.949886937226863	0.841413824941562	0	0	3	0.2	1.07558679901424	0.426915863685993	0.333539788994866	1.97935870799144	1.64581891899657
950	0	0	0	0.1	0.0390044080161661	0.0622453863625249	-0.0845744120782143	0.156883540833134	0.241457952911348	0	0	0	0.2	0.0599946763419232	0.13473628682494	-0.198101159994945	0.325663115986943	0.523764275981888	0	0	1	0.1	0.074230817123933	0.0778622936919137	-0.0794588359226317	0.22574321952421	0.305202055446842	0	0	1	0.2	0.327397342901	0.210427362873654	-0.0659455932145978	0.772814849585845	0.838760442800443	0	0	2	0.1	0.52194547436344	0.164037331680922	0.239775081037739	0.867931161852997	0.628156080815259	0	0	2	0.2	1.30101398198102	0.352208242394503	0.652207905794002	2.02242671342171	1.37021880762771	0	0	3	0.1	1.00673148952322	0.261981291207545	0.559178135721012	1.551334045417	0.992155909695992	0	0	3	0.2	2.00861304801519	0.436451954640849	1.2166284057548	2.90640327000078	1.68977486424598
952	0	0	0	0.1	0.155691009933161	0.0677109905099802	0.0240874090532702	0.289302567153092	0.265215158099822	0	0	0	0.2	0.297176856644349	0.155019316498282	0.0120766811378755	0.616669510176146	0.604592829038271	0	0	1	0.1	0.136125641657779	0.104520844870444	-0.0626984421342314	0.358491768914597	0.421190211048828	0	0	1	0.2	0.385086800011205	0.256975782079944	-0.0670222844700417	0.945194808170881	1.01221709264092	0	0	2	0.1	0.391983296581975	0.158120727623142	0.11958268554649	0.75871166320311	0.63912897765662	0	0	2	0.2	0.988235683635478	0.351777874590021	0.378647469261372	1.78383285020319	1.40518538094182	0	0	3	0.1	0.699417806996905	0.218045662606386	0.336890645249143	1.18293120606748	0.846040560818339	0	0	3	0.2	1.54478910992803	0.449734924704927	0.778025017964374	2.51696307343785	1.73893805547348
959	0	0	0	0.1	0.228488312701803	0.0704762154295115	0.0955163150530629	0.378883532122181	0.283367217069118	0	0	0	0.2	0.507445556195982	0.176927457134198	0.19428189933608	0.900016795889294	0.705734896553214	0	0	1	0.1	0.293038467124565	0.120483284680611	0.0693350391329817	0.536648820901752	0.46731378176877	0	0	1	0.2	0.817029581590865	0.331505640741081	0.230276623303907	1.53449646624343	1.30421984293952	0	0	2	0.1	0.694788302878181	0.227763289300167	0.311419234920499	1.20244686687797	0.891027631957467	0	0	2	0.2	1.51684859928859	0.44165762556093	0.75803434343886	2.42635333934627	1.66831899590741	0	0	3	0.1	1.0900018897463	0.314801995969324	0.587860681820659	1.75943429908367	1.17157361726301	0	0	3	0.2	2.04493606136211	0.513577492964824	1.18260050646053	3.08761286512688	1.90501235866635
953	0	0	0	0.1	0.0677267866507452	0.0775939438008342	-0.0991972388011093	0.21627803343515	0.315475272236259	0	0	0	0.2	0.172225484068438	0.203973367179299	-0.225366325705325	0.588148192241844	0.813514517947169	0	0	1	0.1	0.243937199703161	0.147924480580058	-0.0111665234939058	0.572178426636038	0.583344950129944	0	0	1	0.2	0.879683159942841	0.433646447770372	0.233229104178267	1.9284590407745	1.69522993659623	0	0	2	0.1	0.849031979339902	0.275223157273208	0.437835196655744	1.48498688085522	1.04715168419948	0	0	2	0.2	1.92595428765728	0.493277535733877	1.17402857162303	3.12017157640316	1.94614300478014	0	0	3	0.1	1.41087039324399	0.357049486251085	0.862336383959741	2.34842850006646	1.48609211610672	0	0	3	0.2	2.61671762327085	0.527737363152011	1.73283468567513	3.826460009943	2.09362532426787
958	0	0	0	0.1	0.0491527393818122	0.059742308291721	-0.0696514140066238	0.162502838213339	0.232154252219963	0	0	0	0.2	0.0907239602028281	0.161651960000733	-0.221388156791666	0.406975781452435	0.628363938244101	0	0	1	0.1	0.199850808424399	0.127319586175424	-0.0410999022290574	0.452459701344528	0.493559603573585	0	0	1	0.2	0.832805788751365	0.356268645881941	0.188787930908786	1.57232352653184	1.38353559562305	0	0	2	0.1	0.873639794299103	0.253427530953693	0.4543109046255	1.42068119512274	0.96637029049724	0	0	2	0.2	1.88460539926972	0.439552115793494	1.07942799273752	2.81930852272328	1.73988052998575	0	0	3	0.1	1.32235788025006	0.32054825924106	0.759323863828657	2.03660494030972	1.27728107648106	0	0	3	0.2	2.47664046976188	0.502982865033738	1.54051655938761	3.54890597861896	2.00838941923135
961	0	0	0	0.1	-0.0308242886599867	0.0987885909408223	-0.229589943459046	0.144610969422894	0.37420091288194	0	0	0	0.2	-0.0402485955049976	0.207471179355157	-0.443728282192855	0.382850683864049	0.826578966056903	0	0	1	0.1	0.155615330575792	0.1143687955433	-0.0556680564493057	0.382036416264211	0.437704472713517	0	0	1	0.2	0.539962557959503	0.254020115979052	0.0956276704273922	1.06640195076396	0.970774280336566	0	0	2	0.1	0.574602486009804	0.153745911566733	0.307870782543158	0.893300075576817	0.585429293033659	0	0	2	0.2	1.2973911334296	0.307276949518065	0.745030962851844	1.91200049256566	1.16696952971382	0	0	3	0.1	0.91403187268234	0.206830820344346	0.548169294401032	1.35172408984104	0.803554795440005	0	0	3	0.2	1.85622980411238	0.384213249817876	1.17865673578087	2.66374418991864	1.48508745413777
955	0	0	0	0.1	0.0329509997682151	0.0568101976707226	-0.0816692337528312	0.146535004912596	0.228204238665428	0	0	0	0.2	0.103596675609098	0.133636088801328	-0.163595162611641	0.372613483416802	0.536208646028443	0	0	1	0.1	0.225982946834658	0.100535395298194	0.0496617874630687	0.441479102083945	0.391817314620876	0	0	1	0.2	0.781751221775528	0.316490569629811	0.252312165811342	1.47088647367304	1.2185743078617	0	0	2	0.1	0.748831188485213	0.213487303217764	0.39811108765137	1.22759331416874	0.829482226517368	0	0	2	0.2	1.75483165336915	0.4444343002564	0.995007910979491	2.70554929506701	1.71054138408752	0	0	3	0.1	1.17198664834178	0.292568977865827	0.686180070533344	1.81055975815473	1.12437968762138	0	0	3	0.2	2.27962455347578	0.509112231383366	1.42111834785449	3.38339284870967	1.96227450085518
954	0	0	0	0.1	0.0629952639822862	0.0882024834007748	-0.114921599311119	0.226053437520365	0.340975036831484	0	0	0	0.2	0.0778309439234324	0.218398990477597	-0.349003669764274	0.474051495488437	0.823055165252711	0	0	1	0.1	0.0389625499256501	0.148781102394183	-0.272138758952563	0.30874427880673	0.580883037759293	0	0	1	0.2	0.221911461478487	0.353982409837487	-0.495941752376103	0.931626690011278	1.42756844238738	0	0	2	0.1	0.351200180069589	0.215726186570269	-0.0402696276236743	0.831500612087457	0.871770239711131	0	0	2	0.2	0.999870444220779	0.457256523232393	0.202690460963834	2.11638348685294	1.9136930258891	0	0	3	0.1	0.753436855606613	0.276168038711398	0.298264754667486	1.44734010271323	1.14907534804574	0	0	3	0.2	1.67312494770752	0.515347143565225	0.798634342602107	2.85361566422573	2.05498132162362
957	0	0	0	0.1	0.112357725379599	0.0488199752311227	0.0168492412046246	0.208387692515476	0.191538451310852	0	0	0	0.2	0.22890011346282	0.119089642207571	0.00835189839124736	0.470052891280887	0.46170099288964	0	0	1	0.1	0.26098408969249	0.124845344836087	0.0413206075671513	0.547345588780508	0.506024981213356	0	0	1	0.2	0.857312514854101	0.391710984128735	0.202160575922501	1.78515977269995	1.58299919677745	0	0	2	0.1	0.886281684195984	0.286634177690093	0.42901620209488	1.55899221669984	1.12997601460496	0	0	2	0.2	1.92716765520272	0.496510912234098	1.03632226275107	2.94574302231294	1.90942075956187	0	0	3	0.1	1.41680121695841	0.369292219965493	0.792126118340588	2.21608363323798	1.42395751489739	0	0	3	0.2	2.57181668272025	0.554406435680649	1.58288053441927	3.72771079706757	2.1448302626483
956	0	0	0	0.1	0.165946751573349	0.0875553068125424	-0.00633318014850633	0.346364186943362	0.352697367091868	0	0	0	0.2	0.245720274695435	0.168225985111301	-0.0812131343617251	0.581046612290702	0.662259746652427	0	0	1	0.1	0.0946877792093103	0.0845067867721643	-0.0709364182124714	0.257236304831719	0.328172723044191	0	0	1	0.2	0.275726196574124	0.192249268733151	-0.0795700243420468	0.708001769555326	0.787571793897373	0	0	2	0.1	0.363770894656394	0.125795187237036	0.1476433962989	0.657472782416545	0.509829386117645	0	0	2	0.2	0.935881752469351	0.29963398896141	0.459485286791497	1.62788438842555	1.16839910163405	0	0	3	0.1	0.715712334498279	0.204738351646091	0.402608005805841	1.19537498572624	0.792766979920396	0	0	3	0.2	1.55463552565837	0.420285754323905	0.911320399917428	2.52695176910767	1.61563136919024
976	0	0	0	0.1	0.22049569384424	0.081839740996648	0.0608881620900262	0.384063037960396	0.32317487587037	0	0	0	0.2	0.406750466355802	0.173098163723374	0.0650845994834911	0.745182948710308	0.680098349226817	0	0	1	0.1	0.166181451382649	0.0986615429801861	-0.0397437616105024	0.35484787195472	0.394591633565223	0	0	1	0.2	0.414959448633192	0.220528709752873	-0.0222428079975853	0.836894354743444	0.859137162741029	0	0	2	0.1	0.384218457090481	0.129161864299337	0.143506112909884	0.646627566453185	0.503121453543301	0	0	2	0.2	0.887253682303759	0.274684927350056	0.390171577518018	1.48047624646173	1.09030466894371	0	0	3	0.1	0.621357082954925	0.171172197140776	0.325866156704773	0.993613597426034	0.667747440721261	0	0	3	0.2	1.30408028155161	0.34854381205707	0.709273755235111	2.03694116375271	1.32766740851759
964	0	0	0	0.1	0.14855620725426	0.0544052180496685	0.0486816188389289	0.264669628455863	0.215988009616934	0	0	0	0.2	0.315479326169511	0.127073944800375	0.0996702302120436	0.605398180425154	0.505727950213111	0	0	1	0.1	0.28895788863512	0.100029448212547	0.11787815109853	0.496824307311605	0.378946156213076	0	0	1	0.2	0.811477839291587	0.310454830983666	0.313944219222895	1.52319932816178	1.20925510893889	0	0	2	0.1	0.793253351889776	0.239372630582116	0.410047261358871	1.34447762094921	0.934430359590339	0	0	2	0.2	1.95842377692523	0.513910556274888	1.05801642008331	3.07663534711663	2.01861892703332	0	0	3	0.1	1.38627372720902	0.363889734967707	0.791188956112062	2.17404551437707	1.38285655826501	0	0	3	0.2	2.77651359765037	0.621883851693969	1.71644145905838	4.11259713448183	2.39615567542345
960	0	0	0	0.1	0.252708091833025	0.0985193732784387	0.0713174714609736	0.460417509554819	0.389100038093845	0	0	0	0.2	0.673873533409627	0.274905172327281	0.192487990602793	1.27447955342694	1.08199156282415	0	0	1	0.1	0.410171591020872	0.160090619360538	0.120192004725545	0.7725184165251	0.652326411799555	0	0	1	0.2	1.17928198971824	0.432447314504817	0.421608188240179	2.12922156762899	1.70761337938882	0	0	2	0.1	0.840671775515978	0.287021438074382	0.395200766249033	1.4881620722747	1.09296130602567	0	0	2	0.2	1.86873160399511	0.566031464420178	0.972643925509329	3.09912867966033	2.126484754151	0	0	3	0.1	1.20996218169856	0.384573359168606	0.636824492251313	2.06822886242804	1.43140437017673	0	0	3	0.2	2.36803888082262	0.651231293572196	1.32885594485842	3.77218379319557	2.44332784833716
962	0	0	0	0.1	0.121278354221326	0.0748126058637065	-0.0162027761124812	0.266438073884938	0.282640849997419	0	0	0	0.2	0.401228016963771	0.224410412464395	0.0203165375243045	0.883613218074019	0.863296680549715	0	0	1	0.1	0.4604215647854	0.161204971604998	0.185222402067353	0.824339868762387	0.639117466695034	0	0	1	0.2	1.47778367114929	0.42704419879785	0.716593921573827	2.40850990951883	1.691915987945	0	0	2	0.1	1.18538522980709	0.291923405056641	0.67173803024457	1.83266588647139	1.16092785622682	0	0	2	0.2	2.3051420740682	0.471554289894968	1.46056514806761	3.2978384855997	1.83727333753209	0	0	3	0.1	1.52805300918867	0.351050422950098	0.942899286488679	2.31477634124146	1.37187705475278	0	0	3	0.2	2.7033219128771	0.540988012857475	1.75365316483359	3.899844699741	2.14619153490741
973	0	0	0	0.1	-0.0480371142790579	0.0710284529012851	-0.203010046143093	0.0758044289324679	0.278814475075561	0	0	0	0.2	-0.0926925222294432	0.18127434025071	-0.476940820529556	0.238007102523747	0.714947923053303	0	0	1	0.1	0.0916177970708028	0.135452557671189	-0.155884885476929	0.371305842512549	0.527190727989478	0	0	1	0.2	0.717142520670003	0.450657450425073	-0.00702532271680258	1.70566127846704	1.71268660118384	0	0	2	0.1	0.889476908109196	0.305548318669287	0.400294042166914	1.57425169616681	1.1739576539999	0	0	2	0.2	2.01092676977035	0.4892407564502	1.11784291902649	2.99454912493937	1.87670620591289	0	0	3	0.1	1.42786050413467	0.350947830171818	0.826619574678471	2.17101801851459	1.34439844383612	0	0	3	0.2	2.60399101643031	0.515713802976436	1.64411709909923	3.64229746332218	1.99818036422295
963	0	0	0	0.1	-0.00980884828116538	0.0583565304718033	-0.116851162084914	0.109238474637401	0.226089636722316	0	0	0	0.2	-0.0362420016811159	0.126369205491065	-0.278600714328104	0.210191199180319	0.488791913508424	0	0	1	0.1	0.140885911983142	0.124818931416958	-0.083753174463272	0.38284352229166	0.466596696754932	0	0	1	0.2	0.554836535892119	0.408242790026793	-0.127476815223196	1.48250702919962	1.60998384442281	0	0	2	0.1	0.690021652062812	0.295643015497028	0.233039539946333	1.37169853379917	1.13865899385284	0	0	2	0.2	1.71081357755662	0.589090204113507	0.748405211729719	3.02047977169643	2.27207455996671	0	0	3	0.1	1.25995208145174	0.402151360296392	0.621814138586394	2.17288630960397	1.55107217101757	0	0	3	0.2	2.45430545105106	0.649197463330483	1.33730090328562	3.92361200665908	2.58631110337347
967	0	0	0	0.1	0.121620821376582	0.0753945890267989	-0.0278768770088658	0.271338034536921	0.299214911545787	0	0	0	0.2	0.235604621988136	0.175109636885327	-0.0897793930193732	0.589961097760115	0.679740490779488	0	0	1	0.1	0.166008258087142	0.113260535952812	-0.0514137459648988	0.393572230463377	0.444985976428276	0	0	1	0.2	0.469930754975201	0.284336004705325	-0.0665371197581659	1.03963525260559	1.10617237236375	0	0	2	0.1	0.482527201279542	0.180814321723591	0.144795260314102	0.842631564012159	0.697836303698056	0	0	2	0.2	1.10568650342291	0.360816899375351	0.400811816017223	1.82879110061148	1.42797928459426	0	0	3	0.1	0.79929400853542	0.23682017182153	0.366082868528245	1.2815996130427	0.91551674451446	0	0	3	0.2	1.55530052493609	0.412069419483095	0.773524239942035	2.35236386515328	1.57883962521125
977	0	0	0	0.1	0.00948565767980003	0.0959061944180811	-0.201416946968639	0.18445038225351	0.385867329222149	0	0	0	0.2	0.103144759988004	0.214254506093703	-0.309784444661574	0.509330705343927	0.819115150005501	0	0	1	0.1	0.185568726489889	0.128741318162956	-0.053225357124369	0.440059053893059	0.493284411017428	0	0	1	0.2	0.636868666825722	0.311457475203153	0.0422700956014455	1.28747259577458	1.24520250017314	0	0	2	0.1	0.557416151339354	0.189129990500008	0.225252183688785	0.984070606279153	0.758818422590368	0	0	2	0.2	1.30587786381999	0.390795696616092	0.634524116057268	2.12083075029223	1.48630663423496	0	0	3	0.1	0.861744651670959	0.246856453483083	0.45005051114252	1.39689012369133	0.946839612548813	0	0	3	0.2	1.77508632380661	0.462874018745423	0.994044066699211	2.79862628103349	1.80458221433428
974	0	0	0	0.1	-0.0939217304330334	0.0835887599161011	-0.27864384707425	0.0616794737943489	0.340323320868599	0	0	0	0.2	-0.181801029740106	0.169524869349377	-0.532911747961616	0.130852313304758	0.663764061266374	0	0	1	0.1	0.0951759183967028	0.119429577992703	-0.130190863383264	0.321429460305853	0.451620323689118	0	0	1	0.2	0.311820778952987	0.275208868744393	-0.230358555245474	0.839891227302778	1.07024978254825	0	0	2	0.1	0.399905027752693	0.156940672892127	0.0968368230703519	0.704551467671375	0.607714644601023	0	0	2	0.2	0.863266383182882	0.304937574429273	0.262781739666381	1.47258823913392	1.20980649946754	0	0	3	0.1	0.621715003528781	0.186017872311384	0.290726354909851	1.01616396756142	0.725437612651573	0	0	3	0.2	1.1961527739767	0.336904686257303	0.573303194496744	1.90306721081882	1.32976401632208
972	0	0	0	0.1	0.0751210133559518	0.069534210536476	-0.0625354742015929	0.216119954458895	0.278655428660488	0	0	0	0.2	0.214501152233141	0.152579956919589	-0.0702592200831446	0.532508295366013	0.602767515449158	0	0	1	0.1	0.307323939293122	0.108497250333349	0.104465032823267	0.540106218496405	0.435641185673138	0	0	1	0.2	0.887975288522755	0.283876401269654	0.405213533200598	1.49701540644102	1.09180187324042	0	0	2	0.1	0.793466179918692	0.201508431703617	0.464719847803619	1.24119200259296	0.776472154789345	0	0	2	0.2	1.77865580602921	0.398975256727889	1.07995216940184	2.66596856394296	1.58601639454112	0	0	3	0.1	1.20126025509906	0.280659972602386	0.720667422172126	1.85855102599416	1.13788360382204	0	0	3	0.2	2.37945980691907	0.491750307943564	1.50288605582664	3.44648049954515	1.94359444371852
979	0	0	0	0.1	0.0988858272695649	0.0505216468383039	0.00786588419418941	0.207454046839837	0.199588162645648	0	0	0	0.2	0.207870105340899	0.139534506080416	-0.046854847980641	0.500331789318468	0.547186637299109	0	0	1	0.1	0.241136775162239	0.122852380303855	0.0100016967374745	0.492733537238336	0.482731840500861	0	0	1	0.2	0.885120543541777	0.37636352003621	0.231275419490814	1.76946938348967	1.53819396399886	0	0	2	0.1	0.865220729805095	0.27859124501981	0.415032039983802	1.53298402871445	1.11795198873065	0	0	2	0.2	1.91268046661187	0.522348706878731	0.965210057129709	3.02925830984868	2.06404825271897	0	0	3	0.1	1.29441443802048	0.373354540951035	0.675065559206718	2.14467810130505	1.46961254209833	0	0	3	0.2	2.46471592277033	0.621653845338161	1.36831294049928	3.75170263404035	2.38338969354107
971	0	0	0	0.1	0.196399987852332	0.0837466717061623	0.0374389418920712	0.369028256730403	0.331589314838332	0	0	0	0.2	0.315480783280213	0.162039521467174	0.00236609417630184	0.650031197173987	0.647665102997686	0	0	1	0.1	0.137876230173781	0.0939803822445357	-0.0504490581539596	0.323485861391087	0.373934919545046	0	0	1	0.2	0.411412731071386	0.234969866285695	-0.0360690010674711	0.922637878794284	0.958706879861755	0	0	2	0.1	0.451322583427384	0.157207904226833	0.168260011988467	0.798157416736097	0.62989740474763	0	0	2	0.2	1.04575299977547	0.339152595796469	0.430907134483343	1.79420369131497	1.36329655683162	0	0	3	0.1	0.743442191401568	0.227137196522278	0.342555531605145	1.23617088439853	0.893615352793388	0	0	3	0.2	1.53211874989802	0.439645744298106	0.729863168433434	2.48909136791522	1.75922819948178
975	0	0	0	0.1	0.247196291345727	0.0780302693555136	0.110426310019256	0.421648827659037	0.311222517639781	0	0	0	0.2	0.648436145107221	0.252138662884012	0.2057991599076	1.21230067139545	1.00650151148785	0	0	1	0.1	0.336834338710296	0.162889697590477	0.044661049874988	0.668820190011348	0.62415914013636	0	0	1	0.2	0.952519905757144	0.365805413125852	0.286994916177074	1.68617792836689	1.39918301218982	0	0	2	0.1	0.728676905971882	0.211371508274847	0.3734885660735	1.18978938807599	0.816300822002489	0	0	2	0.2	1.55985651943268	0.394366914743877	0.871353614040168	2.38302700861036	1.51167339457019	0	0	3	0.1	1.049374529357	0.263168504923274	0.600895937478682	1.61176880457801	1.01087286709933	0	0	3	0.2	2.00469563691653	0.457323317014029	1.19156903444543	2.9660702010798	1.77450116663436
968	0	0	0	0.1	0.00193456390250106	0.0724477842374802	-0.148970195247918	0.140757294192581	0.289727489440499	0	0	0	0.2	0.0605346769977393	0.142394626366748	-0.222612951812437	0.328096030118996	0.550708981931434	0	0	1	0.1	0.249062364684005	0.085989407344058	0.0850928884769801	0.417657781314173	0.332564892837193	0	0	1	0.2	0.63285688131456	0.202252884588672	0.261131095531016	1.05875757401628	0.797626478485266	0	0	2	0.1	0.604821393890043	0.151663526548306	0.345479058872583	0.942457759060024	0.596978700187441	0	0	2	0.2	1.37665129876504	0.330736849937937	0.7897900920177	2.07099414221908	1.28120405020138	0	0	3	0.1	0.970312478156301	0.22836567769087	0.592057206711526	1.48388287396631	0.891825667254787	0	0	3	0.2	2.00427422571518	0.440883889514559	1.2215467028761	2.94171500648594	1.72016830360984
978	0	0	0	0.1	0.0791895406244491	0.0592461088019481	-0.0500851427313429	0.194291947748322	0.244377090479665	0	0	0	0.2	0.186736638389409	0.143256401948063	-0.0921849148137087	0.475478224346442	0.567663139160151	0	0	1	0.1	0.25579391700639	0.129670525072797	0.0320693758500667	0.534575479668284	0.502506103818217	0	0	1	0.2	0.871025631039112	0.403498420623057	0.179785693197441	1.72972015441321	1.54993446121577	0	0	2	0.1	0.88653530544138	0.313039965837038	0.396074117022509	1.54267504550615	1.14660092848364	0	0	2	0.2	2.17578382371498	0.585926712890561	1.13618793641312	3.32679741502702	2.19060947861391	0	0	3	0.1	1.6180309834284	0.431049882819943	0.893988378224765	2.53178877290878	1.63780039468402	0	0	3	0.2	3.03457133730793	0.608622130987779	1.90730309548792	4.26045985593734	2.35315676044942
966	0	0	0	0.1	0.016630854114492	0.0730936095538869	-0.128588982718022	0.156379273340704	0.284968256058726	0	0	0	0.2	0.0147703447573758	0.187778073534705	-0.35632466298684	0.379420505413888	0.735745168400728	0	0	1	0.1	0.0860392353234457	0.118413904660299	-0.1255831237293	0.341732265890914	0.467315389620213	0	0	1	0.2	0.41639567697572	0.308299158954019	-0.110785614463302	1.10114848040484	1.21193409486815	0	0	2	0.1	0.548251395445754	0.177276695022437	0.24686630953939	0.929986026591555	0.683119717052166	0	0	2	0.2	1.31611428648091	0.349570115722947	0.709224504227935	2.05893044001488	1.34970593578694	0	0	3	0.1	0.917235517163351	0.2185432659447	0.536627695630312	1.40004190088706	0.863414205256751	0	0	3	0.2	1.76882222749944	0.374230189123506	1.07924336854707	2.53550647125918	1.45626310271211
965	0	0	0	0.1	0.141658062879436	0.0928815601838263	-0.0328631908714682	0.334302468871979	0.367165659743447	0	0	0	0.2	0.233135799295277	0.248620143086746	-0.228192559310019	0.768836901425647	0.997029460735666	0	0	1	0.1	0.130353644114087	0.161320980138624	-0.211674077901728	0.469392801417389	0.681066879319118	0	0	1	0.2	0.574701501802214	0.340046597049977	-0.129292511862813	1.24926448943885	1.37855700130166	0	0	2	0.1	0.624929123304279	0.195417728612162	0.27083584853017	1.02866259097425	0.757826742444081	0	0	2	0.2	1.4102955878442	0.377080405827921	0.736212279057509	2.1990825649655	1.46287028590799	0	0	3	0.1	0.997210282495568	0.254510250700401	0.565909859914209	1.5693597625204	1.00344990260619	0	0	3	0.2	1.9771280611587	0.451098720687865	1.19133268734267	2.91819206835995	1.72685938101728
969	0	0	0	0.1	0.222066801435458	0.0728724578318549	0.0874774390041273	0.368723133141726	0.281245694137599	0	0	0	0.2	0.418602065109454	0.164516691968164	0.120798722962677	0.765392589120983	0.644593866158306	0	0	1	0.1	0.236723101278411	0.114332834706881	0.0294902553226225	0.473597620869487	0.444107365546864	0	0	1	0.2	0.58603456098643	0.295641943566489	0.0330262045888882	1.21020590550826	1.17717970091937	0	0	2	0.1	0.547204550681967	0.193281748527612	0.196253011371177	0.967512546292545	0.771259534921367	0	0	2	0.2	1.28152971147157	0.39876473158342	0.556649568872051	2.07823747258737	1.52158790371532	0	0	3	0.1	0.932758422218939	0.265457616536515	0.467781407741377	1.48440128335684	1.01661987561546	0	0	3	0.2	1.90081989291398	0.482959647382078	1.0655373560137	2.84845445957403	1.78291710356033
982	0	0	0	0.1	0.0873068573553249	0.0620123587152597	-0.0372240738989446	0.214144633338415	0.251368707237359	0	0	0	0.2	0.202991045555993	0.147551368422306	-0.0629887650237856	0.513244773882003	0.576233538905788	0	0	1	0.1	0.261191111904189	0.100025365192139	0.080270798658441	0.45433264992902	0.374061851270579	0	0	1	0.2	0.813849474326241	0.277623193343528	0.336860383499109	1.39078155958802	1.05392117608891	0	0	2	0.1	0.766536047069996	0.187430547633313	0.451761813737598	1.15282648513374	0.701064671396137	0	0	2	0.2	1.65537174778103	0.363355719220113	1.00593337809656	2.38448151747995	1.3785481393834	0	0	3	0.1	1.13227196074128	0.257088638629043	0.691513400334712	1.67175002122529	0.980236620890579	0	0	3	0.2	2.17684983126808	0.440810837165111	1.37347413391948	3.10753727574096	1.73406314182147
986	0	0	0	0.1	0.0871969336308079	0.0523525400584778	-0.0132193869446186	0.187127204795782	0.200346591740401	0	0	0	0.2	0.157178807899019	0.130059615574983	-0.094697042087059	0.418594315049643	0.513291357136702	0	0	1	0.1	0.160621187862226	0.0971753449268972	-0.0323275525688521	0.358544202702574	0.390871755271426	0	0	1	0.2	0.494757335903847	0.251645305327902	0.0431287336953256	1.03198464126395	0.988855907568624	0	0	2	0.1	0.531299740599313	0.184059071526262	0.230930206341257	0.970255244250935	0.739325037909678	0	0	2	0.2	1.25253553319946	0.408380302086925	0.597012835156136	2.20057956222568	1.60356672706954	0	0	3	0.1	0.858891258198898	0.276786812308036	0.443360150752931	1.50644079434378	1.06308064359085	0	0	3	0.2	1.76932541136079	0.518945000577958	0.90445355930369	2.95668874250641	2.05223518320272
970	0	0	0	0.1	0.110820024813368	0.0630739253849254	-0.0139680226853435	0.225879469880259	0.239847492565602	0	0	0	0.2	0.23531873657248	0.163668761841619	-0.0730385753162645	0.55209766447908	0.625136239795345	0	0	1	0.1	0.271760692136207	0.129288599425878	0.0234624251138788	0.535964514905704	0.512502089791825	0	0	1	0.2	0.795095243410656	0.305111965601647	0.249769544236437	1.43199725030381	1.18222770606738	0	0	2	0.1	0.753481253958282	0.201878751463158	0.401417154044864	1.18852985154517	0.787112697500303	0	0	2	0.2	1.57998556610378	0.377545965254254	0.922888456128195	2.44361875235499	1.5207302962268	0	0	3	0.1	1.09216693207793	0.263284248960451	0.653628506022814	1.69577318991222	1.0421446838894	0	0	3	0.2	2.02388737963883	0.440446267767389	1.27532089666347	2.99777878746754	1.72245789080408
980	0	0	0	0.1	0.15718944879751	0.0547086277826824	0.0509779869279748	0.269756367775002	0.218778380847027	0	0	0	0.2	0.367717518797904	0.158187923511901	0.0832866952830551	0.725191919629371	0.641905224346316	0	0	1	0.1	0.459139424579414	0.210774120078289	0.115196853064176	0.938024463362074	0.822827610297899	0	0	1	0.2	1.69939733038687	0.676264987472922	0.562797152741239	3.16838914183715	2.60559198909591	0	0	2	0.1	1.32552536930689	0.470073791325282	0.484682936327466	2.25866938366976	1.7739864473423	0	0	2	0.2	2.44726163004594	0.662082637449834	1.16087973352518	3.67204445182198	2.5111647182968	0	0	3	0.1	1.59010703309746	0.444017128537601	0.787664443745727	2.45153102797611	1.66386658423038	0	0	3	0.2	2.62001266190769	0.61405429407426	1.47373085166975	3.80924791696326	2.33551706529351
987	0	0	0	0.1	0.109973727359103	0.0728782735509394	-0.0186198992612453	0.270898278118367	0.289518177379612	0	0	0	0.2	0.320499836406248	0.200648545318307	-0.0207020945285892	0.791035052607665	0.811737147136254	0	0	1	0.1	0.345945409011393	0.129370116593594	0.102834869574967	0.615120807877219	0.512285938302253	0	0	1	0.2	1.08371234038445	0.337305863143726	0.432734394244796	1.75269257421975	1.31995817997495	0	0	2	0.1	0.850901183146643	0.221869327710199	0.428806239023157	1.29471840966036	0.865912170637199	0	0	2	0.2	1.72889025654918	0.405587259074513	0.953542356612833	2.53216837814849	1.57862602153565	0	0	3	0.1	1.10968405929305	0.271230920940355	0.630444476758718	1.67086338391106	1.04041890715234	0	0	3	0.2	2.04431604037525	0.46104541719366	1.22777710420467	2.98023403908388	1.75245693487921
988	0	0	0	0.1	0.0941322817065458	0.0736350528815224	-0.0571480046778826	0.231692576258975	0.288840580936857	0	0	0	0.2	0.230734627898841	0.215111620993005	-0.184855617713268	0.654019529827347	0.838875147540615	0	0	1	0.1	0.238384419204744	0.145021015740725	-0.0295109925141118	0.531212000728024	0.560722993242136	0	0	1	0.2	0.732897457373971	0.333999529446781	0.122055311139751	1.4483454435882	1.32629013244845	0	0	2	0.1	0.670437151862181	0.206456934664244	0.30227214416349	1.13218326373672	0.829911119573225	0	0	2	0.2	1.38227509864809	0.380757745131258	0.695198083635244	2.16295390940087	1.46775582576562	0	0	3	0.1	0.989310270086046	0.272425006481057	0.524395063917204	1.56730270613455	1.04290764221735	0	0	3	0.2	1.85183443747078	0.480288188564395	0.952945494925587	2.80688513023363	1.85393963530804
981	0	0	0	0.1	0.158202879632325	0.0740651758842554	0.0173941026133972	0.304851979512666	0.287457876899269	0	0	0	0.2	0.344661558847248	0.214539987930775	-0.0399948398476853	0.805179696815377	0.845174536663062	0	0	1	0.1	0.222099224694127	0.146044456882607	-0.0488140364736736	0.537240471953953	0.586054508427627	0	0	1	0.2	0.70657491823616	0.397721433451275	0.0750100674511781	1.71794098282879	1.64293091537761	0	0	2	0.1	0.635816982913128	0.27237452632453	0.250176046995222	1.39523290592015	1.14505685892493	0	0	2	0.2	1.43232241846973	0.530900759999143	0.648450333679179	2.82291791364507	2.17446757996589	0	0	3	0.1	0.977185729419615	0.359486336554524	0.509058216532374	1.94671811717443	1.43765990064206	0	0	3	0.2	1.94101949544654	0.611918155686035	1.07126363859053	3.46295249787517	2.39168885928464
983	0	0	0	0.1	0.108206530014226	0.0649882225309636	-0.0123248693347288	0.233232657697744	0.245557527032473	0	0	0	0.2	0.197811904071263	0.138384987254262	-0.0763133139516872	0.472452892118938	0.548766206070626	0	0	1	0.1	0.139700759006057	0.111341584294408	-0.101879362798917	0.331056351701902	0.432935714500819	0	0	1	0.2	0.368174298217449	0.271394925892365	-0.186459342127183	0.882640236405796	1.06909957853298	0	0	2	0.1	0.420248531328642	0.171593862769089	0.0806725712522699	0.76668921500267	0.6860166437504	0	0	2	0.2	0.984811474685205	0.355591287034147	0.300077144026677	1.69920037563974	1.39912323161306	0	0	3	0.1	0.736373708283203	0.233389173954318	0.32387737036846	1.22961892577882	0.905741555410362	0	0	3	0.2	1.50854561551848	0.428226238479739	0.728790361164718	2.43092094689449	1.70213058572977
984	0	0	0	0.1	0.120920243812756	0.074931516171767	-0.0196732615679527	0.277396153443772	0.297069415011725	0	0	0	0.2	0.370521709821128	0.202313211453211	0.0126803056752181	0.796020749584575	0.783340443909357	0	0	1	0.1	0.398976134709617	0.155782609242629	0.129563376470145	0.726430385066566	0.596867008596421	0	0	1	0.2	1.22384033762297	0.430389722240269	0.471348296098408	2.16424857440956	1.69290027831115	0	0	2	0.1	0.93887013985156	0.273479640391449	0.476688693294593	1.53303301592747	1.05634432263288	0	0	2	0.2	1.93806114470919	0.470419927926271	1.08845744609725	2.91681260952499	1.82835516342774	0	0	3	0.1	1.24562140239975	0.314264369908085	0.712433108031216	1.91265133703833	1.20021822900711	0	0	3	0.2	2.29312377015374	0.501366586446206	1.42102178281251	3.33362718886382	1.91260540605131
989	0	0	0	0.1	0.0976494151064572	0.0672806493138841	-0.0351317733932474	0.232276355681452	0.267408129074699	0	0	0	0.2	0.153789145874991	0.135161363985199	-0.115161799588355	0.429947579320522	0.545109378908877	0	0	1	0.1	0.0997006970390127	0.0785796056881959	-0.0512847289127959	0.254172614052168	0.305457342964963	0	0	1	0.2	0.24793729339158	0.190839586074236	-0.121673170111133	0.62520853738937	0.746881707500503	0	0	2	0.1	0.328529216094383	0.134757930878456	0.0743307011780182	0.600544725405863	0.526214024227845	0	0	2	0.2	0.866726071294481	0.321268824112169	0.23420375492776	1.53232635208618	1.29812259715842	0	0	3	0.1	0.753777906814697	0.227017761713786	0.352911447342391	1.22811682095992	0.875205373617524	0	0	3	0.2	1.66009780335723	0.426372421510843	0.848464672944944	2.522294068178	1.67382939523305
985	0	0	0	0.1	0.0875412163013582	0.0750663054173092	-0.0767702195994368	0.229449637458589	0.306219857058026	0	0	0	0.2	0.15615511224898	0.170298732145839	-0.184090890038008	0.48426911237628	0.668360002414288	0	0	1	0.1	0.158575578196585	0.116731080293492	-0.0671529511891318	0.390062678865837	0.457215630054969	0	0	1	0.2	0.509227036388322	0.305955176913849	-0.0318653369420425	1.14849124520018	1.18035658214223	0	0	2	0.1	0.597947174640377	0.198820255043568	0.269462326967933	1.04242711475299	0.772964787785054	0	0	2	0.2	1.42237572676994	0.391329884466101	0.756370092758179	2.35450697106231	1.59813687830414	0	0	3	0.1	1.06010540052057	0.269229062093172	0.613180895203157	1.73786512089409	1.12468422569094	0	0	3	0.2	2.08331567633033	0.457839760062067	1.2656966343368	3.09429386818403	1.82859723384723
992	0	0	0	0.1	0.145017671564872	0.0869490703024634	0.00363329633727756	0.328994053918296	0.325360757581018	0	0	0	0.2	0.359697332375086	0.184418811792488	0.0293580120223844	0.75384079859722	0.724482786574836	0	0	1	0.1	0.268515957820016	0.117631203720875	0.0205159907533562	0.500510579714247	0.479994588960891	0	0	1	0.2	0.73689307234931	0.307767520350036	0.129257460177746	1.37334300678845	1.2440855466107	0	0	2	0.1	0.603314145228622	0.188554951315077	0.268681355332135	0.994391460919131	0.725710105586996	0	0	2	0.2	1.37315388939449	0.388913507408138	0.674499350525471	2.19193475647371	1.51743540594824	0	0	3	0.1	0.933374116453967	0.257942675119463	0.487492157126555	1.5156407930545	1.02814863592794	0	0	3	0.2	1.81128777366895	0.447892465142369	1.00451232073808	2.75526405551727	1.75075173477919
991	0	0	0	0.1	0.0210229361587127	0.070326949661099	-0.126468965312288	0.151321608037062	0.27779057334935	0	0	0	0.2	0.0825317437223578	0.166845123101114	-0.259883288175512	0.40161889510447	0.661502183279982	0	0	1	0.1	0.185645547793779	0.126781930575935	-0.0655775190156427	0.450861521827487	0.51643904084313	0	0	1	0.2	0.698595703975869	0.372444999806736	0.0214922025305997	1.50279497279694	1.48130277026634	0	0	2	0.1	0.661559291219915	0.229977109398634	0.24845369001888	1.16451762771083	0.916063937691945	0	0	2	0.2	1.48861505876608	0.427198210230228	0.716278167128711	2.36540088614779	1.64912271901908	0	0	3	0.1	1.02138925228468	0.279752835123143	0.531396952949411	1.61756629568084	1.08616934273143	0	0	3	0.2	1.88188281239166	0.451744935967739	1.06788021283084	2.79122983807858	1.72334962524774
994	0	0	0	0.1	0.108604755022803	0.0538876211437402	0.0102690817097348	0.212928618155847	0.202659536446112	0	0	0	0.2	0.274943193414831	0.125691812735953	0.0488179608519847	0.533926834130893	0.485108873278908	0	0	1	0.1	0.310325826679505	0.0998276951247779	0.13450327829177	0.515570882178973	0.381067603887204	0	0	1	0.2	0.930501219158585	0.332439139187577	0.416477999661899	1.73303441151752	1.31655641185562	0	0	2	0.1	0.807582551061688	0.23439271061829	0.436377379353684	1.37623461631139	0.939857236957705	0	0	2	0.2	1.96570515343744	0.521024664596269	1.10976681417713	3.09386465902287	1.98409784484574	0	0	3	0.1	1.29164131566976	0.336458795073189	0.747610503768069	2.04603279995085	1.29842229618278	0	0	3	0.2	2.65597894625146	0.603760097439792	1.63245895849282	3.9645629156639	2.33210395717109
993	0	0	0	0.1	0.148875760566689	0.0761913348718737	-0.00739090928132693	0.289179939774208	0.296570849055535	0	0	0	0.2	0.305680976913485	0.218748748600663	-0.129336903241258	0.74512312223529	0.874460025476548	0	0	1	0.1	0.189721621813348	0.138663620863118	-0.0903238255860654	0.447075640117592	0.537399465703657	0	0	1	0.2	0.635675864006511	0.310463098469294	0.056947408591909	1.2710357617942	1.21408835320229	0	0	2	0.1	0.638796292053292	0.183458174277219	0.312580911273675	1.02942355313037	0.716842641856694	0	0	2	0.2	1.34495614709753	0.328425997806107	0.75224986569515	2.01177183231395	1.2595219666188	0	0	3	0.1	0.949215646961692	0.221577640559957	0.560802956358574	1.41721498866139	0.856412032302819	0	0	3	0.2	1.74407121263167	0.367023687815714	1.08320420505293	2.51118408920945	1.42797988415652
990	0	0	0	0.1	-0.0261153675342375	0.0774267338471748	-0.187452214026624	0.115650329548707	0.303102543575331	0	0	0	0.2	-0.05250710913965	0.168642156866459	-0.407111400897572	0.270340436402251	0.677451837299823	0	0	1	0.1	0.128180492389983	0.10131860380536	-0.0680918830277491	0.339245204667061	0.40733708769481	0	0	1	0.2	0.478881334809251	0.256300107966474	0.0186254956894953	1.03307503588976	1.01444954020026	0	0	2	0.1	0.578107450694063	0.168532371074408	0.298354019120977	0.942788458675393	0.644434439554416	0	0	2	0.2	1.2821783092049	0.322576790991396	0.710697302412007	1.96398711412305	1.25328981171104	0	0	3	0.1	0.9504169316458	0.229941971745469	0.554118510373895	1.42187089590359	0.867752385529696	0	0	3	0.2	1.85732322006699	0.395636779788054	1.17160088686458	2.68191656338026	1.51031567651568
995	0	0	0	0.1	0.11929507734083	0.0507288428787652	0.0216812758281133	0.216667903741633	0.194986627913519	0	0	0	0.2	0.240818598543751	0.143046770735308	-0.0253657246960088	0.533071550383613	0.558437275079621	0	0	1	0.1	0.0816093340364719	0.142499895236119	-0.220731399139577	0.354782548474919	0.575513947614496	0	0	1	0.2	0.293076187503727	0.341464042226832	-0.377128139063467	0.965960209919285	1.34308834898275	0	0	2	0.1	0.364721211243068	0.202512365568221	-0.0232728771859587	0.782760489610386	0.806033366796345	0	0	2	0.2	0.822372069673923	0.373941620030834	0.0997475060667163	1.5925456708894	1.49279816482269	0	0	3	0.1	0.642648713511724	0.238838111214566	0.211976906040624	1.15044038147731	0.938463475436688	0	0	3	0.2	1.2154297638019	0.410628559291942	0.455547791005348	2.06634346214241	1.61079567113706
998	0	0	0	0.1	0.0736346992243002	0.0570220971247696	-0.0421667032258057	0.177055443486997	0.219222146712803	0	0	0	0.2	0.155173261328576	0.132884410770696	-0.112349602781255	0.417994106688492	0.530343709469747	0	0	1	0.1	0.195427382604539	0.0995709415917034	0.00998691869241076	0.405447093715964	0.395460175023554	0	0	1	0.2	0.519045518587047	0.240907024568554	0.0798790607274303	1.00043176684896	0.920552706121531	0	0	2	0.1	0.449551027531524	0.141395425794647	0.205515356711148	0.725560870732644	0.520045514021496	0	0	2	0.2	0.93254994453615	0.278926824862415	0.442922340556445	1.50491481053208	1.06199246997564	0	0	3	0.1	0.598561857479358	0.169812332017733	0.291029847569457	0.9568922904551	0.665862442885643	0	0	3	0.2	1.16490138418344	0.323355410687622	0.572158744968648	1.85052306268612	1.27836431771747
996	0	0	0	0.1	0.176073936778112	0.105253267559284	-0.0132889758752081	0.416691242752282	0.42998021862749	0	0	0	0.2	0.380350514039536	0.243590836633173	-0.0451236769820252	0.919381005871645	0.96450468285367	0	0	1	0.1	0.219388402490206	0.165961364334098	-0.094829163918471	0.557785782194345	0.652614946112816	0	0	1	0.2	0.668467449794609	0.397796922790773	-0.0209191263444078	1.50179072551569	1.5227098518601	0	0	2	0.1	0.58775182496689	0.252001799116951	0.1811507879037	1.14551914757095	0.964368359667248	0	0	2	0.2	1.30947714747106	0.480083438462041	0.517004628084269	2.4084655265113	1.89146089842703	0	0	3	0.1	0.925411284763504	0.313116831692441	0.425348776310011	1.64337926907341	1.2180304927634	0	0	3	0.2	1.8185433999508	0.530088651985724	0.905997082612678	2.99207754486312	2.08608046225044
1000	0	0	0	0.1	0.129860381497592	0.0724524403000112	-0.00388732265268623	0.280367909942395	0.284255232595082	0	0	0	0.2	0.332745507974161	0.201345544265228	-0.0302923153631583	0.777457367244246	0.807749682607405	0	0	1	0.1	0.351672829645383	0.121172431991307	0.115089672142542	0.595686710252613	0.480597038110071	0	0	1	0.2	0.88280602910216	0.265766644406605	0.392361515615112	1.43726765722567	1.04490614161056	0	0	2	0.1	0.680813258039893	0.176708958599035	0.37569515691539	1.05555076993951	0.679855613024118	0	0	2	0.2	1.37287340803423	0.347271569712444	0.788555812458423	2.13723682180192	1.3486810093435	0	0	3	0.1	0.862785899940644	0.225781425008916	0.490947378742372	1.38249849627552	0.891551117533149	0	0	3	0.2	1.6518616372472	0.410308726135646	0.974521253479155	2.59428815607785	1.6197669025987
999	0	0	0	0.1	0.120187064521034	0.0768617707052709	-0.023155702317317	0.283995024696201	0.307150727013518	0	0	0	0.2	0.372328247241606	0.184358368156325	0.0463057830849925	0.776352297529052	0.73004651444406	0	0	1	0.1	0.317066694563729	0.111969982702819	0.118229107455069	0.55362837245571	0.43539926500064	0	0	1	0.2	0.751996214340628	0.270197315208137	0.305124420303922	1.33193283812091	1.02680841781698	0	0	2	0.1	0.510846887386535	0.162379835895935	0.23067385383917	0.855589898062434	0.624916044223264	0	0	2	0.2	1.06020533204222	0.318657100966898	0.502840971455405	1.71548750941305	1.21264653795765	0	0	3	0.1	0.703150482728896	0.209951814705621	0.327652904014149	1.13782673043756	0.810173826423411	0	0	3	0.2	1.32641499072989	0.375095360432925	0.62561083113943	2.11027176764245	1.48466093650302
997	0	0	0	0.1	0.231366161107068	0.0784593090675957	0.0897159599780155	0.398443827022076	0.308727867044061	0	0	0	0.2	0.478131356593577	0.168466797257304	0.177163016246647	0.829206973355305	0.652043957108658	0	0	1	0.1	0.270231646865458	0.0801063055400094	0.12824364949499	0.443739403352553	0.315495753857562	0	0	1	0.2	0.614306027903066	0.17094596377919	0.303377754700553	0.963798645154299	0.660420890453746	0	0	2	0.1	0.484897635141899	0.100833223275492	0.30026036808813	0.694946723356285	0.394686355268155	0	0	2	0.2	1.00235467445706	0.194029697491383	0.654216636220662	1.42514984372741	0.770933207506747	0	0	3	0.1	0.663919059028644	0.126661527464205	0.43831876344443	0.919591183361285	0.481272419916855	0	0	3	0.2	1.27717648476805	0.234396483285018	0.86026469931163	1.77508846579982	0.914823766488186
