"run_ID"	"psi_z0_row1"	"psi_z1_row1"	"nu_row1"	"rho_row1"	"estimYs_row1"	"sd_row1"	"quantile025_row1"	"quantile975_row1"	"CIlength95_row1"	"psi_z0_row2"	"psi_z1_row2"	"nu_row2"	"rho_row2"	"estimYs_row2"	"sd_row2"	"quantile025_row2"	"quantile975_row2"	"CIlength95_row2"	"psi_z0_row3"	"psi_z1_row3"	"nu_row3"	"rho_row3"	"estimYs_row3"	"sd_row3"	"quantile025_row3"	"quantile975_row3"	"CIlength95_row3"	"psi_z0_row4"	"psi_z1_row4"	"nu_row4"	"rho_row4"	"estimYs_row4"	"sd_row4"	"quantile025_row4"	"quantile975_row4"	"CIlength95_row4"	"psi_z0_row5"	"psi_z1_row5"	"nu_row5"	"rho_row5"	"estimYs_row5"	"sd_row5"	"quantile025_row5"	"quantile975_row5"	"CIlength95_row5"	"psi_z0_row6"	"psi_z1_row6"	"nu_row6"	"rho_row6"	"estimYs_row6"	"sd_row6"	"quantile025_row6"	"quantile975_row6"	"CIlength95_row6"	"psi_z0_row7"	"psi_z1_row7"	"nu_row7"	"rho_row7"	"estimYs_row7"	"sd_row7"	"quantile025_row7"	"quantile975_row7"	"CIlength95_row7"	"psi_z0_row8"	"psi_z1_row8"	"nu_row8"	"rho_row8"	"estimYs_row8"	"sd_row8"	"quantile025_row8"	"quantile975_row8"	"CIlength95_row8"
1	0	0	0	0.1	0.0799991397442078	0.0305855237298025	0.0221174874784936	0.13874727721681	0.116629789738316	0	0	0	0.2	0.155950427582517	0.0742537110884987	0.00543334074939261	0.2977670591106	0.292333718361207	0	0	1	0.1	0.0461089699785947	0.0581490561678961	-0.0662886715137251	0.152651078795834	0.218939750309559	0	0	1	0.2	0.181282409854712	0.144627200358657	-0.0899077074347973	0.474894074107831	0.564801781542629	0	0	2	0.1	0.269201469666167	0.0894974594944912	0.105577802950876	0.453209519739002	0.347631716788126	0	0	2	0.2	0.758551118127733	0.201677048345909	0.380459940742327	1.16796827426906	0.787508333526735	0	0	3	0.1	0.601995173987077	0.125200099411351	0.379762359416658	0.866317381262348	0.48655502184569	0	0	3	0.2	1.37446038898969	0.248655576307799	0.903598409775739	1.87258705927081	0.968988649495072
95	0	0	0	0.1	0.142504910402755	0.0378000678496593	0.0665969217552387	0.217924366338531	0.151327444583292	0	0	0	0.2	0.272075458393397	0.0885205834598501	0.100178856167209	0.452757498438391	0.352578642271182	0	0	1	0.1	0.190037826288356	0.0705797385299319	0.0580090163225489	0.325457133684647	0.267448117362098	0	0	1	0.2	0.663622922955563	0.20459137567758	0.291097886494109	1.05782028587029	0.76672239937618	0	0	2	0.1	0.695919016560285	0.140351166314089	0.450864435013908	0.975174628277907	0.524310193263999	0	0	2	0.2	1.66359314118012	0.269553752775169	1.16888767700574	2.20813532609344	1.0392476490877	0	0	3	0.1	1.17885000449424	0.181024945787571	0.853095790707573	1.5430374678144	0.68994167710683	0	0	3	0.2	2.35199683682844	0.298058449866397	1.80541569012884	2.95492827478053	1.14951258465169
53	0	0	0	0.1	0.0913447244222812	0.0323653136664464	0.0271965413773279	0.160060323896435	0.132863782519107	0	0	0	0.2	0.219306901034764	0.0906464719610846	0.0594419245442306	0.418740407694573	0.359298483150343	0	0	1	0.1	0.240416009892516	0.0658787433372825	0.112896309027576	0.382722104026741	0.269825794999164	0	0	1	0.2	0.735842287120445	0.172274400498964	0.397613930377836	1.0852678654865	0.687653935108665	0	0	2	0.1	0.620481581597196	0.11198363862232	0.411338114342045	0.839223227200849	0.427885112858804	0	0	2	0.2	1.39756433297187	0.224407767870557	0.971937021671861	1.84996185777462	0.878024836102756	0	0	3	0.1	0.914806111529183	0.144721769834658	0.642478033450055	1.20717222711598	0.564694193665926	0	0	3	0.2	1.84486571157275	0.257288176587148	1.36668325431264	2.39238886571473	1.02570561140209
99	0	0	0	0.1	0.104618295276649	0.036725226767954	0.0386106099872091	0.182413240905006	0.143802630917797	0	0	0	0.2	0.267751057784378	0.0935773090573287	0.10599640987378	0.472390858103868	0.366394448230088	0	0	1	0.1	0.243678714650895	0.0602698586081615	0.135153508113458	0.371020559374785	0.235867051261328	0	0	1	0.2	0.706697791230449	0.160944597957183	0.426032657071677	1.04190119637848	0.615868539306805	0	0	2	0.1	0.608466085045421	0.102271667970227	0.424697302197153	0.805373350344629	0.380676048147476	0	0	2	0.2	1.34942361219039	0.19979330686417	0.983323058048579	1.72521615987296	0.741893101824378	0	0	3	0.1	0.904802338690931	0.128147486889861	0.657794452438274	1.15774218623924	0.499947733800964	0	0	3	0.2	1.77923685500858	0.222194258453807	1.3449041689025	2.2296410089807	0.884736840078201
146	0	0	0	0.1	0.164428966515534	0.0323016086222705	0.10669881992867	0.228416825165797	0.121718005237127	0	0	0	0.2	0.359279043768084	0.0830191514320337	0.201917991753553	0.526463361707055	0.324545369953503	0	0	1	0.1	0.166474449320408	0.0639356200227967	0.0408531979924277	0.288033006133609	0.247179808141181	0	0	1	0.2	0.392211400429298	0.164258751729722	0.0694242569454363	0.706739097532285	0.637314840586849	0	0	2	0.1	0.3414451578554	0.0975814041911012	0.15764203044202	0.542633869618985	0.384991839176965	0	0	2	0.2	0.827147440359268	0.201274533714599	0.43160931469253	1.22041233085448	0.788803016161947	0	0	3	0.1	0.601660000744545	0.118972818238324	0.378650215517643	0.841155840592165	0.462505625074522	0	0	3	0.2	1.29286541951926	0.227284134411562	0.856843317996315	1.74596168533083	0.889118367334511
227	0	0	0	0.1	0.119181348594134	0.0324595846193748	0.0585104830031221	0.181117744840838	0.122607261837715	0	0	0	0.2	0.214278607111554	0.0828094219666045	0.0514557544343726	0.374689203356198	0.323233448921826	0	0	1	0.1	0.05925106327857	0.0769367615970071	-0.0855544238163938	0.219059707648133	0.304614131464526	0	0	1	0.2	0.287490228161069	0.197462627332655	-0.0629594326224568	0.702246480352639	0.765205912975096	0	0	2	0.1	0.397161357543768	0.115884027433584	0.188588592205009	0.649125166619678	0.46053657441467	0	0	2	0.2	1.01572509975711	0.224744987456244	0.597885204017698	1.49090174353583	0.893016539518133	0	0	3	0.1	0.739653622715688	0.133636984011299	0.500643085164933	1.02849363312021	0.527850547955282	0	0	3	0.2	1.54652700225536	0.236176306026834	1.12496344743833	2.0273746812511	0.902411233812768
222	0	0	0	0.1	0.102525593822137	0.0281196803908536	0.0480709790975037	0.158109185582043	0.110038206484539	0	0	0	0.2	0.175396786875522	0.065552508960976	0.0531012392695812	0.303508883724701	0.25040764445512	0	0	1	0.1	0.116277558519614	0.0494926817661935	0.0202914751591504	0.213872896474384	0.193581421315234	0	0	1	0.2	0.402353361226255	0.136061963548336	0.149969688657891	0.685800682184601	0.53583099352671	0	0	2	0.1	0.461152256651353	0.0928171955807682	0.292102003215905	0.647986321950194	0.355884318734289	0	0	2	0.2	1.13043420306465	0.202663938232423	0.757626374207104	1.52071874031153	0.763092366104429	0	0	3	0.1	0.772595227457013	0.128650909652645	0.54318728401854	1.03895397680596	0.495766692787419	0	0	3	0.2	1.64809258556899	0.251044865361337	1.18249915385113	2.1505783758188	0.968079221967673
212	0	0	0	0.1	0.146404401802567	0.0346038105688933	0.0823550783765962	0.220711408031894	0.138356329655297	0	0	0	0.2	0.267325863583441	0.0708842560391085	0.13227916119279	0.414359694909541	0.282080533716751	0	0	1	0.1	0.161034839551967	0.0553757306963376	0.0438767930793247	0.263763021459311	0.219886228379986	0	0	1	0.2	0.478921384660906	0.156486680264777	0.161222274346041	0.780907503111851	0.61968522876581	0	0	2	0.1	0.504286783797551	0.104869975072185	0.299871100268588	0.720306274023249	0.420435173754662	0	0	2	0.2	1.23824812292771	0.225510957670308	0.817358457934022	1.7051902952754	0.887831837341378	0	0	3	0.1	0.845459174442351	0.136903630305176	0.596813454853538	1.14701170194127	0.550198247087728	0	0	3	0.2	1.79457344461896	0.265580550271582	1.29826123155074	2.35054414087092	1.05228290932018
25	0	0	0	0.1	0.0897092062394464	0.0388874140751619	0.0162419928627691	0.166475375269514	0.150233382406745	0	0	0	0.2	0.259277432050218	0.0879507156267593	0.0929227550658269	0.434672889872227	0.3417501348064	0	0	1	0.1	0.293081238592517	0.070185213165557	0.174816409382473	0.446390393928276	0.271573984545803	0	0	1	0.2	0.906010077018819	0.221738800374365	0.545285800750964	1.39232905364508	0.847043252894113	0	0	2	0.1	0.774963291309283	0.158734191674594	0.498940564448578	1.1165149166751	0.617574352226518	0	0	2	0.2	1.71111315077956	0.276042885920381	1.20945798127191	2.25227768836111	1.04281970708921	0	0	3	0.1	1.12752469494595	0.177514548414516	0.801765927676952	1.48456187844237	0.682795950765414	0	0	3	0.2	2.15571809849424	0.274753115092343	1.64558518916238	2.67806582075021	1.03248063158783
61	0	0	0	0.1	0.0479330237065268	0.0265153895340157	-0.00321683967089104	0.0987177690125634	0.101934608683454	0	0	0	0.2	0.13350833946279	0.0690291088955238	0.00818892238633599	0.271121756947996	0.26293283456166	0	0	1	0.1	0.260298350169465	0.0614480624950424	0.155693592807247	0.389497859834187	0.23380426702694	0	0	1	0.2	0.779916157989269	0.167030425335282	0.488822393137609	1.14134305917642	0.652520666038812	0	0	2	0.1	0.671000933195929	0.113447717472028	0.475049315301256	0.921634220942868	0.446584905641612	0	0	2	0.2	1.47528415792346	0.218535342876184	1.07362789412887	1.94506526157942	0.871437367450548	0	0	3	0.1	0.989222463133882	0.14742422475164	0.716973806730932	1.29673593715899	0.579762130428061	0	0	3	0.2	1.95685585033333	0.253531477097135	1.45270172067243	2.50613696218833	1.0534352415159
96	0	0	0	0.1	0.0121447602228904	0.0332086093336227	-0.0570460875569102	0.0738526340453664	0.130898721602277	0	0	0	0.2	0.0882266435673805	0.0742381247207527	-0.0612020471506131	0.237406037935811	0.298608085086424	0	0	1	0.1	0.217758326400574	0.0547114464973639	0.118123344005997	0.33407382316409	0.215950479158093	0	0	1	0.2	0.639411137402585	0.147687750350522	0.368606029568665	0.935208278201282	0.566602248632617	0	0	2	0.1	0.556163078401616	0.0952308657286696	0.384648709857485	0.74886903397847	0.364220324120985	0	0	2	0.2	1.22197683822276	0.188039614890889	0.879169743013026	1.60601006100737	0.726840317994346	0	0	3	0.1	0.774581070501526	0.11309212351164	0.55750927107192	0.997609945525352	0.440100674453432	0	0	3	0.2	1.54891532977515	0.206607112165469	1.16523665616248	1.96332052749423	0.79808387133175
39	0	0	0	0.1	0.0242959513357947	0.0286236749230103	-0.0299768926923185	0.0807825353710342	0.110759428063353	0	0	0	0.2	0.0784287985016845	0.072717660989632	-0.0581146714168429	0.223457090368107	0.28157176178495	0	0	1	0.1	0.171845513337012	0.054396053309788	0.0755236134722097	0.282843070352885	0.207319456880675	0	0	1	0.2	0.570557198991112	0.153012837833366	0.296234357882291	0.911620730872192	0.615386372989901	0	0	2	0.1	0.545816037498724	0.109429606251594	0.344195927336934	0.766495996143851	0.422300068806917	0	0	2	0.2	1.26219473793829	0.227322461162056	0.837054804186429	1.72698283773347	0.889928033547039	0	0	3	0.1	0.854313545320511	0.151948952810199	0.585119727698044	1.17320467734741	0.588084949649362	0	0	3	0.2	1.70182706794453	0.267887028028239	1.21280607801282	2.26150565254375	1.04869957453093
105	0	0	0	0.1	0.0783419626356047	0.0324585667469644	0.0167736023365801	0.142216060725726	0.125442458389145	0	0	0	0.2	0.154767804730894	0.0825352774659745	-0.00462654009710118	0.308881893981963	0.313508434079065	0	0	1	0.1	0.162068313298592	0.0718471347946169	0.0183899432146461	0.305548105292987	0.287158162078341	0	0	1	0.2	0.600530426020043	0.200237103068055	0.233732188685806	1.00914200747813	0.775409818792326	0	0	2	0.1	0.646044620728069	0.145052732947953	0.380922958212871	0.93600752351668	0.555084565303809	0	0	2	0.2	1.513824576341	0.286373808369684	0.953363572626547	2.08460146800431	1.13123789537776	0	0	3	0.1	1.04720190352313	0.200332122844517	0.671553157345309	1.44625784769737	0.774704690352065	0	0	3	0.2	2.03775517278681	0.326521048877018	1.3981304364272	2.66819183898631	1.27006140255911
102	0	0	0	0.1	0.0309753066181069	0.0293792957518712	-0.0286427138212379	0.0884689313724221	0.11711164519366	0	0	0	0.2	0.0669648986613691	0.0777640789263329	-0.0763663973845989	0.224826900754908	0.301193298139507	0	0	1	0.1	0.12639181673095	0.0657270764621523	-2.20743662267474e-05	0.260600794492619	0.260622868858846	0	0	1	0.2	0.469933502573667	0.173263437564893	0.167157474470051	0.822724981374048	0.655567506903997	0	0	2	0.1	0.492057269086273	0.106033078994767	0.294148077644521	0.695887520068923	0.401739442424402	0	0	2	0.2	1.14234931135409	0.207475515548914	0.750508344819954	1.54208477705337	0.791576432233419	0	0	3	0.1	0.790047027442962	0.132103799766671	0.542727326115886	1.04553847846582	0.502811152349938	0	0	3	0.2	1.60378399131496	0.241619842117033	1.1406187784056	2.08343939177876	0.942820613373163
64	0	0	0	0.1	0.0442360692005803	0.0315148109418587	-0.0166400882051716	0.107466651833066	0.124106740038237	0	0	0	0.2	0.100571469477153	0.0703238302984265	-0.0336335694124445	0.239913212366095	0.27354678177854	0	0	1	0.1	0.174451990020866	0.0539567345831371	0.0698283696790273	0.282874598632205	0.213046228953178	0	0	1	0.2	0.563692021732378	0.157259741891319	0.261234281854017	0.858137987404247	0.59690370555023	0	0	2	0.1	0.611599596467981	0.108282533489003	0.408547780838691	0.832737127222061	0.42418934638337	0	0	2	0.2	1.41983830829408	0.208326348434005	1.01607597755767	1.81086922301508	0.79479324545741	0	0	3	0.1	0.979363009556013	0.135577407583161	0.735949354450411	1.24863516653892	0.512685812088505	0	0	3	0.2	1.89915905778904	0.222236271559439	1.47737839517185	2.34336069561094	0.865982300439097
127	0	0	0	0.1	0.105540892343179	0.0329202877445405	0.0371319250566511	0.17010470327565	0.132972778218999	0	0	0	0.2	0.134651060807524	0.0865855188498824	-0.0474961922340715	0.28360149978381	0.331097692017881	0	0	1	0.1	0.0182367510332453	0.0618779285488056	-0.104775180511941	0.141465012318758	0.246240192830699	0	0	1	0.2	0.172398172408092	0.157523222678276	-0.129582295779371	0.485342638698161	0.614924934477533	0	0	2	0.1	0.338034668614092	0.103283696397606	0.14394161406098	0.548933228929064	0.404991614868084	0	0	2	0.2	0.941803519846085	0.235194073090614	0.499843619590976	1.42252017100013	0.922676551409153	0	0	3	0.1	0.732092972566481	0.147646920354616	0.4608978650961	1.02480920858207	0.563911343485969	0	0	3	0.2	1.64013395709152	0.285335162244614	1.0802807617537	2.20937198571471	1.12909122396101
3	0	0	0	0.1	0.0388037533302178	0.0317430209728482	-0.0212810911983681	0.103730504016989	0.125011595215358	0	0	0	0.2	0.0769874126252014	0.0760050011530823	-0.0658503245950359	0.233468726648209	0.299319051243245	0	0	1	0.1	0.126276053822113	0.0610323282839639	0.0074793685140731	0.24733474540031	0.239855376886237	0	0	1	0.2	0.415779962271329	0.15748832749148	0.137615205799255	0.733079513294026	0.595464307494771	0	0	2	0.1	0.465286659689703	0.0968405514065806	0.295002166588097	0.648743780858018	0.35374161426992	0	0	2	0.2	1.11115745630793	0.19418283300108	0.766565241765885	1.49231335866018	0.725748116894299	0	0	3	0.1	0.778026774449347	0.121748605188707	0.565867799901515	1.0291854659575	0.463317666055984	0	0	3	0.2	1.57204643477943	0.217028818168492	1.18579779820363	2.05400458237645	0.86820678417282
190	0	0	0	0.1	0.142251731977802	0.0306203264976911	0.0854055527288452	0.203388335690816	0.117982782961971	0	0	0	0.2	0.279923508467771	0.0687784441253943	0.147039389429445	0.416661319867354	0.269621930437909	0	0	1	0.1	0.195655600434287	0.0562261440362862	0.0923551089941041	0.313312759278884	0.22095765028478	0	0	1	0.2	0.650329749219575	0.170529050942315	0.357975900565961	1.02563434160337	0.667658441037414	0	0	2	0.1	0.649056933642359	0.115645118355463	0.443899140103632	0.880823341995511	0.436924201891879	0	0	2	0.2	1.49230508343882	0.220613823076798	1.08594103371382	1.92758459888725	0.841643565173432	0	0	3	0.1	1.01557871901902	0.147037199683987	0.736256649154566	1.30358160249523	0.567324953340666	0	0	3	0.2	1.96163278251527	0.24712367042343	1.47108518166775	2.44742577126811	0.976340589600356
121	0	0	0	0.1	0.129718558130603	0.0377572650369713	0.0569036218068485	0.20458937677108	0.147685754964231	0	0	0	0.2	0.320817314562523	0.0990900770082367	0.135475718011651	0.527483794067919	0.392008076056268	0	0	1	0.1	0.23505566367189	0.0874017798754792	0.0643817746723814	0.410428549484886	0.346046774812505	0	0	1	0.2	0.636869540212386	0.225758150525579	0.187413278628769	1.09476331833824	0.907350039709471	0	0	2	0.1	0.501347598513355	0.142001460128768	0.22026746545536	0.772531719756148	0.552264254300788	0	0	2	0.2	1.16091001912785	0.274141523465259	0.579871876057623	1.68133782172202	1.10146594566439	0	0	3	0.1	0.775676617052484	0.165751597999434	0.452585649043548	1.09024334540669	0.637657696363142	0	0	3	0.2	1.56758508029362	0.289913668385134	0.987257055705295	2.13389094366148	1.14663388795618
236	0	0	0	0.1	0.0892560629056089	0.035470936076641	0.0181062162449385	0.162212013423746	0.144105797178808	0	0	0	0.2	0.17490738381136	0.0965348817426147	-0.0119668161202007	0.370641519956702	0.382608336076903	0	0	1	0.1	0.14601195048495	0.07578308280268	-0.00529037484328083	0.297200387758125	0.302490762601406	0	0	1	0.2	0.472321534770806	0.192373629455348	0.125202672244798	0.896216100227334	0.771013427982536	0	0	2	0.1	0.479321842568085	0.1305527208947	0.277806497482529	0.792054836888212	0.514248339405683	0	0	2	0.2	1.0987334581142	0.272601152242249	0.675340645708487	1.76940470753793	1.09406406182945	0	0	3	0.1	0.760905215075699	0.177231805857215	0.500512727810431	1.18210282472547	0.681590096915038	0	0	3	0.2	1.55839485867857	0.329156126628357	1.0683331902257	2.35410026928748	1.28576707906178
123	0	0	0	0.1	0.133755424584563	0.0312511313073276	0.0715568476487703	0.193768268706455	0.122211421057684	0	0	0	0.2	0.257504030597309	0.0791030603848745	0.0981840450740026	0.408359389386654	0.310175344312651	0	0	1	0.1	0.145220430673575	0.0681792761009364	0.00645114887398792	0.275266410202635	0.268815261328647	0	0	1	0.2	0.611533470371166	0.224009836648251	0.208312243868421	1.06572063002696	0.857408386158534	0	0	2	0.1	0.673387397978666	0.163654126059295	0.387441284503228	1.00181284297026	0.614371558467032	0	0	2	0.2	1.69196649633689	0.323200158737729	1.10609072793226	2.35039856490733	1.24430783697508	0	0	3	0.1	1.18497331045807	0.218299063134911	0.791422369070766	1.65496423496051	0.863541865889748	0	0	3	0.2	2.41310999099816	0.350425064609362	1.76591735480474	3.14619118517757	1.38027383037282
42	0	0	0	0.1	0.0997398342097936	0.0304612106602	0.0444921384643605	0.161941677808718	0.117449539344357	0	0	0	0.2	0.249881586062872	0.0708531826725579	0.124736226723436	0.400900836146618	0.276164609423182	0	0	1	0.1	0.225983058548732	0.0584529434605925	0.113538519974544	0.34964524392777	0.236106723953227	0	0	1	0.2	0.597508700002749	0.151796693534611	0.313745904992342	0.911160753223475	0.597414848231133	0	0	2	0.1	0.503014782220105	0.100224488533211	0.328881648093149	0.700363574042173	0.371481925949025	0	0	2	0.2	1.11995518347747	0.207132716402715	0.758604369504277	1.53590161356872	0.777297244064447	0	0	3	0.1	0.74210993340631	0.127948260296512	0.517347427169386	0.990427657059088	0.473080229889701	0	0	3	0.2	1.49865518049522	0.237573555592008	1.07414459549119	1.99545934553387	0.921314750042681
14	0	0	0	0.1	0.151226011423408	0.0320406203838871	0.0853927878082251	0.216131340861501	0.130738553053276	0	0	0	0.2	0.282769995756526	0.0783965630796466	0.134889814835149	0.447239256058163	0.312349441223013	0	0	1	0.1	0.172692876372713	0.0674459447883159	0.0444814257643184	0.306604069484784	0.262122643720465	0	0	1	0.2	0.61463812691311	0.19076701332939	0.265594077518021	1.01762701577963	0.752032938261604	0	0	2	0.1	0.626125108750032	0.124862050364268	0.383026200449657	0.884332887175995	0.501306686726338	0	0	2	0.2	1.41834503502353	0.234582595037082	0.97561021345577	1.87680554587334	0.90119533241757	0	0	3	0.1	0.983901095243266	0.156297494188042	0.700946120842685	1.31115499751344	0.610208876670754	0	0	3	0.2	1.8933481953576	0.260763200393717	1.40594066615337	2.41321819856195	1.00727753240857
82	0	0	0	0.1	0.0579568071370652	0.0320743167980121	-0.00331753334555584	0.121076056389301	0.124393589734857	0	0	0	0.2	0.0881993214588367	0.0747063724794415	-0.0489202601933088	0.235968535901452	0.284888796094761	0	0	1	0.1	0.116434387426554	0.0554030841889284	0.00930281806293432	0.2243172204255	0.215014402362566	0	0	1	0.2	0.42746558060787	0.146582071897172	0.155103621759908	0.727228954117382	0.572125332357474	0	0	2	0.1	0.532446345600993	0.0950621625921479	0.35986677802278	0.712594504184827	0.352727726162047	0	0	2	0.2	1.2397491086713	0.190650766390955	0.87895600372436	1.61833590093882	0.739379897214462	0	0	3	0.1	0.892644905514765	0.127143328218801	0.650028078957076	1.15641323737444	0.506385158417366	0	0	3	0.2	1.77695264800808	0.224688489862073	1.35037991928404	2.22064384985656	0.870263930572519
129	0	0	0	0.1	0.0632761464205392	0.0369955118098084	-0.00555533985729223	0.139050166612074	0.144605506469366	0	0	0	0.2	0.161573134685834	0.0902489130802138	-0.0176884831580986	0.334022379375374	0.351710862533473	0	0	1	0.1	0.156160168931364	0.0615906108235051	0.037556262337427	0.269583409727657	0.23202714739023	0	0	1	0.2	0.469570494789908	0.158282163689604	0.170897931861649	0.78561141116653	0.614713479304881	0	0	2	0.1	0.457666937069352	0.0999053669459457	0.272770060801542	0.658524849776849	0.385754788975307	0	0	2	0.2	1.09140470346678	0.205517572517648	0.690802306192324	1.48744480049796	0.796642494305635	0	0	3	0.1	0.754505443801217	0.127545622150109	0.504499581561671	1.00477565892322	0.500276077361551	0	0	3	0.2	1.56615090888875	0.238373262343018	1.08217500099564	2.0205842338639	0.938409232868265
26	0	0	0	0.1	0.0982362975207654	0.0303242561276231	0.0394917589647997	0.157763336915931	0.118271577951132	0	0	0	0.2	0.191753939538072	0.071074001832185	0.0569103241897139	0.330617830601945	0.273707506412231	0	0	1	0.1	0.126929485667051	0.0623462878143318	0.00333526424333495	0.246825615901998	0.243490351658663	0	0	1	0.2	0.437269538374413	0.180708786620199	0.0844288007429018	0.814618207535046	0.730189406792144	0	0	2	0.1	0.474695980104916	0.129410722145569	0.241800159152319	0.751307636296905	0.509507477144586	0	0	2	0.2	1.19735486418434	0.2756795340075	0.692948564185946	1.79451591006252	1.10156734587657	0	0	3	0.1	0.872208468218018	0.179390203440408	0.563542903864161	1.25143475260689	0.687891848742727	0	0	3	0.2	1.85767496120899	0.313391500553852	1.30318017022553	2.49391146204859	1.19073129182306
5	0	0	0	0.1	0.0974657465368662	0.0399563216855932	0.0217864183632885	0.174130858194002	0.152344439830714	0	0	0	0.2	0.190790746584473	0.0921311820746058	0.00603566853267638	0.375665619652024	0.369629951119348	0	0	1	0.1	0.183580963564848	0.0637287734156042	0.0629522190781384	0.308728198050662	0.245775978972524	0	0	1	0.2	0.56421573515518	0.162909158210159	0.275604345184522	0.902646493787994	0.627042148603472	0	0	2	0.1	0.549199195512682	0.103358613098999	0.360697501575424	0.759610689043735	0.398913187468311	0	0	2	0.2	1.27653552579817	0.201628327423044	0.891200330600186	1.69800984381062	0.806809513210434	0	0	3	0.1	0.861022884198621	0.12578143160272	0.635946755152505	1.1499966294875	0.514049874334994	0	0	3	0.2	1.71692864540941	0.218607667264796	1.31601887208812	2.18845193685053	0.872433064762401
81	0	0	0	0.1	0.101126060381594	0.0379126538312147	0.0272045362247067	0.175651738351623	0.148447202126917	0	0	0	0.2	0.272185963836477	0.0993347772118019	0.0906547114654388	0.47822604689637	0.387571335430931	0	0	1	0.1	0.235209409038694	0.0653625222085251	0.115636927348687	0.367208613528727	0.25157168618004	0	0	1	0.2	0.646565258021533	0.163396674261053	0.363473171171679	0.980781968788606	0.617308797616926	0	0	2	0.1	0.505180878377692	0.102916428968527	0.328867576153486	0.72988360969503	0.401016033541544	0	0	2	0.2	1.12746029229907	0.208866442196316	0.776151458689024	1.57319194157727	0.797040482888241	0	0	3	0.1	0.735286627369449	0.132671206967223	0.517756350824901	1.03177229494843	0.514015944123529	0	0	3	0.2	1.52608223897618	0.246603165239655	1.094118652468	2.08973170702645	0.995613054558442
58	0	0	0	0.1	0.147494957562455	0.0361124701199799	0.0780459215982121	0.221884493680325	0.143838572082112	0	0	0	0.2	0.324688810350846	0.0852378853618995	0.172881597793968	0.504026045805875	0.331144448011907	0	0	1	0.1	0.199795203447569	0.0660819026003729	0.0573595136735335	0.321335104245717	0.263975590572184	0	0	1	0.2	0.568433729221898	0.178473802581331	0.179767283096777	0.906900823638416	0.727133540541639	0	0	2	0.1	0.515661516677783	0.13358997015518	0.243876328158973	0.800462954130733	0.55658662597176	0	0	2	0.2	1.20270134430231	0.292460169776286	0.628444191798338	1.82285639814714	1.1944122063488	0	0	3	0.1	0.813925728139181	0.194822520362061	0.47679821718502	1.24858132823736	0.771783111052341	0	0	3	0.2	1.67415331175845	0.354434612225545	1.06991999747665	2.42763897466213	1.35771897718548
69	0	0	0	0.1	0.109024081306933	0.0270090805215863	0.0582388266961788	0.162795606438855	0.104556779742677	0	0	0	0.2	0.284226410727475	0.0754588540914213	0.157011264851476	0.440904144159823	0.283892879308348	0	0	1	0.1	0.301867045285041	0.0649871693051362	0.180564064420612	0.431181644888007	0.250617580467395	0	0	1	0.2	0.842891196270533	0.182508875679441	0.517076987696842	1.20100827157369	0.683931283876849	0	0	2	0.1	0.68670155922177	0.122155881915372	0.457257125286556	0.933189850911598	0.475932725625042	0	0	2	0.2	1.47923950840471	0.238431972903382	1.01125990547353	1.95115486570089	0.939894960227352	0	0	3	0.1	0.951644390210293	0.152272825111273	0.656841485211518	1.27075993756072	0.613918452349202	0	0	3	0.2	1.84006586182565	0.265472837016551	1.33175367770993	2.38178094324353	1.0500272655336
261	0	0	0	0.1	0.126850222693927	0.0285504052472095	0.0699222913569972	0.183832702408706	0.113910411051708	0	0	0	0.2	0.278714078743712	0.0707796846924176	0.140916656649881	0.423754306775138	0.282837650125257	0	0	1	0.1	0.194617760606477	0.0560320607266655	0.0833069135379526	0.31017058423858	0.226863670700627	0	0	1	0.2	0.584625836754867	0.157080866459259	0.293006849316734	0.898274209014667	0.605267359697933	0	0	2	0.1	0.538964735948196	0.106202357465664	0.349818261469546	0.758630093078325	0.408811831608779	0	0	2	0.2	1.28218040105079	0.219654614478289	0.867457425068685	1.71757467785932	0.850117252790637	0	0	3	0.1	0.86940475025925	0.137900337292075	0.609110144553737	1.1633902228532	0.554280078299467	0	0	3	0.2	1.79488982415565	0.255119517404022	1.29680145467314	2.33533259297837	1.03853113830523
112	0	0	0	0.1	0.142889449617086	0.0276865008008361	0.0927720297153522	0.19575424161552	0.102982211900168	0	0	0	0.2	0.342789224180829	0.0740743125633841	0.208396524197561	0.493555907197806	0.285159383000244	0	0	1	0.1	0.299718550551664	0.0687146751895714	0.166543288738591	0.435548775203389	0.269005486464799	0	0	1	0.2	0.854615807896827	0.185070609090502	0.529227305123058	1.22981480183154	0.700587496708487	0	0	2	0.1	0.661513297905242	0.115283546444147	0.45640801126164	0.905324131035493	0.448916119773853	0	0	2	0.2	1.39286309862775	0.21843857782226	0.987948184942125	1.83448022669843	0.846532041756308	0	0	3	0.1	0.903624841630733	0.140605626575576	0.644052632905847	1.18464713578812	0.540594502882271	0	0	3	0.2	1.73604974795356	0.240319906621373	1.29894545735411	2.22901999919948	0.93007454184537
175	0	0	0	0.1	0.0868205159330881	0.0298901737323605	0.0336479872148471	0.148788284162469	0.115140296947622	0	0	0	0.2	0.212079524715007	0.0738011334402257	0.0823043426806582	0.370108122103837	0.287803779423178	0	0	1	0.1	0.173322572550524	0.0655127925210075	0.0457672670038783	0.305507600054886	0.259740333051008	0	0	1	0.2	0.472799545908146	0.167374105145234	0.143583601504813	0.82753738860677	0.683953787101957	0	0	2	0.1	0.391158920012199	0.0974779542610653	0.203146067516145	0.582583406850487	0.379437339334342	0	0	2	0.2	0.944840607930632	0.207536094605401	0.539856992714551	1.34399332672789	0.804136334013338	0	0	3	0.1	0.636038318095215	0.121528155231148	0.413177347412141	0.88912058280262	0.475943235390479	0	0	3	0.2	1.40901248440675	0.240744288567464	0.96048311311336	1.88802572615582	0.927542613042458
8	0	0	0	0.1	0.143069692530035	0.031482590978976	0.0788342914273551	0.203705187446817	0.124870896019462	0	0	0	0.2	0.217198666352074	0.0783919520685355	0.0596078043513825	0.363507456134242	0.30389965178286	0	0	1	0.1	0.0270232995678514	0.0594058051698054	-0.0890375762126183	0.134851123912349	0.223888700124967	0	0	1	0.2	0.102528960440962	0.145818490454239	-0.173010774046797	0.383067331222429	0.556078105269226	0	0	2	0.1	0.267127111765662	0.0993942243657167	0.0808142996150465	0.482623035806884	0.401808736191837	0	0	2	0.2	0.702565100067992	0.22098113246537	0.302266141485591	1.18419789625776	0.881931754772172	0	0	3	0.1	0.583489921906853	0.142822794950543	0.335817280135595	0.895766795418881	0.559949515283286	0	0	3	0.2	1.26934702607146	0.271064084235295	0.785400425229193	1.8382530595574	1.05285263432821
165	0	0	0	0.1	0.109543697682446	0.0329736194626318	0.0437760971016623	0.178155364384181	0.134379267282518	0	0	0	0.2	0.188481094111602	0.0741107448497554	0.0377902574034381	0.349777129279573	0.311986871876135	0	0	1	0.1	0.153328732963318	0.0569373262361826	0.0457271369895384	0.265076462576754	0.219349325587216	0	0	1	0.2	0.510608402260698	0.154847154361925	0.233112676979403	0.810449879403965	0.577337202424562	0	0	2	0.1	0.565070484929253	0.104231004711688	0.378469990047537	0.764991242820776	0.386521252773238	0	0	2	0.2	1.31307089711184	0.203079137362179	0.95191896995836	1.7053577476385	0.753438777680138	0	0	3	0.1	0.932220229468228	0.134242228492472	0.69318077693488	1.20850397118467	0.515323194249795	0	0	3	0.2	1.88428194240612	0.232461888453823	1.46738756052733	2.35033524412343	0.882947683596103
140	0	0	0	0.1	0.0685217882220251	0.0310914234271962	0.00876530173420609	0.132506623365964	0.123741321631758	0	0	0	0.2	0.160774833412517	0.0812577279335052	0.00848852465672171	0.331355969720641	0.322867445063919	0	0	1	0.1	0.175601298928641	0.0692128716821812	0.049410993791054	0.322595958567543	0.273184964776489	0	0	1	0.2	0.53209047593062	0.173587253639303	0.218824357713663	0.896037108440342	0.677212750726679	0	0	2	0.1	0.500230370565444	0.105333992315155	0.306550145982684	0.718301320260766	0.411751174278082	0	0	2	0.2	1.11958862883909	0.205546328177211	0.731623483668913	1.53900437812495	0.807380894456034	0	0	3	0.1	0.755246757608226	0.129788324664191	0.519409452630725	1.03113613880233	0.511726686171602	0	0	3	0.2	1.50931255574181	0.234728130664096	1.07749121580235	1.98718784763562	0.909696631833266
90	0	0	0	0.1	0.123935770218039	0.0308853753453297	0.0633248402364537	0.190358382365018	0.127033542128564	0	0	0	0.2	0.311392041339001	0.0823450886070766	0.157917774617189	0.489581346877853	0.331663572260664	0	0	1	0.1	0.222447247913871	0.0686307287894231	0.0811383722190439	0.351704966624592	0.270566594405548	0	0	1	0.2	0.607036473342586	0.180979190323061	0.251952945749994	0.958129895013958	0.706176949263963	0	0	2	0.1	0.478140260181426	0.113528021764439	0.26256447339453	0.702456756674876	0.439892283280346	0	0	2	0.2	1.09970462863624	0.234671680932787	0.615876278430502	1.5509232176164	0.935046939185903	0	0	3	0.1	0.702207739083997	0.144393470089031	0.402221498849382	0.981762985312768	0.579541486463386	0	0	3	0.2	1.46237803305698	0.269748643238164	0.885981028845223	1.96512444058901	1.07914341174379
144	0	0	0	0.1	0.0639733853820868	0.0303131523839263	0.0040262487021814	0.124652902736066	0.120626654033885	0	0	0	0.2	0.187064237750326	0.0902930264722162	0.0174113661536142	0.372330652943748	0.354919286790134	0	0	1	0.1	0.294339796086229	0.0773069635102403	0.155273885319634	0.45810824627182	0.302834360952187	0	0	1	0.2	0.948495949697652	0.214696793575672	0.5681034329442	1.39357876442069	0.825475331476486	0	0	2	0.1	0.77826290624765	0.132405346634282	0.543399627452721	1.04887467048377	0.505475043031054	0	0	2	0.2	1.67736131042045	0.235583130483281	1.25523500188472	2.16069453492175	0.905459533037023	0	0	3	0.1	1.08718620788278	0.153317685736317	0.809972116164603	1.40189332380252	0.59192120763792	0	0	3	0.2	2.05655652190721	0.250831173074621	1.58813976910015	2.56140482699976	0.973265057899612
179	0	0	0	0.1	0.104892054622884	0.0323378746307546	0.0440538877323271	0.169305066700999	0.125251178968672	0	0	0	0.2	0.225881619465673	0.0853129953751267	0.0745863881068586	0.407404825071954	0.332818436965096	0	0	1	0.1	0.210644954157163	0.0745392235996358	0.0775226080403095	0.363310194636015	0.285787586595706	0	0	1	0.2	0.787072044954138	0.230825788549343	0.377530025367802	1.28307785930667	0.905547833938865	0	0	2	0.1	0.735245657514854	0.164067319259327	0.450882065410274	1.08937804872978	0.638495983319505	0	0	2	0.2	1.66087933586597	0.300849087483369	1.13284222510277	2.26875457296336	1.13591234786059	0	0	3	0.1	1.1197685608421	0.201701804564221	0.780442903838276	1.53880611898216	0.758363215143887	0	0	3	0.2	2.15952379655619	0.312131718002424	1.60439449898617	2.81893590023842	1.21454140125225
55	0	0	0	0.1	0.0966365177035155	0.0283576623632042	0.0403043929114047	0.150140763169842	0.109836370258438	0	0	0	0.2	0.19163813806183	0.0722343218600696	0.0541496291038279	0.337985190938948	0.283835561835121	0	0	1	0.1	0.14480521566115	0.0616301737074338	0.0236380032715748	0.263854918298486	0.240216915026911	0	0	1	0.2	0.451330230186326	0.163907457841425	0.13981647008313	0.785665361354696	0.645848891271566	0	0	2	0.1	0.438895725870304	0.105961327526698	0.245128280647497	0.658656165813494	0.413527885165997	0	0	2	0.2	0.990845702068495	0.212021965649402	0.580886533341112	1.43314430772379	0.852257774382678	0	0	3	0.1	0.675053771715332	0.126449839263872	0.44341768020452	0.94573588339289	0.50231820318837	0	0	3	0.2	1.35645572340146	0.227759524056814	0.926120126370828	1.8165954610882	0.890475334717369
249	0	0	0	0.1	0.0946768001776187	0.0315428019735222	0.0355573404401248	0.158922346162393	0.123365005722268	0	0	0	0.2	0.243077312177465	0.0782066752877102	0.0952306405502605	0.397702822744397	0.302472182194136	0	0	1	0.1	0.237619194094724	0.0611477127702142	0.119743412336328	0.356193300041871	0.236449887705543	0	0	1	0.2	0.727476854908292	0.150960872063455	0.460644812819137	1.04009807592253	0.579453263103392	0	0	2	0.1	0.632967767911496	0.0969643384354703	0.468891962544885	0.857443312496754	0.388551349951869	0	0	2	0.2	1.40233779164472	0.181706591773352	1.07982082711154	1.79295600744755	0.713135180336016	0	0	3	0.1	0.938064924034094	0.119139193323717	0.723743608153025	1.19548475660036	0.471741148447336	0	0	3	0.2	1.85163262075924	0.204287810815243	1.47908351696464	2.28206666451203	0.802983147547389
120	0	0	0	0.1	0.16873044702448	0.0384420385066517	0.0964082143134928	0.249607152344758	0.153198938031265	0	0	0	0.2	0.400152241783844	0.0921944204976139	0.229113292990695	0.591768603485985	0.36265531049529	0	0	1	0.1	0.23308059324762	0.0639415903464198	0.108379491508394	0.359827680390787	0.251448188882393	0	0	1	0.2	0.657187881625056	0.179269791817691	0.314898614709697	1.05018328032968	0.735284665619982	0	0	2	0.1	0.521767151102376	0.113533989072172	0.323386359640789	0.762119814078187	0.438733454437398	0	0	2	0.2	1.19254617859585	0.224737688547099	0.785387826940889	1.66982173111169	0.884433904170804	0	0	3	0.1	0.767010958016872	0.132397653421255	0.532318588184679	1.04721781071997	0.514899222535293	0	0	3	0.2	1.54994702289467	0.236232229213959	1.09873081145743	2.04455468498618	0.945823873528748
272	0	0	0	0.1	0.0899615010591914	0.036225220993679	0.0175768047905569	0.160388005430597	0.14281120064004	0	0	0	0.2	0.171702036381243	0.0917676995851814	0	0.349799383031397	0.349799383031397	0	0	1	0.1	0.177464894922344	0.0728501251273067	0.0371913225993832	0.315322053634969	0.278130731035585	0	0	1	0.2	0.689665985473059	0.207968534181347	0.305702565556989	1.11544981319776	0.809747247640774	0	0	2	0.1	0.643482281002697	0.137823487371913	0.408525775278092	0.932081918252773	0.523556142974681	0	0	2	0.2	1.51138203360948	0.271438983655458	1.03244796306501	2.04725542829027	1.01480746522526	0	0	3	0.1	0.964459489419763	0.174531040995907	0.643529278360544	1.32505599896958	0.681526720609041	0	0	3	0.2	1.9815093423531	0.307579317468885	1.38586704350016	2.56226281273606	1.1763957692359
220	0	0	0	0.1	0.125553063035865	0.0305295630800741	0.0683098306373063	0.188488378947364	0.120178548310058	0	0	0	0.2	0.276488058531794	0.0788568840742839	0.133905197669747	0.439939021164732	0.306033823494986	0	0	1	0.1	0.225842968719616	0.0613963653863008	0.109035556866543	0.352737185207827	0.243701628341284	0	0	1	0.2	0.671861157090862	0.159790659007153	0.370941049827703	0.992372689949914	0.621431640122211	0	0	2	0.1	0.595445585867533	0.100547946219968	0.397426963527098	0.791999246857071	0.394572283329973	0	0	2	0.2	1.39876222704966	0.204044947748418	0.994660097942237	1.81721036337924	0.822550265436998	0	0	3	0.1	0.966232919150961	0.131767534928109	0.724140746522347	1.23261270434465	0.508471957822299	0	0	3	0.2	2.02638272716563	0.242708981828261	1.56556575615828	2.51655141405554	0.950985657897262
323	0	0	0	0.1	0.0488334534689771	0.0328978375919802	-0.0120444126126197	0.11756938666947	0.12961379928209	0	0	0	0.2	0.0960222529560317	0.0851389583430096	-0.0624425152140456	0.274567828037195	0.33701034325124	0	0	1	0.1	0.210655184345139	0.0862286426917492	0.0335264317467889	0.381659534328686	0.348133102581897	0	0	1	0.2	0.774088636255243	0.233572933024668	0.307968126133301	1.22363203397624	0.915663907842936	0	0	2	0.1	0.776920251749441	0.141926285136232	0.504992841296326	1.05684635534818	0.551853514051855	0	0	2	0.2	1.68605372134584	0.241731068680088	1.2084121385131	2.1865933185532	0.978181180040092	0	0	3	0.1	1.1653982634871	0.155420192043937	0.865176981397676	1.48687674557574	0.62169976417806	0	0	3	0.2	2.2006142808677	0.251744277776784	1.71163989607326	2.72302913136931	1.01138923529605
2	0	0	0	0.1	0.101764701654473	0.0337300960202315	0.0346380176749075	0.166863306834989	0.132225289160082	0	0	0	0.2	0.217878432430541	0.082421996812984	0.0546373402617822	0.38151190861258	0.326874568350798	0	0	1	0.1	0.156590336227395	0.061228722498538	0.0436408454292884	0.282930112682173	0.239289267252885	0	0	1	0.2	0.499725574582498	0.170566494379248	0.179514520455404	0.855913890855731	0.676399370400327	0	0	2	0.1	0.49074584437149	0.117369677135246	0.284204641295258	0.737749399908723	0.453544758613465	0	0	2	0.2	1.16578292258218	0.24140623737155	0.748852974913545	1.6561698836938	0.907316908780256	0	0	3	0.1	0.805015729037019	0.151297154673603	0.54791376241787	1.12811226615822	0.580198503740348	0	0	3	0.2	1.62488574895302	0.265122819532178	1.13761336862491	2.1654679413347	1.02785457270979
78	0	0	0	0.1	0.157056416820461	0.0333822494468829	0.0947830022419125	0.229138958754239	0.134355956512326	0	0	0	0.2	0.364439294122717	0.0937811143520709	0.188468147132954	0.556504517110828	0.368036369977874	0	0	1	0.1	0.216035326804779	0.0713035757549611	0.0825728142548478	0.362913702667659	0.280340888412811	0	0	1	0.2	0.69730881072813	0.19061013787544	0.339323627435749	1.09770451324636	0.758380885810616	0	0	2	0.1	0.626312391820241	0.121786015709211	0.416539045417605	0.87277723508408	0.456238189666475	0	0	2	0.2	1.43286292362441	0.236517027595346	1.01495298434164	1.95270521400292	0.937752229661276	0	0	3	0.1	0.973893287604909	0.154762159935954	0.695838532443249	1.31582582188515	0.619987289441904	0	0	3	0.2	1.93100245350661	0.26222928697074	1.44603057529562	2.46955350413662	1.02352292884099
67	0	0	0	0.1	0.0893021745603559	0.0335657095340786	0.0259891556442781	0.156453058627117	0.130463902982839	0	0	0	0.2	0.121822273835319	0.0768984888435375	-0.0273440643546368	0.267134941812752	0.294479006167389	0	0	1	0.1	0.114837151596961	0.0593272538527667	-0.00352730333587596	0.228798119774957	0.232325423110833	0	0	1	0.2	0.446101337258638	0.159685917908839	0.139883571326599	0.754171436593467	0.614287865266868	0	0	2	0.1	0.548906471275462	0.110417150431534	0.345665924890682	0.782302380834155	0.436636455943472	0	0	2	0.2	1.3298209501047	0.230508937406772	0.912983953199908	1.83702330475616	0.924039351556256	0	0	3	0.1	0.922161637154395	0.154198312671476	0.648536290075312	1.25819848594355	0.609662195868243	0	0	3	0.2	1.89956922044613	0.284566865130431	1.38452395452103	2.49392184815787	1.10939789363684
145	0	0	0	0.1	0.0732747254880543	0.0295517851609857	0.00929643474678435	0.128093528145383	0.118797093398599	0	0	0	0.2	0.186716198233943	0.0722871989032492	0.0472406799333264	0.321793615021021	0.274552935087695	0	0	1	0.1	0.22060517656736	0.0558505254662335	0.111139750100773	0.329135147692848	0.217995397592075	0	0	1	0.2	0.66977880258893	0.153653412966353	0.389987437740393	0.971788356965485	0.581800919225092	0	0	2	0.1	0.621417995172907	0.105807172091672	0.428754542615555	0.839611785817914	0.410857243202359	0	0	2	0.2	1.38888371743873	0.206098587548859	1.00338723527493	1.81767164019139	0.81428440491646	0	0	3	0.1	0.931865428402869	0.137875247084789	0.690491583801685	1.22909289117052	0.538601307368832	0	0	3	0.2	1.83172719237585	0.235672247722302	1.39909107302014	2.30903711641935	0.909946043399207
167	0	0	0	0.1	0.0280948314741504	0.0265805122831019	-0.0225750340440237	0.0790966309627481	0.101671665006772	0	0	0	0.2	0.0896321736831253	0.06463808036258	-0.0323541061616813	0.224278625617308	0.256632731778989	0	0	1	0.1	0.185273290028311	0.0620534580993725	0.0584496542853285	0.304299529366229	0.245849875080901	0	0	1	0.2	0.616106950908156	0.177368278008445	0.272006571029411	0.96502730194186	0.69302073091245	0	0	2	0.1	0.55269223713773	0.112414030020379	0.345373810548837	0.772031374003232	0.426657563454395	0	0	2	0.2	1.24434440918616	0.218267694613905	0.821521809379805	1.6688361581705	0.847314348790693	0	0	3	0.1	0.835951020058907	0.138372137734611	0.573151940182465	1.12457748522565	0.551425545043184	0	0	3	0.2	1.63526955854467	0.23752751287443	1.1798179979627	2.13494639071344	0.955128392750739
45	0	0	0	0.1	0.10771285579727	0.0340829528405302	0.0407143012942884	0.176135720648915	0.135421419354627	0	0	0	0.2	0.355797175388203	0.0892317189198082	0.19200033904377	0.533582679346162	0.341582340302392	0	0	1	0.1	0.366248655012428	0.0717840932163327	0.226571893411021	0.505564996336301	0.278993102925279	0	0	1	0.2	1.09095431934254	0.217395416579611	0.688392340430961	1.53816613974775	0.849773799316789	0	0	2	0.1	0.839216322905699	0.150957628232355	0.570485342910674	1.16231761443677	0.591832271526096	0	0	2	0.2	1.92086328591843	0.284962997126884	1.38071692249856	2.49552314512884	1.11480622263027	0	0	3	0.1	1.27860197180512	0.203599579804252	0.91982445763814	1.71477548971659	0.794951032078448	0	0	3	0.2	2.54838129138892	0.331241635723008	1.92100424900877	3.20651142873118	1.28550717972241
38	0	0	0	0.1	0.063775796890739	0.0365052036872503	-0.00475441572046546	0.141421607543281	0.146176023263747	0	0	0	0.2	0.136441603794546	0.0921586297451363	-0.0278671247743511	0.332127594006312	0.359994718780663	0	0	1	0.1	0.140883377924799	0.0616146264539804	0.0282517863891355	0.267848848051756	0.23959706166262	0	0	1	0.2	0.440686514378676	0.153555463938045	0.151980768951438	0.748913921839326	0.596933152887889	0	0	2	0.1	0.442240619345853	0.0951608442584913	0.279459227291853	0.641049368421166	0.361590141129313	0	0	2	0.2	0.968975559390087	0.183954854008685	0.641778358077437	1.35416933210202	0.712390974024583	0	0	3	0.1	0.683908222582775	0.11510980896774	0.480820452102763	0.930913719710159	0.450093267607395	0	0	3	0.2	1.36441948800468	0.209842992481696	0.984982023065307	1.80602928553766	0.821047262472348
124	0	0	0	0.1	0.0532488589277991	0.0315778756438199	-0.0111759803562213	0.116335346647686	0.127511327003907	0	0	0	0.2	0.116655779722001	0.0772918184322371	-0.0323592863929195	0.271666783776542	0.304026070169462	0	0	1	0.1	0.183739427742311	0.0637576089412052	0.0586699256820428	0.305815774143749	0.247145848461706	0	0	1	0.2	0.558665504304478	0.167260691770746	0.253022009471428	0.904986555294492	0.651964545823065	0	0	2	0.1	0.505807495939042	0.102030585034406	0.310641304654516	0.717387889439012	0.406746584784496	0	0	2	0.2	1.13770241967681	0.205953527004189	0.744332309212351	1.54780548510915	0.803473175896801	0	0	3	0.1	0.749551275623676	0.125381003062306	0.514950828592297	1.0067465307397	0.491795702147398	0	0	3	0.2	1.50442836402187	0.228347870551361	1.07114633940273	1.98516710598614	0.914020766583403
119	0	0	0	0.1	0.166012101602701	0.0354789272798442	0.0965101812879929	0.229883925281357	0.133373743993364	0	0	0	0.2	0.321136006646899	0.0764256634722431	0.160224671968359	0.467710447682611	0.307485775714252	0	0	1	0.1	0.148663326385804	0.0538096367152955	0.0465849086461148	0.256440387818461	0.209855479172346	0	0	1	0.2	0.356282594433084	0.130587030953902	0.110374841406495	0.607743725134472	0.497368883727977	0	0	2	0.1	0.349768493443039	0.0811173253009666	0.196861192630422	0.505014188039233	0.308152995408811	0	0	2	0.2	0.820687814360607	0.164171866163695	0.517853200308721	1.1486606492702	0.630807448961474	0	0	3	0.1	0.594929512661718	0.0989637725861285	0.414668423124961	0.79266614340931	0.377997720284349	0	0	3	0.2	1.24484385743834	0.183679395837619	0.897846771022473	1.61925034763183	0.721403576609357
148	0	0	0	0.1	0.0674158753115385	0.0299644023654544	0.0104356989845455	0.123227079025788	0.112791380041243	0	0	0	0.2	0.175978963145587	0.0811370861299306	0.0252753745324913	0.337456105288079	0.312180730755588	0	0	1	0.1	0.276085967041934	0.0660504298441289	0.152667146821533	0.421333253048684	0.268666106227151	0	0	1	0.2	0.885921851213768	0.179196871517423	0.549360057591685	1.24687944492927	0.697519387337583	0	0	2	0.1	0.779531450544598	0.115965286408631	0.567030168864541	1.01314455494372	0.446114386079184	0	0	2	0.2	1.68063411922051	0.210557754464365	1.28391577908765	2.10531436661666	0.821398587529004	0	0	3	0.1	1.08984491793366	0.140789047625191	0.83723173572328	1.3803765965049	0.543144860781625	0	0	3	0.2	2.12165805421914	0.239572017288679	1.68159287296193	2.60228821186942	0.920695338907486
87	0	0	0	0.1	0.122856080866679	0.032298914629138	0.0636554984929556	0.18547113017548	0.121815631682524	0	0	0	0.2	0.317650204296591	0.0831395490110048	0.170013774779112	0.483497452372185	0.313483677593072	0	0	1	0.1	0.292456700035333	0.063472069125841	0.171352509709093	0.422542444881831	0.251189935172738	0	0	1	0.2	0.820669636954781	0.174267368697254	0.487623960338075	1.15783140158443	0.670207441246351	0	0	2	0.1	0.655027694891952	0.111178878745974	0.43575539400719	0.883148854392021	0.447393460384831	0	0	2	0.2	1.42993416318741	0.21961090028242	1.00771639358687	1.87604836295638	0.868331969369511	0	0	3	0.1	0.929980192394294	0.139452619446979	0.680632049951939	1.22218011138483	0.541548061432887	0	0	3	0.2	1.83362962570567	0.248150808811351	1.37767955672637	2.36161537700013	0.983935820273758
86	0	0	0	0.1	0.056470403142381	0.0320342430202309	-0.00897187450851858	0.118820636493527	0.127792511002046	0	0	0	0.2	0.206238276313324	0.0899270180665127	0.0428762596936019	0.393512500507453	0.350636240813851	0	0	1	0.1	0.323308855195837	0.0860501165417542	0.153437831324143	0.504457837004966	0.351020005680823	0	0	1	0.2	0.994772059250627	0.230292639238246	0.581256759653465	1.46639634111075	0.885139581457285	0	0	2	0.1	0.779461123956539	0.142462953352821	0.516333062517662	1.06296653032572	0.546633467808056	0	0	2	0.2	1.65124633513667	0.246200702012795	1.19109170809417	2.14685236623169	0.955760658137515	0	0	3	0.1	1.05905882269531	0.157292820811508	0.776402906841881	1.38670534056112	0.61030243371924	0	0	3	0.2	1.98643973938971	0.258959578934185	1.52909384313074	2.52603984735014	0.996946004219404
213	0	0	0	0.1	0.136296927541415	0.0332510713957834	0.0756587659246358	0.202795498339286	0.12713673241465	0	0	0	0.2	0.199985878030477	0.0842493169007168	0.0314370755739912	0.367291105492545	0.335854029918554	0	0	1	0.1	0.0446138290182906	0.0645048816552773	-0.0926155210988568	0.171254506478626	0.263870027577483	0	0	1	0.2	0.253058781228929	0.158571607711223	-0.0520552871795807	0.581645840756104	0.633701127935685	0	0	2	0.1	0.395808370216043	0.0993919892594546	0.212576310639619	0.608765717086174	0.396189406446555	0	0	2	0.2	1.01337891924184	0.208075138274397	0.624343984218893	1.44388841454934	0.819544430330442	0	0	3	0.1	0.761195457455975	0.131545632921665	0.52838629378938	1.04613922598339	0.517752932194006	0	0	3	0.2	1.64291396055641	0.244571700333691	1.2127526771711	2.14996340966279	0.937210732491684
252	0	0	0	0.1	0.117829001230919	0.0302624810460848	0.0614778017378377	0.176203389220491	0.114725587482653	0	0	0	0.2	0.207653167882384	0.0758618896759445	0.0642264300868616	0.357719561546768	0.293493131459906	0	0	1	0.1	0.0992242225689164	0.0653320705410138	-0.0263388007311994	0.222793955046895	0.249132755778094	0	0	1	0.2	0.366592926459107	0.175992988767077	0.0438757874355679	0.73782859713973	0.693952809704162	0	0	2	0.1	0.435594351816584	0.126872146252883	0.222606737679423	0.706313024605361	0.483706286925938	0	0	2	0.2	1.05993914549005	0.275505657210623	0.597251596862548	1.61324745977971	1.01599586291716	0	0	3	0.1	0.762768909086676	0.17858780126077	0.469338571460562	1.12428025901508	0.654941687554519	0	0	3	0.2	1.580473164163	0.326531662846048	1.02259595797922	2.23108588262021	1.20848992464098
68	0	0	0	0.1	0.136488726219333	0.0313633675202548	0.0760426605344943	0.19815233142805	0.122109670893556	0	0	0	0.2	0.278533721572513	0.0749705895716959	0.133072004290657	0.429597481665989	0.296525477375332	0	0	1	0.1	0.161888363372961	0.0558636622232595	0.0530218036081248	0.272941162972102	0.219919359363977	0	0	1	0.2	0.483357892175536	0.138114069870909	0.236786956446607	0.754691979415971	0.517905022969364	0	0	2	0.1	0.475278124286714	0.0910939360910383	0.3101120215707	0.663054602533042	0.352942580962342	0	0	2	0.2	1.0930912174847	0.182886334043748	0.764804743979919	1.46820428950468	0.703399545524765	0	0	3	0.1	0.765736726568657	0.120539741817376	0.54544793905614	1.00863779336789	0.463189854311749	0	0	3	0.2	1.57552495098812	0.220867864012589	1.17665783222628	2.0019690960711	0.825311263844823
169	0	0	0	0.1	0.104590046108762	0.0303415980117909	0.0498198172077176	0.163933878019482	0.114114060811764	0	0	0	0.2	0.224878393570356	0.0799683025744088	0.0666969552810453	0.388771506118708	0.322074550837663	0	0	1	0.1	0.126460122780433	0.0785152816129284	-0.0229208202517982	0.281073001725446	0.303993821977245	0	0	1	0.2	0.469200380345551	0.215595146708849	0.0648687392124655	0.921813453094866	0.8569447138824	0	0	2	0.1	0.491541285968495	0.138581593152174	0.234614138002478	0.782343615299577	0.5477294772971	0	0	2	0.2	1.17911421305716	0.264229394237013	0.638194310875055	1.69288661340865	1.0546923025336	0	0	3	0.1	0.814546438342748	0.164884254725821	0.493343057618398	1.14584944010842	0.652506382490023	0	0	3	0.2	1.7002035835817	0.298126146657737	1.1098532800852	2.26905648805752	1.15920320797232
287	0	0	0	0.1	0.141870107283597	0.0326572655157539	0.0812056908609448	0.206842937352306	0.125637246491361	0	0	0	0.2	0.321593807552457	0.0844345090691695	0.169069596392251	0.497619173255835	0.328549576863584	0	0	1	0.1	0.158322236040918	0.0723767259816862	0.0217669984021831	0.294389438791703	0.27262244038952	0	0	1	0.2	0.418493229052153	0.179504301380684	0.0844666322565486	0.757648009385502	0.673181377128953	0	0	2	0.1	0.371143608358282	0.0973168058619643	0.186574987915295	0.560091114013769	0.373516126098475	0	0	2	0.2	0.875401307435596	0.194411221409278	0.517858900128481	1.25963068564468	0.741771785516199	0	0	3	0.1	0.628150645997829	0.114596231135782	0.415917374454046	0.859885199955113	0.443967825501066	0	0	3	0.2	1.30562780385147	0.211998316804164	0.895307212943866	1.72777009898684	0.832462886042974
101	0	0	0	0.1	0.106759315974619	0.0284133199107565	0.0553118521888082	0.166865556178286	0.111553703989478	0	0	0	0.2	0.236784079733247	0.0754002038282333	0.106198070912388	0.407754949989894	0.301556879077505	0	0	1	0.1	0.25731007916997	0.0801288053684583	0.106719860868328	0.417704247195499	0.31098438632717	0	0	1	0.2	0.890710409447101	0.25705537793923	0.410416502328676	1.41988420201231	1.00946769968364	0	0	2	0.1	0.829772938672734	0.160359804242594	0.530916072730474	1.15136623739145	0.620450164660975	0	0	2	0.2	1.89166012279236	0.275166179615975	1.36078743510434	2.41160528363802	1.05081784853368	0	0	3	0.1	1.27161329092151	0.178984124453639	0.9413194619294	1.62692665732913	0.685607195399726	0	0	3	0.2	2.45809908433909	0.29123612589484	1.92272238230009	3.01888372922402	1.09616134692394
308	0	0	0	0.1	0.168511109056454	0.0336674027272648	0.10952080125298	0.241255289216571	0.131734487963591	0	0	0	0.2	0.420549583961702	0.10338230136021	0.236180566384784	0.642369102662309	0.406188536277525	0	0	1	0.1	0.262249149234971	0.0806377958186631	0.110953528183625	0.422548046575847	0.311594518392222	0	0	1	0.2	0.855933127946913	0.207187405067433	0.474704887151299	1.27593799694779	0.801233109796493	0	0	2	0.1	0.711774468589096	0.130405362732279	0.476883367898502	0.972744790521251	0.495861422622749	0	0	2	0.2	1.57628587393488	0.236942978718185	1.12212195919591	2.05608270087786	0.933960741681952	0	0	3	0.1	1.04031025403758	0.158234969111759	0.750713987524556	1.37413925566511	0.623425268140555	0	0	3	0.2	2.01300877029048	0.264017219815973	1.50852056784423	2.56147514575783	1.0529545779136
201	0	0	0	0.1	0.0798406700460393	0.0303571024698663	0.0179223456732761	0.138783999676761	0.120861654003485	0	0	0	0.2	0.159413031952749	0.0681587850744804	0.0287337439556023	0.29905796838215	0.270324224426548	0	0	1	0.1	0.195756234731184	0.0621292292224062	0.0849634555917341	0.325117468785296	0.240154013193562	0	0	1	0.2	0.631762604802184	0.1820839158503	0.31831836572228	1.01332728970375	0.695008923981466	0	0	2	0.1	0.632991263902048	0.128805302316422	0.404389840018697	0.895775908656439	0.491386068637742	0	0	2	0.2	1.48699907410905	0.26387259271154	1.0053541694676	2.00768617512192	1.00233200565432	0	0	3	0.1	1.00968180410096	0.168581513819886	0.713989522634659	1.36259475622553	0.648605233590867	0	0	3	0.2	2.02086054007864	0.29277171407663	1.48059566261152	2.65256223249021	1.17196656987869
29	0	0	0	0.1	0.120674367040145	0.0307673588185418	0.0638108343667795	0.181904266987116	0.118093432620337	0	0	0	0.2	0.27294873342207	0.0649605634722211	0.148497246098252	0.405093497823841	0.256596251725588	0	0	1	0.1	0.245796923318284	0.0568757334144425	0.138625236798234	0.363701148419112	0.225075911620878	0	0	1	0.2	0.704780035822221	0.190416407112189	0.381319235137697	1.15065495018854	0.769335715050846	0	0	2	0.1	0.638419130762784	0.146853957405673	0.379814872201418	0.968116859582879	0.588301987381461	0	0	2	0.2	1.55899942303027	0.328693790526943	0.956056931253575	2.26424297289329	1.30818604163971	0	0	3	0.1	1.04702256378958	0.203973796499235	0.686020551036637	1.46933807052781	0.783317519491175	0	0	3	0.2	2.20219902170646	0.366901236991484	1.54465302329763	2.94582805823087	1.40117503493324
255	0	0	0	0.1	0.0827588658488687	0.0307928224180216	0.0227135271812276	0.142743665619363	0.120030138438136	0	0	0	0.2	0.15782716570521	0.0748899386816394	0.0178657666000306	0.30983683237169	0.29197106577166	0	0	1	0.1	0.103865891014872	0.0649136565593255	-0.0273725071034063	0.228381746136387	0.255754253239793	0	0	1	0.2	0.349261265586882	0.168350479147154	0.0202313815566927	0.713732497729458	0.693501116172765	0	0	2	0.1	0.409047762102622	0.109777996233716	0.194711430746385	0.641222715293341	0.446511284546956	0	0	2	0.2	1.01089845155975	0.230680180129235	0.554022024921032	1.44453975853239	0.890517733611353	0	0	3	0.1	0.737522698804609	0.146234710874476	0.448339480402452	1.02028145843156	0.571941978029106	0	0	3	0.2	1.55563021123291	0.270547113812445	1.0210443264846	2.07222039523623	1.05117606875163
117	0	0	0	0.1	0.146159511295597	0.0352682555806578	0.0787346659666844	0.218663933503682	0.139929267536997	0	0	0	0.2	0.307928411570056	0.0880520759683715	0.141065680815271	0.48792519184665	0.346859511031379	0	0	1	0.1	0.203650104085335	0.0793744391448881	0.0642693751879516	0.363428640084448	0.299159264896496	0	0	1	0.2	0.615541433621688	0.216159014863375	0.236524145360039	1.07463251139895	0.838108366038916	0	0	2	0.1	0.566338024076051	0.13391169520158	0.335757815814546	0.852410101593828	0.516652285779282	0	0	2	0.2	1.37302460257501	0.257869767454772	0.916188391102556	1.90521518302761	0.98902679192505	0	0	3	0.1	0.917966904214394	0.153717506268069	0.63958218355228	1.23198698944138	0.592404805889102	0	0	3	0.2	1.90548760683537	0.267476780682602	1.40272061895577	2.44393189313718	1.04121127418141
197	0	0	0	0.1	0.0617103247812022	0.0322381791603652	-0.00484710300056974	0.123036966341321	0.12788406934189	0	0	0	0.2	0.161956543946949	0.0798813023441266	0.012104788960865	0.323506258793851	0.311401469832986	0	0	1	0.1	0.197714439013643	0.07970573291944	0.0372832738946155	0.3543756801704	0.317092406275785	0	0	1	0.2	0.656821067111168	0.209557768628138	0.291415088865539	1.0965752226659	0.805160133800358	0	0	2	0.1	0.607609868437863	0.129522388320842	0.37445652153621	0.872242080068735	0.497785558532526	0	0	2	0.2	1.38607199145653	0.250129685363448	0.928214843188929	1.89698793991438	0.968773096725446	0	0	3	0.1	0.921278740126666	0.156996644542594	0.638773622709362	1.23865655597356	0.599882933264201	0	0	3	0.2	1.81200334527916	0.273197141891003	1.32012476391869	2.36478342924717	1.04465866532848
229	0	0	0	0.1	0.165976733071708	0.0309951682865015	0.10931394873481	0.226268572403847	0.116954623669037	0	0	0	0.2	0.337352118082584	0.0777812503346819	0.194423781961065	0.497443383164828	0.303019601203763	0	0	1	0.1	0.155180524560756	0.0593199438189517	0.0464141956991622	0.278197062130764	0.231782866431601	0	0	1	0.2	0.443618180405893	0.152306461947598	0.158763952594385	0.755729135710861	0.596965183116476	0	0	2	0.1	0.420363184833898	0.0966159637927795	0.240958314291774	0.620659786447255	0.379701472155481	0	0	2	0.2	1.02980606967401	0.220767338375668	0.618740063034526	1.48636140862354	0.867621345589016	0	0	3	0.1	0.70733758204353	0.133804432667666	0.46299724315905	0.971607658836537	0.508610415677487	0	0	3	0.2	1.53225684350286	0.273752291562141	1.00385158833455	2.05786964295958	1.05401805462503
285	0	0	0	0.1	0.058457493102647	0.0327226100568845	-0.00634277268863384	0.123404079254849	0.129746851943483	0	0	0	0.2	0.115184794184622	0.0760903993451571	-0.0367067605064208	0.267180592672896	0.303887353179317	0	0	1	0.1	0.116228948383119	0.0503352031126955	0.0212705434544675	0.216096923836699	0.194826380382231	0	0	1	0.2	0.413804344373164	0.138662288443078	0.159993759597893	0.686696738236586	0.526702978638693	0	0	2	0.1	0.50325085817487	0.0947793508880404	0.341419400694399	0.691613832493918	0.350194431799518	0	0	2	0.2	1.25082496466479	0.196411059882199	0.893884961653907	1.65177298312001	0.7578880214661	0	0	3	0.1	0.919818553424444	0.12967203399655	0.681451981905704	1.19681300763556	0.515361025729852	0	0	3	0.2	1.8991713595695	0.234263458091849	1.46142949644319	2.37846139911584	0.917031902672653
125	0	0	0	0.1	0.0916588291890985	0.0311274885340627	0.0298892256021017	0.147064074230697	0.117174848628596	0	0	0	0.2	0.189096272113361	0.0662258876044193	0.0653217019353429	0.323010886255135	0.257689184319792	0	0	1	0.1	0.212008961330958	0.0532262915256426	0.106316174815501	0.319126029844395	0.212809855028894	0	0	1	0.2	0.636638125585706	0.155496674785178	0.347391262676942	0.960251332970805	0.612860070293863	0	0	2	0.1	0.630160800600739	0.117597539350942	0.41967425504328	0.859298236280748	0.439623981237468	0	0	2	0.2	1.45041843305624	0.235950083891612	1.01019941011635	1.90398772452497	0.893788314408612	0	0	3	0.1	1.0010392065868	0.154921924685065	0.72409759854194	1.31240084349534	0.588303244953405	0	0	3	0.2	1.9756817014462	0.265065272670722	1.50238479427411	2.50420838918049	1.00182359490639
74	0	0	0	0.1	0.131101403633241	0.0313248794127381	0.0746056888488077	0.19629266073415	0.121686971885342	0	0	0	0.2	0.252827947272954	0.0814576103096123	0.0918033660091766	0.425252128294686	0.33344876228551	0	0	1	0.1	0.116718258996918	0.0669986423189383	-0.0195271942554354	0.238105746192104	0.257632940447539	0	0	1	0.2	0.405031896164865	0.179620488927707	0.0482413058827736	0.747285759549717	0.699044453666943	0	0	2	0.1	0.485463292282186	0.122223176209321	0.256871313213104	0.724684935566291	0.467813622353188	0	0	2	0.2	1.28190685226253	0.262274245261942	0.797021487853757	1.79309288942784	0.996071401574085	0	0	3	0.1	0.943377913880598	0.168213031221719	0.647457681898459	1.29310417345764	0.64564649155918	0	0	3	0.2	1.95400698009236	0.286284621645212	1.42725644103081	2.54047321850924	1.11321677747843
62	0	0	0	0.1	0.045402634855671	0.0313562625953625	-0.014000193692362	0.108654183164946	0.122654376857308	0	0	0	0.2	0.089062341009659	0.0743690615776351	-0.0561569239885305	0.241545013876384	0.297701937864915	0	0	1	0.1	0.153255789206708	0.0648389885485958	0.0297357521639285	0.281737119947307	0.252001367783378	0	0	1	0.2	0.515654210621695	0.168175084673992	0.216554045332984	0.876597043905708	0.660042998572724	0	0	2	0.1	0.514771804003592	0.104317936469308	0.328681779105428	0.732871470813268	0.404189691707839	0	0	2	0.2	1.24158727939457	0.21646043878356	0.849805511032248	1.72262126805225	0.872815757020004	0	0	3	0.1	0.833952212084126	0.13638260235892	0.594259067844454	1.15402214964489	0.559763081800433	0	0	3	0.2	1.73783622215236	0.251315149775932	1.2957685333858	2.31563778510571	1.01986925171991
128	0	0	0	0.1	0.0983050264249066	0.0324111420326577	0.0337680143914248	0.165023885398177	0.131255871006753	0	0	0	0.2	0.187824575515352	0.0807072733302036	0.0337113328595816	0.351787682923009	0.318076350063427	0	0	1	0.1	0.134379636566744	0.0604315710021692	0.0186683559427104	0.256328398568482	0.237660042625772	0	0	1	0.2	0.461349972581444	0.181486304830746	0.127626321412226	0.837391138373817	0.709764816961591	0	0	2	0.1	0.501056277306348	0.118152936098604	0.280872514319154	0.746107826145652	0.465235311826498	0	0	2	0.2	1.20273883511726	0.222446203238487	0.805836291441397	1.65495388545126	0.849117594009863	0	0	3	0.1	0.832455405460322	0.135547145543308	0.598852450885421	1.10563382094416	0.506781370058736	0	0	3	0.2	1.66811643189363	0.225089815206614	1.26722046397352	2.13957899366104	0.872358529687517
103	0	0	0	0.1	0.11528622149396	0.0328247473738631	0.0532502774406521	0.185537086677304	0.132286809236652	0	0	0	0.2	0.303202896064949	0.0887066062479449	0.139557200073459	0.486175115225931	0.346617915152472	0	0	1	0.1	0.272653436742875	0.0766628455990065	0.131485856289675	0.42916916561815	0.297683309328475	0	0	1	0.2	0.798711086536989	0.198313640004319	0.437302232015524	1.21414996173334	0.77684772971782	0	0	2	0.1	0.635995405135702	0.120901302272337	0.418205471917859	0.891311253763191	0.473105781845332	0	0	2	0.2	1.43622639406161	0.227909601059956	1.01739705143533	1.90964591797293	0.892248866537595	0	0	3	0.1	0.951495903058787	0.14143125235941	0.689564450615889	1.24964572260907	0.560081271993181	0	0	3	0.2	1.91754509146319	0.247079336240994	1.447848844717	2.40753007973894	0.959681235021944
135	0	0	0	0.1	0.10325225399989	0.033151390447862	0.0383361371857829	0.171935736287578	0.133599599101795	0	0	0	0.2	0.22559650735685	0.0797906002809171	0.0710508068258465	0.402426852791254	0.331376045965407	0	0	1	0.1	0.200212362769568	0.0536709751522549	0.105695957517734	0.312670774980962	0.206974817463229	0	0	1	0.2	0.557188195985856	0.134152796585378	0.310538336425978	0.833204136529126	0.522665800103148	0	0	2	0.1	0.502668359812103	0.0920657147499192	0.334230069733604	0.691485533561823	0.357255463828218	0	0	2	0.2	1.11688440936889	0.18904007667375	0.77889243003499	1.50824843178312	0.729356001748132	0	0	3	0.1	0.749966997026244	0.121465306350352	0.544886843782208	1.01296615512988	0.468079311347674	0	0	3	0.2	1.51548641452242	0.219261968367155	1.12676193751422	1.9818433481709	0.855081410656681
231	0	0	0	0.1	0.0643989887967285	0.0297873270095937	0.00782274375360633	0.124265827170975	0.116443083417368	0	0	0	0.2	0.176749536591781	0.0711107255565346	0.0403939006173747	0.322035450112711	0.281641549495336	0	0	1	0.1	0.176433078860466	0.0615305854980781	0.059618860914402	0.307361181888289	0.247742320973887	0	0	1	0.2	0.515279016399861	0.161699304053533	0.219332415430982	0.84826050626966	0.628928090838678	0	0	2	0.1	0.464801534575138	0.0990574189257526	0.288270543246968	0.672679042513647	0.384408499266679	0	0	2	0.2	1.00163025284073	0.190747404195083	0.636896315320265	1.40662025518562	0.769723939865356	0	0	3	0.1	0.661762985668213	0.114707173709357	0.436185178036832	0.924598112265462	0.48841293422863	0	0	3	0.2	1.30100442222986	0.20788836272209	0.887419540351463	1.76681624172484	0.879396701373382
104	0	0	0	0.1	0.114557036637269	0.0325058884742016	0.053543626470368	0.178809498124454	0.125265871654086	0	0	0	0.2	0.186904594076025	0.0690725709682188	0.054114372203677	0.32312534870824	0.269010976504563	0	0	1	0.1	0.134117746024526	0.0511925146021131	0.0351908608127598	0.23669657764256	0.2015057168298	0	0	1	0.2	0.439842710964978	0.142799422720492	0.190353315216859	0.740873658662154	0.550520343445295	0	0	2	0.1	0.510743942503643	0.102567389584228	0.325870783202028	0.718562315061018	0.39269153185899	0	0	2	0.2	1.26730366903234	0.219800558872438	0.866267539927083	1.71237189495768	0.846104355030597	0	0	3	0.1	0.869067410441985	0.141717254074043	0.606953152467391	1.16326085064099	0.556307698173596	0	0	3	0.2	1.82929696991051	0.261454224615763	1.33475807464853	2.33984523467054	1.00508716002201
88	0	0	0	0.1	0.075329857415897	0.0316825713593618	0.0161792381898358	0.139963526742513	0.123784288552677	0	0	0	0.2	0.175590124759685	0.0770571291085833	0.0331962274015535	0.33462346849093	0.301427241089376	0	0	1	0.1	0.173572731714258	0.0532069859048865	0.0780764809990021	0.282830764129696	0.204754283130694	0	0	1	0.2	0.553383855335744	0.155252591827682	0.270601404043332	0.873740199719621	0.603138795676289	0	0	2	0.1	0.545020679805694	0.113561524393089	0.332925482977899	0.779805078295518	0.446879595317618	0	0	2	0.2	1.31238646357629	0.23463540172142	0.857558526182801	1.76785275808526	0.910294231902462	0	0	3	0.1	0.880342233303539	0.147527802932055	0.608774467606391	1.17203187911982	0.563257411513432	0	0	3	0.2	1.77368840320532	0.259640394207037	1.30308536433823	2.26165260173039	0.958567237392163
210	0	0	0	0.1	0.122196397854245	0.0338333039856991	0.0556150341135592	0.188098772657039	0.13248373854348	0	0	0	0.2	0.268154919942718	0.0896379615110984	0.103313389163483	0.448466737730613	0.34515334856713	0	0	1	0.1	0.238176769010059	0.0711564600529837	0.116080574189688	0.39739375222032	0.281313178030632	0	0	1	0.2	0.888210515641557	0.211081254752789	0.521001262169858	1.36323393716919	0.842232674999329	0	0	2	0.1	0.822659504109184	0.134483313079538	0.584506718531518	1.10304024788336	0.518533529351839	0	0	2	0.2	1.76357991414587	0.233914701387701	1.31961764380183	2.23521542292646	0.915597779124632	0	0	3	0.1	1.15884875358112	0.154507975497743	0.878426792844819	1.47671053617833	0.598283743333511	0	0	3	0.2	2.16748622414767	0.248590699735301	1.69556221106809	2.66703755930477	0.971475348236682
370	0	0	0	0.1	0.14042999036781	0.0340966318610165	0.0745137202774194	0.209671016156463	0.135157295879043	0	0	0	0.2	0.341208459829702	0.0859931864352827	0.175006389548314	0.515785222772929	0.340778833224615	0	0	1	0.1	0.23659192981924	0.0802912847972884	0.0984736322190493	0.414759766491544	0.316286134272495	0	0	1	0.2	0.721609184531089	0.235578680943824	0.318504485909111	1.23846554265859	0.919961056749479	0	0	2	0.1	0.584191312162242	0.151846757311174	0.314081504513897	0.88868362145184	0.574602116937943	0	0	2	0.2	1.31928451037758	0.286202544009946	0.772644547225356	1.87220414652438	1.09955959929903	0	0	3	0.1	0.852807603514808	0.174063773628928	0.519172239774779	1.19692780782778	0.677755568053003	0	0	3	0.2	1.70329315298739	0.298561117511396	1.11599025118456	2.30478496632516	1.1887947151406
181	0	0	0	0.1	0.124342742342798	0.0297636670801435	0.0681868555016486	0.182790710946434	0.114603855444785	0	0	0	0.2	0.258175545232153	0.073930170854452	0.125320545270418	0.41237018823655	0.287049642966133	0	0	1	0.1	0.170757089985455	0.0706971814265645	0.0411218497652681	0.319378536125226	0.278256686359957	0	0	1	0.2	0.493209812335243	0.187221405423301	0.164289883609694	0.896801687551095	0.732511803941402	0	0	2	0.1	0.473265566891439	0.121725047045369	0.259353672114195	0.737083641033908	0.477729968919713	0	0	2	0.2	1.10346174276252	0.242581770145391	0.686926601203451	1.60790536202885	0.920978760825398	0	0	3	0.1	0.776405698900448	0.150417705273586	0.52439265526645	1.09964377199489	0.57525111672844	0	0	3	0.2	1.58326064676249	0.265785199254881	1.12200852285954	2.12477985458099	1.00277133172145
43	0	0	0	0.1	0.0902658870212341	0.0361968687749601	0.0230486227235655	0.16211465933318	0.139066036609614	0	0	0	0.2	0.273221785746487	0.0908610267068325	0.106629205903726	0.458786305414732	0.352157099511006	0	0	1	0.1	0.262199110453573	0.0590415543456661	0.142287236224073	0.374340732874706	0.232053496650633	0	0	1	0.2	0.721531382107708	0.154111994323972	0.417985869595985	1.03719481171116	0.619208942115179	0	0	2	0.1	0.571839942674484	0.104644249231292	0.359909408627985	0.784116568587318	0.424207159959333	0	0	2	0.2	1.25675761706887	0.21405420035723	0.836377477030441	1.66650687403732	0.830129397006883	0	0	3	0.1	0.787853790543417	0.134147703858881	0.527189033813825	1.04705540094821	0.519866367134388	0	0	3	0.2	1.57445643306438	0.249365606518515	1.08260887813211	2.05537881219643	0.972769934064317
228	0	0	0	0.1	0.0747245619814959	0.0314918929621575	0.0109318098679881	0.135779631749369	0.124847821881381	0	0	0	0.2	0.0890407407579654	0.0763124789138742	-0.0747793151123689	0.237423248188814	0.312202563301183	0	0	1	0.1	0.0907047436058759	0.0667998154746813	-0.0412002195711521	0.219852733386889	0.261052952958042	0	0	1	0.2	0.390062226210504	0.187000498718258	0.0540150218150426	0.764274202705777	0.710259180890735	0	0	2	0.1	0.569600293793912	0.126607301616503	0.348078972204562	0.838849659830912	0.49077068762635	0	0	2	0.2	1.44883322229317	0.246782877985441	0.995435735251257	1.9333281752247	0.937892439973447	0	0	3	0.1	1.05977140552535	0.164451397148039	0.770793505756955	1.3926123445307	0.621818838773744	0	0	3	0.2	2.14570903440134	0.276944490126638	1.6404630461691	2.70036713020428	1.05990408403518
50	0	0	0	0.1	0.0790422568146606	0.0328843142965342	0.0139448442986234	0.144905789616843	0.13096094531822	0	0	0	0.2	0.0741537200860498	0.0773369366778195	-0.0806156258648488	0.219987928770947	0.300603554635796	0	0	1	0.1	0.0601500526949672	0.066163795206525	-0.0614024741352291	0.189946752828088	0.251349226963317	0	0	1	0.2	0.337045147359644	0.175858285080604	0.0302915766677573	0.695772304209581	0.665480727541824	0	0	2	0.1	0.497491737501061	0.118539911890277	0.285616054608801	0.747182656315357	0.461566601706555	0	0	2	0.2	1.24860993210114	0.235312105853033	0.801621773576389	1.70250848663804	0.900886713061647	0	0	3	0.1	0.89516641610153	0.146835322213239	0.621221304766147	1.18220194975044	0.560980644984292	0	0	3	0.2	1.87171427160775	0.271443083573109	1.35643499389499	2.42191904038867	1.06548404649368
307	0	0	0	0.1	0.151461703574061	0.0380815297576618	0.0802501680844148	0.227675279245907	0.147425111161492	0	0	0	0.2	0.284427329840607	0.0931186607845269	0.106101840307988	0.473934908099621	0.367833067791633	0	0	1	0.1	0.164616942540533	0.0668729802838735	0.0338649807224149	0.298713576377153	0.264848595654738	0	0	1	0.2	0.561502424727233	0.188070097483844	0.211970808916958	0.966659839169331	0.754689030252373	0	0	2	0.1	0.544577664175567	0.1161035927076	0.34125567011507	0.791870414833161	0.450614744718091	0	0	2	0.2	1.2754279339146	0.227583788954175	0.866760958625002	1.74285485302764	0.876093894402641	0	0	3	0.1	0.855446359181587	0.139939250880241	0.605607625336375	1.15008579969794	0.54447817436157	0	0	3	0.2	1.72058632515323	0.241750710124542	1.28786427177012	2.22019236637143	0.932328094601314
13	0	0	0	0.1	0.069344726064951	0.028975270714672	0.01421661695029	0.127830349365755	0.113613732415465	0	0	0	0.2	0.135322331182751	0.0743943239655044	-0.000799559187278908	0.280518372219287	0.281317931406566	0	0	1	0.1	0.109254686772886	0.0690477314033414	-0.0284234714049954	0.240781241852986	0.269204713257981	0	0	1	0.2	0.366448189993582	0.168571745308308	0.0400854649184545	0.694571703314087	0.654486238395632	0	0	2	0.1	0.400114389020091	0.0961803841828218	0.221863794338297	0.611187697249001	0.389323902910704	0	0	2	0.2	0.962777595089815	0.18535510107173	0.612813727029952	1.34594034810896	0.733126621079011	0	0	3	0.1	0.681944069729666	0.110571878379005	0.489812127699423	0.917964293194387	0.428152165494963	0	0	3	0.2	1.41106340719609	0.198779873590368	1.05748620784407	1.83483054214605	0.777344334301984
170	0	0	0	0.1	0.0296869120490234	0.028606393162517	-0.0269362668055119	0.0846064139475076	0.111542680753019	0	0	0	0.2	0.113770933339326	0.0696920544550964	-0.0199391728486556	0.26069538170831	0.280634554556966	0	0	1	0.1	0.297089695597194	0.0667476903084818	0.182643626926598	0.439532326997733	0.256888700071136	0	0	1	0.2	0.940275196133998	0.198189073092319	0.601310527199553	1.36572218851116	0.764411661311602	0	0	2	0.1	0.80948927347573	0.127676652231025	0.576006922452878	1.09616500722029	0.520158084767408	0	0	2	0.2	1.72491174822391	0.227180320431995	1.30970983756878	2.21932068273231	0.909610845163526	0	0	3	0.1	1.11285338610386	0.156315664874983	0.83300784332443	1.46204397547382	0.629036132149388	0	0	3	0.2	2.1500267333398	0.276285156905379	1.61726307980708	2.76021721126181	1.14295413145473
10	0	0	0	0.1	0.177986916855986	0.0362722344426359	0.106301665918837	0.248364484276534	0.142062818357697	0	0	0	0.2	0.33214977005403	0.0838616365615705	0.170066075691383	0.509011876189017	0.338945800497635	0	0	1	0.1	0.157322223672867	0.0614798506691557	0.0397706672070233	0.283377498319513	0.243606831112489	0	0	1	0.2	0.467502036716296	0.174245102303709	0.155943269861014	0.829772125569778	0.673828855708764	0	0	2	0.1	0.494075790270298	0.120226487685164	0.268102514485716	0.743243080184306	0.47514056569859	0	0	2	0.2	1.20662893407462	0.250024049122349	0.722648030180692	1.74420820745975	1.02156017727905	0	0	3	0.1	0.862005586314671	0.160332828356904	0.552991152996602	1.19881502745892	0.645823874462323	0	0	3	0.2	1.7634655972345	0.286784752287113	1.20677910335857	2.3506588375266	1.14387973416803
126	0	0	0	0.1	0.0551493477945627	0.0321379395759445	-0.00321477137552178	0.12344877138274	0.126663542758261	0	0	0	0.2	0.0984022219471682	0.0652788035166901	-0.0286075858516831	0.227316195756599	0.255923781608282	0	0	1	0.1	0.118784440860486	0.0501859014552901	0.0293609271597207	0.226740411118743	0.197379483959022	0	0	1	0.2	0.425839513238191	0.140248981797322	0.181081116145494	0.721392877783223	0.540311761637729	0	0	2	0.1	0.528199913057834	0.0986863148458819	0.357219578540238	0.737604570871248	0.38038499233101	0	0	2	0.2	1.34097952138663	0.210493971157681	0.954698103836981	1.75622590133621	0.801527797499225	0	0	3	0.1	0.965841377447789	0.138295299555822	0.707245469382163	1.23731862501363	0.530073155631463	0	0	3	0.2	2.04766640058332	0.248987297516184	1.55592676981665	2.53974358765049	0.983816817833839
158	0	0	0	0.1	0.127916486572199	0.0298551534969132	0.0710860198099566	0.184770564871356	0.113684545061399	0	0	0	0.2	0.328772753789313	0.0765475180862115	0.184811802643853	0.48656233543483	0.301750532790977	0	0	1	0.1	0.276746053732086	0.072747653076058	0.139308224472981	0.432682951127499	0.293374726654518	0	0	1	0.2	0.799218405780098	0.215958239773098	0.403144239909465	1.24499333435887	0.841849094449409	0	0	2	0.1	0.632321515081496	0.14014933379469	0.36349353236816	0.905803597421586	0.542310065053426	0	0	2	0.2	1.43606262901616	0.270156399286522	0.904658182096047	1.9503462999306	1.04568811783455	0	0	3	0.1	0.938991444407884	0.163795222860588	0.626815677932032	1.27117443937942	0.644358761447385	0	0	3	0.2	1.86385684684596	0.275675238957074	1.34185052564473	2.40020126780042	1.05835074215568
133	0	0	0	0.1	0.0972023613591997	0.0313530077235745	0.0361249831624586	0.159263361816318	0.123138378653859	0	0	0	0.2	0.294707249038909	0.0810114282393663	0.147441489968982	0.4707365544429	0.323295064473918	0	0	1	0.1	0.338451546464728	0.0676179770373051	0.209284062492169	0.475042123900286	0.265758061408117	0	0	1	0.2	0.925187657509411	0.170693122689696	0.618352626276867	1.26528385957112	0.64693123329425	0	0	2	0.1	0.67660095821285	0.101573718983234	0.498409513351258	0.882329394653479	0.383919881302221	0	0	2	0.2	1.42100993534613	0.190657071174154	1.07903669221655	1.81499508024276	0.735958388026214	0	0	3	0.1	0.894694902926526	0.124191367801885	0.683654351368529	1.16585099080392	0.482196639435387	0	0	3	0.2	1.71543094632009	0.214488336707976	1.33929267468896	2.16167672649689	0.822384051807925
56	0	0	0	0.1	0.111923977933043	0.0311630909929902	0.0574711178248214	0.176501301800134	0.119030183975313	0	0	0	0.2	0.265406652949342	0.0862442045411652	0.104418404725188	0.436607771269707	0.332189366544519	0	0	1	0.1	0.24003048053112	0.0650434316989969	0.119656070739448	0.381083900848373	0.261427830108925	0	0	1	0.2	0.677878965422572	0.165420518340983	0.376037859674577	1.03167318343579	0.65563532376121	0	0	2	0.1	0.561041662557312	0.101989107286149	0.381455165780766	0.776118064877193	0.394662899096427	0	0	2	0.2	1.2086274982847	0.199083191555509	0.849440742171077	1.61253550477217	0.763094762601091	0	0	3	0.1	0.799574509775619	0.129135195874124	0.56649891960459	1.06330730771968	0.496808388115092	0	0	3	0.2	1.55833679422983	0.229609986310073	1.14374615668692	2.02272941792905	0.878983261242128
30	0	0	0	0.1	0.114946946614305	0.0275068243956464	0.0628518007518294	0.168985369177938	0.106133568426108	0	0	0	0.2	0.238705764674176	0.0693269691235453	0.120364197897543	0.385844841140393	0.26548064324285	0	0	1	0.1	0.180395012801037	0.0664488360354304	0.0588478313542284	0.323783448061001	0.264935616706773	0	0	1	0.2	0.593491782913589	0.210742387762343	0.221019148171789	1.06557086918451	0.844551721012717	0	0	2	0.1	0.594998486176061	0.155366191911046	0.325479767492586	0.913606508990885	0.5881267414983	0	0	2	0.2	1.52423247644744	0.349067804588668	0.898384928213721	2.21327286239132	1.3148879341776	0	0	3	0.1	1.04396403811328	0.227640652929866	0.64719209632641	1.51322682282363	0.86603472649722	0	0	3	0.2	2.21808183521557	0.400123762339634	1.48881356141896	3.01271746301255	1.52390390159359
63	0	0	0	0.1	0.136101046239409	0.0368483068307938	0.0639669137868416	0.205088090576471	0.14112117678963	0	0	0	0.2	0.264344256548687	0.0881371357464096	0.0940809684260065	0.43823291774546	0.344151949319454	0	0	1	0.1	0.179098223173504	0.0652594481410817	0.0581890438181971	0.312136677887018	0.253947634068821	0	0	1	0.2	0.628946328081002	0.185898590844947	0.311085748536666	1.03007526915474	0.718989520618069	0	0	2	0.1	0.651658461960065	0.126781470049861	0.429498861949209	0.93599252424208	0.506493662292871	0	0	2	0.2	1.49787789454559	0.238423449041507	1.03833501401632	2.00228356839866	0.963948554382346	0	0	3	0.1	1.02599890615386	0.159905786741782	0.714837506140927	1.35783796810907	0.64300046196814	0	0	3	0.2	2.04171307854161	0.268308218242436	1.51892129842737	2.59691450853097	1.07799321010359
46	0	0	0	0.1	0.0252662570967645	0.0324060030272248	-0.0413874577044843	0.0886542726651876	0.130041730369672	0	0	0	0.2	0.0670669743565336	0.087690894543723	-0.11475788639105	0.226414060267814	0.341171946658864	0	0	1	0.1	0.173602644426223	0.0809565821692916	0.0241604237129638	0.332922268273081	0.308761844560118	0	0	1	0.2	0.596637296106228	0.204566976855901	0.226547778609899	1.02093733916936	0.794389560559464	0	0	2	0.1	0.56784151516999	0.110723995361133	0.361044723962234	0.794504019183424	0.433459295221191	0	0	2	0.2	1.27614373036895	0.207139054318647	0.87421753593318	1.70335407199454	0.829136536061362	0	0	3	0.1	0.862322726444858	0.130229016854	0.628003191480797	1.12242604453698	0.494422853056184	0	0	3	0.2	1.69058808619233	0.226686648723883	1.26982764287251	2.12161586888384	0.851788226011328
79	0	0	0	0.1	0.108903438056224	0.0311494359360664	0.0515746560532838	0.172393387170772	0.120818731117489	0	0	0	0.2	0.257915128483969	0.0665889157919068	0.135434160714024	0.401818424573462	0.266384263859439	0	0	1	0.1	0.238815143146076	0.051854373128571	0.148156940067036	0.341630272268364	0.193473332201329	0	0	1	0.2	0.71785271065275	0.152957856139347	0.45013823044873	1.01954281319014	0.569404582741412	0	0	2	0.1	0.692400889438192	0.108131854793453	0.489784574084256	0.902447469958989	0.412662895874733	0	0	2	0.2	1.56240648101701	0.201871093445334	1.17130048660944	1.92922800389722	0.757927517287785	0	0	3	0.1	1.05808376265251	0.135306965310768	0.804729604363195	1.32908320047933	0.524353596116139	0	0	3	0.2	2.0628144691693	0.226070726954597	1.62564816211493	2.48781941780053	0.862171255685604
77	0	0	0	0.1	0.110795735993595	0.0339583097508285	0.042024660243223	0.177943857796044	0.135919197552821	0	0	0	0.2	0.269102176346397	0.0864953334198275	0.11299710000143	0.440200610563161	0.327203510561731	0	0	1	0.1	0.256951932587142	0.0761668138955276	0.128570136560396	0.42360602223618	0.295035885675784	0	0	1	0.2	0.818703215801773	0.242543586306504	0.432466773341348	1.37889928157768	0.946432508236335	0	0	2	0.1	0.750904592907257	0.172732532583697	0.474449006459743	1.17342320736826	0.698974200908517	0	0	2	0.2	1.69408425257848	0.310599602713728	1.15289290150979	2.39080848595395	1.23791558444416	0	0	3	0.1	1.15725245964699	0.205011206748996	0.804209474858601	1.59905518196447	0.794845707105873	0	0	3	0.2	2.20854274054642	0.319160227317455	1.62913983024026	2.90074008280455	1.2716002525643
48	0	0	0	0.1	0.0360183833770838	0.0341378682156232	-0.0346032393342074	0.0995607123363657	0.134163951670573	0	0	0	0.2	0.0784888434795201	0.0750331579361691	-0.0732238828148211	0.226120314318864	0.299344197133685	0	0	1	0.1	0.160506181102166	0.0648574095280889	0.0380173367559258	0.296869916132048	0.258852579376122	0	0	1	0.2	0.617988350155659	0.213409516996537	0.247815660076476	1.07986197006248	0.832046309986	0	0	2	0.1	0.721398400106225	0.168589085049158	0.429927712785064	1.06716640639394	0.637238693608871	0	0	2	0.2	1.65827919557929	0.296114658490341	1.10632307285609	2.23415275630466	1.12782968344858	0	0	3	0.1	1.20510802341613	0.213568541541052	0.823918818520547	1.62361820727191	0.799699388751368	0	0	3	0.2	2.20756898506468	0.307059125321386	1.63495260394258	2.8231574084454	1.18820480450283
193	0	0	0	0.1	0.0842799644324886	0.0338045324909415	0.0207678443724541	0.150404670800192	0.129636826427738	0	0	0	0.2	0.131710396215246	0.0875177000192984	-0.0474180464762418	0.312418112383433	0.359836158859675	0	0	1	0.1	0.0960128922372331	0.0741763781208132	-0.0489557270739476	0.243120396592304	0.292076123666252	0	0	1	0.2	0.449164428174499	0.200816878027536	0.0386173555239323	0.825974075524483	0.787356720000551	0	0	2	0.1	0.553014867954564	0.130150953725694	0.297303925169386	0.813828742161597	0.516524816992211	0	0	2	0.2	1.24872573242197	0.246027792188331	0.765175124686568	1.73008152641457	0.964906401728001	0	0	3	0.1	0.895345749959685	0.156326551992396	0.606519162579452	1.21096366909981	0.604444506520362	0	0	3	0.2	1.75215941706633	0.26445852805121	1.28074571035456	2.29587084280204	1.01512513244747
7	0	0	0	0.1	0.128139010213993	0.0350603188345199	0.0599638618098652	0.197844996015728	0.137881134205863	0	0	0	0.2	0.284452064263611	0.0859570812334456	0.126818589507917	0.451407393209724	0.324588803701807	0	0	1	0.1	0.235656548165997	0.0704651000655267	0.095533729312739	0.372555170362635	0.277021441049896	0	0	1	0.2	0.746170455455895	0.196867030235188	0.357606093206962	1.13295323374695	0.77534714053999	0	0	2	0.1	0.690432304267848	0.13139393903992	0.444106480118869	0.941501540600102	0.497395060481233	0	0	2	0.2	1.61225244337103	0.259572229132992	1.10818470626348	2.11368677879036	1.00550207252689	0	0	3	0.1	1.10793476884346	0.169014444018006	0.793417999100862	1.4520898562281	0.658671857127238	0	0	3	0.2	2.21576881265148	0.279709328276802	1.68881315507371	2.79366728960376	1.10485413453006
154	0	0	0	0.1	0.174633962194	0.0337923730080371	0.114707244300532	0.240679601082572	0.12597235678204	0	0	0	0.2	0.299091419462782	0.0772734009022964	0.149047039686909	0.462544484968007	0.313497445281098	0	0	1	0.1	0.153001491972646	0.0570506277042899	0.0435440057450897	0.270847427859048	0.227303422113959	0	0	1	0.2	0.518007191261648	0.152420019030153	0.238166173061821	0.83345863712986	0.595292464068039	0	0	2	0.1	0.558972506316599	0.101476439183635	0.372962246683716	0.775344157861673	0.402381911177957	0	0	2	0.2	1.29950878247945	0.204402379161904	0.918845448434691	1.71611333820413	0.797267889769442	0	0	3	0.1	0.892385313047889	0.138622263162449	0.647636521439917	1.17909812804497	0.531461606605051	0	0	3	0.2	1.80157644962157	0.24562732232092	1.36253166654196	2.29532669128541	0.932795024743451
348	0	0	0	0.1	0.0714415127235813	0.0286212964622409	0.0142116669996092	0.124147609741879	0.10993594274227	0	0	0	0.2	0.16473266824029	0.0689864940273953	0.0219987517695206	0.286930946472752	0.264932194703231	0	0	1	0.1	0.185104859818266	0.0667184702460499	0.0536232381445264	0.315686691402687	0.26206345325816	0	0	1	0.2	0.596043280515224	0.20174181628472	0.234973822255152	1.00977387215031	0.774800049895158	0	0	2	0.1	0.592038836693402	0.148750526837169	0.355205210702379	0.918545434746332	0.563340224043953	0	0	2	0.2	1.40875369415501	0.286983855114847	0.923923513791846	2.02163923633064	1.09771572253879	0	0	3	0.1	0.988358490953794	0.183803495305977	0.664338184790541	1.38684284065399	0.722504655863446	0	0	3	0.2	1.9723608218197	0.296071950362404	1.41497087572104	2.56435069139267	1.14937981567163
211	0	0	0	0.1	0.137114988993745	0.03270412915134	0.0744634567600037	0.204837369974096	0.130373913214092	0	0	0	0.2	0.23052925323266	0.0740700364095124	0.0972938498665484	0.382310419030541	0.285016569163993	0	0	1	0.1	0.0574747924135888	0.0600185859087331	-0.0623100261776304	0.175856758816595	0.238166784994226	0	0	1	0.2	0.22667549734902	0.149528383810605	-0.0517784087291073	0.526229373921145	0.578007782650252	0	0	2	0.1	0.326114259482512	0.0949600012571552	0.157342552092528	0.523129612708932	0.365787060616404	0	0	2	0.2	0.81426490144495	0.198659127016145	0.448563645821952	1.22465338453715	0.776089738715199	0	0	3	0.1	0.611049386349994	0.121204487896049	0.392527894732655	0.869235016403103	0.476707121670449	0	0	3	0.2	1.31148381983027	0.22565439781317	0.894876869953344	1.77081094101652	0.875934071063172
76	0	0	0	0.1	0.0395687719409665	0.0326709419467784	-0.0257059686742686	0.102572595306173	0.128278563980441	0	0	0	0.2	0.0868803028226661	0.0903904084103456	-0.0866098446890767	0.28054136487317	0.367151209562247	0	0	1	0.1	0.230127264246995	0.0765816904522951	0.0911582999741655	0.387979396177523	0.296821096203357	0	0	1	0.2	0.792780077210956	0.184213823614758	0.464546167747151	1.18866602185911	0.724119854111962	0	0	2	0.1	0.687980536396302	0.113128612634713	0.485838653061104	0.918668787187741	0.432830134126637	0	0	2	0.2	1.43581983081344	0.206436919923179	1.05831112349016	1.83176679711113	0.773455673620978	0	0	3	0.1	0.934104533261353	0.136600075907065	0.688433074094142	1.20854213653868	0.520109062444537	0	0	3	0.2	1.76556174155136	0.234206806707694	1.34234462319392	2.22666883188296	0.884324208689046
161	0	0	0	0.1	0.123455987947346	0.0343910259618077	0.0577399298231689	0.192517246372675	0.134777316549506	0	0	0	0.2	0.28519131345082	0.0805797943946726	0.14284038798117	0.441881362347054	0.299040974365884	0	0	1	0.1	0.228212130227855	0.0615308763337059	0.117082406984249	0.357662571462241	0.240580164477992	0	0	1	0.2	0.612293969739483	0.161578215770094	0.306529559877723	0.944462210861754	0.637932650984031	0	0	2	0.1	0.526471299417943	0.100150385146743	0.336032020199063	0.729272136785235	0.393240116586172	0	0	2	0.2	1.18060890803158	0.201879618890203	0.793747672368312	1.58385682004702	0.790109147678707	0	0	3	0.1	0.786656700224613	0.119777335959056	0.571073227339862	1.02253516231538	0.451461934975515	0	0	3	0.2	1.6079167959191	0.228774337824861	1.19193143461841	2.05612034224238	0.864188907623973
36	0	0	0	0.1	0.124890540298042	0.0340346225333912	0.0567384604386424	0.191365583117218	0.134627122678575	0	0	0	0.2	0.207761106788492	0.0838919111393439	0.0486068607095602	0.369421467280073	0.320814606570513	0	0	1	0.1	0.0668949199814212	0.0668946920776938	-0.0643757090835488	0.194465623079943	0.258841332163491	0	0	1	0.2	0.244892931911436	0.173700077831427	-0.0776459813691531	0.583456901502317	0.66110288287147	0	0	2	0.1	0.360416415345983	0.114804543431975	0.153944816899481	0.598937944719418	0.444993127819937	0	0	2	0.2	0.921695598501832	0.245376784775964	0.467640845038749	1.41402639727543	0.946385552236677	0	0	3	0.1	0.70483569418392	0.155236586510756	0.41798163061297	1.01882213359273	0.600840502979761	0	0	3	0.2	1.48190551985795	0.283348234057406	0.948411121680072	2.06243260076289	1.11402147908282
160	0	0	0	0.1	0.101367109238833	0.0336491777544485	0.0411092906408637	0.171375500890894	0.13026621025003	0	0	0	0.2	0.19800149143749	0.0707464479498426	0.0673473228508274	0.34863617892909	0.281288856078262	0	0	1	0.1	0.172829860562579	0.0562341330347996	0.0588540416708841	0.276487655287626	0.217633613616742	0	0	1	0.2	0.526283364186185	0.155413107974951	0.21642027433457	0.828353242127731	0.611932967793162	0	0	2	0.1	0.534492361871625	0.102651488087299	0.350697315730584	0.747873184486874	0.39717586875629	0	0	2	0.2	1.31203060202344	0.218777373763664	0.912453742004486	1.78764936608835	0.875195624083867	0	0	3	0.1	0.918006909480797	0.137695808607957	0.672969077574109	1.21219789322719	0.53922881565308	0	0	3	0.2	1.95415363501591	0.256501134596804	1.49290365944771	2.53059469776299	1.03769103831529
130	0	0	0	0.1	0.195462251148915	0.0382683581650263	0.12548227320521	0.271889828868663	0.146407555663453	0	0	0	0.2	0.354993339484027	0.0842377562827469	0.186301348869229	0.531173775895825	0.344872427026596	0	0	1	0.1	0.103965857379797	0.0663998269819973	-0.0252620918944494	0.238305391857622	0.263567483752072	0	0	1	0.2	0.287076213487241	0.164087320663304	-0.010073190970129	0.655710912597793	0.665784103567922	0	0	2	0.1	0.366736431812932	0.107213631850968	0.186458470397498	0.615387382272839	0.428928911875341	0	0	2	0.2	0.912433475467185	0.222242657888523	0.525833150203358	1.40571175256211	0.879878602358756	0	0	3	0.1	0.682086340957432	0.138387671630989	0.445335070707257	0.989967154578643	0.544632083871386	0	0	3	0.2	1.436784119961	0.25029808596286	0.989109597067212	1.96561498212996	0.976505385062747
16	0	0	0	0.1	0.0890884668554354	0.0320569576853513	0.0278174590309459	0.150808751787712	0.122991292756766	0	0	0	0.2	0.132973594532338	0.0810340111382875	-0.0277138612673842	0.293604492756869	0.321318354024253	0	0	1	0.1	0.0874276628252909	0.0594534683921684	-0.0237684313723142	0.218471828096053	0.242240259468367	0	0	1	0.2	0.371634880577319	0.162949099628149	0.0829746556021163	0.712890286203325	0.629915630601208	0	0	2	0.1	0.494455532767837	0.107437436496788	0.295409342534758	0.710851037197655	0.415441694662897	0	0	2	0.2	1.21668285826073	0.218719714002985	0.804385102909658	1.63691551911774	0.83253041620808	0	0	3	0.1	0.882914741621448	0.138934705874711	0.627172424427654	1.15149109491129	0.524318670483641	0	0	3	0.2	1.79274738748261	0.251491556534334	1.3282916790162	2.29014717305483	0.961855494038631
57	0	0	0	0.1	0.0938125023037855	0.0336113053617078	0.0291368656653154	0.160751198713945	0.131614333048629	0	0	0	0.2	0.205486294748012	0.0777104930071515	0.0595158388983201	0.361985299440514	0.302469460542194	0	0	1	0.1	0.159552636476813	0.0601628395177512	0.0428170689343911	0.28575607774557	0.242939008811179	0	0	1	0.2	0.452833160477843	0.159338999033894	0.144195653600949	0.780512133230379	0.63631647962943	0	0	2	0.1	0.425019484292538	0.1039853338716	0.226884960508519	0.64235844392455	0.415473483416031	0	0	2	0.2	0.974143533792658	0.207276966407062	0.586412223007355	1.40528830949489	0.818876086487535	0	0	3	0.1	0.688963563417942	0.128673694679208	0.459420322303592	0.952819412575899	0.493399090272307	0	0	3	0.2	1.4155608584251	0.232627929863389	0.988814004091126	1.87016260904059	0.881348604949463
28	0	0	0	0.1	0.0561259354128409	0.0317062277638777	-0.00825233891524983	0.113798464408953	0.122050803324203	0	0	0	0.2	0.0643439659959399	0.0764500710415708	-0.0984535258854543	0.211847835632192	0.310301361517647	0	0	1	0.1	0.0859720414828398	0.0642691826487148	-0.0381730686147819	0.212667706397705	0.250840775012486	0	0	1	0.2	0.468293054587081	0.185755501075045	0.133511165998755	0.836717566413183	0.703206400414428	0	0	2	0.1	0.6726011313495	0.126020140851598	0.449933858349136	0.931475615334662	0.481541756985526	0	0	2	0.2	1.60446696420017	0.228114994868787	1.1961224793399	2.08763962535368	0.891517146013785	0	0	3	0.1	1.18702864224139	0.162335537256871	0.898668316500496	1.53378187935001	0.635113562849516	0	0	3	0.2	2.23793759000126	0.251806822905869	1.80636441961645	2.76005488341559	0.953690463799137
138	0	0	0	0.1	0.0987427575451981	0.0366340423121209	0.0301887678818078	0.172819146817248	0.14263037893544	0	0	0	0.2	0.224076683315796	0.089219996321544	0.0540465387856029	0.408073184869415	0.354026646083812	0	0	1	0.1	0.194328770385013	0.0639442340015142	0.0741807230953374	0.318463840200365	0.244283117105027	0	0	1	0.2	0.642684230739362	0.165044089054657	0.344466897967891	0.987190231663188	0.642723333695297	0	0	2	0.1	0.602519925230302	0.105095951708661	0.423262087306038	0.817030030034604	0.393767942728566	0	0	2	0.2	1.4292478646807	0.218719883521877	1.03801818687258	1.88343865817009	0.845420471297515	0	0	3	0.1	0.984237867539317	0.147091117652983	0.722327273563774	1.30089649416598	0.578569220602202	0	0	3	0.2	2.0729854392957	0.268806065978219	1.59110241268121	2.61669564139414	1.02559322871294
149	0	0	0	0.1	0.0790106049538731	0.033467328298518	0.0136461978251793	0.140550777784226	0.126904579959046	0	0	0	0.2	0.048872869266305	0.0851876473926176	-0.128029764165486	0.202038341532567	0.330068105698053	0	0	1	0.1	-0.00269321721522989	0.0846993860366013	-0.178514906260863	0.169011428747301	0.347526335008164	0	0	1	0.2	0.15094651092025	0.20985084696953	-0.26518003147252	0.618163391298804	0.883343422771323	0	0	2	0.1	0.358804860166115	0.129370858122451	0.113657930119014	0.644070038654949	0.530412108535935	0	0	2	0.2	0.962443693557496	0.260499567080362	0.481458883966313	1.47313913522109	0.991680251254773	0	0	3	0.1	0.728771541004252	0.151799268301901	0.445800692240208	1.02747582174544	0.581675129505231	0	0	3	0.2	1.53606428701916	0.265192345262664	1.00688250074457	2.03515856954976	1.02827606880519
195	0	0	0	0.1	0.0778550408572779	0.0358189038476817	0.00518267408700052	0.141472185468533	0.136289511381533	0	0	0	0.2	0.218844760057161	0.0885453481778189	0.0444588866378015	0.38980701916195	0.345348132524149	0	0	1	0.1	0.2133511434763	0.0772866659924075	0.066298982838516	0.371855144502611	0.305556161664095	0	0	1	0.2	0.710149928449416	0.206392864715543	0.319341185947197	1.12123753926156	0.801896353314359	0	0	2	0.1	0.663548474914144	0.134657967162902	0.42993780315929	0.944992577356558	0.515054774197269	0	0	2	0.2	1.51881425442376	0.250188589088265	1.06523207527725	2.03121547275186	0.965983397474611	0	0	3	0.1	1.07267400125623	0.172383558541392	0.771111825622531	1.44497782909043	0.673866003467895	0	0	3	0.2	2.09667510844676	0.278942618465815	1.60860305412993	2.67254100367245	1.06393794954252
216	0	0	0	0.1	0.147236538143211	0.0302902760061917	0.0873379669340716	0.21051740486612	0.123179437932048	0	0	0	0.2	0.298489338272907	0.0688452134630472	0.175060389933572	0.444872078903824	0.269811688970252	0	0	1	0.1	0.165814365204366	0.0605871986200455	0.0458632141186165	0.287298640349773	0.241435426231157	0	0	1	0.2	0.545344216796629	0.187418378653298	0.208061037808587	0.939642420955261	0.731581383146674	0	0	2	0.1	0.601116771785019	0.136834813395464	0.366045932065361	0.886345268402979	0.520299336337618	0	0	2	0.2	1.57406730737515	0.297173477515578	1.03035651099292	2.18649401826073	1.15613750726781	0	0	3	0.1	1.14844502129683	0.200395449140773	0.788146279832412	1.56935296396465	0.781206684132239	0	0	3	0.2	2.37941513113246	0.34028974699794	1.74182897363	3.08314586507969	1.34131689144969
166	0	0	0	0.1	0.129067811249039	0.0309720817070056	0.073286118660379	0.196723861995804	0.123437743335425	0	0	0	0.2	0.257835335248218	0.0761871141463576	0.114414416109364	0.413113538388674	0.29869912227931	0	0	1	0.1	0.187739364482572	0.0661133524497803	0.0558961036010543	0.32532952121416	0.269433417613106	0	0	1	0.2	0.58558547699736	0.177587309660473	0.261663896066291	0.964565226191316	0.702901330125024	0	0	2	0.1	0.573912744584863	0.111957793049437	0.379903812161215	0.806165984972104	0.426262172810889	0	0	2	0.2	1.35249310207377	0.227731445312718	0.952115116716571	1.80547653044824	0.85336141373167	0	0	3	0.1	0.949584764448517	0.14582028606519	0.684546896081512	1.23976458292462	0.55521768684311	0	0	3	0.2	1.90643600150985	0.256362313354993	1.42280090057832	2.40121416277723	0.978413262198912
89	0	0	0	0.1	0.172723089842675	0.0321193423147206	0.10923059618693	0.234107609777786	0.124877013590855	0	0	0	0.2	0.311968088855854	0.0702793619174046	0.169508219302392	0.454090392295429	0.284582172993038	0	0	1	0.1	0.18360747129004	0.0523634325140431	0.0887264901980036	0.29293858933968	0.204212099141676	0	0	1	0.2	0.540935557515861	0.141508314145382	0.28086470756426	0.844364210021261	0.563499502457001	0	0	2	0.1	0.574751244817312	0.100791906825938	0.404248834150145	0.791046708417367	0.386797874267223	0	0	2	0.2	1.31128197208764	0.202836608680667	0.937844414327983	1.73382619805347	0.795981783725488	0	0	3	0.1	0.927114941564104	0.134768164667156	0.677776032352355	1.20867581727797	0.530899784925616	0	0	3	0.2	1.81111340181717	0.228656707784187	1.38636874778162	2.27643816858526	0.890069420803638
152	0	0	0	0.1	0.121482271387755	0.0363150485012597	0.0488120427387984	0.19010528450342	0.141293241764622	0	0	0	0.2	0.118781175910541	0.096424352305662	-0.0808725522319002	0.295795320804584	0.376667873036484	0	0	1	0.1	-0.0460605716406321	0.0714583261442889	-0.193905810837276	0.0757850309262913	0.269690841763567	0	0	1	0.2	0.0574977093088461	0.170307975963159	-0.283813364504204	0.381205037506897	0.665018402011101	0	0	2	0.1	0.289904408354768	0.106322289288296	0.0967135278743678	0.505288523248034	0.408574995373667	0	0	2	0.2	0.845030161348944	0.219776888041538	0.424494392083861	1.27247796737329	0.847983575289429	0	0	3	0.1	0.679166349391249	0.13256217321522	0.427794314065879	0.94508427631557	0.517289962249691	0	0	3	0.2	1.47916356489287	0.236209933519001	1.02938591295506	1.94763859677855	0.918252683823484
12	0	0	0	0.1	0.118771267033222	0.0323546330709939	0.0580887834189799	0.181800038068201	0.123711254649222	0	0	0	0.2	0.331952814690822	0.0885259992036087	0.174192397724296	0.510857410550175	0.336665012825879	0	0	1	0.1	0.277803508097935	0.0632620086703704	0.151353850314223	0.404109285183859	0.252755434869636	0	0	1	0.2	0.739258686008776	0.158586209091805	0.425464660963283	1.05307894055898	0.627614279595694	0	0	2	0.1	0.569957979960511	0.0947694765765677	0.394988484877213	0.758856292986973	0.36386780810976	0	0	2	0.2	1.21641498987069	0.178082608737377	0.893073374536409	1.57509905749616	0.682025682959748	0	0	3	0.1	0.796920742638001	0.111839036473306	0.592163010200266	1.02985334050602	0.437690330305757	0	0	3	0.2	1.55843959490512	0.198911149214697	1.17678116240802	1.96464607819163	0.787864915783605
259	0	0	0	0.1	0.0553983080454332	0.0301462610938934	-0.00272507847562051	0.115637207991356	0.118362286466976	0	0	0	0.2	0.10457372639399	0.0739396891778958	-0.0376424447028724	0.254963233146268	0.29260567784914	0	0	1	0.1	0.162547426701784	0.05805487321898	0.047622370778357	0.279832560429926	0.232210189651569	0	0	1	0.2	0.519772232256236	0.143320095837541	0.232083087205724	0.814237611076894	0.58215452387117	0	0	2	0.1	0.495926810258238	0.0888575474130301	0.320468370407771	0.674844376950911	0.35437600654314	0	0	2	0.2	1.08719547651078	0.185636956829068	0.732762174169076	1.45948563849687	0.726723464327796	0	0	3	0.1	0.721468474025191	0.130559036969136	0.480802580893845	0.999163895822628	0.518361314928784	0	0	3	0.2	1.49134796522834	0.258839384889738	1.01943385556385	1.9990512195617	0.979617363997846
162	0	0	0	0.1	0.144151092315107	0.0323093136199762	0.0795992327012011	0.207457898400624	0.127858665699422	0	0	0	0.2	0.29879282433686	0.078919568659386	0.148252171770605	0.46482347508033	0.316571303309725	0	0	1	0.1	0.148719705737581	0.0581156051909312	0.0401163308578868	0.265357017502478	0.225240686644591	0	0	1	0.2	0.384822224229122	0.151923050338896	0.11748554454508	0.681000056898533	0.563514512353453	0	0	2	0.1	0.37306577303286	0.0973838440831643	0.191029691316888	0.565968210970006	0.374938519653118	0	0	2	0.2	0.914023007124626	0.207589594652181	0.51387498401911	1.31843484559063	0.804559861571521	0	0	3	0.1	0.663462207569558	0.127161236972679	0.422333187138225	0.915265384310488	0.492932197172263	0	0	3	0.2	1.40505976946076	0.238758419232606	0.926665864703496	1.8834027171939	0.956736852490405
183	0	0	0	0.1	0.0647527194060131	0.0321257663368074	0.00356810840825638	0.128528917554694	0.124960809146438	0	0	0	0.2	0.106835723305656	0.0801709321533429	-0.0497433332794074	0.268107848098262	0.317851181377669	0	0	1	0.1	0.0896185651911496	0.0733060995275025	-0.0506387988744568	0.243306587971962	0.293945386846419	0	0	1	0.2	0.291345646420328	0.196695047634567	-0.0853984060999783	0.708390582281887	0.793788988381866	0	0	2	0.1	0.352666370072773	0.124707928752955	0.118200020491309	0.611657885627817	0.493457865136508	0	0	2	0.2	0.849235767034738	0.255802264864705	0.348252415279542	1.35880258243864	1.0105501671591	0	0	3	0.1	0.597236370445566	0.14560287630219	0.327986666348238	0.909917859862769	0.581931193514532	0	0	3	0.2	1.2430681126718	0.271531423857446	0.744212354777605	1.79250210252814	1.04828974775053
215	0	0	0	0.1	0.0671488802540511	0.0341161956247401	0.00167579373170061	0.131271667220082	0.129595873488381	0	0	0	0.2	0.185808591299199	0.0800631064029088	0.0335673264930493	0.348113389958576	0.314546063465526	0	0	1	0.1	0.240814049621281	0.0628890059408254	0.117537523621931	0.371018423585928	0.253480899963996	0	0	1	0.2	0.724302364701114	0.171829947650102	0.406401514319544	1.09049978405566	0.684098269736115	0	0	2	0.1	0.621140979124152	0.108393396542395	0.419010723579856	0.839234152534178	0.420223428954322	0	0	2	0.2	1.42415594048546	0.218269357199886	1.01775265326878	1.87073561778356	0.852982964514777	0	0	3	0.1	0.941518963432008	0.141088703920207	0.692799327251268	1.22936519685607	0.536565869604803	0	0	3	0.2	1.93647493574282	0.258904362178081	1.48348574707343	2.4833717727308	0.99988602565737
157	0	0	0	0.1	0.0851978717895274	0.0294476992671403	0.0295802702245733	0.14224563479884	0.112665364574267	0	0	0	0.2	0.240539270030674	0.0851503207433549	0.0786698111196269	0.432753382521002	0.354083571401375	0	0	1	0.1	0.224263629954741	0.0703715510497714	0.103253056955601	0.380922028993232	0.277668972037631	0	0	1	0.2	0.625501621310871	0.173506124379461	0.31958623663189	0.989558257522323	0.669972020890433	0	0	2	0.1	0.521867742922193	0.102165601359665	0.332282012303798	0.72135068779173	0.389068675487931	0	0	2	0.2	1.15560592730455	0.201093298519743	0.777169978836052	1.5402810359066	0.763111057070551	0	0	3	0.1	0.759421070954888	0.125971602875878	0.523868157213545	1.01567548246072	0.491807325247172	0	0	3	0.2	1.51556914596223	0.229502178326406	1.07402788458951	1.96092328567855	0.88689540108904
225	0	0	0	0.1	0.150309071752226	0.0334619162093762	0.0866454974714929	0.219042797240186	0.132397299768693	0	0	0	0.2	0.308249236396577	0.0799048995784413	0.159231190492256	0.481086839805087	0.321855649312831	0	0	1	0.1	0.227894973182498	0.0621658686617596	0.12047707365662	0.360794475258304	0.240317401601684	0	0	1	0.2	0.696520810989564	0.191404723576387	0.364096472236258	1.12174614578061	0.757649673544352	0	0	2	0.1	0.646704103815025	0.142380694037511	0.402529218005715	0.958992248030973	0.556463030025258	0	0	2	0.2	1.5192276728424	0.295414825084725	1.01100922868793	2.14620714637205	1.13519791768411	0	0	3	0.1	1.03934669276888	0.195799007618301	0.715553329655564	1.46816853972096	0.7526152100654	0	0	3	0.2	2.11816662771318	0.343341813325853	1.52709179237398	2.84242886459798	1.31533707222399
205	0	0	0	0.1	0.0756016368318275	0.029510509144521	0.020451990595759	0.13387172234361	0.113419731747851	0	0	0	0.2	0.246564232415898	0.0772321060842369	0.106462304596885	0.406742714243732	0.300280409646847	0	0	1	0.1	0.411304479732383	0.0772213048841312	0.268740250055229	0.576703357251642	0.307963107196414	0	0	1	0.2	1.29005763668466	0.232188743372763	0.831755078059587	1.76762792604602	0.935872847986437	0	0	2	0.1	1.03548789444938	0.141909545293067	0.756338549129174	1.33135749654667	0.575018947417491	0	0	2	0.2	2.11368686447327	0.230558472859317	1.660079011152	2.57225086304149	0.91217185188949	0	0	3	0.1	1.32483777850847	0.155807317816425	1.0346463691125	1.6303620890536	0.595715719941107	0	0	3	0.2	2.37170409262592	0.237195073582115	1.93977797243414	2.85121324431816	0.911435271884022
207	0	0	0	0.1	0.066471491374163	0.0258455923937824	0.0136440821121306	0.113792127711822	0.100148045599691	0	0	0	0.2	0.141721258219564	0.0603242807962979	0.0159376429317482	0.25677521798002	0.240837575048272	0	0	1	0.1	0.196067494332363	0.0541305055215476	0.096612393216369	0.309566074111317	0.212953680894948	0	0	1	0.2	0.670873254529422	0.165968008566312	0.391202765657373	1.03061551030707	0.639412744649693	0	0	2	0.1	0.679336387993857	0.118678813683662	0.472054789008231	0.926514770450568	0.454459981442338	0	0	2	0.2	1.6133727530646	0.249925413814871	1.17080209353022	2.13034831258743	0.959546219057211	0	0	3	0.1	1.06799516700858	0.169944904646962	0.777310245972774	1.41807165684241	0.640761410869639	0	0	3	0.2	2.16206806768177	0.311706740755499	1.60559558919429	2.81381913823989	1.2082235490456
176	0	0	0	0.1	0.128688405898238	0.0331598559429822	0.0680663669710979	0.197446324579907	0.129379957608809	0	0	0	0.2	0.311330030780688	0.0906683439751666	0.152166783128604	0.512427503342045	0.360260720213441	0	0	1	0.1	0.196031382602567	0.071237367728046	0.068007786458164	0.350096836031361	0.282089049573197	0	0	1	0.2	0.560462024925719	0.177701462249017	0.243056391511841	0.968358417458911	0.72530202594707	0	0	2	0.1	0.51593242730697	0.116284362453841	0.310290222529787	0.788406771951958	0.47811654942217	0	0	2	0.2	1.16096900084905	0.23096393893243	0.770675052138812	1.69335499559411	0.922679943455298	0	0	3	0.1	0.829661941686077	0.155114268062896	0.569724660588075	1.1969829031962	0.627258242608129	0	0	3	0.2	1.65071494209916	0.263770724201681	1.18727198851343	2.25259122465664	1.06531923614321
94	0	0	0	0.1	0.0888176225089249	0.034729735614536	0.0192621689601499	0.155941291727939	0.136679122767789	0	0	0	0.2	0.176767756626239	0.0828932487919819	0.0213179802898853	0.338652065571234	0.317334085281349	0	0	1	0.1	0.133522751233329	0.0678012019658948	0.00775816994722255	0.265316388067472	0.25755821812025	0	0	1	0.2	0.40809578867808	0.164142299064183	0.103377669470639	0.734176616259958	0.630798946789319	0	0	2	0.1	0.417671032517833	0.0911122375587373	0.247141830064779	0.604337237408343	0.357195407343564	0	0	2	0.2	0.960071904606867	0.175766244366226	0.633044726784696	1.31837048148936	0.685325754704665	0	0	3	0.1	0.665558049582381	0.104828029907707	0.4679391123756	0.887235213225131	0.419296100849531	0	0	3	0.2	1.33989134379248	0.19002638765287	0.978254024296635	1.73514132447471	0.756887300178079
147	0	0	0	0.1	0.0886047008182781	0.0362559680824779	0.0163620668556488	0.15661030408928	0.140248237233632	0	0	0	0.2	0.165001320041377	0.0715774026955546	0.0309210738744841	0.311372950422952	0.280451876548468	0	0	1	0.1	0.158232485536691	0.0522864173262531	0.0579265405688959	0.262868060033523	0.204941519464627	0	0	1	0.2	0.506679381253151	0.14563562702961	0.242598839376336	0.802383166312077	0.559784326935741	0	0	2	0.1	0.555713812032194	0.103918654976897	0.359353704096764	0.759883789055499	0.400530084958735	0	0	2	0.2	1.3580813776658	0.222616954355802	0.92063420150816	1.7947060855928	0.874071884084641	0	0	3	0.1	0.918972759965831	0.143960550468392	0.636199244781407	1.20430775125446	0.568108506473054	0	0	3	0.2	1.92879121802733	0.261254044310187	1.40590336301047	2.43795804355818	1.03205468054771
234	0	0	0	0.1	0.0510943180035531	0.0307365228803025	-0.00913649840767883	0.110795966364926	0.119932464772605	0	0	0	0.2	0.0820894492923313	0.0792588912475169	-0.0754798538344814	0.239923143207445	0.315402997041927	0	0	1	0.1	0.0887614513672115	0.0582139781990573	-0.0177411085658367	0.204614076448649	0.222355185014486	0	0	1	0.2	0.321082183081877	0.153806813203643	0.0567374078900452	0.632179275889561	0.575441867999515	0	0	2	0.1	0.387316932268865	0.100518217752881	0.20821335893418	0.594500134323439	0.386286775389258	0	0	2	0.2	0.933249073762266	0.204946916600004	0.576713061784296	1.36908625863904	0.79237319685474	0	0	3	0.1	0.670490590460834	0.12679704112655	0.448189623533003	0.945441924106443	0.49725230057344	0	0	3	0.2	1.391083498465	0.235989895258616	0.95212689059274	1.86950804582714	0.917381155234403
253	0	0	0	0.1	0.127074454559153	0.0305667372916517	0.0696023478181731	0.187448019109977	0.117845671291804	0	0	0	0.2	0.251240622908584	0.0670876675890344	0.129305338577156	0.387117615341792	0.257812276764636	0	0	1	0.1	0.169136992488068	0.0577134193959113	0.0649955375991361	0.285262066016103	0.220266528416967	0	0	1	0.2	0.534019585524408	0.163454357254732	0.218998372929899	0.85595574719978	0.636957374269881	0	0	2	0.1	0.537191777220525	0.112569978558629	0.323971381525455	0.760176740375278	0.436205358849823	0	0	2	0.2	1.24057174861162	0.219155695070224	0.806736976665045	1.66787788046976	0.861140903804713	0	0	3	0.1	0.853150169230744	0.142805038665902	0.577661202618805	1.13818642267224	0.560525220053437	0	0	3	0.2	1.70460563360495	0.241862711700402	1.23100647387146	2.17819075409388	0.947184280222416
136	0	0	0	0.1	0.0880370344666028	0.034036006609963	0.0249059349118669	0.157657831264502	0.132751896352636	0	0	0	0.2	0.27562728885851	0.0880066025906752	0.124418599462762	0.460790812140629	0.336372212677867	0	0	1	0.1	0.341479943711976	0.0721787649425062	0.213229217451584	0.495429193488363	0.282199976036779	0	0	1	0.2	1.10535782248695	0.231484487692626	0.670023032100113	1.55978605810236	0.889763026002248	0	0	2	0.1	0.85691416180266	0.144477820288342	0.575202725255572	1.14777891646101	0.572576191205437	0	0	2	0.2	1.84598974053211	0.263435002364814	1.30674564782081	2.34510663236061	1.0383609845398	0	0	3	0.1	1.17177988735663	0.173887653326217	0.83272559119557	1.50826108100213	0.67553548980656	0	0	3	0.2	2.21685745626219	0.290852565896773	1.65006533092269	2.75188389778254	1.10181856685985
200	0	0	0	0.1	0.0997686097844613	0.0378560284209198	0.0243789793862591	0.173856802971013	0.149477823584754	0	0	0	0.2	0.230126721980297	0.0864370567301213	0.0600134605720895	0.385494566213385	0.325481105641295	0	0	1	0.1	0.206755510712468	0.0660885515172128	0.0858181292718261	0.343227067895058	0.257408938623231	0	0	1	0.2	0.647374705178228	0.174902893708403	0.336589887764692	1.02286789473632	0.686278006971627	0	0	2	0.1	0.587528649815895	0.10843198788914	0.383248363788768	0.817481769606069	0.434233405817301	0	0	2	0.2	1.36082734363714	0.223971562818355	0.94447479091172	1.82938074489782	0.884905953986103	0	0	3	0.1	0.892299350277192	0.139923085115857	0.6477460387766	1.18765334338122	0.539907304604619	0	0	3	0.2	1.80515458851111	0.251846856234407	1.34538202093975	2.31596560137916	0.970583580439415
251	0	0	0	0.1	0.0837975008260524	0.0319853948713477	0.0239457318174019	0.14957624251267	0.125630510695268	0	0	0	0.2	0.148559732819957	0.0801331148595179	-0.0173665744178288	0.308439537567063	0.325806111984892	0	0	1	0.1	0.164620129313723	0.0659064784243826	0.0256653337453192	0.275405042425791	0.249739708680472	0	0	1	0.2	0.517448456915472	0.179373046290248	0.150697873442481	0.831784051253874	0.681086177811393	0	0	2	0.1	0.504541406010583	0.120234539041895	0.256955440955098	0.704250864810473	0.447295423855375	0	0	2	0.2	1.1259105132905	0.241177373997652	0.636600815639089	1.532913598063	0.896312782423914	0	0	3	0.1	0.739231908027623	0.143440232670834	0.449429338095687	1.00322000091683	0.553790662821143	0	0	3	0.2	1.48379662623766	0.256894240199589	0.950904214695584	1.93520174818351	0.984297533487925
153	0	0	0	0.1	0.0858023864065274	0.0303747172369607	0.0265252872223898	0.145844773455897	0.119319486233507	0	0	0	0.2	0.197143140790816	0.0764244531140024	0.0541076697450086	0.358241639552586	0.304133969807577	0	0	1	0.1	0.21370636198518	0.0700370384896863	0.0829455930294422	0.347749068102121	0.264803475072679	0	0	1	0.2	0.706331906107853	0.19274699354983	0.347027316856682	1.05385816800135	0.706830851144671	0	0	2	0.1	0.661762241048697	0.121914751968102	0.430424051352747	0.890099244416485	0.459675193063738	0	0	2	0.2	1.45632945045572	0.221192156043663	1.03119868748236	1.87354452394757	0.842345836465208	0	0	3	0.1	0.971832875126721	0.13859268462658	0.703409732865238	1.24444903993806	0.541039307072824	0	0	3	0.2	1.86882288003524	0.227398235508821	1.43763198809834	2.33708731761298	0.89945532951464
339	0	0	0	0.1	0.0885311267914596	0.0380166949921399	0.0140752152348516	0.165539911219803	0.151464695984951	0	0	0	0.2	0.165246193436648	0.0758866233367813	0.0210049115386956	0.311432208637192	0.290427297098497	0	0	1	0.1	0.158737642592159	0.0680592021347274	0.037378086053468	0.296089517876084	0.258711431822616	0	0	1	0.2	0.533337463687466	0.192259799861111	0.207780440760563	0.922918644474809	0.715138203714246	0	0	2	0.1	0.579696758770047	0.12890118887554	0.355839347909667	0.834723316649934	0.478883968740267	0	0	2	0.2	1.34602703827573	0.249912112956204	0.892711129506781	1.85685641939028	0.964145289883498	0	0	3	0.1	0.916116094633054	0.153189562262907	0.647007486163637	1.223403346246	0.576395860082359	0	0	3	0.2	1.83648411381128	0.258982173316403	1.35421700153795	2.37797801894026	1.02376101740231
143	0	0	0	0.1	0.149671166434713	0.0357724067212629	0.0765001464386991	0.220551186537301	0.144051040098602	0	0	0	0.2	0.334200212909051	0.0885104043937019	0.16840130341909	0.509567354972432	0.341166051553343	0	0	1	0.1	0.253818631561727	0.0652405758458766	0.129244573459456	0.389085592572024	0.259841019112568	0	0	1	0.2	0.784067617505115	0.167583717717477	0.462109288785041	1.13130523403934	0.669195945254302	0	0	2	0.1	0.722078694772996	0.108522186564381	0.518732367120914	0.936176865744472	0.417444498623558	0	0	2	0.2	1.63545275672283	0.20481568566902	1.264074843219	2.04946193964952	0.785387096430523	0	0	3	0.1	1.12036877029547	0.139788914339423	0.871472286243759	1.4010218717448	0.529549585501039	0	0	3	0.2	2.1854724553276	0.233337510965284	1.77062489624737	2.65753129583202	0.886906399584648
250	0	0	0	0.1	0.0581249048401178	0.0332370598864824	-0.00791109625542316	0.117338016248255	0.125249112503678	0	0	0	0.2	0.150563150983775	0.0734977313758051	0.0118119000977644	0.297661863784737	0.285849963686972	0	0	1	0.1	0.154900979650368	0.0625533150073421	0.0357392844716931	0.280031743545899	0.244292459074206	0	0	1	0.2	0.491013669457774	0.165643172301971	0.187346673139825	0.826419047636566	0.639072374496741	0	0	2	0.1	0.491964027547033	0.102084013925799	0.31096032064181	0.703587009405262	0.392626688763452	0	0	2	0.2	1.09404270541559	0.192188616705039	0.731469880138399	1.47318828157565	0.741718401437254	0	0	3	0.1	0.749176778194353	0.125469862621748	0.53765639016929	1.01298207091776	0.475325680748469	0	0	3	0.2	1.46196268134172	0.219697339022777	1.08764352915065	1.9064738552404	0.818830326089748
230	0	0	0	0.1	0.0717707377972438	0.0258312210497203	0.0229200518007588	0.123355504138928	0.10043545233817	0	0	0	0.2	0.084778362330409	0.061856443357104	-0.040022720221344	0.207273245292564	0.247295965513908	0	0	1	0.1	0.0835282571225514	0.0582339273519888	-0.0359880605586464	0.194245569804891	0.230233630363538	0	0	1	0.2	0.370291834668555	0.170036083378489	0.0508393128699522	0.723288143153961	0.672448830284009	0	0	2	0.1	0.540745172990296	0.12652274607745	0.309556690796854	0.8106521778472	0.501095487050346	0	0	2	0.2	1.49429229274794	0.285272992319497	0.963005544772082	2.11181353020836	1.14880798543628	0	0	3	0.1	1.10291547070345	0.188353422917591	0.783730402098159	1.50756034327927	0.72382994118111	0	0	3	0.2	2.37480853696455	0.331803911915581	1.79062245943875	3.10037571873921	1.30975325930046
248	0	0	0	0.1	0.0688130634703858	0.0279023966677683	0.0155764462855249	0.124021494128075	0.10844504784255	0	0	0	0.2	0.185989934427526	0.0655095551142873	0.0669173733398352	0.316923516016214	0.250006142676379	0	0	1	0.1	0.245519614000554	0.0623310523304574	0.132642617918317	0.366397087570896	0.233754469652579	0	0	1	0.2	0.820059759844997	0.194187751041564	0.47143794874953	1.23097914758336	0.759541198833834	0	0	2	0.1	0.773697092522655	0.14056798615091	0.516014300816252	1.06371877821637	0.547704477400115	0	0	2	0.2	1.79462724017095	0.272313260326043	1.29110090881699	2.33825741885164	1.04715651003465	0	0	3	0.1	1.23192381630113	0.196458769570283	0.898511500643726	1.64505283834599	0.746541337702261	0	0	3	0.2	2.39097393208791	0.31822033924441	1.81804822376224	3.05692889011249	1.23888066635026
47	0	0	0	0.1	0.0945653153944419	0.0284960400210654	0.0371751147787763	0.152188508865591	0.115013394086814	0	0	0	0.2	0.190701704073062	0.062549557719863	0.0661992463135394	0.31968598190444	0.2534867355909	0	0	1	0.1	0.105934773691728	0.0495093668709556	0.00807181637642809	0.199114580183189	0.191042763806761	0	0	1	0.2	0.286011857114203	0.126329086634429	0.0400169548303268	0.520574906618509	0.480557951788183	0	0	2	0.1	0.336948537981805	0.0900851857399205	0.182358186922182	0.535804870397166	0.353446683474984	0	0	2	0.2	0.825501678130646	0.189967868401996	0.493656643405645	1.23345300266738	0.739796359261739	0	0	3	0.1	0.609366263478199	0.119166404010945	0.406182525378394	0.8726145012941	0.466431975915706	0	0	3	0.2	1.28269513483439	0.220453934328159	0.884334321441583	1.76080253422752	0.876468212785941
180	0	0	0	0.1	0.155391719932139	0.0376150209345981	0.0835044374573326	0.234625467602566	0.151121030145234	0	0	0	0.2	0.322999748584918	0.0867820033575022	0.161666563535753	0.514493783094202	0.352827219558449	0	0	1	0.1	0.155438664585382	0.0663615536483558	0.0357001170295353	0.281503635672742	0.245803518643207	0	0	1	0.2	0.417259720215451	0.163605643007624	0.108092788262643	0.751001155426467	0.642908367163824	0	0	2	0.1	0.395535375035843	0.0955520351720772	0.21238188715725	0.581538848230818	0.369156961073568	0	0	2	0.2	0.947342998146713	0.199691565743335	0.580629347799224	1.35060907452797	0.769979726728746	0	0	3	0.1	0.665261052945698	0.12546832177448	0.448398238546936	0.933280029136744	0.484881790589807	0	0	3	0.2	1.43626439808017	0.248900992660146	1.00437328572157	1.96947522056761	0.96510193484604
66	0	0	0	0.1	0.142539420370891	0.0290936526267407	0.0845261873568591	0.197739324838365	0.113213137481506	0	0	0	0.2	0.283168720954882	0.0739208726852525	0.148734001257935	0.433891702684998	0.285157701427063	0	0	1	0.1	0.165433224816246	0.0586507595015221	0.0576337277932854	0.281922034415666	0.224288306622381	0	0	1	0.2	0.506570815285047	0.164877562710659	0.213193951489778	0.857148259922357	0.64395430843258	0	0	2	0.1	0.516106084245932	0.117862188961899	0.310344536974305	0.779737515646706	0.469392978672401	0	0	2	0.2	1.25090050281003	0.256229105165409	0.794452509748904	1.79788034230202	1.00342783255312	0	0	3	0.1	0.862752502172365	0.162443636677418	0.589614782727274	1.22477029810311	0.63515551537584	0	0	3	0.2	1.78542406037555	0.294345562951427	1.27068084433514	2.41399212293615	1.14331127860102
155	0	0	0	0.1	0.106563053292367	0.0312923423237362	0.0437223444789723	0.171594498386071	0.127872153907098	0	0	0	0.2	0.214512415717917	0.0832915428083525	0.0532134583239033	0.383446710786934	0.330233252463031	0	0	1	0.1	0.139665923004908	0.0680266140227978	0.010203465384982	0.275296553274801	0.265093087889819	0	0	1	0.2	0.497990582345333	0.182222522235123	0.159008642737747	0.893863091688853	0.734854448951106	0	0	2	0.1	0.505876128885312	0.110050182045132	0.306152731553723	0.741909135043003	0.43575640348928	0	0	2	0.2	1.18690331403354	0.212970299905283	0.790446583956822	1.63783665110967	0.84739006715285	0	0	3	0.1	0.810201084577094	0.130989222147313	0.573636923825494	1.08752409035345	0.513887166527955	0	0	3	0.2	1.61550878500126	0.224411328786587	1.20313770369022	2.06447450756321	0.861336803872989
223	0	0	0	0.1	0.0901219607054783	0.0346837378908955	0.0268341074782045	0.156527849769861	0.129693742291656	0	0	0	0.2	0.251104080988576	0.0938056839644232	0.0790782376464426	0.439547072589728	0.360468834943286	0	0	1	0.1	0.285363468483378	0.0757702287764329	0.152758594463648	0.449359294543181	0.296600700079534	0	0	1	0.2	0.852408563638109	0.190223989258344	0.514842093646846	1.23366776230163	0.718825668654784	0	0	2	0.1	0.689752432620956	0.124254514024099	0.455018743814403	0.935302961426891	0.480284217612488	0	0	2	0.2	1.49633598625294	0.236698414446585	1.05088608621379	1.96209254138077	0.911206455166985	0	0	3	0.1	0.990528722983075	0.160763165629694	0.697832341602633	1.30295193623395	0.60511959463132	0	0	3	0.2	1.92990925968541	0.268960151639208	1.43662568176599	2.45339293236945	1.01676725060347
173	0	0	0	0.1	0.0716182162383819	0.029021798037312	0.0169317694440852	0.127949114436595	0.11101734499251	0	0	0	0.2	0.183583808575519	0.0709758072338019	0.0520056095559951	0.323933604924589	0.271927995368593	0	0	1	0.1	0.221930866960911	0.0693214608747063	0.0950070591724585	0.359592604539629	0.26458554536717	0	0	1	0.2	0.728302333245413	0.211775698829063	0.357535059712254	1.16425353444941	0.80671847473716	0	0	2	0.1	0.686913118969826	0.148105780582514	0.425490656894824	1.00875318479618	0.583262527901356	0	0	2	0.2	1.57871244492629	0.287347831376776	1.04152699796274	2.13936262895527	1.09783563099254	0	0	3	0.1	1.08677188097244	0.198510315936687	0.71798388644246	1.50168362693377	0.783699740491306	0	0	3	0.2	2.10625732854964	0.318834677176584	1.49770885632025	2.73327631887076	1.23556746255051
4	0	0	0	0.1	0.0892403252734797	0.0324618951549165	0.0239169635412164	0.15398892250052	0.130071958959303	0	0	0	0.2	0.207486380560363	0.0857140955934663	0.0364057040574947	0.374490882121781	0.338085178064286	0	0	1	0.1	0.220828283693683	0.0774353608291505	0.0706070223170136	0.381424867613817	0.310817845296804	0	0	1	0.2	0.766134410981039	0.22541503407017	0.364364651165417	1.21158568171407	0.847221030548651	0	0	2	0.1	0.691222852203225	0.141952997683394	0.432239434544223	0.985606866717087	0.553367432172864	0	0	2	0.2	1.61271704134466	0.276324655978346	1.08902179757947	2.1678031355578	1.07878133797832	0	0	3	0.1	1.05478966240584	0.170151017700355	0.735390102932921	1.39962053928926	0.664230436356341	0	0	3	0.2	2.12701265091219	0.287210830510281	1.59436251566952	2.7195510841957	1.12518856852618
198	0	0	0	0.1	0.153449993321504	0.0343174695941266	0.0899670163170839	0.22802356106358	0.138056544746496	0	0	0	0.2	0.372326001460331	0.0832722692515691	0.214387666692442	0.553945364252678	0.339557697560235	0	0	1	0.1	0.288749810006987	0.0759522670200676	0.156217604451503	0.446451388146891	0.290233783695388	0	0	1	0.2	0.788217506336813	0.20760350135985	0.43650972551948	1.2301497214885	0.793639995969022	0	0	2	0.1	0.617608699117615	0.121358598948436	0.412305866967724	0.863482518491807	0.451176651524083	0	0	2	0.2	1.36596330658181	0.226795668751028	0.974055216978826	1.81395081516791	0.839895598189079	0	0	3	0.1	0.898739549069543	0.139870583426887	0.655541547679707	1.17896872095178	0.523427173272077	0	0	3	0.2	1.79550812027727	0.248042365488841	1.35244356031602	2.30491948795845	0.952475927642435
254	0	0	0	0.1	0.0804546641760446	0.0283972390089658	0.0256113298761778	0.13677026172546	0.111158931849283	0	0	0	0.2	0.215316873820708	0.0693443298008757	0.0824660661822502	0.351439792170189	0.268973725987939	0	0	1	0.1	0.262939270912528	0.0597477807844516	0.158370571699429	0.394123470031189	0.235752898331761	0	0	1	0.2	0.826181698557818	0.201596925963457	0.491910452087502	1.28997326785625	0.798062815768745	0	0	2	0.1	0.717504069462018	0.144686232483897	0.453494707779431	1.04733703282836	0.593842325048931	0	0	2	0.2	1.59510498807613	0.273289484939434	1.06835135334893	2.15257344904686	1.08422209569794	0	0	3	0.1	1.0540228087621	0.190853285673863	0.711508066965295	1.45784708235454	0.746339015389249	0	0	3	0.2	2.04745240455961	0.310438270402634	1.46365744857448	2.69930276341287	1.23564531483839
269	0	0	0	0.1	0.0585098723229051	0.034938657327714	-0.00942474053212769	0.127827438518489	0.137252179050617	0	0	0	0.2	0.143704242638204	0.0822834990919922	-0.0164358226435069	0.309892402750363	0.32632822539387	0	0	1	0.1	0.16927534588902	0.0673227876746488	0.0519920863811093	0.302957347301493	0.250965260920384	0	0	1	0.2	0.547199127504023	0.199379976622464	0.208827928538911	0.946077419137122	0.737249490598211	0	0	2	0.1	0.511253855438515	0.139096880836548	0.272666710664491	0.798133928911	0.525467218246509	0	0	2	0.2	1.1014385947938	0.267206274030631	0.621522514632422	1.64860548246002	1.0270829678276	0	0	3	0.1	0.736552830075659	0.172024021712422	0.450926713033954	1.10961939554444	0.658692682510489	0	0	3	0.2	1.43057452397686	0.293280729381118	0.946118436857957	2.04843207057595	1.102313633718
289	0	0	0	0.1	0.0679598899668312	0.0333936060076646	0	0.131028403367209	0.131028403367209	0	0	0	0.2	0.0611738609592624	0.0824936177657291	-0.110083304869166	0.210415085936764	0.32049839080593	0	0	1	0.1	0.0291821908176479	0.0686420023694956	-0.105376867852902	0.164870795989471	0.270247663842373	0	0	1	0.2	0.324359697070775	0.201944567750622	-0.0289849618405427	0.757246276426434	0.786231238266976	0	0	2	0.1	0.555787054704295	0.133988336749339	0.313879335643164	0.819470093715678	0.505590758072514	0	0	2	0.2	1.50091213485759	0.261882042416972	0.988690848185547	1.9979637782973	1.00927293011175	0	0	3	0.1	1.09582979717941	0.169839058157185	0.786755364322255	1.43039402882597	0.643638664503715	0	0	3	0.2	2.16717849789361	0.277138880971893	1.65109560589013	2.71719227441631	1.06609666852618
232	0	0	0	0.1	0.13626740164382	0.031542674995171	0.0780628555768925	0.196509323991452	0.11844646841456	0	0	0	0.2	0.245419968950723	0.0770086031538001	0.101563968760587	0.393118119614192	0.291554150853605	0	0	1	0.1	0.180819642664285	0.0581552548116733	0.0730171540519086	0.295588056129002	0.222570902077093	0	0	1	0.2	0.640897131332553	0.17672684111792	0.323254310511363	1.01075744294916	0.6875031324378	0	0	2	0.1	0.660624220174472	0.117078065337636	0.44408080937374	0.900054930101306	0.455974120727566	0	0	2	0.2	1.56727034310301	0.235966224358268	1.12934886497528	2.03156273547041	0.902213870495125	0	0	3	0.1	1.06358859011803	0.155623528421298	0.78974119435723	1.37940445466993	0.589663260312699	0	0	3	0.2	2.15248284745963	0.277735273352632	1.6496222064328	2.73972881897159	1.09010661253879
209	0	0	0	0.1	0.0965693605843982	0.03076203876414	0.0375384604878132	0.15702286817705	0.119484407689237	0	0	0	0.2	0.242757921018128	0.0811608964871202	0.0819416027685384	0.401924044515056	0.319982441746517	0	0	1	0.1	0.217062233719002	0.054372213191047	0.115572369036984	0.336568331692784	0.2209959626558	0	0	1	0.2	0.61552998086741	0.142959875135325	0.360155101946032	0.920620450230008	0.560465348283976	0	0	2	0.1	0.546210513938766	0.0949804667424415	0.365927451102047	0.750967948425895	0.385040497323848	0	0	2	0.2	1.2535558455643	0.190524100823463	0.896660166988953	1.62012773817874	0.723467571189789	0	0	3	0.1	0.873287501862639	0.124346207297145	0.642450105263566	1.12440398549328	0.481953880229718	0	0	3	0.2	1.74001036771169	0.213498091122741	1.34273761576463	2.15861118069381	0.815873564929174
191	0	0	0	0.1	0.107533674073489	0.0305821793059811	0.0519139515311712	0.169199401092224	0.117285449561053	0	0	0	0.2	0.208765511137055	0.0740321125698987	0.0698173341038721	0.360565002390507	0.290747668286635	0	0	1	0.1	0.173623822620458	0.0756859990003117	0.0192897088315458	0.313787301460758	0.294497592629212	0	0	1	0.2	0.615868467809769	0.228380841722221	0.149721525833277	1.07838665774131	0.928665131908036	0	0	2	0.1	0.639793412490496	0.148098235667545	0.353748550997764	0.954381500175749	0.600632949177985	0	0	2	0.2	1.55436960040964	0.29792687304622	0.952449624740721	2.18883808045157	1.23638845571085	0	0	3	0.1	1.06750678261815	0.192594289860559	0.710482631399891	1.49670834506189	0.786225713661996	0	0	3	0.2	2.17305543906398	0.333929222902029	1.57010987258742	2.89643622467056	1.32632635208314
284	0	0	0	0.1	0.0856880371441488	0.0349898527043745	0.0140614874059227	0.155535679387103	0.14147419198118	0	0	0	0.2	0.213837633196388	0.100726570992821	0.0240296574806396	0.433821061767456	0.409791404286817	0	0	1	0.1	0.215939719342068	0.0821175545018187	0.069930047951552	0.381014748381025	0.311084700429473	0	0	1	0.2	0.730449560517281	0.221641054651744	0.325262514825561	1.2054849490505	0.880222434224943	0	0	2	0.1	0.65713466282567	0.135628712146849	0.401654834538368	0.930140090100011	0.528485255561643	0	0	2	0.2	1.47827130515048	0.253442582450405	0.988251230010231	1.98567498915272	0.997423759142488	0	0	3	0.1	0.990128617168453	0.158830053481954	0.694316649168847	1.31318781734245	0.618871168173603	0	0	3	0.2	1.92033979763777	0.265052968785525	1.41559096323819	2.44491238881188	1.02932142557369
188	0	0	0	0.1	0.0779118915342222	0.0307962342988898	0.020633351080929	0.13820881416892	0.117575463087991	0	0	0	0.2	0.17976165325659	0.0703682878436473	0.0511019557433725	0.323385147956675	0.272283192213303	0	0	1	0.1	0.205784095389753	0.0607938383760579	0.0850723711434563	0.316815577204754	0.231743206061298	0	0	1	0.2	0.604495108251478	0.174260466123863	0.282616527589553	0.950398316045032	0.667781788455478	0	0	2	0.1	0.557209278056396	0.123160200064564	0.326397664871643	0.809613344181325	0.483215679309682	0	0	2	0.2	1.29829457332037	0.257719770473997	0.80352342260019	1.79542256719427	0.991899144594085	0	0	3	0.1	0.877935563629372	0.172289529240845	0.548848348422558	1.22834046923778	0.679492120815224	0	0	3	0.2	1.81520068917117	0.304971508880529	1.22292429077981	2.43967680271877	1.21675251193896
98	0	0	0	0.1	0.110028507795251	0.030246884420203	0.0486771476003131	0.171644005931284	0.122966858330971	0	0	0	0.2	0.201526651421883	0.0760099301113484	0.0427313571197564	0.349306800030099	0.306575442910343	0	0	1	0.1	0.0818130053221676	0.0754070632049843	-0.0576578893548182	0.240477977805951	0.298135867160769	0	0	1	0.2	0.297506790173061	0.197125154546197	-0.0514573157277287	0.710156407137002	0.761613722864731	0	0	2	0.1	0.39380172392897	0.119361472753466	0.18666249703165	0.653273648975859	0.466611151944209	0	0	2	0.2	0.975729046390728	0.243281168534848	0.551393553113551	1.49702146606617	0.945627912952622	0	0	3	0.1	0.716071643836018	0.142400474440436	0.468517790642841	1.02198452859759	0.553466737954748	0	0	3	0.2	1.47792458817658	0.253236998394025	1.02629199938096	2.00091824999785	0.974626250616894
19	0	0	0	0.1	0.122990025425411	0.0319234102344609	0.0624239931585739	0.183760112604101	0.121336119445527	0	0	0	0.2	0.280029954194845	0.0849094123443137	0.127407657509183	0.445421394277876	0.318013736768692	0	0	1	0.1	0.208532939073961	0.0749909355437987	0.060570897747926	0.36063235593509	0.300061458187164	0	0	1	0.2	0.711604657427597	0.217951729437847	0.303419972190039	1.18314979579667	0.879729823606628	0	0	2	0.1	0.660038068066299	0.139413041995461	0.408163540537934	0.94507723307828	0.536913692540346	0	0	2	0.2	1.58683734576467	0.269654593458523	1.09065317810309	2.16065525942812	1.07000208132503	0	0	3	0.1	1.0789867998783	0.171545846461926	0.778525861349262	1.45518914643113	0.676663285081867	0	0	3	0.2	2.17815855140186	0.291184461900643	1.66284291948616	2.79501980381727	1.13217688433111
23	0	0	0	0.1	0.117733793819593	0.0326490845120472	0.0548270549264409	0.182262522738639	0.127435467812198	0	0	0	0.2	0.199895418553806	0.0793366734355569	0.046566045123347	0.364938209991771	0.318372164868424	0	0	1	0.1	0.125758556835481	0.0624174719221305	0.00975114821090931	0.24108851634012	0.23133736812921	0	0	1	0.2	0.441534638384034	0.183921761463051	0.133104803489253	0.843461763047557	0.710356959558304	0	0	2	0.1	0.544562188710293	0.147277172801189	0.297051096651299	0.855875821671523	0.558824725020224	0	0	2	0.2	1.40885333288981	0.334596129800312	0.848123208520594	2.11628745379869	1.26816424527809	0	0	3	0.1	1.02370579451558	0.222975302628916	0.64567216294071	1.48312346854417	0.83745130560346	0	0	3	0.2	2.18013665480963	0.392213557326999	1.48353494466854	2.94047682370439	1.45694187903585
40	0	0	0	0.1	0.0859210615283738	0.036030629647954	0.0170932519505348	0.156062540274704	0.138969288324169	0	0	0	0.2	0.139365652004149	0.0986654062244165	-0.0450633490704871	0.339429777551768	0.384493126622255	0	0	1	0.1	0.110041960670965	0.0892655551878034	-0.0658319434504918	0.28167779877333	0.347509742223822	0	0	1	0.2	0.506525774776334	0.216485421106367	0.097096278031427	0.952036344001015	0.854940065969588	0	0	2	0.1	0.543224806468407	0.116095044747408	0.33357712279822	0.78723080707292	0.4536536842747	0	0	2	0.2	1.29035279982247	0.214872794096722	0.889707536160284	1.7466854563004	0.856977920140119	0	0	3	0.1	0.881875042997836	0.127835580946199	0.639966302267703	1.14968735652128	0.509721054253579	0	0	3	0.2	1.75850385406995	0.220710445693538	1.32882692590918	2.17473853944187	0.845911613532688
159	0	0	0	0.1	0.0873202287100632	0.0312525275478695	0.0239170336525329	0.145168310269603	0.12125127661707	0	0	0	0.2	0.182291102604495	0.0845000319658026	0.0273077819589751	0.352655789544459	0.325348007585483	0	0	1	0.1	0.156861768632619	0.0610459290531178	0.0417435715326526	0.285155369546253	0.243411798013601	0	0	1	0.2	0.530576315720802	0.170431299564518	0.221109509074539	0.89244428953574	0.671334780461201	0	0	2	0.1	0.557856358961783	0.113702934837471	0.340613351301351	0.799829437893304	0.459216086591954	0	0	2	0.2	1.32966196726689	0.239734532604986	0.868989946806458	1.80777321172515	0.938783264918697	0	0	3	0.1	0.920279412039063	0.161190576088341	0.619296702454681	1.24832373452018	0.629027032065495	0	0	3	0.2	1.86968813341507	0.296438246155517	1.3254061625577	2.46743632919696	1.14203016663926
286	0	0	0	0.1	0.144105891615139	0.0326994018165443	0.0832083050956941	0.209683242461326	0.126474937365631	0	0	0	0.2	0.327967072792562	0.083208714897507	0.180266991352038	0.496242869714491	0.315975878362452	0	0	1	0.1	0.221876272522025	0.0674067120284232	0.0994807849522505	0.360706200085281	0.26122541513303	0	0	1	0.2	0.789023710744584	0.209103783687315	0.399271003550676	1.23937162268309	0.840100619132409	0	0	2	0.1	0.772499185744381	0.153593666955496	0.495519027546462	1.08602246666168	0.590503439115222	0	0	2	0.2	1.79735439283379	0.287207571356159	1.26460585818918	2.35477398402467	1.09016812583549	0	0	3	0.1	1.24650468549378	0.201175677721423	0.892684850476818	1.64326848673453	0.750583636257713	0	0	3	0.2	2.405886911551	0.315560498429768	1.83406697155291	3.02372714621465	1.18966017466175
70	0	0	0	0.1	0.11989053759522	0.0392795806771917	0.0415055533385137	0.196337485252402	0.154831931913889	0	0	0	0.2	0.307922580407538	0.105476010910061	0.0967343052837972	0.513034367340486	0.416300062056689	0	0	1	0.1	0.294684775299568	0.0675288741199761	0.172773410273968	0.43097317022164	0.258199759947671	0	0	1	0.2	0.842872137834889	0.157581977700631	0.549348559642755	1.1550778206306	0.605729260987844	0	0	2	0.1	0.668832385676108	0.0958858723260214	0.499411051027121	0.863111647719463	0.363700596692342	0	0	2	0.2	1.43071194380858	0.183271451392684	1.09722629328547	1.83738328651977	0.740156993234302	0	0	3	0.1	0.924520079664945	0.121139626103234	0.71016246010975	1.17296437827846	0.462801918168714	0	0	3	0.2	1.82516882037809	0.215257448794606	1.4309630619084	2.25748253797809	0.826519476069695
194	0	0	0	0.1	0.162377588870851	0.0313208265651128	0.103431080717313	0.228427759963632	0.124996679246318	0	0	0	0.2	0.349895532239699	0.0811670541341007	0.198763724452924	0.508481357381846	0.309717632928922	0	0	1	0.1	0.175956748868463	0.0681914778699579	0.0330031249565953	0.306064021933264	0.273060896976669	0	0	1	0.2	0.577337961685659	0.193492840688457	0.193542406478486	0.970552763839027	0.77701035736054	0	0	2	0.1	0.542118532410474	0.119548823095868	0.315299151223238	0.792161558932168	0.476862407708929	0	0	2	0.2	1.27679546251877	0.230707213194812	0.842532459797873	1.72558449587672	0.883052036078843	0	0	3	0.1	0.880236019333646	0.144815533445302	0.614073422522837	1.18918854676408	0.575115124241238	0	0	3	0.2	1.78839521594152	0.246388371133547	1.33181933756675	2.28235721133126	0.950537873764514
132	0	0	0	0.1	0.0954456779366696	0.030693680406874	0.0308957259075922	0.1529332331764	0.122037507268807	0	0	0	0.2	0.136074364132059	0.0734337651238694	-0.0166201318458056	0.271227469909681	0.287847601755486	0	0	1	0.1	0.120246901555751	0.0530211336101926	0.0208541074843047	0.224254792808579	0.203400685324274	0	0	1	0.2	0.46350684721353	0.158419561832142	0.183433782338692	0.792304875655788	0.608871093317096	0	0	2	0.1	0.583489741574721	0.117118329032628	0.382196341342052	0.824381377646551	0.4421850363045	0	0	2	0.2	1.4617021017207	0.252442359436751	1.00925922959901	1.97490118226099	0.96564195266198	0	0	3	0.1	1.03708451174493	0.167642919182088	0.730755828666631	1.38585667590011	0.655100847233476	0	0	3	0.2	2.15539438036059	0.295227057468164	1.5881623150133	2.76105268461151	1.17289036959821
186	0	0	0	0.1	0.110703560613512	0.0335207439987742	0.046669076578866	0.174109979784955	0.127440903206089	0	0	0	0.2	0.234185586721304	0.0796461150948825	0.0808194926323257	0.390358375187224	0.309538882554898	0	0	1	0.1	0.151878557979309	0.0633395384762746	0.0298331223147627	0.28451456047115	0.254681438156387	0	0	1	0.2	0.531223001015591	0.183313061660744	0.189822912689223	0.912161577363875	0.722338664674652	0	0	2	0.1	0.546333134514714	0.116808858980054	0.326276712328677	0.785837589029599	0.459560876700921	0	0	2	0.2	1.29949274259649	0.229367632864821	0.847074525859103	1.7611355500207	0.9140610241616	0	0	3	0.1	0.902731946113499	0.144276613394435	0.616308926787457	1.2027013615903	0.586392434802847	0	0	3	0.2	1.79858232065354	0.245946589676167	1.30650034426019	2.31485689774029	1.0083565534801
294	0	0	0	0.1	0.121661037224494	0.0276593875125385	0.0721524514097577	0.175377725346892	0.103225273937134	0	0	0	0.2	0.285911475098998	0.0689110172764785	0.161668170949489	0.424219493113435	0.262551322163946	0	0	1	0.1	0.278773484939192	0.0674078518659277	0.155159274907504	0.422013841061838	0.266854566154333	0	0	1	0.2	0.930946391393825	0.234825336146341	0.52282557777421	1.4344069265922	0.911581348817993	0	0	2	0.1	0.817968307310892	0.167342782444552	0.50286587100708	1.14595249857338	0.643086627566304	0	0	2	0.2	1.81124385375771	0.294660747096029	1.20894351014152	2.39743868266688	1.18849517252536	0	0	3	0.1	1.2138924897872	0.193234438923827	0.827155153190082	1.60360486156101	0.776449708370928	0	0	3	0.2	2.27699650205598	0.305829711204886	1.67187590944133	2.87687599287047	1.20500008342914
247	0	0	0	0.1	0.161828412189636	0.0337100302107292	0.102796139710103	0.23471538409331	0.131919244383207	0	0	0	0.2	0.310339557633627	0.0783720032825986	0.165949216516649	0.47563420665505	0.309684990138401	0	0	1	0.1	0.12295776329942	0.0621209984234854	-0.00171894004206475	0.243134480720869	0.244853420762934	0	0	1	0.2	0.36977139959678	0.151867618891492	0.0708092500085117	0.668137240178325	0.597327990169814	0	0	2	0.1	0.404946507999577	0.0928549160308971	0.221460333371515	0.5846419019088	0.363181568537286	0	0	2	0.2	0.953047011932861	0.190338635404564	0.590471626643822	1.32899234124171	0.738520714597887	0	0	3	0.1	0.666029716692806	0.117827771191435	0.458723635790611	0.910134472827052	0.45141083703644	0	0	3	0.2	1.3697951980526	0.221295378839198	0.978197397026749	1.83135779126436	0.853160394237614
41	0	0	0	0.1	0.0935587436157692	0.0314438579512678	0.0321878579028748	0.156039767187503	0.123851909284628	0	0	0	0.2	0.208363881667688	0.0769584516388348	0.0676695271185751	0.367214354348924	0.299544827230349	0	0	1	0.1	0.226772467764323	0.0709974524610827	0.104414257531015	0.375738963670269	0.271324706139254	0	0	1	0.2	0.812540342177075	0.22994246087704	0.417754243469906	1.3147365902736	0.896982346803697	0	0	2	0.1	0.847985407682754	0.151606139526844	0.568882098585382	1.13953536482981	0.570653266244429	0	0	2	0.2	1.98310189519929	0.267850207181031	1.45946972596508	2.4815327410109	1.02206301504582	0	0	3	0.1	1.39831539727349	0.180575048926625	1.05957865552867	1.74929953449233	0.689720878963662	0	0	3	0.2	2.66158439470302	0.281973981111864	2.1220644158785	3.22110756811701	1.09904315223851
49	0	0	0	0.1	0.134716154715531	0.0309352336796205	0.073525346009374	0.193684564524962	0.120159218515588	0	0	0	0.2	0.245292649669624	0.0758501327414479	0.0944600997155481	0.387520843512307	0.293060743796759	0	0	1	0.1	0.0932059385240229	0.0612589313963263	-0.015869159982594	0.223155044791039	0.239024204773633	0	0	1	0.2	0.306520874458733	0.177007147827127	0.0120233483938486	0.734379566186959	0.72235621779311	0	0	2	0.1	0.415544726358815	0.131858158667579	0.19783090030108	0.721640972450863	0.523810072149782	0	0	2	0.2	1.05728606072626	0.279245689143045	0.571195175278906	1.67225235902717	1.10105718374826	0	0	3	0.1	0.799922941920422	0.180106758605852	0.473890955486713	1.19825822372765	0.724367268240939	0	0	3	0.2	1.65286032344396	0.315272096892516	1.06080296892526	2.33714635237779	1.27634338345253
141	0	0	0	0.1	0.0930753539279363	0.0271161187758664	0.0409830081861004	0.148687423558093	0.107704415371992	0	0	0	0.2	0.249359480016696	0.0723878033512935	0.115119476267592	0.394344908435963	0.27922543216837	0	0	1	0.1	0.258055456160473	0.0623702581530077	0.135429158250216	0.387096392290942	0.251667234040726	0	0	1	0.2	0.78082448070306	0.184243287297121	0.440413085562773	1.15254100688393	0.712127921321155	0	0	2	0.1	0.664928500952522	0.122535901648223	0.439877323590731	0.926363746229349	0.486486422638618	0	0	2	0.2	1.414908550113	0.221686052810873	1.00413192361653	1.85358216737549	0.84945024375896	0	0	3	0.1	0.977019771959347	0.152599908536823	0.701089831532843	1.30742010709469	0.606330275561846	0	0	3	0.2	1.81670503632716	0.246291508954801	1.34796203488625	2.35780082602589	1.00983879113964
295	0	0	0	0.1	0.0697529945524975	0.0317633894769807	0.0113968204961681	0.13449668545672	0.123099864960552	0	0	0	0.2	0.160171452305061	0.0745473074758027	0.019544607164617	0.312616811204947	0.29307220404033	0	0	1	0.1	0.184271120680964	0.060812302446123	0.0705479167547919	0.31371465174747	0.243166734992678	0	0	1	0.2	0.602339091507213	0.164232698039188	0.301778052715101	0.920641812008563	0.618863759293462	0	0	2	0.1	0.563490059352389	0.103400914029714	0.372119061861207	0.770305266834077	0.39818620497287	0	0	2	0.2	1.23028015890874	0.196573704585425	0.866066361059661	1.62076263485455	0.754696273794892	0	0	3	0.1	0.815701543911701	0.124101579641187	0.595834666774523	1.06206572065113	0.466231053876602	0	0	3	0.2	1.59803176762821	0.219114948455301	1.19593480101037	2.04270624097393	0.846771439963557
59	0	0	0	0.1	0.0696877543840293	0.0330847476965946	0.00487273133043989	0.133191779863131	0.128319048532691	0	0	0	0.2	0.10410398845726	0.0799481864372046	-0.0433949782730989	0.257109881312369	0.300504859585468	0	0	1	0.1	0.128601443960429	0.0575175454112046	0.0165911416083711	0.2406515625785	0.224060420970129	0	0	1	0.2	0.4773464718276	0.149162768269902	0.191989161548715	0.789161003309274	0.597171841760558	0	0	2	0.1	0.53972754494897	0.0948536616109691	0.359513996174414	0.73511294629455	0.375598950120136	0	0	2	0.2	1.29216026380375	0.19534988675367	0.911168449128141	1.70977791969954	0.798609470571397	0	0	3	0.1	0.901540066225481	0.125661799728799	0.664939389668041	1.15338624332485	0.488446853656811	0	0	3	0.2	1.83160202926575	0.224701468561431	1.41065188382357	2.31104791200034	0.90039602817677
174	0	0	0	0.1	0.0662366404618799	0.0328261276174151	-0.00148468704895423	0.130455384411691	0.131940071460645	0	0	0	0.2	0.226725137822277	0.0906369636545252	0.0539798202159266	0.410510953937831	0.356531133721905	0	0	1	0.1	0.288195207857987	0.0769851453889103	0.144074600484712	0.437319742706845	0.293245142222132	0	0	1	0.2	0.88539577574412	0.230199591728042	0.48179588942609	1.35270406832622	0.87090817890013	0	0	2	0.1	0.68241292949382	0.157600051951945	0.440881237956179	1.01576507222248	0.5748838342663	0	0	2	0.2	1.49792544335813	0.29585393672146	1.03125798888437	2.13178862484598	1.10053063596161	0	0	3	0.1	0.95515357859216	0.182029427970536	0.660430676036339	1.35395707381788	0.693526397781544	0	0	3	0.2	1.86616248530658	0.300444394081678	1.34547418195985	2.50343867072163	1.15796448876178
17	0	0	0	0.1	0.126587336612013	0.0344658834524622	0.0613981139711824	0.194661422957543	0.133263308986361	0	0	0	0.2	0.263547249377068	0.0876189975509764	0.104994038789966	0.439146216857124	0.334152178067158	0	0	1	0.1	0.230063748960537	0.068835481384124	0.0968868100140453	0.368963189192072	0.272076379178027	0	0	1	0.2	0.692933498656261	0.188411885246462	0.364077913961117	1.06187413466449	0.697796220703377	0	0	2	0.1	0.629587738353848	0.129880941362305	0.388177998048497	0.87069801958789	0.482520021539393	0	0	2	0.2	1.41044780012232	0.258312941968537	0.905762680624254	1.88319406834098	0.977431387716727	0	0	3	0.1	0.951958444537008	0.175194853410514	0.613813978232272	1.27110721525618	0.657293237023907	0	0	3	0.2	1.90847769915823	0.304089555002897	1.31095662167969	2.46352997983311	1.15257335815341
131	0	0	0	0.1	0.0817574399582494	0.035811152291327	0.0104582138166264	0.149277893173856	0.138819679357229	0	0	0	0.2	0.157414139552218	0.0859784448361526	-0.0122916785651784	0.321964567220573	0.334256245785751	0	0	1	0.1	0.0948987694953999	0.0637384486063454	-0.022518298538746	0.220409555729172	0.242927854267918	0	0	1	0.2	0.349405038358211	0.147579653928596	0.0755877531860912	0.64105193056502	0.565464177378929	0	0	2	0.1	0.390108687174472	0.0870981181418716	0.221440545401942	0.581093924504338	0.359653379102396	0	0	2	0.2	0.922746963929826	0.177073794609272	0.581308341427858	1.29678716940882	0.715478827980964	0	0	3	0.1	0.644829545413366	0.111493563638583	0.446663476746435	0.885289766908937	0.438626290162502	0	0	3	0.2	1.34737403898381	0.212542868477484	0.966259590342629	1.79057930765124	0.824319717308611
224	0	0	0	0.1	0.142335272102103	0.033298868274459	0.0753508024069056	0.209704407678599	0.134353605271693	0	0	0	0.2	0.298079122070974	0.067335973847595	0.167028262166495	0.439497960661659	0.272469698495164	0	0	1	0.1	0.183559168544312	0.0460466869349601	0.101951974521517	0.280027017131617	0.1780750426101	0	0	1	0.2	0.469387342256038	0.115718746318138	0.259472426560693	0.708072604024647	0.448600177463953	0	0	2	0.1	0.441350415351218	0.0764335585772281	0.301684455345375	0.602526268835864	0.300841813490489	0	0	2	0.2	1.08622718757305	0.168574184853062	0.764912518465852	1.42275628966287	0.657843771197015	0	0	3	0.1	0.772151406009499	0.109282296031858	0.57299371875242	0.995871120690111	0.422877401937691	0	0	3	0.2	1.65851982668288	0.216586731358753	1.25463447448368	2.10825506703469	0.853620592551011
163	0	0	0	0.1	0.06274669876251	0.0284721697513737	0.00937184259303113	0.116966600353063	0.107594757760032	0	0	0	0.2	0.12716800577102	0.0668649316213883	0.00581255766789883	0.257734959307443	0.251922401639544	0	0	1	0.1	0.134190299612627	0.0529485855055773	0.0402105636173968	0.246718867710218	0.206508304092821	0	0	1	0.2	0.459410769803666	0.151399751499598	0.185481810575136	0.772184753254877	0.586702942679741	0	0	2	0.1	0.536018221964141	0.110532826484965	0.333604960051468	0.763541182719628	0.42993622266816	0	0	2	0.2	1.33673748849723	0.235574717149225	0.895146786189697	1.80387310056028	0.908726314370585	0	0	3	0.1	0.96661327472433	0.160371293515205	0.670615330679616	1.27054580731099	0.599930476631376	0	0	3	0.2	1.9801808310631	0.283134438897667	1.43479247706315	2.53735128967475	1.1025588126116
192	0	0	0	0.1	0.0490145101803649	0.0322175119552129	-0.0125151738450649	0.114376438194877	0.126891612039942	0	0	0	0.2	0.0728994474647484	0.0759478240240006	-0.0702407575228014	0.226579227509344	0.296819985032145	0	0	1	0.1	0.0964553438913665	0.0633948626567607	-0.0334116147162665	0.216138889664465	0.249550504380732	0	0	1	0.2	0.369940911132493	0.166156088180434	0.0543310119813757	0.713496251714031	0.659165239732656	0	0	2	0.1	0.472143857520377	0.105484207778411	0.275126984242737	0.69742819398444	0.422301209741703	0	0	2	0.2	1.1634918993068	0.214094400719269	0.759992547096784	1.61195306526875	0.85196051817197	0	0	3	0.1	0.845290451159601	0.143400111342679	0.598232743609007	1.16643207053343	0.568199326924427	0	0	3	0.2	1.73622154134372	0.253936442516713	1.29420760728911	2.27161558377009	0.977407976480984
297	0	0	0	0.1	0.0917057549466314	0.037889808581845	0.0149575801759416	0.165385228078321	0.15042764790238	0	0	0	0.2	0.166169211617698	0.0878575236808079	0.00327275280903017	0.343160005165248	0.339887252356218	0	0	1	0.1	0.118223720948508	0.062924069077874	-4.20992561973619e-05	0.241655249044561	0.241697348300759	0	0	1	0.2	0.472387788998807	0.189366119300071	0.151114571486188	0.89259599298296	0.741481421496772	0	0	2	0.1	0.606567467183429	0.139181598794668	0.371711203691286	0.934975511032992	0.563264307341707	0	0	2	0.2	1.57830943731431	0.290007791861039	1.05780194642568	2.20499623006023	1.14719428363455	0	0	3	0.1	1.16671252174287	0.199241398294708	0.818620998896174	1.59245887555981	0.773837876663632	0	0	3	0.2	2.3751003047092	0.316458255316396	1.79292769359727	3.0246714383951	1.23174374479782
240	0	0	0	0.1	0.196319677976351	0.0347387581043812	0.130855132245774	0.267425532762838	0.136570400517063	0	0	0	0.2	0.476128698383805	0.0979218448110424	0.309186193605161	0.697268758275152	0.388082564669991	0	0	1	0.1	0.317010922106957	0.0756761146119246	0.177495345619157	0.482296151702125	0.304800806082969	0	0	1	0.2	1.01199297545086	0.222951304313445	0.583982967546916	1.44667510075866	0.862692133211743	0	0	2	0.1	0.840053811777456	0.147583034443616	0.570940141618653	1.14633954703001	0.575399405411352	0	0	2	0.2	1.85602960247811	0.271885764687575	1.33653462739115	2.38303151432588	1.04649688693473	0	0	3	0.1	1.28234219013106	0.19806522544007	0.918583029881059	1.67688394979713	0.758300919916072	0	0	3	0.2	2.45481935009136	0.326657564289451	1.82877987601698	3.14198411909328	1.3132042430763
321	0	0	0	0.1	0.0547143790662097	0.0333280484834661	-0.00565007797464164	0.120850530055002	0.126500608029643	0	0	0	0.2	0.117977497835191	0.0786146658404082	-0.0282037142166463	0.275112781640622	0.303316495857268	0	0	1	0.1	0.213073376367729	0.0624408087890588	0.0987039579182065	0.34294375004408	0.244239792125874	0	0	1	0.2	0.73481919176517	0.18571229608238	0.403758729911233	1.12224381408344	0.718485084172207	0	0	2	0.1	0.701313645815947	0.127256354386885	0.482982875814717	0.958845448454253	0.475862572639535	0	0	2	0.2	1.63592827897289	0.264466597120235	1.15496229201554	2.15831581370374	1.0033535216882	0	0	3	0.1	1.0874834053053	0.167430108382493	0.792748278646713	1.41662928305069	0.623881004403981	0	0	3	0.2	2.20132331288726	0.302934100766601	1.64313354560151	2.7975545314642	1.15442098586269
246	0	0	0	0.1	0.0656390627207182	0.0334664194238566	-0.0015583784280599	0.13075404152619	0.13231241995425	0	0	0	0.2	0.21887657052758	0.0890699445976839	0.0496676321937481	0.404604981263865	0.354937349070117	0	0	1	0.1	0.294957521181271	0.0700116561437888	0.177406205484449	0.44177724175037	0.26437103626592	0	0	1	0.2	0.81353029464652	0.18112530368389	0.503752167006142	1.20452001274115	0.700767845735009	0	0	2	0.1	0.646558228567233	0.127524621260719	0.426507287400806	0.916139236241212	0.489631948840406	0	0	2	0.2	1.34100132568306	0.243230941577274	0.923178372944336	1.84162804443633	0.918449671491992	0	0	3	0.1	0.877825260077158	0.163984348050925	0.600977617299199	1.23120770383643	0.630230086537234	0	0	3	0.2	1.69312391343238	0.284094295433441	1.21077677368266	2.28074283029879	1.06996605661613
116	0	0	0	0.1	0.0832368232963254	0.030206598655077	0.0249677384003118	0.139256184423337	0.114288446023026	0	0	0	0.2	0.187808640887742	0.0739050506636034	0.0495320017489493	0.334971115919112	0.285439114170163	0	0	1	0.1	0.192320385233048	0.0571563584407286	0.0831105185449384	0.313539463386419	0.230428944841481	0	0	1	0.2	0.596989685700837	0.158345196735534	0.302638707599449	0.92166077337653	0.61902206577708	0	0	2	0.1	0.563113800178565	0.102976113721654	0.36849156014493	0.771702397695533	0.403210837550603	0	0	2	0.2	1.29572528459907	0.215324489064926	0.883661126720659	1.74767760192744	0.864016475206782	0	0	3	0.1	0.858924060647566	0.140696478114519	0.599463189478539	1.16516534676309	0.565702157284548	0	0	3	0.2	1.72048662011134	0.255684517321379	1.25845867493308	2.28378310984791	1.02532443491484
44	0	0	0	0.1	0.0845915813906684	0.0316620893769805	0.0254651695954944	0.147205938394065	0.12174076879857	0	0	0	0.2	0.142559962773821	0.0780169634051733	-0.00966392500865911	0.289468508735218	0.299132433743877	0	0	1	0.1	0.113446744717505	0.0783214784801979	-0.0348563086511606	0.268914393888619	0.30377070253978	0	0	1	0.2	0.397731774316263	0.214181410474543	0.0036448367980907	0.857891690998573	0.854246854200483	0	0	2	0.1	0.440606673664806	0.129067729448032	0.2197192396438	0.710992741578076	0.491273501934277	0	0	2	0.2	1.02596213529586	0.244264371186523	0.588941721208471	1.5518251915991	0.962883470390631	0	0	3	0.1	0.699057123682045	0.138202403658609	0.460738421938441	0.998886420157262	0.538147998218822	0	0	3	0.2	1.41559388554244	0.240927937419822	0.997260552474998	1.93191127375187	0.934650721276872
171	0	0	0	0.1	0.15714253707451	0.0368204184526815	0.0925131285791626	0.231950603873752	0.13943747529459	0	0	0	0.2	0.482275749979072	0.114813790646974	0.28293359651519	0.734515155826465	0.451581559311275	0	0	1	0.1	0.40057271198919	0.0738385093750106	0.259576771836364	0.558281348116239	0.298704576279875	0	0	1	0.2	1.11272062950523	0.190202365030335	0.74372026708795	1.49738790423826	0.753667637150312	0	0	2	0.1	0.80562952548063	0.121600255190462	0.57559569323773	1.06629553792431	0.490699844686577	0	0	2	0.2	1.66092403049243	0.216179695293167	1.25126918286655	2.11981693512604	0.868547752259491	0	0	3	0.1	1.09984825911565	0.150753526613508	0.831270251532763	1.42123295461769	0.589962703084931	0	0	3	0.2	2.02356322411434	0.239825132093071	1.571786193805	2.53173809805554	0.959951904250548
134	0	0	0	0.1	0.0953905454140409	0.0336166397164127	0.0304285895808829	0.160367121157488	0.129938531576605	0	0	0	0.2	0.230707234689322	0.0870953875679385	0.0658806886847699	0.40209229929845	0.33621161061368	0	0	1	0.1	0.168292599974472	0.0729643392941481	0.0240137823664207	0.308886849196229	0.284873066829808	0	0	1	0.2	0.521371018370159	0.182224936666471	0.175934875117945	0.871942207484602	0.696007332366657	0	0	2	0.1	0.493460744487426	0.111020376731541	0.284947704033377	0.719949212440767	0.43500150840739	0	0	2	0.2	1.17831419434411	0.221503463435684	0.750613180376917	1.62244764904958	0.87183446867266	0	0	3	0.1	0.814214943879452	0.137688237903741	0.56123391935414	1.1056629665246	0.544429047170458	0	0	3	0.2	1.68420355293332	0.247091094965295	1.23780553806709	2.18422210884323	0.946416570776146
72	0	0	0	0.1	0.0977709397087387	0.0346048003620638	0.0302990712387907	0.16433862430545	0.134039553066659	0	0	0	0.2	0.205232226341926	0.0784237700349842	0.0509638979250845	0.360824699724984	0.309860801799899	0	0	1	0.1	0.202677342528021	0.0661873364234932	0.0853449469909102	0.336878642786582	0.251533695795672	0	0	1	0.2	0.67964996387661	0.187963862149438	0.352886288602174	1.07241541973906	0.719529131136881	0	0	2	0.1	0.627976342428959	0.120052579154734	0.410182232740767	0.86518708777491	0.455004855034143	0	0	2	0.2	1.48050411657677	0.239911354757786	1.01647301742356	1.94590137603334	0.929428358609774	0	0	3	0.1	0.993745192978093	0.150066324768655	0.700006989627274	1.29504179651947	0.595034806892197	0	0	3	0.2	2.04125323832494	0.264184045681517	1.51179828511839	2.5564770518546	1.04467876673621
350	0	0	0	0.1	0.113694080736321	0.0295733713761763	0.0596057131817012	0.171552242217906	0.111946529036204	0	0	0	0.2	0.240963349329778	0.0676724422220779	0.111273083139879	0.379878808398113	0.268605725258234	0	0	1	0.1	0.13530672149628	0.0542529132406281	0.034004074771226	0.247032807268561	0.213028732497335	0	0	1	0.2	0.391676762170711	0.132410466949679	0.15379323559736	0.660987559639528	0.507194324042168	0	0	2	0.1	0.408178417944704	0.0831164321319321	0.263834266394308	0.586846288980917	0.323012022586609	0	0	2	0.2	0.962306626964822	0.172838440558455	0.654325214213976	1.31470757243678	0.660382358222807	0	0	3	0.1	0.679585033986151	0.112865850343954	0.485253744151091	0.917348832253554	0.432095088102463	0	0	3	0.2	1.41032758074691	0.215063183791604	1.04138575286788	1.86799907105006	0.826613318182185
288	0	0	0	0.1	0.113680096266175	0.033181130113624	0.0507067738456956	0.178447584562366	0.127740810716671	0	0	0	0.2	0.270413442773681	0.0884077116658078	0.100881356684029	0.453202223847075	0.352320867163045	0	0	1	0.1	0.199134455932169	0.0695602832466608	0.0647048583526307	0.346369742592197	0.281664884239567	0	0	1	0.2	0.572668851259554	0.172856591622872	0.256472305021087	0.923307603271643	0.666835298250556	0	0	2	0.1	0.476564178970908	0.106268582529161	0.299774173735631	0.69546799012502	0.395693816389389	0	0	2	0.2	1.05661816930771	0.204054540496232	0.705500324289701	1.48770571775183	0.782205393462125	0	0	3	0.1	0.698906220849585	0.122969207252569	0.482415164658283	0.958526032330209	0.476110867671926	0	0	3	0.2	1.40160447707548	0.218084807887193	1.00128511410174	1.87217383532036	0.870888721218625
203	0	0	0	0.1	0.139579669291228	0.0307229669029343	0.0788181821957381	0.199521383943739	0.120703201748001	0	0	0	0.2	0.233600770320487	0.0712489902263098	0.0875442238041335	0.375936901413642	0.288392677609508	0	0	1	0.1	0.0899014113113538	0.0623926417631242	-0.0239088728084114	0.214759665804853	0.238668538613265	0	0	1	0.2	0.298330102513632	0.184132024918489	-0.0197637259828047	0.653463730432594	0.673227456415399	0	0	2	0.1	0.409137965804919	0.146640818787869	0.149863680993463	0.681886851356884	0.53202317036342	0	0	2	0.2	1.00744515718898	0.306443812850909	0.445891414919437	1.59509660866353	1.14920519374409	0	0	3	0.1	0.751029768113115	0.193664380872596	0.396531865415581	1.126715331958	0.730183466542418	0	0	3	0.2	1.54186412552607	0.339040286152265	0.921624319971703	2.1829686475721	1.2613443276004
75	0	0	0	0.1	0.148651023333635	0.0345525495222889	0.0824545744269263	0.220719400205252	0.138264825778326	0	0	0	0.2	0.243799681563731	0.0800270917249435	0.0933900100990636	0.406728576846065	0.313338566747002	0	0	1	0.1	0.146489195174074	0.0589407928475996	0.0364143485070464	0.268466146447228	0.232051797940181	0	0	1	0.2	0.493889446110411	0.154492557224542	0.218058562117663	0.831847703720343	0.613789141602681	0	0	2	0.1	0.538656667023367	0.0993951026240972	0.361618172431782	0.751731832609079	0.390113660177297	0	0	2	0.2	1.23051284791574	0.197301707775761	0.86436994710397	1.63775168594041	0.773381738836439	0	0	3	0.1	0.838408573261217	0.127633895500272	0.606071678885794	1.10609110924675	0.500019430360959	0	0	3	0.2	1.6760403929592	0.227107210953337	1.26066421493587	2.13825617671864	0.877591961782774
349	0	0	0	0.1	0.110716139072404	0.0297043102617385	0.054739167400809	0.16978749949737	0.115048332096561	0	0	0	0.2	0.279177238911424	0.0678789109614527	0.152152361567869	0.425788747686876	0.273636386119007	0	0	1	0.1	0.30295771290787	0.0561223511091658	0.199938807364438	0.413885507617777	0.213946700253339	0	0	1	0.2	0.91284823270057	0.186283615616717	0.563121770738872	1.29305926763976	0.729937496900891	0	0	2	0.1	0.823066454601873	0.137263802889293	0.567393350178328	1.09941381958114	0.532020469402809	0	0	2	0.2	1.81040209919333	0.26030723582021	1.30894509789677	2.33210085984369	1.02315576194692	0	0	3	0.1	1.18833791712726	0.175342574056006	0.871460134443127	1.54315141089246	0.671691276449331	0	0	3	0.2	2.26731169010595	0.293301843248922	1.74401130321715	2.84814352954216	1.10413222632501
6	0	0	0	0.1	0.133772581766896	0.0348881160422999	0.0694161312736363	0.202328161275358	0.132912030001721	0	0	0	0.2	0.283286708483114	0.0864669934551761	0.121440467130741	0.468172133194163	0.346731666063422	0	0	1	0.1	0.217883324052829	0.0770416603209182	0.0749158504902324	0.382059101469844	0.307143250979612	0	0	1	0.2	0.689236746994158	0.210597546269967	0.312681334586202	1.15172739664569	0.839046062059483	0	0	2	0.1	0.617090769252428	0.136250944562041	0.364591877467181	0.911687318423249	0.547095440956068	0	0	2	0.2	1.39325314619444	0.267555972844526	0.898180702572752	1.95603392945895	1.0578532268862	0	0	3	0.1	0.93515632437823	0.16821650851644	0.633517950991186	1.29244935745685	0.658931406465667	0	0	3	0.2	1.86188762104874	0.293534951913238	1.34283900379623	2.47291279052647	1.13007378673023
20	0	0	0	0.1	0.0448421533975876	0.0284101659021551	-0.0115511163251725	0.101563116277825	0.113114232602997	0	0	0	0.2	0.106581161128078	0.0710862923529085	-0.0257495018220388	0.247815615970903	0.273565117792942	0	0	1	0.1	0.171426256767971	0.0592370651734911	0.0610227130336808	0.294963814821504	0.233941101787823	0	0	1	0.2	0.556015296316234	0.184950283961795	0.206271125981214	0.923467853610182	0.717196727628968	0	0	2	0.1	0.530887207323014	0.129238502606163	0.295589642377512	0.81071593784337	0.515126295465858	0	0	2	0.2	1.25826102683975	0.271240078951014	0.743148400725024	1.78407058140488	1.04092218067986	0	0	3	0.1	0.847293544668684	0.164362743199838	0.533249269920114	1.17799279648693	0.644743526566817	0	0	3	0.2	1.72576446563345	0.291125395766202	1.13010589173915	2.3022271938644	1.17212130212525
168	0	0	0	0.1	0.147007011230476	0.0361372845553527	0.0713031919526197	0.217321947237877	0.146018755285257	0	0	0	0.2	0.336382637646499	0.0866297921607502	0.172574313572266	0.509952116005675	0.33737780243341	0	0	1	0.1	0.200942681366917	0.0626537670208292	0.0744936552935966	0.323694631237895	0.249200975944299	0	0	1	0.2	0.569515879835322	0.161494599648314	0.258826870256872	0.890610963329046	0.631784093072174	0	0	2	0.1	0.506274403175543	0.102814402477788	0.311289374890815	0.722353957896044	0.411064583005229	0	0	2	0.2	1.1535018757163	0.202744672012925	0.778953295817331	1.56213048506865	0.783177189251316	0	0	3	0.1	0.784479859378632	0.129123025731135	0.559674133925404	1.06041273874895	0.500738604823546	0	0	3	0.2	1.59802635617078	0.235013668528999	1.1908433903126	2.10790210702369	0.917058716711088
60	0	0	0	0.1	0.117027292693445	0.030782379475876	0.056434625051273	0.17867653139745	0.122241906346177	0	0	0	0.2	0.304703178519646	0.0921117075675325	0.130871476608838	0.492709929713685	0.361838453104847	0	0	1	0.1	0.243432737801907	0.0809831822405278	0.0973806880570068	0.415910576220761	0.318529888163755	0	0	1	0.2	0.791543496887199	0.224645068573915	0.39432541274312	1.26970040658687	0.875374993843748	0	0	2	0.1	0.656434795246967	0.134056461157723	0.418160500488816	0.946816998248567	0.52865649775975	0	0	2	0.2	1.54188421998852	0.260351967948417	1.06977220451666	2.08959230845869	1.01982010394203	0	0	3	0.1	1.019649982254	0.166544565462582	0.718720128201215	1.36595278303171	0.647232654830498	0	0	3	0.2	2.06896574991185	0.28718608073484	1.54565171516212	2.66845875565025	1.12280704048813
115	0	0	0	0.1	0.0909670326274568	0.0346242274721713	0.0251168990389371	0.157047611574829	0.131930712535892	0	0	0	0.2	0.25525731004262	0.0812988898899554	0.104342018770894	0.427557158969032	0.323215140198138	0	0	1	0.1	0.260019954976064	0.0604625292330188	0.146291525005556	0.387517127813482	0.241225602807925	0	0	1	0.2	0.696950775943345	0.167532100116744	0.391440423410404	1.0685391430136	0.677098719603199	0	0	2	0.1	0.570433231585369	0.125231925864563	0.334781065313913	0.833361150437251	0.498580085123338	0	0	2	0.2	1.26829136881715	0.253484521548307	0.792813961338025	1.79097623813405	0.998162276796023	0	0	3	0.1	0.838740794375735	0.164021515732708	0.542548148710568	1.19280134059196	0.650253191881396	0	0	3	0.2	1.67784037304678	0.288354499113521	1.14753876043755	2.27729999233543	1.12976123189788
65	0	0	0	0.1	0.0904699425960785	0.0367000012247396	0.0223599161981286	0.165206859830954	0.142846943632826	0	0	0	0.2	0.185446090237	0.0819199525963173	0.0332652093294914	0.358913635724506	0.325648426395015	0	0	1	0.1	0.215950957143796	0.07064190673212	0.0801890286976708	0.363049151667455	0.282860122969785	0	0	1	0.2	0.775913904989231	0.218539644677832	0.380183498134096	1.20273446740253	0.822550969268432	0	0	2	0.1	0.776212589901947	0.153074877205077	0.495540485553297	1.10533338664854	0.609792901095242	0	0	2	0.2	1.72979630983899	0.276686909476363	1.20182338388668	2.27569517114628	1.0738717872596	0	0	3	0.1	1.17602686891068	0.187104659305651	0.840825967514806	1.56914096148417	0.728314993969362	0	0	3	0.2	2.23161371846568	0.295442797675504	1.69087484067911	2.81071637592367	1.11984153524456
32	0	0	0	0.1	0.0702975196067013	0.0322702853804235	0.00947447092630776	0.130176029780468	0.12070155885416	0	0	0	0.2	0.228991165677024	0.0823486713288817	0.0783577129199539	0.396613486513891	0.318255773593938	0	0	1	0.1	0.303500379714919	0.0676493456008524	0.177921218019973	0.440531055179188	0.262609837159215	0	0	1	0.2	0.932091767577847	0.184470844910395	0.592394766716235	1.30154735902702	0.70915259231079	0	0	2	0.1	0.737537004155283	0.117563182117935	0.518718119049344	0.976470341009517	0.457752221960173	0	0	2	0.2	1.53380957530307	0.214405565917484	1.14831787644446	1.96861973241442	0.820301855969965	0	0	3	0.1	0.966444879680534	0.147156328842277	0.715149112213263	1.27967935353202	0.564530241318757	0	0	3	0.2	1.76553093004744	0.236020910381274	1.34828334972694	2.28071104879284	0.932427699065896
332	0	0	0	0.1	0.0609580236144526	0.0274920473621692	0.00735318147030348	0.112812943680194	0.105459762209891	0	0	0	0.2	0.191400813696682	0.0698245144610021	0.0613451328547078	0.330982805448113	0.269637672593405	0	0	1	0.1	0.273095234435281	0.0587182938629078	0.165935135890317	0.395454210193414	0.229519074303097	0	0	1	0.2	0.802709749142834	0.178177125305177	0.465167865436361	1.17590840612163	0.710740540685265	0	0	2	0.1	0.657871880405038	0.126361138028686	0.419495853970636	0.92559537218368	0.506099518213043	0	0	2	0.2	1.47511644931991	0.250100149127159	1.01704008093333	2.03236768663202	1.01532760569869	0	0	3	0.1	0.991265575622713	0.164328165421663	0.684726843026208	1.34711709872013	0.662390255693923	0	0	3	0.2	1.9329548669987	0.276063456671258	1.44670022543388	2.51137143002146	1.06467120458758
326	0	0	0	0.1	0.123279297451983	0.0361619414399361	0.0556666430733933	0.196473715313196	0.140807072239803	0	0	0	0.2	0.248899559177483	0.0845934598291715	0.0878298049307844	0.423650745801608	0.335820940870824	0	0	1	0.1	0.176300742355405	0.0574612038856952	0.0673117881894043	0.292786625125348	0.225474836935944	0	0	1	0.2	0.554784171450652	0.152064859188156	0.264385376277573	0.869206402227612	0.604821025950039	0	0	2	0.1	0.54362476328471	0.0997284402052699	0.357367814844349	0.74089971882137	0.38353190397702	0	0	2	0.2	1.27382029880023	0.200095176111044	0.87677000914065	1.65082616587836	0.774056156737715	0	0	3	0.1	0.873828041605063	0.128003501256	0.633145160066875	1.13729865261536	0.504153492548488	0	0	3	0.2	1.75916325513347	0.224928395226232	1.31757622027434	2.20303407340232	0.885457853127972
315	0	0	0	0.1	0.073208969854183	0.0311395694525257	0.0115523896815115	0.140495425236663	0.128943035555152	0	0	0	0.2	0.116210078589308	0.0791203780336626	-0.0446884428713154	0.28151876060564	0.326207203476956	0	0	1	0.1	0.0688227052641148	0.058984155690301	-0.0563303879610895	0.188175275542399	0.244505663503489	0	0	1	0.2	0.247589069954457	0.141964810516129	-0.0511611138663786	0.533149568274963	0.584310682141342	0	0	2	0.1	0.336704087950008	0.0846428137998629	0.180660733446209	0.519939557432016	0.339278823985806	0	0	2	0.2	0.801984671089467	0.17393894038773	0.480811365423139	1.16251645969224	0.681705094269105	0	0	3	0.1	0.596217964006928	0.107095493054344	0.406352598869907	0.825564340403836	0.419211741533929	0	0	3	0.2	1.23726932264138	0.201426670239802	0.882466039055687	1.65538793036841	0.772921891312721
316	0	0	0	0.1	0.141283166929306	0.0361619798161577	0.074324965736296	0.216301548828516	0.14197658309222	0	0	0	0.2	0.223102468990658	0.0913638910717659	0.0451032669798742	0.414067880993871	0.368964614013997	0	0	1	0.1	0.104340432695506	0.0617751493149318	-0.0101178246775154	0.234632611013531	0.244750435691046	0	0	1	0.2	0.442641949710951	0.164783363208015	0.149782005252382	0.796840805006845	0.647058799754463	0	0	2	0.1	0.52899399861973	0.105284273804467	0.33516547003842	0.746095368853942	0.410929898815522	0	0	2	0.2	1.29807161929438	0.215207096535455	0.897927425645849	1.7086939204312	0.810766494785353	0	0	3	0.1	0.897826832130062	0.132888642506753	0.654948692441283	1.15755862083226	0.502609928390974	0	0	3	0.2	1.83915213339131	0.239196281798545	1.38949859687652	2.29453000474726	0.905031407870748
91	0	0	0	0.1	0.130519534347203	0.0338576339559115	0.0702997862253338	0.202331538953799	0.132031752728465	0	0	0	0.2	0.318809506621103	0.0871246250483943	0.160339094641447	0.50186206580218	0.341522971160733	0	0	1	0.1	0.259877674919187	0.0610107511498789	0.142796324855478	0.380870164430911	0.238073839575432	0	0	1	0.2	0.779444755979701	0.165762842294817	0.475686640357146	1.11225786338813	0.63657122303098	0	0	2	0.1	0.646516810813399	0.10687569318394	0.45144322519452	0.867077555768044	0.415634330573524	0	0	2	0.2	1.43094727459261	0.206436712964863	1.04342066112054	1.84907563990929	0.805654978788744	0	0	3	0.1	0.938845641360539	0.13213332541956	0.701394818463031	1.2084642954412	0.507069476978167	0	0	3	0.2	1.82058866149726	0.2270027996355	1.41014393801881	2.28386484208253	0.873720904063715
83	0	0	0	0.1	0.0365179590069321	0.032424586492222	-0.033042245449018	0.0975612303191501	0.130603475768168	0	0	0	0.2	0.0632288034372271	0.0703085168713214	-0.084645142887557	0.190329695816851	0.274974838704408	0	0	1	0.1	0.14436380697996	0.0539507364615477	0.0397351126636528	0.259326906460024	0.219591793796372	0	0	1	0.2	0.519481773796383	0.159310135081657	0.245522103684978	0.847138364864544	0.601616261179566	0	0	2	0.1	0.588020281136523	0.111528788827013	0.378207581208453	0.817818979218985	0.439611398010533	0	0	2	0.2	1.3893481938892	0.223326862575126	0.966486681719759	1.85523589080132	0.888749209081564	0	0	3	0.1	0.942952421678749	0.142908479534982	0.685738438789241	1.25684779399847	0.571109355209231	0	0	3	0.2	1.90516401130309	0.252793729523989	1.44015614133979	2.44189260200988	1.00173646067009
282	0	0	0	0.1	0.142622954856696	0.0366050244282388	0.0700366801578655	0.209678405791574	0.139641725633708	0	0	0	0.2	0.244904502641005	0.0806688744961678	0.0895580926860473	0.406277479117658	0.316719386431611	0	0	1	0.1	0.107259709158767	0.0518271194278875	0.00955152942219709	0.214187952758526	0.204636423336329	0	0	1	0.2	0.321171736987175	0.135136537760253	0.0789240486940279	0.608912385814346	0.529988337120318	0	0	2	0.1	0.375032665024122	0.0982736191670968	0.203192145324463	0.588684658756512	0.385492513432049	0	0	2	0.2	0.95623553600713	0.224276282461743	0.570466579993451	1.45247644650272	0.882009866509264	0	0	3	0.1	0.707049205799632	0.145017453793842	0.461026559271031	1.0218455751311	0.560819015860064	0	0	3	0.2	1.55965498104552	0.284372468978614	1.06811217416926	2.16773284128935	1.09962066712009
178	0	0	0	0.1	0.0982505209428356	0.0310368943784037	0.0403214544137053	0.164659786925477	0.124338332511772	0	0	0	0.2	0.245616918090584	0.0758901178051758	0.102191263506468	0.405801471080601	0.303610207574132	0	0	1	0.1	0.215250929168144	0.062562411489009	0.0977328914868524	0.347991787156321	0.250258895669469	0	0	1	0.2	0.604080736057581	0.161857406367229	0.294549438156347	0.95774891502856	0.663199476872212	0	0	2	0.1	0.518886028785195	0.0991962120188016	0.343561249397635	0.729129470475336	0.385568221077701	0	0	2	0.2	1.17533882121902	0.198200161696204	0.810970751456084	1.58792528890617	0.776954537450081	0	0	3	0.1	0.772838433332004	0.119974936895044	0.563637318882299	1.01758013013527	0.453942811252973	0	0	3	0.2	1.55009080648342	0.217542156751487	1.16404147719238	2.00180595653399	0.837764479341609
214	0	0	0	0.1	0.0882892597015681	0.0336491646829121	0.0194676151106333	0.153007901959866	0.133540286849233	0	0	0	0.2	0.216195402509156	0.0834660525488147	0.046370444577928	0.390459388830043	0.344088944252115	0	0	1	0.1	0.238584462636829	0.0640769134408291	0.121621481192862	0.375996850818781	0.254375369625919	0	0	1	0.2	0.734367404707022	0.180244839378505	0.396281608571085	1.11468165434489	0.718400045773804	0	0	2	0.1	0.660925409802342	0.122895017570824	0.43505195778364	0.924381710120298	0.489329752336658	0	0	2	0.2	1.51229892014753	0.247283169805702	1.05172510052396	2.01092950208871	0.959204401564747	0	0	3	0.1	1.00848988261408	0.167238713961501	0.720982184276247	1.36643799741841	0.645455813142163	0	0	3	0.2	2.0499828773105	0.293339934003063	1.52749132975509	2.63644077411167	1.10894944435657
150	0	0	0	0.1	0.123771165002839	0.0376248256712347	0.0538690319875951	0.20173734541463	0.147868313427035	0	0	0	0.2	0.246838571589681	0.0844987783090028	0.0866436926798105	0.432507584795354	0.345863892115543	0	0	1	0.1	0.158896517469514	0.0578212496646525	0.0472345662687204	0.267115380426001	0.219880814157281	0	0	1	0.2	0.45112288288602	0.140498751280325	0.179037244342805	0.723916056661228	0.544878812318423	0	0	2	0.1	0.431776057520506	0.0891847475524105	0.263788998163511	0.615661799413426	0.351872801249915	0	0	2	0.2	0.998131257919996	0.183654016319405	0.641768337484061	1.38695532627621	0.745186988792145	0	0	3	0.1	0.674531027082988	0.111482356490818	0.468681109158271	0.905088527766189	0.436407418607919	0	0	3	0.2	1.38903623810363	0.208290204471659	0.98371356650416	1.82735878806297	0.843645221558809
196	0	0	0	0.1	0.168608531470723	0.0356292606784786	0.0996974605662405	0.238877757725923	0.139180297159682	0	0	0	0.2	0.374492182366701	0.0878568897052967	0.206155309433257	0.554054551981339	0.347899242548082	0	0	1	0.1	0.213598607921705	0.0658702460387624	0.0840767264715413	0.347434197929305	0.263357471457764	0	0	1	0.2	0.55837874422402	0.174251278752059	0.202242542969017	0.90173349051791	0.699490947548893	0	0	2	0.1	0.45843549836212	0.114763682775527	0.242796182120411	0.70703396460685	0.464237782486439	0	0	2	0.2	1.04704576566893	0.23033430637514	0.613073737110759	1.55598115224231	0.942907415131553	0	0	3	0.1	0.703895805370964	0.134849405027777	0.453096754104564	1.00248253087155	0.54938577676699	0	0	3	0.2	1.44309652237585	0.243675388849686	0.991621006120373	1.95518545032326	0.963564444202884
309	0	0	0	0.1	0.128238004435409	0.0308539271748183	0.0705659542165718	0.190602685452205	0.120036731235633	0	0	0	0.2	0.280555275225512	0.0751783221764468	0.145034326079673	0.439420313241734	0.294385987162061	0	0	1	0.1	0.187009300828257	0.0587062707327334	0.0768620508907815	0.300477950695554	0.223615899804772	0	0	1	0.2	0.547808639786581	0.165405368535827	0.235758692844678	0.864758479921496	0.628999787076818	0	0	2	0.1	0.496644724397205	0.118944091149357	0.261981311634546	0.725251402122615	0.46327009048807	0	0	2	0.2	1.14728287384283	0.254910906643993	0.636698784675344	1.61494883922301	0.978250054547665	0	0	3	0.1	0.785328692330046	0.167556385194312	0.446367935045584	1.1068758951934	0.660507960147815	0	0	3	0.2	1.58407634497797	0.313947026979167	0.969256690141056	2.18676523799203	1.21750854785098
18	0	0	0	0.1	0.0999985151648437	0.03352962857348	0.0392324005414047	0.168615238555817	0.129382838014412	0	0	0	0.2	0.138664121674144	0.0769814318407499	-0.00873091180111529	0.295808938262019	0.304539850063134	0	0	1	0.1	0.0861831220100465	0.0592610581303849	-0.0363189587345296	0.199056378678902	0.235375337413431	0	0	1	0.2	0.391406798094983	0.170935981184078	0.0450374370906877	0.750971017338226	0.705933580247538	0	0	2	0.1	0.565024205267576	0.121580082715624	0.326869654148073	0.817649005957634	0.490779351809561	0	0	2	0.2	1.43904044594806	0.246522185153452	0.952849609190409	1.96235384030705	1.00950423111664	0	0	3	0.1	1.03211965604622	0.159569145926123	0.730948549598641	1.35506519209377	0.624116642495132	0	0	3	0.2	2.1019224234102	0.269201176336335	1.59586865068832	2.65979108796132	1.063922437273
241	0	0	0	0.1	0.0383645812436108	0.0325387257976396	-0.0296702616164563	0.0998750307177134	0.12954529233417	0	0	0	0.2	0.0963438070389039	0.0864969999233305	-0.074238716701084	0.272264883117904	0.346503599818988	0	0	1	0.1	0.184762205129891	0.0602809009543433	0.0688181720304783	0.30820677320138	0.239388601170902	0	0	1	0.2	0.622679231625706	0.162036098047376	0.325622956531669	0.945504274409989	0.61988131787832	0	0	2	0.1	0.562593269837063	0.105944408556713	0.376342632709921	0.781572218655413	0.405229585945492	0	0	2	0.2	1.298126665635	0.219179456562843	0.892993397437788	1.7538811996533	0.860887802215512	0	0	3	0.1	0.8457484659328	0.136747612759875	0.600418283939519	1.13045658209774	0.530038298158226	0	0	3	0.2	1.74000292882106	0.252645594649817	1.29279610251564	2.27624134114197	0.983445238626329
219	0	0	0	0.1	0.0767661777271296	0.031154428509581	0.0174714252938641	0.13748780323974	0.120016377945876	0	0	0	0.2	0.15095907525162	0.0766210674556685	0.00766237015884813	0.299382302983129	0.291719932824281	0	0	1	0.1	0.163230231015546	0.0678783660800882	0.0366346924963322	0.29572673166545	0.259092039169118	0	0	1	0.2	0.580441908871614	0.200804967517821	0.223161301315431	0.981979557056108	0.758818255740677	0	0	2	0.1	0.607776749385326	0.139415649834049	0.352315563022269	0.902481021460506	0.550165458438237	0	0	2	0.2	1.45067965467743	0.269027429706417	0.946449934814422	1.97778286313153	1.03133292831711	0	0	3	0.1	1.01421451021275	0.175727037814326	0.689017100142898	1.37003935421038	0.681022254067486	0	0	3	0.2	2.01693961020639	0.287912340205189	1.46879212491638	2.60972055195042	1.14092842703404
97	0	0	0	0.1	0.00946109724646557	0.0290919749651785	-0.0475906639961691	0.0621810770506163	0.109771741046785	0	0	0	0.2	0.0334634346769864	0.0648221355704882	-0.0873879014075175	0.154556670756975	0.241944572164493	0	0	1	0.1	0.169171701583786	0.0504302632140357	0.0710290051096935	0.268551735757564	0.19752273064787	0	0	1	0.2	0.538617229631095	0.14245507273696	0.281156520942616	0.831645487110155	0.550488966167539	0	0	2	0.1	0.56364945721134	0.0957867891083917	0.401911997600178	0.775617187252272	0.373705189652093	0	0	2	0.2	1.33014489997055	0.192753499313515	0.997571705226713	1.73170107771646	0.734129372489747	0	0	3	0.1	0.909438879314301	0.123923510553865	0.695143176657281	1.16740166406118	0.472258487403902	0	0	3	0.2	1.8319739649973	0.221367581941491	1.44676469950972	2.29827048244295	0.851505782933237
164	0	0	0	0.1	0.129361494439478	0.0343775556129761	0.0644969047032593	0.196830536055595	0.132333631352336	0	0	0	0.2	0.247414796057258	0.0806346056310884	0.092850522095725	0.409592181316179	0.316741659220454	0	0	1	0.1	0.160317396094054	0.0542333027004877	0.0553237608760065	0.26837445513693	0.213050694260923	0	0	1	0.2	0.506627296355926	0.14956791521641	0.232333809721143	0.813701446691254	0.581367636970111	0	0	2	0.1	0.503462042511837	0.100192274573971	0.32371060498225	0.703611299487981	0.37990069450573	0	0	2	0.2	1.23230876049823	0.222816131385951	0.825534410863616	1.65418583999016	0.828651429126543	0	0	3	0.1	0.82867868420671	0.137120778722437	0.581096454097983	1.1012283464364	0.520131892338413	0	0	3	0.2	1.73621658866192	0.2614509725938	1.25116670473113	2.25310941917786	1.00194271444673
278	0	0	0	0.1	0.0979497092229798	0.0327471663585146	0.0355196540810233	0.159600408391362	0.124080754310339	0	0	0	0.2	0.180064063710952	0.0749620808765899	0.0365259190857588	0.333668294029634	0.297142374943875	0	0	1	0.1	0.135464734145179	0.0731705284892018	-0.0041789644985841	0.280738285911354	0.284917250409938	0	0	1	0.2	0.493249888901994	0.21775809641705	0.117225882852506	0.927327543146523	0.810101660294017	0	0	2	0.1	0.563483841293576	0.143453849871989	0.314892213930593	0.867224701896586	0.552332487965993	0	0	2	0.2	1.44233931056002	0.286940090169365	0.947599462385911	2.02059489755446	1.07299543516854	0	0	3	0.1	1.02845175668353	0.179527348345629	0.726847702645271	1.39163063896548	0.664782936320204	0	0	3	0.2	2.14530691487559	0.303441846596332	1.61087268691417	2.73261912103614	1.12174643412197
361	0	0	0	0.1	0.0462738921945761	0.0301329120800409	-0.00911113906036474	0.109734609802926	0.11884574886329	0	0	0	0.2	0.127798563557766	0.0711562282768228	-0.0104523230946503	0.279065153655338	0.289517476749988	0	0	1	0.1	0.230373516490163	0.0827115749067527	0.0666755589841471	0.395499196560121	0.328823637575974	0	0	1	0.2	0.813337754743119	0.241502766256569	0.343507950537257	1.30866408142646	0.965156130889205	0	0	2	0.1	0.738121793678866	0.13542453700462	0.480078322845401	1.01606176278782	0.535983439942423	0	0	2	0.2	1.54395830370238	0.230288942283247	1.10760563680965	2.0090718547396	0.901466217929946	0	0	3	0.1	0.975624594756951	0.147162532137592	0.701786169475962	1.27622341322442	0.574437243748461	0	0	3	0.2	1.82942517332274	0.248563613499642	1.33500703908479	2.33552236067875	1.00051532159396
338	0	0	0	0.1	0.0532116311816941	0.0288573953159088	-0.00311133482734296	0.10908350586711	0.112194840694453	0	0	0	0.2	0.191635920086999	0.0802281496174365	0.0502447541947439	0.358862154792198	0.308617400597454	0	0	1	0.1	0.294145719156175	0.0770222151062758	0.145927463737719	0.449474319927226	0.303546856189507	0	0	1	0.2	0.857496368711173	0.195561483927839	0.486518161748114	1.25561509567129	0.769096933923179	0	0	2	0.1	0.646304204229522	0.11146751521983	0.436924285718453	0.868658635813558	0.431734350095105	0	0	2	0.2	1.43641948660267	0.218359434039241	1.02413676506992	1.84459724642451	0.82046048135459	0	0	3	0.1	0.897872707037511	0.1370341894918	0.642508143082865	1.1598675789892	0.517359435906338	0	0	3	0.2	1.79832674996702	0.248274592385478	1.32866037713604	2.27734972310433	0.948689345968291
35	0	0	0	0.1	0.065617929565096	0.0326326358401818	0.00149170836445781	0.130538062040789	0.129046353676331	0	0	0	0.2	0.129623226398256	0.0749497400354057	-0.0202753884926576	0.283725911527417	0.304001300020075	0	0	1	0.1	0.168919811249469	0.0535361491234252	0.0636606956875619	0.278222372350392	0.21456167666283	0	0	1	0.2	0.537117292943674	0.141354342328284	0.25661740387948	0.827421886665917	0.570804482786437	0	0	2	0.1	0.548527749135771	0.0938071963675382	0.372459240862465	0.741013319450542	0.368554078588076	0	0	2	0.2	1.27397322625659	0.194074775956071	0.923074164325407	1.66208925796065	0.739015093635241	0	0	3	0.1	0.89476135161062	0.130241781193948	0.65713548164073	1.16881062679626	0.511675145155532	0	0	3	0.2	1.82936275869998	0.236635215006816	1.39093881449886	2.31835394879597	0.927415134297111
290	0	0	0	0.1	0.083925844254654	0.0337459635749846	0.0163266610432233	0.146509755849703	0.13018309480648	0	0	0	0.2	0.188853785707135	0.0814044039003731	0.0358961034277691	0.343582990709378	0.307686887281609	0	0	1	0.1	0.205128420391732	0.0645747835682601	0.0840584218821303	0.333113336910876	0.249054915028746	0	0	1	0.2	0.690975106211868	0.186960650941698	0.362827578061774	1.10819595245294	0.745368374391162	0	0	2	0.1	0.650953331069466	0.118768181332632	0.4542222921345	0.915707636732087	0.461485344597588	0	0	2	0.2	1.46581367612551	0.21526518756451	1.08684623808138	1.93716887710531	0.850322639023931	0	0	3	0.1	0.980324130091804	0.140644879990484	0.733386298768175	1.2875554436487	0.554169144880524	0	0	3	0.2	1.92858936224473	0.237243569850647	1.48690533911064	2.41364454361069	0.926739204500053
359	0	0	0	0.1	0.0795319319053439	0.0333242652046248	0.0164176297676571	0.144028210343537	0.12761058057588	0	0	0	0.2	0.219235564843836	0.0766924864955265	0.0781984217937677	0.377226988643172	0.299028566849404	0	0	1	0.1	0.234179806957691	0.0603568394139467	0.124818648229391	0.362061366577111	0.23724271834772	0	0	1	0.2	0.720427544095658	0.17764758510012	0.40951771243254	1.09235331774604	0.682835605313502	0	0	2	0.1	0.630542787468912	0.116319319685775	0.425506475571586	0.860244011308684	0.434737535737098	0	0	2	0.2	1.43226364499202	0.230624379385559	1.0153641754877	1.86066353442662	0.845299358938919	0	0	3	0.1	0.938837057183201	0.151163923850576	0.669492850262449	1.24177201177395	0.572279161511499	0	0	3	0.2	1.85123361062661	0.264802513835196	1.36329795487443	2.38678530342421	1.02348734854978
100	0	0	0	0.1	0.0684746046633809	0.0309761371426785	0.00493823005655584	0.12860483217232	0.123666602115764	0	0	0	0.2	0.146472328711114	0.069613810824819	0.00851420882167809	0.286952201512174	0.278437992690496	0	0	1	0.1	0.21983837250206	0.0676979392046691	0.092050005277446	0.359717759500337	0.267667754222891	0	0	1	0.2	0.741436353422559	0.208010543304332	0.349263135581398	1.15065792800336	0.801394792421962	0	0	2	0.1	0.73005315292563	0.137396255230808	0.459350697454688	0.985787010148365	0.526436312693677	0	0	2	0.2	1.64758165743111	0.252972896923542	1.16027116095976	2.11421454732347	0.953943386363709	0	0	3	0.1	1.13955243438381	0.170734856410169	0.816704035605131	1.45347656052379	0.636772524918656	0	0	3	0.2	2.19130892488836	0.289343864999362	1.65513596213026	2.74201810319667	1.0868821410664
235	0	0	0	0.1	0.0910688730449626	0.0293146840224371	0.0365530669015959	0.14864562595797	0.112092559056374	0	0	0	0.2	0.174974618488697	0.0690709178499432	0.0414975478941882	0.306222429513868	0.26472488161968	0	0	1	0.1	0.146031968681186	0.0736052600689065	0.00660211385424254	0.298793853282933	0.29219173942869	0	0	1	0.2	0.566194526558608	0.212351428740089	0.176276749222089	1.00937492271054	0.83309817348845	0	0	2	0.1	0.593754265537456	0.13505198388205	0.336705415329358	0.866029907541916	0.529324492212558	0	0	2	0.2	1.38337631557947	0.249802602248107	0.892107030770976	1.90211474627533	1.01000771550435	0	0	3	0.1	0.94743671486042	0.157713048573322	0.651522646444312	1.27269329926773	0.621170652823416	0	0	3	0.2	1.86267652862339	0.262305951594362	1.35459019868493	2.39506012837911	1.04046992969418
21	0	0	0	0.1	0.0950711611702178	0.0308657050909448	0.037310616300097	0.154371008180145	0.117060391880048	0	0	0	0.2	0.182329264398414	0.0732210949599866	0.0439415554326059	0.323604960704113	0.279663405271507	0	0	1	0.1	0.133306767451898	0.0547839506482969	0.0305387793221063	0.244104579500003	0.213565800177897	0	0	1	0.2	0.395582236385991	0.137266888045618	0.145316959706525	0.687560164104476	0.542243204397952	0	0	2	0.1	0.403031083273913	0.0888136031874803	0.243817295703755	0.591699248817251	0.347881953113496	0	0	2	0.2	0.94573054580987	0.187824937491771	0.59782392667532	1.34767380529598	0.749849878620664	0	0	3	0.1	0.651125185009739	0.118063595222511	0.44033268430147	0.907419964368192	0.467087280066723	0	0	3	0.2	1.39432554832296	0.232617539203225	0.961624508913359	1.87808941495027	0.916464906036913
187	0	0	0	0.1	0.117252745731505	0.0334468162150088	0.0554506358456207	0.185654197462623	0.130203561617003	0	0	0	0.2	0.318775974390672	0.0894891437912338	0.154567945054842	0.499776169053964	0.345208223999122	0	0	1	0.1	0.266491556937645	0.064360055089538	0.14966388131889	0.398837816241394	0.249173934922504	0	0	1	0.2	0.715371147032319	0.163317114983792	0.420057607782346	1.04997025654587	0.629912648763523	0	0	2	0.1	0.552434089461726	0.101800054249469	0.366509561024459	0.758009862136462	0.391500301112004	0	0	2	0.2	1.21620117289672	0.199061589734465	0.839407692881427	1.61494109523855	0.775533402357128	0	0	3	0.1	0.80637023234217	0.125098758072072	0.572531172447446	1.06040281617171	0.487871643724264	0	0	3	0.2	1.5993851398177	0.222662566337588	1.18094859142334	2.05411403458166	0.873165443158323
33	0	0	0	0.1	0.110554567560802	0.0313165364282333	0.0542231220241293	0.173667612773365	0.119444490749235	0	0	0	0.2	0.249328558709212	0.0917185275529356	0.0846038672510261	0.443168121406587	0.358564254155561	0	0	1	0.1	0.235093934153557	0.0791094439238869	0.0805966512963941	0.389309039833437	0.308712388537043	0	0	1	0.2	0.731541527825018	0.205257336552149	0.332754585682776	1.11352181413828	0.780767228455499	0	0	2	0.1	0.631989666326339	0.120192796413859	0.404002804750192	0.866990489330127	0.462987684579935	0	0	2	0.2	1.40182264470679	0.222152474655506	0.972746767047286	1.85394676952681	0.881200002479525	0	0	3	0.1	0.947617783905563	0.144528833032979	0.677511085911942	1.24164028260497	0.564129196693031	0	0	3	0.2	1.86564803596216	0.250924027822723	1.38561251572441	2.37243490246159	0.986822386737181
256	0	0	0	0.1	0.148454121499868	0.0306667472299475	0.0900803184920494	0.208422155304976	0.118341836812926	0	0	0	0.2	0.306807065470088	0.0691650817458669	0.17891888665583	0.446817670814813	0.267898784158984	0	0	1	0.1	0.123756375869987	0.053247593229904	0.0259183474637403	0.22468345750543	0.19876511004169	0	0	1	0.2	0.346570060356313	0.135559507483488	0.100191051025801	0.610233196414045	0.510042145388244	0	0	2	0.1	0.345190854899626	0.0887107734292236	0.180486024076645	0.523314638583046	0.342828614506401	0	0	2	0.2	0.837267752061779	0.189659905185504	0.48321460022699	1.23239706507406	0.749182464847072	0	0	3	0.1	0.583833973431883	0.112753395428841	0.377259625112066	0.831500204459779	0.454240579347714	0	0	3	0.2	1.26293871133629	0.217451061416949	0.864371186513751	1.70983454610091	0.84546335958716
73	0	0	0	0.1	0.0676225705690773	0.0314685766006974	0.00966392955248673	0.130652553725781	0.120988624173294	0	0	0	0.2	0.18062033117561	0.075026028455646	0.0354820205716591	0.338933447976992	0.303451427405333	0	0	1	0.1	0.157255302943776	0.0576899262883722	0.0469370904308239	0.277526533803918	0.230589443373094	0	0	1	0.2	0.382799686490255	0.145698173830852	0.116923298670919	0.699399106365993	0.582475807695074	0	0	2	0.1	0.31914268096649	0.0936977197185195	0.155296298365678	0.513032325756085	0.357736027390408	0	0	2	0.2	0.72041310539401	0.195677022956348	0.375261114821919	1.13840636186642	0.763145247044502	0	0	3	0.1	0.495106731772761	0.11430100656509	0.293124324965096	0.742442345189821	0.449318020224724	0	0	3	0.2	1.031848155563	0.218519255972206	0.631341623050752	1.49601481609046	0.864673193039704
37	0	0	0	0.1	0.107688257361164	0.0288214424725578	0.0508917050883182	0.162215751735541	0.111324046647223	0	0	0	0.2	0.218810204061727	0.0661682782789652	0.0953504843728712	0.346322578732502	0.25097209435963	0	0	1	0.1	0.207950521334501	0.0632613700895787	0.0834178783537538	0.331978099666274	0.24856022131252	0	0	1	0.2	0.644957022195354	0.183563929062768	0.286491173366897	1.00349361918317	0.71700244581627	0	0	2	0.1	0.602269428873796	0.124641068369612	0.368313433729231	0.846229017371086	0.477915583641855	0	0	2	0.2	1.40544813520112	0.248166605667754	0.929278847190001	1.89984585681812	0.970567009628119	0	0	3	0.1	0.936039134719093	0.152343571836561	0.665992103692348	1.26366199364482	0.597669889952468	0	0	3	0.2	1.89598138942992	0.265004473337669	1.43565949613622	2.44406706209144	1.00840756595521
257	0	0	0	0.1	0.114972379616366	0.0299532563891158	0.0580241542646874	0.173934089426305	0.115909935161618	0	0	0	0.2	0.208024120997383	0.0749329551120066	0.067366492859255	0.35964267402855	0.292276181169295	0	0	1	0.1	0.0915656730809391	0.0644475223381125	-0.0314387649427576	0.22365193633068	0.255090701273438	0	0	1	0.2	0.318894190913868	0.167175836622099	0.00912377193778963	0.654986845920561	0.645863073982771	0	0	2	0.1	0.411839028263694	0.108477543675163	0.207270803577633	0.630959162762006	0.423688359184373	0	0	2	0.2	1.02781033340294	0.229373856226867	0.578064176232234	1.49800273892916	0.919938562696927	0	0	3	0.1	0.768436603259143	0.147452080299883	0.489388816989951	1.06993105535881	0.580542238368856	0	0	3	0.2	1.61975707583829	0.268937327804806	1.10842926898805	2.16623701314894	1.05780774416089
85	0	0	0	0.1	0.0880529649823822	0.026421366466504	0.0350722829509885	0.13884707298869	0.103774790037701	0	0	0	0.2	0.174097117285273	0.0616775211770356	0.0520221516225442	0.295726097521557	0.243703945899013	0	0	1	0.1	0.112209312219844	0.0621402214974644	-0.00668702355520622	0.232666775526075	0.239353799081281	0	0	1	0.2	0.343574839877878	0.191128573544034	0.0200601850333598	0.79477413758199	0.774713952548631	0	0	2	0.1	0.407326015653672	0.150027711358793	0.174293567102219	0.807635862112881	0.633342295010663	0	0	2	0.2	1.05836662094583	0.307698163625487	0.571612545814314	1.8033060385273	1.23169349271299	0	0	3	0.1	0.781258395691258	0.190200815742937	0.476551768332624	1.23310494281994	0.756553174487317	0	0	3	0.2	1.63747621819943	0.322989632113316	1.0663724556755	2.33339165335058	1.26701919767508
172	0	0	0	0.1	0.0161052677622799	0.0325657226950107	-0.0480515533955139	0.0756525817962264	0.12370413519174	0	0	0	0.2	0.0585866193382714	0.0782033852841326	-0.103335732509253	0.205520454969113	0.308856187478366	0	0	1	0.1	0.186710360637403	0.0703349181463045	0.0569993531559388	0.338930150034505	0.281930796878567	0	0	1	0.2	0.59517577155419	0.175896218313446	0.293708038839738	0.983570779993619	0.68986274115388	0	0	2	0.1	0.52823808596923	0.104876352505185	0.352547124820842	0.750167405371955	0.397620280551113	0	0	2	0.2	1.17199104948706	0.209084895954477	0.809440378566678	1.60995157288663	0.800511194319949	0	0	3	0.1	0.751179049446326	0.127787976533407	0.529189091904777	1.01407926114588	0.484890169241107	0	0	3	0.2	1.49174734822737	0.232603321743055	1.06817537773155	1.96220441880857	0.894029041077022
281	0	0	0	0.1	0.0740731817692169	0.0299429093572377	0.0165629407204197	0.134836529853569	0.11827358913315	0	0	0	0.2	0.159744186311438	0.0706142694253461	0.0342403522582943	0.302874705015138	0.268634352756844	0	0	1	0.1	0.200959640876556	0.0565111624238687	0.0979186705626304	0.322346876741925	0.224428206179295	0	0	1	0.2	0.677513590857321	0.1796485044657	0.37114520758261	1.08068558643965	0.709540378857041	0	0	2	0.1	0.698853210789918	0.13206362941946	0.47545265206499	0.99803419944225	0.52258154737726	0	0	2	0.2	1.69699515197988	0.275797113610039	1.22006661278895	2.2993893671848	1.07932275439586	0	0	3	0.1	1.17015435990157	0.185851216457689	0.851193890440054	1.55570242881708	0.704508538377023	0	0	3	0.2	2.35182210857387	0.307200679444704	1.80891281810739	2.99632168590304	1.18740886779564
283	0	0	0	0.1	0.0582956836012732	0.0289816458926257	0.00419057320978037	0.114322838461751	0.110132265251971	0	0	0	0.2	0.160707686477768	0.0722727669353271	0.0334335751073095	0.313066379548283	0.279632804440974	0	0	1	0.1	0.233899601345113	0.0595176047845238	0.120983329897431	0.349022169227545	0.228038839330115	0	0	1	0.2	0.752500409097038	0.176696185546124	0.413781843885443	1.10414075500705	0.690358911121605	0	0	2	0.1	0.696894992894144	0.127060504375484	0.447794554829463	0.941950225322457	0.494155670492994	0	0	2	0.2	1.64677033816627	0.258070597100959	1.14569156260622	2.14331090681542	0.997619344209202	0	0	3	0.1	1.11239207030808	0.172594236429336	0.785929749708547	1.44268514021151	0.656755390502962	0	0	3	0.2	2.25440578126525	0.295740525917065	1.67669319476337	2.83486346085525	1.15817026609188
182	0	0	0	0.1	0.0709986837697041	0.0337803061066031	0.00547604250382666	0.141496863468707	0.136020820964881	0	0	0	0.2	0.191282469772643	0.0825008871748855	0.0323311796834175	0.35124103246899	0.318909852785572	0	0	1	0.1	0.147659024804787	0.0655038480926143	0.0251773877451177	0.277052511782508	0.251875124037391	0	0	1	0.2	0.439832894249309	0.17744097302792	0.126199827398304	0.840346584172611	0.714146756774307	0	0	2	0.1	0.412289819285708	0.104831878827295	0.236785858913257	0.648403352595472	0.411617493682216	0	0	2	0.2	1.04944673129423	0.223843215729329	0.659559466317959	1.52395052975971	0.86439106344175	0	0	3	0.1	0.740041760323777	0.13453999765982	0.4964703633955	1.02167471871767	0.525204355322166	0	0	3	0.2	1.59698067855575	0.253230253026691	1.12797216702152	2.10857407818138	0.980601911159855
142	0	0	0	0.1	0.0670320171757583	0.0294460145746024	0.0110997787721872	0.124373758226486	0.113273979454299	0	0	0	0.2	0.156628508493133	0.0715436780404225	0.0210043839097735	0.296035947993738	0.275031564083965	0	0	1	0.1	0.179829197761531	0.0647150013673699	0.045233170733339	0.310812560989481	0.265579390256142	0	0	1	0.2	0.590629384466226	0.190127396984586	0.209380962729522	0.960787581204058	0.751406618474536	0	0	2	0.1	0.56200195797565	0.129455347646973	0.30931448917746	0.821969903090242	0.512655413912782	0	0	2	0.2	1.32593877207745	0.272324650697774	0.780145293437613	1.84149359123266	1.06134829779505	0	0	3	0.1	0.895019106982226	0.175301872922369	0.563561345313789	1.23857884848086	0.675017503167074	0	0	3	0.2	1.7961906389383	0.311311483589691	1.20030515137596	2.39836390463705	1.19805875326108
15	0	0	0	0.1	0.117033206447042	0.02899318886644	0.0599277967790008	0.172796746748278	0.112868949969278	0	0	0	0.2	0.229216048239128	0.0653580645152972	0.0970721648593952	0.351548363386568	0.254476198527173	0	0	1	0.1	0.150884276292181	0.0530612810708322	0.0420093452417618	0.248677656833306	0.206668311591544	0	0	1	0.2	0.467981229893663	0.149533988116848	0.174807143814591	0.772735506040921	0.59792836222633	0	0	2	0.1	0.469284831667563	0.0971077374543989	0.28764824346425	0.66827172832938	0.38062348486513	0	0	2	0.2	1.14401981374846	0.204244932086194	0.758533661372835	1.55931149536887	0.800777833996037	0	0	3	0.1	0.795574246639561	0.127504118354338	0.568159516188289	1.05817711790664	0.490017601718352	0	0	3	0.2	1.64962892234862	0.229430194300301	1.21811932565661	2.1119998178144	0.893880492157784
51	0	0	0	0.1	0.0795163519583508	0.0323633855808789	0.0184106544551309	0.145049192938056	0.126638538482925	0	0	0	0.2	0.189403447717076	0.0791372180704825	0.0404276656177959	0.353412616171488	0.312984950553692	0	0	1	0.1	0.195241648145145	0.0691532620453303	0.0532648877951492	0.327063778992764	0.273798891197615	0	0	1	0.2	0.611297419016045	0.190136412838498	0.210329469544445	0.996405103107485	0.78607563356304	0	0	2	0.1	0.535098775066566	0.120876243312954	0.2994507037355	0.787991575684983	0.488540871949483	0	0	2	0.2	1.19997760107061	0.239214211439967	0.729201524875443	1.71763015528554	0.988428630410096	0	0	3	0.1	0.783776561345229	0.140991510967758	0.526740430209038	1.10557687220254	0.578836441993505	0	0	3	0.2	1.56495225979571	0.245726079078669	1.08627058433855	2.09551794881203	1.00924736447348
107	0	0	0	0.1	0.0799734406145322	0.0352475435787582	0.01052033586026	0.150957607039336	0.140437271179076	0	0	0	0.2	0.181134356065156	0.0890488245715996	0.00935158709295239	0.359769766311253	0.3504181792183	0	0	1	0.1	0.156325940337851	0.063219016015026	0.0374590490113639	0.279696299436708	0.242237250425344	0	0	1	0.2	0.532559484751183	0.193355451306044	0.171838398858484	0.918330726571459	0.746492327712975	0	0	2	0.1	0.545317300943254	0.151019143823886	0.279708697781675	0.86475970525178	0.585051007470105	0	0	2	0.2	1.37562292463951	0.329486283115653	0.780132992154397	2.03609334263897	1.25596035048458	0	0	3	0.1	0.952997090229656	0.214763935674937	0.574383815433686	1.3974547696272	0.823070954193511	0	0	3	0.2	2.00064023069818	0.375553624880257	1.30176246680504	2.7258992359674	1.42413676916236
24	0	0	0	0.1	0.125251584213957	0.0315555514308071	0.0633714550381562	0.185291581498244	0.121920126460088	0	0	0	0.2	0.273325220667958	0.0698403719221621	0.139032606211625	0.406805768474356	0.267773162262731	0	0	1	0.1	0.199982029246862	0.0640728722835773	0.0802388375693744	0.327584415368255	0.247345577798881	0	0	1	0.2	0.597598744004983	0.186441933025929	0.255535724609423	0.981925147321041	0.726389422711619	0	0	2	0.1	0.557025410451928	0.127368362878642	0.315926904865419	0.826700622572356	0.510773717706937	0	0	2	0.2	1.33518972773559	0.263483985183361	0.827239881142496	1.89359268963093	1.06635280848844	0	0	3	0.1	0.924371953181301	0.165249495105532	0.609573031610844	1.2612328942356	0.651659862624757	0	0	3	0.2	1.90807001235032	0.290705300625351	1.36869027289241	2.53778506699222	1.16909479409981
11	0	0	0	0.1	0.106961412490968	0.0375683553124745	0.0345579902331217	0.182231493096334	0.147673502863212	0	0	0	0.2	0.189795627462542	0.0853945162754956	0.0261813170952106	0.369316728815966	0.343135411720755	0	0	1	0.1	0.100442754670479	0.0625909178338143	-0.0261216375549681	0.220262716183295	0.246384353738263	0	0	1	0.2	0.323260031532436	0.154662280082421	0.0349574178744143	0.647464176744839	0.612506758870424	0	0	2	0.1	0.369297912097545	0.091737774457939	0.202855589354625	0.577122529714418	0.374266940359793	0	0	2	0.2	0.903777457744745	0.191791738208131	0.540002792407043	1.33143015291848	0.791427360511434	0	0	3	0.1	0.644797474684829	0.114014631433969	0.430781912561837	0.889718630730736	0.458936718168898	0	0	3	0.2	1.35212323492826	0.213171287263622	0.970411660468009	1.79184777738191	0.821436116913904
279	0	0	0	0.1	0.131792013646223	0.0322416955331314	0.0723204322461174	0.1934017262725	0.121081294026383	0	0	0	0.2	0.279263120246235	0.075998728626089	0.133397548020712	0.432510645642982	0.299113097622269	0	0	1	0.1	0.1596191109308	0.0581310726507124	0.0563575700451676	0.282972631374517	0.22661506132935	0	0	1	0.2	0.490571618677398	0.166740182002992	0.213091328532859	0.857602702587618	0.644511374054759	0	0	2	0.1	0.505157580728475	0.120399392266741	0.300397254700277	0.77736575112128	0.476968496421003	0	0	2	0.2	1.22817314548958	0.250342065098768	0.782066663466101	1.76202802099762	0.97996135753152	0	0	3	0.1	0.876598353484657	0.162172184278165	0.582531726719819	1.22685613583215	0.64432440911233	0	0	3	0.2	1.77734566195155	0.276570830579682	1.24743587534752	2.33321301599228	1.08577714064475
54	0	0	0	0.1	0.0745185697716798	0.0290808075490303	0.0197108604460811	0.130136469337206	0.110425608891124	0	0	0	0.2	0.113934883051664	0.0706225915599583	-0.0208356493724984	0.25371640810923	0.274552057481729	0	0	1	0.1	0.0163936103414071	0.0603756680175403	-0.101221092718064	0.135773901177983	0.236994993896047	0	0	1	0.2	0.0996253756587858	0.146202002361756	-0.172953399457239	0.393636439326199	0.566589838783438	0	0	2	0.1	0.241295874690884	0.0871528917341087	0.0872241252837382	0.419241096691651	0.332016971407913	0	0	2	0.2	0.669020353068532	0.183307058588595	0.325870461328156	1.04701237374418	0.721141912416021	0	0	3	0.1	0.535893083614378	0.108501690695653	0.346696080244798	0.777763406069804	0.431067325825006	0	0	3	0.2	1.19698840862958	0.208838519680869	0.820810585064659	1.63835749851751	0.817546913452847
151	0	0	0	0.1	0.128783645479149	0.0351491499634585	0.0651348374699813	0.203607973373902	0.138473135903921	0	0	0	0.2	0.263447802004453	0.0859612855482503	0.100234507486147	0.446903512193477	0.346669004707329	0	0	1	0.1	0.139919104434903	0.0599617084501693	0.025385146459586	0.257676754741121	0.232291608281535	0	0	1	0.2	0.430991118651693	0.156115007685542	0.135967058521574	0.750033861762501	0.614066803240927	0	0	2	0.1	0.445641613681385	0.10437571333029	0.255231414668628	0.665506307166573	0.410274892497945	0	0	2	0.2	1.08149045557079	0.224156055555676	0.669515612546338	1.53386501226265	0.864349399716313	0	0	3	0.1	0.761137032768533	0.141445242704113	0.50946234514926	1.06017144949799	0.550709104348726	0	0	3	0.2	1.59418595395387	0.265083911365949	1.11604578772829	2.13854932704009	1.0225035393118
27	0	0	0	0.1	0.0558519584994746	0.0336005066524176	-0.00740302441340732	0.123322291890702	0.13072531630411	0	0	0	0.2	0.0731949758573759	0.069995903545039	-0.0672277528220984	0.216352811969273	0.283580564791371	0	0	1	0.1	0.118493101131743	0.0550944010521429	0.00413191393119536	0.223447268549643	0.219315354618447	0	0	1	0.2	0.460013316901396	0.152499434634082	0.172507161124793	0.761115433851845	0.588608272727052	0	0	2	0.1	0.568527377457744	0.106936680133748	0.375924066914778	0.778616620431754	0.402692553516976	0	0	2	0.2	1.32003740942791	0.216745870548046	0.913485745819399	1.76923803459422	0.855752288774816	0	0	3	0.1	0.921503389804221	0.142191952082495	0.666759549464579	1.22492704380452	0.558167494339943	0	0	3	0.2	1.84850554524275	0.257668410945784	1.38503611045435	2.39404157994752	1.00900546949317
274	0	0	0	0.1	0.0601490582592113	0.0307053834866974	-0.00211310320349716	0.120863421275404	0.122976524478901	0	0	0	0.2	0.149799569583864	0.0760374913427019	-0.00146115461567617	0.303637434976539	0.305098589592215	0	0	1	0.1	0.230735064125565	0.0809318332646673	0.0844048862695239	0.392699347569076	0.308294461299552	0	0	1	0.2	0.762619478540463	0.227749576091182	0.351687309292503	1.23818745146279	0.886500142170286	0	0	2	0.1	0.679476248500706	0.137980267606928	0.429329859902878	0.981071023230024	0.551741163327146	0	0	2	0.2	1.48683172645197	0.241603099987852	1.03541729678403	1.98563817802623	0.9502208812422	0	0	3	0.1	1.00169377566928	0.154361305138248	0.726097778977234	1.33288224035071	0.606784461373475	0	0	3	0.2	1.93988706111006	0.249709617791968	1.48327381825834	2.5059964384866	1.02272262022826
356	0	0	0	0.1	0.110460937495179	0.0340280425170523	0.0461237977555029	0.180287714201623	0.13416391644612	0	0	0	0.2	0.209419000254272	0.0817452940186425	0.0503837919218908	0.370721594110623	0.320337802188733	0	0	1	0.1	0.170882317914058	0.0663240828035477	0.0470929894717	0.309508168644223	0.262415179172523	0	0	1	0.2	0.604648934468052	0.196957544545443	0.278602467142898	1.05957739040711	0.780974923264215	0	0	2	0.1	0.652020099318542	0.142929094260458	0.422020268075523	0.97588777027746	0.553867502201936	0	0	2	0.2	1.51782182485636	0.274294433071623	1.06196475231874	2.12670210664553	1.06473735432678	0	0	3	0.1	1.07557946251959	0.187869320219229	0.761718394752857	1.49305029449139	0.731331899738531	0	0	3	0.2	2.09914649083187	0.296715457345918	1.58165713146483	2.73191504608528	1.15025791462044
52	0	0	0	0.1	0.11235233173898	0.0362244038256604	0.0497356077713591	0.190335484197975	0.140599876426616	0	0	0	0.2	0.214276786429251	0.076549766948361	0.0735479871581292	0.368062179479366	0.294514192321236	0	0	1	0.1	0.143210882056139	0.0659479113969428	0.00164894108489027	0.269618376695053	0.267969435610163	0	0	1	0.2	0.396223777853954	0.181933670131288	-0.006342722848676	0.754153177528926	0.760495900377602	0	0	2	0.1	0.37474364615359	0.1246722805066	0.120431125325605	0.614979272984968	0.494548147659364	0	0	2	0.2	0.957090945361203	0.270817688909261	0.38716872198623	1.47050013615062	1.08333141416439	0	0	3	0.1	0.682463608970427	0.161742402403261	0.354204750700416	0.986745348077187	0.632540597376771	0	0	3	0.2	1.51005278024872	0.302328553623138	0.893934256629384	2.06697283959426	1.17303858296487
306	0	0	0	0.1	0.201302220533277	0.0372425723654722	0.134242920374283	0.282506082477514	0.148263162103231	0	0	0	0.2	0.469251253618298	0.0954271362660011	0.305932615442125	0.659431030418111	0.353498414975986	0	0	1	0.1	0.238602345350255	0.0671665094606671	0.107424482123601	0.365717986762472	0.258293504638871	0	0	1	0.2	0.603277171173628	0.171012503343708	0.271290027597939	0.950632896754845	0.679342869156906	0	0	2	0.1	0.449627071910966	0.101678429760452	0.262943853376812	0.658936736876854	0.395992883500042	0	0	2	0.2	1.03136865509695	0.213938695303585	0.637910700347711	1.46290170387813	0.82499100353042	0	0	3	0.1	0.657733272721948	0.123201115939193	0.433051681180971	0.898226567342562	0.465174886161591	0	0	3	0.2	1.38237777656131	0.238140291930251	0.939883955789479	1.84944521148595	0.90956125569647
365	0	0	0	0.1	0.165489609912204	0.0307692485175958	0.105468998662719	0.224839046840248	0.119370048177528	0	0	0	0.2	0.272719230511963	0.0746909938737036	0.128713296755305	0.423960242442179	0.295246945686873	0	0	1	0.1	0.075557482976221	0.0531964213818602	-0.0349805099466132	0.17217494452279	0.207155454469404	0	0	1	0.2	0.247293104930408	0.138831207825268	-0.0239973167294835	0.519904735536885	0.543902052266368	0	0	2	0.1	0.37961491770122	0.0952668909706552	0.19875334001523	0.576099656330325	0.377346316315095	0	0	2	0.2	0.990431731828024	0.20286593217413	0.60104168051845	1.39193158150172	0.790889900983269	0	0	3	0.1	0.758699184031958	0.130633015502994	0.517051796209975	1.02639834741842	0.509346551208445	0	0	3	0.2	1.5355709321449	0.232918490003024	1.10470680769872	2.00836507019671	0.903658262497994
217	0	0	0	0.1	0.138331172639265	0.0332700982945061	0.076445560998426	0.207953426444948	0.131507865446522	0	0	0	0.2	0.301179558315719	0.0871700138379725	0.158127708929408	0.485378019625725	0.327250310696317	0	0	1	0.1	0.266904405214397	0.0713824044316166	0.137832470115852	0.418909311245493	0.281076841129641	0	0	1	0.2	0.820935655146449	0.188894630066358	0.470991030281605	1.2048568239576	0.733865793675996	0	0	2	0.1	0.687959399634915	0.115049394256776	0.472395957518994	0.921345811048766	0.448949853529772	0	0	2	0.2	1.4589282773795	0.203504134706895	1.07152971563258	1.88112570366908	0.809595988036504	0	0	3	0.1	0.937652186482912	0.13272527970675	0.695844551400376	1.21121139975441	0.515366848354036	0	0	3	0.2	1.78268674321687	0.224195852795831	1.36988554130645	2.25005684164511	0.88017130033866
31	0	0	0	0.1	0.106594216699067	0.0363949689697976	0.0394208877550632	0.174643139324354	0.13522225156929	0	0	0	0.2	0.297210244176038	0.0895922171658286	0.132189388759589	0.470708613466533	0.338519224706944	0	0	1	0.1	0.269990518910607	0.0613267021216506	0.159124042701099	0.394523452168678	0.235399409467579	0	0	1	0.2	0.739942312617587	0.156029431198643	0.451169198034954	1.05833563014295	0.607166432107994	0	0	2	0.1	0.590212311245782	0.0934879144163358	0.41513047887583	0.780290582962269	0.365160104086439	0	0	2	0.2	1.289089006593	0.177446182696051	0.952919165416416	1.65744625749621	0.704527092079796	0	0	3	0.1	0.825737161255059	0.11021728391267	0.627887980129134	1.06363200658359	0.435744026454459	0	0	3	0.2	1.61950604253802	0.191328438303758	1.27216522962349	2.03148604573547	0.75932081611198
273	0	0	0	0.1	0.0683724528302991	0.0325863517256341	0.00436682234800569	0.130598757345874	0.126231934997868	0	0	0	0.2	0.127401340500404	0.0830219139445098	-0.0405653176939172	0.291239311643053	0.33180462933697	0	0	1	0.1	0.134326104193904	0.0675162591268822	0.000732701897599463	0.267712964274149	0.266980262376549	0	0	1	0.2	0.45842924593505	0.169172762085847	0.141024995375101	0.804877130277003	0.663852134901901	0	0	2	0.1	0.485644425455963	0.100801920655993	0.308342792348686	0.696265894148105	0.387923101799419	0	0	2	0.2	1.16715982065566	0.205843998491001	0.805306979495187	1.61069121869577	0.805384239200581	0	0	3	0.1	0.777190539623193	0.121460982411709	0.571072734132573	1.04438552935969	0.473312795227122	0	0	3	0.2	1.62505301845157	0.226222990595992	1.23411214823599	2.08146559407107	0.847353445835082
34	0	0	0	0.1	0.140064073308608	0.0295587223741978	0.0803837490024617	0.198833192058727	0.118449443056265	0	0	0	0.2	0.305682745192024	0.0724781697319069	0.170812245258855	0.454236561525399	0.283424316266544	0	0	1	0.1	0.22358077834406	0.0645703790065946	0.103736555386133	0.358898452024463	0.25516189663833	0	0	1	0.2	0.714053452437626	0.193561426069436	0.36621354114453	1.14108043289745	0.774866891752922	0	0	2	0.1	0.669776374005826	0.132281398602246	0.434357677647168	0.94900096543706	0.514643287789891	0	0	2	0.2	1.51152605478994	0.248311082655787	1.04436478107917	2.0438359143559	0.999471133276731	0	0	3	0.1	1.01719594429558	0.163335874867692	0.732299443225105	1.35709511354613	0.624795670321029	0	0	3	0.2	1.96759044447839	0.266501388859706	1.48773468192708	2.52942791347997	1.04169323155289
137	0	0	0	0.1	0.12089433816725	0.033599887521473	0.0555015304800822	0.190481804676157	0.134980274196074	0	0	0	0.2	0.276550788564043	0.0890163942700218	0.111706639828089	0.455040129032703	0.343333489204614	0	0	1	0.1	0.231591757462786	0.0681668082257662	0.0948530006236869	0.367453128817868	0.272600128194181	0	0	1	0.2	0.731259465647507	0.18041589821401	0.388309440085221	1.07721107317376	0.688901633088543	0	0	2	0.1	0.634257071917766	0.110353753370578	0.438215720249243	0.855119210354675	0.416903490105432	0	0	2	0.2	1.42659462988186	0.204066086603404	1.05764152446858	1.84338286922915	0.785741344760569	0	0	3	0.1	0.942073021680934	0.132523767669652	0.709431983540486	1.24021150928916	0.530779525748672	0	0	3	0.2	1.86365098518325	0.222942238884634	1.4524114579975	2.34504105631641	0.892629598318913
233	0	0	0	0.1	0.190409540081616	0.0342673073731994	0.130325017336172	0.26301143771675	0.132686420380578	0	0	0	0.2	0.413563500638457	0.0872742023147903	0.255729884748958	0.594153599057301	0.338423714308343	0	0	1	0.1	0.227226130482217	0.0695560743367779	0.0922671650896402	0.366205670556214	0.273938505466574	0	0	1	0.2	0.650163864311188	0.188433108545744	0.302257103479037	1.05370558358364	0.751448480104601	0	0	2	0.1	0.548863132720248	0.119840628808056	0.332822178414812	0.794851063032026	0.462028884617214	0	0	2	0.2	1.24868012758494	0.237061520797678	0.827235927948601	1.74161308287731	0.914377154928707	0	0	3	0.1	0.839126326638106	0.149693589567883	0.589872878562324	1.16256342047928	0.572690541916952	0	0	3	0.2	1.6848665784883	0.263104780181392	1.24094085853536	2.24936542987092	1.00842457133557
92	0	0	0	0.1	0.100405705239639	0.0285525527937035	0.0432569183573463	0.154617878855363	0.111360960498017	0	0	0	0.2	0.201026874783158	0.0787664222258271	0.0501113187718722	0.36149659683648	0.311385278064608	0	0	1	0.1	0.130645770982575	0.0758875377718376	-0.0176586193762694	0.283214794238618	0.300873413614887	0	0	1	0.2	0.454220261766684	0.197492084550858	0.0755338044461974	0.832839432605003	0.757305628158806	0	0	2	0.1	0.483975483705094	0.123299508393334	0.249800509745278	0.718975245714517	0.469174735969239	0	0	2	0.2	1.12697378374174	0.238283711916486	0.668081355275187	1.58274576572495	0.914664410449767	0	0	3	0.1	0.809049818048945	0.150869407765146	0.52411752293377	1.115360673888	0.591243150954235	0	0	3	0.2	1.59716912832152	0.254026674479645	1.09769024087131	2.10402664983186	1.00633640896055
226	0	0	0	0.1	0.0804787686900881	0.0352504462394072	0.00851278290232128	0.14584071338114	0.137327930478819	0	0	0	0.2	0.237204036751577	0.0881363757489655	0.0652872973642845	0.411846966192154	0.346559668827869	0	0	1	0.1	0.297429978321573	0.0628500654361352	0.174937444263413	0.422338192062571	0.247400747799158	0	0	1	0.2	0.811265404990117	0.15833111847964	0.496630014173188	1.11289159643258	0.616261582259394	0	0	2	0.1	0.657863013713449	0.102852950527423	0.458158166979525	0.853311658694848	0.395153491715323	0	0	2	0.2	1.4141275484472	0.204591603567572	1.02081883097397	1.80652159464302	0.785702763669048	0	0	3	0.1	0.931936627842035	0.134424608705008	0.670372277459457	1.18396975895485	0.513597481495398	0	0	3	0.2	1.82693951020021	0.238072285902209	1.35420730065697	2.28230863969158	0.928101339034611
276	0	0	0	0.1	0.152059054829018	0.0317561287994782	0.0949299503294063	0.21732884976715	0.122398899437743	0	0	0	0.2	0.332152093878186	0.0733862366996497	0.193255624625271	0.489514646615937	0.296259021990665	0	0	1	0.1	0.178540088348445	0.0680372650327521	0.0485118029904235	0.31785257895946	0.269340775969036	0	0	1	0.2	0.545659085194164	0.197222501301672	0.189422474392202	0.945715306018479	0.756292831626276	0	0	2	0.1	0.551409973967295	0.130914869503719	0.315791189459926	0.826269660879743	0.510478471419818	0	0	2	0.2	1.38156119974532	0.269173870698925	0.882408602203051	1.95773023061913	1.07532162841607	0	0	3	0.1	1.01032193213294	0.180226119870766	0.688456208978667	1.39401849181808	0.705562282839416	0	0	3	0.2	2.08325558482666	0.316269905335333	1.49863270929331	2.76032530897514	1.26169259968183
258	0	0	0	0.1	0.122812669107763	0.031246393350195	0.0626562249157915	0.182973047919514	0.120316823003723	0	0	0	0.2	0.260719743177925	0.082368609921247	0.10823485123252	0.435982658666912	0.327747807434391	0	0	1	0.1	0.184976583125718	0.0660666029793384	0.056712643893601	0.313806690406069	0.257094046512468	0	0	1	0.2	0.561694645877164	0.173079577666744	0.224709158731692	0.923733470459157	0.699024311727465	0	0	2	0.1	0.519696255600548	0.107496242425494	0.314162645073656	0.744273400135963	0.430110755062307	0	0	2	0.2	1.18348592911406	0.209047905208801	0.766821857430898	1.60773380245023	0.840911945019335	0	0	3	0.1	0.807693675787227	0.130942113287685	0.561754857770674	1.07431670897302	0.51256185120235	0	0	3	0.2	1.62597145934671	0.231952239077746	1.17938650447827	2.11333452403502	0.93394801955675
382	0	0	0	0.1	0.14394061782144	0.0339518071742016	0.0783337129166297	0.212495687413083	0.134161974496453	0	0	0	0.2	0.303680775790567	0.0787882470290874	0.159081965913638	0.467270683621488	0.308188717707851	0	0	1	0.1	0.174184870380078	0.0634421612901029	0.0485541347875812	0.294028938171463	0.245474803383882	0	0	1	0.2	0.498436287098962	0.17614679410013	0.151493362836688	0.851388115293917	0.699894752457229	0	0	2	0.1	0.484639566654858	0.12267218228455	0.258914534395649	0.730207738120361	0.471293203724712	0	0	2	0.2	1.18453762733718	0.260140348753778	0.711495616718301	1.73113049485225	1.01963487813395	0	0	3	0.1	0.831213638503579	0.167369118869018	0.543623242180256	1.20193656292898	0.658313320748727	0	0	3	0.2	1.72532886856639	0.299768334418051	1.20227641938886	2.38053274919061	1.17825632980175
184	0	0	0	0.1	0.148867578142417	0.0354452177912874	0.0827644561950313	0.217833951175689	0.135069494980658	0	0	0	0.2	0.309852350470173	0.084195171440563	0.152063582712367	0.490580971679634	0.338517388967267	0	0	1	0.1	0.198804958702618	0.0553374381407556	0.0839287701809185	0.309063112329957	0.225134342149038	0	0	1	0.2	0.588444918245145	0.145545653325492	0.294349278125791	0.870573768833271	0.576224490707479	0	0	2	0.1	0.559769953562144	0.100146044584521	0.366496382930714	0.763919345294003	0.397422962363289	0	0	2	0.2	1.25287598115938	0.193441503364618	0.867838974556942	1.63461605558627	0.766777081029327	0	0	3	0.1	0.856448364471547	0.12863845948123	0.612111793875102	1.10816374837955	0.49605195450445	0	0	3	0.2	1.69782234618352	0.216642443323369	1.28132205989567	2.12384779616938	0.842525736273707
218	0	0	0	0.1	0.0574090444862201	0.0272557959862492	0.00527390522074367	0.111023509760693	0.10574960453995	0	0	0	0.2	0.135314275463461	0.067089929255506	0.0127676848471968	0.272674043703055	0.259906358855858	0	0	1	0.1	0.175858807865012	0.0565019300621115	0.0686339405257096	0.286653864327021	0.218019923801312	0	0	1	0.2	0.632774858688019	0.172757384192929	0.313334212802481	0.980068195875911	0.666733983073431	0	0	2	0.1	0.64277715723938	0.115061540241454	0.432311546926863	0.883806967816179	0.451495420889315	0	0	2	0.2	1.51008525333529	0.226044388325021	1.09705526931456	1.96886628706552	0.871811017750964	0	0	3	0.1	1.01806747232556	0.145947210266098	0.758983091519094	1.32269601924474	0.56371292772565	0	0	3	0.2	2.00138764306267	0.248638093539221	1.53075062112274	2.50967551010284	0.978924888980103
302	0	0	0	0.1	0.15545408523551	0.033043699354217	0.090596675097023	0.218544120926817	0.127947445829794	0	0	0	0.2	0.29062465385123	0.0780696288440531	0.135443072719989	0.44120788746933	0.305764814749341	0	0	1	0.1	0.173077604944257	0.059692217157638	0.0548272390973502	0.290047755093717	0.235220515996367	0	0	1	0.2	0.598307462246872	0.186154155718169	0.242997567901103	0.979698631544391	0.736701063643287	0	0	2	0.1	0.669298276174463	0.135613849179165	0.42773836110017	0.963033071184462	0.535294710084292	0	0	2	0.2	1.62206506670888	0.272528802697698	1.10833742171412	2.16014137131768	1.05180394960356	0	0	3	0.1	1.16226345987422	0.186569532291997	0.820550924608211	1.53630122348643	0.715750298878221	0	0	3	0.2	2.31911517549298	0.308164850932267	1.75132131641653	2.91932862468812	1.16800730827159
111	0	0	0	0.1	0.141160902374373	0.0303937383209473	0.0825451268385091	0.203610191698696	0.121065064860187	0	0	0	0.2	0.30417599099619	0.0835433649498775	0.145554477912715	0.484888159531344	0.339333681618629	0	0	1	0.1	0.201384254224095	0.0648455599392042	0.0737832661531204	0.331679203704541	0.25789593755142	0	0	1	0.2	0.602530051295361	0.171924353330554	0.266953134273196	0.94847833253447	0.681525198261274	0	0	2	0.1	0.553064849135136	0.1071774953693	0.347355023595619	0.761090858624118	0.413735835028498	0	0	2	0.2	1.26998694316821	0.217556263645588	0.854846147956795	1.68797212885264	0.833125980895847	0	0	3	0.1	0.85482878459377	0.141333780515615	0.595612599088229	1.13517753212919	0.53956493304096	0	0	3	0.2	1.70052145845321	0.258240967423588	1.21847269189009	2.20546716318587	0.986994471295784
22	0	0	0	0.1	0.0836239224918406	0.0359628900262431	0.0158580076020449	0.155801350433927	0.139943342831882	0	0	0	0.2	0.152015144014564	0.085179667938443	-0.0097216337797536	0.322597519493729	0.332319153273483	0	0	1	0.1	0.0871083707397469	0.0553771809042613	-0.0177520479569307	0.193612345459924	0.211364393416855	0	0	1	0.2	0.315508635542171	0.135991272895183	0.0529775993281867	0.584430561319254	0.531452961991068	0	0	2	0.1	0.377473187805858	0.0842524145056941	0.210398796266681	0.544269444721381	0.3338706484547	0	0	2	0.2	0.926154380834197	0.173731845136324	0.576106015809177	1.26509365688194	0.688987641072765	0	0	3	0.1	0.677512467507014	0.112357481058395	0.47055745262709	0.905448632027384	0.434891179400294	0	0	3	0.2	1.46813170153792	0.218901363795317	1.04248936585439	1.9026913417757	0.860201975921317
118	0	0	0	0.1	0.140977275048815	0.0304710767789581	0.0807939916525644	0.201182183074247	0.120388191421682	0	0	0	0.2	0.309556540977777	0.0807151331779229	0.15668883559445	0.475629901299239	0.318941065704789	0	0	1	0.1	0.18848253751603	0.0632691245550995	0.0653827084632501	0.314410525584753	0.249027817121502	0	0	1	0.2	0.593842757315318	0.193712862169384	0.257599439455017	1.00358914850708	0.745989709052061	0	0	2	0.1	0.567295422188205	0.149205539004342	0.31373267009468	0.898231321204657	0.584498651109977	0	0	2	0.2	1.35044003157007	0.300349403384465	0.809506089766794	1.95245461332242	1.14294852355562	0	0	3	0.1	0.928516596743742	0.189246432168961	0.591064610415877	1.31093899409656	0.719874383680685	0	0	3	0.2	1.90584862042196	0.318303439796652	1.33470321740247	2.57240844657626	1.23770522917379
9	0	0	0	0.1	0.10223402230453	0.0359664876599208	0.0277774456698865	0.167751153752241	0.139973708082355	0	0	0	0.2	0.226066694517739	0.0772568762154299	0.0794017239672899	0.375629305670204	0.296227581702914	0	0	1	0.1	0.204132785751487	0.0615445464631384	0.0914789448858518	0.336271113854976	0.244792168969124	0	0	1	0.2	0.593830720551527	0.172239202483097	0.303189540056899	0.972089081969934	0.668899541913035	0	0	2	0.1	0.532277895692404	0.116910276377255	0.335362324333773	0.794258508522379	0.458896184188606	0	0	2	0.2	1.1903715263247	0.231141825893073	0.795711779809392	1.67475218419285	0.879040404383454	0	0	3	0.1	0.79660284595298	0.144650227475937	0.545662392868677	1.11190222399355	0.56623983112487	0	0	3	0.2	1.60093912030979	0.256142114073544	1.13990525488042	2.11785612021759	0.97795086533717
334	0	0	0	0.1	0.0523200122036321	0.0299422192811709	-0.0101088992202822	0.110458829273166	0.120567728493448	0	0	0	0.2	0.0998811008714903	0.0621684081264328	-0.0309196089992756	0.224617835923313	0.255537444922589	0	0	1	0.1	0.156690522034192	0.0500554338278238	0.0659435088577066	0.266579060194351	0.200635551336645	0	0	1	0.2	0.521821182919764	0.146977098284072	0.26426646896331	0.828747118638385	0.564480649675075	0	0	2	0.1	0.590683390021562	0.109054449361176	0.400710117225802	0.815001689178798	0.414291571952996	0	0	2	0.2	1.39756856046859	0.215597635408846	1.01276996032398	1.82556546334507	0.812795503021092	0	0	3	0.1	0.993697462943989	0.14273684063917	0.73940692629223	1.27259752145736	0.533190595165134	0	0	3	0.2	1.95788162808465	0.238813635126617	1.51469438943336	2.44505017186978	0.930355782436419
305	0	0	0	0.1	0.0631556193972704	0.0298894070021437	0.00329236687873447	0.120060991142977	0.116768624264243	0	0	0	0.2	0.155078507998992	0.076644061505492	0.00479957049624965	0.312799847113952	0.308000276617703	0	0	1	0.1	0.232370738634406	0.076847797877798	0.0811737107833292	0.38581080912221	0.304637098338881	0	0	1	0.2	0.730257464301484	0.208914879712802	0.304514603467713	1.16041207205652	0.855897468588806	0	0	2	0.1	0.649998560648364	0.137832800548923	0.387804331140908	0.926109353450562	0.538305022309654	0	0	2	0.2	1.4849954223276	0.269691044304579	0.97672320607969	2.02207964231842	1.04535643623873	0	0	3	0.1	1.01058469173655	0.175025873308359	0.697278408054758	1.36019080934062	0.662912401285863	0	0	3	0.2	2.03668555981179	0.297737653564672	1.46612865151917	2.63673363000107	1.1706049784819
270	0	0	0	0.1	0.123121457279537	0.0339500294569634	0.0542439384283564	0.18949862592778	0.135254687499424	0	0	0	0.2	0.20840642570532	0.0829165079817208	0.0501224825096437	0.377563323373641	0.327440840863998	0	0	1	0.1	0.112270467340382	0.0715047532359143	-0.0253583491239437	0.267475596585764	0.292833945709708	0	0	1	0.2	0.449977612370688	0.19244540672801	0.0860071588832273	0.837407115626474	0.751399956743246	0	0	2	0.1	0.541194146672182	0.129283117523083	0.291924568764855	0.807230484665947	0.515305915901092	0	0	2	0.2	1.3233118139192	0.267140264977334	0.806137060163616	1.85334537308855	1.04720831292493	0	0	3	0.1	0.914569148735698	0.1665738382659	0.620612688819787	1.2672211566294	0.646608467809615	0	0	3	0.2	1.89616838464233	0.298529129761935	1.36849432374774	2.52085277332434	1.1523584495766
293	0	0	0	0.1	0.114671477903771	0.0309499201482892	0.0573392429380567	0.175925504614766	0.118586261676709	0	0	0	0.2	0.261685282219657	0.089023185010734	0.0899746509732251	0.44781704808971	0.357842397116485	0	0	1	0.1	0.263464583566614	0.0778609429351202	0.113724709715522	0.412876224792276	0.299151515076754	0	0	1	0.2	0.835554436322893	0.206672267902644	0.432700044396393	1.24606667448433	0.813366630087932	0	0	2	0.1	0.725960206692754	0.126127191914092	0.485197619245288	0.973207289927664	0.488009670682376	0	0	2	0.2	1.62679495438386	0.23861331336742	1.15637598881394	2.08374094963933	0.927364960825386	0	0	3	0.1	1.07788619498278	0.157340249320698	0.78155008097631	1.37907897752284	0.597528896546527	0	0	3	0.2	2.13697455320487	0.267381546824622	1.63282923221601	2.66198192356918	1.02915269135317
333	0	0	0	0.1	0.0595286331253681	0.0305718291190813	0.00209403165953676	0.121546907289442	0.119452875629905	0	0	0	0.2	0.132066528917536	0.0736228491187612	-0.010286014317371	0.281770886197612	0.292056900514983	0	0	1	0.1	0.168299108761529	0.0625039421345186	0.0523794166633554	0.295816820217706	0.243437403554351	0	0	1	0.2	0.569504935503168	0.180014288007088	0.244832524718576	0.956915514126613	0.712082989408037	0	0	2	0.1	0.589423665872023	0.117957263485112	0.3754717404321	0.844927072893287	0.469455332461188	0	0	2	0.2	1.44281820829013	0.238174707812138	0.988435551552183	1.94187456865882	0.953439017106642	0	0	3	0.1	0.994392777545793	0.154365067315317	0.709735716730617	1.31430540378186	0.604569687051246	0	0	3	0.2	2.07403737663992	0.283640047067895	1.54942769076773	2.66476542603807	1.11533773527034
114	0	0	0	0.1	0.109008313582138	0.0361427425876334	0.0402110551393057	0.180368820917515	0.140157765778209	0	0	0	0.2	0.265246363519618	0.0847602736605874	0.104903935846765	0.440344341042362	0.335440405195597	0	0	1	0.1	0.239821677733558	0.0608584891702052	0.124685740324145	0.364211714520694	0.239525974196549	0	0	1	0.2	0.731429908124201	0.170368360268185	0.415422099297564	1.0667358758908	0.651313776593233	0	0	2	0.1	0.638572345754389	0.110506348705717	0.437879602925457	0.859818591414353	0.421938988488897	0	0	2	0.2	1.45834269667887	0.215240195489423	1.05895247907337	1.921718930084	0.862766451010632	0	0	3	0.1	0.976622916363918	0.14366726432525	0.723718698080549	1.27368354742222	0.54996484934167	0	0	3	0.2	1.94824788024116	0.246086506798722	1.49444113560919	2.43944240965652	0.945001274047332
71	0	0	0	0.1	0.12319617116197	0.0372958259958361	0.0544537650313541	0.200256242947697	0.145802477916343	0	0	0	0.2	0.272755362536449	0.094961593570449	0.0879626966470242	0.461790915695852	0.373828219048828	0	0	1	0.1	0.202769217867103	0.0732060471987763	0.0633078701300969	0.34410751568407	0.280799645553973	0	0	1	0.2	0.65334980383564	0.190355015988988	0.297397914776167	1.05516880516572	0.757770890389548	0	0	2	0.1	0.59927110460935	0.115286126453475	0.383517784296349	0.831965780027865	0.448447995731516	0	0	2	0.2	1.39741749575214	0.226845420364367	0.965858495514274	1.85147896539375	0.885620469879479	0	0	3	0.1	0.935486913585947	0.144447741677283	0.669636929640899	1.24714395803342	0.577507028392525	0	0	3	0.2	1.88945364676488	0.25052179807039	1.41184261943008	2.37936977845923	0.967527159029153
318	0	0	0	0.1	0.125217952810417	0.0332637377736815	0.0557558409846598	0.19547733723265	0.13972149624799	0	0	0	0.2	0.296425584715254	0.0919506718132479	0.13979549643759	0.492277290163153	0.352481793725563	0	0	1	0.1	0.29917507031312	0.0774986157919367	0.156918597762659	0.454832379519034	0.297913781756376	0	0	1	0.2	0.958008771758737	0.22309558862625	0.553383952617165	1.41072251056716	0.857338557949994	0	0	2	0.1	0.793768157140763	0.135770034374592	0.540897644503369	1.05775453291124	0.516856888407875	0	0	2	0.2	1.75007292329354	0.257940999328137	1.26984131649076	2.26549612360005	0.995654807109296	0	0	3	0.1	1.11702783341729	0.160247342936674	0.819810620803213	1.44700265330878	0.627192032505566	0	0	3	0.2	2.19119879034741	0.278058864549764	1.67064067040996	2.76608716189378	1.09544649148382
375	0	0	0	0.1	0.163560423833184	0.0332487009907965	0.0966864873878971	0.230132751425506	0.133446264037608	0	0	0	0.2	0.354349484070256	0.0815734534056018	0.198035228808391	0.517753868856961	0.31971864004857	0	0	1	0.1	0.153300785255653	0.0638488406671806	0.026571046805663	0.278042643698676	0.251471596893013	0	0	1	0.2	0.494648262308611	0.187168095246125	0.151010411930144	0.85949051185283	0.708480099922686	0	0	2	0.1	0.517015991460213	0.130125146961958	0.28415283335299	0.774890797876865	0.490737964523875	0	0	2	0.2	1.29999671198806	0.262107744679059	0.836055575557782	1.80986408933894	0.973808513781158	0	0	3	0.1	0.923988402496785	0.163113050449192	0.632900804152715	1.25395993327714	0.62105912912443	0	0	3	0.2	1.8849972407094	0.274338299242507	1.39491113312252	2.4192653598573	1.02435422673478
242	0	0	0	0.1	0.114416475808729	0.0345969369215792	0.0455830454637219	0.183809744444879	0.138226698981157	0	0	0	0.2	0.260856273317564	0.0819768617957013	0.0942874361901543	0.420275527190451	0.325988091000296	0	0	1	0.1	0.195575856440795	0.0561561164849544	0.0913385628905933	0.311978275922547	0.220639713031954	0	0	1	0.2	0.572369372680913	0.160436271390021	0.294240289805922	0.914541241227135	0.620300951421213	0	0	2	0.1	0.52977362822715	0.112201262458534	0.324020951626536	0.771436169433695	0.447415217807159	0	0	2	0.2	1.24108416312054	0.231676821505741	0.784747657530568	1.72560454270499	0.940856885174425	0	0	3	0.1	0.836042171312211	0.145919481116347	0.564676452521548	1.13904769384414	0.57437124132259	0	0	3	0.2	1.7060243677611	0.269118007374434	1.17535771667147	2.27457037580207	1.09921265913061
296	0	0	0	0.1	0.115191295510359	0.03277269849271	0.0528459497366688	0.176669520266469	0.1238235705298	0	0	0	0.2	0.218683182891188	0.088329014537345	0.0624494338894411	0.400464892979494	0.338015459090053	0	0	1	0.1	0.168154938253916	0.0792436371952826	0.0178016157044603	0.333944866405215	0.316143250700755	0	0	1	0.2	0.542432808739456	0.209215159176634	0.161112533068278	0.959928324082023	0.798815791013746	0	0	2	0.1	0.561375726214034	0.130398161320059	0.325807669238474	0.825759208232065	0.499951538993591	0	0	2	0.2	1.2561743478046	0.241463673803183	0.793644143354084	1.74400739295205	0.950363249597963	0	0	3	0.1	0.884730362034821	0.154325163078238	0.607529858588266	1.2064822075738	0.598952348985531	0	0	3	0.2	1.74470150002863	0.258231589494806	1.26097136831369	2.27117089544292	1.01019952712924
206	0	0	0	0.1	0.101723335547138	0.0280964406727702	0.0446741321677696	0.157843060364328	0.113168928196559	0	0	0	0.2	0.145908522264328	0.0662738158483523	0.0125670702765306	0.273220024084439	0.260652953807908	0	0	1	0.1	0.0300091938583422	0.0605542892089346	-0.09275847347219	0.144327083602931	0.237085557075121	0	0	1	0.2	0.142105965004134	0.158085375098525	-0.148421870440665	0.446050127313543	0.594471997754208	0	0	2	0.1	0.289361095329317	0.100540470702489	0.0961183223193333	0.500737264387673	0.40461894206834	0	0	2	0.2	0.744097768457158	0.207577286805369	0.343621904807513	1.17983963404112	0.836217729233605	0	0	3	0.1	0.559149435716104	0.122676158038218	0.338941374540844	0.816370841032572	0.477429466491727	0	0	3	0.2	1.16953485036872	0.225439904740827	0.764244949353275	1.64384568205089	0.879600732697615
304	0	0	0	0.1	0.155539807333407	0.0333521193405389	0.0898740053486971	0.223793396284926	0.133919390936229	0	0	0	0.2	0.356075301447664	0.0906039655695707	0.187015265947779	0.5425399037469	0.35552463779912	0	0	1	0.1	0.243601330235289	0.0726505446936709	0.115063923284643	0.401336052407393	0.28627212912275	0	0	1	0.2	0.673600153885304	0.18571727711012	0.349154970080837	1.06844455936914	0.719289589288305	0	0	2	0.1	0.559616375870294	0.108990638624417	0.370148951300103	0.790792509926144	0.420643558626042	0	0	2	0.2	1.21970248569275	0.203660732411885	0.846438662379256	1.63343513510027	0.786996472721015	0	0	3	0.1	0.794649451020321	0.123590613701123	0.572421041519339	1.050563304713	0.478142263193656	0	0	3	0.2	1.57501730459179	0.218413668110382	1.17273072993763	2.01368286814651	0.840952138208881
139	0	0	0	0.1	0.0974925328397012	0.0305754556185207	0.0382992646840679	0.156721294808106	0.118422030124038	0	0	0	0.2	0.128879068727816	0.0699777893611977	-0.00270856160432903	0.268355876993003	0.271064438597332	0	0	1	0.1	0.0477934904176153	0.0591183185338432	-0.0685791604828349	0.158803805976482	0.227382966459317	0	0	1	0.2	0.253476704434468	0.163490818965445	-0.0296932299263848	0.585463766577572	0.615156996503957	0	0	2	0.1	0.419150396175723	0.113006872105201	0.227972693705146	0.667003413674083	0.439030719968937	0	0	2	0.2	1.10951019660495	0.254890171507935	0.667554701041254	1.65623352447334	0.988678823432083	0	0	3	0.1	0.792242893481302	0.159931882628239	0.51997503521023	1.14368949706229	0.623714461852064	0	0	3	0.2	1.707778802992	0.304956768099265	1.16979342263496	2.35496805034476	1.18517462770981
390	0	0	0	0.1	0.0731463814661142	0.0334861221476961	0.006387495789014	0.141156627536569	0.134769131747555	0	0	0	0.2	0.133220579323593	0.0731232740000129	-0.00222846929507811	0.28242510923772	0.284653578532798	0	0	1	0.1	0.165002457220202	0.0595589024643593	0.0533125321179194	0.285903365187248	0.232590833069329	0	0	1	0.2	0.563074507532377	0.177954425151259	0.260299436957434	0.937609432879389	0.677309995921955	0	0	2	0.1	0.578751593028749	0.123744309173439	0.368615965538511	0.839657014339655	0.471041048801144	0	0	2	0.2	1.39689954907351	0.26368645798972	0.936941157863628	1.95740945625396	1.02046829839033	0	0	3	0.1	0.92252137238547	0.164041594727256	0.642435384068411	1.26843955888135	0.626004174812938	0	0	3	0.2	1.90944195263657	0.295113121395075	1.37896730701811	2.49459662463813	1.11562931762002
80	0	0	0	0.1	0.112230359267681	0.031803527965177	0.0504707987628129	0.1717529212789	0.121282122516087	0	0	0	0.2	0.269048778960796	0.0754601638477409	0.128337617705127	0.419407042153079	0.291069424447953	0	0	1	0.1	0.148906127953674	0.0637927219439864	0.0278604321391162	0.279119941402662	0.251259509263546	0	0	1	0.2	0.416411292779726	0.171406209052799	0.0875028484782247	0.763386459084084	0.675883610605859	0	0	2	0.1	0.4108121184572	0.110583684345597	0.20935415499702	0.638513538438962	0.429159383441942	0	0	2	0.2	1.0094629113111	0.232096841350743	0.567186393583531	1.4932263171989	0.926039923615367	0	0	3	0.1	0.756045907818473	0.154004615445925	0.48701058525461	1.08703082217216	0.600020236917546	0	0	3	0.2	1.58759853130157	0.278396297187887	1.09546408839819	2.14562234095208	1.05015825255389
113	0	0	0	0.1	0.112107063530914	0.0281407242228755	0.057184555802419	0.166655507508637	0.109470951706218	0	0	0	0.2	0.17861997942377	0.0689184785658733	0.0409998572543386	0.311184355651609	0.27018449839727	0	0	1	0.1	0.00364730505331287	0.0816179552359095	-0.155347614351495	0.15113464171041	0.306482256061906	0	0	1	0.2	0.118584945407739	0.217612750330178	-0.306610642435003	0.553225210136097	0.8598358525711	0	0	2	0.1	0.33700263589038	0.147645872050108	0.0785321712587496	0.671700383595146	0.593168212336397	0	0	2	0.2	0.94469372737872	0.316193253717468	0.375864105832866	1.6787416179723	1.30287751213943	0	0	3	0.1	0.763541223012145	0.207364041534965	0.416151139654164	1.26016447539288	0.844013335738719	0	0	3	0.2	1.63541728060848	0.360248978364325	1.02445724464334	2.49134607864894	1.4668888340056
360	0	0	0	0.1	0.105805732583384	0.0283066062446369	0.0541580846634598	0.162884510098999	0.108726425435539	0	0	0	0.2	0.191055292451051	0.084637495234397	0.0257571704611022	0.351731211440021	0.325974040978919	0	0	1	0.1	0.0872551326046273	0.0876103060563526	-0.089581430131863	0.252743126028756	0.342324556160619	0	0	1	0.2	0.41527326440957	0.225444523338346	-0.0118437901209092	0.852560452410865	0.864404242531774	0	0	2	0.1	0.506126974857541	0.132270030287089	0.267532303430683	0.783539612188054	0.51600730875737	0	0	2	0.2	1.20754070585622	0.239347442042148	0.771895837902488	1.69898590341776	0.927090065515274	0	0	3	0.1	0.890335452915224	0.153777340268859	0.617423672015282	1.21695741001533	0.599533738000051	0	0	3	0.2	1.72630606672696	0.245891625002786	1.27979651481616	2.23132256250031	0.951526047684146
189	0	0	0	0.1	0.0626062719193576	0.0387514665407103	-0.00935504187785659	0.135056116828933	0.14441115870679	0	0	0	0.2	0.077111478632733	0.082830489838335	-0.0879568604140239	0.240394109964924	0.328350970378948	0	0	1	0.1	0.100487421290664	0.0716689782798078	-0.0242228126333934	0.245757384211185	0.269980196844578	0	0	1	0.2	0.431193108733033	0.199035828193106	0.0909037711458638	0.836247549167797	0.745343778021933	0	0	2	0.1	0.523580190942728	0.125494731144793	0.292072459217485	0.774575420599289	0.482502961381804	0	0	2	0.2	1.25981872043746	0.25042437197163	0.773669314458868	1.74942938302369	0.975760068564824	0	0	3	0.1	0.877448026998949	0.152871637772556	0.588037845348368	1.17651568475897	0.588477839410605	0	0	3	0.2	1.78384220243761	0.265173550990664	1.2865111258763	2.32819065561833	1.04167952974203
204	0	0	0	0.1	0.0728477197414878	0.0327769694468434	0.0125161826881061	0.136799397269376	0.12428321458127	0	0	0	0.2	0.13661763580321	0.0797578178885129	-0.0239249467624521	0.296623383031185	0.320548329793637	0	0	1	0.1	0.127818058462957	0.0544484537057458	0.0181794742962982	0.234415026549488	0.21623555225319	0	0	1	0.2	0.396512430070473	0.135635219334262	0.134830023400295	0.677322279397123	0.542492255996828	0	0	2	0.1	0.420142161012338	0.0888553891951029	0.259655018916798	0.616563088640687	0.35690806972389	0	0	2	0.2	0.985219238879212	0.187022805567586	0.652827071472434	1.38503648860175	0.732209417129318	0	0	3	0.1	0.685214047964902	0.117938056442336	0.477964010178321	0.943648384730834	0.465684374552513	0	0	3	0.2	1.43976894797381	0.226220462518112	1.04162771521847	1.91823138304886	0.876603667830387
363	0	0	0	0.1	0.0790607561580978	0.0325626308447121	0.0151450815952304	0.14203145405481	0.126886372459579	0	0	0	0.2	0.114313950773423	0.0768193970149311	-0.0444311013166831	0.262856088484885	0.307287189801568	0	0	1	0.1	0.112088425599677	0.0653900222784692	-0.00912119322882078	0.240998527828144	0.250119721056965	0	0	1	0.2	0.434153794689444	0.174510804920339	0.112594496362947	0.776242935520548	0.663648439157601	0	0	2	0.1	0.537548133544903	0.112296502502178	0.330713749111306	0.765958624551904	0.435244875440599	0	0	2	0.2	1.28311348508208	0.216780893956885	0.876069647068633	1.70922423349237	0.833154586423738	0	0	3	0.1	0.887749672095165	0.136094122491098	0.642974831109378	1.16505035256101	0.52207552145163	0	0	3	0.2	1.79890834069256	0.232622505829362	1.35419399575511	2.26537139942994	0.911177403674834
372	0	0	0	0.1	0.139343167050833	0.0289485202204807	0.083115732340093	0.195800806474198	0.112685074134105	0	0	0	0.2	0.272626332349224	0.067038194560975	0.154104156175161	0.414858935020433	0.260754778845272	0	0	1	0.1	0.126283700513738	0.0521896956885618	0.0286096440552735	0.236956885789474	0.208347241734201	0	0	1	0.2	0.364546230927476	0.141116640991232	0.0901617387238212	0.64783396872794	0.557672230004119	0	0	2	0.1	0.419517649448264	0.103880213313355	0.229544358818196	0.63454326708873	0.404998908270534	0	0	2	0.2	1.05843033069772	0.228846997948876	0.642022929377638	1.52970526682559	0.887682337447948	0	0	3	0.1	0.786376654149976	0.15488146870333	0.524493155057939	1.11822492373065	0.593731768672708	0	0	3	0.2	1.71130222606454	0.289140675820053	1.19866436312381	2.31033981707349	1.11167545394968
384	0	0	0	0.1	0.0871188285665907	0.0259460068665371	0.0361871795371313	0.138111287035342	0.10192410749821	0	0	0	0.2	0.226781314314221	0.0718132221539421	0.0972588248664031	0.38514603548382	0.287887210617417	0	0	1	0.1	0.358973719820503	0.07776117210265	0.215662604386575	0.517065909328159	0.301403304941584	0	0	1	0.2	1.13412696157439	0.2245920366488	0.716623153558524	1.58503121075023	0.868408057191702	0	0	2	0.1	0.911084170002666	0.137856054339949	0.650716727157678	1.18519944415207	0.53448271699439	0	0	2	0.2	1.89049949753041	0.237362387769638	1.43628363333954	2.35037999871069	0.914096365371152	0	0	3	0.1	1.22149854027798	0.157358974288975	0.9374938324812	1.53638714017574	0.598893307694537	0	0	3	0.2	2.27738746665588	0.25254796629657	1.80949720456385	2.81352079260664	1.00402358804279
376	0	0	0	0.1	0.104210262917483	0.0287949382413564	0.0480059784678288	0.161144045885516	0.113138067417687	0	0	0	0.2	0.221846329079467	0.0766645721588573	0.0823895204937148	0.383975776066302	0.301586255572587	0	0	1	0.1	0.249941531297409	0.0613588788560587	0.127242082065081	0.372886695264029	0.245644613198949	0	0	1	0.2	0.804813420374912	0.183331082334396	0.452835235290567	1.16985445142427	0.717019216133701	0	0	2	0.1	0.733831363093935	0.121836105521345	0.500040502573827	0.978988357506667	0.47894785493284	0	0	2	0.2	1.66487613872296	0.233477638460251	1.20687888607812	2.134053273853	0.927174387774879	0	0	3	0.1	1.12847314849014	0.156432411307687	0.831229312085891	1.46027885174183	0.629049539655939	0	0	3	0.2	2.18666131892091	0.259354049213889	1.68969024816444	2.698153161808	1.00846291364355
208	0	0	0	0.1	0.0899632172221289	0.0326080845176802	0.0240267919911204	0.157668981611706	0.133642189620586	0	0	0	0.2	0.185565099158512	0.0766442532044455	0.045653792822214	0.347071900921918	0.301418108099704	0	0	1	0.1	0.186990725519467	0.0522331330096122	0.0846901228075723	0.292499195775569	0.207809072967997	0	0	1	0.2	0.513339068565906	0.12978972925103	0.26079952289097	0.771687155184988	0.510887632294018	0	0	2	0.1	0.505316626907232	0.0911378649232001	0.33413584668456	0.696473749295332	0.362337902610772	0	0	2	0.2	1.14038507050458	0.19517885510599	0.789168779320062	1.55021382177266	0.7610450424526	0	0	3	0.1	0.782407849619219	0.127628565527579	0.549760646540932	1.05643659664643	0.506675950105497	0	0	3	0.2	1.57331196782795	0.238488967626029	1.1109013946034	2.05071894995891	0.939817555355507
393	0	0	0	0.1	0.0756268674611401	0.0344193717162254	0.00631960481365343	0.140455261386623	0.134135656572969	0	0	0	0.2	0.155640124681243	0.0679389219501267	0.0211133260865446	0.291276236177818	0.270162910091274	0	0	1	0.1	0.21130130191284	0.0686809278370492	0.0861384402714671	0.351889900251054	0.265751459979587	0	0	1	0.2	0.645747341862758	0.182020218950042	0.313651786494825	1.00211594511739	0.68846415862257	0	0	2	0.1	0.622763275121242	0.109424622243013	0.430380538347745	0.86248357845309	0.432103040105345	0	0	2	0.2	1.4105227666069	0.208768426918463	1.04157555109396	1.85338110121384	0.811805550119879	0	0	3	0.1	0.93530073366684	0.126688372964929	0.716224230135796	1.21504500827983	0.49882077814403	0	0	3	0.2	1.87457664239128	0.226546876338354	1.47471762857737	2.37461306782561	0.899895439248244
263	0	0	0	0.1	0.118426420878864	0.031603291246943	0.0552278951704102	0.177550761213603	0.122322866043193	0	0	0	0.2	0.215468909777003	0.0818697039782723	0.0580608201990102	0.381548625524375	0.323487805325365	0	0	1	0.1	0.163274326196451	0.0737499275548053	0.0180190910162197	0.304908772702501	0.286889681686281	0	0	1	0.2	0.601288767244494	0.20824507154994	0.180621980822824	1.02595289214137	0.845330911318551	0	0	2	0.1	0.638743209699893	0.132956167581039	0.383967254193174	0.924748978314868	0.540781724121694	0	0	2	0.2	1.50199966720012	0.251917519755998	1.04577688729731	2.02159016753217	0.975813280234866	0	0	3	0.1	1.04441617392574	0.161578963700722	0.76152265585166	1.38335912082141	0.621836464969753	0	0	3	0.2	2.03327607504277	0.269664664837261	1.53672921168394	2.60773706513442	1.07100785345048
243	0	0	0	0.1	0.0648276899027235	0.0331716154675367	0.0031419380416033	0.128843037248768	0.125701099207165	0	0	0	0.2	0.217831808201635	0.0902702366061703	0.0592469827595191	0.410552135653648	0.351305152894129	0	0	1	0.1	0.309683891263492	0.0740693301489573	0.179997914679363	0.470840250078326	0.290842335398963	0	0	1	0.2	0.918462871827606	0.201647763419595	0.558080616303463	1.34768450873421	0.789603892430747	0	0	2	0.1	0.751571110936738	0.123207665646487	0.513557066740119	1.01508895199141	0.501531885251294	0	0	2	0.2	1.64455774631091	0.227954462007548	1.20390876029641	2.11383141121706	0.909922650920647	0	0	3	0.1	1.06737960478654	0.147147658337115	0.793961892404468	1.37083281190911	0.576870919504647	0	0	3	0.2	2.03540928938754	0.239491361118141	1.59845768259636	2.53569204616956	0.937234363573194
280	0	0	0	0.1	0.00885380267427419	0.030112564565503	-0.0558651162940992	0.0627676953303756	0.118632811624475	0	0	0	0.2	0.0672165979902525	0.0700638667860372	-0.0732219420773916	0.198739102797518	0.27196104487491	0	0	1	0.1	0.249350476415815	0.0605342830551596	0.134726343916709	0.374565365321129	0.239839021404419	0	0	1	0.2	0.749458677574553	0.171825462012582	0.439330110465131	1.08942029321801	0.650090182752878	0	0	2	0.1	0.658583033570325	0.114275730477604	0.451702969384173	0.901054694224348	0.449351724840175	0	0	2	0.2	1.47882486036579	0.230008656994015	1.05906589608479	1.92821435507301	0.86914845898822	0	0	3	0.1	0.96529429028493	0.143859958243394	0.706886211108545	1.26673833627296	0.55985212516441	0	0	3	0.2	1.92260476212923	0.259646661864039	1.44169179060369	2.4792208962472	1.03752910564352
337	0	0	0	0.1	0.1200418179186	0.0373101488868292	0.0458094496883918	0.19571728495178	0.149907835263388	0	0	0	0.2	0.249721612546791	0.0838685776336655	0.092596646905012	0.420724302820369	0.328127655915357	0	0	1	0.1	0.181022236188292	0.0584599109178763	0.0732580855657088	0.297336336909448	0.224078251343739	0	0	1	0.2	0.575988370808457	0.17380402129026	0.262120572643912	0.947042489914287	0.684921917270375	0	0	2	0.1	0.549638686449161	0.111548491868492	0.34409206394962	0.787093164096996	0.443001100147376	0	0	2	0.2	1.31233353335347	0.230884923563215	0.870126056875129	1.81102830643372	0.940902249558589	0	0	3	0.1	0.893778880517045	0.142222203055649	0.638068689997915	1.19108237045897	0.55301368046106	0	0	3	0.2	1.81673692509843	0.251098871341884	1.35080989448953	2.33293564511304	0.982125750623519
331	0	0	0	0.1	0.0949519958396761	0.0298427612336073	0.040171064408023	0.155848779449002	0.115677715040979	0	0	0	0.2	0.194589929873913	0.0699097604836036	0.0613493517261719	0.340509011924962	0.27915966019879	0	0	1	0.1	0.161370392058201	0.0610988769681604	0.0480809560265268	0.288318592320003	0.240237636293476	0	0	1	0.2	0.504729804810262	0.164325316949524	0.203592418514924	0.845144173862031	0.641551755347108	0	0	2	0.1	0.527279833684296	0.101363250428745	0.346251270803627	0.737160362950523	0.390909092146896	0	0	2	0.2	1.22857654937334	0.200574822857476	0.857726653032413	1.63971848204996	0.781991829017542	0	0	3	0.1	0.849245987310218	0.126635579327351	0.62184629158342	1.11464785711015	0.492801565526732	0	0	3	0.2	1.69612273437587	0.220571202084399	1.28187771144414	2.14229430526044	0.860416593816302
364	0	0	0	0.1	0.124511212295695	0.033365815052169	0.0589673215735347	0.18679213448742	0.127824812913885	0	0	0	0.2	0.259770670714217	0.079945164658184	0.105531101379727	0.418180088565335	0.312648987185608	0	0	1	0.1	0.245483625865712	0.066783446789634	0.130833533426539	0.384189722019546	0.253356188593007	0	0	1	0.2	0.834419564375582	0.215082201897861	0.46229987424354	1.32494838396899	0.862648509725447	0	0	2	0.1	0.80861317333237	0.151461422007082	0.549805825870546	1.13474126024031	0.584935434369767	0	0	2	0.2	1.79253999329209	0.2663449943102	1.31119058896212	2.36310567581244	1.05191508685032	0	0	3	0.1	1.22408155659217	0.176734256924874	0.906797465364877	1.60724771274921	0.700450247384337	0	0	3	0.2	2.30480278104444	0.273614048968217	1.78994495208544	2.8846665157436	1.09472156365816
156	0	0	0	0.1	0.0636285913089218	0.0306687558134726	0.00212356480289633	0.121067952536678	0.118944387733781	0	0	0	0.2	0.111486970287295	0.0640832892419377	-0.0221896431899593	0.233325063590369	0.255514706780328	0	0	1	0.1	0.145803414507849	0.0517578010321284	0.0501736801314363	0.244447374027598	0.194273693896162	0	0	1	0.2	0.4998779091437	0.153787549106295	0.232750910347381	0.824307341144616	0.591556430797235	0	0	2	0.1	0.588627099381463	0.114414833098754	0.383092955751052	0.832511548260805	0.449418592509753	0	0	2	0.2	1.36128660374016	0.222683943972532	0.946598446415507	1.82410836885615	0.877509922440644	0	0	3	0.1	0.975229174591003	0.15026332714604	0.707352326505789	1.29744762738321	0.590095300877418	0	0	3	0.2	1.94081795326494	0.255794514669886	1.4639562256214	2.4904332701396	1.02647704451819
367	0	0	0	0.1	0.104005299021885	0.0312054877058947	0.0440223652509158	0.167704373711935	0.123682008461019	0	0	0	0.2	0.196579642805547	0.0781115503968154	0.0442964283641087	0.357738295160882	0.313441866796773	0	0	1	0.1	0.180722105000476	0.060652289483246	0.063918934517304	0.303437441338771	0.239518506821467	0	0	1	0.2	0.619900273215487	0.1653191669242	0.299388095248888	0.952936437655627	0.653548342406739	0	0	2	0.1	0.575221873885248	0.102194203652481	0.397332436403515	0.771994487925802	0.374662051522288	0	0	2	0.2	1.27385518291716	0.199508480398573	0.909277357963217	1.64339045561526	0.734113097652044	0	0	3	0.1	0.832855102209268	0.123102478606442	0.615203868069303	1.08126833126865	0.466064463199348	0	0	3	0.2	1.62272522986236	0.217705594870168	1.22750448812399	2.04591235752763	0.818407869403643
341	0	0	0	0.1	0.117370873361265	0.0287211439675174	0.0643638054943833	0.175297475233522	0.110933669739138	0	0	0	0.2	0.32739356876027	0.0793388283822587	0.184187595045347	0.493431011098668	0.309243416053321	0	0	1	0.1	0.288894526838875	0.0716882482203019	0.158524182649225	0.436681146330921	0.278156963681696	0	0	1	0.2	0.748518302937993	0.195680135643158	0.393693054304589	1.15187255022474	0.758179495920154	0	0	2	0.1	0.527205318142806	0.117206502230275	0.31930135562004	0.780881909739898	0.461580554119858	0	0	2	0.2	1.15514659865121	0.228924021138494	0.746752510175833	1.64205423360852	0.895301723432686	0	0	3	0.1	0.733683719499501	0.134140729915947	0.49886315526291	1.01803709238402	0.51917393712111	0	0	3	0.2	1.46788313413725	0.237777179084343	1.04543371896205	1.98867974927576	0.943246030313712
264	0	0	0	0.1	0.0859343366176816	0.0289404555039839	0.0281168394456409	0.144575031898585	0.116458192452944	0	0	0	0.2	0.145379121730886	0.0714757522215347	0.00516009102436082	0.284732343361756	0.279572252337395	0	0	1	0.1	0.187380817553131	0.0688380583440969	0.0620813553947103	0.322789810626214	0.260708455231503	0	0	1	0.2	0.744700337912816	0.206038168633935	0.350202567914853	1.17585319606257	0.825650628147713	0	0	2	0.1	0.780781925073569	0.133645282386411	0.534088127884754	1.05921970665779	0.525131578773034	0	0	2	0.2	1.76649323794515	0.239941131083633	1.32014417294426	2.26268870586873	0.942544532924473	0	0	3	0.1	1.23697168513668	0.163050060548663	0.935841217979548	1.56507757842838	0.62923636044883	0	0	3	0.2	2.33588659344196	0.254233405276832	1.853260721761	2.85527165928968	1.00201093752868
199	0	0	0	0.1	0.0643963677266456	0.0266602959907604	0.0146176223920907	0.114325275173308	0.0997076527812171	0	0	0	0.2	0.136415662230681	0.0653726955977631	0.0142951195055712	0.259952771411281	0.24565765190571	0	0	1	0.1	0.0909954790092479	0.0512490531830473	-0.00678713854441391	0.189039289743944	0.195826428288358	0	0	1	0.2	0.273752887865863	0.13143114522564	0.0197229201987741	0.51860638950318	0.498883469304406	0	0	2	0.1	0.32070238705627	0.0831161904033877	0.160426744244719	0.480877401569721	0.320450657325003	0	0	2	0.2	0.792603709780048	0.174777991700409	0.441175272461912	1.13746405070492	0.696288778243009	0	0	3	0.1	0.569238912314675	0.101394127797387	0.374781387270565	0.775264135907301	0.400482748636736	0	0	3	0.2	1.21325399283171	0.191198278789438	0.842580389600255	1.60459710941913	0.762016719818873
109	0	0	0	0.1	0.0732875341509492	0.0421170749703621	-0.0084146991022684	0.158547029231708	0.166961728333976	0	0	0	0.2	0.127403934047509	0.100885696210746	-0.0754811638482426	0.336431262932436	0.411912426780679	0	0	1	0.1	0.181919639343782	0.0799542352963222	0.0356664742703488	0.345352894200501	0.309686419930152	0	0	1	0.2	0.687931772896586	0.224873069905239	0.298663521770699	1.16722813083297	0.868564609062267	0	0	2	0.1	0.715981075113526	0.151970026158188	0.461332190322854	1.06024269742848	0.598910507105621	0	0	2	0.2	1.73329055335185	0.310814126104016	1.16997460046254	2.3738087589762	1.20383415851366	0	0	3	0.1	1.18512436894329	0.205875169461081	0.824023822918262	1.61436217404761	0.790338351129346	0	0	3	0.2	2.42195129342687	0.37113527909672	1.75259107629813	3.17812374012527	1.42553266382714
122	0	0	0	0.1	0.106066469236566	0.0336231258489851	0.0381117008867938	0.172767284559112	0.134655583672318	0	0	0	0.2	0.229477598323679	0.0876977693423038	0.0588231824580916	0.403251488084096	0.344428305626004	0	0	1	0.1	0.189320127764461	0.0700615512218967	0.051850433956786	0.318458780364314	0.266608346407528	0	0	1	0.2	0.590241774898562	0.180056424996457	0.23804244711707	0.936645681426033	0.698603234308964	0	0	2	0.1	0.55750066361274	0.117130069503778	0.351926070037007	0.799747259430345	0.447821189393339	0	0	2	0.2	1.26946782042397	0.230484296314859	0.854128460900463	1.74586052098851	0.891732060088047	0	0	3	0.1	0.868565002258079	0.148053288391464	0.608039768329206	1.17022494054142	0.562185172212217	0	0	3	0.2	1.72650535798657	0.254122257369506	1.2513265174078	2.21253712067382	0.961210603266019
312	0	0	0	0.1	0.0573844116656371	0.0340320220302503	-0.0104751887568427	0.124031583544064	0.134506772300907	0	0	0	0.2	0.0935378973960203	0.0802131576762164	-0.0669311835323256	0.252294528429142	0.319225711961467	0	0	1	0.1	0.0940852212730569	0.0619248989716418	-0.03557598718119	0.217115023588505	0.252691010769695	0	0	1	0.2	0.356101417114467	0.168729392719707	0.0364108299923615	0.700340184866608	0.663929354874246	0	0	2	0.1	0.433574414542269	0.104562594688343	0.241878080618668	0.652215723006547	0.41033764238788	0	0	2	0.2	1.0451361252832	0.20971105979697	0.653971608290302	1.47455449899118	0.820582890700875	0	0	3	0.1	0.73080725733071	0.125848991610841	0.499885774402986	0.992358672394851	0.492472897991864	0	0	3	0.2	1.4931567106662	0.225960359709221	1.08532468588785	1.93850346003582	0.853178774147968
291	0	0	0	0.1	0.108795369436907	0.034929524571321	0.0402179800500784	0.178141309493182	0.137923329443104	0	0	0	0.2	0.293985385556194	0.0929284264831131	0.1207221611917	0.480861910020198	0.360139748828498	0	0	1	0.1	0.325421417726192	0.0711743665389903	0.180659787211897	0.462242749023688	0.281582961811791	0	0	1	0.2	0.89059262641023	0.17991909588158	0.531732879418243	1.22933963225455	0.697606752836305	0	0	2	0.1	0.692107227901285	0.0996443557395954	0.502868997385111	0.884888506276361	0.38201950889125	0	0	2	0.2	1.44914665536903	0.183683515837578	1.1030199727686	1.815336025627	0.712316052858398	0	0	3	0.1	0.907423396316551	0.112039344166656	0.698955786711671	1.1376616292337	0.438705842522027	0	0	3	0.2	1.73795518905501	0.195853191047553	1.37880133014305	2.13025132269251	0.751449992549458
266	0	0	0	0.1	0.0892391285513238	0.0334337826179387	0.0252287563133896	0.157870066410659	0.13264131009727	0	0	0	0.2	0.224258773113552	0.0912985111433363	0.0578349747961227	0.414918580228241	0.357083605432119	0	0	1	0.1	0.232896045595491	0.0681601020575453	0.113467560787652	0.364774351924383	0.251306791136732	0	0	1	0.2	0.726711181332086	0.177307770816066	0.414110593041144	1.08753655832569	0.673425965284548	0	0	2	0.1	0.603156971606649	0.107517186767986	0.409355695813372	0.813744911436487	0.404389215623115	0	0	2	0.2	1.29371575263994	0.202005799907471	0.912611465903392	1.67852866415382	0.76591719825043	0	0	3	0.1	0.823932267844046	0.125886285723539	0.595034771146835	1.07382126100095	0.478786489854112	0	0	3	0.2	1.59088106648145	0.218524651844992	1.19215981010766	2.03181191295375	0.83965210284609
317	0	0	0	0.1	0.0761938652351679	0.0324809617841494	0.0109329731959626	0.138170662194512	0.127237688998549	0	0	0	0.2	0.195419447940873	0.0799475260409889	0.0371385197012403	0.36176998777997	0.32463146807873	0	0	1	0.1	0.216916554016459	0.0601619839228725	0.106471281015173	0.339049621163552	0.232578340148379	0	0	1	0.2	0.640117958335838	0.161689062493304	0.339379234150726	0.984929694735548	0.645550460584823	0	0	2	0.1	0.547866783382202	0.101281413854583	0.366038768062403	0.765510556207136	0.399471788144733	0	0	2	0.2	1.25836823482367	0.206632417225956	0.866833812395	1.67578698512294	0.808953172727944	0	0	3	0.1	0.832159494738907	0.126837082662668	0.606756084208707	1.09939319397591	0.492637109767208	0	0	3	0.2	1.69964270638763	0.229873068168138	1.28626364674187	2.17057449407194	0.884310847330068
340	0	0	0	0.1	0.0893945721645908	0.032519373033017	0.0274909529101247	0.15555598543592	0.128065032525796	0	0	0	0.2	0.205555690941757	0.0723845961429793	0.0718167354854817	0.347441229840078	0.275624494354596	0	0	1	0.1	0.221430680908803	0.0647276998054069	0.097653938311632	0.356137241627281	0.258483303315649	0	0	1	0.2	0.662552971269522	0.189855928992774	0.318981540905102	1.08850823181634	0.769526690911241	0	0	2	0.1	0.581313611367333	0.13287768227848	0.358584883089971	0.891015717454483	0.532430834364513	0	0	2	0.2	1.38633784201773	0.285249443647485	0.894545527103217	2.03167978306146	1.13713425595824	0	0	3	0.1	0.926536813562778	0.182703577741375	0.622083924138498	1.33758629687683	0.715502372738328	0	0	3	0.2	1.95807814784548	0.335565273933391	1.36691461999716	2.67807891264056	1.31116429264339
265	0	0	0	0.1	0.0977788231716071	0.0350434369621159	0.0315549654206796	0.167648172990375	0.136093207569695	0	0	0	0.2	0.197722741741092	0.0846720601349563	0.0482700779291124	0.374850890003943	0.326580812074831	0	0	1	0.1	0.156828463918946	0.068654197537239	0.0285224817491889	0.298790063149906	0.270267581400717	0	0	1	0.2	0.537197974232936	0.190760450651414	0.190704780456567	0.921518712600945	0.730813932144378	0	0	2	0.1	0.568574517187449	0.126791353169639	0.341596666827935	0.832521859681374	0.490925192853439	0	0	2	0.2	1.33503958291051	0.244261218893143	0.874832374955585	1.81318479200914	0.938352417053558	0	0	3	0.1	0.933571001292041	0.15924114985404	0.647077766525495	1.27682026587595	0.629742499350455	0	0	3	0.2	1.81431450852467	0.270647052906851	1.30011403149307	2.39376450830175	1.09365047680868
221	0	0	0	0.1	0.144529904385079	0.0296127722317424	0.0890152785252198	0.20423043098861	0.11521515246339	0	0	0	0.2	0.314133775341683	0.0787351332965865	0.168308061494842	0.490552461374449	0.322244399879607	0	0	1	0.1	0.179861580609566	0.0685754068740441	0.0489269833837806	0.321093577954012	0.272166594570231	0	0	1	0.2	0.56275001196116	0.193007825913968	0.197888421078696	0.963770047142593	0.765881626063897	0	0	2	0.1	0.52915172209574	0.114230589337054	0.322635968065343	0.74504456446538	0.422408596400037	0	0	2	0.2	1.22344611061401	0.212091742338324	0.815334930502721	1.64062817174691	0.825293241244192	0	0	3	0.1	0.848184775320593	0.129990840478272	0.605894996820501	1.1088089765585	0.502913979738	0	0	3	0.2	1.65325845510378	0.216173945212754	1.25851835756022	2.09746715922765	0.838948801667433
108	0	0	0	0.1	0.0796507019871866	0.0345121722089943	0.0117971751438916	0.145819014898513	0.134021839754622	0	0	0	0.2	0.135439448304104	0.081673815139386	-0.0306537748763176	0.298015004215319	0.328668779091637	0	0	1	0.1	0.136053583881995	0.0688883301783423	0.00998902016782682	0.276679615858455	0.266690595690629	0	0	1	0.2	0.473575283557634	0.183445146210816	0.146693891413878	0.858240179998193	0.711546288584316	0	0	2	0.1	0.5199864970492	0.123327413883985	0.292101126023271	0.786940385184784	0.494839259161514	0	0	2	0.2	1.24932745118781	0.256028970870049	0.756397186922567	1.75802715847923	1.00162997155666	0	0	3	0.1	0.86687156821704	0.162127667413448	0.557043557284258	1.1974445290452	0.640400971760941	0	0	3	0.2	1.77302598483557	0.28849115147032	1.21014401254935	2.31959431432943	1.10945030178008
298	0	0	0	0.1	0.0307860071452042	0.0322744146065368	-0.032554723192811	0.09155156690377	0.124106290096581	0	0	0	0.2	0.0487627907419774	0.075449631005836	-0.0999896491787106	0.199504934722156	0.299494583900867	0	0	1	0.1	0.124616492404017	0.0703169795927383	-0.0137000523900908	0.257398120127754	0.271098172517845	0	0	1	0.2	0.516656783942343	0.200182513306808	0.141982442841502	0.920695797736895	0.778713354895392	0	0	2	0.1	0.557636915069533	0.126616292031103	0.3309799206664	0.808244720975809	0.477264800309409	0	0	2	0.2	1.30942164940947	0.251091865086455	0.846534223861379	1.81090545779711	0.964371233935727	0	0	3	0.1	0.888133566744346	0.162159549506597	0.595918438801522	1.22550461524761	0.629586176446087	0	0	3	0.2	1.80387201202379	0.291896161549933	1.25915411540296	2.40453029712968	1.14537618172672
267	0	0	0	0.1	0.127637416548662	0.0477827017724724	0.0331522632560041	0.219164217820874	0.18601195456487	0	0	0	0.2	0.217822509762552	0.131284650484255	-0.0356585206090778	0.465789907938816	0.501448428547894	0	0	1	0.1	0.0871123025609859	0.0930930641896179	-0.0932248025393684	0.279228462276172	0.372453264815541	0	0	1	0.2	0.32872374428914	0.21267328545756	-0.0765110077271671	0.768583325412012	0.845094333139179	0	0	2	0.1	0.396736208028238	0.115437821184075	0.177161079464834	0.621558113982307	0.444397034517473	0	0	2	0.2	0.978318244220448	0.226284199984357	0.538987648468119	1.41248069903582	0.873493050567704	0	0	3	0.1	0.69283903123415	0.134084500468463	0.444162540703394	0.960108837840068	0.515946297136674	0	0	3	0.2	1.42903563102774	0.24462999451778	0.982487319733893	1.90698377874073	0.92449645900684
358	0	0	0	0.1	0.127114660575228	0.0421523545739735	0.0423840356406254	0.207562901775268	0.165178866134643	0	0	0	0.2	0.236090227838062	0.115034598447474	0.00368948144135238	0.453839465150553	0.450149983709201	0	0	1	0.1	0.133101785938582	0.087560631532437	-0.0342822223659437	0.315337001688371	0.349619224054315	0	0	1	0.2	0.466482227622716	0.219628234151923	0.0319376535158268	0.907449402622716	0.875511749106889	0	0	2	0.1	0.48702016821037	0.127137502574498	0.245454516698485	0.74446312012254	0.499008603424055	0	0	2	0.2	1.10235897081392	0.24507654527424	0.633712052913846	1.60705703118254	0.973344978268697	0	0	3	0.1	0.761765139975531	0.147684277118556	0.477820819698468	1.06490161124454	0.587080791546076	0	0	3	0.2	1.47214620838072	0.256634688074695	0.963660164408449	1.99839257422703	1.03473240981858
369	0	0	0	0.1	0.0711005117679875	0.0384577354606436	0.000772149800657908	0.147679621064921	0.146907471264263	0	0	0	0.2	0.158186958820507	0.0954768493370837	-0.0258754160408772	0.348506123396612	0.374381539437489	0	0	1	0.1	0.195581404029697	0.0689208039937114	0.0657339949794394	0.338676083114602	0.272942088135162	0	0	1	0.2	0.647371806548349	0.192562456659602	0.302735749351394	1.05684424437738	0.754108495025989	0	0	2	0.1	0.583419802955613	0.124227474955799	0.357766748117632	0.847903699060056	0.490136950942424	0	0	2	0.2	1.3033074702435	0.237492235610161	0.881834140705901	1.77844712462587	0.896612983919965	0	0	3	0.1	0.867863065552687	0.150195479614546	0.602779442253747	1.17560056601095	0.572821123757203	0	0	3	0.2	1.69040163055259	0.252387511365141	1.22234785197524	2.20508606195886	0.982738209983616
380	0	0	0	0.1	0.107358147664744	0.033009210212569	0.0470771806002033	0.17580670821824	0.128729527618037	0	0	0	0.2	0.299389273446335	0.0795555394818999	0.157227312679735	0.46554219166241	0.308314878982676	0	0	1	0.1	0.223618551172712	0.0510519659504769	0.124637244018981	0.324301447766588	0.199664203747607	0	0	1	0.2	0.591151641177376	0.132383428002575	0.330550931879839	0.849460717684415	0.518909785804577	0	0	2	0.1	0.453920916246462	0.081908383886437	0.295890116280492	0.611789018332057	0.315898902051565	0	0	2	0.2	1.01703926409311	0.166248028507141	0.701395692391286	1.3570305119363	0.655634819545016	0	0	3	0.1	0.664085816564902	0.105551381286368	0.472515380547156	0.889132145843457	0.4166167652963	0	0	3	0.2	1.3611064005376	0.197096854086263	0.99158421242596	1.77995797854169	0.788373766115726
177	0	0	0	0.1	0.10379823594128	0.0374997503413688	0.028380497190245	0.175413976460314	0.147033479270069	0	0	0	0.2	0.157846162854264	0.0771522297578098	0.012247850580423	0.308555575852545	0.296307725272122	0	0	1	0.1	0.0936332319401646	0.0481345539598132	0.00482128105326957	0.190882311451468	0.186061030398199	0	0	1	0.2	0.31473191505194	0.118139096310007	0.0948736607796439	0.561504080706956	0.466630419927312	0	0	2	0.1	0.400334867368539	0.0853884478211344	0.242851234017895	0.581049561092936	0.338198327075041	0	0	2	0.2	0.977866700674779	0.186637141080356	0.615759970022512	1.36799100308485	0.752231033062342	0	0	3	0.1	0.713177747347112	0.121972671143008	0.490618889874521	0.96894453873434	0.478325648859819	0	0	3	0.2	1.49582893256422	0.226326371321957	1.07563522088089	1.94893187426486	0.873296653383976
342	0	0	0	0.1	0.110495256529174	0.0370403349146936	0.0432575967929069	0.18852578510623	0.145268188313323	0	0	0	0.2	0.261794230133883	0.0885863759146335	0.104899047074872	0.442818666745677	0.337919619670806	0	0	1	0.1	0.254435317180887	0.0662129817051248	0.130702678233947	0.391954912697083	0.261252234463137	0	0	1	0.2	0.781332986885919	0.185175902337445	0.442562813026132	1.15827635130117	0.715713538275036	0	0	2	0.1	0.696304123128392	0.116630047548095	0.475968418796452	0.924771423557952	0.4488030047615	0	0	2	0.2	1.62509410678151	0.23650336755248	1.17826894355185	2.105799312326	0.927530368774156	0	0	3	0.1	1.083397824183	0.154269667272189	0.794516264256845	1.41314655302965	0.618630288772802	0	0	3	0.2	2.20936494310487	0.276671279851781	1.70881007035268	2.75238850860708	1.0435784382544
299	0	0	0	0.1	0.105557949800481	0.0342016691070612	0.0379679197333387	0.170629313160544	0.132661393427205	0	0	0	0.2	0.124909754655893	0.0858150052131719	-0.0480937705135643	0.288493013825761	0.336586784339326	0	0	1	0.1	0.0231864593707886	0.0614015304277332	-0.102572509880336	0.130842786810188	0.233415296690524	0	0	1	0.2	0.203195485431549	0.150723269380118	-0.0858426506819008	0.501645720970945	0.587488371652846	0	0	2	0.1	0.39246124811158	0.0943736338729375	0.215811726442554	0.576583445154429	0.360771718711875	0	0	2	0.2	0.983120645414755	0.194934638333722	0.612866809029697	1.36272520405084	0.74985839502114	0	0	3	0.1	0.743473153433062	0.128558280918764	0.511555936409024	1.01626023877835	0.504704302369323	0	0	3	0.2	1.5373092147798	0.229591801538326	1.1124565881199	2.02020517308331	0.907748584963408
271	0	0	0	0.1	0.151563966602925	0.036351056553468	0.0842434740218454	0.223456992280872	0.139213518259027	0	0	0	0.2	0.274846916970594	0.0817663085889775	0.118353912291953	0.439643913136795	0.321290000844842	0	0	1	0.1	0.138751073727634	0.0612520402811647	0.014965785026317	0.256357148809718	0.241391363783401	0	0	1	0.2	0.433454718982172	0.156388738942773	0.12928645345034	0.742234410716949	0.61294795726661	0	0	2	0.1	0.478273305484184	0.107543024886493	0.28073639730998	0.709171558313281	0.428435161003301	0	0	2	0.2	1.12399676238338	0.221317581791052	0.725886155919173	1.57812129520227	0.852235139283099	0	0	3	0.1	0.807665874452007	0.147513948189184	0.547480695847393	1.10557411156124	0.558093415713848	0	0	3	0.2	1.6746402912356	0.272635901182441	1.17723229881274	2.20940104431675	1.03216874550401
345	0	0	0	0.1	0.128945319663649	0.0307254712505466	0.0694458659779873	0.19311631886721	0.123670452889223	0	0	0	0.2	0.272602391386571	0.0777416643397403	0.131092583012841	0.438387802646544	0.307295219633703	0	0	1	0.1	0.194294020193837	0.0555501397187125	0.0854013343340397	0.302343040927044	0.216941706593004	0	0	1	0.2	0.595943883594724	0.149291949357357	0.317101090364389	0.886511064690981	0.569409974326592	0	0	2	0.1	0.554296210170678	0.104543917718352	0.366139375650138	0.763217292742611	0.397077917092473	0	0	2	0.2	1.26060428815777	0.218241862120299	0.840921828143676	1.705666983653	0.864745155509321	0	0	3	0.1	0.838445865414108	0.142263088108262	0.566198261983515	1.1346332226723	0.568434960688782	0	0	3	0.2	1.67694961171943	0.257315154717595	1.15920795909063	2.19950580291656	1.04029784382593
313	0	0	0	0.1	0.101464132755979	0.0291393396614322	0.0461652215642159	0.157895473456684	0.111730251892468	0	0	0	0.2	0.181044668769252	0.0678822334005608	0.0568033709252889	0.317579447117395	0.260776076192106	0	0	1	0.1	0.129097085397031	0.0633868740417943	0.00585542241194789	0.245871255735439	0.240015833323492	0	0	1	0.2	0.409069414050577	0.176258204876307	0.089288166232876	0.763505223355498	0.674217057122622	0	0	2	0.1	0.457697804819939	0.123684553260612	0.232857920417324	0.709430813991303	0.476572893573979	0	0	2	0.2	1.05496539762088	0.236692219619692	0.626422991719895	1.52503022843429	0.898607236714398	0	0	3	0.1	0.72958132199678	0.145139020141714	0.482523046746973	1.02555215547169	0.543029108724712	0	0	3	0.2	1.45752258961009	0.240804753000077	1.03536486739771	1.96232399833674	0.926959130939035
377	0	0	0	0.1	0.125280793973887	0.0271450996607354	0.0748848885415572	0.180550344555118	0.105665456013561	0	0	0	0.2	0.248847200696717	0.0700036215126787	0.121053427467035	0.399565061351073	0.278511633884038	0	0	1	0.1	0.104289346595413	0.0616872384659967	-0.0133775390278278	0.231045270567008	0.244422809594836	0	0	1	0.2	0.41437373951703	0.169672944693208	0.112322031715219	0.787671884884947	0.675349853169727	0	0	2	0.1	0.484774337994424	0.106804529285381	0.310620594626679	0.719801427900146	0.409180833273467	0	0	2	0.2	1.2124074758271	0.214163289946437	0.855193239115632	1.68928089826476	0.834087659149131	0	0	3	0.1	0.848980082441322	0.132883308963842	0.620063898680461	1.15766045935159	0.537596560671133	0	0	3	0.2	1.74418403586556	0.235470758814447	1.3104231943213	2.2468032512653	0.936380056943997
368	0	0	0	0.1	0.071745308551166	0.0307321785118337	0.016115173420575	0.133460701898205	0.11734552847763	0	0	0	0.2	0.204033685242291	0.0788829961956729	0.0546328657133139	0.370170347945714	0.3155374822324	0	0	1	0.1	0.208958164819095	0.0670775232165513	0.0850799910274495	0.348153164084413	0.263073173056963	0	0	1	0.2	0.616718563643071	0.182787386918501	0.273907166240985	0.980224456302976	0.706317290061992	0	0	2	0.1	0.534459857730116	0.113535894653749	0.32228525892533	0.76404058933102	0.44175533040569	0	0	2	0.2	1.2665615741154	0.230535359607954	0.829592176446952	1.7607343790975	0.931142202650551	0	0	3	0.1	0.863067912426446	0.146797063185701	0.600748431780601	1.18404899575984	0.583300563979239	0	0	3	0.2	1.76546613067183	0.259559030161323	1.30793615271202	2.30727946114795	0.999343308435927
378	0	0	0	0.1	0.132067011426475	0.0302815424858586	0.072887650209098	0.191538236095907	0.118650585886809	0	0	0	0.2	0.242761489375907	0.0727663917635018	0.104670196986783	0.389946548150995	0.285276351164213	0	0	1	0.1	0.150940862499711	0.056974402693772	0.0455621313173235	0.26793531530978	0.222373183992457	0	0	1	0.2	0.498636772401308	0.159634072385488	0.202860941509988	0.836324040964	0.633463099454013	0	0	2	0.1	0.55999582869066	0.109176590745136	0.352634710739688	0.780376216965812	0.427741506226124	0	0	2	0.2	1.32745007736571	0.209241395987694	0.924639247970653	1.73774703680566	0.813107788835005	0	0	3	0.1	0.950656890577334	0.137999840831922	0.695645799981114	1.23346638020048	0.537820580219367	0	0	3	0.2	1.85693900303713	0.225002517183942	1.43322268339937	2.30057347749515	0.867350794095774
202	0	0	0	0.1	0.137811717722731	0.0307351403889558	0.0786682795792236	0.201972289828218	0.123304010248994	0	0	0	0.2	0.216794213271956	0.0844740375590601	0.0533668725395678	0.37999990039598	0.326633027856413	0	0	1	0.1	0.00565723616859833	0.0778755991431336	-0.144046988090763	0.167692767862797	0.31173975595356	0	0	1	0.2	0.141447262621079	0.189321452595124	-0.190299101266297	0.543423812945529	0.733722914211826	0	0	2	0.1	0.312988204645219	0.115955524531722	0.116864302961909	0.562641058577681	0.445776755615772	0	0	2	0.2	0.829274847246105	0.227061615431748	0.427715125644882	1.31917913050301	0.891464004858127	0	0	3	0.1	0.662405013752736	0.135481351574198	0.429944953286579	0.970426600425192	0.540481647138613	0	0	3	0.2	1.37851724214743	0.230493786593122	0.969017424421823	1.87849213475627	0.909474710334443
336	0	0	0	0.1	0.0962354732804246	0.029719697940619	0.0381087772570175	0.155238151429467	0.117129374172449	0	0	0	0.2	0.218515010982465	0.07361715761336	0.080604806221407	0.373571757825556	0.292966951604149	0	0	1	0.1	0.177826372671339	0.0615417958386267	0.0658096031381926	0.307446743456508	0.241637140318316	0	0	1	0.2	0.549150010241776	0.166714876783823	0.241234588828089	0.89607719227948	0.654842603451391	0	0	2	0.1	0.492577288279147	0.10487998067727	0.292831482737626	0.699717486062737	0.406886003325111	0	0	2	0.2	1.10329869421354	0.201507157184534	0.715823574394814	1.50435694669881	0.788533372303995	0	0	3	0.1	0.727491076057146	0.121682166376331	0.498301870474755	0.972903453866926	0.474601583392172	0	0	3	0.2	1.42993580496238	0.213929863032197	1.02346201825595	1.85863508156825	0.8351730633123
329	0	0	0	0.1	0.0861410985223386	0.0286546870609786	0.0279343314480658	0.135446154986678	0.107511823538613	0	0	0	0.2	0.192931037208391	0.0696014748765094	0.0566366771041369	0.322837342672238	0.266200665568101	0	0	1	0.1	0.257940272216395	0.0614708410728761	0.137125868881192	0.381117760170582	0.24399189128939	0	0	1	0.2	0.784765911280366	0.180101084538807	0.451008304211008	1.15561968826726	0.704611384056253	0	0	2	0.1	0.665808602361762	0.125261406296841	0.442827320687025	0.937566015593357	0.494738694906332	0	0	2	0.2	1.42763678567457	0.239796125714566	0.999118927586266	1.93600155023532	0.936882622649052	0	0	3	0.1	0.937056827339453	0.156387297671173	0.659809508497647	1.27137510734073	0.611565598843086	0	0	3	0.2	1.78065769001372	0.260769257298282	1.30178499501183	2.35661658498024	1.05483158996841
319	0	0	0	0.1	0.163157320985497	0.0279555370738786	0.111674175457292	0.218866866893963	0.10719269143667	0	0	0	0.2	0.277019659527945	0.065927360344164	0.1531152547214	0.413790431495203	0.260675176773802	0	0	1	0.1	0.0782583600081928	0.0711946888284184	-0.0603280934400434	0.242336745841321	0.302664839281365	0	0	1	0.2	0.233475551585505	0.193722179387411	-0.120165370795181	0.698500373329022	0.818665744124204	0	0	2	0.1	0.330219911382878	0.127925392103803	0.123110655955921	0.628754390683776	0.505643734727855	0	0	2	0.2	0.888802112413925	0.274851305968065	0.425699352486025	1.53807817633888	1.11237882385286	0	0	3	0.1	0.683960445128498	0.165901578499102	0.402080891385862	1.07013895484352	0.668058063457661	0	0	3	0.2	1.51454332164139	0.306939898051304	0.986463503097022	2.16475596167353	1.17829245857651
311	0	0	0	0.1	0.0365860370057181	0.0329105123818243	-0.0302480919179454	0.0983531334542348	0.12860122537218	0	0	0	0.2	0.0813256928855988	0.0842797084469381	-0.0880837264989843	0.241577078418194	0.329660804917178	0	0	1	0.1	0.124379211688938	0.0675029953229217	-0.0117175869137255	0.264655952005753	0.276373538919479	0	0	1	0.2	0.418895473614511	0.170880380958328	0.0816657436894363	0.756894092851749	0.675228349162312	0	0	2	0.1	0.424420776895445	0.107863460207492	0.217592758665291	0.6428671072405	0.425274348575209	0	0	2	0.2	1.01388527483333	0.221956599409871	0.590549106874376	1.476580018958	0.886030912083621	0	0	3	0.1	0.709568870795327	0.136515435905522	0.475019869473005	1.01134278661595	0.536322917142949	0	0	3	0.2	1.458877241462	0.25001222302299	1.02909236626745	1.98693101323663	0.957838646969179
185	0	0	0	0.1	0.0865551637136349	0.028958597280442	0.033082354836809	0.144790632497876	0.111708277661067	0	0	0	0.2	0.19027686807755	0.0685445689325931	0.0690263825670898	0.324564472574756	0.255538090007666	0	0	1	0.1	0.174836302226482	0.0599766612270431	0.0558013349009427	0.290100421914249	0.234299087013306	0	0	1	0.2	0.520599167021882	0.160481579696969	0.212499665505923	0.843962389541957	0.631462724036034	0	0	2	0.1	0.496419861107606	0.103502366622317	0.302067967298253	0.721027985714334	0.418960018416081	0	0	2	0.2	1.17098094167072	0.21139800144657	0.770362364033085	1.62741479378917	0.857052429756088	0	0	3	0.1	0.81565640739274	0.133071511759662	0.56368133364428	1.11081829528566	0.547136961641383	0	0	3	0.2	1.67691866536128	0.2350806375983	1.24644207850509	2.18590494050888	0.93946286200379
362	0	0	0	0.1	0.110910292007602	0.0305461231812653	0.0561803974850126	0.172495368939495	0.116314971454482	0	0	0	0.2	0.286590946115273	0.0838789326025147	0.127892011871142	0.452889417831373	0.324997405960231	0	0	1	0.1	0.267406477233299	0.0680322062325992	0.134740577881836	0.402961283121599	0.268220705239763	0	0	1	0.2	0.744781608206606	0.169704794274028	0.417883595449358	1.10274728423287	0.684863688783512	0	0	2	0.1	0.594605439721083	0.110270856131196	0.390950289524024	0.828844894094401	0.437894604570377	0	0	2	0.2	1.29197417936898	0.219595477956128	0.878283298566737	1.7537638027902	0.875480504223459	0	0	3	0.1	0.840123040720396	0.142741002782058	0.581041732853215	1.13695948280756	0.555917749954343	0	0	3	0.2	1.67711730617949	0.254923549957263	1.20723628366884	2.22131970713629	1.01408342346745
277	0	0	0	0.1	0.151832426567577	0.0337001412702896	0.0857695265865085	0.219085417614498	0.13331589102799	0	0	0	0.2	0.315055412467008	0.0857054123448284	0.146856268621924	0.481349753554215	0.33449348493229	0	0	1	0.1	0.19659017952173	0.0652958601249649	0.0691272165906177	0.330984126820033	0.261856910229415	0	0	1	0.2	0.596038338567251	0.185777781835749	0.274979483384665	0.966768075182184	0.691788591797519	0	0	2	0.1	0.591195543813014	0.129971456038823	0.353640590530574	0.851036866129409	0.497396275598835	0	0	2	0.2	1.50281193280761	0.279915700363148	0.988991089884257	2.08247780296606	1.09348671308181	0	0	3	0.1	1.09101086001504	0.188388866087487	0.763060523912318	1.4949367294613	0.731876205548983	0	0	3	0.2	2.26834675380612	0.320062793113232	1.67992529485077	2.9068419895667	1.22691669471593
237	0	0	0	0.1	0.0948765653561233	0.0361008592799741	0.0221004691689353	0.162771823199634	0.140671354030698	0	0	0	0.2	0.269940188134646	0.106784821897494	0.0601695569013644	0.493752137660068	0.433582580758704	0	0	1	0.1	0.284861794054241	0.0904153149697422	0.127401142868156	0.47844811797124	0.351046975103084	0	0	1	0.2	0.945059623359095	0.246008045868932	0.505547069375321	1.49721731132529	0.991670241949965	0	0	2	0.1	0.794229879502639	0.153185586012388	0.515841085402936	1.12536772229124	0.609526636888301	0	0	2	0.2	1.721058805092	0.258234118944724	1.23273591769925	2.24078606904423	1.00805015134498	0	0	3	0.1	1.17770534377689	0.171937574187621	0.855389976318071	1.53028211892172	0.674892142603645	0	0	3	0.2	2.2420830728651	0.277378545704867	1.71181142761072	2.79118806231599	1.07937663470527
106	0	0	0	0.1	0.0987761020080266	0.0308187559435655	0.0412672668550062	0.158638895013744	0.117371628158738	0	0	0	0.2	0.247495321486093	0.0844061960705829	0.0872914954911591	0.42571214505723	0.338420649566071	0	0	1	0.1	0.221603802923011	0.076582301652576	0.0764750890407543	0.381864177792503	0.305389088751749	0	0	1	0.2	0.713789812306314	0.225435951225866	0.322654399656023	1.21279991514832	0.890145515492294	0	0	2	0.1	0.604297824502393	0.153197165379757	0.358709982106645	0.959678091112167	0.600968109005523	0	0	2	0.2	1.32557180683225	0.284682016344813	0.855708818569213	2.00056299134159	1.14485417277238	0	0	3	0.1	0.884781627756296	0.181425289918545	0.599073425947587	1.33913620305235	0.74006277710476	0	0	3	0.2	1.71622232564827	0.292667654600295	1.23290290584849	2.44069805687294	1.20779515102445
354	0	0	0	0.1	0.113797760949192	0.0343266295707445	0.049254413135452	0.179461704463066	0.130207291327614	0	0	0	0.2	0.246191854783206	0.0831782257483094	0.0943352276379451	0.40975122612627	0.315415998488325	0	0	1	0.1	0.107413892499469	0.0652208482552249	-0.0212301305662591	0.241418832783407	0.262648963349666	0	0	1	0.2	0.356949174914998	0.167807661511882	0.0419342011189077	0.710162507852937	0.66822830673403	0	0	2	0.1	0.380881026361207	0.097724084106137	0.195370236579359	0.587311555324532	0.391941318745172	0	0	2	0.2	0.967306275857422	0.208049182359212	0.568076983253899	1.37477999278779	0.806703009533892	0	0	3	0.1	0.677856999584168	0.122874656154633	0.444025906803482	0.923098997999929	0.479073091196447	0	0	3	0.2	1.4645168434109	0.23454690697826	1.01273832188232	1.93029901865252	0.917560696770206
353	0	0	0	0.1	0.112405382158326	0.035145320695814	0.0433231965040333	0.180396856908407	0.137073660404373	0	0	0	0.2	0.212057720202419	0.086499804950656	0.0345297152012407	0.374103360641735	0.339573645440494	0	0	1	0.1	0.167154527937186	0.0818356711861845	0.0152376484856237	0.318082148749961	0.302844500264338	0	0	1	0.2	0.593446727800317	0.21953234854128	0.18654220707	1.00084809209218	0.814305885022178	0	0	2	0.1	0.573905823682523	0.138923824877094	0.314657965499563	0.84566201399677	0.531004048497207	0	0	2	0.2	1.30075259498545	0.270381479204366	0.783165132739651	1.79511836395991	1.01195323122026	0	0	3	0.1	0.874935555390752	0.171034260555857	0.553626082270915	1.19678988769	0.64316380541908	0	0	3	0.2	1.74461945972402	0.296324114620669	1.16409889955221	2.3274532828121	1.16335438325989
310	0	0	0	0.1	0.0619330635008432	0.0280625265341734	0.00823379053741877	0.118911250555396	0.110677460017977	0	0	0	0.2	0.133310664993337	0.0632540129479693	0.0150848295163151	0.265784173571443	0.250699344055128	0	0	1	0.1	0.138670120947739	0.0505599239252333	0.0473343514903651	0.243657444903584	0.196323093413219	0	0	1	0.2	0.386924034430338	0.134576414805743	0.147551588724921	0.669415899974312	0.521864311249392	0	0	2	0.1	0.402327338232298	0.0915246338592795	0.239234327615794	0.586762228175597	0.347527900559803	0	0	2	0.2	0.978400771498856	0.19935236875093	0.611769250044486	1.39678364662494	0.785014396580456	0	0	3	0.1	0.694733895673091	0.123403061405684	0.4687256280341	0.962752294906917	0.494026666872817	0	0	3	0.2	1.47658701197885	0.232709250240656	1.05318125656161	1.96336839381067	0.910187137249064
268	0	0	0	0.1	0.102683304002252	0.0340828822275917	0.0380712836753673	0.174556738074632	0.136485454399265	0	0	0	0.2	0.215985147414438	0.0844450367200081	0.0611056705430047	0.393063630181111	0.331957959638106	0	0	1	0.1	0.172118192471133	0.0616201274668516	0.0490070317120406	0.290034848973214	0.241027817261173	0	0	1	0.2	0.564416088279112	0.171019831514327	0.256845947496755	0.934104189851539	0.677258242354785	0	0	2	0.1	0.560309502441847	0.117938047123399	0.353978958690123	0.822397169874431	0.468418211184308	0	0	2	0.2	1.34344299056016	0.246860178105532	0.908385814886337	1.84781759013704	0.939431775250702	0	0	3	0.1	0.914109670400239	0.162916741845654	0.623677485334669	1.25312244832168	0.629444962987006	0	0	3	0.2	1.89525903249659	0.293146148554476	1.36788221287256	2.49962764177478	1.13174542890222
322	0	0	0	0.1	0.103586678095139	0.031201464677709	0.0488079828916264	0.167655380505845	0.118847397614218	0	0	0	0.2	0.287199914390421	0.0841043248246461	0.134619005522474	0.471925658745785	0.337306653223311	0	0	1	0.1	0.300186406620518	0.0619898587214352	0.182766776024758	0.424589386537682	0.241822610512925	0	0	1	0.2	0.833157753964137	0.165504218305342	0.525209513146276	1.16159956516633	0.636390052020057	0	0	2	0.1	0.651552903966108	0.104758232924663	0.464853437388076	0.870205075130407	0.40535163774233	0	0	2	0.2	1.41819986511746	0.211525863585529	1.0220031066845	1.83895387164292	0.816950764958424	0	0	3	0.1	0.894795468236699	0.133592613791036	0.655454306464188	1.17162391213801	0.516169605673819	0	0	3	0.2	1.76399028912525	0.245610656835655	1.31255796289765	2.27256132389849	0.960003361000837
260	0	0	0	0.1	0.103321912385968	0.028752641212829	0.0489737178769471	0.163877312387661	0.114903594510714	0	0	0	0.2	0.248934119146656	0.0658265844186079	0.125718219460949	0.376048698438569	0.250330478977619	0	0	1	0.1	0.206330141679076	0.0597784908347488	0.0924433773976878	0.331888073740874	0.239444696343186	0	0	1	0.2	0.640709115943645	0.179268743604654	0.310640807803502	1.0192287485722	0.708587940768696	0	0	2	0.1	0.611446923793419	0.128950987817604	0.376342060906785	0.882529665926624	0.50618760501984	0	0	2	0.2	1.45817918585988	0.26303135938	0.929720081064946	1.96989822363282	1.04017814256787	0	0	3	0.1	0.986180836999173	0.167895407260003	0.646241545521833	1.31046512928679	0.664223583764961	0	0	3	0.2	2.00700897504989	0.290156344109775	1.39823937753547	2.53534210597957	1.1371027284441
324	0	0	0	0.1	0.125865767227138	0.0328080394481677	0.0661511664533021	0.19116512623391	0.125013959780608	0	0	0	0.2	0.303822687745161	0.0837306424720484	0.153750448032657	0.478917444702116	0.325166996669459	0	0	1	0.1	0.289323958726099	0.0744991564641733	0.154342502654609	0.445327381923498	0.290984879268889	0	0	1	0.2	0.950485138610083	0.23167901482977	0.531739752300808	1.42483066484482	0.893090912544016	0	0	2	0.1	0.839226677123041	0.155971987202277	0.543541861018852	1.16408689009356	0.620545029074707	0	0	2	0.2	1.84079565655733	0.275595492084326	1.29460761294537	2.3949478832353	1.10034027028992	0	0	3	0.1	1.24462684642661	0.18895732071862	0.89165053159935	1.62205566195275	0.730405130353403	0	0	3	0.2	2.34521685079935	0.301757887259313	1.78288759692738	2.95188223626886	1.16899463934148
357	0	0	0	0.1	0.197527699621799	0.0394629330553543	0.124639816183212	0.278051378606613	0.153411562423401	0	0	0	0.2	0.381384377164238	0.0952499556299888	0.203548743514281	0.584521667958394	0.380972924444113	0	0	1	0.1	0.172010669961571	0.0733154007375879	0.0441311717016985	0.328905674550144	0.284774502848446	0	0	1	0.2	0.577513786003713	0.207128896599446	0.262522909414487	1.04105090136354	0.778527991949052	0	0	2	0.1	0.609591386983064	0.137838147351718	0.39373100481378	0.923548783747908	0.529817778934129	0	0	2	0.2	1.39457541081947	0.258147124967257	0.961688694901711	1.97155632574732	1.0098676308456	0	0	3	0.1	1.00435642177079	0.172949731569036	0.716659285084469	1.3882519267211	0.671592641636629	0	0	3	0.2	1.96115626595024	0.278162761904873	1.46565755544556	2.57867698146475	1.11301942601919
300	0	0	0	0.1	0.0912539006604717	0.0288486313699869	0.0333290769273864	0.144960787754878	0.111631710827492	0	0	0	0.2	0.188916050805697	0.0739634806821098	0.0391503670830494	0.335606405745892	0.296456038662842	0	0	1	0.1	0.220819493109	0.0719609787544598	0.0816505060759623	0.359909414532452	0.27825890845649	0	0	1	0.2	0.701612243965997	0.20667851091359	0.30490094978761	1.12126515107572	0.816364201288111	0	0	2	0.1	0.645395876016525	0.143850498290641	0.39362948778278	0.945565302308947	0.551935814526167	0	0	2	0.2	1.44922738205363	0.291151660604448	0.940523882752217	2.04236447644085	1.10184059368863	0	0	3	0.1	0.945602690397155	0.182099221362079	0.637113684834566	1.33938607536602	0.702272390531453	0	0	3	0.2	1.88601761674251	0.321432453927324	1.34220204200022	2.54127305671991	1.19907101471969
392	0	0	0	0.1	0.0463709971330533	0.0267791166498612	-0.00621842987966427	0.0959880697601855	0.10220649963985	0	0	0	0.2	0.0593681318787313	0.0610283865397745	-0.0627581881029666	0.178093871436534	0.240852059539501	0	0	1	0.1	0.102276955524553	0.0696625260358461	-0.0311389679274035	0.251893168205766	0.28303213613317	0	0	1	0.2	0.503532932036269	0.237502753522871	0.112667262381926	1.0256955076123	0.913028245230374	0	0	2	0.1	0.693464718643526	0.16612456579897	0.415086217805034	1.0316849163395	0.616598698534469	0	0	2	0.2	1.65171087323051	0.292622826346363	1.11778275764183	2.23453985588588	1.11675709824405	0	0	3	0.1	1.16971638554358	0.190180376121031	0.811537705730903	1.56562094726277	0.754083241531866	0	0	3	0.2	2.22422965504498	0.293095090670118	1.64155041212191	2.80219866225057	1.16064825012865
327	0	0	0	0.1	0.05915892763009	0.026767114366952	0.00530797487976983	0.111670537866843	0.106362562987073	0	0	0	0.2	0.110848055695745	0.0645451896808972	-0.0178350464142675	0.233412140466287	0.251247186880554	0	0	1	0.1	0.132603555379992	0.0717106652369882	-0.0220647811195229	0.269439427846548	0.291504208966071	0	0	1	0.2	0.498127160750507	0.213564061757389	0.104389885595175	0.953588042943999	0.849198157348824	0	0	2	0.1	0.582288587060155	0.153220160969512	0.32794258024286	0.935424233321215	0.607481653078356	0	0	2	0.2	1.38457447250899	0.295820244260131	0.867456265086904	2.03470752999773	1.16725126491083	0	0	3	0.1	0.984472202915273	0.191475375899641	0.648258070848421	1.4253724378879	0.777114367039479	0	0	3	0.2	1.92647090038809	0.306980484583624	1.36900441226919	2.59672254844812	1.22771813617893
314	0	0	0	0.1	0.128322835047323	0.0337617712571605	0.0613712420349256	0.200450138809364	0.139078896774439	0	0	0	0.2	0.287870688209319	0.0821815142925799	0.123613391261623	0.468447824123104	0.344834432861481	0	0	1	0.1	0.216696175835894	0.0632667639109196	0.0930422323252692	0.343233569969065	0.250191337643796	0	0	1	0.2	0.698701385318558	0.176985279693722	0.372353227642777	1.07547675815123	0.703123530508456	0	0	2	0.1	0.675393941056818	0.121496781885171	0.45873752348667	0.933385633678845	0.474648110192174	0	0	2	0.2	1.52358299961565	0.228648890680079	1.09986896341633	1.99072218656859	0.890853223152258	0	0	3	0.1	1.0519601311904	0.153589033883441	0.767077204582032	1.37454316987008	0.607465965288048	0	0	3	0.2	2.02009151835077	0.251469670415471	1.54749183369011	2.53030546877148	0.982813635081367
355	0	0	0	0.1	0.1641037210322	0.034027727182363	0.100669412427656	0.232625406260596	0.13195599383294	0	0	0	0.2	0.316945670627365	0.0891723178514874	0.142716431972155	0.500289039430078	0.357572607457923	0	0	1	0.1	0.161868040913595	0.0842728708652274	-0.00790242166328555	0.331514215328085	0.33941663699137	0	0	1	0.2	0.573517137265322	0.238098782787524	0.144362304171515	1.04930397958551	0.904941675413995	0	0	2	0.1	0.578995626173029	0.145830090894651	0.325238584797431	0.87181573205944	0.546577147262009	0	0	2	0.2	1.34565808956258	0.281238618136844	0.843836850196885	1.88243904128795	1.03860219109106	0	0	3	0.1	0.921914030580415	0.16997456860761	0.612806649204007	1.24522411915384	0.632417469949833	0	0	3	0.2	1.82328552110689	0.286623247289018	1.29981487346716	2.39111408790822	1.09129921444105
320	0	0	0	0.1	0.138661956913355	0.0319822457522185	0.0765847212891572	0.203808314308106	0.127223593018949	0	0	0	0.2	0.273915645741951	0.0845245417676988	0.107904058231185	0.452302296937208	0.344398238706023	0	0	1	0.1	0.116288760040252	0.0820236741941887	-0.0458666213329709	0.266024080386922	0.311890701719893	0	0	1	0.2	0.378736957085111	0.197931464358831	-0.000233542686387209	0.755091505887765	0.755325048574152	0	0	2	0.1	0.406191709369125	0.119054478586284	0.182219994463028	0.650794065965514	0.468574071502486	0	0	2	0.2	0.953040564692643	0.229738533008033	0.52116851306605	1.4159311695948	0.894762656528745	0	0	3	0.1	0.681546520453754	0.142604409254041	0.429536007373436	0.978931097236293	0.549395089862857	0	0	3	0.2	1.40400948661555	0.256227799926927	0.947930470843837	1.9403933032888	0.992462832444966
387	0	0	0	0.1	0.0745572187206127	0.028061134271116	0.0196737218927388	0.126990787323966	0.107317065431227	0	0	0	0.2	0.0829778358864717	0.0663481195322361	-0.0464068649217523	0.206878135398841	0.253285000320594	0	0	1	0.1	0.0652753048429724	0.0520104846921622	-0.041675592577019	0.160329894252891	0.20200548682991	0	0	1	0.2	0.239512438059378	0.12432863945654	-0.00607113662541664	0.477215604260792	0.483286740886209	0	0	2	0.1	0.359281642438262	0.0816384316123902	0.208556040114713	0.532289363086884	0.323733322972171	0	0	2	0.2	0.861400296657121	0.168052589594621	0.539928950546205	1.1984035987394	0.658474648193198	0	0	3	0.1	0.648094073726742	0.109363062944762	0.44341631520866	0.870756734194362	0.427340418985703	0	0	3	0.2	1.34050791855021	0.201687008993249	0.950560631805277	1.74830847181694	0.797747840011661
275	0	0	0	0.1	0.0649746254385074	0.031084543881373	0.0084342668987219	0.124832389298472	0.11639812239975	0	0	0	0.2	0.176239159339656	0.0776995033312585	0.0370014074798772	0.332581625776227	0.29558021829635	0	0	1	0.1	0.240123969489691	0.0713521401197482	0.114249218936584	0.387223510898788	0.272974291962204	0	0	1	0.2	0.870303196541653	0.227368867319119	0.482695128237852	1.36495551211212	0.882260383874273	0	0	2	0.1	0.799157164930866	0.142193341856862	0.557620074191777	1.11265663711822	0.555036562926438	0	0	2	0.2	1.76038895970689	0.254476574840749	1.29440134850591	2.29042394307172	0.996022594565811	0	0	3	0.1	1.17879232603652	0.173538264051084	0.884306662710181	1.54597435505076	0.661667692340575	0	0	3	0.2	2.22115340962944	0.278127502414207	1.72311231114549	2.80711399394223	1.08400168279674
374	0	0	0	0.1	0.0875069088606425	0.0396194533576661	0.00877745248597722	0.166703706007975	0.157926253521998	0	0	0	0.2	0.141797895762033	0.117917278785187	-0.0919587638391643	0.382870891182241	0.474829655021405	0	0	1	0.1	0.105547709114318	0.0996674432419886	-0.0914593154916903	0.302611389593767	0.394070705085457	0	0	1	0.2	0.451920947777551	0.257589743297019	-0.066048636701929	0.967709884076663	1.03375852077859	0	0	2	0.1	0.508384236802495	0.147799565150729	0.224818754995172	0.808632306110234	0.583813551115062	0	0	2	0.2	1.20635044975751	0.271697311803672	0.66858229156148	1.72350954839909	1.05492725683761	0	0	3	0.1	0.83246709205598	0.161061850742521	0.525419183922259	1.14408870420055	0.61866952027829	0	0	3	0.2	1.63286244308527	0.271864684002358	1.11361815460595	2.14598970269991	1.03237154809396
386	0	0	0	0.1	0.0643671046186175	0.0333197556159269	-0.00248530643286956	0.129913069482969	0.132398375915839	0	0	0	0.2	0.133443034400443	0.0721305754299368	-0.00597350228413647	0.272261802799859	0.278235305083995	0	0	1	0.1	0.133679097561962	0.0538710214412777	0.0303207909822469	0.235912935451913	0.205592144469666	0	0	1	0.2	0.41659588768476	0.151472174601424	0.152343540627424	0.715313929569039	0.562970388941615	0	0	2	0.1	0.44462305408096	0.104168370192895	0.262865871482756	0.667575563471037	0.404709691988281	0	0	2	0.2	1.05376288410722	0.220792621891732	0.662333450946284	1.54278158818106	0.880448137234774	0	0	3	0.1	0.730622701934171	0.138087399391868	0.494609469537742	1.03368002645468	0.539070556916934	0	0	3	0.2	1.50809498454414	0.250801480889555	1.06456073862512	2.06851464520465	1.00395390657953
352	0	0	0	0.1	0.0747458988674769	0.0331053945679149	0.0116525197707953	0.141220622295379	0.129568102524584	0	0	0	0.2	0.199682542901836	0.0839863971762388	0.045238150840811	0.376093551622878	0.330855400782067	0	0	1	0.1	0.208371738466912	0.0669816056820701	0.0907112854375806	0.347195267745925	0.256483982308344	0	0	1	0.2	0.605866635069266	0.179487708701242	0.284591333487262	0.984747821700618	0.700156488213356	0	0	2	0.1	0.501978432565239	0.108844094775857	0.296390033180548	0.729842403523609	0.433452370343061	0	0	2	0.2	1.14187843346237	0.2171119664033	0.730264278652107	1.58699348266166	0.856729204009557	0	0	3	0.1	0.745045388185017	0.127611270689355	0.510177975170227	1.01125793809876	0.501079962928534	0	0	3	0.2	1.51565270449601	0.231626916442422	1.09725245499569	1.99710847629023	0.899856021294539
391	0	0	0	0.1	0.0632581971010302	0.0314778929744369	0.00153010947760751	0.121281791710573	0.119751682232966	0	0	0	0.2	0.138230004562323	0.077696378211873	-0.01489060520064	0.288675759522876	0.303566364723516	0	0	1	0.1	0.221440765813243	0.0619304762474501	0.102364850060425	0.344353216781024	0.241988366720599	0	0	1	0.2	0.676231244861434	0.159567858984307	0.373665441970428	0.982439897861215	0.608774455890787	0	0	2	0.1	0.676130456529078	0.110118085000559	0.47274785787889	0.904768886822492	0.432021028943602	0	0	2	0.2	1.57196607820207	0.23215953989695	1.14837887744069	2.04827648219642	0.899897604755733	0	0	3	0.1	1.07843451098727	0.158179209287685	0.797407420757858	1.41436488090821	0.616957460150354	0	0	3	0.2	2.18548814779827	0.293978762257242	1.64564748437986	2.79044955658655	1.1448020722067
245	0	0	0	0.1	0.0814048793523769	0.0370356001838794	0.000929585977130928	0.155717622166679	0.154788036189548	0	0	0	0.2	0.153105301980519	0.0922779898208333	-0.0271744250360558	0.342493389798968	0.369667814835024	0	0	1	0.1	0.170420691369833	0.0714240719444375	0.0321026236851644	0.311120365698436	0.279017742013271	0	0	1	0.2	0.672071650313211	0.211285618650283	0.269084855960245	1.08970851648639	0.820623660526147	0	0	2	0.1	0.717434682245315	0.143751631375876	0.443266902065524	1.00512534961771	0.561858447552186	0	0	2	0.2	1.72101322627265	0.272217250118416	1.1923768945022	2.27774803250812	1.08537113800592	0	0	3	0.1	1.20765715739315	0.181466614860665	0.861312037548492	1.5934791614695	0.732167123921005	0	0	3	0.2	2.38752552623615	0.290611205159638	1.82835770004247	2.99403940171956	1.16568170167709
366	0	0	0	0.1	0.0760189794892039	0.036881942586762	0.00383106730160013	0.148514586317057	0.144683519015456	0	0	0	0.2	0.196782310237053	0.0942998020874384	0.0204934113782083	0.385521841449374	0.365028430071166	0	0	1	0.1	0.203121485970068	0.0678041388539422	0.0666901481845707	0.330755065318383	0.264064917133812	0	0	1	0.2	0.606279643676582	0.176800788607923	0.260547279433111	0.970590658668838	0.710043379235728	0	0	2	0.1	0.527158389307958	0.113713383708687	0.310601581745733	0.769241595966083	0.45864001422035	0	0	2	0.2	1.21895102884017	0.227784848582186	0.783576300870088	1.68746434228393	0.903888041413842	0	0	3	0.1	0.819845005063561	0.140173656697622	0.562913451468475	1.10613827982219	0.543224828353712	0	0	3	0.2	1.6620253857188	0.246037671729835	1.18876892061217	2.14732566532956	0.958556744717392
385	0	0	0	0.1	0.119059627615624	0.0381160590896146	0.0453473180057795	0.200453780269441	0.155106462263662	0	0	0	0.2	0.361480175210213	0.1053673029791	0.168402675654328	0.596121036624228	0.427718360969899	0	0	1	0.1	0.341453823627991	0.0746344030960841	0.208735443497168	0.503731755431862	0.294996311934694	0	0	1	0.2	0.940667220091114	0.196968933164906	0.586444077119187	1.35372141512974	0.767277338010552	0	0	2	0.1	0.681095642818401	0.120464222231497	0.460991885485722	0.929395734711212	0.46840384922549	0	0	2	0.2	1.44731461836198	0.225730252265138	1.02502601240203	1.89859802666974	0.873572014267708	0	0	3	0.1	0.885993513559239	0.1389325572354	0.630180057898103	1.17028227647076	0.540102218572654	0	0	3	0.2	1.72503510276735	0.239035217292563	1.27236914527022	2.19081211678173	0.918442971511507
328	0	0	0	0.1	0.16951144000433	0.0363324804300923	0.0971938086118419	0.237244760093834	0.140050951481992	0	0	0	0.2	0.321284289145054	0.0895293350338896	0.142884015015692	0.499058320361124	0.356174305345432	0	0	1	0.1	0.149088592823658	0.0574918663866427	0.0344632731951154	0.258667815340309	0.224204542145193	0	0	1	0.2	0.434511362859472	0.142325447424345	0.173590694855037	0.721430131092515	0.547839436237478	0	0	2	0.1	0.422280738780869	0.08700428660911	0.272687129363018	0.608824161694505	0.336137032331487	0	0	2	0.2	0.996083504178852	0.184160173256132	0.680074545156128	1.40714704973376	0.727072504577628	0	0	3	0.1	0.691582932003622	0.116814928814451	0.49626420946596	0.952172855543565	0.455908646077605	0	0	3	0.2	1.45056972038661	0.221520426050266	1.06089931943995	1.92939191847667	0.868492599036719
344	0	0	0	0.1	0.0601130718759718	0.0386676537931692	-0.0202030158627507	0.129825153261882	0.150028169124633	0	0	0	0.2	0.189086923247447	0.0850095109825331	0.0286185036998338	0.3634370515369	0.334818547837066	0	0	1	0.1	0.312763800106719	0.0687667296185572	0.192168196710365	0.464935078296253	0.272766881585888	0	0	1	0.2	0.990837515412566	0.199325809673656	0.649440917296416	1.44044117581161	0.791000258515193	0	0	2	0.1	0.850221156553247	0.128861481423808	0.624991362139234	1.12876638310172	0.503775020962484	0	0	2	0.2	1.91260723303437	0.245574249502445	1.46908732166148	2.40345213206285	0.934364810401374	0	0	3	0.1	1.24535029105454	0.160937557143921	0.965842606117723	1.58343505001186	0.617592443894133	0	0	3	0.2	2.47091740674923	0.275672886704183	1.976949238347	3.05903862816547	1.08208938981846
238	0	0	0	0.1	0.0738806814682855	0.0294950199769762	0.0165233857284304	0.130687118907644	0.114163733179214	0	0	0	0.2	0.152663807096339	0.0717174076891627	0.0125108575983089	0.293847473234712	0.281336615636403	0	0	1	0.1	0.172318603306608	0.0544106842746263	0.0731114478915724	0.28403447268106	0.210923024789487	0	0	1	0.2	0.544543470978574	0.149937643495886	0.2719240433295	0.875572480838147	0.603648437508648	0	0	2	0.1	0.544538225020677	0.0994404255767269	0.369547489272287	0.754910679383919	0.385363190111632	0	0	2	0.2	1.25891366442935	0.203168945403522	0.885559489386819	1.67805281290086	0.792493323514043	0	0	3	0.1	0.86258692261372	0.133119488652073	0.627465850617026	1.14033680016793	0.512870949550908	0	0	3	0.2	1.76593715879919	0.242587624072678	1.32115417939195	2.25500465812312	0.93385047873117
262	0	0	0	0.1	0.091983743995548	0.0309446905461905	0.0329630321622551	0.150196938652673	0.117233906490418	0	0	0	0.2	0.246005131496684	0.0787249194312016	0.0905624953942998	0.405421431344875	0.314858935950575	0	0	1	0.1	0.193078551247793	0.0672962395596821	0.0649908818645534	0.329929010036369	0.264938128171816	0	0	1	0.2	0.544637538373468	0.174511582638786	0.227619581718386	0.889540926902676	0.661921345184289	0	0	2	0.1	0.445029333880784	0.10061651167672	0.262949338003013	0.645824787669451	0.382875449666438	0	0	2	0.2	1.00743076804684	0.194403676827008	0.640584409417573	1.38605196287518	0.745467553457611	0	0	3	0.1	0.664949486243707	0.113082619254549	0.457955752187085	0.893392084632552	0.435436332445467	0	0	3	0.2	1.34098294429356	0.204805142065112	0.9544743563299	1.74622670977673	0.791752353446827
301	0	0	0	0.1	0.125077495953973	0.0312375793348616	0.0666596672362404	0.186731247655501	0.12007158041926	0	0	0	0.2	0.272858079042204	0.0818713542256974	0.117204602475762	0.439260579473156	0.322055976997394	0	0	1	0.1	0.242341018085678	0.0719591285012576	0.106381312675925	0.384336415897838	0.277955103221913	0	0	1	0.2	0.846312725304821	0.202832275738363	0.476696461377876	1.23522885423572	0.758532392857841	0	0	2	0.1	0.767262787442504	0.122529112349152	0.542703007303379	1.00956102187935	0.46685801457597	0	0	2	0.2	1.66832489073549	0.218061401968309	1.26872031578708	2.08833498648861	0.81961467070153	0	0	3	0.1	1.09828767219779	0.145089958123959	0.833576845429142	1.39332368794685	0.55974684251771	0	0	3	0.2	2.09825298732508	0.241746746260969	1.6530138408664	2.59454328479322	0.941529443926819
292	0	0	0	0.1	0.129917302273588	0.0368712376878193	0.0603803616142637	0.211582355058905	0.151201993444641	0	0	0	0.2	0.432669803539909	0.102655653403991	0.246572680711769	0.648761262547497	0.402188581835728	0	0	1	0.1	0.406469852627429	0.0721275955143937	0.269533994363663	0.553910533666745	0.284376539303082	0	0	1	0.2	1.06354353229863	0.182692156694708	0.708918588118885	1.4436765764631	0.734757988344216	0	0	2	0.1	0.709012238812089	0.105059541365072	0.51432529297975	0.919334546028836	0.405009253049086	0	0	2	0.2	1.48978929630354	0.194980542398777	1.12365854020248	1.87404035073983	0.750381810537346	0	0	3	0.1	0.920795739850154	0.120567594075272	0.707471564107344	1.16684438174938	0.459372817642036	0	0	3	0.2	1.77458550225152	0.210778055663782	1.39244668314421	2.20967203793772	0.817225354793514
330	0	0	0	0.1	0.13285613994841	0.0325322212156316	0.0684707448445678	0.196536569731453	0.128065824886885	0	0	0	0.2	0.269893628438084	0.0783036551760068	0.116048881932239	0.423738615354353	0.307689733422114	0	0	1	0.1	0.130468823843357	0.0597711847042301	0.0148935344073376	0.254095045383334	0.239201510975996	0	0	1	0.2	0.36440185610702	0.14279169990852	0.0974768636890967	0.671269940078039	0.573793076388942	0	0	2	0.1	0.351067076872977	0.0809821337370669	0.201584434257251	0.524488931338774	0.322904497081522	0	0	2	0.2	0.84285224312951	0.166348209194982	0.533406297617926	1.19300883144109	0.659602533823162	0	0	3	0.1	0.603015751029726	0.100004606131552	0.421027454837173	0.814178240879182	0.393150786042009	0	0	3	0.2	1.27354466433657	0.190283026266765	0.919854919885599	1.65942480974989	0.739569889864288
397	0	0	0	0.1	0.0745549122734315	0.027365531457257	0.0234800821915556	0.12650379329704	0.103023711105485	0	0	0	0.2	0.208494658159115	0.0737901057487983	0.0758454515113615	0.355114724435955	0.279269272924593	0	0	1	0.1	0.280706352375018	0.0667841977392198	0.154256969033945	0.413604307368289	0.259347338334344	0	0	1	0.2	0.848861901549501	0.191201536429195	0.499322190150444	1.21438915274187	0.71506696259143	0	0	2	0.1	0.69098232269237	0.121730893447862	0.454247117828629	0.940635759010043	0.486388641181414	0	0	2	0.2	1.5646300978811	0.248614677515745	1.06557750417575	2.06272961112935	0.9971521069536	0	0	3	0.1	1.01336774214017	0.161829476026811	0.69466213059337	1.32924884439654	0.634586713803172	0	0	3	0.2	2.0194696587976	0.284813177011487	1.47693280134001	2.591002427335	1.11406962599499
383	0	0	0	0.1	0.0409227279229648	0.0306838566011722	-0.0195427384988846	0.098910478469008	0.118453216967893	0	0	0	0.2	0.107313384174476	0.0780795887356236	-0.0438094419129434	0.256482265396281	0.300291707309224	0	0	1	0.1	0.196197649295656	0.0614885306226861	0.0820842562677332	0.326614753508198	0.244530497240465	0	0	1	0.2	0.651955975617558	0.163360417048088	0.356588347274024	0.989853068964947	0.633264721690923	0	0	2	0.1	0.619745348112801	0.107164530056732	0.427379844208143	0.848544990191304	0.421165145983161	0	0	2	0.2	1.39272945396574	0.205865910010236	1.02159470320925	1.81547561314012	0.793880909930873	0	0	3	0.1	0.949774560773698	0.134548215056323	0.710989711371351	1.23954114474667	0.52855143337532	0	0	3	0.2	1.8876678885838	0.230269294601377	1.46426148139261	2.38398862609023	0.919727144697621
394	0	0	0	0.1	0.0749515468652126	0.0286973568174292	0.0163356968229128	0.130263220524779	0.113927523701866	0	0	0	0.2	0.130745069446731	0.067836238374934	-0.00764250745839756	0.262157561575803	0.269800069034201	0	0	1	0.1	0.126172461562338	0.0597130198473996	0.0127530548413629	0.2474621933374	0.234709138496037	0	0	1	0.2	0.445078884630128	0.168807556001241	0.137985966166117	0.805062522727954	0.667076556561837	0	0	2	0.1	0.483693184120052	0.11286044555182	0.279224204425694	0.733754250623356	0.454530046197662	0	0	2	0.2	1.12962553740593	0.228608799362965	0.733704685505092	1.6193227626466	0.885618077141505	0	0	3	0.1	0.764126754190493	0.13995182338747	0.534609763730522	1.05446390296573	0.519854139235208	0	0	3	0.2	1.55584056554373	0.251216240933458	1.13623375443182	2.10732284807591	0.971089093644096
379	0	0	0	0.1	0.0179190937929593	0.0314264343617759	-0.0498760257190811	0.0760892862898159	0.125965312008897	0	0	0	0.2	0.0501792470072093	0.0744120767290027	-0.0923322941899833	0.189067852129991	0.281400146319974	0	0	1	0.1	0.191595339639076	0.0629966358838638	0.0770423173201599	0.327282853786678	0.250240536466518	0	0	1	0.2	0.652489544870334	0.186029347452594	0.332438613285132	1.07326150716433	0.740822893879203	0	0	2	0.1	0.658056836712116	0.121221641500798	0.441695182035431	0.919602551093845	0.477907369058414	0	0	2	0.2	1.50950874500003	0.237508038466112	1.05721261264882	1.97666391214351	0.919451299494688	0	0	3	0.1	1.01360988460946	0.151187794348454	0.720648425990287	1.31053403351181	0.589885607521523	0	0	3	0.2	2.00041725605539	0.263393310916853	1.50238011244221	2.53028282791982	1.02790271547761
303	0	0	0	0.1	0.116943661658618	0.0327535766574	0.0556574689543118	0.183232143665112	0.1275746747108	0	0	0	0.2	0.300038650960933	0.090059804289914	0.12838706145045	0.480861149196714	0.352474087746264	0	0	1	0.1	0.244114118493165	0.0801649726007426	0.0857726007748507	0.391369542898129	0.305596942123278	0	0	1	0.2	0.624037253158061	0.199299704206842	0.244319108791514	1.01334948617798	0.76903037738647	0	0	2	0.1	0.491215923152715	0.111840719095368	0.289022035153134	0.699494218521484	0.410472183368349	0	0	2	0.2	1.07549887523827	0.215649631068622	0.665665883087304	1.50749995687731	0.841834073790004	0	0	3	0.1	0.711255375788253	0.12427853554744	0.491303671221674	0.957628481947591	0.466324810725917	0	0	3	0.2	1.43240210858472	0.221912554680649	1.03792355643748	1.8946832438753	0.856759687437812
343	0	0	0	0.1	0.0652250935958081	0.0305286170693419	0.00562736160470648	0.124497403984456	0.11887004237975	0	0	0	0.2	0.199691885804923	0.0814736139379095	0.0513252600802806	0.366803105220044	0.315477845139763	0	0	1	0.1	0.275921543339381	0.0716099953622102	0.142784128419079	0.420401892875514	0.277617764456435	0	0	1	0.2	0.89396620705764	0.215267819301211	0.497827375502223	1.34348606496227	0.845658689460049	0	0	2	0.1	0.751575315959647	0.136475305698887	0.501794341401165	1.04009295886579	0.538298617464622	0	0	2	0.2	1.66433277933309	0.250556603207085	1.18075164797916	2.16599858330907	0.985246935329914	0	0	3	0.1	1.11335138699874	0.16458968882614	0.811864302091797	1.4584665268274	0.6466022247356	0	0	3	0.2	2.11159307633187	0.265992585847077	1.61505196469296	2.63962813917461	1.02457617448165
346	0	0	0	0.1	0.129513986017612	0.0372873754146235	0.0641553115012291	0.206465172019491	0.142309860518262	0	0	0	0.2	0.308047693397471	0.0911029266508466	0.141144838039874	0.503211960399137	0.362067122359263	0	0	1	0.1	0.177521686350024	0.0681040721070724	0.0502542282851268	0.315233217399833	0.264978989114707	0	0	1	0.2	0.508440408792151	0.178759592770064	0.174162988300058	0.872704472869283	0.698541484569225	0	0	2	0.1	0.45154213217052	0.112080912164934	0.249692274915006	0.702697143054777	0.45300486813977	0	0	2	0.2	1.08296519371051	0.235057644884672	0.659888203459777	1.58408480098107	0.924196597521295	0	0	3	0.1	0.733480683279383	0.140907670274879	0.486737554242559	1.04120103247663	0.554463478234074	0	0	3	0.2	1.55326323027739	0.257800890519904	1.09410962892547	2.1029730613865	1.00886343246103
239	0	0	0	0.1	0.103853267175527	0.032436689532588	0.0424625054758768	0.16801040201487	0.125547896538994	0	0	0	0.2	0.197513908540144	0.0745671887646015	0.0479531066149854	0.342346834377119	0.294393727762134	0	0	1	0.1	0.143627041577598	0.0646477068309609	0.0229879589728103	0.275567533297448	0.252579574324638	0	0	1	0.2	0.448392625068356	0.166391708585213	0.137850483963159	0.781490433108452	0.643639949145293	0	0	2	0.1	0.456942227340044	0.102390600242522	0.272783547264955	0.6730241109611	0.400240563696145	0	0	2	0.2	1.05561274506103	0.201119919770224	0.678514393290847	1.4670315638304	0.788517170539549	0	0	3	0.1	0.706673617637847	0.120067990202061	0.482927786399564	0.958354774318644	0.47542698791908	0	0	3	0.2	1.45919759025848	0.220351518969338	1.04375816489553	1.89929656240464	0.85553839750911
381	0	0	0	0.1	0.124674203043733	0.0339555801231248	0.057818825764301	0.191959941598519	0.134141115834218	0	0	0	0.2	0.216328863844588	0.0848169819531612	0.045305901469714	0.388799167702966	0.343493266233252	0	0	1	0.1	0.108778769667865	0.066124524687807	-0.01494386706315	0.239720903351596	0.254664770414746	0	0	1	0.2	0.400179413256244	0.177619037008668	0.0706891441224937	0.760322340836951	0.689633196714457	0	0	2	0.1	0.445101711044166	0.117919216682907	0.237498900652446	0.684368412308786	0.44686951165634	0	0	2	0.2	1.05741256851104	0.238256026074765	0.624588723870008	1.53792367471274	0.913334950842732	0	0	3	0.1	0.726226392061851	0.147235320028201	0.467114356503426	1.02764020081523	0.560525844311799	0	0	3	0.2	1.49674033550489	0.262388209340575	1.02664089364387	2.03738425274758	1.01074335910371
244	0	0	0	0.1	0.100045437649262	0.0328468809891469	0.0404883150284357	0.169815665668222	0.129327350639787	0	0	0	0.2	0.1687999746887	0.0691474229005178	0.0323883881212466	0.319274636793521	0.286886248672274	0	0	1	0.1	0.106659178418334	0.055154801638731	0.00322651711731315	0.216300569031863	0.21307405191455	0	0	1	0.2	0.366299543936429	0.158946711790525	0.0754986530404664	0.691653554531752	0.616154901491285	0	0	2	0.1	0.464428975974458	0.116485655446651	0.250764426275156	0.686453996580556	0.4356895703054	0	0	2	0.2	1.14301488708558	0.24077757455327	0.66447002217067	1.59854165643805	0.934071634267381	0	0	3	0.1	0.862309481258684	0.160805837578223	0.546606540852832	1.18090234455644	0.634295803703606	0	0	3	0.2	1.78763444050973	0.279086419694126	1.23790858893911	2.32173856010177	1.08382997116266
347	0	0	0	0.1	0.128908944887245	0.0308589014705433	0.0687212433400359	0.19427765786707	0.125556414527035	0	0	0	0.2	0.190517859860729	0.0758704841871084	0.0472512615677129	0.343406461809096	0.296155200241383	0	0	1	0.1	0.077793383221611	0.0564265241898617	-0.0327827664569908	0.192598739368669	0.225381505825659	0	0	1	0.2	0.297047643197001	0.146818177871827	0.0301397805030773	0.61296574152971	0.582825961026632	0	0	2	0.1	0.412877025112382	0.0949606782746697	0.243370802970852	0.612447167933713	0.369076364962861	0	0	2	0.2	1.00873978907627	0.197148059493999	0.638348537859577	1.42473307593809	0.786384538078512	0	0	3	0.1	0.722344320128147	0.121552999242238	0.503549580324677	0.990067060832947	0.48651748050827	0	0	3	0.2	1.49792359323079	0.226984934065966	1.08209129226565	1.97336484226955	0.891273550003901
325	0	0	0	0.1	0.0952406196751245	0.028153677797109	0.0389692872106158	0.149757636698072	0.110788349487456	0	0	0	0.2	0.179644069591377	0.0689013598651138	0.0487780320130781	0.309891140785298	0.26111310877222	0	0	1	0.1	0.116113252563612	0.0575492581452892	0.000827353943589627	0.229572255415658	0.228744901472068	0	0	1	0.2	0.428545569474392	0.162545695018322	0.116954545599424	0.749317111673821	0.632362566074397	0	0	2	0.1	0.53738436708918	0.119978325433263	0.320430627832365	0.789054463354898	0.468623835522533	0	0	2	0.2	1.39423922016077	0.254546294106303	0.942075670744229	1.93194876430896	0.98987309356473	0	0	3	0.1	1.04229538885262	0.174067695902925	0.743766256792586	1.44083827859833	0.697072021805745	0	0	3	0.2	2.165306400151	0.294046556553357	1.62275042112144	2.79930009379429	1.17654967267286
389	0	0	0	0.1	0.0685529067177753	0.0280091406214293	0.0133222514063466	0.12194635770289	0.108624106296544	0	0	0	0.2	0.144162449665691	0.0638604067655507	0.0252772888070855	0.27057329803725	0.245296009230165	0	0	1	0.1	0.125653450841192	0.0535947601776242	0.0210357774952695	0.237726875566715	0.216691098071445	0	0	1	0.2	0.416578070406997	0.149319806037547	0.144975558428488	0.730845778315023	0.585870219886536	0	0	2	0.1	0.485839645999993	0.0999941587585716	0.302985458758641	0.697229026961652	0.39424356820301	0	0	2	0.2	1.18970411154697	0.209794350624643	0.790600236101008	1.61781471037639	0.827214474275387	0	0	3	0.1	0.86596680999293	0.142622222120046	0.620164652750153	1.17225047528951	0.552085822539359	0	0	3	0.2	1.78129353570256	0.258817343593605	1.30706177503317	2.30896053659532	1.00189876156215
373	0	0	0	0.1	0.0882395062221804	0.0345165539029684	0.020820759177064	0.156891663949744	0.13607090477268	0	0	0	0.2	0.228394887482984	0.0883516068876179	0.0648474789219917	0.410021062078679	0.345173583156687	0	0	1	0.1	0.262559126501231	0.0675797875659469	0.144237256691878	0.40562428475782	0.261387028065942	0	0	1	0.2	0.779294989306224	0.182804705108707	0.4586218515589	1.17624221459326	0.717620363034357	0	0	2	0.1	0.667499615874068	0.113583989018039	0.471897949753188	0.902763045334702	0.430865095581515	0	0	2	0.2	1.45902630044924	0.213999119548616	1.08993590125841	1.90675795555685	0.81682205429844	0	0	3	0.1	0.966415440039071	0.13798165123187	0.718489339854003	1.25932141796161	0.540832078107606	0	0	3	0.2	1.87181200981652	0.235252713190544	1.45264548506163	2.36329504285461	0.910649557792977
371	0	0	0	0.1	0.0877389593548131	0.0326428553502734	0.0235263835140309	0.14853260306275	0.12500621954872	0	0	0	0.2	0.14163043661803	0.0757952987863258	-0.0124187269454257	0.295719484530793	0.308138211476219	0	0	1	0.1	0.102815506858607	0.0685247780811303	-0.0311248328637487	0.236319467355131	0.26744430021888	0	0	1	0.2	0.33056207289846	0.173629437351332	-0.00499645560793996	0.682046071437865	0.687042527045805	0	0	2	0.1	0.403467577536133	0.104949102949924	0.208603211215996	0.616126044596395	0.407522833380399	0	0	2	0.2	0.994024256492491	0.216869083912304	0.603126105430166	1.43895223589637	0.8358261304662	0	0	3	0.1	0.727796979511808	0.12989086107966	0.494557428672412	0.996582920058459	0.502025491386048	0	0	3	0.2	1.54103260492308	0.242741740656027	1.08663539747926	2.02650701447955	0.939871617000288
388	0	0	0	0.1	0.101885370818773	0.0314125991145955	0.0338776618212976	0.166445213730742	0.132567551909445	0	0	0	0.2	0.212569927717371	0.0780792802840575	0.054379815047181	0.369952252817859	0.315572437770678	0	0	1	0.1	0.185951391109302	0.0657506175792987	0.0586795980041645	0.313753268099292	0.255073670095127	0	0	1	0.2	0.596475962393646	0.185033443874197	0.235845637951037	0.954484351069192	0.718638713118156	0	0	2	0.1	0.567459694098899	0.121333226447074	0.34232837677862	0.807405026993173	0.465076650214552	0	0	2	0.2	1.33190288396111	0.249035500478773	0.853398140820396	1.80618487410971	0.952786733289317	0	0	3	0.1	0.920409345470739	0.158949001291492	0.621716898705577	1.23200559091059	0.610288692205016	0	0	3	0.2	1.87577873220718	0.281882237039762	1.33930178835939	2.42918589014713	1.08988410178774
335	0	0	0	0.1	0.0562199715886116	0.0297005038752471	-0.00108431644571583	0.114949433656035	0.116033750101751	0	0	0	0.2	0.098770434638357	0.0705546227082983	-0.0393720958659721	0.240439776017951	0.279811871883924	0	0	1	0.1	0.125644292726466	0.0578149699131362	0.0120061770270021	0.241591169577137	0.229584992550135	0	0	1	0.2	0.454024040477635	0.159757195993357	0.138825537506485	0.784390652291596	0.645565114785111	0	0	2	0.1	0.502809900054542	0.104145223928974	0.298321977751218	0.708742397121655	0.410420419370436	0	0	2	0.2	1.28987810861979	0.233023781279274	0.853921675613611	1.76336036393399	0.909438688320377	0	0	3	0.1	0.871519638541706	0.145918327181106	0.622932280758326	1.16206262094683	0.539130340188501	0	0	3	0.2	1.8748239605161	0.280848271093572	1.37077137143436	2.45562283235858	1.08485146092423
351	0	0	0	0.1	0.0809105030815438	0.0310695574571458	0.0178274226182907	0.139320451798112	0.121493029179821	0	0	0	0.2	0.139557989773309	0.0680614245188683	0.00989346653514847	0.265396881484236	0.255503414949088	0	0	1	0.1	0.137656298654494	0.0542125020321899	0.0413605570789384	0.245999361185139	0.204638804106201	0	0	1	0.2	0.474833790915139	0.146419925701443	0.217067612617409	0.765488482731549	0.54842087011414	0	0	2	0.1	0.536340981773778	0.0995051547591789	0.351424876257718	0.730901491532951	0.379476615275233	0	0	2	0.2	1.33615798125204	0.216613454561554	0.915363021457899	1.79430277849608	0.878939757038186	0	0	3	0.1	0.924714662551928	0.139694097470452	0.666957288554225	1.21159272923681	0.544635440682585	0	0	3	0.2	1.9489709078838	0.260500526692835	1.45979227184308	2.49341563035271	1.03362335850963
401	0	0	0	0.1	0.150353139222038	0.031359983317	0.091151743485298	0.214203575806663	0.123051832321365	0	0	0	0.2	0.268001734859332	0.0786061116511914	0.11710298412105	0.427772840081011	0.310669855959961	0	0	1	0.1	0.0524013076495476	0.0602285615061212	-0.0606532140071959	0.17977233836525	0.240425552372446	0	0	1	0.2	0.228874688906855	0.150068458215281	-0.0561210524862085	0.531535428233092	0.587656480719301	0	0	2	0.1	0.352191530736368	0.0972779400739854	0.168526848827981	0.54942092637456	0.38089407754658	0	0	2	0.2	0.889823451754012	0.199240757067099	0.517007850236013	1.30233491866643	0.785327068430417	0	0	3	0.1	0.666926378962221	0.122278189929648	0.451023679595171	0.930613529590141	0.479589849994971	0	0	3	0.2	1.40633337205458	0.223768886638185	1.0062000483047	1.90565951976747	0.899459471462772
409	0	0	0	0.1	0.0802246213330408	0.0305924079778086	0.0210317205823214	0.135482060319313	0.114450339736991	0	0	0	0.2	0.0967909817648241	0.0697325961068358	-0.0453649347775498	0.225469337906506	0.270834272684056	0	0	1	0.1	0.104313074593058	0.0573693137803868	0.000765580559259175	0.223739448747711	0.222973868188452	0	0	1	0.2	0.462382225291947	0.168810051122885	0.179228352556601	0.861021158205688	0.681792805649088	0	0	2	0.1	0.611782032058919	0.118132067196277	0.401700756431671	0.872848076072547	0.471147319640876	0	0	2	0.2	1.47448890554704	0.236954203350479	1.04307139237908	1.950082753328	0.907011360948923	0	0	3	0.1	1.05352851305079	0.158081138351592	0.755017384403302	1.38617129337627	0.631153908972973	0	0	3	0.2	2.1260838619902	0.271798658274837	1.62073787365517	2.69031062859629	1.06957275494112
403	0	0	0	0.1	0.0216176115345243	0.035160579475967	-0.0443879434430463	0.0917955061783104	0.136183449621357	0	0	0	0.2	0.0687183084563384	0.0791403054521805	-0.0793417415920334	0.231231045063655	0.310572786655688	0	0	1	0.1	0.175933326337007	0.0649480115242768	0.0559829545641432	0.31680775927436	0.260824804710216	0	0	1	0.2	0.677781740566016	0.206597851646906	0.332302318936196	1.10689251576025	0.77459019682405	0	0	2	0.1	0.712932544006256	0.138056884747902	0.465350711408879	0.986876950591019	0.52152623918214	0	0	2	0.2	1.61886700432599	0.261089556701038	1.12542162644041	2.12822256363187	1.00280093719146	0	0	3	0.1	1.09162774984133	0.166961833709647	0.77460106924996	1.42536369707677	0.650762627826806	0	0	3	0.2	2.08094837071192	0.274323128045072	1.56277578983963	2.58432923000563	1.021553440166
417	0	0	0	0.1	0.0768477122159816	0.0254411105519505	0.0289341946127487	0.126917013129431	0.0979828185166822	0	0	0	0.2	0.15312011873294	0.0668347090103793	0.0256355660005578	0.284772826988215	0.259137260987658	0	0	1	0.1	0.183569563220402	0.055033409837112	0.0859741968861089	0.297826181113396	0.211851984227287	0	0	1	0.2	0.595561785798969	0.161952578666293	0.317228690083171	0.941019584421078	0.623790894337907	0	0	2	0.1	0.615865270091981	0.117984835246414	0.409598671335959	0.886796860552172	0.477198189216213	0	0	2	0.2	1.40798839629396	0.235468261870615	0.993820309713431	1.94575848609049	0.951938176377061	0	0	3	0.1	1.01899433888417	0.167479229733512	0.737982198087237	1.40214119485892	0.664158996771685	0	0	3	0.2	1.98404459089757	0.273641693363877	1.51614928765503	2.60495538252655	1.08880609487152
399	0	0	0	0.1	0.104457225791531	0.0331074410995057	0.0382026062305855	0.171945305668347	0.133742699437762	0	0	0	0.2	0.167321024634795	0.0810744083329865	-5.7692165669534e-05	0.331280539371147	0.331338231536816	0	0	1	0.1	0.0753539180846274	0.0634888510092074	-0.0503727563662583	0.196085563591963	0.246458319958221	0	0	1	0.2	0.276391581864949	0.167902236111623	-0.0383263364534333	0.625602620208345	0.663928956661778	0	0	2	0.1	0.367973805634082	0.103957506617749	0.182058805038966	0.584547996727087	0.402489191688121	0	0	2	0.2	0.914056842877192	0.226943547378158	0.505125447696733	1.3780025657432	0.872877118046469	0	0	3	0.1	0.671151364101685	0.142284493343003	0.408169780546815	0.97103392252267	0.562864141975854	0	0	3	0.2	1.43157756124657	0.265217424228768	0.929708803036055	1.97684896655717	1.04714016352111
419	0	0	0	0.1	0.115451444789866	0.0346268975228451	0.0476701333959504	0.181395471119556	0.133725337723606	0	0	0	0.2	0.195558409628934	0.0929005547911654	0.00692013322132827	0.371567946649571	0.364647813428243	0	0	1	0.1	0.155653950226373	0.0769675548052136	0.0115106104187598	0.318623412041169	0.30711280162241	0	0	1	0.2	0.667575010352986	0.24059769476122	0.235181232028976	1.18207332445125	0.946892092422277	0	0	2	0.1	0.707818852872952	0.163332657921227	0.429734800471062	1.04771040248571	0.617975602014644	0	0	2	0.2	1.59830120451674	0.311009618014666	1.0752113674455	2.24669393215998	1.17148256471448	0	0	3	0.1	1.08902940267416	0.207034079315486	0.739586927248318	1.52720912336853	0.787622196120216	0	0	3	0.2	2.09044889893953	0.344870909315347	1.47643310888267	2.80630805179396	1.32987494291129
395	0	0	0	0.1	0.128639979526404	0.0320736243899375	0.0662275295819044	0.193676617302235	0.127449087720331	0	0	0	0.2	0.261907520267569	0.0665098003242887	0.135769879389804	0.395493834053008	0.259723954663203	0	0	1	0.1	0.158158309276802	0.0527120718613614	0.0554172307150217	0.255663279359741	0.20024604864472	0	0	1	0.2	0.402673823721331	0.133072732121311	0.147097463811462	0.662931016646019	0.515833552834557	0	0	2	0.1	0.38876928039144	0.0936600688923595	0.221546404398213	0.594164954316729	0.372618549918516	0	0	2	0.2	0.892684404985092	0.205735845522042	0.540973209323207	1.35855875309348	0.817585543770274	0	0	3	0.1	0.640367985690568	0.137476775575741	0.415306081140411	0.95407396273045	0.538767881590039	0	0	3	0.2	1.34163550452151	0.262362219313207	0.916677457657716	1.93202579490157	1.01534833724385
404	0	0	0	0.1	0.0896175252634655	0.0372187672326326	0.0180003007489516	0.162574238853243	0.144573938104292	0	0	0	0.2	0.142985117194852	0.0817171912868006	-0.0211995441193291	0.299774581482937	0.320974125602266	0	0	1	0.1	0.127877672906068	0.0683066886881796	-0.0117783131978529	0.263273406542107	0.27505171973996	0	0	1	0.2	0.479590551014137	0.186007888165405	0.123527847875522	0.842463480841195	0.718935632965673	0	0	2	0.1	0.545861843991795	0.117064266656474	0.331165032084227	0.791255347015496	0.460090314931269	0	0	2	0.2	1.33067022807515	0.234081617415078	0.859491952857885	1.81767366847734	0.958181715619459	0	0	3	0.1	0.931695991074778	0.144979156416752	0.656789640276694	1.24113373950879	0.5843440992321	0	0	3	0.2	1.90133552031211	0.247963893961673	1.41784582491567	2.3959737507151	0.978127925799432
432	0	0	0	0.1	0.129067026506088	0.0321776388002159	0.063816542976577	0.195415926023791	0.131599383047214	0	0	0	0.2	0.253317476904567	0.0810686210153583	0.102386073872825	0.417932284410252	0.315546210537427	0	0	1	0.1	0.186003165767932	0.071670064445354	0.0350998948086099	0.331753471801364	0.296653576992754	0	0	1	0.2	0.625839245532158	0.194830819003548	0.250788749532874	1.02584333781101	0.775054588278136	0	0	2	0.1	0.618710091114846	0.122787818372706	0.408904837117065	0.878347203414064	0.469442366297	0	0	2	0.2	1.4323423691189	0.230212637729238	1.01902463795933	1.91164689168456	0.892622253725231	0	0	3	0.1	0.970655982203201	0.145963857060116	0.703882992452663	1.27226522823646	0.5683822357838	0	0	3	0.2	1.91984165333641	0.245137799195303	1.47229823536488	2.42024056245668	0.947942327091808
418	0	0	0	0.1	0.138778013835613	0.0347959172988119	0.0713218350309983	0.20743089730315	0.136109062272152	0	0	0	0.2	0.288106538718301	0.0899309330193808	0.116680124537403	0.463695741505988	0.347015616968585	0	0	1	0.1	0.202355315653133	0.0677639099878784	0.0741643530829179	0.34411167065331	0.269947317570392	0	0	1	0.2	0.624350090546565	0.168537546091298	0.320742236764401	0.985023954824508	0.664281718060107	0	0	2	0.1	0.55983623646923	0.102077259843985	0.373755092708853	0.779488674289122	0.405733581580269	0	0	2	0.2	1.1928152341858	0.183566640218033	0.851197115310147	1.56534045151549	0.714143336205342	0	0	3	0.1	0.7978681073788	0.116819812562574	0.57910443782778	1.02831541052701	0.449210972699232	0	0	3	0.2	1.54569709389284	0.200063903397707	1.17402839466165	1.94991573527025	0.775887340608596
400	0	0	0	0.1	0.143108130963135	0.0318221741174613	0.0817316217298731	0.20369520680002	0.121963585070147	0	0	0	0.2	0.279984068228183	0.0832363482829809	0.108563670403957	0.445198225299477	0.33663455489552	0	0	1	0.1	0.175147008503158	0.0568022915246327	0.0644508321510364	0.297996959510835	0.233546127359799	0	0	1	0.2	0.522589918255706	0.147687340990779	0.264302220357204	0.831318056035628	0.567015835678424	0	0	2	0.1	0.541356292258645	0.104460654473344	0.360350326913429	0.768921336353092	0.408571009439663	0	0	2	0.2	1.23506934796432	0.21509880550636	0.859853549410448	1.6992841297272	0.839430580316755	0	0	3	0.1	0.895795193656798	0.14548369229135	0.638671543617983	1.21366897384387	0.57499743022589	0	0	3	0.2	1.77619331085426	0.251784275559288	1.32099136234259	2.31294862992966	0.991957267587064
398	0	0	0	0.1	0.0375180922526713	0.029872893213087	-0.0208089794104597	0.0960163438581064	0.116825323268566	0	0	0	0.2	0.12107404683896	0.0707381205055136	-0.0122356622829842	0.258644653568664	0.270880315851648	0	0	1	0.1	0.254600845017986	0.0614242147666853	0.13704756030932	0.38244305443458	0.24539549412526	0	0	1	0.2	0.8132662656615	0.182974024000168	0.487049728406447	1.22038497084583	0.73333524243938	0	0	2	0.1	0.755004965957697	0.126834655921443	0.532845426816186	1.02342044304477	0.490575016228583	0	0	2	0.2	1.7145929068172	0.246947526487056	1.26208214643971	2.22767658589935	0.965594439459637	0	0	3	0.1	1.19647403169111	0.173086647191172	0.88559271521626	1.56546968538038	0.679876970164125	0	0	3	0.2	2.34926150461838	0.291700249344835	1.80907674528963	2.92719764198855	1.11812089669892
406	0	0	0	0.1	0.077290905181199	0.0370602028144285	0.00463152033765265	0.152283242316544	0.147651721978891	0	0	0	0.2	0.147921750976851	0.0822088925039793	-0.0188878914297351	0.303915630989828	0.322803522419564	0	0	1	0.1	0.14855851884614	0.0594316436986081	0.0361823807055903	0.268958730386573	0.232776349680983	0	0	1	0.2	0.452668359441162	0.147121937221641	0.179956809647767	0.761226958965458	0.581270149317691	0	0	2	0.1	0.463301799273237	0.0940681568935958	0.294313832163007	0.668719498035453	0.374405665872446	0	0	2	0.2	1.04972549418531	0.186019465976468	0.712073341966259	1.44923330995681	0.73715996799055	0	0	3	0.1	0.698132894147227	0.113046040832549	0.503512020224242	0.934706966732415	0.431194946508173	0	0	3	0.2	1.41909452120451	0.208119028659206	1.05827043376438	1.87740555149621	0.819135117731838
402	0	0	0	0.1	0.105842880047935	0.0356008426064205	0.0373001129655421	0.179610162407644	0.142310049442102	0	0	0	0.2	0.274922450659052	0.0804908079788724	0.121465416257165	0.437021406099671	0.315555989842506	0	0	1	0.1	0.245979449806459	0.0591075185725535	0.138497276356649	0.36810858567446	0.229611309317811	0	0	1	0.2	0.676971464985067	0.154536640451066	0.400274252188498	0.993331034781639	0.593056782593142	0	0	2	0.1	0.559602806916646	0.101452573713049	0.369306936807547	0.760293459689979	0.390986522882432	0	0	2	0.2	1.2586758771215	0.208270752231542	0.853736074447849	1.6837718400678	0.830035765619949	0	0	3	0.1	0.812042682074516	0.12884752499311	0.567575685781652	1.06950318578505	0.501927500003397	0	0	3	0.2	1.67823315615953	0.247178883651453	1.21433061841692	2.1886783749184	0.97434775650148
396	0	0	0	0.1	0.105686536614787	0.029035455208707	0.0484476986022438	0.16031320545587	0.111865506853626	0	0	0	0.2	0.20609805417281	0.069587201422807	0.0718709689442919	0.352391035551814	0.280520066607522	0	0	1	0.1	0.0804526800542003	0.0613213301034245	-0.0516016856620496	0.195853053876184	0.247454739538234	0	0	1	0.2	0.270554585419518	0.142158424301638	-0.0256361081639806	0.545717330640167	0.571353438804148	0	0	2	0.1	0.347142051752789	0.0852684692817069	0.188794129690844	0.509355548561382	0.320561418870538	0	0	2	0.2	0.875679740269131	0.175220485734146	0.543020965868523	1.20103684188173	0.65801587601321	0	0	3	0.1	0.632623352566867	0.104340162000984	0.444349669272045	0.8386693921237	0.394319722851655	0	0	3	0.2	1.34185482839277	0.195975399467453	0.978050255061054	1.72756466266587	0.749514407604817
407	0	0	0	0.1	0.130752408324826	0.0350385257482456	0.0636328917627762	0.203186460505725	0.139553568742949	0	0	0	0.2	0.320613586721155	0.0865629137660446	0.169104523534962	0.504328867806961	0.335224344271999	0	0	1	0.1	0.219897059369455	0.0576895571117384	0.115205707191367	0.328413241036587	0.21320753384522	0	0	1	0.2	0.56121386679067	0.151205153541269	0.29972995871321	0.871424411571574	0.571694452858364	0	0	2	0.1	0.456220779526506	0.095303119380714	0.291636393623648	0.656311231862934	0.364674838239286	0	0	2	0.2	1.02833578991689	0.195722017516063	0.69192793246864	1.43167517003596	0.739747237567323	0	0	3	0.1	0.705898705633639	0.122927553404511	0.494596235350524	0.96106092918283	0.466464693832306	0	0	3	0.2	1.45076794505713	0.227853094566997	1.0580442517317	1.9060000319912	0.847955780259501
415	0	0	0	0.1	0.0736594574943801	0.0322262033455214	0.0131549674735922	0.138677394494753	0.125522427021161	0	0	0	0.2	0.249575571653127	0.0806359724612606	0.0994485273606368	0.414483417809417	0.31503489044878	0	0	1	0.1	0.33517049975397	0.0680251956864257	0.213752308182537	0.474765714817502	0.261013406634966	0	0	1	0.2	0.933684933613287	0.194454532407467	0.598338439943088	1.33936190199396	0.741023462050877	0	0	2	0.1	0.707679913945971	0.131411380654068	0.485886070089412	0.988791056010599	0.502904985921187	0	0	2	0.2	1.54680344637759	0.254363421845107	1.09250927092211	2.08361713466928	0.991107863747167	0	0	3	0.1	0.998060802114361	0.16515483772656	0.71558157420223	1.35343140260077	0.637849828398539	0	0	3	0.2	1.98437147459248	0.284014456772635	1.48107514933354	2.55874714461697	1.07767199528343
405	0	0	0	0.1	0.0594912426121203	0.0299743981771423	-0.000854402016332213	0.118355997914504	0.119210399930837	0	0	0	0.2	0.156374688765214	0.0786555677227739	-0.000756236922808311	0.303255765413893	0.304012002336701	0	0	1	0.1	0.213256809528599	0.0734590454812681	0.0704330638911394	0.360644097645401	0.290211033754261	0	0	1	0.2	0.715762228256149	0.21135354934008	0.327683915064262	1.16084348195107	0.833159566886805	0	0	2	0.1	0.664642541724704	0.136329385924693	0.423290398437187	0.968707005978029	0.545416607540842	0	0	2	0.2	1.52070495565397	0.254465767352256	1.06065624635455	2.04928465208229	0.988628405727746	0	0	3	0.1	1.01495758939359	0.165021736259124	0.72747850682734	1.37554138981581	0.648062882988466	0	0	3	0.2	1.99386704016032	0.268677822631578	1.48975757714632	2.56359035964324	1.07383278249692
424	0	0	0	0.1	0.105239805288252	0.0370860475730942	0.0320660984047785	0.17520438427636	0.143138285871582	0	0	0	0.2	0.207513808607628	0.0872198840304968	0.0308726457658464	0.371659838772311	0.340787193006464	0	0	1	0.1	0.17559899496557	0.068997438366755	0.0397269522023514	0.315086603935314	0.275359651732962	0	0	1	0.2	0.632592401523923	0.205137416608846	0.264757850506365	1.04854903666316	0.783791186156797	0	0	2	0.1	0.628619965720332	0.137591715927909	0.377970775939418	0.90864143456636	0.530670658626942	0	0	2	0.2	1.51173289162853	0.275044131530131	0.953479084143919	2.05410828059177	1.10062919644785	0	0	3	0.1	0.99199819688218	0.167850328003231	0.669124326732028	1.33219873310288	0.663074406370852	0	0	3	0.2	2.02097108195605	0.292763357581077	1.43909738308061	2.5824183294125	1.14332094633189
423	0	0	0	0.1	0.0875728904651214	0.0300218758115811	0.0289660967904415	0.148147083153471	0.11918098636303	0	0	0	0.2	0.175867161876885	0.0706279958259328	0.0439432386319278	0.317271428005753	0.273328189373826	0	0	1	0.1	0.204871445890365	0.0686055483251118	0.085621945262697	0.346956069023198	0.261334123760501	0	0	1	0.2	0.690946276815713	0.186273694861544	0.360647461748443	1.07965993876314	0.719012477014698	0	0	2	0.1	0.686911393149584	0.120121414055908	0.46814189559145	0.922988728317669	0.454846832726219	0	0	2	0.2	1.53756199650664	0.232365957829044	1.09123426491086	1.98625931508023	0.895025050169369	0	0	3	0.1	1.04300362548984	0.160331187421972	0.72095571434029	1.35094602496542	0.629990310625126	0	0	3	0.2	1.99266327888323	0.271304825372789	1.45308091618583	2.52207925934672	1.06899834316089
416	0	0	0	0.1	0.140958550252811	0.0317304869354274	0.0806612692738465	0.204313014004602	0.123651744730756	0	0	0	0.2	0.278037468644867	0.0734101771760192	0.139549027883654	0.428423283058351	0.288874255174697	0	0	1	0.1	0.133892201234584	0.0584367201880713	0.0221066668714089	0.246193267517643	0.224086600646234	0	0	1	0.2	0.407759048700427	0.148213494318593	0.14027847760028	0.708813873113223	0.568535395512943	0	0	2	0.1	0.404504409268751	0.0880330547856751	0.24329888355399	0.589889240534718	0.346590356980728	0	0	2	0.2	0.943670699721415	0.175120464101679	0.612911251982212	1.28545545408374	0.672544202101526	0	0	3	0.1	0.646929731958247	0.106006969208634	0.447077793331786	0.866813647374888	0.419735854043103	0	0	3	0.2	1.33355479467008	0.196782326822382	0.961194892486808	1.7217808484982	0.76058595601139
449	0	0	0	0.1	0.127581382192644	0.0286856800877655	0.0695411619262581	0.181477826703704	0.111936664777446	0	0	0	0.2	0.220029432263606	0.0706730732588811	0.0775711822679633	0.359677451030532	0.282106268762568	0	0	1	0.1	0.105399609715292	0.0582308955916338	-0.0105249913498847	0.221932442470379	0.232457433820263	0	0	1	0.2	0.397442034490331	0.164771756859597	0.0861554844013375	0.731983469292074	0.645827984890737	0	0	2	0.1	0.488915110694871	0.130630834341198	0.241222575878804	0.754602663692759	0.513380087813954	0	0	2	0.2	1.21752568235583	0.275639827065902	0.698928989051036	1.74280269344442	1.04387370439338	0	0	3	0.1	0.867668912710367	0.179996925185526	0.553563933742848	1.23836488781141	0.684800954068562	0	0	3	0.2	1.81098428763804	0.312450123039915	1.22699032332246	2.42373925368618	1.19674893036372
411	0	0	0	0.1	0.107211774651883	0.0294798210769642	0.0479256700336048	0.167524118973316	0.119598448939711	0	0	0	0.2	0.221391923530397	0.0702731440692742	0.0872493997518856	0.368198812249029	0.280949412497143	0	0	1	0.1	0.180127232074766	0.0571857539122176	0.0583752226710303	0.290378024645711	0.23200280197468	0	0	1	0.2	0.515994738370023	0.144096693445707	0.227861367409622	0.786264515007214	0.558403147597592	0	0	2	0.1	0.494616399459286	0.0879984559530588	0.32762220471433	0.669358840505173	0.341736635790843	0	0	2	0.2	1.10477496064986	0.170431398514709	0.788979115591185	1.44336926584484	0.654390150253656	0	0	3	0.1	0.767838403143535	0.108231758345178	0.573425958234212	0.985764898717378	0.412338940483167	0	0	3	0.2	1.51696848667729	0.19074706456217	1.17280253139422	1.9121104888593	0.739307957465075
410	0	0	0	0.1	0.136070235050749	0.0306534518732486	0.0765695933390873	0.199791352118065	0.123221758778978	0	0	0	0.2	0.283121992053196	0.072829731841229	0.14793737589043	0.426890063958973	0.278952688068543	0	0	1	0.1	0.178614949580479	0.0677373125707562	0.0514071525620669	0.311218914806148	0.259811762244081	0	0	1	0.2	0.657060931083607	0.195535348369911	0.307938083712321	1.07722927841571	0.769291194703391	0	0	2	0.1	0.695217289727314	0.13100546303739	0.45976485743038	0.978428757320231	0.51866389988985	0	0	2	0.2	1.64503688302001	0.244938401028753	1.17440754138278	2.15217716581524	0.977769624432467	0	0	3	0.1	1.16967064446241	0.17071217135916	0.858003069041091	1.53782359131915	0.679820522278056	0	0	3	0.2	2.31221335990259	0.280811282876471	1.75599753470146	2.88382875252229	1.12783121782083
441	0	0	0	0.1	0.101386714898579	0.0334707231525737	0.0322139273061669	0.167209526113073	0.134995598806906	0	0	0	0.2	0.129255450878608	0.0795525978099235	-0.0347996424154985	0.281592945352906	0.316392587768404	0	0	1	0.1	0.0567519996524468	0.0629878610641035	-0.0692459597902675	0.174689957391385	0.243935917181652	0	0	1	0.2	0.263593609657726	0.155463760099668	-0.0424475850308246	0.573624778703254	0.616072363734079	0	0	2	0.1	0.38502410164478	0.0959709097563092	0.215496911898149	0.585291701030119	0.36979478913197	0	0	2	0.2	0.990983649922084	0.202507264781145	0.635135345575491	1.42186704032202	0.786731694746529	0	0	3	0.1	0.731458060481219	0.126788182813196	0.51382182634776	1.01121913650957	0.497397310161813	0	0	3	0.2	1.58394825513188	0.24222134626121	1.14543556462516	2.10085006249964	0.955414497874478
427	0	0	0	0.1	0.0398964986879245	0.0279192988222455	-0.0142016999180738	0.0949273498416501	0.109129049759724	0	0	0	0.2	0.0767726459439456	0.0707373535824837	-0.0602692462055744	0.215330876715884	0.275600122921458	0	0	1	0.1	0.180136511833589	0.0576001905446012	0.0705801172066771	0.300548707220927	0.22996859001425	0	0	1	0.2	0.615606920067923	0.165034087975558	0.318701210757961	0.978434282007471	0.65973307124951	0	0	2	0.1	0.600473694827029	0.107672679718055	0.408345315194517	0.834623269926912	0.426277954732395	0	0	2	0.2	1.39977401848171	0.216556164866665	1.01119143932604	1.86995039089677	0.858758951570729	0	0	3	0.1	0.921851827616146	0.135497371314241	0.679067360410697	1.21246090695264	0.533393546541939	0	0	3	0.2	1.85338097622426	0.238973375065915	1.41364297538381	2.354397619884	0.940754644500184
408	0	0	0	0.1	0.0834418572122896	0.0351358826425131	0.017159707011679	0.154940053146059	0.13778034613438	0	0	0	0.2	0.204019843738435	0.087812062182963	0.0542580264419259	0.395437136911501	0.341179110469575	0	0	1	0.1	0.243034513500463	0.0660808283869426	0.120429163513789	0.367530718452911	0.247101554939122	0	0	1	0.2	0.709706856980574	0.172077477036778	0.388523434844765	1.0463933465525	0.657869911707734	0	0	2	0.1	0.611135442837801	0.115434304817376	0.381950641732594	0.839230869143045	0.457280227410451	0	0	2	0.2	1.30030271524108	0.228139788719595	0.838917509129192	1.75401596264031	0.915098453511117	0	0	3	0.1	0.834401818747823	0.142039071380247	0.563475325032868	1.12585009236771	0.562374767334837	0	0	3	0.2	1.60829835093832	0.255910562530745	1.10553639476382	2.13639816896247	1.03086177419866
442	0	0	0	0.1	0.0871832772496141	0.0325748423692413	0.019136383669351	0.147239412126207	0.128103028456856	0	0	0	0.2	0.136293928125101	0.0842160479161363	-0.0337783871157232	0.295419598905473	0.329197986021197	0	0	1	0.1	0.110374441965522	0.0760038335401066	-0.0362893623543559	0.260438282296587	0.296727644650943	0	0	1	0.2	0.487681936412585	0.213547109053478	0.0906661141039583	0.917019286214148	0.82635317211019	0	0	2	0.1	0.580301266030855	0.134934777785773	0.306825475410443	0.850877609602675	0.544052134192232	0	0	2	0.2	1.38535096125314	0.266653679197371	0.83961046242441	1.90923766436409	1.06962720193968	0	0	3	0.1	0.954693772871844	0.164865382044375	0.629337474208247	1.29727543376809	0.667937959559838	0	0	3	0.2	1.9124443151036	0.290192992392626	1.32740145158942	2.4918003094329	1.16439885784349
438	0	0	0	0.1	0.054384334396866	0.0307498799040069	-0.00654173850104417	0.110358320513091	0.116900059014135	0	0	0	0.2	0.108396741367088	0.0746004270257844	-0.0374770401751118	0.2550476796411	0.292524719816211	0	0	1	0.1	0.112323546107594	0.0693908805238904	-0.0273571350103811	0.256942919289689	0.28430005430007	0	0	1	0.2	0.498161395762802	0.213392384252633	0.150948483462497	0.976055770512565	0.825107287050068	0	0	2	0.1	0.583983958061522	0.152671463429231	0.337242055851238	0.935871612839524	0.598629556988286	0	0	2	0.2	1.46304413389783	0.298858709997101	0.932055397981665	2.13216359275506	1.2001081947734	0	0	3	0.1	1.05283176962038	0.197126465481366	0.708853103174544	1.49346918222504	0.784616079050498	0	0	3	0.2	2.11640098300895	0.318558325431964	1.55003231949076	2.81651668935481	1.26648436986405
461	0	0	0	0.1	0.0671237882144873	0.0326685278829973	0.00403824228778225	0.127681344761499	0.123643102473717	0	0	0	0.2	0.141098947847958	0.0759260227093581	-0.00482380553036325	0.288735474697518	0.293559280227881	0	0	1	0.1	0.217814555038181	0.060333871762212	0.106955817470262	0.349894381771133	0.242938564300871	0	0	1	0.2	0.747118656245811	0.173507914320467	0.450280338422183	1.14717549732388	0.696895158901696	0	0	2	0.1	0.718480311633214	0.121283230681092	0.511338474860957	0.987101310546236	0.475762835685279	0	0	2	0.2	1.60188514108625	0.238400952681493	1.1788526830065	2.10445858551186	0.92560590250536	0	0	3	0.1	1.06702416525846	0.164868000871746	0.761299244996003	1.40726732394294	0.645968078946937	0	0	3	0.2	2.10537584582652	0.289228484186718	1.55846919073489	2.72168107080772	1.16321188007284
465	0	0	0	0.1	0.0292220901885574	0.0322749339666739	-0.0376610015387409	0.0921890903409327	0.129850091879674	0	0	0	0.2	0.0866434100218929	0.0866836137992854	-0.0738535401365589	0.269063169567092	0.342916709703651	0	0	1	0.1	0.236313588904687	0.0750951614027307	0.0925993100039549	0.393228863766923	0.300629553762968	0	0	1	0.2	0.762938377156714	0.187091502210305	0.392139356533643	1.13864037935522	0.746501022821575	0	0	2	0.1	0.653324357140578	0.107265863466069	0.458891559449841	0.882957034226243	0.424065474776402	0	0	2	0.2	1.39345738648798	0.187758128394506	1.04918677484083	1.771707083686	0.722520308845171	0	0	3	0.1	0.88786426279859	0.113780931450154	0.683050150504512	1.1271303379346	0.44408018743009	0	0	3	0.2	1.73105665153626	0.196548753981373	1.37431106529665	2.15134319346184	0.777032128165194
413	0	0	0	0.1	0.0673173190522395	0.029595976914698	0.00459906824242739	0.122517029416739	0.117917961174312	0	0	0	0.2	0.122639502853711	0.0686878265718739	-0.0181699489752301	0.256453703428688	0.274623652403918	0	0	1	0.1	0.168518158620128	0.0578285938867313	0.0595787224752826	0.290931848071015	0.231353125595732	0	0	1	0.2	0.694831295786859	0.19632113984195	0.338929124483883	1.10393106148695	0.765001937003071	0	0	2	0.1	0.765399612372647	0.135567640060107	0.510494544587508	1.0377468506333	0.527252306045792	0	0	2	0.2	1.77378129657624	0.243838571202342	1.28354279174734	2.23157856561825	0.948035773870911	0	0	3	0.1	1.19894066946676	0.163613138446551	0.889059337106234	1.50368192491718	0.614622587810946	0	0	3	0.2	2.27141116429817	0.263654259579276	1.7489393282773	2.78781159037342	1.03887226209612
462	0	0	0	0.1	0.102798806515185	0.030426837006167	0.0442395128352334	0.164114125887571	0.119874613052338	0	0	0	0.2	0.254192461668148	0.0775590117683772	0.116454810883518	0.421591972119748	0.30513716123623	0	0	1	0.1	0.214908723309516	0.0563262500743488	0.111544441057295	0.328070407650704	0.216525966593409	0	0	1	0.2	0.597104790054614	0.149620128667525	0.319317919072214	0.898343827637272	0.579025908565059	0	0	2	0.1	0.508246318112448	0.0944805743403475	0.325287475805355	0.70111610588455	0.375828630079195	0	0	2	0.2	1.16353138496819	0.192861642421728	0.79460566494341	1.56451086855227	0.76990520360886	0	0	3	0.1	0.776213261702236	0.118834804380617	0.555166402052331	1.01809315295836	0.462926750906031	0	0	3	0.2	1.58616609443872	0.217223388985617	1.17919030035875	2.02989757237839	0.850707272019642
433	0	0	0	0.1	0.148517426779147	0.0360948152465492	0.081064107610284	0.219718721199417	0.138654613589133	0	0	0	0.2	0.342344006817697	0.0960003496774892	0.17060659738767	0.542148726643108	0.371542129255437	0	0	1	0.1	0.268161660628129	0.0690243394201892	0.138055691891473	0.409995801249485	0.271940109358011	0	0	1	0.2	0.799688582825797	0.17937904539791	0.477588165190012	1.14918589523536	0.671597730045347	0	0	2	0.1	0.665124760820732	0.106295684706501	0.462868171125212	0.879766962204236	0.416898791079024	0	0	2	0.2	1.39939354171836	0.193307479507971	1.02039541737823	1.79506346652707	0.774668049148838	0	0	3	0.1	0.89376235238748	0.121910386163951	0.66960597722358	1.1476699440579	0.478063966834322	0	0	3	0.2	1.70140937540739	0.210859540220885	1.31641508424446	2.1397527313964	0.82333764715195
426	0	0	0	0.1	0.108647967131235	0.0278123449935809	0.0590722201887495	0.163561747777969	0.10448952758922	0	0	0	0.2	0.209176045275694	0.0631659456809838	0.0846151364794099	0.3298770607036	0.24526192422419	0	0	1	0.1	0.122702221647644	0.0622608004037148	-0.000922700241582876	0.245493388981071	0.246416089222653	0	0	1	0.2	0.390467756711808	0.16244723145242	0.073456299273943	0.735723824533512	0.662267525259569	0	0	2	0.1	0.427380352005921	0.104509673089065	0.21708864301055	0.650804602053171	0.433715959042621	0	0	2	0.2	1.03850408160868	0.217892767956056	0.652455014571358	1.48627569024673	0.833820675675373	0	0	3	0.1	0.722382021164397	0.138594835584695	0.48289092257368	1.00922437762455	0.52633345505087	0	0	3	0.2	1.51167970571518	0.25988827978254	1.04788483812953	2.02771430063887	0.979829462509342
414	0	0	0	0.1	0.0811656431468417	0.0326756799998148	0.0211010612700235	0.143978220111509	0.122877158841485	0	0	0	0.2	0.177828783689761	0.0776857308775543	0.0231004646978686	0.332706140707154	0.309605676009285	0	0	1	0.1	0.233980380860868	0.062238249953078	0.12645926761308	0.365675372574258	0.239216104961178	0	0	1	0.2	0.830106891850093	0.191471941815615	0.48759345733254	1.29120421188815	0.803610754555605	0	0	2	0.1	0.818022502529307	0.125689515021106	0.596275136582823	1.09643190433818	0.500156767755354	0	0	2	0.2	1.78131022569422	0.225717666943151	1.38192736919759	2.23354716282286	0.851619793625275	0	0	3	0.1	1.19076668574742	0.152275760662299	0.928147336321544	1.51907810469881	0.590930768377268	0	0	3	0.2	2.22159182892518	0.248604923955577	1.78929483921822	2.75500357336475	0.965708734146531
420	0	0	0	0.1	0.118250358023147	0.0319757572430442	0.0591113082992431	0.178624780075059	0.119513471775816	0	0	0	0.2	0.320295059684003	0.0839059113750045	0.164503223602636	0.488783919011766	0.324280695409131	0	0	1	0.1	0.2322880780332	0.0664513993690463	0.11084429427196	0.363349833394869	0.252505539122909	0	0	1	0.2	0.625028861590812	0.182829307406208	0.289923232767778	1.02005567431788	0.730132441550104	0	0	2	0.1	0.497194970997658	0.111847080214781	0.293129427719654	0.725133705090005	0.432004277370351	0	0	2	0.2	1.1688658804277	0.221635269059442	0.757410969414417	1.61748246423401	0.860071494819597	0	0	3	0.1	0.82138772402455	0.138540909594235	0.556287464593038	1.104397669397	0.548110204803965	0	0	3	0.2	1.70206487053644	0.244965353206494	1.21738498039542	2.19392347800064	0.976538497605218
477	0	0	0	0.1	0.0740888168784257	0.0307766030135452	0.0140443888542235	0.136376105653009	0.122331716798785	0	0	0	0.2	0.184249988964239	0.0728948706361498	0.0474394937356891	0.337206344828228	0.289766851092539	0	0	1	0.1	0.17186663600866	0.0562821035660547	0.0722184622535907	0.285185259350826	0.212966797097235	0	0	1	0.2	0.557406266810812	0.160356522516557	0.27209534701035	0.883931599725089	0.611836252714739	0	0	2	0.1	0.543855551489638	0.1107582230753	0.344091443091442	0.775593760847325	0.431502317755883	0	0	2	0.2	1.3419000626466	0.229704520298131	0.91211982251746	1.77676356246313	0.86464373994567	0	0	3	0.1	0.913539031011501	0.146835426786245	0.646593627646402	1.21046065930474	0.563867031658339	0	0	3	0.2	1.90689976772039	0.260079431339549	1.40144214972123	2.45692659669916	1.05548444697794
504	0	0	0	0.1	0.0959551628867659	0.0319753013675107	0.0337848885921683	0.159605685431784	0.125820796839616	0	0	0	0.2	0.194678939723706	0.075801316865849	0.0523888650972865	0.339250692650294	0.286861827553008	0	0	1	0.1	0.110319845393654	0.0574756562970176	-0.00160727680525293	0.227057217558387	0.22866449436364	0	0	1	0.2	0.254961201988521	0.145519772167434	-0.0261074302255451	0.550733031826509	0.576840462052054	0	0	2	0.1	0.276042714127647	0.0972749955041943	0.090230378837153	0.469040916018422	0.378810537181269	0	0	2	0.2	0.69728481760292	0.205792028216687	0.302318879224004	1.09762255061175	0.795303671387744	0	0	3	0.1	0.535595152809246	0.127084729313807	0.291514040968242	0.789891766763987	0.498377725795745	0	0	3	0.2	1.16283666410331	0.248347634080164	0.669891321297265	1.67653188876043	1.00664056746316
481	0	0	0	0.1	0.108817862082587	0.0318141846403929	0.0482308571608956	0.173054106347492	0.124823249186597	0	0	0	0.2	0.20763534539942	0.0818751937105657	0.0516324509301512	0.371302418062758	0.319669967132606	0	0	1	0.1	0.159023188515103	0.0683692602652315	0.0247497435012325	0.291880492324861	0.267130748823629	0	0	1	0.2	0.512789874999692	0.176344673362272	0.18142268211995	0.859914561589035	0.678491879469086	0	0	2	0.1	0.492643697631391	0.11402307709979	0.287753121305715	0.74376676206225	0.456013640756535	0	0	2	0.2	1.12436108575207	0.229052161550018	0.692009864639479	1.60880697495658	0.916797110317101	0	0	3	0.1	0.766478834970722	0.144985954160534	0.498871970340122	1.07265040738299	0.573778437042864	0	0	3	0.2	1.55758156214299	0.256489153627382	1.07782549168899	2.07617962680962	0.998354135120633
480	0	0	0	0.1	0.0370682786020035	0.0318345779746301	-0.0232818983174692	0.0988154658139157	0.122097364131385	0	0	0	0.2	0.104613092515552	0.0712112903218443	-0.0318692099675779	0.243802122943895	0.275671332911473	0	0	1	0.1	0.195441068004113	0.065517122905877	0.068071481275493	0.326180832733986	0.258109351458492	0	0	1	0.2	0.722217184803617	0.19265008901994	0.370422818803916	1.12525828312244	0.754835464318521	0	0	2	0.1	0.711062857560412	0.122300990314361	0.484290221336238	0.952144427119105	0.467854205782867	0	0	2	0.2	1.62776976150734	0.223838897926012	1.20259792033976	2.07608864793226	0.873490727592499	0	0	3	0.1	1.12158306670997	0.149455675399747	0.840716997766939	1.43146463245355	0.590747634686613	0	0	3	0.2	2.16880380977277	0.250855862636099	1.70353883119306	2.6865615581514	0.983022726958346
439	0	0	0	0.1	0.0969885331282542	0.0338866650654432	0.0348000757847809	0.162787406705025	0.127987330920244	0	0	0	0.2	0.235655691956495	0.0812955165079925	0.0831201486162922	0.406048889321745	0.322928740705453	0	0	1	0.1	0.230762979349716	0.0655691434480583	0.105780890864339	0.366517733872022	0.260736843007683	0	0	1	0.2	0.850952440875551	0.208270616455239	0.468518515918033	1.27844863475019	0.809930118832153	0	0	2	0.1	0.798839009183567	0.142949765899526	0.537966855079627	1.08297091512411	0.545004060044481	0	0	2	0.2	1.77023935699048	0.254224592113286	1.29369052501898	2.29434129430101	1.00065076928203	0	0	3	0.1	1.2021457672405	0.174633343185607	0.889685347760261	1.5726341403395	0.682948792579242	0	0	3	0.2	2.29626490074544	0.28771030088746	1.76854044615657	2.90059644238854	1.13205599623197
412	0	0	0	0.1	0.103118989765357	0.0326065222504606	0.0401016565371868	0.170863319418212	0.130761662881025	0	0	0	0.2	0.280993982104375	0.084306816761086	0.131896794050629	0.459022825119946	0.327126031069317	0	0	1	0.1	0.282010370941351	0.0610647767371847	0.162156632527517	0.402114419395695	0.239957786868178	0	0	1	0.2	0.8109616255602	0.159139938088633	0.523650209037901	1.15612687342286	0.632476664384958	0	0	2	0.1	0.670631287445356	0.115677721018463	0.45073541872474	0.917820413233189	0.467084994508449	0	0	2	0.2	1.47939770310441	0.240252708437825	1.05979659067004	1.96922889899002	0.909432308319976	0	0	3	0.1	0.995377920650708	0.172684602923399	0.698121807901442	1.37217801450184	0.674056206600401	0	0	3	0.2	1.9314720351587	0.300350428606667	1.40371487657594	2.55463265291509	1.15091777633915
456	0	0	0	0.1	0.158911098990548	0.0403136475346336	0.0827766642525555	0.233498171330175	0.15072150707762	0	0	0	0.2	0.414228819978373	0.103307137176536	0.234052977424778	0.629312125176765	0.395259147751986	0	0	1	0.1	0.242756501786285	0.0625485373766804	0.127652574863557	0.374164785019827	0.24651221015627	0	0	1	0.2	0.643216037211078	0.150540945842751	0.366798946028363	0.96287489597773	0.596075949949367	0	0	2	0.1	0.480990472323185	0.0869197083936639	0.319247529478792	0.673552130309219	0.354304600830427	0	0	2	0.2	1.07283545475226	0.17126603990588	0.761509952001309	1.43224534331159	0.670735391310278	0	0	3	0.1	0.686605023430312	0.10204187703835	0.500196722802218	0.909598877254496	0.409402154452278	0	0	3	0.2	1.40105365830803	0.190715796976648	1.05469414073919	1.80386430608038	0.749170165341191
428	0	0	0	0.1	0.0870470345767211	0.028069843954348	0.0341141489307751	0.14533154766727	0.111217398736495	0	0	0	0.2	0.248373328701565	0.0707772176010114	0.122897562014132	0.405215101006445	0.282317538992313	0	0	1	0.1	0.255050484735932	0.0595407020228071	0.152693202028244	0.382383842019431	0.229690639991187	0	0	1	0.2	0.741909113612477	0.178852702704899	0.455567242058378	1.14833933425618	0.692772092197806	0	0	2	0.1	0.63348530009348	0.115838087968986	0.445905782651424	0.894859869780934	0.448954087129511	0	0	2	0.2	1.46169160542471	0.227164375751399	1.08241224629971	1.95967928209997	0.877267035800257	0	0	3	0.1	0.969951446767989	0.141944706860316	0.725347843634287	1.28599487559083	0.560647031956541	0	0	3	0.2	1.94350058000152	0.243036383961537	1.51596894280438	2.44377654024296	0.927807597438587
467	0	0	0	0.1	0.129555182168231	0.0312141517327853	0.073816352246696	0.194121746088551	0.120305393841855	0	0	0	0.2	0.287096639129422	0.0833306614027541	0.136193104633457	0.467534755965848	0.33134165133239	0	0	1	0.1	0.216313407762368	0.0643270713950786	0.0967943128764875	0.346285197006135	0.249490884129648	0	0	1	0.2	0.795316664277825	0.193873650132491	0.441449387382676	1.19892173905203	0.75747235166935	0	0	2	0.1	0.759236835541003	0.133561599736762	0.508454016009538	1.04989078303364	0.541436767024107	0	0	2	0.2	1.6747646292198	0.234060793896615	1.21938163979775	2.16587283360838	0.946491193810631	0	0	3	0.1	1.1909948988298	0.164734536604991	0.892632610235156	1.5295631548837	0.63693054464854	0	0	3	0.2	2.21523215566699	0.253586996752384	1.74593947662821	2.73056540217499	0.984625925546775
464	0	0	0	0.1	0.0840749144299322	0.0287838567346578	0.0307265716998028	0.141053735865897	0.110327164166095	0	0	0	0.2	0.180159825648417	0.0733104616449465	0.0378986787130587	0.325448742347767	0.287550063634709	0	0	1	0.1	0.168876950792373	0.0581978143186784	0.057155624805629	0.282242046443478	0.225086421637849	0	0	1	0.2	0.529253072291681	0.159933462574061	0.237067245859531	0.860518664402945	0.623451418543414	0	0	2	0.1	0.536164362515686	0.117616532482724	0.316515336787531	0.767182887732309	0.450667550944777	0	0	2	0.2	1.26776731659494	0.248996220804205	0.78372809280676	1.74195036090676	0.958222268099997	0	0	3	0.1	0.879103509209072	0.159540984160369	0.566300087288916	1.18981318760016	0.623513100311246	0	0	3	0.2	1.76728682402619	0.28311842209997	1.21253609305341	2.30696412711234	1.09442803405894
429	0	0	0	0.1	0.124883000666705	0.0325543664065947	0.0639481191380358	0.192460309149558	0.128512190011522	0	0	0	0.2	0.242238190471299	0.0698713803203281	0.115442806128967	0.397455704847636	0.282012898718669	0	0	1	0.1	0.192711082776905	0.0517618442168015	0.0988342611623298	0.299346545350025	0.200512284187695	0	0	1	0.2	0.567919811592019	0.147405457427836	0.306387094617431	0.89746208356502	0.591074988947588	0	0	2	0.1	0.562054329097123	0.108560647103278	0.376507312191331	0.795563665970523	0.419056353779192	0	0	2	0.2	1.35360090465736	0.243491283918022	0.923676629825662	1.87158639800669	0.947909768181032	0	0	3	0.1	0.925936076405438	0.16077155695368	0.638261794465936	1.27264726711841	0.63438547265247	0	0	3	0.2	1.909275211799	0.29646814925491	1.36577327605608	2.54948710434145	1.18371382828537
425	0	0	0	0.1	0.157845386547074	0.035237530531362	0.0858858978255213	0.224257254471784	0.138371356646263	0	0	0	0.2	0.294019188952296	0.088634331750429	0.123135377077174	0.482015815803294	0.35888043872612	0	0	1	0.1	0.140812321994765	0.0795291139756847	-0.011476524587238	0.30888341244408	0.320359937031318	0	0	1	0.2	0.483407770229562	0.215922385282767	0.0921995850257362	0.965412405669325	0.873212820643589	0	0	2	0.1	0.509104473407903	0.138058957427584	0.250079057109457	0.805199292730894	0.555120235621436	0	0	2	0.2	1.16335405088635	0.263284061325472	0.665886524253872	1.68047381165838	1.01458728740451	0	0	3	0.1	0.794650479599004	0.163951268433857	0.493472560761896	1.12813398282937	0.634661422067475	0	0	3	0.2	1.59784255944979	0.287459376703147	1.05399140205761	2.17434868028897	1.12035727823137
453	0	0	0	0.1	0.107414695614528	0.0309729799592435	0.0499185074678002	0.167693593599649	0.117775086131849	0	0	0	0.2	0.241869635671753	0.0756760440329984	0.09830503002665	0.394461543747151	0.296156513720501	0	0	1	0.1	0.172417843592855	0.0677113473269726	0.039876003450257	0.303656204153089	0.263780200702832	0	0	1	0.2	0.568695084701065	0.191528340840674	0.222031571743943	0.965247208996395	0.743215637252452	0	0	2	0.1	0.553808985211272	0.127067120019117	0.343734133531021	0.846464586696439	0.502730453165418	0	0	2	0.2	1.29948000732007	0.249296935799423	0.873882356798291	1.85653423174535	0.982651874947059	0	0	3	0.1	0.902577078728014	0.15953944973662	0.644033337869039	1.26899470849417	0.624961370625134	0	0	3	0.2	1.80261607875282	0.267058591492372	1.34190526808938	2.41330838535598	1.0714031172666
452	0	0	0	0.1	0.077793261084872	0.0324291220412474	0.0145926035632008	0.141106783029486	0.126514179466286	0	0	0	0.2	0.242642543154277	0.0885425043801745	0.0787702692704508	0.437429907514442	0.358659638243992	0	0	1	0.1	0.332923741078235	0.085363384858929	0.179101671898527	0.503864319134138	0.324762647235611	0	0	1	0.2	1.05793374618891	0.250061254031807	0.59716451991899	1.53778372207304	0.940619202154045	0	0	2	0.1	0.831382999541007	0.156215814397751	0.512167762497403	1.13287727137222	0.620709508874818	0	0	2	0.2	1.78648114002682	0.277522580097499	1.17777039387474	2.29006899149118	1.11229859761644	0	0	3	0.1	1.14274887637092	0.17569500579749	0.764513707498322	1.47837231898874	0.713858611490422	0	0	3	0.2	2.16655773141345	0.282337059039891	1.56442493503527	2.68791389303448	1.12348895799921
430	0	0	0	0.1	0.117346493729219	0.0362228875337696	0.0490457176524587	0.192398860770285	0.143353143117826	0	0	0	0.2	0.185217527200524	0.0888566479926204	0.0148386180297471	0.366126990380506	0.351288372350759	0	0	1	0.1	0.0795848857290872	0.0627430705670947	-0.0440050314357392	0.203769268045653	0.247774299481392	0	0	1	0.2	0.293553989411894	0.16149459815974	-0.0130898977734739	0.61611275356678	0.629202651340254	0	0	2	0.1	0.426692149136992	0.110766989038798	0.222328121509371	0.645360379523315	0.423032258013944	0	0	2	0.2	1.08770639326124	0.234644574151021	0.631334983507292	1.55483142969108	0.923496446183786	0	0	3	0.1	0.850029409999126	0.158618049527998	0.555005700686861	1.19520113086606	0.640195430179201	0	0	3	0.2	1.76924179407224	0.275823957504819	1.23406147306562	2.31081905307821	1.07675758001259
434	0	0	0	0.1	0.0885121829863892	0.0337910253262881	0.0243281761598839	0.156436506092309	0.132108329932425	0	0	0	0.2	0.169655814597022	0.0781379130348337	0.0201682666936436	0.326799347148816	0.306631080455172	0	0	1	0.1	0.0854438056604241	0.0596510516816994	-0.0308859209468151	0.201612721534626	0.232498642481441	0	0	1	0.2	0.296221305606858	0.145439746395768	0.0225578492020625	0.582933086322559	0.560375237120497	0	0	2	0.1	0.342766882776405	0.084508800908546	0.189874363269053	0.507541210351003	0.31766684708195	0	0	2	0.2	0.837786221120399	0.174851432199414	0.515651232402287	1.18460311202664	0.668951879624349	0	0	3	0.1	0.578399729121429	0.100933061957321	0.39548123869047	0.784409091479109	0.388927852788639	0	0	3	0.2	1.23062989091758	0.191827482939755	0.871746188014381	1.62097552218706	0.749229334172674
478	0	0	0	0.1	0.117445890830734	0.0320028574742339	0.0559604796540972	0.178650553170249	0.122690073516152	0	0	0	0.2	0.281011208735039	0.0833442079129709	0.119541137751414	0.448811358279085	0.329270220527671	0	0	1	0.1	0.261284801466271	0.0645284772781736	0.138407856676892	0.394168910251451	0.255761053574559	0	0	1	0.2	0.817558873389799	0.187948495067562	0.476773590690068	1.20584044231099	0.729066851620918	0	0	2	0.1	0.716376681380713	0.130463677746969	0.476094010133692	0.968565911014859	0.492471900881167	0	0	2	0.2	1.62338848254978	0.247845408666541	1.15416699394264	2.10893699721938	0.954770003276743	0	0	3	0.1	1.10601023871822	0.168240120322476	0.798338383789482	1.43742577919311	0.639087395403624	0	0	3	0.2	2.18063467631021	0.275275636207716	1.68290809345653	2.72130916452515	1.03840107106862
469	0	0	0	0.1	0.06200144322724	0.0366595349401813	-0.00756562492535063	0.134856339148074	0.142421964073425	0	0	0	0.2	0.160507855076405	0.0841751691652467	-0.00235828206030776	0.316292585832008	0.318650867892316	0	0	1	0.1	0.264414909948592	0.0932545859554706	0.0984794967846367	0.441897689225504	0.343418192440867	0	0	1	0.2	0.908301456817274	0.283946624328895	0.384796132401802	1.43611290940577	1.05131677700396	0	0	2	0.1	0.785952484459939	0.193226662361783	0.424050187816612	1.1268839325656	0.702833744748984	0	0	2	0.2	1.64793813316856	0.330271243630409	1.01461224719894	2.22421589855843	1.20960365135949	0	0	3	0.1	1.09343644405416	0.207632706605694	0.693934404148703	1.45126264269568	0.757328238546977	0	0	3	0.2	2.03215466190248	0.310275853275065	1.44740659607897	2.60540445806873	1.15799786198977
431	0	0	0	0.1	0.0884701789119966	0.0288549897043001	0.0339625428591182	0.142358647324116	0.108396104464998	0	0	0	0.2	0.215221657066185	0.0725143984254781	0.0799984280105307	0.358537074206013	0.278538646195483	0	0	1	0.1	0.243350463724854	0.0693515873247207	0.104298040902174	0.373806849494277	0.269508808592103	0	0	1	0.2	0.741804128661451	0.203035622615263	0.332601426956414	1.1124827231308	0.779881296174389	0	0	2	0.1	0.655607104241483	0.130623108600429	0.38699639438151	0.90510305380836	0.518106659426849	0	0	2	0.2	1.46152728873357	0.243135826125467	0.932328575688272	1.89113419681066	0.958805621122385	0	0	3	0.1	0.976768006999725	0.151897484781446	0.670095741284223	1.26353696887864	0.593441227594418	0	0	3	0.2	1.88792540922004	0.24786064667599	1.39248393294528	2.3574179774321	0.964934044486818
421	0	0	0	0.1	0.090994625851476	0.0316186514012256	0.026702367682689	0.149245093552308	0.122542725869619	0	0	0	0.2	0.160981880185531	0.0826522006363752	-0.0103633219074049	0.327880199446804	0.338243521354209	0	0	1	0.1	0.142714007663937	0.0754246944788173	-0.00541780870321894	0.288306370099852	0.293724178803071	0	0	1	0.2	0.526154134243111	0.205626224339814	0.123173329972721	0.923803391883132	0.800630061910411	0	0	2	0.1	0.558559934863243	0.133866881738123	0.311961042871262	0.826764279117195	0.514803236245933	0	0	2	0.2	1.33895603044666	0.258768872177199	0.842497675724779	1.84965191052012	1.00715423479534	0	0	3	0.1	0.929038666891926	0.16316629959877	0.627082813538694	1.24696121583682	0.619878402298124	0	0	3	0.2	1.86819625090581	0.275966260776982	1.35702739471042	2.44634150309708	1.08931410838666
475	0	0	0	0.1	0.0642094826509528	0.0327378062897752	-0.000827792143715354	0.127241380271573	0.128069172415288	0	0	0	0.2	0.124734334253095	0.0718311511959429	-0.0233863335670575	0.264674522686559	0.288060856253616	0	0	1	0.1	0.135385043310147	0.0442537323451912	0.0555851936875502	0.22838205776906	0.172796864081509	0	0	1	0.2	0.454096814284595	0.122292771871354	0.23559849063689	0.713088910095788	0.477490419458898	0	0	2	0.1	0.51681478665153	0.0915835524304309	0.35592774074263	0.70950494936322	0.35357720862059	0	0	2	0.2	1.26257148400632	0.197272251199122	0.913935345364552	1.66657551210624	0.752640166741685	0	0	3	0.1	0.886228444350035	0.129847547539034	0.65558324735657	1.15401597238206	0.498432725025493	0	0	3	0.2	1.83872437477682	0.237430109778415	1.39640379306321	2.32127958160821	0.924875788544993
471	0	0	0	0.1	0.0280001528606235	0.0349060821928559	-0.0428842387243576	0.0950207609974359	0.137904999721794	0	0	0	0.2	0.142700379979211	0.100744139974774	-0.052003714800087	0.341681159670633	0.39368487447072	0	0	1	0.1	0.351864029925615	0.0772705426465633	0.209927148557232	0.519255086235309	0.309327937678077	0	0	1	0.2	1.0747296157664	0.19809126352954	0.719462897193941	1.50482956511277	0.785366667918824	0	0	2	0.1	0.836704927612239	0.125557646293159	0.603942013695483	1.09155652514439	0.487614511448909	0	0	2	0.2	1.74349515491042	0.231810639865371	1.28900968495054	2.22584352327503	0.936833838324494	0	0	3	0.1	1.10895589967777	0.157849573023836	0.799152100565538	1.42571613148765	0.62656403092211	0	0	3	0.2	2.08098030533256	0.262215576613945	1.54270093728747	2.57490994750353	1.03220901021607
450	0	0	0	0.1	0.125822958665164	0.030795799832275	0.0673827700602405	0.189027045938837	0.121644275878596	0	0	0	0.2	0.232494154737887	0.0752013514344154	0.0853552965733343	0.388193576577263	0.302838280003929	0	0	1	0.1	0.085444645403789	0.0634781018759065	-0.0374145107748074	0.202325642308298	0.239740153083105	0	0	1	0.2	0.26683864022313	0.16025170627418	-0.0466149832987852	0.577136739878012	0.623751723176798	0	0	2	0.1	0.358916975624591	0.0945039857422429	0.180580980935198	0.553613837192085	0.373032856256887	0	0	2	0.2	0.931981564538868	0.194260764275328	0.565630505176376	1.33801003027348	0.772379525097109	0	0	3	0.1	0.700610909568472	0.115818673907744	0.49935616589522	0.9405418309782	0.44118566508298	0	0	3	0.2	1.45907316939874	0.208326176871493	1.0658455136911	1.89941199431659	0.833566480625497
473	0	0	0	0.1	0.0783713415038024	0.0293264381460133	0.0217231872612829	0.136102811264911	0.114379624003628	0	0	0	0.2	0.164910405424098	0.0710373958196466	0.0289836099019709	0.31266824803687	0.283684638134899	0	0	1	0.1	0.191067568389715	0.0493203811911583	0.100087635846166	0.287842091350115	0.18775445550395	0	0	1	0.2	0.585966592984663	0.139263238119506	0.32475444068969	0.884123453092484	0.559369012402794	0	0	2	0.1	0.539945108620146	0.0995372532565327	0.353022943475	0.751016831028494	0.397993887553494	0	0	2	0.2	1.19923830420799	0.207158886315944	0.811505725033602	1.63222607598931	0.820720350955706	0	0	3	0.1	0.801988999531582	0.134121183885881	0.553458329936493	1.07269291205187	0.519234582115374	0	0	3	0.2	1.58529590800058	0.241066426364643	1.14067184751133	2.0674852892147	0.92681344170337
436	0	0	0	0.1	0.0589446732048413	0.0317913427552503	-0.00519866203721782	0.120617949418465	0.125816611455683	0	0	0	0.2	0.153517229192355	0.073684878162066	0.0161705454941832	0.313100443987594	0.296929898493411	0	0	1	0.1	0.226483376756358	0.0626183649679205	0.11678833450795	0.361513241890093	0.244724907382142	0	0	1	0.2	0.715615178088091	0.18888152435427	0.412523746164714	1.12180709697133	0.70928335080662	0	0	2	0.1	0.66532615981204	0.127260859130275	0.447816780691202	0.931585540992549	0.483768760301347	0	0	2	0.2	1.54748537312637	0.257536398909063	1.09042076341971	2.05504434053576	0.964623577116048	0	0	3	0.1	1.01853043610266	0.1627467970231	0.7285438755292	1.37312533681897	0.644581461289771	0	0	3	0.2	2.06904283424142	0.278516304651081	1.53826795679443	2.66857323084277	1.13030527404835
445	0	0	0	0.1	0.0707304015230802	0.0295927097246947	0.0157627010862661	0.12987224344696	0.114109542360694	0	0	0	0.2	0.205895412667804	0.0735502182662314	0.07100615135756	0.361070936316286	0.290064784958726	0	0	1	0.1	0.253849259462972	0.0615383122588402	0.141207306013031	0.372499517994073	0.231292211981042	0	0	1	0.2	0.77197131840092	0.193284503018631	0.422802007582177	1.15796904396857	0.73516703638639	0	0	2	0.1	0.626085031720817	0.138469510363436	0.392343122182464	0.904001587590796	0.511658465408333	0	0	2	0.2	1.46811694259716	0.287564416308522	0.962078789749295	2.05998608716174	1.09790729741245	0	0	3	0.1	0.942151237225054	0.178895715100111	0.631648024744355	1.33529170906823	0.703643684323871	0	0	3	0.2	1.95455716639118	0.321648352464041	1.38695436534256	2.61811936148635	1.23116499614379
495	0	0	0	0.1	0.0168300532961543	0.0307256399223179	-0.0444855540374269	0.0774078898236507	0.121893443861078	0	0	0	0.2	0.0306728565546789	0.0740551482545488	-0.117206310202896	0.173460038787635	0.290666348990532	0	0	1	0.1	0.165002656335591	0.0605910190419208	0.0489253280342827	0.289857151768512	0.240931823734229	0	0	1	0.2	0.607113661670652	0.18171437093364	0.265672871977405	0.973828839586234	0.708155967608829	0	0	2	0.1	0.66202592590625	0.121529134398256	0.435106243409392	0.91339994395963	0.478293700550238	0	0	2	0.2	1.51466511625244	0.231141863674676	1.07209391684581	1.99175490244246	0.919660985596645	0	0	3	0.1	1.02139865745502	0.147931023572799	0.743254647219145	1.32546709283533	0.582212445616182	0	0	3	0.2	1.9549260496582	0.246687993222517	1.48589177517296	2.4257267133265	0.939834938153541
458	0	0	0	0.1	0.113218990113365	0.0262539653569338	0.0629496145699108	0.167353603601795	0.104403989031885	0	0	0	0.2	0.205622006125512	0.0587857823905376	0.0983249037993977	0.330988450696612	0.232663546897214	0	0	1	0.1	0.147960788540745	0.054464195176628	0.0474906070038483	0.264347086953885	0.216856479950037	0	0	1	0.2	0.458558283368364	0.161091691521045	0.181628466711104	0.822467207386863	0.640838740675759	0	0	2	0.1	0.518689372363063	0.112889001273805	0.318237871011296	0.76485802485653	0.446620153845235	0	0	2	0.2	1.29104305153736	0.235504009843789	0.865082873179538	1.78556798487667	0.92048511169713	0	0	3	0.1	0.91474012411577	0.153275450846394	0.627238457443373	1.22731525677107	0.600076799327693	0	0	3	0.2	1.93394557952453	0.289291251414629	1.37905920811076	2.50168260079932	1.12262339268856
454	0	0	0	0.1	0.115049915538344	0.0321495192127098	0.0543007172273877	0.180841492089186	0.126540774861798	0	0	0	0.2	0.222640561391909	0.0781181392765273	0.0790040405671454	0.391104012180692	0.312099971613546	0	0	1	0.1	0.183215344445164	0.0618466722726262	0.0724393173990476	0.307243819492189	0.234804502093141	0	0	1	0.2	0.561465249214063	0.155462456168557	0.287489452128447	0.919053444372415	0.631563992243969	0	0	2	0.1	0.544581320698937	0.103576074176556	0.368453309708212	0.776242779914308	0.407789470206096	0	0	2	0.2	1.25742104194463	0.22158408999967	0.884199715528493	1.72595266612056	0.841752950592069	0	0	3	0.1	0.823011066508925	0.143037489513766	0.585795392145006	1.14287216849865	0.557076776353644	0	0	3	0.2	1.68235411298829	0.269990162355401	1.21849041864513	2.25698527203708	1.03849485339195
463	0	0	0	0.1	0.124838048560273	0.0415372725947401	0.0495307438417693	0.21313908612017	0.163608342278401	0	0	0	0.2	0.270826725679837	0.0988971132411712	0.0931892261518735	0.475712694746777	0.382523468594904	0	0	1	0.1	0.163294430610624	0.0583799151423802	0.0542014626238856	0.278923268645746	0.22472180602186	0	0	1	0.2	0.477901264872155	0.147194985327785	0.202049894400223	0.778831144349364	0.576781249949141	0	0	2	0.1	0.436476731387092	0.0951833869942169	0.26881290201579	0.6395165878755	0.37070368585971	0	0	2	0.2	1.04276252787163	0.195588096446714	0.683585372508486	1.46096642424716	0.777381051738675	0	0	3	0.1	0.699962781468704	0.117912191562452	0.482485829273257	0.947233967771481	0.464748138498224	0	0	3	0.2	1.49624353220766	0.222055804155954	1.0926208381495	1.95620423696814	0.86358339881864
486	0	0	0	0.1	0.166539654304139	0.0445703268566997	0.0829126427900139	0.258114610878349	0.175201968088335	0	0	0	0.2	0.348603602150414	0.0963331962374883	0.168126133487887	0.54195659162653	0.373830458138643	0	0	1	0.1	0.196008645085957	0.0568449315689767	0.0845198182617705	0.295381437860219	0.210861619598448	0	0	1	0.2	0.514382908790214	0.141863580936141	0.238153967901688	0.796834196730903	0.558680228829216	0	0	2	0.1	0.448448953620696	0.0911439953439897	0.278688627451256	0.633223963107391	0.354535335656135	0	0	2	0.2	1.04228589327662	0.194152930399682	0.662680641059482	1.43710212792043	0.774421486860951	0	0	3	0.1	0.703720643355699	0.117902464181939	0.4756811946807	0.939596123543506	0.463914928862806	0	0	3	0.2	1.47132623155575	0.224357496080756	1.03097353651005	1.92276583074049	0.891792294230445
485	0	0	0	0.1	0.101011588029418	0.0325855825279285	0.0402249787497251	0.163181969377192	0.122956990627467	0	0	0	0.2	0.223389612426665	0.0925012371965422	0.0462455156840157	0.411673507403916	0.365427991719901	0	0	1	0.1	0.200355961877964	0.0736925466725606	0.0545891311705881	0.349845021067221	0.295255889896633	0	0	1	0.2	0.567841455797895	0.184097973391254	0.20734139821161	0.933578114497825	0.726236716286215	0	0	2	0.1	0.491465571254557	0.105634600593652	0.294160433387799	0.711411801171014	0.417251367783215	0	0	2	0.2	1.08919808748685	0.200580745851	0.717331382254781	1.49946151520107	0.782130132946287	0	0	3	0.1	0.738947091065808	0.120506406458894	0.523280377671354	1.00238265843597	0.479102280764612	0	0	3	0.2	1.46029674703711	0.214447315896256	1.05557514466836	1.9234654152422	0.867890270573842
448	0	0	0	0.1	0.135774093817565	0.0325297711015776	0.0747739617898788	0.199788856672829	0.12501489488295	0	0	0	0.2	0.333374457890791	0.0846393544791749	0.177258057176437	0.509372946768898	0.33211488959246	0	0	1	0.1	0.252784048786233	0.0744898467761449	0.108610128861968	0.398639115447423	0.290028986585455	0	0	1	0.2	0.781424929070467	0.217912205330941	0.372238901701015	1.21146978693826	0.839230885237247	0	0	2	0.1	0.65583307471392	0.146800099615071	0.388971032903283	0.952552699447849	0.563581666544565	0	0	2	0.2	1.54644315117438	0.297858823078805	0.978452602620013	2.14416224608211	1.1657096434621	0	0	3	0.1	1.04392807210302	0.194132238281697	0.674900756512703	1.425294862476	0.750394105963294	0	0	3	0.2	2.20290365870743	0.357057627172635	1.54564149041915	2.91402711374416	1.36838562332501
483	0	0	0	0.1	0.101367605251922	0.0305407558949364	0.0418755787420148	0.166405043799286	0.124529465057271	0	0	0	0.2	0.208343202569069	0.0725334155851628	0.0701232990431343	0.358625378934356	0.288502079891222	0	0	1	0.1	0.134244428676418	0.0663409313875623	-2.1397298854907e-05	0.264199440555846	0.264220837854701	0	0	1	0.2	0.434908858491023	0.176578357821454	0.0830188923911451	0.809327604331068	0.726308711939923	0	0	2	0.1	0.424051324084438	0.110556929388678	0.215756202618233	0.675796756909689	0.460040554291456	0	0	2	0.2	1.030210985793	0.226933890474733	0.605798922383932	1.5120187097383	0.906219787354368	0	0	3	0.1	0.7284381712794	0.144131692773764	0.467882798715175	1.03918458181711	0.57130178310194	0	0	3	0.2	1.55323621587994	0.263990436669981	1.06666925977472	2.08550295467103	1.0188336948963
443	0	0	0	0.1	0.144636513888743	0.0346915922537881	0.075181162804213	0.216288626269407	0.141107463465194	0	0	0	0.2	0.308809193515799	0.0721823669688532	0.170644442715353	0.454716969048749	0.284072526333397	0	0	1	0.1	0.238064702320185	0.0612573249070148	0.132661496108288	0.374208891164719	0.241547395056431	0	0	1	0.2	0.650184300877163	0.16631312966897	0.369753291953927	1.01036908269748	0.640615790743551	0	0	2	0.1	0.567869171599941	0.106229507305853	0.384041134765171	0.779748861314969	0.395707726549798	0	0	2	0.2	1.32187416970048	0.206771535368991	0.937300739066788	1.73881885083536	0.801518111768569	0	0	3	0.1	0.885717677619435	0.127016516151292	0.655654606656367	1.13727007433235	0.481615467675986	0	0	3	0.2	1.84163786443723	0.232089466640814	1.42834046730195	2.31870404608285	0.890363578780908
479	0	0	0	0.1	0.142941766862572	0.0348097944008046	0.077032854351897	0.214889910967699	0.137857056615802	0	0	0	0.2	0.387879581648085	0.0942418598293435	0.205528515442494	0.590830026783372	0.385301511340879	0	0	1	0.1	0.256421853160113	0.0657668324004427	0.130921904760185	0.392536320741464	0.261614415981279	0	0	1	0.2	0.617272381047157	0.153812777604741	0.334134916892484	0.936558399591028	0.602423482698544	0	0	2	0.1	0.455009576066327	0.0886543112728229	0.297981050589833	0.640936743615597	0.342955693025764	0	0	2	0.2	0.967641300834376	0.168738006016038	0.658253616300773	1.31915409427336	0.66090047797259	0	0	3	0.1	0.64897251001527	0.10282644518073	0.4643467517515	0.865294211022576	0.400947459271076	0	0	3	0.2	1.29740180281149	0.19254266249333	0.951205330578595	1.69725892626499	0.746053595686398
470	0	0	0	0.1	0.165386144152736	0.034819403530448	0.103042959064541	0.239038577771847	0.135995618707306	0	0	0	0.2	0.418117269635902	0.0991518234671039	0.244273300119836	0.622137390741882	0.377864090622046	0	0	1	0.1	0.224273063478559	0.0693163258137793	0.0869095980732562	0.364718295557695	0.277808697484439	0	0	1	0.2	0.583939840239681	0.170599623795277	0.241587432485002	0.893037562263933	0.651450129778931	0	0	2	0.1	0.436639932969952	0.0995518841975971	0.248060885833682	0.629406206836514	0.381345321002832	0	0	2	0.2	0.985400635679711	0.1993332297628	0.602658583387503	1.37692986957891	0.774271286191408	0	0	3	0.1	0.654039032973746	0.119994544757626	0.439345469075505	0.901122231128848	0.461776762053343	0	0	3	0.2	1.32973669186902	0.221332020556345	0.929627867179772	1.79193861604265	0.862310748862877
422	0	0	0	0.1	0.120373899144196	0.033206608137742	0.0549948402526818	0.187706680993266	0.132711840740584	0	0	0	0.2	0.309062832196876	0.0810929577985509	0.157488774193262	0.471388651786689	0.313899877593427	0	0	1	0.1	0.257115607549759	0.0715651286249788	0.129738761811834	0.408379705676135	0.2786409438643	0	0	1	0.2	0.772032522877966	0.205734501801202	0.42715590983091	1.21789514129968	0.790739231468772	0	0	2	0.1	0.624041718829692	0.133233297045343	0.391615178403633	0.914484969655088	0.522869791251454	0	0	2	0.2	1.47496301550562	0.271188592975562	0.968266025630229	2.04728783076177	1.07902180513154	0	0	3	0.1	0.974926226925514	0.172741061213204	0.660467473785042	1.34003406696326	0.67956659317822	0	0	3	0.2	2.01559632492589	0.299347008598916	1.44784352518457	2.63679029174955	1.18894676656498
451	0	0	0	0.1	0.145443802082068	0.0302377993198952	0.086578534944605	0.207507338404447	0.120928803459843	0	0	0	0.2	0.329289190890209	0.0837262294213363	0.179516101667101	0.510970605500143	0.331454503833042	0	0	1	0.1	0.273889593622416	0.0695256188583867	0.14315637838196	0.415476961623177	0.272320583241218	0	0	1	0.2	0.79263899218691	0.182616194575886	0.472702877714995	1.16862993846932	0.695927060754329	0	0	2	0.1	0.646128806712228	0.113859648790492	0.439396357916379	0.880164073589831	0.440767715673452	0	0	2	0.2	1.41057023365073	0.216836407893733	1.01524758682328	1.85505469513349	0.839807108310212	0	0	3	0.1	0.922224598016086	0.139492019868934	0.667639563024583	1.21325722076965	0.545617657745068	0	0	3	0.2	1.84625544026295	0.243922551994463	1.39779321803011	2.32239333796188	0.924600119931765
508	0	0	0	0.1	0.137427147389821	0.035542291300713	0.0708871104400356	0.20840904723628	0.137521936796245	0	0	0	0.2	0.297399033119309	0.0984706005251087	0.116192593727091	0.492542476971864	0.376349883244773	0	0	1	0.1	0.293684711202709	0.0912096666891356	0.116081340960554	0.486170318341684	0.37008897738113	0	0	1	0.2	0.978146279371385	0.238591788127168	0.510632580051947	1.46171105092889	0.951078470876939	0	0	2	0.1	0.83333136731829	0.137030241752378	0.576138663319383	1.12544381703502	0.549305153715633	0	0	2	0.2	1.70590129839507	0.227072529008576	1.26709312411813	2.19308522270207	0.925992098583936	0	0	3	0.1	1.09939127598002	0.151227156359901	0.833428287125924	1.41658962523701	0.58316133811109	0	0	3	0.2	2.01134636916205	0.245765865875504	1.57587780179003	2.52504661528458	0.949168813494546
435	0	0	0	0.1	0.144994483225564	0.0345750495360892	0.0775101195347589	0.211239793745271	0.133729674210512	0	0	0	0.2	0.296123850737425	0.0896548533275195	0.126267952830021	0.472446261938552	0.346178309108531	0	0	1	0.1	0.182597932285051	0.0624063094443247	0.061578666830412	0.312558473891977	0.250979807061565	0	0	1	0.2	0.550633350904123	0.169380926494392	0.233999181264365	0.898569069941777	0.664569888677413	0	0	2	0.1	0.526202155639436	0.113449933468974	0.32286808770551	0.764212016463489	0.44134392875798	0	0	2	0.2	1.20754101899357	0.223508941161801	0.791984430707538	1.66584934076197	0.87386491005443	0	0	3	0.1	0.823762960782373	0.142172201007547	0.567894385653054	1.11834360041588	0.550449214762821	0	0	3	0.2	1.64671516946212	0.248643867580676	1.18561344100833	2.14894809296378	0.963334651955455
466	0	0	0	0.1	0.115427410853306	0.0344147249693673	0.0506795882388692	0.184204542378606	0.133524954139736	0	0	0	0.2	0.323534788359178	0.0971428074896335	0.148015965888024	0.520326108580596	0.372310142692572	0	0	1	0.1	0.268968237602829	0.0718127944547895	0.138825146172049	0.408183462608797	0.269358316436748	0	0	1	0.2	0.703087758180107	0.180681652643266	0.385189154963317	1.07908966889896	0.693900513935646	0	0	2	0.1	0.516276219033855	0.1110612960956	0.312010510911648	0.736074513902706	0.424064002991057	0	0	2	0.2	1.09256984253267	0.202990891922772	0.710683100605364	1.49240683787798	0.781723737272613	0	0	3	0.1	0.70540540633418	0.121236540148022	0.479673209452593	0.953729739203189	0.474056529750596	0	0	3	0.2	1.36994721716975	0.204764940026028	0.975186520598071	1.76171445096853	0.786527930370464
446	0	0	0	0.1	0.102093780138586	0.0366191268094542	0.0280320052031153	0.169250528947993	0.141218523744877	0	0	0	0.2	0.122647096884389	0.0820921296419043	-0.0435208274233568	0.281894606141809	0.325415433565166	0	0	1	0.1	0.0273075119562935	0.0596481011951177	-0.0919270820044533	0.143444964010784	0.235372046015237	0	0	1	0.2	0.193201582393713	0.153357515754386	-0.0991675929420843	0.486893902101556	0.58606149504364	0	0	2	0.1	0.395897794886916	0.106563621501776	0.198863435324128	0.620247835349999	0.421384400025871	0	0	2	0.2	1.09610196947915	0.238364273661066	0.640347517477278	1.59038564093135	0.950038123454073	0	0	3	0.1	0.853429855726211	0.159351668306632	0.56305687572674	1.18991533117849	0.626858455451749	0	0	3	0.2	1.82929270303951	0.288763951871265	1.271422390548	2.39754834450523	1.12612595395723
536	0	0	0	0.1	0.0923632540722454	0.0295009667591647	0.035981884088356	0.152761246291008	0.116779362202652	0	0	0	0.2	0.209096797912433	0.0678570974356974	0.0844560246263924	0.348570820115019	0.264114795488626	0	0	1	0.1	0.231616980401822	0.0666433186523067	0.106228831052931	0.363763241825895	0.257534410772964	0	0	1	0.2	0.7281395594914	0.182310365012356	0.398836220524427	1.1090783347018	0.710242114177377	0	0	2	0.1	0.677194485420221	0.11975529746607	0.470950296834971	0.921079223345027	0.450128926510055	0	0	2	0.2	1.48468432332095	0.22896699289616	1.06367825999737	1.91522799855716	0.851549738559789	0	0	3	0.1	0.989763896543268	0.158208065987486	0.699234937657131	1.30748208878326	0.608247151126128	0	0	3	0.2	1.88641717521842	0.269867388401821	1.39770337792234	2.41499267412671	1.01728929620437
440	0	0	0	0.1	0.0710793890194522	0.0331365223840569	0.0106880905302837	0.132800484646201	0.122112394115918	0	0	0	0.2	0.179407354653258	0.0720157427881391	0.0427755807431678	0.322012890280959	0.279237309537791	0	0	1	0.1	0.211883241669696	0.0716014165371144	0.0715215329022762	0.35415865854022	0.282637125637944	0	0	1	0.2	0.655954635978479	0.200950564280123	0.296473769156052	1.05711382114597	0.760640051989919	0	0	2	0.1	0.587344810143918	0.120027246030271	0.374281107405372	0.842526187874592	0.46824508046922	0	0	2	0.2	1.38123411440907	0.236021948811468	0.962634002216879	1.88331241403804	0.920678411821158	0	0	3	0.1	0.915847926328739	0.148126567159936	0.656723622861251	1.22915223523031	0.572428612369055	0	0	3	0.2	1.88961308645813	0.271115209258412	1.39385932942388	2.4502086464417	1.05634931701782
492	0	0	0	0.1	0.0393192756397968	0.0286427223575725	-0.0139870877491176	0.09642667689791	0.110413764647028	0	0	0	0.2	0.134547451356314	0.0683301447500266	0.00965874237074691	0.280019999305997	0.27036125693525	0	0	1	0.1	0.25831703359258	0.05814025672842	0.148400663732153	0.381370868221816	0.232970204489663	0	0	1	0.2	0.807127666211873	0.179533593755935	0.490680384909226	1.17211590018416	0.681435515274933	0	0	2	0.1	0.684286525614104	0.12537868749744	0.432733123359118	0.934676622596109	0.501943499236991	0	0	2	0.2	1.53308120297809	0.255980550278392	1.04658109669547	2.02679792082142	0.980216824125946	0	0	3	0.1	0.988563730396784	0.165371152271647	0.678743536083281	1.32171264274851	0.642969106665234	0	0	3	0.2	1.95792999234288	0.292061603515262	1.40900051433072	2.5585885369869	1.14958802265617
474	0	0	0	0.1	0.0412968957989593	0.031253832934773	-0.0194661838113571	0.102970161335143	0.1224363451465	0	0	0	0.2	0.182363663571975	0.0921178999753197	0.0158646738444261	0.381284872186982	0.365420198342556	0	0	1	0.1	0.372361855651948	0.127771051300396	0.127914601187774	0.608391203242555	0.480476602054781	0	0	1	0.2	1.11637386763603	0.309671825435261	0.504095749876404	1.70314707738551	1.19905132750911	0	0	2	0.1	0.813500797557923	0.155618163858909	0.501680691381947	1.12108791040995	0.619407219028003	0	0	2	0.2	1.71585549150044	0.255263743120459	1.21649269297103	2.20175829271713	0.985265599746104	0	0	3	0.1	1.07608098571552	0.151607452901446	0.805379355476943	1.3868392185259	0.581459863048954	0	0	3	0.2	2.04262597367396	0.249765178626156	1.58426562803296	2.53412435496814	0.949858726935187
482	0	0	0	0.1	0.0269118563149818	0.0301989638426235	-0.0301286200940583	0.0864440598543568	0.116572679948415	0	0	0	0.2	0.0421615253390596	0.0780531250539916	-0.110898677284193	0.199162215519904	0.310060892804098	0	0	1	0.1	0.159808827474948	0.0737200301683971	0.0241715834122091	0.306871993214273	0.282700409802064	0	0	1	0.2	0.703433404782977	0.228974566810026	0.285270432956258	1.18850512566263	0.903234692706373	0	0	2	0.1	0.745966689858066	0.160462744982005	0.468858469186827	1.06770277358104	0.598844304394218	0	0	2	0.2	1.69619660468347	0.287091491257887	1.18462562142169	2.28085427124593	1.09622864982425	0	0	3	0.1	1.20415410372859	0.205660279515011	0.849337011825143	1.62392018495548	0.774583173130336	0	0	3	0.2	2.30130255813677	0.319443496100244	1.73656101527124	2.96671988098074	1.2301588657095
472	0	0	0	0.1	0.0521025318886511	0.0293577480702069	-0.00778060079433242	0.106664462849798	0.11444506364413	0	0	0	0.2	0.0517347649364926	0.0748776038610829	-0.097958837226576	0.199447884044275	0.297406721270851	0	0	1	0.1	0.115464692383946	0.0748785029668769	-0.0383107966571867	0.256662120810221	0.294972917467407	0	0	1	0.2	0.466881994132966	0.194911982051193	0.0692614092096103	0.83435007475058	0.76508866554097	0	0	2	0.1	0.538530213827297	0.129223065090639	0.277531562722315	0.778971575497293	0.501440012774978	0	0	2	0.2	1.21270781215219	0.242501216793181	0.713780348017905	1.66956243754537	0.955782089527461	0	0	3	0.1	0.847026260760862	0.16377469440877	0.518277207482554	1.1616340090833	0.643356801600749	0	0	3	0.2	1.65949578390296	0.272475022353707	1.10457541762479	2.20139024694883	1.09681482932404
588	0	0	0	0.1	0.106908964306055	0.0386370952620439	0.036842078866571	0.186556821289853	0.149714742423282	0	0	0	0.2	0.206886981943943	0.0964938487880319	0.0188632605943195	0.393179651103087	0.374316390508768	0	0	1	0.1	0.137809953108138	0.0652461698381912	0.0120568278433152	0.273143570957368	0.261086743114052	0	0	1	0.2	0.431757145695463	0.155062827225253	0.137539298572872	0.762083825123148	0.624544526550276	0	0	2	0.1	0.453844187868263	0.102286628204489	0.267662473059496	0.678643516685036	0.410981043625539	0	0	2	0.2	1.05419839339538	0.213567977710032	0.66933475088023	1.50610246591473	0.836767715034501	0	0	3	0.1	0.742759749106979	0.141237885758906	0.501738592166171	1.04388158597286	0.542142993806691	0	0	3	0.2	1.51622714224976	0.265194445451777	1.05141415070818	2.04839877675612	0.996984626047944
468	0	0	0	0.1	0.0987404555193365	0.0368518440433199	0.0261744048301891	0.171593876672751	0.145419471842562	0	0	0	0.2	0.331404823744799	0.0922593573019467	0.15843439392084	0.527904799774225	0.369470405853385	0	0	1	0.1	0.289173641989125	0.0765193605044917	0.150574263245169	0.439471373340419	0.28889711009525	0	0	1	0.2	0.809548878480623	0.235769512048638	0.397031755132396	1.29052737898027	0.893495623847871	0	0	2	0.1	0.598517464116093	0.170678106478023	0.318749051143554	0.943223236259151	0.624474185115597	0	0	2	0.2	1.30830486440179	0.346199933834044	0.727727144118645	1.9713079740613	1.24358082994266	0	0	3	0.1	0.83668744175165	0.223981469711872	0.482129385817414	1.28338563919492	0.801256253377507	0	0	3	0.2	1.66441056168144	0.396914682373649	1.01162943289233	2.45140943247435	1.43977999958202
499	0	0	0	0.1	0.10526174820414	0.0283135904994984	0.0476187320235518	0.1579743932953	0.110355661271749	0	0	0	0.2	0.213020717735319	0.0647027179551763	0.0879521865543147	0.347306432417384	0.259354245863069	0	0	1	0.1	0.218926724463211	0.0585012195354105	0.108611840685087	0.34063589968179	0.232024058996703	0	0	1	0.2	0.673494728459755	0.177832893686737	0.34166620093177	1.04160466865901	0.699938467727238	0	0	2	0.1	0.629336148756794	0.11937893204025	0.406945780981372	0.867956447649279	0.461010666667907	0	0	2	0.2	1.476131521383	0.247975748329718	0.994473420663221	1.97411412949052	0.979640708827298	0	0	3	0.1	0.979399127453937	0.155068573303974	0.692848570431944	1.30346315863048	0.61061458819854	0	0	3	0.2	2.01394748197278	0.283264182046194	1.46973076022393	2.57996950519972	1.11023874497579
457	0	0	0	0.1	0.0713886352971362	0.0279161959026114	0.0118940492066483	0.127076814452229	0.115182765245581	0	0	0	0.2	0.144680891880482	0.0655155019397274	0.0161574803172554	0.27143308186514	0.255275601547884	0	0	1	0.1	0.198004073506861	0.0609123742404605	0.085769121455304	0.331949844653364	0.24618072319806	0	0	1	0.2	0.654126936113461	0.186552956872211	0.341827180756054	1.09848262253605	0.756655441779997	0	0	2	0.1	0.63636248623245	0.127481067050959	0.418901715545324	0.934156728253649	0.515255012708324	0	0	2	0.2	1.43607019173989	0.236793496624071	1.00272901710214	1.94746545434733	0.944736437245195	0	0	3	0.1	0.952045073158791	0.151443511356016	0.687951660309376	1.29298971001963	0.605038049710251	0	0	3	0.2	1.83739496204926	0.244777347174731	1.3924578385395	2.34793252669951	0.955474688160008
505	0	0	0	0.1	0.129980531442925	0.0308643262211048	0.072483821425488	0.193639570021703	0.121155748596215	0	0	0	0.2	0.314952943761635	0.0830022401503049	0.166759830359335	0.490112245968995	0.323352415609661	0	0	1	0.1	0.310695306303441	0.0682667300773859	0.178444961869916	0.445583957632577	0.267138995762661	0	0	1	0.2	0.970713869301921	0.200063168208703	0.58681700073448	1.3768724281338	0.79005542739932	0	0	2	0.1	0.831121726459114	0.139156684052264	0.567500544020928	1.13785840229622	0.57035785827529	0	0	2	0.2	1.77636261115762	0.25106221370485	1.27841687547475	2.28732943361886	1.00891255814411	0	0	3	0.1	1.18137985726949	0.164560921649347	0.861285275695621	1.51428036013026	0.652995084434636	0	0	3	0.2	2.1955988999261	0.258716802180742	1.68877304341062	2.69790611315813	1.00913306974752
514	0	0	0	0.1	0.0760441256159044	0.0347642310649505	0.011254603406049	0.148799534970953	0.137544931564904	0	0	0	0.2	0.166308416338345	0.0838941805356613	0.0057414720623031	0.331312912973504	0.325571440911201	0	0	1	0.1	0.148489121365675	0.0597715150821426	0.0314285716184869	0.265167187305273	0.233738615686786	0	0	1	0.2	0.394677113474734	0.144221138723653	0.105043426912728	0.687920494603054	0.582877067690327	0	0	2	0.1	0.356708929242981	0.0857875612579485	0.194097424790412	0.53563655291109	0.341539128120677	0	0	2	0.2	0.773920681233627	0.167314688699578	0.457152167873031	1.11076840034867	0.653616232475635	0	0	3	0.1	0.522574929390083	0.0981508298035626	0.350117861108472	0.720361158929107	0.370243297820635	0	0	3	0.2	1.04491353692263	0.179095610021468	0.715847032506139	1.40688309277274	0.691036060266598
496	0	0	0	0.1	0.129971721945579	0.0274148802057402	0.0740380630697676	0.183241252382522	0.109203189312755	0	0	0	0.2	0.268100844059325	0.0732634087094375	0.132828319783843	0.425841055238617	0.293012735454773	0	0	1	0.1	0.233462651468047	0.0634028973476533	0.11285053301319	0.363285468678334	0.250434935665144	0	0	1	0.2	0.690862433186732	0.16460825789095	0.396871936282613	1.01671002863154	0.619838092348927	0	0	2	0.1	0.575048444519434	0.104439228191186	0.388401202143334	0.788062182065675	0.39966097992234	0	0	2	0.2	1.26706226977815	0.211444610945682	0.907804258968654	1.71402893635001	0.806224677381355	0	0	3	0.1	0.797795050410007	0.132388513728954	0.580188518607817	1.09031441165232	0.510125893044499	0	0	3	0.2	1.6061057809206	0.243059369079177	1.19402409976105	2.13489633614124	0.940872236380182
559	0	0	0	0.1	0.0820985526162652	0.0323856780117827	0.0164758474326408	0.14539210376319	0.128916256330549	0	0	0	0.2	0.170817966435192	0.0649796153265651	0.034019273465116	0.295745291166495	0.261726017701379	0	0	1	0.1	0.124916501639393	0.0578798164466069	0.0119454271467265	0.238885270609694	0.226939843462968	0	0	1	0.2	0.376144104528073	0.163512455148194	0.0603237265706691	0.732347848658816	0.672024122088147	0	0	2	0.1	0.436591921199751	0.123596517336055	0.215148491340841	0.691640547153211	0.47649205581237	0	0	2	0.2	1.07678594674888	0.280711141218174	0.598902587655607	1.64519626404708	1.04629367639147	0	0	3	0.1	0.775251126707644	0.190054696651285	0.470311225912037	1.17080308769321	0.700491861781177	0	0	3	0.2	1.64874898077275	0.36003161356567	1.0470722768163	2.37870912555216	1.33163684873586
526	0	0	0	0.1	0.0715391777724305	0.0310362763672172	0.0103661983844786	0.132661245251511	0.122295046867033	0	0	0	0.2	0.148037437416005	0.0759617012789243	-0.000112298195057386	0.296268598051831	0.296380896246888	0	0	1	0.1	0.174727631190856	0.0609432913334318	0.0535798135075552	0.296219646021644	0.242639832514088	0	0	1	0.2	0.636251961469157	0.171614215530794	0.329678888840374	0.994686471426122	0.665007582585748	0	0	2	0.1	0.643712594744998	0.11521429454095	0.441905118339264	0.889409141544472	0.447504023205208	0	0	2	0.2	1.49467872325559	0.226593444791586	1.09169889656021	1.96641487850789	0.874715981947676	0	0	3	0.1	1.02845965766001	0.154152819394828	0.745037186750098	1.35825684162066	0.613219654870558	0	0	3	0.2	2.01278968034364	0.259822127606641	1.49840307803251	2.53408220963389	1.03567913160138
517	0	0	0	0.1	0.10235535116366	0.0351090440595923	0.0342826387260883	0.172929439915077	0.138646801188989	0	0	0	0.2	0.225221175250887	0.0829797076564841	0.065870056323929	0.401616525608619	0.33574646928469	0	0	1	0.1	0.197528287481863	0.0642875050132569	0.0865781843387794	0.339811358665625	0.253233174326846	0	0	1	0.2	0.633940881891101	0.172797086909238	0.327714236140578	0.997703896559919	0.66998966041934	0	0	2	0.1	0.581444382056129	0.107137960974636	0.393342007116795	0.792864237629608	0.399522230512814	0	0	2	0.2	1.35078571639315	0.220942191959125	0.956460288031463	1.78325627830659	0.826795990275127	0	0	3	0.1	0.88668011507508	0.142187821208475	0.635289905489232	1.17116417364497	0.535874268155738	0	0	3	0.2	1.83534792640732	0.269659270931236	1.35057882842072	2.35808231549604	1.00750348707532
507	0	0	0	0.1	0.150990180419014	0.0283463286598143	0.100011027999736	0.207509822306436	0.1074987943067	0	0	0	0.2	0.34665926575926	0.07367431173748	0.212392540578759	0.51670373129279	0.304311190714031	0	0	1	0.1	0.172649404018032	0.0662418112967187	0.0365119367019758	0.311558919473123	0.275046982771147	0	0	1	0.2	0.469180970790713	0.166142205964288	0.135240644236495	0.828676501451953	0.693435857215458	0	0	2	0.1	0.417113831234344	0.103289527589781	0.222803878011573	0.620092390084356	0.397288512072783	0	0	2	0.2	0.975232291442826	0.212028581204329	0.57534041957872	1.3717627152918	0.79642229571308	0	0	3	0.1	0.692937134523411	0.133803938099821	0.451210029099093	0.956688748068019	0.505478718968926	0	0	3	0.2	1.43424967250639	0.250493394342989	0.978270177085788	1.90354876420498	0.925278587119187
490	0	0	0	0.1	0.091176488679628	0.0304445638661194	0.0298951563694258	0.151808902905754	0.121913746536328	0	0	0	0.2	0.204075713336833	0.079757032239079	0.0423522459732612	0.369529262463955	0.327177016490694	0	0	1	0.1	0.17524944968168	0.0622184874992341	0.0614132540368827	0.298447486976554	0.237034232939671	0	0	1	0.2	0.515597195915905	0.159596897004591	0.224551095907201	0.842349464376561	0.61779836846936	0	0	2	0.1	0.47446464448699	0.105727098885851	0.279670874809265	0.687576899418019	0.407906024608755	0	0	2	0.2	1.11728170209971	0.22379255064842	0.706422417778369	1.58493249011097	0.878510072332599	0	0	3	0.1	0.772377001814471	0.14480412631	0.518878040995735	1.09359612089839	0.574718079902658	0	0	3	0.2	1.62773721582864	0.279169249768887	1.14809075979389	2.21513068675438	1.06703992696049
455	0	0	0	0.1	0.0913523981846905	0.0317059931391621	0.0256540889847944	0.149283416632656	0.123629327647862	0	0	0	0.2	0.218595275220059	0.073442416660096	0.0738214820660171	0.369507394339597	0.295685912273579	0	0	1	0.1	0.219098071133433	0.0609961888627036	0.0961543682187617	0.333472334541101	0.237317966322339	0	0	1	0.2	0.619430439517598	0.167426840116385	0.286871667893331	0.934143440347588	0.647271772454257	0	0	2	0.1	0.56785020882764	0.105372321640062	0.356219215607061	0.766603580209619	0.410384364602558	0	0	2	0.2	1.28237639874204	0.2083926616994	0.878003303341482	1.68361571534421	0.805612412002731	0	0	3	0.1	0.858927986066282	0.128228609232985	0.626591192322144	1.11332974057159	0.486738548249443	0	0	3	0.2	1.71794224130736	0.233266028888397	1.27843411939997	2.16296540987818	0.884531290478217
484	0	0	0	0.1	0.0218691298748297	0.0348146436522188	-0.0520677321913047	0.085706223879678	0.137773956070983	0	0	0	0.2	0.0842011932664996	0.0895645635605136	-0.0972815945300343	0.271612128041687	0.368893722571721	0	0	1	0.1	0.249093914275884	0.0762118281913048	0.111412188413864	0.408814728346064	0.2974025399322	0	0	1	0.2	0.806337720096644	0.204007552540732	0.454549477287608	1.24368628017632	0.789136802888716	0	0	2	0.1	0.683372485203275	0.131208042429017	0.452324885420411	0.972527781303964	0.520202895883553	0	0	2	0.2	1.49396463659671	0.243642916969066	1.04592037822179	2.00694007362163	0.961019695399838	0	0	3	0.1	0.987438617029582	0.159260214011539	0.712234340203566	1.33117037838863	0.61893603818506	0	0	3	0.2	1.93171063272168	0.265826019485794	1.44787783081957	2.47052564705129	1.02264781623171
503	0	0	0	0.1	0.0834866345909829	0.030043918163906	0.0259858077919991	0.146128985754842	0.120143177962843	0	0	0	0.2	0.163447411020042	0.0830066705827292	0.0117420754746642	0.333180401985335	0.321438326510671	0	0	1	0.1	0.159145885069584	0.0825385856073306	0.00172964009589845	0.321876117441195	0.320146477345297	0	0	1	0.2	0.523523103392406	0.219365270874549	0.120861550321914	0.945697726746655	0.824836176424741	0	0	2	0.1	0.53195746943621	0.132681409338243	0.304834487008736	0.79036653521915	0.485532048210414	0	0	2	0.2	1.17643909862038	0.245770631646104	0.739421586038167	1.65439111459534	0.914969528557169	0	0	3	0.1	0.83665543902908	0.156733822204743	0.55751481402891	1.16424474328383	0.606729929254924	0	0	3	0.2	1.63139903763402	0.261630270583159	1.15616880189482	2.17203061315831	1.01586181126349
544	0	0	0	0.1	0.0879684485509398	0.0315521667225383	0.0249956356360151	0.151585108463407	0.126589472827392	0	0	0	0.2	0.245924150723326	0.0790084443223642	0.101913149402549	0.413722948172512	0.311809798769963	0	0	1	0.1	0.279891642474144	0.0623919841744609	0.163450786010387	0.413025856602126	0.249575070591739	0	0	1	0.2	0.785264645627589	0.167391402227999	0.488960592059102	1.15261989417621	0.66365930211711	0	0	2	0.1	0.639817962330761	0.110355865809923	0.443751200955478	0.859775379253709	0.416024178298231	0	0	2	0.2	1.41855226475196	0.217803806606138	1.01813496821278	1.84491563290992	0.826780664697136	0	0	3	0.1	0.919942271667417	0.143782650119578	0.659362648887305	1.22232263056211	0.56295998167481	0	0	3	0.2	1.81286009326487	0.255518587355185	1.34302324266279	2.34432385179547	1.00130060913267
510	0	0	0	0.1	0.0751771889189371	0.0337026718509471	0.011179290310273	0.141959195386881	0.130779905076608	0	0	0	0.2	0.129885604614775	0.0723360083870717	-0.00696873557743128	0.280863065603196	0.287831801180628	0	0	1	0.1	0.0740012526792744	0.0746479465336573	-0.0710486677831682	0.220376569711362	0.29142523749453	0	0	1	0.2	0.368220695348312	0.228220621575748	-0.0455130267529923	0.848081284623802	0.893594311376794	0	0	2	0.1	0.527039045191355	0.140579698173077	0.272642293291877	0.829464498641053	0.556822205349177	0	0	2	0.2	1.26646009826803	0.235177606523102	0.824276220477652	1.75906410896483	0.934787888487176	0	0	3	0.1	0.923322335508358	0.148303553746684	0.665648564382015	1.23405472859021	0.568406164208192	0	0	3	0.2	1.71167850374486	0.235386224435866	1.29917640678426	2.19210004476797	0.89292363798371
494	0	0	0	0.1	0.118371109649531	0.0307405647569288	0.0588145672751599	0.182115152155834	0.123300584880674	0	0	0	0.2	0.254497317144452	0.0712481908773172	0.118625732322272	0.393673657760928	0.275047925438657	0	0	1	0.1	0.165937072449185	0.0555827593070739	0.0632467221125578	0.281728456618865	0.218481734506307	0	0	1	0.2	0.517514893391523	0.162638853929366	0.222762359108237	0.870998971180915	0.648236612072679	0	0	2	0.1	0.528118845813101	0.109839914431282	0.327704954468548	0.756807250358246	0.429102295889698	0	0	2	0.2	1.2718513919602	0.225856295983601	0.826477100870005	1.72101590760896	0.894538806738956	0	0	3	0.1	0.892783630299302	0.143405502994554	0.632023758236818	1.17256835620435	0.540544597967532	0	0	3	0.2	1.83568493944196	0.251983514683374	1.34511632833223	2.31192132181054	0.966804993478312
488	0	0	0	0.1	0.0934988298264177	0.0319021206888133	0.0341913532913296	0.159174855272157	0.124983501980828	0	0	0	0.2	0.205962200801273	0.0796004245747188	0.0573450000020919	0.368546116308939	0.311201116306847	0	0	1	0.1	0.295446357437577	0.0750867101593837	0.163543024170777	0.452492726666979	0.288949702496202	0	0	1	0.2	0.998832215468562	0.205585732545437	0.613150885616063	1.41659885904185	0.80344797342579	0	0	2	0.1	0.911481600766576	0.132478221394141	0.645680076599962	1.18524134461094	0.539561268010978	0	0	2	0.2	1.88909445082664	0.229128581153311	1.44161425987668	2.3425065857306	0.900892325853919	0	0	3	0.1	1.2432352420535	0.163645023534332	0.925521467187156	1.56327058311007	0.637749115922918	0	0	3	0.2	2.32166443547155	0.272913134263505	1.79933224242577	2.85304941974739	1.05371717732163
459	0	0	0	0.1	0.055557059901342	0.032742010907313	-0.00567753055245773	0.121895276851956	0.127572807404414	0	0	0	0.2	0.0595589839721464	0.0780511499022287	-0.094951496991748	0.211661993938416	0.306613490930164	0	0	1	0.1	0.0571294657261013	0.0664376570585958	-0.0678243075683387	0.180008919143528	0.247833226711866	0	0	1	0.2	0.25479786144758	0.165044319644481	-0.0658731776336788	0.58594722235932	0.651820399992999	0	0	2	0.1	0.391973529631693	0.102834644724882	0.200801722730234	0.604714364319476	0.403912641589243	0	0	2	0.2	1.02557190738595	0.215575746899579	0.609100613379315	1.45952924623621	0.850428632856891	0	0	3	0.1	0.766498543283962	0.131760130954203	0.516866499248346	1.03846909672409	0.521602597475746	0	0	3	0.2	1.65619984997822	0.238098616070763	1.17361729481277	2.12365844318901	0.950041148376239
513	0	0	0	0.1	0.103652717765856	0.0310509086273216	0.0458162031056474	0.165582904062069	0.119766700956422	0	0	0	0.2	0.194704981822806	0.0770266715313961	0.0405868275022188	0.343408312448387	0.302821484946168	0	0	1	0.1	0.0673857871962194	0.0666551289249623	-0.0538840015838627	0.196644393961731	0.250528395545594	0	0	1	0.2	0.246640322437817	0.170838639314416	-0.0673781754876753	0.59756709031934	0.664945265807015	0	0	2	0.1	0.323882449900012	0.10157349878919	0.134638683939857	0.543674015864064	0.409035331924207	0	0	2	0.2	0.793369523114173	0.205219986464806	0.410341314257502	1.2056292877436	0.795287973486102	0	0	3	0.1	0.573178762979247	0.11885349189133	0.35825815994212	0.815188493064221	0.4569303331221	0	0	3	0.2	1.20081286800781	0.219396954934773	0.805106295263035	1.65347451023503	0.848368214971995
538	0	0	0	0.1	0.0719119233976411	0.0289797861311298	0.0139848481732691	0.126209065633659	0.112224217460389	0	0	0	0.2	0.148147227598286	0.0704753645103808	0.015103932569844	0.286876094731812	0.271772162161968	0	0	1	0.1	0.173940195221673	0.0567881495901067	0.0640429120750828	0.292897594568809	0.228854682493726	0	0	1	0.2	0.566845388754596	0.151086937845336	0.275388404239257	0.866902369011244	0.591513964771987	0	0	2	0.1	0.563822359880322	0.0978133911701437	0.382620772300531	0.767619064185265	0.384998291884734	0	0	2	0.2	1.28279343966499	0.19490721247992	0.939938829538951	1.67493649544344	0.734997665904494	0	0	3	0.1	0.875962245632121	0.126185229170737	0.665036146388836	1.14037775623844	0.475341609849607	0	0	3	0.2	1.75021155056896	0.224220303729154	1.36143812242267	2.22644524029899	0.865007117876316
530	0	0	0	0.1	0.104381175784101	0.0329733164118651	0.0411401330803401	0.169361909540497	0.128221776460156	0	0	0	0.2	0.148106850068549	0.0793363694333023	-0.0164328782808611	0.299811141198601	0.316244019479463	0	0	1	0.1	0.00997259055913646	0.068677103955792	-0.127469428230528	0.135962599805755	0.263432028036283	0	0	1	0.2	0.173683087760624	0.171988724519372	-0.144514275139606	0.510256559166313	0.654770834305919	0	0	2	0.1	0.362197258715427	0.112386168808787	0.161885912174189	0.597744887499642	0.435858975325453	0	0	2	0.2	0.972557732477958	0.245175824593493	0.520511864005191	1.45843027160194	0.937918407596747	0	0	3	0.1	0.748614192400156	0.156050692371464	0.462680216021524	1.07325324484304	0.61057302882152	0	0	3	0.2	1.63957696711372	0.297435253865756	1.09303165774519	2.22382633881155	1.13079468106636
525	0	0	0	0.1	0.114339821757576	0.0316990880433679	0.0528472235266398	0.176754940558813	0.123907717032173	0	0	0	0.2	0.215904611463821	0.0770715681502323	0.0641658450623255	0.375826507384633	0.311660662322307	0	0	1	0.1	0.172746972352802	0.0638834412185107	0.0423894539541017	0.299842425208047	0.257452971253945	0	0	1	0.2	0.597711041540268	0.178698322149248	0.250478757716256	0.971397803636134	0.720919045919879	0	0	2	0.1	0.638057452883539	0.12523740503074	0.403882744372483	0.893953805363137	0.490071060990654	0	0	2	0.2	1.40858982861412	0.231319674589704	0.951189964146325	1.86778579703859	0.91659583289227	0	0	3	0.1	0.964340773195888	0.162108939112042	0.668268915755141	1.29197438990699	0.62370547415185	0	0	3	0.2	1.83433750934456	0.267251069338605	1.32613139196404	2.37490285496812	1.04877146300408
437	0	0	0	0.1	0.121758006111422	0.0308342481218816	0.0652107004846368	0.182812173930831	0.117601473446194	0	0	0	0.2	0.312449576217106	0.088889629398712	0.138674382910445	0.497579764645526	0.358905381735081	0	0	1	0.1	0.2361658464239	0.0710762252879132	0.0987596451210824	0.380225512301655	0.281465867180572	0	0	1	0.2	0.668729288497722	0.182456822835549	0.314731777944017	1.0423774060792	0.727645628135181	0	0	2	0.1	0.52579869384431	0.104020028715339	0.323434032026383	0.739776295405741	0.416342263379357	0	0	2	0.2	1.21724727467375	0.205059148998009	0.823587623571801	1.6521862228871	0.828598599315295	0	0	3	0.1	0.807999967682907	0.122482132829243	0.582586071099982	1.07857944124797	0.495993370147993	0	0	3	0.2	1.62006985162341	0.215564322915401	1.21496105173729	2.07208441879278	0.857123367055491
537	0	0	0	0.1	0.111757007757545	0.0310759014935751	0.0556610946904653	0.175331705984432	0.119670611293966	0	0	0	0.2	0.223824569170486	0.0778160230754284	0.0788980395081004	0.389787768605496	0.310889729097396	0	0	1	0.1	0.169764975605348	0.060601328058372	0.0598755506476835	0.295262321673069	0.235386771025385	0	0	1	0.2	0.519199918582961	0.161705365026783	0.196477445314773	0.840914854201081	0.644437408886309	0	0	2	0.1	0.496739259373771	0.104519702257865	0.290142128613483	0.700734566090227	0.410592437476743	0	0	2	0.2	1.13467842674074	0.208545657419592	0.701722406886282	1.54188539337484	0.840162986488555	0	0	3	0.1	0.760491961478908	0.12679869113521	0.502410735340746	1.0055170241191	0.503106288778355	0	0	3	0.2	1.53715839404604	0.227658776983289	1.06150067117244	2.00240291138974	0.940902240217304
597	0	0	0	0.1	0.0752437757417614	0.034005104444875	0.00949022864514374	0.139550568103005	0.130060339457861	0	0	0	0.2	0.152869831789015	0.0914220767016755	-0.00831199033235203	0.340753436922008	0.349065427254361	0	0	1	0.1	0.0900998806253216	0.0737127962229361	-0.0436986550861727	0.236138728588104	0.279837383674276	0	0	1	0.2	0.343830761950489	0.171157585717623	0.0430683088188814	0.695576491370497	0.652508182551615	0	0	2	0.1	0.41960273920589	0.101622622726802	0.241167338029956	0.623682341767734	0.382515003737778	0	0	2	0.2	1.02530092170834	0.195861304873794	0.672814857095439	1.41097310298461	0.738158245889172	0	0	3	0.1	0.741533660325637	0.122384968395102	0.509505762390896	0.987678340462589	0.478172578071692	0	0	3	0.2	1.54038987156575	0.220167123535307	1.1119855078812	1.9821293471895	0.870143839308306
493	0	0	0	0.1	0.127979875747134	0.031672214450402	0.0693164077620228	0.189166780913084	0.119850373151061	0	0	0	0.2	0.264581555699795	0.0760891471055301	0.12384437074611	0.411869590743698	0.288025219997588	0	0	1	0.1	0.240808898355927	0.0602998617346259	0.137960677465094	0.367783729836735	0.229823052371641	0	0	1	0.2	0.73777358463288	0.169516629859618	0.461712451989168	1.12577131059061	0.664058858601445	0	0	2	0.1	0.65171623810543	0.110282891953301	0.466800103527874	0.898863779197488	0.432063675669614	0	0	2	0.2	1.45238985220319	0.213649534892673	1.06763503934792	1.9104537677523	0.842818728404386	0	0	3	0.1	0.956471006553513	0.137944354539507	0.706135961436057	1.24824778864213	0.542111827206071	0	0	3	0.2	1.87625967257515	0.233234019753274	1.4337243942947	2.35328808165004	0.919563687355342
608	0	0	0	0.1	0.103274499793388	0.0317130976013222	0.0396650232732719	0.166081119235715	0.126416095962443	0	0	0	0.2	0.245920828054418	0.0827050839317213	0.0933654260019873	0.432431177355253	0.339065751353265	0	0	1	0.1	0.176997672641501	0.0641678277222873	0.058975068995433	0.308788873067423	0.24981380407199	0	0	1	0.2	0.578706892732714	0.185663208800371	0.254957563687616	0.963631659753662	0.708674096066045	0	0	2	0.1	0.551118949772448	0.123631416004828	0.328612936421746	0.806971061337133	0.478358124915387	0	0	2	0.2	1.36496409373279	0.252155332395535	0.897264381232047	1.9108579809588	1.01359359972675	0	0	3	0.1	0.941621390414381	0.161265563927483	0.644038215607671	1.2967393445318	0.652701128924133	0	0	3	0.2	1.94990176724994	0.27829896785848	1.42345289404283	2.52564085933229	1.10218796528946
491	0	0	0	0.1	0.148943679446873	0.034101199021954	0.0863075151607266	0.218498341191834	0.132190826031107	0	0	0	0.2	0.292427969606149	0.0777070089580758	0.143759310407444	0.453759303037712	0.309999992630268	0	0	1	0.1	0.14543176072398	0.0630450294596221	0.0217628969951288	0.267586022341063	0.245823125345935	0	0	1	0.2	0.468767966300003	0.182940714716101	0.140639799578112	0.823991559995643	0.683351760417532	0	0	2	0.1	0.49920102847423	0.141212782879771	0.240113948227658	0.765969300944957	0.525855352717299	0	0	2	0.2	1.22151054722964	0.295599761340585	0.630506645342036	1.75448221547413	1.1239755701321	0	0	3	0.1	0.873592076187749	0.192164566528429	0.485050746098977	1.22295778022513	0.73790703412615	0	0	3	0.2	1.80390241022925	0.330244719505445	1.12084881170744	2.36950162060665	1.24865280889922
506	0	0	0	0.1	0.0936181120224187	0.0304708210947117	0.0307717462437496	0.149550872051567	0.118779125807818	0	0	0	0.2	0.181928197392522	0.0736327330493458	0.0357405603537605	0.323953400243277	0.288212839889517	0	0	1	0.1	0.142715512710819	0.0572436963315822	0.0331495368775519	0.252971827469258	0.219822290591706	0	0	1	0.2	0.433798491118106	0.145425308269846	0.156756316213231	0.729383928277058	0.572627612063827	0	0	2	0.1	0.451901662598877	0.0930676532315085	0.279133387101561	0.652899492633841	0.373766105532281	0	0	2	0.2	1.01472567535815	0.186990246412415	0.665632975681931	1.4137736294557	0.748140653773769	0	0	3	0.1	0.710572627941211	0.118351919157816	0.504304357139421	0.964311760739751	0.46000740360033	0	0	3	0.2	1.4167830755438	0.213472904294356	1.0345021092903	1.86616800421882	0.831665894928524
545	0	0	0	0.1	0.104323336193507	0.033159679770827	0.0451693354317627	0.170955844607927	0.125786509176164	0	0	0	0.2	0.168874876686575	0.0745124246174284	0.0302569397190606	0.322344310528419	0.292087370809359	0	0	1	0.1	0.127281563902003	0.0613658484852244	-0.00268151320264568	0.24800645009828	0.250687963300926	0	0	1	0.2	0.473770097070967	0.169969792205573	0.150221216944254	0.821945170101736	0.671723953157481	0	0	2	0.1	0.544774496994109	0.114496571839039	0.35037317425939	0.769116158736674	0.418742984477284	0	0	2	0.2	1.29231980457899	0.223236219492008	0.901851186847708	1.74372953144152	0.841878344593813	0	0	3	0.1	0.914030909056487	0.145430887456052	0.65908605773404	1.22279985311774	0.563713795383695	0	0	3	0.2	1.83895212532758	0.247126177675782	1.40770960236292	2.35774389668895	0.950034294326034
527	0	0	0	0.1	0.0658302497038144	0.0288019939487025	0.00902972015891536	0.122190872035353	0.113161151876438	0	0	0	0.2	0.187683711751819	0.0787209949171811	0.0413116871004185	0.346793725296871	0.305482038196452	0	0	1	0.1	0.256772689215343	0.0745866511380964	0.108084687848383	0.406758933622799	0.298674245774415	0	0	1	0.2	0.759503982577403	0.190626031304036	0.403161712190859	1.14708392120554	0.743922209014684	0	0	2	0.1	0.631082589987775	0.116624674031175	0.428173649007028	0.87549645287326	0.447322803866232	0	0	2	0.2	1.38193851801892	0.220315607053626	0.988479514755534	1.8585607225748	0.870081207819268	0	0	3	0.1	0.90927966869387	0.14634005252896	0.650862430557516	1.22390035400815	0.57303792345063	0	0	3	0.2	1.76301122655441	0.252046817616019	1.31536595131785	2.28554614102698	0.970180189709137
476	0	0	0	0.1	0.0646154931293142	0.035450214576378	-0.00789767966440477	0.135926513048162	0.143824192712567	0	0	0	0.2	0.165338986903483	0.0823684770472131	0.011107126596624	0.339969346407225	0.328862219810601	0	0	1	0.1	0.214655003941003	0.068847275743746	0.0861474524732359	0.354554342449148	0.268406889975913	0	0	1	0.2	0.70186953849374	0.206199538755932	0.330512283196577	1.11664637636016	0.786134093163583	0	0	2	0.1	0.638386448613212	0.12873389043094	0.403118807208729	0.898584157978045	0.495465350769316	0	0	2	0.2	1.5037439764451	0.258035270601548	1.02184911521057	2.00028063174575	0.978431516535172	0	0	3	0.1	1.00072842596668	0.158908954620772	0.695670005001423	1.31976837005102	0.624098365049594	0	0	3	0.2	2.02366354153507	0.277918082951301	1.48181794310938	2.57613996008234	1.09432201697297
497	0	0	0	0.1	0.0966258996839924	0.030735707634643	0.0343497414113212	0.157516295581098	0.123166554169777	0	0	0	0.2	0.216678568099918	0.0737901279653782	0.0777866691557268	0.363166635049763	0.285379965894036	0	0	1	0.1	0.231326078777183	0.0657761280916714	0.110931696597551	0.362628745681798	0.251697049084247	0	0	1	0.2	0.699643052257284	0.175442455512719	0.385595664897077	1.08389678491205	0.698301120014972	0	0	2	0.1	0.647618749450444	0.121393090900682	0.42802844960133	0.911619340984823	0.483590891383494	0	0	2	0.2	1.44764780252726	0.228802721654357	1.00597452399574	1.89422885690961	0.888254332913865	0	0	3	0.1	0.958869601220384	0.149239645186449	0.665860555168254	1.24877529947362	0.582914744305368	0	0	3	0.2	1.89544723418515	0.254182740752674	1.37734072763119	2.40608142248606	1.02874069485487
500	0	0	0	0.1	0.116592734963725	0.0316635538345988	0.0590142045319369	0.179215798695241	0.120201594163305	0	0	0	0.2	0.263285119315549	0.0859132550844908	0.113140519235564	0.455539573572924	0.34239905433736	0	0	1	0.1	0.257925269751442	0.068277421598567	0.135207481929998	0.395110658452058	0.25990317652206	0	0	1	0.2	0.733797839954811	0.19429182450428	0.388502747241228	1.13347586463354	0.744973117392311	0	0	2	0.1	0.661280203406612	0.129936501804538	0.413295803758909	0.923274640621363	0.509978836862454	0	0	2	0.2	1.50839997219725	0.251098370862529	1.00323269603993	2.01167360555202	1.00844090951209	0	0	3	0.1	1.03354702942575	0.16749511252859	0.704189757101368	1.38384547817081	0.679655721069444	0	0	3	0.2	2.03735016038058	0.286931071689518	1.47015013903764	2.63585225317525	1.16570211413762
515	0	0	0	0.1	0.0830785497449711	0.0279904184151711	0.0286203529604208	0.141261797180469	0.112641444220048	0	0	0	0.2	0.174970618002431	0.0655128901515228	0.0503258865455888	0.308390198964176	0.258064312418587	0	0	1	0.1	0.206466784892684	0.0658382122835772	0.067946026242528	0.33254745463522	0.264601428392692	0	0	1	0.2	0.676210449672278	0.18658187741238	0.296446146984413	1.04408967259953	0.747643525615114	0	0	2	0.1	0.631950755201235	0.116778562632347	0.410845365520081	0.863473092334079	0.452627726813998	0	0	2	0.2	1.37694771428918	0.210699067707618	0.995262038585953	1.8035264208632	0.808264382277252	0	0	3	0.1	0.90599153256896	0.133111744743758	0.669201045581045	1.18789659481717	0.518695549236123	0	0	3	0.2	1.73682065502949	0.225085880508941	1.33691570773095	2.19560764667664	0.858691938945687
447	0	0	0	0.1	0.121235697651141	0.0328227524336985	0.0581856095466292	0.186744146730358	0.128558537183729	0	0	0	0.2	0.277001076532208	0.0760838004821964	0.133006121361009	0.44214864467782	0.309142523316812	0	0	1	0.1	0.229622427714522	0.0655281965300992	0.0976319783491872	0.36451549455102	0.266883516201833	0	0	1	0.2	0.675586687640857	0.188591164914711	0.329559379860096	1.06542741048908	0.735868030628987	0	0	2	0.1	0.60645870739075	0.126855357359295	0.37774695839072	0.867966528378288	0.490219569987568	0	0	2	0.2	1.40857796029278	0.257454142981608	0.929041496299347	1.93614326217748	1.00710176587813	0	0	3	0.1	0.963123367925743	0.164260856166126	0.663289357541872	1.31190160529385	0.648612247751981	0	0	3	0.2	1.93877493662374	0.285886478964113	1.39636778415343	2.51456299784891	1.11819521369547
595	0	0	0	0.1	0.117236429604154	0.0291442066851312	0.0587202102648794	0.173958637805883	0.115238427541004	0	0	0	0.2	0.191432764115603	0.0775934012110654	0.0284594384320841	0.338585913899949	0.310126475467865	0	0	1	0.1	0.0990287316872061	0.0676222397268152	-0.032383234616973	0.228290892295826	0.260674126912799	0	0	1	0.2	0.381600796731315	0.190230932128329	0.0246242670842033	0.757775906662145	0.733151639577942	0	0	2	0.1	0.493478221769008	0.120233140505431	0.269736616121062	0.732936586390504	0.463199970269442	0	0	2	0.2	1.23478983933002	0.2455198277047	0.746166969642981	1.72134901112738	0.975182041484395	0	0	3	0.1	0.887478687067193	0.151457793622905	0.591707613892075	1.19936388000505	0.607656266112979	0	0	3	0.2	1.84359075727395	0.274497149394951	1.30193266114942	2.38496402018148	1.08303135903207
631	0	0	0	0.1	0.206656872157594	0.0395266044803854	0.13129199021268	0.289118689418449	0.157826699205768	0	0	0	0.2	0.517767499376177	0.0961320907579611	0.33481052301729	0.71985166398233	0.385041140965041	0	0	1	0.1	0.186117836359885	0.0704334262539348	0.0473483169935395	0.325943438727153	0.278595121733613	0	0	1	0.2	0.439008224640879	0.1755570871296	0.0990714743282411	0.793290398538435	0.694218924210194	0	0	2	0.1	0.346770191556349	0.104665121094581	0.153575754953995	0.55746093624646	0.403885181292465	0	0	2	0.2	0.795389215845223	0.206699612384964	0.401536499583058	1.18999596748452	0.788459467901466	0	0	3	0.1	0.552785764550718	0.120205828752156	0.326710985393403	0.793209360336574	0.46649837494317	0	0	3	0.2	1.15441518482639	0.225039781963847	0.731774491905901	1.59673118674729	0.864956694841388
607	0	0	0	0.1	0.0867366957021747	0.0285901018026501	0.0334107207950817	0.139383425619918	0.105972704824836	0	0	0	0.2	0.150130620439103	0.0729293320715522	0.0141424641919861	0.296552913827733	0.282410449635747	0	0	1	0.1	0.124168340505866	0.0564363785962286	0.0229841107179622	0.236859772661818	0.213875661943856	0	0	1	0.2	0.410794504449889	0.152520961736502	0.136735602282268	0.727740159072062	0.591004556789795	0	0	2	0.1	0.443709629404267	0.0979963287963704	0.265668377631036	0.640874884954143	0.375206507323108	0	0	2	0.2	1.03235372952472	0.204192913969858	0.668892444743744	1.45681122371068	0.787918778966935	0	0	3	0.1	0.719806574471951	0.128119979541026	0.50069422370621	0.984315196920938	0.483620973214729	0	0	3	0.2	1.46656263306816	0.234165810507082	1.07088131507762	1.9530996385427	0.88221832346508
529	0	0	0	0.1	0.0326395217079295	0.0340325697450803	-0.0329845433926099	0.100309821286934	0.133294364679543	0	0	0	0.2	0.0849633622949369	0.0713695010512044	-0.0540968004002658	0.225755880507324	0.27985268090759	0	0	1	0.1	0.194685647709141	0.0525852026856958	0.0915492671767139	0.302232064272199	0.210682797095486	0	0	1	0.2	0.664975947495399	0.161677928206892	0.370271980806385	1.00499357035451	0.634721589548128	0	0	2	0.1	0.674951114155959	0.109666051317075	0.480421814196841	0.899798060612569	0.419376246415729	0	0	2	0.2	1.5414032876979	0.215560579143611	1.15342830686288	1.98331179675536	0.829883489892487	0	0	3	0.1	1.0374041024923	0.144062268976298	0.783886877155328	1.33497426387297	0.551087386717646	0	0	3	0.2	2.06408972551035	0.251651862336907	1.60538633971618	2.58956797237679	0.984181632660603
569	0	0	0	0.1	0.0947028809138219	0.0326766927193161	0.0337383169090632	0.158176478636754	0.12443816172769	0	0	0	0.2	0.228809225279682	0.0825988660605439	0.0763117560046014	0.401181902637956	0.324870146633355	0	0	1	0.1	0.255730613266598	0.0656971871742346	0.132899054425369	0.385937231628791	0.253038177203423	0	0	1	0.2	0.780687585353198	0.178362744233927	0.445323322716765	1.15164790258551	0.706324579868743	0	0	2	0.1	0.662016383095356	0.117141389290162	0.447242380812235	0.915505688216042	0.468263307403806	0	0	2	0.2	1.48826139460702	0.233791230970676	1.05342211905838	1.96923483422807	0.91581271516969	0	0	3	0.1	0.966765494037013	0.153869843578518	0.695159995748666	1.30098531110057	0.605825315351907	0	0	3	0.2	1.94619095493416	0.274805381977541	1.44810220646627	2.52166348684066	1.07356128037439
489	0	0	0	0.1	0.0599442810838935	0.0334976910545048	-0.00890707797151107	0.127075720857861	0.135982798829372	0	0	0	0.2	0.128478016513885	0.088307124437353	-0.0432564371997634	0.312670358336794	0.355926795536557	0	0	1	0.1	0.183644768409966	0.0886190257107108	0.00712738543460099	0.353187730456909	0.346060345022308	0	0	1	0.2	0.714434595271339	0.259619720062828	0.231679717895075	1.21887446546212	0.987194747567045	0	0	2	0.1	0.679031602579349	0.152483706115468	0.380372459232241	0.968515276844819	0.588142817612578	0	0	2	0.2	1.60999139043738	0.283437938925326	1.04395249695468	2.14067573232302	1.09672323536834	0	0	3	0.1	1.09327723313116	0.176525653924269	0.75159549954979	1.43463401618621	0.683038516636418	0	0	3	0.2	2.17726028970096	0.29158105430908	1.61314130609052	2.75172385478958	1.13858254869905
546	0	0	0	0.1	0.197289445450465	0.030589208025741	0.140057306177517	0.25859454604621	0.118537239868693	0	0	0	0.2	0.373843889754935	0.0760748257308717	0.237647227079232	0.527577753228105	0.289930526148873	0	0	1	0.1	0.102003778793096	0.0654287786744485	-0.027026783368572	0.223437347298543	0.250464130667115	0	0	1	0.2	0.28855479294262	0.175174548737989	-0.0345277465963063	0.632173143466763	0.66670089006307	0	0	2	0.1	0.352881199688025	0.121277333660096	0.139391260808482	0.609037896910397	0.469646636101915	0	0	2	0.2	0.899867211596156	0.255321093320621	0.456096696527072	1.43702545360952	0.980928757082451	0	0	3	0.1	0.683707362731867	0.16108167509119	0.411962287674108	1.03488616402601	0.622923876351902	0	0	3	0.2	1.41758824043732	0.28329479072175	0.920219445159189	2.00700203108019	1.086782585921
717	0	0	0	0.1	0.149835346671587	0.032147080301963	0.0883974385166356	0.214347030460212	0.125949591943576	0	0	0	0.2	0.27774892814457	0.0734636228344381	0.130597925112705	0.422125475503463	0.291527550390758	0	0	1	0.1	0.110240269669139	0.0619764068945	-0.0171545890833056	0.227881838958229	0.245036428041535	0	0	1	0.2	0.290647736179939	0.151002153034208	-0.0166247914556774	0.601392133743216	0.618016925198894	0	0	2	0.1	0.341457288804195	0.0903431065381896	0.178021036597202	0.535845750387497	0.357824713790296	0	0	2	0.2	0.851053710657409	0.188710363199528	0.484135585863796	1.23794453810491	0.753808952241114	0	0	3	0.1	0.633417949392421	0.113736593756768	0.414053932637962	0.862437782059654	0.448383849421692	0	0	3	0.2	1.35296027751108	0.217627336463923	0.91163463926751	1.77852993667286	0.866895297405346
625	0	0	0	0.1	0.0722807062781947	0.0291687258315855	0.0111375324222641	0.131209088721057	0.120071556298793	0	0	0	0.2	0.191198197809367	0.0751687957667524	0.0444666675419356	0.349445726138079	0.304979058596144	0	0	1	0.1	0.261723302549877	0.0618897554021828	0.139296761863559	0.382993796492015	0.243697034628455	0	0	1	0.2	0.757391200905952	0.172364019482769	0.416820090966262	1.10955826390384	0.692738172937574	0	0	2	0.1	0.629513597471403	0.116160347429064	0.418637840988694	0.873822652854516	0.455184811865822	0	0	2	0.2	1.3769805313046	0.224474810806288	0.960214933891903	1.85350275052136	0.893287816629455	0	0	3	0.1	0.914326112493203	0.144874671974502	0.664542912844171	1.22989001949803	0.565347106653859	0	0	3	0.2	1.78802174854403	0.2472498998165	1.35510044970535	2.30754542191974	0.952444972214391
511	0	0	0	0.1	0.128406579676014	0.0299219944059148	0.0712710439598111	0.184830241799186	0.113559197839375	0	0	0	0.2	0.300542946941519	0.0729928085776657	0.15643275753938	0.451315612253122	0.294882854713742	0	0	1	0.1	0.243263604500628	0.0648441777665648	0.131442080303652	0.380251396016196	0.248809315712544	0	0	1	0.2	0.712244145274051	0.181266601112829	0.403859103211937	1.10773183136809	0.703872728156156	0	0	2	0.1	0.614426726955385	0.126359520740131	0.38814201560912	0.900911337959009	0.512769322349889	0	0	2	0.2	1.424140432683	0.256938364414681	0.934648785715718	1.97951013038787	1.04486134467216	0	0	3	0.1	0.964659928526821	0.167826173042049	0.654818042810759	1.32451966656783	0.669701623757071	0	0	3	0.2	1.94676460198807	0.291999908290806	1.3998729207959	2.54877388171839	1.14890096092249
624	0	0	0	0.1	0.122635738515735	0.0354230748933063	0.0537418255769086	0.196129279226867	0.142387453649958	0	0	0	0.2	0.303172278060409	0.0914968933428228	0.140459416407432	0.500856638336066	0.360397221928635	0	0	1	0.1	0.271761123999424	0.0713338105147898	0.137792407323238	0.421540476527527	0.283748069204289	0	0	1	0.2	0.803588098822575	0.210578982741505	0.436860708961571	1.26808214128076	0.831221432319184	0	0	2	0.1	0.659945113523185	0.133611832509924	0.432908174797184	0.966041411913709	0.533133237116525	0	0	2	0.2	1.48905888323626	0.261670101340498	1.040182526255	2.09338528972575	1.05320276347076	0	0	3	0.1	0.971136786167119	0.163013490376744	0.70529679549107	1.36144819464478	0.656151399153706	0	0	3	0.2	1.91365668795043	0.278098530921591	1.44338679762643	2.55242335616625	1.10903655853982
557	0	0	0	0.1	0.050061462199344	0.0324980862990554	-0.0133243134504512	0.109102894000728	0.12242720745118	0	0	0	0.2	0.120825138086436	0.076910116813779	-0.0260771085045606	0.267859022588289	0.29393613109285	0	0	1	0.1	0.151206979270641	0.0566083983045357	0.0358226908648499	0.262378832451067	0.226556141586217	0	0	1	0.2	0.466731440680589	0.147220097800216	0.182168016869646	0.759558902013667	0.577390885144021	0	0	2	0.1	0.446732758925391	0.0922261071603872	0.273958707736348	0.636242164626359	0.362283456890011	0	0	2	0.2	1.01220660604039	0.186958174924656	0.662335404096646	1.38478359807766	0.722448193981012	0	0	3	0.1	0.687292981762605	0.114421747331439	0.46731749897052	0.90698583585436	0.439668336883839	0	0	3	0.2	1.38513052091398	0.208115516697462	0.995138175589959	1.79081294382914	0.795674768239186
558	0	0	0	0.1	0.0325450587101523	0.0343884030580932	-0.0382371143447053	0.097170430536919	0.135407544881624	0	0	0	0.2	0.0902011547395448	0.0783276048756276	-0.0741072620937041	0.243072184589473	0.317179446683177	0	0	1	0.1	0.156671542281071	0.0607480629884459	0.0449768402061295	0.281872094092176	0.236895253886047	0	0	1	0.2	0.532192715017597	0.162263309691623	0.24459401243988	0.892307552714455	0.647713540274574	0	0	2	0.1	0.542704601957691	0.0989135873956759	0.359922451324603	0.758860297397315	0.398937846072712	0	0	2	0.2	1.23169191252522	0.184330556040786	0.876838754109214	1.60960361885783	0.732764864748618	0	0	3	0.1	0.853556687351241	0.116388771672885	0.625819733329486	1.09198226617415	0.466162532844663	0	0	3	0.2	1.66688107695206	0.201916095115215	1.26535146465458	2.07576348718229	0.810412022527711
501	0	0	0	0.1	0.101525088736079	0.0291890936694804	0.0398992101711544	0.158333516620519	0.118434306449364	0	0	0	0.2	0.185033797872303	0.0655147791485854	0.0584187710172225	0.30843470527655	0.250015934259327	0	0	1	0.1	0.161709367232207	0.0524904481927846	0.0549293801246249	0.263853018457047	0.208923638332422	0	0	1	0.2	0.536296465872531	0.138029634072188	0.277010218777238	0.824395046359577	0.547384827582339	0	0	2	0.1	0.581283790196392	0.0932573372123412	0.411096603054906	0.768986128865987	0.357889525811082	0	0	2	0.2	1.34111338528718	0.184902743000215	1.00784986267335	1.69626520682007	0.688415344146718	0	0	3	0.1	0.91743532920458	0.122643020887553	0.699324304558688	1.16014357064167	0.460819266082984	0	0	3	0.2	1.82338820262354	0.214347485054084	1.4208472425672	2.24340439045121	0.82255714788401
460	0	0	0	0.1	0.0853055827842682	0.0322573493562198	0.0250782051352138	0.150184099807451	0.125105894672237	0	0	0	0.2	0.170157784905684	0.0706397616215768	0.0404993211822803	0.306415286550551	0.265915965368271	0	0	1	0.1	0.157403036150447	0.0556509851757398	0.0474787335983959	0.270644726894605	0.223165993296209	0	0	1	0.2	0.4810414289389	0.158624995099446	0.176325835500719	0.80706277721225	0.63073694171153	0	0	2	0.1	0.495817249803899	0.117704535033512	0.264827000442856	0.728457368041419	0.463630367598563	0	0	2	0.2	1.22993206092487	0.26989489680796	0.709791528354526	1.75369608373732	1.04390455538279	0	0	3	0.1	0.861810931844581	0.174497214941899	0.536185696347788	1.1995081678419	0.663322471494111	0	0	3	0.2	1.88228588698809	0.345777176003884	1.22099503908106	2.55789956200792	1.33690452292686
587	0	0	0	0.1	0.135583651733025	0.0336221583204168	0.0718129743099492	0.204143795088089	0.132330820778139	0	0	0	0.2	0.228242634287948	0.0940221077034209	0.0406095897866941	0.40960234203865	0.368992752251956	0	0	1	0.1	0.00882564541240588	0.0683988072876533	-0.129328817409342	0.14719396169329	0.276522779102633	0	0	1	0.2	0.168857499563303	0.164252678412468	-0.142309221490607	0.508437673352432	0.650746894843039	0	0	2	0.1	0.335970708267527	0.11134677016475	0.153373596511009	0.581448309416038	0.428074712905029	0	0	2	0.2	0.854673997136052	0.230932157278083	0.485203021744154	1.36026709554195	0.875064073797793	0	0	3	0.1	0.658641228650937	0.146632416765848	0.439210674871503	1.01077731536466	0.571566640493156	0	0	3	0.2	1.34452536026564	0.259214819374154	0.945048567011046	1.92542895855147	0.980380391540423
521	0	0	0	0.1	0.123047244819147	0.0304703547461272	0.063718542761918	0.184652563013699	0.120934020251781	0	0	0	0.2	0.346578113284252	0.0840316082626907	0.188629420183474	0.514122364331442	0.325492944147968	0	0	1	0.1	0.285947243576911	0.0675509597577936	0.169589182595662	0.430693248785265	0.261104066189602	0	0	1	0.2	0.708926883989162	0.167253974769732	0.416272163114879	1.07563545431508	0.659363291200206	0	0	2	0.1	0.514630243342232	0.101126869781267	0.330800103144621	0.725133978107076	0.394333874962455	0	0	2	0.2	1.11680479632612	0.193468322787504	0.761207955951957	1.5045375023095	0.743329546357547	0	0	3	0.1	0.738363938514859	0.120168667564911	0.517792239456495	0.980064912862344	0.462272673405849	0	0	3	0.2	1.48810644085862	0.212955121470245	1.08941853630018	1.90322955704857	0.813811020748396
518	0	0	0	0.1	0.0988420491313179	0.0300917380846933	0.0409601384055162	0.158438428139309	0.117478289733793	0	0	0	0.2	0.19415280039463	0.0745866313724281	0.0520720101343232	0.336293182548045	0.284221172413722	0	0	1	0.1	0.185671034006378	0.0681664231064163	0.0542186391182637	0.319599397787051	0.265380758668788	0	0	1	0.2	0.714610002594262	0.217885635442913	0.328986281539518	1.17143898642031	0.842452704880797	0	0	2	0.1	0.745610473259985	0.144266659260811	0.481229437027027	1.05141888464579	0.570189447618762	0	0	2	0.2	1.76772810260143	0.26675955933095	1.27472551808522	2.31494958237212	1.0402240642869	0	0	3	0.1	1.17998211387027	0.169962532686077	0.854182316605114	1.52946545553429	0.675283138929177	0	0	3	0.2	2.31769381402133	0.277021576475316	1.80848259729624	2.85712348275054	1.04864088545431
572	0	0	0	0.1	0.173839682582792	0.0299430185173241	0.116053377105788	0.234788716422921	0.118735339317133	0	0	0	0.2	0.327120385250862	0.0747730864654666	0.188897817173104	0.479642182799414	0.290744365626311	0	0	1	0.1	0.146954558373013	0.0551792659479725	0.0396144010529897	0.254773049999744	0.215158648946754	0	0	1	0.2	0.472033179225284	0.158450201228563	0.174819117539089	0.787180955144366	0.612361837605277	0	0	2	0.1	0.52426921306007	0.110008105545455	0.317858563256296	0.745061770542383	0.427203207286087	0	0	2	0.2	1.29393114514038	0.225151536806498	0.881929922329477	1.74141806064185	0.85948813831237	0	0	3	0.1	0.911555601982983	0.143822978920387	0.657652190684684	1.2070255075062	0.549373316821517	0	0	3	0.2	1.85249794228208	0.252439679805495	1.3997550540525	2.38266701036225	0.98291195630975
509	0	0	0	0.1	0.113616312683417	0.0305487879968515	0.0534691250122504	0.173399962297225	0.119930837284975	0	0	0	0.2	0.180408089853281	0.0748393974320939	0.0290639183884641	0.327268138393614	0.29820422000515	0	0	1	0.1	0.130961981860461	0.0673271814731943	0.0084612652489674	0.257575942118636	0.249114676869668	0	0	1	0.2	0.458493788491723	0.190413001978885	0.112481063570949	0.840474218365923	0.727993154794974	0	0	2	0.1	0.550156272158942	0.129754945586176	0.316362807903804	0.829407353706573	0.513044545802769	0	0	2	0.2	1.29942922259683	0.263096806719319	0.810235183894186	1.8441614856617	1.03392630176751	0	0	3	0.1	0.931080184395345	0.170410053340025	0.618163954231259	1.27303411149134	0.654870157260082	0	0	3	0.2	1.83573970203143	0.287207606972581	1.29073581755728	2.39308978224741	1.10235396469013
600	0	0	0	0.1	0.17882936365335	0.040234356664037	0.107468870925761	0.26194655415056	0.154477683224799	0	0	0	0.2	0.437079649156329	0.0955629371226176	0.265660793849987	0.644584412019694	0.378923618169707	0	0	1	0.1	0.2945297484581	0.0728168765320884	0.163229788373094	0.437121009756269	0.273891221383175	0	0	1	0.2	0.846071942451844	0.197886260826085	0.485315274783711	1.23871804371068	0.75340276892697	0	0	2	0.1	0.672358872157908	0.121522488768503	0.449168260085393	0.908782237076233	0.45961397699084	0	0	2	0.2	1.51655241891946	0.224582296681411	1.06711808029983	1.94906876472809	0.881950684428253	0	0	3	0.1	0.993608544299527	0.144483274278165	0.727970815496962	1.28424488082426	0.556274065327298	0	0	3	0.2	1.96231217649495	0.243024908193638	1.47617069123507	2.44766212319879	0.971491431963724
498	0	0	0	0.1	0.103159935963658	0.0309666559866009	0.0449976755481544	0.165090502214461	0.120092826666307	0	0	0	0.2	0.235058359994467	0.0749921940834703	0.092818422004299	0.393409429306951	0.300591007302652	0	0	1	0.1	0.212677916573484	0.0571436418758966	0.107018041830855	0.331427075036492	0.224409033205637	0	0	1	0.2	0.591755159684537	0.148023342748019	0.324876088104417	0.915057063982953	0.590180975878536	0	0	2	0.1	0.504556127230037	0.096439560093279	0.327341909380612	0.698972324157708	0.371630414777096	0	0	2	0.2	1.15371745092503	0.199794141372179	0.792860342728759	1.56472013514499	0.771859792416235	0	0	3	0.1	0.775650079988872	0.125174612851554	0.552565268476984	1.03844431756515	0.485879049088165	0	0	3	0.2	1.6043871159353	0.231113283608879	1.19288717162573	2.06402878344471	0.871141611818974
444	0	0	0	0.1	0.10466905250158	0.0292794083940958	0.0483576385173948	0.161152753865453	0.112795115348058	0	0	0	0.2	0.193276372529996	0.0680740920435546	0.0604016093072095	0.321473496317664	0.261071887010455	0	0	1	0.1	0.0952251897505558	0.051359363259486	-0.00937762570532392	0.19922842849906	0.208606054204384	0	0	1	0.2	0.307652699290511	0.132546781119308	0.051693753138885	0.591056727615782	0.539362974476897	0	0	2	0.1	0.361830594084901	0.0899751412692719	0.195789681687511	0.548577428695878	0.352787747008367	0	0	2	0.2	0.925669895981584	0.201449899611042	0.545023808774121	1.36096564941504	0.815941840640923	0	0	3	0.1	0.675458448947261	0.126743601731586	0.444020957930469	0.938172017664751	0.494151059734282	0	0	3	0.2	1.50290102011477	0.248443988963848	1.04282001634201	2.03457380557926	0.991753789237255
721	0	0	0	0.1	0.143396949844883	0.0344278817276958	0.0789013581526079	0.212568396627946	0.133667038475338	0	0	0	0.2	0.314905977040812	0.0867242237007678	0.152051328752706	0.493891873352403	0.341840544599697	0	0	1	0.1	0.181740260531706	0.0626612541948147	0.0637756249679298	0.305975631154204	0.242200006186275	0	0	1	0.2	0.502909189856182	0.162085800873253	0.192604469840199	0.803522788590225	0.610918318750026	0	0	2	0.1	0.453181947979224	0.104997522204143	0.257404648143777	0.664414382592095	0.407009734448318	0	0	2	0.2	1.02276063972197	0.212409079285581	0.638980404984759	1.46564695213313	0.826666547148371	0	0	3	0.1	0.707695546494287	0.130892627140233	0.482546428571518	0.99377358143118	0.511227152859661	0	0	3	0.2	1.46517976757492	0.250882652987835	1.05445733286246	2.00636832587905	0.951910993016593
606	0	0	0	0.1	0.0814552552545991	0.0337424358407279	0.0178393486248191	0.149727399963491	0.131888051338672	0	0	0	0.2	0.153145980073326	0.0725978350258919	0.0117609341222773	0.296498792440302	0.284737858318024	0	0	1	0.1	0.131930469320435	0.0505933792891906	0.0324202074183013	0.23049908137372	0.198078873955419	0	0	1	0.2	0.388616213369595	0.136604322027132	0.133870316030932	0.662354340796514	0.528484024765582	0	0	2	0.1	0.447507928839551	0.100802076036831	0.271845942565089	0.670907554902357	0.399061612337268	0	0	2	0.2	1.05731465640735	0.21877058423263	0.688145382040488	1.55186004748058	0.863714665440092	0	0	3	0.1	0.753583247742055	0.138699587843399	0.532055038788857	1.06192309369634	0.52986805490748	0	0	3	0.2	1.55777936731953	0.259888317441033	1.13411345205798	2.15454214041382	1.02042868835584
622	0	0	0	0.1	0.0730787150221422	0.0297303114421355	0.0157853878086503	0.132682160821481	0.11689677301283	0	0	0	0.2	0.210062252320039	0.0720761318023628	0.0764377394841413	0.355938746422597	0.279501006938456	0	0	1	0.1	0.305875401511428	0.0585169461966075	0.204259340755665	0.429816613719795	0.22555727296413	0	0	1	0.2	1.04927779560094	0.214000699994549	0.697372448397417	1.5411576473926	0.843785198995187	0	0	2	0.1	0.975647329509619	0.158358946354115	0.720521302134913	1.3256271144305	0.605105812295589	0	0	2	0.2	2.27587911042807	0.317674051190356	1.76141996660442	2.96442519243851	1.20300522583409	0	0	3	0.1	1.5100602420435	0.218403679950067	1.15490687978287	1.99713687029545	0.84222999051258	0	0	3	0.2	2.95520187648369	0.377965756482811	2.33266367243208	3.79077021779899	1.45810654536691
520	0	0	0	0.1	0.0719908840282568	0.0307490281598521	0.0130509557902211	0.130516471747103	0.117465515956882	0	0	0	0.2	0.159897265037389	0.0781889106215893	0.0131390243587327	0.321742650289218	0.308603625930485	0	0	1	0.1	0.242647037299748	0.0676817796253336	0.112733746059758	0.378896009357046	0.266162263297288	0	0	1	0.2	0.879678312054172	0.200284708483186	0.481275906151853	1.2707746175946	0.789498711442742	0	0	2	0.1	0.792652042931985	0.133521396456125	0.543226699486234	1.06854870643618	0.525322006949948	0	0	2	0.2	1.79790222803183	0.254514599097777	1.30938695820428	2.34807375180033	1.03868679359604	0	0	3	0.1	1.1738183314788	0.17417742683455	0.859211600012251	1.53850863196759	0.679297031955338	0	0	3	0.2	2.31543101089059	0.296651620441569	1.77060743529729	2.97504275528298	1.2044353199857
487	0	0	0	0.1	0.156187154648634	0.0291548051032283	0.102878815180578	0.217724813632206	0.114845998451628	0	0	0	0.2	0.354664590178991	0.0717913205649365	0.224030750057627	0.50701408001141	0.282983329953783	0	0	1	0.1	0.23692423009992	0.0559366051045998	0.134217664454677	0.35269127673095	0.218473612276273	0	0	1	0.2	0.636094608697833	0.15930142172668	0.361291535704583	0.960193702021353	0.59890216631677	0	0	2	0.1	0.539818102575726	0.114105915738226	0.340336711463326	0.761019407402248	0.420682695938923	0	0	2	0.2	1.23230651473512	0.239277285170098	0.800649163102868	1.70294428555979	0.902295122456919	0	0	3	0.1	0.832760891326498	0.148840515315629	0.5665088874223	1.12282191683947	0.556313029417167	0	0	3	0.2	1.66205096604642	0.25765673070356	1.19366741494275	2.1678543169153	0.974186901972549
564	0	0	0	0.1	0.0970678937176504	0.0300211378448495	0.0396796203520359	0.159414487698744	0.119734867346708	0	0	0	0.2	0.197487861406889	0.0768462153842967	0.0550524823724348	0.365663059335917	0.310610576963482	0	0	1	0.1	0.165911452090031	0.0748405089167815	0.0269289499791562	0.324909326862741	0.297980376883585	0	0	1	0.2	0.561748999498675	0.210792075134697	0.186858448423428	1.01209966487113	0.825241216447702	0	0	2	0.1	0.616016940293526	0.133066434692192	0.377323017959163	0.911059477130442	0.53373645917128	0	0	2	0.2	1.45735893081105	0.243962260928619	0.9946123164325	1.99353002149424	0.99891770506174	0	0	3	0.1	1.03083773931383	0.160152998065992	0.745525161750445	1.38255378043269	0.637028618682248	0	0	3	0.2	2.00905434705012	0.263510601521734	1.53735744782564	2.55496068453381	1.01760323670817
612	0	0	0	0.1	0.152290552007167	0.0298134333432323	0.0948044370303417	0.210986172620632	0.116181735590291	0	0	0	0.2	0.312873536895256	0.0820369366346975	0.166683566957112	0.482281095991384	0.315597529034273	0	0	1	0.1	0.134343614322859	0.0659100373173926	0.0159920759024308	0.277281069214319	0.261288993311889	0	0	1	0.2	0.476990874086309	0.188206632775133	0.137869928575922	0.856922948281599	0.719053019705678	0	0	2	0.1	0.489339937159638	0.123254903915048	0.275666616058097	0.744671156039703	0.469004539981606	0	0	2	0.2	1.18049626785284	0.241434042223028	0.748862530070505	1.67306061281623	0.924198082745726	0	0	3	0.1	0.819183427609804	0.147291790103917	0.568548370833367	1.14310009967336	0.574551728839996	0	0	3	0.2	1.67896789005211	0.256364659377907	1.21575278912847	2.24203936111607	1.0262865719876
687	0	0	0	0.1	0.0839057844065451	0.0324955872337411	0.0195605643542805	0.144955744394973	0.125395180040692	0	0	0	0.2	0.125299568003798	0.0756810972767481	-0.0200053697641737	0.279945617500021	0.299950987264195	0	0	1	0.1	0.115352733749274	0.0631476992720466	-0.00254109976324231	0.235975703770239	0.238516803533481	0	0	1	0.2	0.460772771476355	0.181996657617892	0.157796474536276	0.814431621680468	0.656635147144192	0	0	2	0.1	0.560290940022887	0.133329570148295	0.323217046798443	0.824515814025722	0.501298767227279	0	0	2	0.2	1.30883872389352	0.261202055317144	0.830851066975418	1.81002495643101	0.979173889455592	0	0	3	0.1	0.906448347324532	0.169787172247618	0.587985371787586	1.24089334610019	0.6529079743126	0	0	3	0.2	1.8051755830512	0.291384809294024	1.23648253692583	2.37967064491894	1.14318810799311
676	0	0	0	0.1	0.128147920455639	0.0331278343831452	0.0631929276559206	0.192403505736024	0.129210578080104	0	0	0	0.2	0.313232377976946	0.0840829265984991	0.156746477594818	0.473269742606394	0.316523265011576	0	0	1	0.1	0.238424884810264	0.0532978155102283	0.134296445561171	0.338620310099597	0.204323864538426	0	0	1	0.2	0.663083063081032	0.136933459497913	0.407527065584788	0.944742970578843	0.537215904994054	0	0	2	0.1	0.598945945875075	0.0954949313769161	0.423199815321549	0.80976260445253	0.386562789130981	0	0	2	0.2	1.3524032840269	0.195200116126817	0.99335575083789	1.75048087747781	0.757125126639919	0	0	3	0.1	0.926776358704169	0.136123105255802	0.689239568840255	1.19653941457558	0.507299845735329	0	0	3	0.2	1.81928437963852	0.234234315984049	1.39414940522328	2.2758681341452	0.881718728921914
561	0	0	0	0.1	0.105864248926988	0.0301894428963261	0.0464729809952444	0.167564395230096	0.121091414234851	0	0	0	0.2	0.217457117446735	0.0761633934270559	0.0760192222116368	0.375745035915966	0.299725813704329	0	0	1	0.1	0.184554332843019	0.0771118746651196	0.0417892141164299	0.342712250611717	0.300923036495287	0	0	1	0.2	0.626871593694252	0.210268044684987	0.24450295073362	1.0561592977336	0.811656346999981	0	0	2	0.1	0.606603031006094	0.133637317910213	0.340953434550431	0.865891152184883	0.524937717634451	0	0	2	0.2	1.44310446123423	0.266250782359709	0.889546959045346	1.94946407111041	1.05991711206507	0	0	3	0.1	0.976514589999101	0.170002677192152	0.63435869671385	1.32420614482912	0.689847448115266	0	0	3	0.2	2.00195993904533	0.293848509094773	1.422610386961	2.591921382891	1.16931099593
551	0	0	0	0.1	0.133285304057485	0.0342611248855094	0.0677495488436675	0.204292191154257	0.136542642310589	0	0	0	0.2	0.224821825352322	0.0745302603387003	0.0893356445158787	0.387928721277996	0.298593076762118	0	0	1	0.1	0.16650652182569	0.0548527652692614	0.0545332054277896	0.27743928232466	0.222906076896871	0	0	1	0.2	0.505520811122549	0.14667335250728	0.223966909659506	0.804918801741185	0.580951892081678	0	0	2	0.1	0.5245805524073	0.101979799132883	0.33746186208075	0.735897370316989	0.398435508236239	0	0	2	0.2	1.23243183813344	0.212669052871439	0.844448567881408	1.66632679612312	0.821878228241708	0	0	3	0.1	0.860213356934859	0.138883174560054	0.608206650167548	1.14569806105822	0.537491410890676	0	0	3	0.2	1.71888118658699	0.253429788288384	1.27364306495106	2.24838084753097	0.974737782579904
591	0	0	0	0.1	0.129700114627885	0.0319128670578512	0.0700465342316194	0.195441038247445	0.125394504015826	0	0	0	0.2	0.28895749439905	0.0782483936450257	0.154009287284595	0.463577565551135	0.309568278266539	0	0	1	0.1	0.230797549683805	0.0567052196284975	0.130388647712707	0.351886133733225	0.221497486020518	0	0	1	0.2	0.645067708878736	0.153646639785122	0.379169525424039	0.985428602790843	0.606259077366803	0	0	2	0.1	0.535179317133038	0.0985944048318225	0.358290146119641	0.739094167725164	0.380804021605523	0	0	2	0.2	1.14656626588551	0.194197066570998	0.788914106034083	1.53953292490629	0.75061881887221	0	0	3	0.1	0.741444862378698	0.124891839416709	0.517010603581049	0.991927723683605	0.474917120102556	0	0	3	0.2	1.43913708659925	0.225517770744053	1.00906452223961	1.88863477042102	0.879570248181418
586	0	0	0	0.1	0.11393139416084	0.0319081310843103	0.0509046237007436	0.178150315140322	0.127245691439578	0	0	0	0.2	0.282317598085065	0.0766803212303702	0.14097056533656	0.435964116931387	0.294993551594827	0	0	1	0.1	0.241996693269578	0.0517717534070626	0.147367619124394	0.347988563215082	0.200620944090688	0	0	1	0.2	0.647609866602255	0.137420387312895	0.393904451051463	0.942976784646658	0.549072333595195	0	0	2	0.1	0.524230222952877	0.0988983485503778	0.350336826857063	0.744852066575313	0.39451523971825	0	0	2	0.2	1.19510814908535	0.217277569483962	0.822094438128993	1.69578664760957	0.873692209480575	0	0	3	0.1	0.789352218525246	0.145718044170572	0.549608538306545	1.1363723368008	0.58676379849426	0	0	3	0.2	1.67964319614183	0.287478242335636	1.1983406165408	2.35890621060965	1.16056559406885
677	0	0	0	0.1	0.125905584042709	0.0304086066496471	0.0686795008680586	0.188477882364217	0.119798381496158	0	0	0	0.2	0.315216884609905	0.0834085008056953	0.166455896947653	0.495136949006313	0.328681052058659	0	0	1	0.1	0.266449207916262	0.0625794753973352	0.156389219544615	0.393897237514987	0.237508017970372	0	0	1	0.2	0.713284481448761	0.167046682698287	0.413483307617735	1.07146747894098	0.657984171323249	0	0	2	0.1	0.52427858907883	0.108547636144407	0.318066043780075	0.758364243507878	0.440298199727803	0	0	2	0.2	1.12930683116817	0.214695789902342	0.707033956552969	1.58203390334883	0.874999946795857	0	0	3	0.1	0.699784388356285	0.128037219529476	0.455817519553834	0.963115476287586	0.507297956733752	0	0	3	0.2	1.39454611928863	0.232897813432015	0.943760127825119	1.86765911496064	0.923898987135522
594	0	0	0	0.1	0.0642596174671085	0.0359855028860135	-0.00598090847863114	0.138523389049873	0.144504297528504	0	0	0	0.2	0.178074480550603	0.0919883946842927	0.00860708819530702	0.370460920105469	0.361853831910162	0	0	1	0.1	0.248725724061649	0.0648287399729719	0.13009811828565	0.376200583410112	0.246102465124461	0	0	1	0.2	0.809843658111612	0.186825250852478	0.455355547428493	1.17239836834101	0.717042820912512	0	0	2	0.1	0.715952520123375	0.121948103329454	0.483550671991194	0.954719162943292	0.471168490952098	0	0	2	0.2	1.60984628117813	0.232443875583798	1.16326790269297	2.07057344379999	0.907305541107015	0	0	3	0.1	1.05220938406139	0.147824740185926	0.784250283051939	1.36445107195124	0.580200788899302	0	0	3	0.2	2.06137285748829	0.245594507523953	1.60221236974492	2.5587611919703	0.956548822225378
609	0	0	0	0.1	0.0877415466698682	0.029338337240225	0.0311759926177941	0.147270509621768	0.116094517003974	0	0	0	0.2	0.18375613064253	0.0786157949623212	0.0437362685237363	0.343370883225955	0.299634614702218	0	0	1	0.1	0.170603495949316	0.0630617724535922	0.0485021230466026	0.292403990530088	0.243901867483485	0	0	1	0.2	0.544584660417455	0.170610268598895	0.224611733299232	0.872594083854653	0.647982350555421	0	0	2	0.1	0.505381933658073	0.114326407736815	0.281829863266178	0.735470895004276	0.453641031738098	0	0	2	0.2	1.15720884073784	0.231422983534382	0.69857523955896	1.62064876044546	0.922073520886505	0	0	3	0.1	0.774608618928581	0.145645550496066	0.510035844647614	1.08925827940564	0.579222434758024	0	0	3	0.2	1.58708893967967	0.262001695729073	1.11154802015651	2.12946018457806	1.01791216442156
682	0	0	0	0.1	0.0982010219606491	0.026614527057135	0.0457694413666399	0.151445902197297	0.105676460830657	0	0	0	0.2	0.26482402075452	0.0771848809782652	0.128961145047073	0.42915826223512	0.300197117188047	0	0	1	0.1	0.277962205714705	0.0658783449233725	0.162918465590826	0.416948316728109	0.254029851137283	0	0	1	0.2	0.794781096831432	0.184590169654868	0.480367905129601	1.20959109232988	0.729223187200277	0	0	2	0.1	0.650648932819892	0.122949995638343	0.443975049306711	0.910047914636127	0.466072865329416	0	0	2	0.2	1.40627363640128	0.221654687588215	1.02048830333169	1.88207442543534	0.861586122103646	0	0	3	0.1	0.932139270107385	0.14802931844253	0.674319930070792	1.25138860625877	0.57706867618798	0	0	3	0.2	1.76854444914976	0.242578206391749	1.33082766057082	2.28984262491614	0.959014964345319
629	0	0	0	0.1	0.0815817211832737	0.0362186254793112	0.0121664145993082	0.151360917406566	0.139194502807257	0	0	0	0.2	0.2292458349166	0.0945386634637448	0.0473882038499589	0.41182844003002	0.364440236180061	0	0	1	0.1	0.251096577782366	0.056345630142387	0.138488271804531	0.362196594174009	0.223708322369478	0	0	1	0.2	0.767310997182588	0.152223022163932	0.475769061216377	1.07651102589241	0.600741964676032	0	0	2	0.1	0.645730311884687	0.101852644114926	0.454057756758317	0.847379883975034	0.393322127216717	0	0	2	0.2	1.5020311666516	0.214763518364813	1.08080704398075	1.91203701751268	0.831229973531936	0	0	3	0.1	0.975853981138457	0.137272316051395	0.714616757703237	1.23669732227308	0.522080564569844	0	0	3	0.2	2.00361759632483	0.252097584980693	1.51819670368488	2.49673410482954	0.978537401144661
619	0	0	0	0.1	0.109001401462643	0.0369106203474254	0.041774236910469	0.183056451976406	0.141282215065937	0	0	0	0.2	0.188695100414532	0.0862464704599669	0.0356526515418033	0.373974920129663	0.33832226858786	0	0	1	0.1	0.107724251059132	0.0835867075530611	-0.0451034760320666	0.287382731473906	0.332486207505972	0	0	1	0.2	0.454327528341371	0.234003400374968	0.0556806446784231	0.976735908995003	0.92105526431658	0	0	2	0.1	0.525489618816197	0.149492636502739	0.270808948912187	0.851902530562246	0.581093581650059	0	0	2	0.2	1.24317978620766	0.285727600076077	0.738449999028923	1.83625239923891	1.09780240020999	0	0	3	0.1	0.891355809320753	0.174740976428556	0.575887694501618	1.27267020536839	0.696782510866776	0	0	3	0.2	1.79813274578479	0.299653523632404	1.22297873223448	2.3975140047804	1.17453527254592
633	0	0	0	0.1	0.100969066563103	0.0332130115579714	0.0386172582316771	0.169463062681749	0.130845804450072	0	0	0	0.2	0.298729290847347	0.0942569911015096	0.125981434532098	0.487704274372856	0.361722839840758	0	0	1	0.1	0.308510440626009	0.0726250754494645	0.175713019292745	0.463703160748744	0.287990141455999	0	0	1	0.2	0.848436503429844	0.179241348247065	0.540751741636514	1.2314508112592	0.690699069622686	0	0	2	0.1	0.638189204964307	0.109768657183373	0.438748947526383	0.876614441070094	0.437865493543711	0	0	2	0.2	1.34003352843801	0.204542457204236	0.978831920978372	1.77336321401597	0.794531293037598	0	0	3	0.1	0.862343920115845	0.13019739421264	0.634224328134357	1.13519608933555	0.500971761201188	0	0	3	0.2	1.71152289887937	0.231968708850553	1.28795680953182	2.16757704703796	0.879620237506133
620	0	0	0	0.1	0.0962490397834536	0.032744943961537	0.0327646480471133	0.158907299398559	0.126142651351446	0	0	0	0.2	0.231481539003666	0.0805747168161736	0.0779184331354075	0.389662583563463	0.311744150428056	0	0	1	0.1	0.250957071243378	0.0603182117979086	0.13497563151083	0.373396864391383	0.238421232880553	0	0	1	0.2	0.723928467768214	0.164579892565728	0.421941574035685	1.06357160993653	0.641630035900846	0	0	2	0.1	0.616072061153738	0.107065317018641	0.422344940512053	0.843680919251094	0.421335978739041	0	0	2	0.2	1.36440818616915	0.213789324311954	0.980330877082142	1.82094417996292	0.840613302880781	0	0	3	0.1	0.879008521727957	0.132489510879338	0.637943218431009	1.1576543747136	0.519711156282587	0	0	3	0.2	1.74975943774143	0.235847948028773	1.31929782185713	2.24575067375131	0.926452851894181
769	0	0	0	0.1	0.057608260824259	0.0294074336628084	-0.00416798156303028	0.108490012077343	0.112657993640373	0	0	0	0.2	0.0760642244085133	0.070933883674579	-0.0700577535973959	0.20656639915567	0.276624152753066	0	0	1	0.1	0.104088223447349	0.0550942703355965	-0.00795658341633091	0.209904724404122	0.217861307820453	0	0	1	0.2	0.332008523702426	0.143219970813314	0.0557452732781301	0.615535432229344	0.559790158951214	0	0	2	0.1	0.45203233493802	0.0920722340256373	0.27902403012857	0.640703625046841	0.361679594918271	0	0	2	0.2	1.06108646656134	0.183221290202524	0.70306333149627	1.41859530535368	0.715531973857408	0	0	3	0.1	0.78678795769085	0.120218249163339	0.565252258238587	1.02377798554231	0.458525727303724	0	0	3	0.2	1.5932420566502	0.223626105880752	1.17604058577954	2.0199620197248	0.843921433945261
697	0	0	0	0.1	0.0899940588520174	0.0333760624411167	0.026921938944248	0.157728222047854	0.130806283103606	0	0	0	0.2	0.155343693081885	0.0763686555934869	0.00355421673706765	0.300492260589064	0.296938043851997	0	0	1	0.1	0.135667664837978	0.0592099361021981	0.0217312133313082	0.25956762948556	0.237836416154252	0	0	1	0.2	0.444192868765229	0.160933799286922	0.150497843348106	0.78391275965269	0.633414916304584	0	0	2	0.1	0.490477265412806	0.104012024954423	0.298524001723331	0.703808936064168	0.405284934340837	0	0	2	0.2	1.16863948159591	0.213952362248878	0.764758047732237	1.60881549468566	0.844057446953425	0	0	3	0.1	0.829238974786432	0.140334586198276	0.58111057855437	1.12169912881267	0.5405885502583	0	0	3	0.2	1.69522696506754	0.258309768005006	1.21802369766946	2.23984621166871	1.02182251399924
571	0	0	0	0.1	0.0872669593003823	0.0313547346287794	0.0249876997667249	0.150965047600938	0.125977347834213	0	0	0	0.2	0.21976403438609	0.0700950544015817	0.0902263329317173	0.358999709859177	0.26877337692746	0	0	1	0.1	0.210369060565747	0.0564829376740822	0.0990578773660434	0.327569945348093	0.22851206798205	0	0	1	0.2	0.590989923763766	0.153499310906883	0.310564606314937	0.917000824150362	0.606436217835425	0	0	2	0.1	0.514809808425589	0.100864890137285	0.334861795807552	0.727489258270119	0.392627462462567	0	0	2	0.2	1.19573813404986	0.214321123748506	0.81849987551421	1.64506839850708	0.826568522992868	0	0	3	0.1	0.763165607391599	0.132754001011949	0.525841945387963	1.04987156050012	0.524029615112156	0	0	3	0.2	1.57032496522872	0.254988079134977	1.10674556160526	2.14012650107319	1.03338093946793
810	0	0	0	0.1	0.117078946840709	0.0315171972353736	0.0547583028054775	0.178834566544683	0.124076263739205	0	0	0	0.2	0.190299752729522	0.071389663792324	0.0502529948237639	0.338158937120369	0.287905942296605	0	0	1	0.1	0.130904350156809	0.0603403987605149	0.00670845932724483	0.248321064546865	0.24161260521962	0	0	1	0.2	0.528523316833456	0.176127356085942	0.208413294790831	0.90018015427653	0.691766859485699	0	0	2	0.1	0.657036732134744	0.118405458052463	0.441012378679876	0.902889605797584	0.461877227117707	0	0	2	0.2	1.57029524670333	0.227772177053459	1.14394663464437	2.03236568085954	0.888419046215173	0	0	3	0.1	1.09746406754094	0.154920323883223	0.810261308475621	1.41190881982121	0.601647511345586	0	0	3	0.2	2.22190363825676	0.271774882417206	1.70857517320784	2.77034853829334	1.0617733650855
681	0	0	0	0.1	0.0739489745223213	0.027593791604129	0.0197177644779805	0.126289367521438	0.106571603043458	0	0	0	0.2	0.176202088962326	0.0783532422584462	0.0247868346753452	0.341735536423102	0.316948701747757	0	0	1	0.1	0.248955020907934	0.0760740291675568	0.1053756466566	0.400271097446039	0.294895450789439	0	0	1	0.2	0.847892930020593	0.191884445476503	0.504092484873667	1.26284775533944	0.758755270465777	0	0	2	0.1	0.720334152570585	0.118252651659839	0.505297966879487	0.974224487546555	0.468926520667067	0	0	2	0.2	1.51477599458734	0.203558976742686	1.12777053351287	1.94432112113718	0.816550587624308	0	0	3	0.1	1.01431608539214	0.13580515329246	0.772950013771238	1.31068915151243	0.537739137741191	0	0	3	0.2	1.9000547842921	0.219629439146484	1.50433576295536	2.3685547605676	0.864218997612231
528	0	0	0	0.1	0.136316501367201	0.0417497301084784	0.0572382119657528	0.220516521368061	0.163278309402308	0	0	0	0.2	0.330682866000576	0.101748429049837	0.145467916486726	0.542583883633372	0.397115967146647	0	0	1	0.1	0.275808086955407	0.0681698047890499	0.152344603387595	0.413487078087861	0.261142474700267	0	0	1	0.2	0.864911316184387	0.187215173933105	0.536746919578349	1.24969872952943	0.712951809951084	0	0	2	0.1	0.738716399375683	0.117545493926713	0.526210033648066	0.987452331997054	0.461242298348988	0	0	2	0.2	1.66485343979384	0.219617576359064	1.2560588622361	2.14116934595647	0.885110483720364	0	0	3	0.1	1.09223727299727	0.144883471626485	0.836659693769063	1.40222419462471	0.565564500855648	0	0	3	0.2	2.18899445431164	0.250063469119791	1.73005081104065	2.70189550235835	0.971844691317696
630	0	0	0	0.1	0.0646977305932168	0.0344524395525897	-0.00389928330630027	0.133578092556621	0.137477375862921	0	0	0	0.2	0.155390435818956	0.0913768300147065	-0.0194954526492552	0.347294879207571	0.366790331856826	0	0	1	0.1	0.185192532902592	0.0726333920344014	0.048300673921932	0.332489136529569	0.284188462607637	0	0	1	0.2	0.672745932251133	0.19770855809073	0.317275955596673	1.07684592434299	0.759569968746319	0	0	2	0.1	0.647628824628062	0.117283903338289	0.447679525430006	0.898218757871582	0.450539232441576	0	0	2	0.2	1.50372976336026	0.220298794641653	1.11732092562327	1.95911195293194	0.84179102730867	0	0	3	0.1	1.03896287755026	0.144521265473905	0.783638505355631	1.34879596196897	0.565157456613342	0	0	3	0.2	2.04960348954425	0.239285824458135	1.62255685333692	2.54508518485153	0.922528331514606
623	0	0	0	0.1	0.100874419545437	0.0299212466263277	0.0425568425970425	0.16103403517111	0.118477192574068	0	0	0	0.2	0.238262207214421	0.0739251443544848	0.102108973485464	0.391667770134385	0.289558796648921	0	0	1	0.1	0.246251829395912	0.0629119256971305	0.129643726847776	0.375732809803012	0.246089082955236	0	0	1	0.2	0.779689551833418	0.181619548611509	0.452625257786292	1.14899709503144	0.69637183724515	0	0	2	0.1	0.727083383455677	0.119327543214826	0.511755061960481	0.962926984593502	0.451171922633021	0	0	2	0.2	1.55567517271677	0.213764828559411	1.1485474731296	1.98417209403687	0.835624620907268	0	0	3	0.1	1.09321218180471	0.1511936489633	0.8223198882112	1.40385680082365	0.581536912612447	0	0	3	0.2	2.0519603004527	0.247479154075605	1.57985086869754	2.58615828072771	1.00630741203017
533	0	0	0	0.1	0.142530855506898	0.0283384819861462	0.0906263733765613	0.196803147329994	0.106176773953433	0	0	0	0.2	0.285852146354423	0.0748966372991122	0.146044374339119	0.429823601849976	0.283779227510857	0	0	1	0.1	0.184253962692815	0.0614767532915979	0.0672825436926725	0.304939079798736	0.237656536106063	0	0	1	0.2	0.679288754685466	0.182291391125217	0.344661026886951	1.04999930010162	0.705338273214665	0	0	2	0.1	0.690196139859642	0.112607848259116	0.482167532590376	0.921151099775782	0.438983567185406	0	0	2	0.2	1.54112093434663	0.20069085058104	1.16330513507116	1.95535400772912	0.792048872657966	0	0	3	0.1	1.04907382694568	0.132561543519558	0.80057860218991	1.32274651378784	0.522167911597927	0	0	3	0.2	1.99258537036206	0.221781539733109	1.58439839172277	2.46963421270843	0.885235820985657
781	0	0	0	0.1	0.146486552300478	0.0371207147710849	0.074513571049529	0.223943556561028	0.149429985511499	0	0	0	0.2	0.286321356411477	0.0920901023403497	0.0934821346708706	0.458243807280516	0.364761672609645	0	0	1	0.1	0.139446374230889	0.0666348049621207	0.00394504220344534	0.267724053106842	0.263779010903397	0	0	1	0.2	0.419641126372531	0.167844559125236	0.106757546700455	0.746341441643813	0.639583894943358	0	0	2	0.1	0.421090283168118	0.107675486442175	0.228726236948648	0.649951989901623	0.421225752952976	0	0	2	0.2	1.0187902948236	0.22520632882379	0.62638205849074	1.4816585825255	0.855276524034759	0	0	3	0.1	0.713636294114436	0.140049258821146	0.485199628193436	1.00057033543146	0.515370707238021	0	0	3	0.2	1.49010659807397	0.258755500371697	1.0397994919082	1.99639459497988	0.956595103071686
628	0	0	0	0.1	0.0871553566563901	0.0388771858629607	0.00744855818986849	0.159026017990279	0.15157745980041	0	0	0	0.2	0.234459104831017	0.0858106236372688	0.0812051695292458	0.407575982292673	0.326370812763427	0	0	1	0.1	0.20030951065048	0.0667419087393599	0.0693019519547983	0.326411995843276	0.257110043888478	0	0	1	0.2	0.571772046371202	0.17534931812896	0.242140855412555	0.950129212952558	0.707988357540003	0	0	2	0.1	0.487809313725289	0.108879824547849	0.298449693810245	0.727624794324267	0.429175100514022	0	0	2	0.2	1.10511671843752	0.210550007008323	0.734577396891042	1.5645690326414	0.829991635750358	0	0	3	0.1	0.720916876891123	0.129684607244912	0.496454988869325	1.00938173409649	0.512926745227169	0	0	3	0.2	1.5040580746666	0.244621776802579	1.08078264758541	2.03540982270118	0.954627175115771
766	0	0	0	0.1	0.074908623424023	0.0265471664235393	0.0250221299786325	0.12562438455874	0.100602254580108	0	0	0	0.2	0.121328569281352	0.0654409050135287	-0.00144696420308232	0.2483243021431	0.249771266346182	0	0	1	0.1	0.134650380929034	0.0524791437193514	0.032962478607186	0.239466905084168	0.206504426476982	0	0	1	0.2	0.505502816836829	0.145738958901592	0.241923683119364	0.818567213687059	0.576643530567696	0	0	2	0.1	0.611323750812775	0.102097354755476	0.42537259609575	0.828974903303105	0.403602307207355	0	0	2	0.2	1.42717018407348	0.198573432248534	1.07542385220322	1.85106636006734	0.775642507864123	0	0	3	0.1	1.00380120409193	0.138840914218631	0.767986243672509	1.30108511347072	0.53309886979821	0	0	3	0.2	1.98943958504327	0.235630034123446	1.57588385030162	2.47641251133011	0.900528661028494
547	0	0	0	0.1	0.168127203559799	0.034157426285757	0.105321923249735	0.236291801201693	0.130969877951958	0	0	0	0.2	0.378902966003253	0.0868848752311251	0.218370619588118	0.55921394220125	0.340843322613132	0	0	1	0.1	0.19249754098436	0.0586058951801604	0.0739842949974319	0.307683671122784	0.233699376125353	0	0	1	0.2	0.535133471740682	0.1466272964028	0.247377631365481	0.840175078690174	0.592797447324694	0	0	2	0.1	0.460730581598482	0.0903115277109834	0.304287967027424	0.646484881124642	0.342196914097218	0	0	2	0.2	1.02471123431263	0.175667518471003	0.716054315432498	1.38064473650965	0.664590421077156	0	0	3	0.1	0.685335077701394	0.106418405169357	0.501468064189879	0.904583101093664	0.403115036903785	0	0	3	0.2	1.37918922608388	0.19403297858604	1.02918901883636	1.78350753920184	0.754318520365485
740	0	0	0	0.1	0.056622335956675	0.0328488085984822	-0.0126237931985146	0.122207341296397	0.134831134494912	0	0	0	0.2	0.096972848061128	0.0853275635136393	-0.0638658603861043	0.283485377081978	0.347351237468082	0	0	1	0.1	0.192556452439632	0.0760443805125174	0.0542334099777459	0.3443972980195	0.290163888041754	0	0	1	0.2	0.7387208807035	0.217465166128983	0.352190155420196	1.19423124020698	0.842041084786779	0	0	2	0.1	0.728795356836862	0.131019297518483	0.494042330195961	0.99957816442729	0.505535834231329	0	0	2	0.2	1.61771509146338	0.23806141777648	1.16587286125677	2.101123853917	0.935250992660223	0	0	3	0.1	1.07289953604054	0.148631272709974	0.793596710423534	1.38279722370325	0.589200513279717	0	0	3	0.2	2.04296126144326	0.24601769183675	1.57373800508317	2.52659728045886	0.952859275375689
512	0	0	0	0.1	0.12989744895559	0.0441973136823914	0.0472589737566658	0.227650199224953	0.180391225468288	0	0	0	0.2	0.321431914762101	0.102206306587306	0.138072697869949	0.529835161362662	0.391762463492713	0	0	1	0.1	0.234644794955311	0.0731247402967138	0.0984184238090341	0.385535665289865	0.28711724148083	0	0	1	0.2	0.611729177953825	0.161426118901158	0.323493599311411	0.928494534721658	0.605000935410247	0	0	2	0.1	0.479934096871707	0.0902936137033991	0.309840476706374	0.668303617326735	0.358463140620361	0	0	2	0.2	1.03609692717653	0.181093371887929	0.703907387056295	1.41218708346463	0.708279696408332	0	0	3	0.1	0.679721768849785	0.11629998583414	0.48702147363382	0.937329561210903	0.450308087577084	0	0	3	0.2	1.37467925279786	0.222209842366299	1.008881985948	1.90631839543772	0.897436409489713
603	0	0	0	0.1	0.203187491664918	0.0368500054518495	0.130053411884994	0.276811245249307	0.146757833364313	0	0	0	0.2	0.337417738652659	0.0843045356516771	0.176171266593271	0.498016822128257	0.321845555534985	0	0	1	0.1	0.115525187538405	0.0619902475624679	-0.00333573876369128	0.23676343219676	0.240099170960451	0	0	1	0.2	0.32039045530984	0.143993694899309	0.0547276041554028	0.603394505888661	0.548666901733258	0	0	2	0.1	0.366571622686941	0.0872800463389899	0.21150625356648	0.546704900081852	0.335198646515372	0	0	2	0.2	0.89332222064392	0.18515745825	0.549011547757031	1.26794319032473	0.718931642567696	0	0	3	0.1	0.640079446085878	0.113781172830476	0.423982960073331	0.868937203512431	0.4449542434391	0	0	3	0.2	1.37087379717329	0.218551934219464	0.952847377974036	1.81720056454379	0.864353186569751
616	0	0	0	0.1	0.0797054766515258	0.0251133145901156	0.031356995405207	0.129597356907577	0.0982403615023702	0	0	0	0.2	0.157012377902824	0.0635869415137148	0.0421392449269384	0.289531169808017	0.247391924881078	0	0	1	0.1	0.236127959401526	0.0642222769046531	0.119755639358136	0.36852057007584	0.248764930717704	0	0	1	0.2	0.756263838925379	0.192201541949031	0.419942094550338	1.15602131943	0.736079224879657	0	0	2	0.1	0.721471035747127	0.132646134981349	0.485141529292696	1.01056865351581	0.525427124223119	0	0	2	0.2	1.54321521401745	0.232722642518686	1.09232205336198	2.00379500937655	0.911472956014564	0	0	3	0.1	0.99705201455103	0.157391892795744	0.697148639841522	1.32031844620325	0.623169806361728	0	0	3	0.2	1.91436986925724	0.266112776991802	1.38047254275125	2.42898413231556	1.04851158956431
542	0	0	0	0.1	0.129807335480827	0.030506228563568	0.0730497244365163	0.188594254858445	0.115544530421929	0	0	0	0.2	0.291720333419952	0.0729880879237965	0.158846503991039	0.446608288835676	0.287761784844637	0	0	1	0.1	0.218948499404231	0.0592326107937024	0.110755194479528	0.344887533376769	0.234132338897241	0	0	1	0.2	0.625769901779077	0.16181594971838	0.340262792559272	0.985117156130316	0.644854363571044	0	0	2	0.1	0.56006669886121	0.106524359844757	0.374642696944151	0.790095241594303	0.415452544650152	0	0	2	0.2	1.30253442843476	0.223429571343599	0.902225980158422	1.76501706291398	0.862791082755556	0	0	3	0.1	0.89016797358266	0.14889625789565	0.632189989936609	1.20387565646325	0.57168566652664	0	0	3	0.2	1.82835852139558	0.272076597509091	1.34911117488306	2.39924127153659	1.05013009665353
824	0	0	0	0.1	0.0586756140577468	0.0307293514137111	-2.91698356825226e-05	0.120174089502887	0.120203259338569	0	0	0	0.2	0.165165652549913	0.0734744632972112	0.0239623107030136	0.313318281326519	0.289355970623505	0	0	1	0.1	0.231698134209394	0.0755742376377438	0.0924469644651077	0.372835180156885	0.280388215691778	0	0	1	0.2	0.680024099023006	0.20765160170304	0.29322888049422	1.07006204997976	0.776833169485537	0	0	2	0.1	0.584956499817554	0.127676077889836	0.344056904814052	0.828059079021278	0.484002174207226	0	0	2	0.2	1.33050436234919	0.251885328289346	0.829064582138977	1.79859804480317	0.969533462664197	0	0	3	0.1	0.893839413811328	0.147137650283421	0.617577989917037	1.17519760420592	0.557619614288884	0	0	3	0.2	1.82103903616516	0.252604005724873	1.33734369242037	2.33734262653327	0.9999989341129
543	0	0	0	0.1	0.103780438257788	0.0313353668857893	0.0446388181540333	0.164709424430143	0.12007060627611	0	0	0	0.2	0.189916643755629	0.0713337727955928	0.0559835461621048	0.340594842925761	0.284611296763657	0	0	1	0.1	0.155496786772828	0.0614631909612919	0.039502744321554	0.282633816921662	0.243131072600108	0	0	1	0.2	0.52950735457702	0.180879809887436	0.192379275435516	0.891497299242751	0.699118023807235	0	0	2	0.1	0.559506610485959	0.122919081193595	0.329280864086377	0.795721017384247	0.46644015329787	0	0	2	0.2	1.31068642771084	0.248223935280853	0.826162850003834	1.76745197266159	0.941289122657755	0	0	3	0.1	0.886650558057059	0.1545098885857	0.600146256905085	1.18655492074509	0.586408663840002	0	0	3	0.2	1.80202353524531	0.273415668838529	1.28367716363221	2.33286164693033	1.04918448329812
710	0	0	0	0.1	0.100429712943268	0.030656802128184	0.0370350566991594	0.159218761314159	0.122183704615	0	0	0	0.2	0.241368378340956	0.0791269882085568	0.0794405026644693	0.394887774910233	0.315447272245764	0	0	1	0.1	0.218848423040188	0.0612307145667153	0.102652386164694	0.340965604342716	0.238313218178021	0	0	1	0.2	0.608266906564339	0.157861537423397	0.323645905202174	0.927614828723023	0.603968923520849	0	0	2	0.1	0.513131679048751	0.101825649065296	0.339778118117674	0.741247583321023	0.401469465203349	0	0	2	0.2	1.12523172088868	0.195309659208214	0.792346238178125	1.55114670228766	0.758800464109534	0	0	3	0.1	0.741894719128031	0.120872341165976	0.536103483815367	1.00414965627744	0.468046172462068	0	0	3	0.2	1.46797558147811	0.213900397951044	1.09824132995835	1.91987069520361	0.821629365245261
695	0	0	0	0.1	0.0934990368640854	0.0334166521486329	0.0315860497308299	0.15825136853902	0.12666531880819	0	0	0	0.2	0.151346399844939	0.0798408581020216	-0.00538507545111149	0.29986391886179	0.305248994312902	0	0	1	0.1	0.10301674594482	0.0662326399121161	-0.0305965770575353	0.218761728248292	0.249358305305827	0	0	1	0.2	0.389629175750246	0.179351595014469	0.0273766809500891	0.729054929793647	0.701678248843558	0	0	2	0.1	0.475568288049175	0.115435126453033	0.247423994836905	0.70834081680213	0.460916821965225	0	0	2	0.2	1.13866644546722	0.233896149008233	0.68475171184289	1.59322545873635	0.908473746893455	0	0	3	0.1	0.813495756987867	0.145598209357802	0.533680479767631	1.10045743938579	0.566776959618163	0	0	3	0.2	1.65987570403347	0.253803349847491	1.17979199918045	2.16858579261961	0.988793793439159
738	0	0	0	0.1	0.106815162269125	0.043137146332276	0.0260928901986433	0.190871830670798	0.164778940472155	0	0	0	0.2	0.202245734091329	0.110501437931121	-0.0156708451290568	0.411188449998035	0.426859295127092	0	0	1	0.1	0.0159716694382879	0.0876437086512539	-0.156518848699578	0.183575104470619	0.340093953170198	0	0	1	0.2	0.0770997316637069	0.213500580076133	-0.332590742425943	0.506793356375058	0.839384098801001	0	0	2	0.1	0.233709413702655	0.124189410349334	0.0184976396609305	0.486369830776379	0.467872191115448	0	0	2	0.2	0.684965755853574	0.277123712993985	0.189607558301649	1.23417996903615	1.0445724107345	0	0	3	0.1	0.596011920149517	0.166666088485385	0.310191616951354	0.936141454475324	0.62594983752397	0	0	3	0.2	1.31355169487979	0.305101414620513	0.772169082534017	1.91147017594365	1.13930109340963
725	0	0	0	0.1	0.166119801204066	0.0341493688764014	0.100168311108648	0.235546183888389	0.13537787277974	0	0	0	0.2	0.344568203720867	0.0818116358523892	0.197471621895865	0.522396788260613	0.324925166364748	0	0	1	0.1	0.175835741146457	0.0601929228789294	0.0578566461925822	0.29615533652249	0.238298690329908	0	0	1	0.2	0.518435380334958	0.157390361436582	0.228176178582546	0.850765744113017	0.622589565530472	0	0	2	0.1	0.529943029302167	0.109648952248987	0.331757862453011	0.768075984950274	0.436318122497263	0	0	2	0.2	1.28703850689071	0.225229563613427	0.858510009150906	1.76307933401629	0.904569324865388	0	0	3	0.1	0.937152671875336	0.152987850144556	0.670342264312771	1.25521335353367	0.584871089220904	0	0	3	0.2	1.92708704261099	0.263931103614947	1.44743267722711	2.45491917451406	1.00748649728695
593	0	0	0	0.1	0.0438027921428017	0.0259699718986093	-0.00648081304907907	0.0949795842685335	0.101460397317613	0	0	0	0.2	0.0601776411231483	0.0609191770243499	-0.0642530300358985	0.177869190820144	0.242122220856042	0	0	1	0.1	0.122821212427676	0.056012684061319	0.00823741714257019	0.233617687870436	0.225380270727866	0	0	1	0.2	0.44756885869798	0.165215887267612	0.126281463403846	0.78334998561055	0.657068522206704	0	0	2	0.1	0.535297770237279	0.120864198859627	0.313031093061445	0.780086724272278	0.467055631210833	0	0	2	0.2	1.33225301717856	0.25303080057821	0.843878634961646	1.83671497370308	0.992836338741433	0	0	3	0.1	0.945075113233339	0.161526273228659	0.648299944003959	1.28195447483598	0.633654530832019	0	0	3	0.2	1.97391916905655	0.283706100663168	1.43892415436911	2.55239444163813	1.11347028726901
592	0	0	0	0.1	0.0737053138215547	0.0341165767733424	0.000797318381551899	0.140684769562681	0.139887451181129	0	0	0	0.2	0.204686484621348	0.078285213112511	0.0483547310638801	0.359867113909736	0.311512382845856	0	0	1	0.1	0.301220193545757	0.0692911233858783	0.175591676634544	0.4497642801839	0.274172603549356	0	0	1	0.2	0.937831303628714	0.209495486775096	0.571796473322211	1.39211933184506	0.82032285852285	0	0	2	0.1	0.7933284244505	0.134360177124173	0.551111828331304	1.07542524812206	0.524313419790753	0	0	2	0.2	1.75033455283164	0.250605602575013	1.30277159773856	2.27494833234684	0.972176734608283	0	0	3	0.1	1.11783438829516	0.159815469692053	0.834368053201349	1.4672513366075	0.632883283406147	0	0	3	0.2	2.19606729977765	0.26883513992076	1.69640555085495	2.76100873061037	1.06460317975542
770	0	0	0	0.1	0.0812677403871891	0.0295493831132102	0.0275580774185112	0.140013425740596	0.112455348322085	0	0	0	0.2	0.185511700396017	0.0724945550588759	0.0470199088524411	0.327356839839919	0.280336930987478	0	0	1	0.1	0.206625011687764	0.0709715250648242	0.0799208727843066	0.34619341370671	0.266272540922403	0	0	1	0.2	0.680860890552797	0.242903093126908	0.281840540021491	1.19079027910319	0.908949739081696	0	0	2	0.1	0.672710436449398	0.185366647077101	0.349793030772114	1.04304384359831	0.6932508128262	0	0	2	0.2	1.57036993285753	0.371261447966798	0.898279319926241	2.26174239817171	1.36346307824547	0	0	3	0.1	1.07341095044121	0.239075416815406	0.657941802892847	1.53480222692754	0.876860424034692	0	0	3	0.2	2.09821871061909	0.38449663854108	1.39503701496597	2.80898336541688	1.41394635045092
549	0	0	0	0.1	0.0476661146371865	0.0289272586831417	-0.0113206982063969	0.100760163291095	0.112080861497492	0	0	0	0.2	0.102641678774596	0.0636803010432813	-0.0265403191283866	0.227681346554005	0.254221665682391	0	0	1	0.1	0.136342275664151	0.0551444531930692	0.0234634784683778	0.246534695308374	0.223071216839996	0	0	1	0.2	0.498383908059703	0.169854097978867	0.187286484131543	0.862190813065096	0.674904328933553	0	0	2	0.1	0.522794199683523	0.120040726208819	0.306150201117424	0.782167363095966	0.476017161978542	0	0	2	0.2	1.27832993081204	0.254004416472492	0.819806841017343	1.79479339554581	0.974986554528469	0	0	3	0.1	0.859637571994434	0.157921120133145	0.579404796534351	1.18754749643928	0.608142699904929	0	0	3	0.2	1.77981310553938	0.280238995483904	1.25666626899948	2.34373107685192	1.08706480785244
726	0	0	0	0.1	0.0886376771388185	0.0334458993606846	0.02122483210466	0.156572554432518	0.135347722327858	0	0	0	0.2	0.269706132973042	0.099919644278584	0.0715076617221536	0.473536101467176	0.402028439745022	0	0	1	0.1	0.349953206867457	0.0860945855253456	0.201286876193865	0.535976139429373	0.334689263235508	0	0	1	0.2	1.17040923246462	0.256076231761911	0.722848364066071	1.71215674056988	0.989308376503812	0	0	2	0.1	0.958697062060024	0.154700968145674	0.685616397406877	1.27911727616432	0.593500878757442	0	0	2	0.2	2.06043764653784	0.261308173072064	1.57894248852193	2.5934680548923	1.01452556637037	0	0	3	0.1	1.33829527558951	0.171661065691092	1.03115007505168	1.69730937533298	0.666159300281296	0	0	3	0.2	2.48162524410309	0.263298931635651	2.01359693632009	3.01291493018287	0.999317993862777
570	0	0	0	0.1	0.112381420996677	0.0331594372980216	0.0494413175532828	0.175397059129735	0.125955741576453	0	0	0	0.2	0.165196334713602	0.0772390710838285	0.00968954430975187	0.319570634271242	0.30988108996149	0	0	1	0.1	0.102254974249815	0.0559668396327103	-0.00853739791615073	0.202492610178487	0.211030008094638	0	0	1	0.2	0.466516445090269	0.164996434220507	0.16422883536187	0.819980645076342	0.655751809714471	0	0	2	0.1	0.62502227125545	0.124649625891542	0.410584773452001	0.896444888694664	0.485860115242663	0	0	2	0.2	1.46985384832868	0.245008504578854	1.03657618557638	1.97480124519855	0.938225059622163	0	0	3	0.1	1.05917948106681	0.175119336572417	0.748345004395017	1.42804807389236	0.679703069497342	0	0	3	0.2	2.07745434722756	0.291707804270265	1.55179522282373	2.69833543660005	1.14654021377632
692	0	0	0	0.1	0.116140575435647	0.0352826346297262	0.048746521800025	0.184498666951649	0.135752145151624	0	0	0	0.2	0.197835873341733	0.0748484335235162	0.0449335121019881	0.344117639816687	0.299184127714699	0	0	1	0.1	0.108031468117024	0.0599978673443996	-0.00338292394535371	0.239180461317787	0.242563385263141	0	0	1	0.2	0.31335659155526	0.14820429557778	0.0448897676698018	0.63362195563249	0.588732187962689	0	0	2	0.1	0.345051466729099	0.0881521110488355	0.19303027072656	0.534748230527225	0.341717959800665	0	0	2	0.2	0.821637800886841	0.181898183180565	0.495656862916315	1.21486505459115	0.719208191674832	0	0	3	0.1	0.594210751607893	0.108069371216815	0.410783520583035	0.831323447359975	0.42053992677694	0	0	3	0.2	1.25789234714046	0.203015062316715	0.909102054926259	1.69368884594726	0.784586791021001
742	0	0	0	0.1	0.105265179332987	0.0322615848306253	0.0436348279340675	0.167074366120806	0.123439538186739	0	0	0	0.2	0.223077509776983	0.0838500681075219	0.0690392209672339	0.397271626418335	0.328232405451101	0	0	1	0.1	0.153291223816444	0.0695268623837981	0.0181552482870332	0.290065301696215	0.271910053409182	0	0	1	0.2	0.563030495961922	0.181208569894564	0.218707294475649	0.94478980804664	0.726082513570991	0	0	2	0.1	0.564712093949419	0.108051533000355	0.360839409164656	0.796929989777614	0.436090580612958	0	0	2	0.2	1.26296764876624	0.192621594611023	0.89096236675738	1.65441852713189	0.763456160374511	0	0	3	0.1	0.872623680829768	0.122974371170457	0.637523315732711	1.13369483333573	0.496171517603014	0	0	3	0.2	1.66648203518124	0.205277902386482	1.28226171798713	2.08443619735839	0.802174479371256
822	0	0	0	0.1	0.0788676014651748	0.0320205313928497	0.0198922564957973	0.147856197902354	0.127963941406557	0	0	0	0.2	0.227796377665615	0.0871214885335544	0.0736081545464152	0.42449727261858	0.350889118072164	0	0	1	0.1	0.239531976164592	0.0711852506538473	0.105370078629535	0.383192147981916	0.277822069352381	0	0	1	0.2	0.725221821695252	0.193755701257023	0.367521116340045	1.11949618608721	0.751975069747163	0	0	2	0.1	0.610402282766298	0.119281435064369	0.385528121462015	0.842923780691416	0.4573956592294	0	0	2	0.2	1.35397944912297	0.22562614655925	0.918294395421758	1.77762989097833	0.859335495556575	0	0	3	0.1	0.898332932084	0.144605109800713	0.624170883731882	1.1680744947598	0.543903611027918	0	0	3	0.2	1.72720142654873	0.246596935243685	1.25241447995788	2.1752822539062	0.922867773948324
767	0	0	0	0.1	0.0743989734208749	0.0287770422731914	0.0180825657404774	0.134460442154007	0.11637787641353	0	0	0	0.2	0.133269271988257	0.0684249842313792	0.00768767321769863	0.278424421794788	0.27073674857709	0	0	1	0.1	0.150719640887908	0.0509770280657207	0.0515644510010694	0.250809278608584	0.199244827607514	0	0	1	0.2	0.448243790411903	0.132176703759272	0.18824405039715	0.717130854146839	0.528886803749689	0	0	2	0.1	0.467647157321952	0.0902884369872808	0.309960600900272	0.657651126184107	0.347690525283835	0	0	2	0.2	1.09601382431876	0.191692626524632	0.755325517306719	1.51707550574983	0.761749988443108	0	0	3	0.1	0.788969481845909	0.13050222184557	0.566057163092505	1.07051968881976	0.504462525727257	0	0	3	0.2	1.637738627991	0.242468462915452	1.19883357587245	2.16163895698723	0.962805381114778
846	0	0	0	0.1	0.116052653584811	0.0312420366068087	0.0579668833173874	0.180090366214248	0.12212348289686	0	0	0	0.2	0.263334907250459	0.0755985130935634	0.125663989552586	0.421143562764517	0.295479573211931	0	0	1	0.1	0.214029994235465	0.0633238006199623	0.0972054848224279	0.338056618584419	0.240851133761991	0	0	1	0.2	0.62318617350123	0.180280966843464	0.313737037933271	0.993922770766204	0.680185732832932	0	0	2	0.1	0.553245305115258	0.120706107763368	0.341409710213821	0.804698179354884	0.463288469141063	0	0	2	0.2	1.32992695705234	0.24426172109674	0.884284819380497	1.80281360098218	0.918528781601687	0	0	3	0.1	0.892141683690643	0.154302507893523	0.61052950788041	1.20331255000975	0.592783042129343	0	0	3	0.2	1.84682518869045	0.269242285031004	1.32174019788847	2.38031890934067	1.0585787114522
658	0	0	0	0.1	0.105374897089731	0.0317138438705517	0.0444921517611496	0.170131068915878	0.125638917154728	0	0	0	0.2	0.24759503126218	0.0714035307307734	0.114287255541885	0.39499183273738	0.280704577195494	0	0	1	0.1	0.280074264477439	0.0623775169752373	0.161124563356524	0.402374578806291	0.241250015449767	0	0	1	0.2	0.785023495331932	0.163565478958533	0.477658402247921	1.12694361025621	0.649285208008292	0	0	2	0.1	0.619659357054552	0.105944028806537	0.441459693930727	0.845169040424648	0.40370934649392	0	0	2	0.2	1.38781092415461	0.22101918871787	1.00565076499355	1.8471100300797	0.841459265086146	0	0	3	0.1	0.872001663745556	0.145243508557565	0.61198010999253	1.17389592322672	0.561915813234188	0	0	3	0.2	1.81814940966759	0.271314669398256	1.29667653677268	2.35426255191113	1.05758601513845
652	0	0	0	0.1	0.0654399772418842	0.0344831775851534	-0.00231548327711623	0.1367206650711	0.139036148348216	0	0	0	0.2	0.178788623290273	0.0864269966915002	0.0206759668650702	0.370985081076252	0.350309114211182	0	0	1	0.1	0.232103505260377	0.0638217560276599	0.116017289204621	0.362882180750139	0.246864891545519	0	0	1	0.2	0.70083125224994	0.17156782347999	0.387219718962528	1.05723802198554	0.670018303023008	0	0	2	0.1	0.60080123168182	0.105689486377249	0.409959735034533	0.817152113787179	0.407192378752647	0	0	2	0.2	1.3665701296427	0.210870855346932	0.976708103691138	1.79266728803171	0.815959184340574	0	0	3	0.1	0.873728073559716	0.128409358901559	0.647561598599093	1.13266674888388	0.485105150284784	0	0	3	0.2	1.76751233769552	0.237377813311144	1.34646337247374	2.24206961075366	0.895606238279921
636	0	0	0	0.1	0.113792620792045	0.0363440625236994	0.0447821594358671	0.189071283523173	0.144289124087306	0	0	0	0.2	0.217100438435472	0.0928252137701851	0.0523028522298679	0.415549642697089	0.363246790467221	0	0	1	0.1	0.183633545461785	0.0755845084475386	0.0537378887213208	0.361756742157211	0.30801885343589	0	0	1	0.2	0.668184289609313	0.207294001160029	0.3130913910666	1.15147020094812	0.838378809881521	0	0	2	0.1	0.68914566693452	0.128154332625417	0.471407536260348	0.98539513824227	0.513987601981922	0	0	2	0.2	1.54341964733316	0.234482504665498	1.10174029014339	2.05515410296129	0.953413812817903	0	0	3	0.1	1.04702638071732	0.157097006652994	0.753786495266555	1.40202742408241	0.648240928815851	0	0	3	0.2	2.03918749263122	0.26434590559402	1.51942589890124	2.62914467752099	1.10971877861975
799	0	0	0	0.1	0.0884401333586481	0.0272608785090194	0.0391094088123143	0.14461008267471	0.105500673862396	0	0	0	0.2	0.181122284305996	0.0738407667212681	0.0427829065733039	0.33888356492194	0.296100658348637	0	0	1	0.1	0.18387574847887	0.0692367405518256	0.0579302231235626	0.323359270354854	0.265429047231292	0	0	1	0.2	0.676326663937748	0.200236889576485	0.300932240405119	1.05607783182771	0.755145591422594	0	0	2	0.1	0.671661060403428	0.115641581401067	0.457408620964579	0.905071388656868	0.447662767692289	0	0	2	0.2	1.53690603982432	0.2139492837329	1.14507215345938	1.981122896743	0.836050743283614	0	0	3	0.1	1.03130270639942	0.145401061037895	0.778971864414618	1.33382902921262	0.554857164798	0	0	3	0.2	2.0294580405093	0.254899052706884	1.57661443300189	2.5475149186929	0.970900485691007
640	0	0	0	0.1	0.0576081012990203	0.0385068418030782	-0.015428092613896	0.135949628318092	0.151377720931988	0	0	0	0.2	0.143158352154247	0.0795512024888048	-0.0125471045588799	0.306181113416727	0.318728217975607	0	0	1	0.1	0.136676769884824	0.0525760368980098	0.0356155441190415	0.241462531025494	0.205846986906453	0	0	1	0.2	0.427063389166262	0.145096553533861	0.151477434076783	0.712644991622929	0.561167557546146	0	0	2	0.1	0.416391211675837	0.103088917177035	0.228675797624782	0.624111757405597	0.395435959780814	0	0	2	0.2	1.0181602576965	0.228575271001486	0.598051885459374	1.46791760593025	0.869865720470876	0	0	3	0.1	0.689946174778686	0.139373319489911	0.443894263722324	0.975952181798187	0.532057918075864	0	0	3	0.2	1.48460172453575	0.268559803536424	0.99920768632817	2.01495241235118	1.01574472602301
634	0	0	0	0.1	0.078726072082207	0.0297733024314091	0.0249851900720159	0.139107151429737	0.114121961357721	0	0	0	0.2	0.186923658575229	0.0729217344633129	0.0545752951254617	0.343299903194791	0.288724608069329	0	0	1	0.1	0.217349390956468	0.0629971981261368	0.106120447629074	0.341887046329106	0.235766598700032	0	0	1	0.2	0.738722188475234	0.204448568823107	0.398293535792145	1.1583922522442	0.760098716452055	0	0	2	0.1	0.748203007786077	0.143429281317065	0.503765562592879	1.0475806097602	0.543815047167324	0	0	2	0.2	1.79189162065114	0.27443824890346	1.30779242813984	2.32514366971894	1.0173512415791	0	0	3	0.1	1.21974817924257	0.177148543574304	0.906241205671822	1.58125660448637	0.675015398814547	0	0	3	0.2	2.33334077636893	0.292149063686884	1.8043879421409	2.90633024190834	1.10194229976744
618	0	0	0	0.1	0.0869577707673199	0.0306404815644814	0.0291798383858864	0.148941001019271	0.119761162633385	0	0	0	0.2	0.181638951772876	0.0824293950142543	0.0263135828879536	0.353812041840186	0.327498458952232	0	0	1	0.1	0.150958790349761	0.0684411634180032	0.0159513822701257	0.291301675448788	0.275350293178663	0	0	1	0.2	0.611710722103104	0.191381807931436	0.258077573308497	1.02509879274588	0.767021219437378	0	0	2	0.1	0.645848159397689	0.132924369279958	0.412092527149096	0.922106292851837	0.510013765702741	0	0	2	0.2	1.50153671213702	0.249826651457781	1.01729148502126	2.00479194260066	0.987500457579393	0	0	3	0.1	1.01716815332248	0.171338707873606	0.692944499655218	1.35452620947858	0.661581709823364	0	0	3	0.2	1.94094879437443	0.281281889605334	1.39842346470953	2.48916263919108	1.09073917448155
632	0	0	0	0.1	0.110438140522255	0.0311307456114681	0.0496438939543845	0.171811135068495	0.122167241114111	0	0	0	0.2	0.235955253315413	0.0925079820777487	0.0693135788981651	0.441477848043816	0.372164269145651	0	0	1	0.1	0.220653032018457	0.0747736795856866	0.0871662370175463	0.384580325256967	0.297414088239421	0	0	1	0.2	0.696974158162605	0.186890654606689	0.36135518182961	1.11425983655195	0.752904654722337	0	0	2	0.1	0.619592572107352	0.109399659535802	0.42553209602551	0.860625395898706	0.435093299873196	0	0	2	0.2	1.36309379026558	0.205613684380963	0.993068266136614	1.77706212729347	0.783993861156854	0	0	3	0.1	0.922432196016799	0.133766708253531	0.683505843365441	1.20826945262406	0.524763609258616	0	0	3	0.2	1.80302211537428	0.226990361782211	1.38955874619901	2.27301282151754	0.883454075318521
715	0	0	0	0.1	0.14732343470642	0.0387381615974707	0.0747550910575401	0.228721022620786	0.153965931563246	0	0	0	0.2	0.299936316980691	0.0867909445341363	0.141994487284572	0.48702720789809	0.345032720613518	0	0	1	0.1	0.169635688192868	0.0700689358043172	0.0400856527429965	0.311267029150351	0.271181376407354	0	0	1	0.2	0.49626191828022	0.179931274276268	0.164520413574404	0.872547555962674	0.70802714238827	0	0	2	0.1	0.472157110812365	0.113072760468615	0.272130754797375	0.718085037220521	0.445954282423146	0	0	2	0.2	1.09761124675129	0.231279537244155	0.682590776024044	1.57718717379908	0.894596397775038	0	0	3	0.1	0.749978111982748	0.140883784402533	0.505659036002478	1.05902980482328	0.553370768820805	0	0	3	0.2	1.55517804466538	0.256802807784295	1.10424603673832	2.0722858122768	0.968039775538484
614	0	0	0	0.1	0.190623535336917	0.036186620496225	0.121151987230815	0.2654587666968	0.144306779465985	0	0	0	0.2	0.336659082335463	0.0929100306130824	0.170709952842283	0.531656177385282	0.360946224542999	0	0	1	0.1	0.112849827479211	0.0679977956056711	-0.00799210777333874	0.250801972325244	0.258794080098583	0	0	1	0.2	0.419689603173868	0.176163463204675	0.102763796409574	0.797566875552013	0.694803079142439	0	0	2	0.1	0.503462694298636	0.113138112769983	0.302651774962067	0.749256234226746	0.446604459264679	0	0	2	0.2	1.23252516147783	0.233777044150638	0.821546774318227	1.71144111487012	0.889894340551895	0	0	3	0.1	0.883974462294722	0.156951473342965	0.603658836208565	1.21101954867598	0.60736071246742	0	0	3	0.2	1.81904992151353	0.278965721797636	1.30055155550679	2.36917162301433	1.06862006750754
643	0	0	0	0.1	0.0191014347341037	0.0317034318757863	-0.0459902022822081	0.0801756149577042	0.126165817239912	0	0	0	0.2	0.0567635988138789	0.0692945721949522	-0.0746138446943284	0.188530720517752	0.263144565212081	0	0	1	0.1	0.172983737711459	0.0619584606108171	0.0569691381234875	0.291959618148032	0.234990480024544	0	0	1	0.2	0.599231326735006	0.182910607889865	0.255908594652694	0.960151183541756	0.704242588889062	0	0	2	0.1	0.577724106894355	0.12421905389971	0.346102429358063	0.833483464455771	0.487381035097708	0	0	2	0.2	1.36710840216604	0.253591677623397	0.898498027484753	1.85763025231509	0.959132224830333	0	0	3	0.1	0.902321321095697	0.155877200930525	0.618852627928921	1.21959168476283	0.600739056833907	0	0	3	0.2	1.84961713732894	0.279061248782066	1.33260118772383	2.38203540680193	1.04943421907809
598	0	0	0	0.1	0.117276014287049	0.0360037075840903	0.0484788375677957	0.187548817683805	0.139069980116009	0	0	0	0.2	0.235458228210917	0.0766602748172859	0.10376047660417	0.395762905449904	0.292002428845734	0	0	1	0.1	0.174624856766629	0.0716317087440373	0.0453877515830142	0.329829602090975	0.284441850507961	0	0	1	0.2	0.595046577634608	0.196046825173821	0.24482053465058	1.01319783609492	0.768377301444344	0	0	2	0.1	0.59336599736047	0.119324909461059	0.381138661149801	0.858302440253238	0.477163779103437	0	0	2	0.2	1.36027390106656	0.227021189525865	0.942002594366846	1.84233944300912	0.900336848642273	0	0	3	0.1	0.953999129833407	0.147318360933976	0.682558685209434	1.27520697075123	0.592648285541796	0	0	3	0.2	1.88928193914608	0.254034270879573	1.42497012367733	2.40966267166309	0.984692547985768
691	0	0	0	0.1	0.0735069020852703	0.0326572676382377	0.00991850849378694	0.140785835402323	0.130867326908536	0	0	0	0.2	0.16559201976868	0.0783486730355386	0.0142547758223566	0.325129641830561	0.310874866008204	0	0	1	0.1	0.198916359056964	0.0686087510902545	0.0740205771385253	0.338137522111748	0.264116944973223	0	0	1	0.2	0.634577510208955	0.178246086896005	0.318054762386655	1.00255334376644	0.684498581379787	0	0	2	0.1	0.578337290946113	0.10843337519194	0.37132549645577	0.792367160440871	0.421041663985101	0	0	2	0.2	1.31121414571799	0.211609132757911	0.905991252177044	1.74096147358397	0.834970221406928	0	0	3	0.1	0.865867460589778	0.132451977438093	0.625823197862933	1.14318553826307	0.517362340400135	0	0	3	0.2	1.73425843554101	0.234708622616581	1.29851782074057	2.21831734896033	0.919799528219761
743	0	0	0	0.1	0.131698648124109	0.0305034983995645	0.0770805294965312	0.195102024847002	0.118021495350471	0	0	0	0.2	0.337964908538391	0.0802915971861406	0.187261713569516	0.50526839944115	0.318006685871634	0	0	1	0.1	0.224806298214975	0.05980805899101	0.104053677418907	0.346544367160633	0.242490689741726	0	0	1	0.2	0.660209481823448	0.164546787292053	0.346690835266462	1.01256995546213	0.665879120195671	0	0	2	0.1	0.581326297186737	0.112596616642971	0.365655112563656	0.823238258045033	0.457583145481377	0	0	2	0.2	1.34805879139652	0.220319509068938	0.93911906182002	1.77738259819009	0.838263536370067	0	0	3	0.1	0.930233980244406	0.146472706297393	0.662249467124905	1.2214122537279	0.559162786602992	0	0	3	0.2	1.85654811468584	0.244582682588889	1.40858139508259	2.33847836954893	0.92989697446634
685	0	0	0	0.1	0.095624499169348	0.0282687053559831	0.0415048660730524	0.152893218019198	0.111388351946146	0	0	0	0.2	0.212713028125883	0.0709017670859181	0.0812313817298602	0.359013769438564	0.277782387708704	0	0	1	0.1	0.19283863116802	0.0639801229263838	0.0648472153207803	0.316022250498119	0.251175035177339	0	0	1	0.2	0.581526886570689	0.182727309285569	0.237002090938514	0.950322553419669	0.713320462481155	0	0	2	0.1	0.541887904471752	0.124302593152876	0.314773294236715	0.806321245085687	0.491547950848972	0	0	2	0.2	1.25458980723205	0.24913522750101	0.797315594119241	1.75839585347013	0.961080259350885	0	0	3	0.1	0.860454227405976	0.162894972275021	0.571807273267212	1.19686507790104	0.625057804633832	0	0	3	0.2	1.74548153124268	0.286895598244449	1.22316533508885	2.34852242843989	1.12535709335104
576	0	0	0	0.1	0.0911207640690754	0.0290862565521433	0.038262551848437	0.148350550475131	0.110087998626694	0	0	0	0.2	0.144397839243173	0.0759814540853239	-0.00230932830262825	0.289038730952541	0.291348059255169	0	0	1	0.1	0.109263525939455	0.0713377928490133	-0.0331807501481608	0.250112054637444	0.283292804785605	0	0	1	0.2	0.471945605379696	0.190003227475686	0.11970776584363	0.843229210741903	0.723521444898273	0	0	2	0.1	0.588225165492036	0.119256095420891	0.364615268240506	0.82569542773905	0.461080159498544	0	0	2	0.2	1.38493986687982	0.228322098642573	0.942000353941311	1.82854494718683	0.886544593245519	0	0	3	0.1	0.979695553760034	0.153605998943712	0.694646134764434	1.29045446798695	0.595808333222518	0	0	3	0.2	1.90644351338351	0.262030385444435	1.40425347586667	2.40441224968612	1.00015877381946
611	0	0	0	0.1	0.0734964100848334	0.0306569345103094	0.0137656225086472	0.133168902750936	0.119403280242289	0	0	0	0.2	0.214406137559175	0.076921327233814	0.0763680417339034	0.36233039736005	0.285962355626146	0	0	1	0.1	0.351983493458712	0.07277554043424	0.22097797252991	0.511411987135391	0.290434014605481	0	0	1	0.2	1.11300289312397	0.223172025552247	0.724468283098994	1.59366517501279	0.869196891913792	0	0	2	0.1	0.913356693282201	0.144738659949719	0.655778592414852	1.22828794887066	0.572509356455805	0	0	2	0.2	1.9421514645118	0.252198422339678	1.47755915354073	2.46891213207684	0.99135297853611	0	0	3	0.1	1.2728975014713	0.175276029797146	0.962306826966	1.64742184988754	0.685115022921538	0	0	3	0.2	2.40188518985286	0.280687046480857	1.89368721680788	2.98691316279152	1.09322594598364
565	0	0	0	0.1	0.133309233692072	0.0370187027808049	0.0608965048665819	0.20429665511746	0.143400150250878	0	0	0	0.2	0.271528350193188	0.0998877793533463	0.0590623258097044	0.467338429513923	0.408276103704219	0	0	1	0.1	0.138636003196098	0.0715031291257016	0.0026469547678519	0.291795633229771	0.289148678461919	0	0	1	0.2	0.484919455699588	0.171305133208343	0.165758965178965	0.852986670462569	0.687227705283604	0	0	2	0.1	0.487232726519387	0.100415022848612	0.313728938218558	0.699377418371589	0.385648480153031	0	0	2	0.2	1.15377867407519	0.194502631314954	0.798792187606211	1.56341469292287	0.764622505316658	0	0	3	0.1	0.791843063062275	0.120252304043697	0.564371599348291	1.05918640350523	0.494814804156937	0	0	3	0.2	1.6238692109399	0.216649161791282	1.22195755187544	2.06734026572806	0.845382713852617
713	0	0	0	0.1	0.144125741388317	0.0306119804731731	0.0832852679893785	0.205264436551868	0.121979168562489	0	0	0	0.2	0.292604343680266	0.0763333425136299	0.144830260841766	0.446230545144616	0.301400284302849	0	0	1	0.1	0.203782995927641	0.0757815242872825	0.0536571422047629	0.359589743395729	0.305932601190966	0	0	1	0.2	0.694878469089918	0.226797534462989	0.271517840405762	1.16871014042776	0.897192300021994	0	0	2	0.1	0.689133082746014	0.148505131229657	0.414240550935207	0.98905168407952	0.574811133144313	0	0	2	0.2	1.66241032606373	0.286629662181009	1.12613729887738	2.21773910033365	1.09160180145627	0	0	3	0.1	1.13703562549622	0.183131351380681	0.79906763698787	1.49679179509306	0.697724158105187	0	0	3	0.2	2.26606777852897	0.30767267589176	1.67982028902415	2.87680114825221	1.19698085922807
675	0	0	0	0.1	0.16862189794017	0.0335673096761828	0.105573051814508	0.235615547645984	0.130042495831476	0	0	0	0.2	0.423103480736875	0.0855858783221175	0.267754625821732	0.600503393332704	0.332748767510972	0	0	1	0.1	0.29532980915542	0.0650548377309767	0.171139192827765	0.431508078267268	0.260368885439503	0	0	1	0.2	0.785888069756182	0.185244298534929	0.4518133143455	1.17597584023581	0.724162525890309	0	0	2	0.1	0.602625904314595	0.131282166909752	0.364747665086372	0.885618667463884	0.520871002377512	0	0	2	0.2	1.33908722440457	0.261251950969018	0.841170662419777	1.87935953573913	1.03818887331935	0	0	3	0.1	0.869924506829588	0.170093029914416	0.567357198624692	1.23446682199693	0.667109623372238	0	0	3	0.2	1.71987163640505	0.288746284331893	1.1996126735086	2.30151909886833	1.10190642535972
523	0	0	0	0.1	0.0896181690046801	0.0297032204231736	0.0296377295640817	0.146268214976874	0.116630485412793	0	0	0	0.2	0.202428187694787	0.0686142017351801	0.0755400305047236	0.336516358459302	0.260976327954578	0	0	1	0.1	0.17950005974989	0.0556681705195731	0.0734093197297184	0.293951222670037	0.220541902940318	0	0	1	0.2	0.536045737760538	0.158483291322168	0.244713482761443	0.865088819759301	0.620375336997857	0	0	2	0.1	0.53230255172225	0.105293602133312	0.3414215645026	0.743265653788047	0.401844089285446	0	0	2	0.2	1.2822492627021	0.218022164852258	0.867168805633959	1.72558962758181	0.858420821947849	0	0	3	0.1	0.871029436878994	0.13442676183282	0.619292516598591	1.1393758957129	0.520083379114304	0	0	3	0.2	1.74630941567661	0.241697657641427	1.28009622389856	2.22534716870447	0.945250944805915
720	0	0	0	0.1	0.067642154034962	0.0283609657265799	0.0100549051889047	0.122727417016293	0.112672511827388	0	0	0	0.2	0.136373358213053	0.0718279757441821	-0.0142033348388145	0.281672585112663	0.295875919951477	0	0	1	0.1	0.139448990147828	0.0575088165251881	0.0273961587771005	0.254485364183973	0.227089205406872	0	0	1	0.2	0.446009659821605	0.150357822923867	0.139416748498485	0.742659467873038	0.603242719374553	0	0	2	0.1	0.460283838402283	0.0939256923506096	0.285984819557496	0.650838049280959	0.364853229723463	0	0	2	0.2	1.07052308379799	0.184173088848455	0.730120230158652	1.43423489051001	0.704114660351357	0	0	3	0.1	0.741119366889284	0.113767885588694	0.529542464736902	0.990654823265298	0.461112358528396	0	0	3	0.2	1.49540001759469	0.205368088874226	1.11176354834619	1.9482018679352	0.836438319589006
563	0	0	0	0.1	0.111025925221476	0.0299231689518414	0.0530945694266794	0.169584123757695	0.116489554331015	0	0	0	0.2	0.218880340385397	0.0723507124444655	0.0820830934566537	0.357409749362564	0.27532665590591	0	0	1	0.1	0.180481010716768	0.0552366615772074	0.0753254338861943	0.295442091901222	0.220116658015027	0	0	1	0.2	0.562109008654147	0.156074678024453	0.274008311691121	0.89109504097566	0.61708672928454	0	0	2	0.1	0.59252727038746	0.113564530289639	0.389031527839801	0.82852700807662	0.439495480236819	0	0	2	0.2	1.41498943088262	0.238849599407941	0.992234053286523	1.88134167875283	0.889107625466308	0	0	3	0.1	0.994201319603808	0.159374968202515	0.717177677529068	1.32039007461496	0.603212397085893	0	0	3	0.2	1.99552020626556	0.275722004733122	1.50645082947936	2.55545599587988	1.04900516640051
589	0	0	0	0.1	0.0721026093381521	0.0328945438512857	0.00611711633501661	0.135584918304313	0.129467801969297	0	0	0	0.2	0.216332350309857	0.0835417960884139	0.0635397256382344	0.394063074294382	0.330523348656147	0	0	1	0.1	0.276739707923379	0.0776960701712561	0.142072364459106	0.446445556155783	0.304373191696677	0	0	1	0.2	0.848759897414337	0.232234636709427	0.451915034870213	1.35284541891706	0.900930384046846	0	0	2	0.1	0.717562363905189	0.143528275111982	0.473158224334025	1.03586985663543	0.562711632301407	0	0	2	0.2	1.56700764435874	0.258262838491611	1.10433411999613	2.08486443577768	0.980530315781557	0	0	3	0.1	1.03793861582357	0.165946076265832	0.742772196941441	1.36724646127719	0.62447426433575	0	0	3	0.2	1.98410813757529	0.26815032487673	1.4747162988577	2.52154563439447	1.04682933553678
797	0	0	0	0.1	0.148571297932081	0.0341320225263927	0.088544057305693	0.219651594939808	0.131107537634115	0	0	0	0.2	0.323885589110896	0.0885694612639984	0.162219269022847	0.506486193477816	0.344266924454968	0	0	1	0.1	0.171235497055384	0.065907447871788	0.0366618516121348	0.308039653875409	0.271377802263274	0	0	1	0.2	0.612609581421389	0.178966630616134	0.236517298328013	0.976069886039084	0.739552587711071	0	0	2	0.1	0.599978337692993	0.114170678792387	0.366180994125932	0.838297737844923	0.472116743718991	0	0	2	0.2	1.43064131880174	0.216549534484971	1.00091059926217	1.85963847106779	0.858727871805624	0	0	3	0.1	0.98129488153235	0.135558926871717	0.73180548846865	1.25661302883201	0.524807540363358	0	0	3	0.2	1.96753354308235	0.226201401130866	1.53636223278555	2.42339912292428	0.88703689013873
735	0	0	0	0.1	0.12782823055402	0.0364051158238925	0.0574021733330326	0.20130511100834	0.143902937675307	0	0	0	0.2	0.235361140001505	0.0916169718788136	0.0692437095263269	0.412785653891784	0.343541944365457	0	0	1	0.1	0.141897278333708	0.0666367517190331	0.012478455046941	0.269357111827039	0.256878656780098	0	0	1	0.2	0.439192481505863	0.160380190182862	0.130038361826625	0.763553691014519	0.633515329187894	0	0	2	0.1	0.441100765300952	0.0951320838932117	0.269342126197764	0.621010237991125	0.35166811179336	0	0	2	0.2	1.01420977475396	0.186888451709641	0.671226854684543	1.37721876824132	0.70599191355678	0	0	3	0.1	0.700527038931889	0.113313763146862	0.506442180016894	0.93683369407456	0.430391514057666	0	0	3	0.2	1.41381356896308	0.20486107950048	1.05783315160681	1.84535414626396	0.787520994657153
773	0	0	0	0.1	0.108113821036391	0.0325160412552528	0.0469595922949043	0.172058655713958	0.125099063419054	0	0	0	0.2	0.234693602734735	0.086896107886846	0.0679670080323398	0.408062637671667	0.340095629639327	0	0	1	0.1	0.231932187166182	0.0887629581758321	0.081228880229708	0.407668363035127	0.326439482805419	0	0	1	0.2	0.805327696481355	0.247968695431841	0.361199999249056	1.32981026124216	0.968610261993108	0	0	2	0.1	0.715138036602057	0.151044642194014	0.435999520948485	1.03263676062612	0.596637239677633	0	0	2	0.2	1.54066260119947	0.267536000011834	1.04384846918372	2.08762324614347	1.04377477695975	0	0	3	0.1	1.04519405098653	0.179396977094086	0.718120177074151	1.39914711266783	0.68102693559368	0	0	3	0.2	1.89942640431798	0.293722591913823	1.32956284411618	2.49045684594564	1.16089400182945
534	0	0	0	0.1	0.0709616392203379	0.0289275615149345	0.0121237730445608	0.126141260310673	0.114017487266112	0	0	0	0.2	0.122252876812107	0.0680401707095674	-0.0157862839547678	0.249902284105534	0.265688568060301	0	0	1	0.1	0.145683416684116	0.058353358486614	0.0329941331115547	0.26039207827723	0.227397945165675	0	0	1	0.2	0.511538304907396	0.161355277400479	0.221353152915864	0.844286317968837	0.622933165052972	0	0	2	0.1	0.553519718913544	0.101634912665438	0.367696130154534	0.762629270007742	0.394933139853209	0	0	2	0.2	1.2348018939273	0.190551273203462	0.882477958660392	1.62907977294895	0.746601814288557	0	0	3	0.1	0.855364892462042	0.122584325123978	0.636342822378669	1.09955404895487	0.463211226576199	0	0	3	0.2	1.66853765392631	0.209389885897628	1.27711075934647	2.09573890359748	0.818628144251011
541	0	0	0	0.1	0.151034150335774	0.0346162669433286	0.0875636104443337	0.219531478694338	0.131967868250005	0	0	0	0.2	0.328891751365037	0.0795072370362479	0.188816880781559	0.498128616313209	0.30931173553165	0	0	1	0.1	0.239963686597049	0.067921083402621	0.108879162564124	0.381133549640616	0.272254387076492	0	0	1	0.2	0.78538286531233	0.214634899727572	0.408887750652818	1.25332587720359	0.844438126550774	0	0	2	0.1	0.70696583970531	0.144399363834874	0.445584054607305	1.00491743329824	0.559333378690939	0	0	2	0.2	1.60276971468941	0.273849806113005	1.09301137166625	2.13406015478387	1.04104878311761	0	0	3	0.1	1.06377479194339	0.173073434546032	0.753521357363791	1.4116641113261	0.658142753962311	0	0	3	0.2	2.08348116483826	0.28714446142605	1.55683471016197	2.6747851320406	1.11795042187863
554	0	0	0	0.1	0.0696132879710838	0.0328262250213336	0.00614687357568125	0.135407873743249	0.129261000167568	0	0	0	0.2	0.136161191254745	0.0712455209638835	0.00295929279001149	0.280809105352286	0.277849812562275	0	0	1	0.1	0.135352976335871	0.0674141927880926	0.00902734272940035	0.276385181098655	0.267357838369255	0	0	1	0.2	0.5386462670105	0.239819279998886	0.113283569710269	1.06180258857785	0.948519018867584	0	0	2	0.1	0.646555279954954	0.191187821895462	0.314960686113751	1.0580167334279	0.743056047314147	0	0	2	0.2	1.66247012818311	0.410725724882152	0.902851042171521	2.46410175812029	1.56125071594877	0	0	3	0.1	1.1602676601623	0.287534514104849	0.662676581408622	1.73157209221277	1.06889551080415	0	0	3	0.2	2.31207335121601	0.47205986127861	1.45193439265494	3.17248942049619	1.72055502784125
761	0	0	0	0.1	0.0616771828940804	0.0282339929792218	0.00674560301391854	0.119274563305757	0.112528960291839	0	0	0	0.2	0.0947057994078728	0.0765729115523331	-0.0600367757182512	0.247115221305599	0.30715199702385	0	0	1	0.1	0.093329493366829	0.0758180647731127	-0.0626767580520532	0.238977260003051	0.301654018055104	0	0	1	0.2	0.450403924722184	0.216689804808446	0.0540727848616741	0.895995431883617	0.841922647021942	0	0	2	0.1	0.538177272929971	0.134991136249739	0.287770911170441	0.80127018656764	0.513499275397199	0	0	2	0.2	1.25308044221747	0.253979896311702	0.790778308291832	1.73250674052702	0.941728432235188	0	0	3	0.1	0.87446783259802	0.161911126274781	0.587672300411564	1.19266302860703	0.604990728195466	0	0	3	0.2	1.71227918932579	0.271400046531946	1.21647777899014	2.26081922793506	1.04434144894492
599	0	0	0	0.1	0.0780150147066472	0.0401813527392403	-0.0029998804217525	0.157498678819867	0.16049855924162	0	0	0	0.2	0.228157063257426	0.0982083841979492	0.0483561261148429	0.422555350508061	0.374199224393218	0	0	1	0.1	0.220906634575139	0.0683397680399609	0.0909275815860737	0.361130876723399	0.270203295137325	0	0	1	0.2	0.691687088425059	0.181388295111435	0.363218797951162	1.0657367473822	0.702517949431042	0	0	2	0.1	0.581732236640891	0.119052772575079	0.372045388291552	0.829400841471156	0.457355453179604	0	0	2	0.2	1.31541317901817	0.244461425875003	0.893702952888292	1.81469079830838	0.920987845420083	0	0	3	0.1	0.856684919269572	0.157587682387514	0.592995266853859	1.19880191282887	0.605806645975009	0	0	3	0.2	1.74042328881026	0.286055045490817	1.24629340390561	2.34275058300623	1.09645717910062
601	0	0	0	0.1	0.102485832775882	0.029237004579965	0.0438851762909048	0.158984701392261	0.115099525101357	0	0	0	0.2	0.252362601079651	0.0746105907000841	0.108231555937864	0.398542655886577	0.290311099948713	0	0	1	0.1	0.320121803666734	0.0824982195586122	0.174709911550363	0.494279767525154	0.31956985597479	0	0	1	0.2	0.981905087326387	0.257103869104936	0.533263893384853	1.50698007249305	0.973716179108196	0	0	2	0.1	0.852256388611105	0.165658281549689	0.554525335579506	1.19254162115264	0.638016285573139	0	0	2	0.2	1.84877250193746	0.287256905927919	1.3053560024617	2.42141960865753	1.11606360619583	0	0	3	0.1	1.22122262810298	0.185779250164943	0.879014754291129	1.61757950265035	0.738564748359218	0	0	3	0.2	2.32981588735829	0.292561306652347	1.77203247348977	2.90367507711263	1.13164260362287
664	0	0	0	0.1	0.088486609720178	0.0305277774358881	0.0299823822102612	0.149740680864587	0.119758298654325	0	0	0	0.2	0.191854260196965	0.0811113017563474	0.0397965941172107	0.363190536221936	0.323393942104725	0	0	1	0.1	0.209589086950243	0.0758974196955425	0.070493406174027	0.366069512189912	0.295576106015885	0	0	1	0.2	0.760152981870972	0.210827817365196	0.373771451624752	1.20514531822978	0.831373866605026	0	0	2	0.1	0.757352057881141	0.135281393267417	0.508399701119003	1.04231698392048	0.533917282801479	0	0	2	0.2	1.70902699397492	0.243531043669311	1.23107936890072	2.18882647191631	0.957747103015589	0	0	3	0.1	1.16606427109404	0.168224687918558	0.849453185055083	1.50503880390618	0.655585618851098	0	0	3	0.2	2.27035821963855	0.281531147903804	1.74546422135557	2.819413078019	1.07394885666342
610	0	0	0	0.1	0.0824137898794196	0.0321706514646694	0.0165626799191477	0.144886862166383	0.128324182247235	0	0	0	0.2	0.185197929403586	0.0913792439392018	0.00458340521080683	0.367267277450933	0.362683872240126	0	0	1	0.1	0.238388730407402	0.0834631198795644	0.0862039292121012	0.420202189006796	0.333998259794695	0	0	1	0.2	0.914320572400145	0.227757995902717	0.509279572788971	1.40152839817833	0.892248825389356	0	0	2	0.1	0.848713388975212	0.142442007611803	0.589075407386522	1.16465252629329	0.575577118906766	0	0	2	0.2	1.79392471322158	0.244071338772706	1.34892253382342	2.32119268082341	0.972270146999986	0	0	3	0.1	1.19785606262722	0.168152579628907	0.893029325610084	1.56878272999527	0.675753404385185	0	0	3	0.2	2.27314051159969	0.280288296651803	1.77443986661139	2.87349677192807	1.09905690531668
585	0	0	0	0.1	0.0801962307100266	0.0340420207605845	0.0138149355775069	0.145470234701014	0.131655299123507	0	0	0	0.2	0.150219753700871	0.0734483569046544	0.00692027886644156	0.303225243722362	0.296304964855921	0	0	1	0.1	0.189931619414741	0.0552555637823297	0.0910991217120702	0.305498422267587	0.214399300555517	0	0	1	0.2	0.718044438469252	0.184628404718968	0.393577022820787	1.0927089454366	0.699131922615809	0	0	2	0.1	0.820753822408359	0.141256531749683	0.566073527351639	1.10330818391985	0.537234656568214	0	0	2	0.2	1.93725721706577	0.271370521639355	1.40993846313542	2.47378942398016	1.06385096084474	0	0	3	0.1	1.33786164969282	0.192298910301199	0.970989893191878	1.7131961347084	0.742206241516519	0	0	3	0.2	2.57919169636933	0.307628698439549	1.99418176759796	3.17943979503088	1.18525802743293
516	0	0	0	0.1	0.0994317792550918	0.0323391152119981	0.0373934414101112	0.161161589036589	0.123768147626478	0	0	0	0.2	0.257021907533262	0.0855388942107995	0.0989600565800748	0.431789139576596	0.332829082996521	0	0	1	0.1	0.22147788842029	0.0604179871051797	0.10662374348573	0.346119858057448	0.239496114571718	0	0	1	0.2	0.676106983041164	0.169690447007487	0.36771426073954	1.04797391372001	0.680259652980469	0	0	2	0.1	0.590653401969846	0.119226131009773	0.391189221297411	0.867758304092516	0.476569082795106	0	0	2	0.2	1.30661247202907	0.234892384662779	0.930731160310896	1.88364979448999	0.952918634179092	0	0	3	0.1	0.893620448271041	0.157678026537326	0.657422746367683	1.29063120369355	0.633208457325867	0	0	3	0.2	1.74047741860063	0.268862729528971	1.33618306115591	2.4253292194503	1.08914615829439
661	0	0	0	0.1	0.0334112460325209	0.0360646445232437	-0.0359992912917758	0.104789050769287	0.140788342061063	0	0	0	0.2	0.0903150720567298	0.0821060990895853	-0.0676271985557815	0.251218312891997	0.318845511447779	0	0	1	0.1	0.195886302657765	0.0623385644282673	0.0751461930062295	0.326993173905703	0.251846980899474	0	0	1	0.2	0.500943654944373	0.155358632502747	0.221638358394327	0.816842626897248	0.595204268502922	0	0	2	0.1	0.436514990115888	0.108022816108502	0.24092953178042	0.661994422597485	0.421064890817065	0	0	2	0.2	1.09947606711466	0.225965029719103	0.710659164270229	1.56196303669642	0.851303872426188	0	0	3	0.1	0.78761258143845	0.145126057027876	0.529811669052671	1.09032837774183	0.560516708689163	0	0	3	0.2	1.65911789313788	0.255913089784359	1.18457737261408	2.17244711508305	0.987869742468972
877	0	0	0	0.1	0.0290232963186682	0.0339598283467571	-0.0407255891853676	0.091132117277062	0.13185770646243	0	0	0	0.2	0.0358024809886449	0.0790899610362741	-0.122795004436933	0.18159344444151	0.304388448878443	0	0	1	0.1	0.119509748365219	0.0730841028839507	-0.0241643609223203	0.253748285758102	0.277912646680422	0	0	1	0.2	0.473160158756657	0.216905817531295	0.0529649584589991	0.909368603785314	0.856403645326315	0	0	2	0.1	0.542231146526642	0.138966904723601	0.281464163308519	0.82802298587964	0.546558822571121	0	0	2	0.2	1.30654977085746	0.277192772797767	0.769681117803779	1.83428504979296	1.06460393198918	0	0	3	0.1	0.88511647807191	0.16554171423987	0.572926884696147	1.21810931253006	0.645182427833909	0	0	3	0.2	1.79414346202202	0.279212367374106	1.26335015678386	2.35611778563821	1.09276762885435
621	0	0	0	0.1	0.0809566215956128	0.0316458170651097	0.0213323093055514	0.145871644482698	0.124539335177147	0	0	0	0.2	0.101187335138433	0.075505979448445	-0.0368290253031386	0.254031718437785	0.290860743740924	0	0	1	0.1	0.101261759999813	0.0636268551746009	-0.0231220110888089	0.230708875569954	0.253830886658763	0	0	1	0.2	0.424248500972862	0.176737820425717	0.0789353956442921	0.774924933506566	0.695989537862274	0	0	2	0.1	0.508475257358243	0.11733850905975	0.282481092869597	0.737944860358241	0.455463767488645	0	0	2	0.2	1.2790368473666	0.250851572323278	0.801709324838234	1.78464129011225	0.98293196527402	0	0	3	0.1	0.877695831819408	0.153483348827733	0.599182127167218	1.20391653242414	0.60473440525692	0	0	3	0.2	1.86033491593094	0.275674639864458	1.35358999449935	2.42160649763758	1.06801650313823
724	0	0	0	0.1	0.085352390509397	0.0338108823206199	0.0222639016420738	0.151581985385979	0.129318083743905	0	0	0	0.2	0.18186450025446	0.0775962638760628	0.0420836993151023	0.343705678324366	0.301621979009264	0	0	1	0.1	0.174996242018409	0.061713228205532	0.0558318661006314	0.306544885579341	0.250713019478709	0	0	1	0.2	0.598721358298332	0.181037461393841	0.283793329254822	0.991411179729002	0.70761785047418	0	0	2	0.1	0.607524826772526	0.125227253185161	0.400676034486341	0.875774918940866	0.475098884454525	0	0	2	0.2	1.46440104055925	0.250958312287843	1.01366042830976	1.99174290738169	0.978082479071932	0	0	3	0.1	0.993303619366154	0.164312706791174	0.705008141231239	1.33665413851073	0.63164599727949	0	0	3	0.2	2.05614512215733	0.282864829710282	1.53775319949242	2.62378245982368	1.08602926033126
844	0	0	0	0.1	0.103298224635011	0.0290762932546958	0.0444708549884808	0.160035143952362	0.115564288963882	0	0	0	0.2	0.290009056271419	0.0761688162917655	0.157972261799298	0.458230855061857	0.300258593262559	0	0	1	0.1	0.320928989086203	0.0720702507276724	0.18284665521428	0.461429378913292	0.278582723699013	0	0	1	0.2	0.967059235863976	0.233246072812976	0.527614082310068	1.41655280670034	0.888938724390273	0	0	2	0.1	0.81400784539883	0.17397244520798	0.481667262552077	1.13492653150989	0.653259268957811	0	0	2	0.2	1.77876112054886	0.324981971711506	1.16126683583848	2.35569414462113	1.19442730878265	0	0	3	0.1	1.18212879237206	0.215229594805034	0.766415506329508	1.57738551548692	0.810970009157414	0	0	3	0.2	2.23568097293555	0.345803110422127	1.56074332653342	2.86107479389428	1.30033146736086
707	0	0	0	0.1	0.0943867226664819	0.0379506739711924	0.0215011392005619	0.166572929560134	0.145071790359572	0	0	0	0.2	0.230594034771239	0.0874827123329541	0.0686857082434682	0.407870349096842	0.339184640853374	0	0	1	0.1	0.154218048839189	0.0528021041653628	0.0551820535215765	0.259984074225582	0.204802020704006	0	0	1	0.2	0.390408484099754	0.121768385263694	0.163037899552145	0.647615310201366	0.484577410649221	0	0	2	0.1	0.358459668704914	0.072231108338264	0.226657826529126	0.503785019163225	0.277127192634099	0	0	2	0.2	0.782960485606392	0.14046608151065	0.528975858707622	1.07675543455449	0.547779575846872	0	0	3	0.1	0.534072991182681	0.0832296811213472	0.383127090838593	0.708647426904455	0.325520336065862	0	0	3	0.2	1.06556688449118	0.156430415716774	0.77099722953717	1.38784132601913	0.616844096481963
772	0	0	0	0.1	0.0936447673869978	0.0316896609372506	0.0363861020301947	0.154472528436995	0.1180864264068	0	0	0	0.2	0.206662478707	0.0797166708029338	0.0577688640286764	0.36955304390336	0.311784179874684	0	0	1	0.1	0.225218149485173	0.0661737609454583	0.104322737552662	0.358442954700412	0.25412021714775	0	0	1	0.2	0.707987605517765	0.172756308691075	0.388422707110579	1.05636027792034	0.667937570809759	0	0	2	0.1	0.633964655321065	0.112521716587182	0.424575146300283	0.872327060787727	0.447751914487444	0	0	2	0.2	1.34805404149518	0.201214955231681	0.982297058462983	1.76019519811363	0.777898139650645	0	0	3	0.1	0.889753734672145	0.130482146662304	0.654767964283213	1.1612191686742	0.506451204390984	0	0	3	0.2	1.70930031707188	0.218773155132574	1.29951342823416	2.15690071424046	0.857387286006295
728	0	0	0	0.1	0.116203019309247	0.0373936457498628	0.0415440903765158	0.188243480294872	0.146699389918357	0	0	0	0.2	0.271808923517349	0.0896731822229177	0.100377747453722	0.458302912305269	0.357925164851548	0	0	1	0.1	0.229193568371856	0.0744614187358407	0.0906054947962567	0.380989305211485	0.290383810415228	0	0	1	0.2	0.743221946887475	0.203199335657433	0.366036947959282	1.13645534364712	0.770418395687838	0	0	2	0.1	0.672452958852291	0.129531423984696	0.430734361193045	0.929610816530781	0.498876455337736	0	0	2	0.2	1.56431872760338	0.251230626012656	1.10437818113578	2.05771222526273	0.95333404412695	0	0	3	0.1	1.06116208960229	0.164020401607086	0.773779294308197	1.40764980244121	0.633870508133018	0	0	3	0.2	2.16554553043169	0.291840592996814	1.65339560957383	2.776020894889	1.12262528531516
575	0	0	0	0.1	0.110380200472289	0.0376519010757041	0.0412127508867732	0.186116072554181	0.144903321667408	0	0	0	0.2	0.266621652049072	0.0884304646876972	0.103566294262284	0.447266760503585	0.343700466241301	0	0	1	0.1	0.238812766688711	0.0714863711778233	0.10315332188404	0.376544546277877	0.273391224393837	0	0	1	0.2	0.732650805149188	0.192049388037157	0.359871808271199	1.12702079578996	0.767148987518757	0	0	2	0.1	0.661029681585516	0.127542531401184	0.425936322058974	0.912848626479826	0.486912304420852	0	0	2	0.2	1.49744165105187	0.246805871458486	1.04672166369389	1.97657944374351	0.929857780049619	0	0	3	0.1	1.01289112963615	0.165580051065357	0.71489420059443	1.3465171058088	0.631622905214374	0	0	3	0.2	2.02381677007291	0.28543467085218	1.4886036783232	2.60306989879023	1.11446622046703
706	0	0	0	0.1	0.0839609837863098	0.028007500369344	0.0287697827926803	0.141181134744405	0.112411351951725	0	0	0	0.2	0.194236594000618	0.0653121423761298	0.0675606455261113	0.329959429712138	0.262398784186026	0	0	1	0.1	0.205417164859122	0.0516732297867769	0.107752719490328	0.304316681569887	0.196563962079559	0	0	1	0.2	0.61016535728334	0.146590754100019	0.337688766506482	0.919691729488433	0.582002962981951	0	0	2	0.1	0.583068592259174	0.103087296230823	0.400672907771443	0.791482174392115	0.390809266620672	0	0	2	0.2	1.39844337859468	0.22329089497355	0.997468862396204	1.85395950784531	0.85649064544911	0	0	3	0.1	0.975937120778094	0.147557054305996	0.712458229448465	1.27938835650156	0.566930127053099	0	0	3	0.2	2.00804853534245	0.272499335245888	1.50476455633989	2.57953942688561	1.07477487054572
615	0	0	0	0.1	0.14365841635034	0.0299417814840463	0.084101967615217	0.207114464962145	0.123012497346928	0	0	0	0.2	0.285666346323206	0.0754159455536113	0.143059841094236	0.443488670752632	0.300428829658396	0	0	1	0.1	0.118867906407815	0.0663433491706995	-0.0141343080666894	0.249749380076278	0.263883688142968	0	0	1	0.2	0.447150637897136	0.192681754198944	0.103388006774594	0.872483388279925	0.769095381505331	0	0	2	0.1	0.562803905139683	0.135069030631182	0.310160828809256	0.851106753285513	0.540945924476257	0	0	2	0.2	1.39473177915066	0.26142171213943	0.908065928193105	1.90294000856347	0.994874080370366	0	0	3	0.1	1.00210082321915	0.169868414543504	0.691955903476473	1.34800658987898	0.656050686402512	0	0	3	0.2	1.9965282752558	0.277393624649713	1.47179131747206	2.515293015406	1.04350169793394
852	0	0	0	0.1	0.0899807932710106	0.0307129998693788	0.0289926784275935	0.149925757320428	0.120933078892835	0	0	0	0.2	0.227649533763233	0.0831716901867732	0.0726914098172471	0.399123029920543	0.326431620103296	0	0	1	0.1	0.267376388508109	0.0774090045896692	0.131567953312453	0.431773673859528	0.300205720547075	0	0	1	0.2	0.842505171083339	0.221079014948808	0.458368504872296	1.32737213756181	0.869003632689511	0	0	2	0.1	0.695035786149993	0.134351459908512	0.459926510936494	0.972801550175821	0.512875039239327	0	0	2	0.2	1.53844801664502	0.241333035223543	1.09640211305961	2.03291352509909	0.936511412039484	0	0	3	0.1	1.01710119973418	0.15402277463179	0.744738237725048	1.34416572104988	0.599427483324827	0	0	3	0.2	1.98318914071202	0.251390438478889	1.52992703616602	2.49565868042619	0.965731644260173
627	0	0	0	0.1	0.0927877097473312	0.031505061042229	0.0326763077117216	0.154660713400559	0.121984405688837	0	0	0	0.2	0.130988063376059	0.0828975356996558	-0.0315021274436313	0.281550816816157	0.313052944259788	0	0	1	0.1	0.109716427128614	0.0636856754776435	-0.019603577580423	0.234359268029187	0.25396284560961	0	0	1	0.2	0.44357990365192	0.180716272312324	0.0909760338004392	0.803664222234815	0.712688188434376	0	0	2	0.1	0.542537565884044	0.128995207903398	0.294488117115129	0.79815599415161	0.50366787703648	0	0	2	0.2	1.28551691233781	0.257555192539519	0.804081884946698	1.79571644452281	0.991634559576111	0	0	3	0.1	0.888488221948279	0.161411355229462	0.583934931835005	1.22278016618832	0.638845234353312	0	0	3	0.2	1.74978998684739	0.270996011375696	1.24275018190063	2.30183690241672	1.0590867205161
774	0	0	0	0.1	0.0941260649078499	0.0359364098383786	0.0274516709672332	0.16659483994962	0.139143168982386	0	0	0	0.2	0.191506489487056	0.0822761132337928	0.0369877483748276	0.361685752312929	0.324698003938102	0	0	1	0.1	0.209337115166554	0.0601416170970961	0.0882024976203125	0.338380411999155	0.250177914378842	0	0	1	0.2	0.715322982776418	0.177410375541684	0.374265087341637	1.0555665149021	0.681301427560463	0	0	2	0.1	0.707690861603949	0.118468040582688	0.471010752832778	0.945586108718072	0.474575355885294	0	0	2	0.2	1.62677890455136	0.227399559792916	1.1431360133665	2.06378114496164	0.920645131595133	0	0	3	0.1	1.07386674034343	0.148392602014678	0.780174456183685	1.35596992616635	0.575795469982667	0	0	3	0.2	2.10539854345913	0.251303113433974	1.57332726176616	2.57244593577824	0.999118674012086
568	0	0	0	0.1	0.0540628648835652	0.0295081836002027	-0.00161986571170982	0.113755912014716	0.115375777726426	0	0	0	0.2	0.102691574486437	0.0652151918515582	-0.0191728960507256	0.235424837064637	0.254597733115362	0	0	1	0.1	0.181998095364179	0.0536574340605096	0.0847540856189311	0.29118793702578	0.206433851406849	0	0	1	0.2	0.602677686474113	0.157477669203452	0.317129249709148	0.930934223570542	0.613804973861394	0	0	2	0.1	0.642477554472724	0.117880501694706	0.426961657060088	0.88972546364563	0.462763806585543	0	0	2	0.2	1.4669417383148	0.234237739750592	1.02102027253401	1.93913980612789	0.91811953359388	0	0	3	0.1	1.01173416938545	0.160688716132047	0.717609354133366	1.32714281332149	0.609533459188125	0	0	3	0.2	1.96738158629273	0.270022574547563	1.46622361107933	2.50711618818551	1.04089257710618
815	0	0	0	0.1	0.111153303077688	0.0293885419152316	0.0552658362651496	0.169765326166647	0.114499489901497	0	0	0	0.2	0.248050151477215	0.068198897113391	0.121829921692317	0.389562222684114	0.267732300991796	0	0	1	0.1	0.227022214718553	0.0578191836018137	0.117424497585378	0.344571619918976	0.227147122333598	0	0	1	0.2	0.666671437343967	0.170548838821161	0.364510185597444	1.01703547839757	0.652525292800124	0	0	2	0.1	0.59512813959127	0.121872696635206	0.379214169414426	0.871116760428026	0.4919025910136	0	0	2	0.2	1.43504385229456	0.26116968559844	0.98401056158459	2.00109525091668	1.01708468933209	0	0	3	0.1	0.96623037074299	0.170919281757363	0.666386847289521	1.33583218234559	0.66944533505607	0	0	3	0.2	2.04592547214871	0.309077775993396	1.47390357184117	2.68348419978329	1.20958062794212
693	0	0	0	0.1	0.160813449059669	0.0332622843578711	0.0987966836989592	0.230764606254716	0.131967922555757	0	0	0	0.2	0.384390849418268	0.0811843407453078	0.240804169743154	0.549028623077512	0.308224453334358	0	0	1	0.1	0.247126755520172	0.0608057124774263	0.138151362019285	0.373881615432649	0.235730253413363	0	0	1	0.2	0.646285249589111	0.160162413567015	0.357954388326482	0.984039786869971	0.626085398543489	0	0	2	0.1	0.507888096007116	0.105451531344451	0.316074212854453	0.715919564472673	0.39984535161822	0	0	2	0.2	1.1864647160595	0.229010749628993	0.776850520270624	1.66247229581889	0.885621775548265	0	0	3	0.1	0.792558207577922	0.146458361458346	0.531155169019131	1.0979259098731	0.566770740853968	0	0	3	0.2	1.68449105862884	0.28384639887908	1.18704430988919	2.28395966790507	1.09691535801587
730	0	0	0	0.1	0.0517450689325161	0.0340647297693266	-0.0119384090538123	0.123157141952442	0.135095551006255	0	0	0	0.2	0.125430756815134	0.0784556135884975	-0.0179699254363566	0.309087622186483	0.32705754762284	0	0	1	0.1	0.219788523610737	0.0522193399492585	0.12857206402151	0.334359227225214	0.205787163203704	0	0	1	0.2	0.676080059905252	0.145079874800004	0.422313082702835	0.972379845779466	0.550066763076631	0	0	2	0.1	0.639521241698489	0.0950994502696264	0.47062258012826	0.840574200231571	0.369951620103311	0	0	2	0.2	1.40874086240246	0.183990926812425	1.08390229608769	1.80173525842649	0.717832962338794	0	0	3	0.1	0.932069964423231	0.11586841770918	0.723611112874545	1.17018232523233	0.446571212357783	0	0	3	0.2	1.79316696303743	0.198849316865261	1.44427234656075	2.21374607171086	0.769473725150117
672	0	0	0	0.1	0.0887203432311671	0.0269599183860627	0.0368616957792268	0.141253334663526	0.104391638884299	0	0	0	0.2	0.165849208398963	0.0664391022236489	0.0365255840213481	0.300422263668315	0.263896679646967	0	0	1	0.1	0.127805165314212	0.0634032838057827	0.00334537483182542	0.256592172127339	0.253246797295513	0	0	1	0.2	0.424135743719356	0.183529528941281	0.0733523817203293	0.833526928822029	0.760174547101699	0	0	2	0.1	0.46412735785751	0.130823215876177	0.229561109698376	0.76193570051217	0.532374590813794	0	0	2	0.2	1.16339352307971	0.292310437063411	0.647858091324285	1.79855293023162	1.15069483890733	0	0	3	0.1	0.826805589058627	0.191718966666964	0.513292641515486	1.26610166084487	0.752809019329386	0	0	3	0.2	1.72233037231784	0.352816098347825	1.12145181761163	2.53992937958318	1.41847756197156
639	0	0	0	0.1	0.105002069085561	0.0323967656111003	0.0457568665743983	0.169629589719762	0.123872723145364	0	0	0	0.2	0.270014455520694	0.0828038120225999	0.124597413300108	0.441197753125356	0.316600339825248	0	0	1	0.1	0.279468188028991	0.0713804698984458	0.162188901664759	0.437196304660192	0.275007402995433	0	0	1	0.2	0.80704527028716	0.221260303294912	0.465520466100915	1.34628092315974	0.880760457058824	0	0	2	0.1	0.651339219829707	0.168169553854503	0.399051034837935	1.02962439785209	0.630573363014159	0	0	2	0.2	1.46820418779918	0.351146386550251	0.911585753624643	2.22565013885186	1.31406438522722	0	0	3	0.1	0.937270108845767	0.224139659845272	0.608804031611758	1.42939192157787	0.820587889966108	0	0	3	0.2	1.86840518045136	0.388979045926921	1.26715915287153	2.69643392338805	1.42927477051652
567	0	0	0	0.1	0.0947525443780772	0.0327855763638621	0.0283321439630305	0.156378914209264	0.128046770246234	0	0	0	0.2	0.177575593905005	0.0782572010481052	0.0189563045853693	0.332684733527885	0.313728428942515	0	0	1	0.1	0.0822549636797805	0.059447317380651	-0.0360290185270265	0.20135132616347	0.237380344690497	0	0	1	0.2	0.227803586808643	0.141647738784115	-0.061589557919595	0.514852155078431	0.576441712998026	0	0	2	0.1	0.283055861589748	0.0832948070788777	0.120731694775884	0.450596668810587	0.329864974034703	0	0	2	0.2	0.669634954519376	0.166854237848274	0.335376004620512	0.994364500031752	0.65898849541124	0	0	3	0.1	0.494497021580777	0.0976814635643682	0.307911962525062	0.690313279635722	0.382401317110659	0	0	3	0.2	1.02631793224774	0.184208111236591	0.663052473868824	1.40091723137311	0.737864757504287
562	0	0	0	0.1	0.143696157734932	0.033397377477055	0.0778528654055396	0.209939977000077	0.132087111594537	0	0	0	0.2	0.222884899754926	0.0841729258755093	0.0592915364386455	0.391309930453295	0.33201839401465	0	0	1	0.1	0.141440041649632	0.0692120479103428	0.0237670215827814	0.286575281472012	0.262808259889231	0	0	1	0.2	0.546293493785037	0.189052038501744	0.211138258084964	0.922731109449254	0.71159285136429	0	0	2	0.1	0.61179129217383	0.128802817342799	0.375127992930655	0.882938411070769	0.507810418140114	0	0	2	0.2	1.40078598367642	0.248036875690866	0.931076522047369	1.90041208339997	0.969335561352599	0	0	3	0.1	0.979177188150565	0.163432231518881	0.689706648038977	1.31813583598605	0.628429187947077	0	0	3	0.2	1.93122054394466	0.274619799619605	1.42169598955365	2.50171036827237	1.08001437871871
683	0	0	0	0.1	0.0878409637934758	0.0308079961644118	0.025718374526708	0.146097944099057	0.120379569572349	0	0	0	0.2	0.201526185090495	0.0705051952837558	0.06624449092582	0.340203893371643	0.273959402445823	0	0	1	0.1	0.242657485622408	0.0566352911587963	0.147517717627165	0.364530196579012	0.217012478951847	0	0	1	0.2	0.75312596639107	0.162828797371814	0.466434335851704	1.09561863065637	0.629184294804662	0	0	2	0.1	0.666260769446352	0.104512269185859	0.47990491956022	0.88628267692017	0.406377757359951	0	0	2	0.2	1.44616533326491	0.197197689642642	1.09015118873029	1.8592436781204	0.769092489390106	0	0	3	0.1	0.937096824140843	0.129064092838166	0.713793717184964	1.20863727691571	0.494843559730742	0	0	3	0.2	1.81958792823271	0.221735186081704	1.42920538190564	2.27693726533836	0.84773188343272
714	0	0	0	0.1	0.0854698072178925	0.028879030835379	0.0320873827369811	0.143809539732861	0.11172215699588	0	0	0	0.2	0.206668405389873	0.0765221298316151	0.0639254188506981	0.357993870470833	0.294068451620135	0	0	1	0.1	0.221120152587775	0.0692891030009104	0.0961946713937029	0.353894983452025	0.257700312058322	0	0	1	0.2	0.692986318015168	0.201473175565306	0.309766229177681	1.09893022401011	0.789163994832434	0	0	2	0.1	0.61126450107836	0.13262901622142	0.373753590138586	0.888478137122538	0.514724546983953	0	0	2	0.2	1.37718253838574	0.255042160416688	0.905911401251059	1.8962072059379	0.990295804686845	0	0	3	0.1	0.950786613153979	0.166365779786726	0.657981271360864	1.2995174670543	0.641536195693434	0	0	3	0.2	1.86795285537351	0.277839260486141	1.38493774358669	2.45640251526565	1.07146477167897
882	0	0	0	0.1	0.0601452537711908	0.0303116772177112	0.00299953276223805	0.121657443230261	0.118657910468023	0	0	0	0.2	0.116366234988275	0.0726485696945766	-0.0233580750980949	0.26267848609938	0.286036561197475	0	0	1	0.1	0.164336724937778	0.0560409979532583	0.0607141265540706	0.275761474440212	0.215047347886141	0	0	1	0.2	0.567642587255958	0.155038506953424	0.27632570985855	0.86593875336385	0.5896130435053	0	0	2	0.1	0.582367810362153	0.0981964814248332	0.397669846563602	0.780919273088467	0.383249426524865	0	0	2	0.2	1.31851230862468	0.196670924657753	0.945452872975151	1.69985804914465	0.754405176169497	0	0	3	0.1	0.860221979447597	0.123547819632483	0.628680959099238	1.09449048408144	0.465809524982202	0	0	3	0.2	1.70096721524286	0.227493356548699	1.26753825647251	2.13944045219531	0.871902195722803
548	0	0	0	0.1	0.0733771063277149	0.0310842105974951	0.0160847648349563	0.13713033902074	0.121045574185783	0	0	0	0.2	0.196705241442705	0.0885072336590411	0.0351827505118706	0.380410452597168	0.345227702085298	0	0	1	0.1	0.230143993397138	0.0921597846820739	0.0609503930382867	0.419669896307783	0.358719503269497	0	0	1	0.2	0.820585543239679	0.286311343995385	0.327422872251389	1.41103498128639	1.083612109035	0	0	2	0.1	0.728601112209922	0.174076599640079	0.433518161754607	1.08535014597477	0.651831984220163	0	0	2	0.2	1.64633309476703	0.308704269321265	1.11673749223678	2.24676511734421	1.13002762510743	0	0	3	0.1	1.09812591744709	0.195379543386827	0.770260198400786	1.47998380410255	0.70972360570176	0	0	3	0.2	2.10279422283313	0.306246787937717	1.54903775072076	2.68941383771421	1.14037608699346
540	0	0	0	0.1	0.0776974991110399	0.0315566663188271	0.0154894006585129	0.133903006002643	0.11841360534413	0	0	0	0.2	0.100953661145571	0.0746089566284529	-0.0405781452503701	0.249671448934814	0.290249594185184	0	0	1	0.1	0.0681092986113702	0.0643813532109553	-0.0667541331199028	0.1890418742389	0.255796007358803	0	0	1	0.2	0.30998608538502	0.167145693080584	-0.0252902709475507	0.628413173623221	0.653703444570772	0	0	2	0.1	0.452959443943708	0.111542136742335	0.239347280625459	0.68660578310462	0.447258502479161	0	0	2	0.2	1.11653073856465	0.223528163782174	0.696299867663453	1.58555069588331	0.889250828219855	0	0	3	0.1	0.809022086807462	0.141650750933846	0.558460801655509	1.10564765647238	0.547186854816872	0	0	3	0.2	1.68199833607353	0.25436486158966	1.22490225512744	2.20935817766929	0.984455922541849
583	0	0	0	0.1	0.16129194327468	0.0327212286247694	0.0981463151348883	0.225740116832157	0.127593801697268	0	0	0	0.2	0.325041531097481	0.0858688052182128	0.174830399164927	0.506658964767602	0.331828565602676	0	0	1	0.1	0.222804471822888	0.0748965184782237	0.0900881153422661	0.40081780555297	0.310729690210704	0	0	1	0.2	0.731016941773024	0.216640361669048	0.36310061256911	1.2208236268837	0.857723014314595	0	0	2	0.1	0.672837959674699	0.126284826025197	0.45243235880218	0.942953131981024	0.490520773178844	0	0	2	0.2	1.51009841763745	0.229987350515482	1.08065460934679	1.97591386721081	0.895259257864024	0	0	3	0.1	0.99456491312732	0.141113685904402	0.726024806299963	1.27937213480898	0.553347328509021	0	0	3	0.2	1.91830008839191	0.237958161097907	1.44372877703315	2.37033545908818	0.926606682055033
582	0	0	0	0.1	0.0703577222526491	0.0358657356026235	-0.00403034465392002	0.140410475951851	0.144440820605771	0	0	0	0.2	0.143316907385415	0.0831304596575151	-0.0180260278931748	0.299019879786855	0.31704590768003	0	0	1	0.1	0.166896890366881	0.0591297632973265	0.0660939102997385	0.288255319210973	0.222161408911234	0	0	1	0.2	0.513883163119249	0.153264863823065	0.253104103085609	0.850894610613728	0.597790507528119	0	0	2	0.1	0.523189151778817	0.0992644063390431	0.343068665251467	0.73217007139332	0.389101406141853	0	0	2	0.2	1.23197810047313	0.208534531640887	0.838897083213528	1.64628648477502	0.807389401561493	0	0	3	0.1	0.848792484978889	0.134827601337104	0.602212593788208	1.11986887708616	0.517656283297953	0	0	3	0.2	1.76913955908107	0.250252566402294	1.28290712050061	2.26628101393594	0.983373893435334
718	0	0	0	0.1	0.089371984401248	0.0312727600963248	0.0300471574334205	0.153965728969125	0.123918571535704	0	0	0	0.2	0.16610994389999	0.0722852906235047	0.0295211398803783	0.306623038926241	0.277101899045862	0	0	1	0.1	0.124518378781682	0.0768020450312122	-0.016854536241984	0.271046147848448	0.287900684090432	0	0	1	0.2	0.41538898916676	0.21511180859469	0.0232990558340957	0.853545398228955	0.830246342394859	0	0	2	0.1	0.455989448691084	0.130357110125722	0.222403857219782	0.729427545790021	0.507023688570239	0	0	2	0.2	1.11222705317674	0.25622733221218	0.655472693524658	1.66824037428377	1.01276768075911	0	0	3	0.1	0.77984365711906	0.14814101159778	0.532731181298679	1.12290094934513	0.590169768046454	0	0	3	0.2	1.63372499000708	0.258994373475029	1.17175311274575	2.22645118684956	1.05469807410382
579	0	0	0	0.1	0.0596608560929273	0.030373062755421	-0.00245313576806818	0.116659321717886	0.119112457485955	0	0	0	0.2	0.112214059010547	0.0696085806334532	-0.0245415831465676	0.246619612595243	0.271161195741811	0	0	1	0.1	0.218688022821452	0.0646704558832014	0.108491048832091	0.360353529520435	0.251862480688344	0	0	1	0.2	0.794050151385431	0.214570302601915	0.447695031924331	1.3042938163748	0.856598784450468	0	0	2	0.1	0.822983309392219	0.148115597680769	0.57775893643337	1.19562936098195	0.617870424548576	0	0	2	0.2	1.86857555005871	0.274121129565309	1.40170563039211	2.47449956563645	1.07279393524434	0	0	3	0.1	1.26436527379055	0.178562855010565	0.958001338124364	1.66726651303441	0.709265174910044	0	0	3	0.2	2.41741742074558	0.286521055974349	1.90189299156675	3.04552088491351	1.14362789334676
686	0	0	0	0.1	0.105877245001813	0.0326605788225349	0.0440071805011383	0.171025196519262	0.127018016018123	0	0	0	0.2	0.211287355271799	0.0751288662142094	0.0685700342879472	0.364224578463632	0.295654544175685	0	0	1	0.1	0.189953586339099	0.0545254319354433	0.0852737169408224	0.303296178312733	0.218022461371911	0	0	1	0.2	0.561578687914014	0.14446926970921	0.296387648048457	0.866443630164711	0.570055982116254	0	0	2	0.1	0.560482845739087	0.100393289318443	0.380733115313823	0.762746157480504	0.382013042166681	0	0	2	0.2	1.31751879683557	0.211261374109988	0.937459433916956	1.73933826593226	0.801878832015302	0	0	3	0.1	0.907962731667054	0.136546937790214	0.664451741984341	1.18038945339664	0.515937711412302	0	0	3	0.2	1.84386827617186	0.245166126755514	1.40453664971295	2.31054473445675	0.9060080847438
669	0	0	0	0.1	0.0808568220345547	0.0292106616747089	0.0230700160076131	0.141910350578155	0.118840334570542	0	0	0	0.2	0.215091865890332	0.0686373465115666	0.0806583364749494	0.345619926398767	0.264961589923818	0	0	1	0.1	0.25553434540062	0.0586396587584767	0.140783354544854	0.372737337275085	0.23195398273023	0	0	1	0.2	0.74167090205998	0.169511000900423	0.419141492268228	1.08428957187026	0.665148079602033	0	0	2	0.1	0.62535799795228	0.11748527101737	0.40007840484828	0.854347661438605	0.454269256590325	0	0	2	0.2	1.42322864601875	0.252142007546525	0.963316940686101	1.95192344504526	0.988606504359157	0	0	3	0.1	0.925364484660758	0.166714521242281	0.633793141490602	1.28022588395717	0.646432742466566	0	0	3	0.2	1.85305750113084	0.300370840364244	1.33392282173582	2.48803286391873	1.15411004218291
823	0	0	0	0.1	0.101162427495933	0.0307717431959582	0.0403013207639438	0.165924739641409	0.125623418877465	0	0	0	0.2	0.276261599692868	0.0764557000127424	0.135513049832298	0.436281133589913	0.300768083757615	0	0	1	0.1	0.238132663217129	0.063666700216302	0.120745781551211	0.36155737935894	0.240811597807729	0	0	1	0.2	0.63111507173553	0.164721431721588	0.334468713403524	0.96330924086836	0.628840527464837	0	0	2	0.1	0.498958345745811	0.100910139473324	0.308166803242732	0.70287934760294	0.394712544360208	0	0	2	0.2	1.16484692974419	0.213442533608201	0.765711299513673	1.58158630234279	0.815875002829121	0	0	3	0.1	0.788137208211841	0.134550623039733	0.549343432176211	1.06945678437028	0.520113352194068	0	0	3	0.2	1.67475901576515	0.261581828295656	1.20890376855	2.2521484019756	1.04324463342559
887	0	0	0	0.1	0.143715510893613	0.0333940202615643	0.0805794556630183	0.209288918758151	0.128709463095133	0	0	0	0.2	0.264768422217225	0.0828510010742556	0.109010257922448	0.422358657694683	0.313348399772235	0	0	1	0.1	0.0955289014229524	0.0609114547744807	-0.0239837309688821	0.221334026082206	0.245317757051088	0	0	1	0.2	0.318652937929533	0.168401381388278	0.00681236162084036	0.665135014090512	0.658322652469672	0	0	2	0.1	0.396281662623752	0.131300563486104	0.168769865932236	0.667876813588473	0.499106947656237	0	0	2	0.2	0.993922434396158	0.303200645182699	0.479348893651861	1.60857076013143	1.12922186647957	0	0	3	0.1	0.736698025682413	0.199525852045855	0.416588822933815	1.13960458463801	0.723015761704196	0	0	3	0.2	1.54202682924197	0.375252912306105	0.93323004094435	2.2839908707407	1.35076082979635
626	0	0	0	0.1	0.128705531690665	0.0328648622592716	0.061393355417158	0.191556059147789	0.130162703730631	0	0	0	0.2	0.268600182158318	0.0813047271457122	0.116313663234505	0.42636617429386	0.310052511059355	0	0	1	0.1	0.199280932720324	0.0745284401810723	0.0641767284241706	0.348744909146186	0.284568180722016	0	0	1	0.2	0.801682049960616	0.262855973104302	0.318714481497951	1.33914794025622	1.02043345875827	0	0	2	0.1	0.829181286994928	0.191522781110592	0.473328470416762	1.2346472191493	0.761318748732534	0	0	2	0.2	1.98328436935911	0.34618507347898	1.30917539452605	2.64201267221113	1.33283727768508	0	0	3	0.1	1.41731993534289	0.244453684145829	0.96679130076463	1.89690026765049	0.930108966885858	0	0	3	0.2	2.75866613408371	0.370066174915899	2.06824964735226	3.47876454728356	1.4105148999313
642	0	0	0	0.1	0.0887081874521912	0.0318046995439551	0.0288960253777745	0.155177097430775	0.126281072053	0	0	0	0.2	0.228806786316738	0.0808982946840241	0.0804682781388802	0.399557935907476	0.319089657768596	0	0	1	0.1	0.228785980570597	0.0807948731188965	0.0716774709603805	0.392689966088963	0.321012495128582	0	0	1	0.2	0.706185730551636	0.219559325149411	0.278103770791228	1.13448037768614	0.856376606894911	0	0	2	0.1	0.60525974392648	0.133863969839752	0.351862299785954	0.863593291972183	0.511730992186229	0	0	2	0.2	1.33187341151678	0.247766472689836	0.849077679584067	1.81053809045597	0.961460410871907	0	0	3	0.1	0.860488060168383	0.148830389834759	0.58790537275914	1.16137258524659	0.573467212487447	0	0	3	0.2	1.66629883925819	0.258217509168051	1.18371875841364	2.18935783095914	1.0056390725455
789	0	0	0	0.1	0.120064783018089	0.0299855655986807	0.0627304708884586	0.181374001514082	0.118643530625623	0	0	0	0.2	0.254281078298984	0.0733337205237301	0.115118710278787	0.400786351350003	0.285667641071216	0	0	1	0.1	0.115554151230045	0.0589779064710343	0.00260293837408479	0.228119624606197	0.225516686232112	0	0	1	0.2	0.371299340724114	0.152734567916466	0.0889651998510206	0.678838778901296	0.589873579050275	0	0	2	0.1	0.406883611279227	0.091529054626112	0.247908886421324	0.610047167619896	0.362138281198572	0	0	2	0.2	0.991758988353477	0.186880356294332	0.648758729042479	1.37746812544698	0.728709396404504	0	0	3	0.1	0.707512480166708	0.112340536373598	0.51166742536996	0.93330015365464	0.42163272828468	0	0	3	0.2	1.46222667430007	0.206622574748232	1.10415576340873	1.89116393887517	0.787008175466434
502	0	0	0	0.1	0.104905213560676	0.0316419128286808	0.0475682886348398	0.169136502308925	0.121568213674086	0	0	0	0.2	0.227013200103724	0.076428587581867	0.0895420985616286	0.389830474414822	0.300288375853193	0	0	1	0.1	0.167047805444782	0.056719794229513	0.0593870122266175	0.285624183692047	0.226237171465429	0	0	1	0.2	0.508144653043335	0.160087453652474	0.216137224867103	0.847688577346301	0.631551352479198	0	0	2	0.1	0.533532526862596	0.123504605342717	0.318561914966038	0.794608209613298	0.476046294647259	0	0	2	0.2	1.28733424678211	0.261058984282107	0.822903112237827	1.80242095222259	0.97951783998476	0	0	3	0.1	0.934582030279758	0.179486212615407	0.614132409099343	1.28687715645012	0.672744747350779	0	0	3	0.2	1.9145037561107	0.31640313435537	1.33253412094275	2.54255476313738	1.21002064219463
605	0	0	0	0.1	0.0685905700293064	0.0298693665161845	0.0139418544690746	0.128211853821968	0.114269999352893	0	0	0	0.2	0.158874736616663	0.0727499902515737	0.0204775146745685	0.296282380140213	0.275804865465645	0	0	1	0.1	0.226650818904998	0.0703401327365744	0.0885600861808651	0.361098298753782	0.272538212572917	0	0	1	0.2	0.690698546417383	0.186577776027958	0.339541067437098	1.08004697777042	0.740505910333321	0	0	2	0.1	0.601237672980276	0.116376643774752	0.402436304163648	0.850139411720273	0.447703107556626	0	0	2	0.2	1.39565609637131	0.240852886895009	0.959125843563278	1.89169374395419	0.932567900390908	0	0	3	0.1	0.928613355130497	0.149190088971945	0.648934564784762	1.22523819870302	0.576303633918253	0	0	3	0.2	1.91626439941809	0.273774241647905	1.38868080082545	2.46564996765863	1.07696916683318
602	0	0	0	0.1	0.11031052539254	0.0383447236340858	0.0365208606176834	0.188178665392641	0.151657804774958	0	0	0	0.2	0.272711540945075	0.0901556913376406	0.105300961166892	0.459432985607803	0.354132024440912	0	0	1	0.1	0.201515481167748	0.0619331820613745	0.0853117862485906	0.325064668582064	0.239752882333473	0	0	1	0.2	0.550129799133819	0.155707656581084	0.272454853831252	0.862067151458991	0.589612297627739	0	0	2	0.1	0.466866266422479	0.0987374352106523	0.294445173921918	0.676172018673703	0.381726844751785	0	0	2	0.2	1.06349760493979	0.203797618614774	0.72084918575097	1.49126669191675	0.770417506165777	0	0	3	0.1	0.72648355643174	0.131263754341259	0.507051054794709	0.991861260191031	0.484810205396322	0	0	3	0.2	1.49337939998633	0.240928109702588	1.06479753907707	1.97985934260713	0.915061803530058
690	0	0	0	0.1	0.0254188134306649	0.0314130043887355	-0.0339087957167631	0.0900993460956402	0.124008141812403	0	0	0	0.2	0.0762951886832329	0.0735367076097653	-0.0512803295051736	0.239655497312633	0.290935826817807	0	0	1	0.1	0.189830282491427	0.0508411984403937	0.0929817658646628	0.291774088036875	0.198792322172212	0	0	1	0.2	0.580182205977727	0.15343710890724	0.291321724319356	0.899330823954336	0.60800909963498	0	0	2	0.1	0.579483810959494	0.125326666654143	0.3423363579553	0.809821680613037	0.467485322657737	0	0	2	0.2	1.40472974199596	0.270238446293887	0.892513468805149	1.89456050636056	1.00204703755541	0	0	3	0.1	0.942378152703815	0.169803547039231	0.626984994899349	1.26676435262103	0.639779357721677	0	0	3	0.2	1.95115474999382	0.303535114252772	1.35798203739639	2.52331958789472	1.16533755049833
734	0	0	0	0.1	0.0985799404021028	0.0343226916245669	0.0333396765976804	0.167425006453981	0.1340853298563	0	0	0	0.2	0.225462587921525	0.0886465650242627	0.0619105125013097	0.406673574636177	0.344763062134867	0	0	1	0.1	0.174862022714787	0.0722608134739372	0.0484924932147231	0.331376190587569	0.282883697372846	0	0	1	0.2	0.617885059228103	0.211086896168885	0.280724670743002	1.07112529669425	0.790400625951249	0	0	2	0.1	0.594761237227531	0.13247086037516	0.370884871118015	0.881253001998301	0.510368130880286	0	0	2	0.2	1.35985430691504	0.249527446831955	0.902728265281299	1.88333253680742	0.980604271526121	0	0	3	0.1	0.916481301589944	0.157700542916097	0.63317906521411	1.24653964386249	0.613360578648378	0	0	3	0.2	1.80723750425221	0.264064989062341	1.31192161410376	2.34649364915189	1.03457203504813
694	0	0	0	0.1	0.159685082453725	0.0339878314294603	0.0969520017278661	0.229170479148924	0.132218477421058	0	0	0	0.2	0.35231991517025	0.0858959021757913	0.19203469641576	0.527598546585148	0.335563850169388	0	0	1	0.1	0.198611650121936	0.0626323499514924	0.077116103621217	0.334165513595462	0.257049409974245	0	0	1	0.2	0.535754763450086	0.152212017453251	0.241930965260618	0.834837914772276	0.592906949511658	0	0	2	0.1	0.431527484082036	0.0915405423275937	0.26697843969142	0.612984600898998	0.346006161207578	0	0	2	0.2	0.976480982510516	0.18083359798746	0.642767893407736	1.33573054680238	0.692962653394648	0	0	3	0.1	0.641771990582698	0.107029061551122	0.447628891962298	0.876648373079841	0.429019481117544	0	0	3	0.2	1.34032018585636	0.199660525091121	0.971042272107515	1.7589972208829	0.78795494877539
798	0	0	0	0.1	0.105644855368243	0.0310854508879742	0.0501756316720992	0.169858940316335	0.119683308644235	0	0	0	0.2	0.288649881495256	0.0818382651358979	0.140227646314228	0.459782390139081	0.319554743824853	0	0	1	0.1	0.258183768111751	0.0618499510257324	0.149408488540603	0.392131395507935	0.242722906967332	0	0	1	0.2	0.746627871602854	0.166850548638566	0.465553386721325	1.11559772125871	0.65004433453739	0	0	2	0.1	0.609364660550589	0.102878802074037	0.426424900538038	0.827993345323928	0.40156844478589	0	0	2	0.2	1.35077702789961	0.19435452189612	0.993042450831524	1.7389212530097	0.74587880217818	0	0	3	0.1	0.897416110702802	0.122723452188676	0.667803187404211	1.14622633849139	0.478423151087179	0	0	3	0.2	1.77141566576854	0.212667216131585	1.36427777601439	2.19385718656846	0.829579410554065
613	0	0	0	0.1	0.129701020175223	0.0285282426641134	0.0740441776853132	0.185645381007617	0.111601203322304	0	0	0	0.2	0.321735166890294	0.0768306037119007	0.184033274533105	0.483693421655169	0.299660147122065	0	0	1	0.1	0.32365226097016	0.0631030365812237	0.213524122788482	0.457792509279751	0.244268386491269	0	0	1	0.2	0.924218356840931	0.170740055301118	0.616763714550636	1.2823935855012	0.665629870950567	0	0	2	0.1	0.716050809652365	0.112326141016249	0.511539402249952	0.947951649755707	0.436412247505755	0	0	2	0.2	1.49744446816284	0.214378354066327	1.1044067902126	1.93876413717484	0.834357346962244	0	0	3	0.1	0.964752635675025	0.139224866449077	0.725413366247771	1.24906384952707	0.523650483279298	0	0	3	0.2	1.84474163308021	0.242777084715807	1.41658778652995	2.33020157389064	0.913613787360681
967	0	0	0	0.1	0.105647087550295	0.0299524313816994	0.0470022315812572	0.16358604294388	0.116583811362623	0	0	0	0.2	0.293515466169515	0.0923974497951764	0.114893894634266	0.476846963859565	0.361953069225299	0	0	1	0.1	0.271001662147943	0.07744033369699	0.113525483971991	0.420965536173349	0.307440052201358	0	0	1	0.2	0.807474652461112	0.208757113530218	0.402890905101643	1.23698534819352	0.834094443091878	0	0	2	0.1	0.636658763164309	0.117029817718036	0.419872299332297	0.873351790644995	0.453479491312698	0	0	2	0.2	1.43072778219179	0.222707253070625	1.02717902146389	1.88755236339153	0.860373341927639	0	0	3	0.1	0.922685706933718	0.131564587105434	0.685933244863961	1.21108045328831	0.525147208424347	0	0	3	0.2	1.82829963735618	0.227152645283012	1.43441428190263	2.30574727136828	0.871332989465645
580	0	0	0	0.1	-0.00264052408888869	0.0344568870371284	-0.0681645247367825	0.061966157323026	0.130130682059808	0	0	0	0.2	0.0333956003291726	0.0741815517058417	-0.108116781607329	0.184397310844225	0.292514092451555	0	0	1	0.1	0.173864705410927	0.0561806297754792	0.063155056277532	0.285057085282662	0.22190202900513	0	0	1	0.2	0.583389258089304	0.162973422274877	0.287525021759859	0.927598458138245	0.640073436378386	0	0	2	0.1	0.576582227033963	0.120344470191915	0.375472394158139	0.845397970387965	0.469925576229826	0	0	2	0.2	1.37735242827419	0.251596445216411	0.916740835885135	1.92326718585465	1.00652634996952	0	0	3	0.1	0.928177887042516	0.162111592079106	0.635468285108353	1.27144723329555	0.635978948187196	0	0	3	0.2	1.89676297935829	0.274773018789415	1.3729973923211	2.43619304192415	1.06319564960305
665	0	0	0	0.1	0.0968203022465134	0.0311260697886885	0.0377965008652646	0.160613644181774	0.122817143316509	0	0	0	0.2	0.208329485369329	0.0821038550570122	0.052564813527481	0.37244203625801	0.319877222730529	0	0	1	0.1	0.262709683483536	0.0728993671433139	0.133164248631636	0.406798121126716	0.27363387249508	0	0	1	0.2	0.950255410474798	0.221782653292316	0.561714828116065	1.393773728741	0.832058900624936	0	0	2	0.1	0.878255894731702	0.139533957452892	0.627103991448415	1.16915137432868	0.542047382880261	0	0	2	0.2	1.94271484765964	0.246758121165495	1.47907977149885	2.453069277182	0.973989505683152	0	0	3	0.1	1.28468411932335	0.163924052932259	0.979079813432871	1.62348435618805	0.644404542755181	0	0	3	0.2	2.45737156579721	0.264739984068197	1.9659106107506	2.99999810033452	1.03408748958392
535	0	0	0	0.1	0.119294925879743	0.0324328497679555	0.0541026311549735	0.184099774594364	0.129997143439391	0	0	0	0.2	0.125577721114906	0.0851257766734821	-0.0392478364534566	0.300068720172692	0.339316556626148	0	0	1	0.1	-0.0132572603283621	0.0641524026629237	-0.138900453526808	0.113540772598224	0.252441226125033	0	0	1	0.2	0.088837802355443	0.154239939195208	-0.185536935574279	0.41354882428713	0.599085759861408	0	0	2	0.1	0.315460282216157	0.0933654689727638	0.150534756317309	0.50720173174695	0.356666975429641	0	0	2	0.2	0.852206920453355	0.200192310871604	0.509908957906291	1.26822960175416	0.758320643847869	0	0	3	0.1	0.655522799451929	0.122823048949001	0.446473957948433	0.91870490447669	0.472230946528256	0	0	3	0.2	1.40409496557232	0.235629675872922	1.00020787591347	1.90893358633245	0.90872571041898
539	0	0	0	0.1	0.0973969921902766	0.0320234514687545	0.036169933861312	0.160707554927025	0.124537621065713	0	0	0	0.2	0.192053841574709	0.0701015355874437	0.056135450207676	0.336570893220228	0.280435443012552	0	0	1	0.1	0.135366668729848	0.0695257401220478	-0.00172686003491557	0.268304330831216	0.270031190866132	0	0	1	0.2	0.444132970643796	0.188559996571178	0.0793193868460369	0.81173063217156	0.732411245325523	0	0	2	0.1	0.496646195283849	0.126519594745958	0.258884925570655	0.743269013522702	0.484384087952047	0	0	2	0.2	1.17385151379529	0.253124311578529	0.683050030396173	1.662000440724	0.978950410327827	0	0	3	0.1	0.828207477590671	0.16250123817559	0.522879446185513	1.15009619782119	0.627216751635675	0	0	3	0.2	1.66229785648867	0.28411222000588	1.09868329596272	2.22071662235088	1.12203332638816
552	0	0	0	0.1	0.0543359208994791	0.0292911706148235	-0.00164932283640129	0.114166534325488	0.115815857161889	0	0	0	0.2	0.137710120636146	0.0685871239625025	0.0110801819400234	0.287210592291523	0.276130410351499	0	0	1	0.1	0.243636794577943	0.058978233197279	0.137291054254794	0.366528097138435	0.229237042883641	0	0	1	0.2	0.78149908154336	0.18352314702402	0.460012684275743	1.16143519093258	0.701422506656841	0	0	2	0.1	0.753656414004102	0.130400389748992	0.512816990601276	1.03037099454644	0.517554003945169	0	0	2	0.2	1.78081122324771	0.263361697328642	1.27930749777179	2.30031976916967	1.02101227139788	0	0	3	0.1	1.17518576651755	0.168505135134315	0.873212196659419	1.52795003222785	0.654737835568436	0	0	3	0.2	2.35259149182234	0.28523463745966	1.81434001351945	2.91689736514093	1.10255735162148
778	0	0	0	0.1	0.0754723175171666	0.0333886541710576	0.0109201302349612	0.140016660686034	0.129096530451073	0	0	0	0.2	0.150760361157936	0.0731149890294924	0.0134976987332824	0.293119300494644	0.279621601761362	0	0	1	0.1	0.165762211499101	0.06500670266024	0.0333655074552926	0.295095332631236	0.261729825175944	0	0	1	0.2	0.592318628001658	0.188085897440956	0.229345475328703	0.966979844259318	0.737634368930615	0	0	2	0.1	0.641159585402296	0.122240165144562	0.404662620633355	0.891302692961413	0.486640072328057	0	0	2	0.2	1.49134994094579	0.229690575751504	1.05863867448882	1.94443376761053	0.885795093121703	0	0	3	0.1	1.03181650851607	0.149130495267138	0.752367712201471	1.32505921792039	0.572691505718923	0	0	3	0.2	1.9944307442781	0.241683018186072	1.51973636205638	2.4685445473926	0.948808185336213
908	0	0	0	0.1	0.0695336719177155	0.0338348103195639	0.00671375760218879	0.134790980596281	0.128077222994092	0	0	0	0.2	0.174016661913869	0.0752686271486018	0.0364280867010784	0.330296664955146	0.293868578254068	0	0	1	0.1	0.194576756688779	0.0559181278746714	0.0952981062266417	0.307144886857513	0.211846780630871	0	0	1	0.2	0.611327531340636	0.156946790214664	0.340050710008916	0.925919042741203	0.585868332732287	0	0	2	0.1	0.577365001916897	0.106918534275524	0.389874490369216	0.805435820259912	0.415561329890695	0	0	2	0.2	1.34229683308046	0.217448115262025	0.95856800023486	1.78914856104517	0.830580560810305	0	0	3	0.1	0.899565663731322	0.137513694148194	0.65994196426656	1.20288395265476	0.542941988388205	0	0	3	0.2	1.82868248454102	0.243591541401679	1.3942594239676	2.34283050301693	0.948571079049328
617	0	0	0	0.1	0.115060212237377	0.0335037222283771	0.0531815010338103	0.183421529639183	0.130240028605373	0	0	0	0.2	0.243327557100429	0.0815612942232166	0.0935837871018009	0.418340547226149	0.324756760124348	0	0	1	0.1	0.172409114408083	0.061319559273574	0.0496132845911417	0.290242105438558	0.240628820847416	0	0	1	0.2	0.490576170981565	0.153454216940024	0.198464208033097	0.799318307777763	0.600854099744666	0	0	2	0.1	0.477767523326188	0.0940048097071063	0.299755200555474	0.677818907067232	0.378063706511758	0	0	2	0.2	1.12280683369439	0.191042551871059	0.758173321701077	1.5268083002857	0.768634978584626	0	0	3	0.1	0.775954726215288	0.118569478824231	0.553727995648332	1.03063356442055	0.476905568772216	0	0	3	0.2	1.59081255382437	0.218399023406973	1.16023254029029	2.02667781692883	0.866445276638546
733	0	0	0	0.1	0.110591029048357	0.0390236165608232	0.0401300657389582	0.193004465181614	0.152874399442656	0	0	0	0.2	0.27144249803118	0.0991989375873412	0.0969893246412098	0.488299227556325	0.391309902915115	0	0	1	0.1	0.268460795892127	0.0641162431482628	0.140902290653363	0.39595926830755	0.255056977654188	0	0	1	0.2	0.835329908354052	0.179634962494813	0.485765045909768	1.20295085235249	0.717185806442719	0	0	2	0.1	0.71687442942643	0.124672786385437	0.473319263534614	0.971377717305949	0.498058453771335	0	0	2	0.2	1.57408459330057	0.241052274170302	1.08594479246914	2.05547263285697	0.969527840387835	0	0	3	0.1	1.04595660168901	0.163708239623791	0.741340155084769	1.39534758619186	0.654007431107092	0	0	3	0.2	2.05228156374006	0.28143919580323	1.52484868515488	2.60006198978122	1.07521330462634
573	0	0	0	0.1	0.0823008991276071	0.0309426655020349	0.022051060941187	0.147043807455739	0.124992746514552	0	0	0	0.2	0.204287570743804	0.0788771085750824	0.0648291580241552	0.374468895485743	0.309639737461587	0	0	1	0.1	0.27411477681042	0.0676170695470558	0.143263975245821	0.417555704864115	0.274291729618294	0	0	1	0.2	0.863784413734501	0.205532883562241	0.477434877959266	1.29180926487565	0.814374386916385	0	0	2	0.1	0.741562352318454	0.139613406709341	0.475974839294393	1.02381737404706	0.547842534752663	0	0	2	0.2	1.68147852855456	0.288057692145357	1.12175506883787	2.25056885471992	1.12881378588206	0	0	3	0.1	1.11607536719145	0.191771104803104	0.7554526088931	1.50280403677825	0.747351427885154	0	0	3	0.2	2.18157717173739	0.328907494106046	1.54236401786326	2.82553965915885	1.28317564129558
688	0	0	0	0.1	0.0796045886976074	0.0327674428606984	0.0165964397465065	0.145202195930366	0.128605756183859	0	0	0	0.2	0.20800474753658	0.0869365645790691	0.0445315912128821	0.375333959128261	0.330802367915379	0	0	1	0.1	0.186401125493178	0.0715426593559963	0.0503236918144868	0.327349551544185	0.277025859729698	0	0	1	0.2	0.615840353594884	0.200912223502764	0.240197100238574	1.03613681542312	0.795939715184546	0	0	2	0.1	0.558001912122043	0.143524631855214	0.289222368125886	0.861231444738823	0.572009076612937	0	0	2	0.2	1.26105910444856	0.287828935363442	0.734737842539924	1.86209345613528	1.12735561359536	0	0	3	0.1	0.871772448147254	0.19014347494424	0.541855392950152	1.29101391199603	0.749158519045878	0	0	3	0.2	1.72769246609913	0.327362743739261	1.15317605790851	2.43364574294708	1.28046968503858
657	0	0	0	0.1	0.0899732893681561	0.0298659699286502	0.0312105336983343	0.146563116124689	0.115352582426355	0	0	0	0.2	0.217120840247913	0.0736090925131894	0.0779545697190818	0.360648429619577	0.282693859900496	0	0	1	0.1	0.239751120235725	0.0501642339383356	0.142307829135784	0.335437954556995	0.193130125421211	0	0	1	0.2	0.643557374375081	0.130435012601091	0.405808266469085	0.914425586515099	0.508617320046015	0	0	2	0.1	0.540963001901955	0.0885940572893581	0.388238184581437	0.727432205338071	0.339194020756634	0	0	2	0.2	1.15485155388536	0.171325523992604	0.858276757756491	1.51614522020999	0.657868462453497	0	0	3	0.1	0.785650669336349	0.115733882833932	0.587749580625349	1.03912691247845	0.451377331853106	0	0	3	0.2	1.57607355444815	0.215187457258166	1.20767074906234	2.02304218550444	0.81537143644211
590	0	0	0	0.1	0.0859179973841484	0.0387385649306592	0.0107651262727748	0.163673736927695	0.15290861065492	0	0	0	0.2	0.218295124466517	0.09024610095946	0.0476082986860367	0.392602746463513	0.344994447777476	0	0	1	0.1	0.217539908325711	0.0596978484597496	0.109433826746374	0.340617150830689	0.231183324084315	0	0	1	0.2	0.661060925242381	0.154070171853095	0.368689021515484	0.981984484337982	0.613295462822498	0	0	2	0.1	0.582329758915167	0.0978993036364839	0.396168926836599	0.788747587944325	0.392578661107727	0	0	2	0.2	1.36847539350482	0.200876291075325	0.975102375044361	1.77696857274183	0.801866197697467	0	0	3	0.1	0.901633374448767	0.127425165067881	0.661951333213875	1.1508671547332	0.488915821519328	0	0	3	0.2	1.87378276349345	0.236294402112426	1.4236527079445	2.33938192623926	0.915729218294763
771	0	0	0	0.1	0.045281635996443	0.0311165514548206	-0.0134855076936367	0.106222732141191	0.119708239834828	0	0	0	0.2	0.221849975113431	0.0857231710355359	0.0731225951104358	0.406164703815344	0.333042108704908	0	0	1	0.1	0.392495682510668	0.0777343905737153	0.2505409126117	0.558273218226411	0.30773230561471	0	0	1	0.2	1.20150376736729	0.224624001058403	0.785138670297178	1.63183986558422	0.846701195287039	0	0	2	0.1	0.869634768158854	0.12877716524394	0.641352433246635	1.12268903881609	0.481336605569454	0	0	2	0.2	1.78799699581447	0.222993966504456	1.37135464247543	2.21925354695348	0.847898904478053	0	0	3	0.1	1.10513640641203	0.143146986418091	0.83955919306169	1.38911815849072	0.54955896542903	0	0	3	0.2	2.05304347725046	0.236809930249394	1.60362626020352	2.53083105694651	0.927204796742991
943	0	0	0	0.1	0.100508074296789	0.0335300945661812	0.0415733469674907	0.169739874420072	0.128166527452581	0	0	0	0.2	0.224955012528309	0.0845524470043861	0.0617892771481215	0.396850038461456	0.335060761313335	0	0	1	0.1	0.184071065274659	0.0573838262932268	0.0726762773154344	0.308599243168447	0.235922965853012	0	0	1	0.2	0.565608387999576	0.152543837847555	0.277513125061057	0.876807535439708	0.599294410378652	0	0	2	0.1	0.514383269842945	0.0967184523496306	0.335140287993955	0.713000756068435	0.37786046807448	0	0	2	0.2	1.22883244217658	0.204259494214279	0.855603273735817	1.6332950076834	0.777691733947578	0	0	3	0.1	0.818749604253285	0.127409751102563	0.59496632077882	1.08212963743534	0.487163316656524	0	0	3	0.2	1.70973341246012	0.241403225767368	1.26616740206576	2.18900797998445	0.922840577918698
524	0	0	0	0.1	0.0814037175520586	0.0346746142534163	0.0194502160582653	0.148093597821639	0.128643381763374	0	0	0	0.2	0.244838730802163	0.0855678846766583	0.0886780190880228	0.419749985020637	0.331071965932614	0	0	1	0.1	0.31543263785016	0.06645491911224	0.185130911213401	0.450165087387592	0.265034176174191	0	0	1	0.2	0.921523826719659	0.185008866488337	0.57560093403956	1.30167211102542	0.726071176985864	0	0	2	0.1	0.758426304942169	0.126839951834522	0.529116054898042	1.01717070350284	0.488054648604794	0	0	2	0.2	1.60046587976511	0.238992708202859	1.17533321445849	2.06393574614877	0.888602531690279	0	0	3	0.1	1.04203430598224	0.15966943594418	0.767280519667454	1.36731522436773	0.600034704700278	0	0	3	0.2	1.96097036243816	0.26621198540343	1.47882896653212	2.49070721208315	1.01187824555104
519	0	0	0	0.1	0.0933566735988078	0.034521783522543	0.0258450108934301	0.160642430021297	0.134797419127867	0	0	0	0.2	0.175580163968368	0.0855504214704524	-0.00831369883640506	0.336162878124202	0.344476576960607	0	0	1	0.1	0.11032672461931	0.0614101902989113	-0.00881633368093086	0.228054916524007	0.236871250204937	0	0	1	0.2	0.334916919810305	0.152336287855947	0.0479285308019152	0.648764308099725	0.60083577729781	0	0	2	0.1	0.374376454475797	0.0922219520745718	0.209029089849731	0.567639295640813	0.358610205791081	0	0	2	0.2	0.87180084427829	0.191973666267322	0.534705585337872	1.26946932930523	0.734763743967362	0	0	3	0.1	0.611674394864946	0.118236031837007	0.401191566395067	0.855275093635857	0.454083527240789	0	0	3	0.2	1.25855938884025	0.229143756705146	0.844454886714066	1.75023921511674	0.905784328402676
793	0	0	0	0.1	0.145119375949852	0.0351198416244118	0.0798604469386656	0.216153883171719	0.136293436233054	0	0	0	0.2	0.397948055364509	0.0963616044885552	0.215398710414348	0.603348462133844	0.387949751719497	0	0	1	0.1	0.300800965390238	0.0655989937952095	0.174742741161556	0.438442743434058	0.263700002272502	0	0	1	0.2	0.803866497064688	0.166654312823621	0.495152520068115	1.15689650349672	0.661743983428609	0	0	2	0.1	0.571688111961779	0.104808996659944	0.387712044005539	0.795953700282616	0.408241656277077	0	0	2	0.2	1.26609533243594	0.213786414076884	0.889665960633955	1.73067473709636	0.841008776462408	0	0	3	0.1	0.784467208776028	0.134003702895023	0.545083872447832	1.08922019806131	0.544136325613474	0	0	3	0.2	1.61297707009342	0.251270705524635	1.17034656191978	2.184730815349	1.01438425342922
800	0	0	0	0.1	0.0742241747307718	0.030802111373932	0.0154366301587898	0.136514343438576	0.121077713279786	0	0	0	0.2	0.191290771836369	0.0831021884308606	0.0452717086107398	0.361154439525566	0.315882730914826	0	0	1	0.1	0.298523986103382	0.0793872807254239	0.151565811307244	0.464634640698355	0.313068829391111	0	0	1	0.2	1.04420156632925	0.235086400004751	0.628283578813569	1.55883573139937	0.930552152585804	0	0	2	0.1	0.910517364525759	0.143903527065143	0.635493165177784	1.21022541872167	0.574732253543889	0	0	2	0.2	1.89818821613483	0.238360066048584	1.42014797969875	2.34412643635528	0.923978456656527	0	0	3	0.1	1.25025562452804	0.159308223532122	0.94203626460171	1.57530022903836	0.633263964436653	0	0	3	0.2	2.28177908989542	0.250069755328549	1.79328203379778	2.78175913125334	0.98847709745556
974	0	0	0	0.1	0.0641320054079236	0.0300892024929693	0.00154067698509612	0.123312575826831	0.121771898841735	0	0	0	0.2	0.155388703924621	0.0707159352590275	0.00867903954439736	0.290207107387345	0.281528067842948	0	0	1	0.1	0.234906787532267	0.0651731829279792	0.110888535064118	0.369918539252868	0.25903000418875	0	0	1	0.2	0.817434445575415	0.213585100543409	0.433959228032244	1.26352356705248	0.829564339020232	0	0	2	0.1	0.7792231114176	0.147667661545421	0.517396616406764	1.08790679357642	0.570510177169655	0	0	2	0.2	1.80550429983446	0.274433471102659	1.30505203395013	2.35067834912488	1.04562631517475	0	0	3	0.1	1.20694693960253	0.177744127519823	0.88031854783489	1.56961411934172	0.68929557150683	0	0	3	0.2	2.3592726406034	0.284835026347087	1.83124726753791	2.92995941828057	1.09871215074266
577	0	0	0	0.1	0.0566127892862967	0.0362298222146107	-0.0143146445663219	0.125500018972551	0.139814663538873	0	0	0	0.2	0.0685667395247698	0.0780441623169378	-0.0857009665256545	0.219333443493918	0.305034410019573	0	0	1	0.1	0.117955921980587	0.050889285309042	0.0237143796818594	0.224948454786579	0.201234075104719	0	0	1	0.2	0.399315994003286	0.131595237619726	0.164483904094972	0.683025351692725	0.518541447597753	0	0	2	0.1	0.471678197247528	0.093312089490116	0.311415277594201	0.668363293463587	0.356948015869385	0	0	2	0.2	1.12882734409779	0.208256090260091	0.778256808560576	1.57439591902434	0.796139110463763	0	0	3	0.1	0.787877377446898	0.136508780979012	0.547821695647581	1.08702640209716	0.539204706449583	0	0	3	0.2	1.64435995026449	0.262748000102922	1.16939256967398	2.183666909241	1.01427433956702
826	0	0	0	0.1	0.109211851850505	0.0314808538402873	0.0487189156931879	0.17397660780429	0.125257692111102	0	0	0	0.2	0.209992753875703	0.0776893811777286	0.0574611178734216	0.366603763913574	0.309142646040152	0	0	1	0.1	0.15925412484667	0.0608149395492658	0.0473225167171725	0.284501521253114	0.237179004535941	0	0	1	0.2	0.514452356316453	0.168953626047367	0.209964905877509	0.876847215913903	0.666882310036394	0	0	2	0.1	0.533283213915669	0.120630504346587	0.304553447844385	0.787776766838162	0.483223318993777	0	0	2	0.2	1.36426725858491	0.274589080092319	0.794122419954214	1.9268154264487	1.13269300649449	0	0	3	0.1	0.939197429923626	0.173696857785959	0.589055162136993	1.29122920679847	0.702174044661477	0	0	3	0.2	2.00725586816285	0.320016980878149	1.3201429361666	2.63485050250808	1.31470756634148
553	0	0	0	0.1	0.0768609393473734	0.0294476616457906	0.0187574605249057	0.136053363554139	0.117295903029234	0	0	0	0.2	0.177019947424639	0.078216776551223	0.0241553850823495	0.338759169012819	0.314603783930469	0	0	1	0.1	0.238720762686972	0.0646218847627954	0.11644384627161	0.36505312131675	0.24860927504514	0	0	1	0.2	0.795953031169448	0.192667401224218	0.448507675512352	1.17841333914151	0.729905663629159	0	0	2	0.1	0.744758172415016	0.134042685225585	0.503712634003613	1.02414406435262	0.520431430349009	0	0	2	0.2	1.72627516933741	0.264122261540365	1.23533754237416	2.25266994565248	1.01733240327832	0	0	3	0.1	1.16075419998263	0.179660537784807	0.829872932585431	1.52641609135306	0.696543158767626	0	0	3	0.2	2.29120342052786	0.295090712564737	1.72260691683829	2.85244021579932	1.12983329896103
858	0	0	0	0.1	0.116839182501676	0.0281706484360361	0.0637663024829756	0.178131381025265	0.11436507854229	0	0	0	0.2	0.244788027107602	0.0713530926041721	0.107832693181826	0.388907640866237	0.281074947684411	0	0	1	0.1	0.128103374530453	0.0673674175208066	-0.00525683975822595	0.26584839139016	0.271105231148386	0	0	1	0.2	0.428449885873815	0.186888691384094	0.0646335886356918	0.802199710094706	0.737566121459014	0	0	2	0.1	0.470397013046631	0.120550295399292	0.238110622375815	0.704586969854507	0.466476347478692	0	0	2	0.2	1.16208580902686	0.242867576102252	0.709406313786027	1.65710985508449	0.947703541298462	0	0	3	0.1	0.824404668949678	0.152039670990412	0.550368792773538	1.15021565927039	0.599846866496853	0	0	3	0.2	1.66544180597792	0.267211412068842	1.17902707277481	2.20860975323413	1.02958268045932
556	0	0	0	0.1	0.076866140989065	0.0270388864602605	0.0221976217899092	0.126571111268073	0.104373489478164	0	0	0	0.2	0.188895478082036	0.0618860590826031	0.0754031629910877	0.316005741349661	0.240602578358574	0	0	1	0.1	0.20118689913683	0.0530030227962001	0.101898860284033	0.316437410879577	0.214538550595544	0	0	1	0.2	0.594322372849319	0.157983361508928	0.314137714653138	0.938760064980484	0.624622350327346	0	0	2	0.1	0.559373539510103	0.110773907593298	0.366511369115495	0.788586715340854	0.422075346225359	0	0	2	0.2	1.35456095908616	0.230460097275035	0.941287459965257	1.82271408510192	0.881426625136664	0	0	3	0.1	0.959578391874977	0.151467521524253	0.69729514594875	1.27082892795963	0.573533782010882	0	0	3	0.2	1.96685457400854	0.267554052325884	1.48966158155649	2.4976562478361	1.00799466627961
748	0	0	0	0.1	0.0776872928904808	0.0323991861610801	0.0167995976010747	0.144384354938722	0.127584757337647	0	0	0	0.2	0.173911336704282	0.0855079609707986	0.0167789889892002	0.368357200957642	0.351578211968442	0	0	1	0.1	0.202587712129157	0.0718382488352562	0.0679533724075902	0.344558397042993	0.276605024635403	0	0	1	0.2	0.758278063930225	0.225815915232771	0.345794220995856	1.23472042119332	0.88892620019746	0	0	2	0.1	0.743677777383629	0.140513253528103	0.500769650771356	1.04523711632429	0.544467465552937	0	0	2	0.2	1.766299791467	0.269655483030767	1.26139292219275	2.31614943410413	1.05475651191138	0	0	3	0.1	1.17319562604814	0.171915520735528	0.85858009723859	1.53576512814454	0.677185030905954	0	0	3	0.2	2.3455166000426	0.288860147301589	1.81630133682009	2.92272647282962	1.10642513600953
670	0	0	0	0.1	0.122211576628616	0.0316186833178289	0.0622561920992523	0.185723443404572	0.123467251305319	0	0	0	0.2	0.270853454112343	0.0813779848391828	0.122479187680422	0.431307842994277	0.308828655313856	0	0	1	0.1	0.244263540380913	0.0669242607813983	0.119845503412764	0.376970146705668	0.257124643292904	0	0	1	0.2	0.715935091996454	0.180199895113742	0.380669077273856	1.09770426099636	0.717035183722506	0	0	2	0.1	0.591068947579625	0.115014084817492	0.374447036578296	0.833842403348582	0.459395366770286	0	0	2	0.2	1.31215902595749	0.226807328044463	0.892134940365669	1.77835585424929	0.886220913883624	0	0	3	0.1	0.828251393503691	0.139987947980572	0.57670691192449	1.13994485112105	0.563237939196565	0	0	3	0.2	1.66383696912242	0.250478272531778	1.21244577419998	2.21215864522539	0.999712871025414
555	0	0	0	0.1	0.106311998914955	0.0342603966207998	0.0406871378450048	0.1728289782678	0.132141840422796	0	0	0	0.2	0.176732100957887	0.0844879761292177	0.0182910335388445	0.354567141194678	0.336276107655834	0	0	1	0.1	0.161436363833591	0.0680200329406344	0.0384842396437505	0.311629378358191	0.273145138714441	0	0	1	0.2	0.582752846937127	0.179204880151186	0.256900491537584	0.986437369843571	0.729536878305987	0	0	2	0.1	0.630266799706016	0.109815942653045	0.443544004612064	0.864668180203092	0.421124175591028	0	0	2	0.2	1.4083194251897	0.198168331626879	1.04414984075468	1.816101062003	0.771951221248324	0	0	3	0.1	0.973411690282414	0.13172272971822	0.732230854592421	1.24314298541603	0.510912130823605	0	0	3	0.2	1.87076410531387	0.215829977686342	1.46605354607771	2.3167704852797	0.85071693920199
689	0	0	0	0.1	0.0696026790192425	0.0289163538264106	0.0141096089347959	0.127659126262046	0.11354951732725	0	0	0	0.2	0.159304710040829	0.0683270025018526	0.0281762256441745	0.29740773384552	0.269231508201346	0	0	1	0.1	0.188359862735733	0.0670035471338521	0.0589777047069479	0.317818800751862	0.258841096044914	0	0	1	0.2	0.611253252658437	0.183851230777295	0.269389547878515	0.973065418861933	0.703675870983419	0	0	2	0.1	0.566023671711907	0.116720362937975	0.338180586286141	0.793533748820662	0.455353162534521	0	0	2	0.2	1.28810567350559	0.224385285169645	0.850127736459632	1.72686538061009	0.876737644150463	0	0	3	0.1	0.847505581476222	0.13505106323135	0.596530470953041	1.12787456507797	0.531344094124931	0	0	3	0.2	1.69773642082931	0.232011708999369	1.28291661297979	2.17860359802085	0.895686985041061
953	0	0	0	0.1	0.0682103784354708	0.0324986890872514	0.00441772755510344	0.13274079346776	0.128323065912657	0	0	0	0.2	0.185106281400312	0.0726261952734887	0.0500129741936825	0.328596863778606	0.278583889584923	0	0	1	0.1	0.24091690326984	0.0497185264859489	0.152015802939248	0.343131937117032	0.191116134177783	0	0	1	0.2	0.735253739181296	0.14858197652327	0.489617766859799	1.06900828365032	0.579390516790519	0	0	2	0.1	0.675482748670842	0.10256336527604	0.493537942970796	0.908583848257443	0.415045905286646	0	0	2	0.2	1.54813264842242	0.217381648931563	1.15344195291221	1.99871866176377	0.845276708851554	0	0	3	0.1	1.02413966077047	0.151030989553476	0.746370496057402	1.33140346835001	0.585032972292604	0	0	3	0.2	1.9830473007503	0.263464077534758	1.47468811119139	2.50588148092874	1.03119336973735
560	0	0	0	0.1	0.0607864373082941	0.0300547076292225	-0.00162284640286536	0.114900998946412	0.116523845349278	0	0	0	0.2	0.12286481542346	0.0752478398177408	-0.0294633776210787	0.270100347407858	0.299563725028937	0	0	1	0.1	0.162706276449369	0.0614022126064958	0.04056199263009	0.285775311643551	0.245213319013461	0	0	1	0.2	0.54498271097782	0.170997734721239	0.219810756406821	0.884898414528821	0.665087658122001	0	0	2	0.1	0.589466322045356	0.112471634643401	0.38244675592032	0.818775382937936	0.436328627017616	0	0	2	0.2	1.46800762124202	0.233410830932281	1.03904669969709	1.91888459041618	0.879837890719096	0	0	3	0.1	1.0354281899604	0.147748990974068	0.772789624079245	1.33056169970855	0.557772075629303	0	0	3	0.2	2.13406186739577	0.258412972967993	1.65955638778314	2.65410266301028	0.994546275227138
659	0	0	0	0.1	0.0741418465736968	0.0397068484112624	-0.0025058250590606	0.154960071159501	0.157465896218561	0	0	0	0.2	0.0488779310507183	0.0965518903488386	-0.139588763356898	0.229397453121225	0.368986216478122	0	0	1	0.1	0.0928861348182168	0.0680086760482481	-0.0344432282037695	0.229347549041273	0.263790777245042	0	0	1	0.2	0.47521049220659	0.171463448106084	0.165171794450349	0.829266475059657	0.664094680609308	0	0	2	0.1	0.588159509188068	0.106181102389926	0.391450927735318	0.811716337080293	0.420265409344975	0	0	2	0.2	1.27641943655083	0.189123789367632	0.904593488920054	1.6525369156799	0.747943426759843	0	0	3	0.1	0.872013182609433	0.119473409151991	0.637403211556301	1.13247562142945	0.495072409873144	0	0	3	0.2	1.65483079218971	0.197326118147871	1.26898339252135	2.04289578937806	0.773912396856706
741	0	0	0	0.1	0.0214731766174857	0.0346880425205974	-0.0485774522191476	0.0896761230085684	0.138253575227716	0	0	0	0.2	0.0884582399528692	0.0834748426679063	-0.0689571630571478	0.263301993903541	0.332259156960688	0	0	1	0.1	0.206853010697729	0.061345156692238	0.093001346796586	0.335600864435281	0.242599517638695	0	0	1	0.2	0.588055271460161	0.159045708737665	0.302473232682515	0.942280301033344	0.639807068350829	0	0	2	0.1	0.527112100049929	0.104991969187983	0.347285817851683	0.752343618574946	0.405057800723263	0	0	2	0.2	1.1630366834106	0.214354861791951	0.791289506761565	1.6349894424661	0.843699935704537	0	0	3	0.1	0.781914583221072	0.138833225831414	0.545609936388553	1.09197253110262	0.546362594714071	0	0	3	0.2	1.56751213497333	0.251183823643784	1.13567949516144	2.12412718312433	0.98844768796289
841	0	0	0	0.1	0.0931115589649212	0.0347198296487961	0.0310334301752045	0.165095456775014	0.13406202659981	0	0	0	0.2	0.281878031113914	0.0949742709187472	0.0981837028152479	0.476606061268079	0.378422358452831	0	0	1	0.1	0.328365476739798	0.0801884660183441	0.191618840291423	0.484308037264165	0.292689196972742	0	0	1	0.2	0.920802002897983	0.212385525644838	0.562795226302024	1.3622815570063	0.79948633070428	0	0	2	0.1	0.691238887101619	0.13053688205991	0.454920106059518	0.971280418324467	0.51636031226495	0	0	2	0.2	1.52532574987102	0.248729403519941	1.06051020477128	2.03158493063851	0.971074725867226	0	0	3	0.1	0.974392727201017	0.157818182050472	0.690899381440784	1.29499143311775	0.60409205167697	0	0	3	0.2	1.99102333571073	0.27017804579294	1.47269045474236	2.52036574920325	1.04767529446089
821	0	0	0	0.1	0.09054720259898	0.0362332851669697	0.023159520639833	0.165528638633255	0.142369117993422	0	0	0	0.2	0.119999769113101	0.0916469793751172	-0.0587113352640304	0.298348290610674	0.357059625874705	0	0	1	0.1	0.117897098261593	0.0680174007837093	-0.0131737611785847	0.257396483490555	0.27057024466914	0	0	1	0.2	0.586589373103442	0.183813603946446	0.252855303460686	0.989133340072361	0.736278036611676	0	0	2	0.1	0.666343405907798	0.113518031424997	0.452280617657485	0.903540554592529	0.451259936935044	0	0	2	0.2	1.58466032972546	0.217066481622906	1.16756700883055	2.02270085760472	0.85513384877417	0	0	3	0.1	1.0468079864881	0.136154584223775	0.783595875540803	1.32006334181733	0.53646746627653	0	0	3	0.2	2.06488974828427	0.232567709490919	1.61931017150097	2.52274519014461	0.903435018643642
704	0	0	0	0.1	0.0622681895905248	0.0323961540264225	-0.00551635776217809	0.123559196811312	0.129075554573491	0	0	0	0.2	0.197843710617066	0.0830540458842185	0.0438904326088767	0.358985826494992	0.315095393886116	0	0	1	0.1	0.308322000900251	0.0708348472037727	0.176134415665012	0.450069897399505	0.273935481734493	0	0	1	0.2	0.924223400067594	0.183674424804275	0.574512196096473	1.2855802170877	0.711068020991226	0	0	2	0.1	0.758225423283772	0.111311345191096	0.555098307390821	0.995334046071981	0.44023573868116	0	0	2	0.2	1.63393707640762	0.210818280240792	1.24419417512928	2.10113687066581	0.856942695536528	0	0	3	0.1	1.05199828666196	0.142423695435417	0.79523545625953	1.34593121377911	0.550695757519583	0	0	3	0.2	2.02787007024023	0.243257887452886	1.58682748764942	2.55207209115594	0.96524460350652
531	0	0	0	0.1	0.0889544129984646	0.0333741883930103	0.0209354272813783	0.15064642212033	0.129710994838952	0	0	0	0.2	0.184465349163216	0.0770893197839925	0.0456764033533389	0.342383208963884	0.296706805610545	0	0	1	0.1	0.0838894939639283	0.064763288260637	-0.045972719791067	0.208037136492696	0.254009856283763	0	0	1	0.2	0.252008749507361	0.15664429398654	-0.0368852875383072	0.559710107636491	0.596595395174799	0	0	2	0.1	0.288220651664056	0.0921627575270725	0.116517164149841	0.472374002572741	0.3558568384229	0	0	2	0.2	0.698634672840332	0.182974039477173	0.363943747473188	1.04960634816765	0.685662600694459	0	0	3	0.1	0.518172485696442	0.105086123394571	0.326096122343325	0.725592472906746	0.399496350563421	0	0	3	0.2	1.1032778380782	0.1933183330777	0.747797193751128	1.49798223023299	0.75018503648186
727	0	0	0	0.1	0.11878818998866	0.0410819245997867	0.0441630551354483	0.210355485414246	0.166192430278798	0	0	0	0.2	0.21664386339922	0.101208353876834	0.0137107925929342	0.398161475526566	0.384450682933632	0	0	1	0.1	0.0414798619605446	0.0886933191236061	-0.141008988930218	0.207969566560773	0.34897855549099	0	0	1	0.2	0.143585468240954	0.208210670035464	-0.251765702170877	0.559306917238593	0.81107261940947	0	0	2	0.1	0.223008371487894	0.11826911434441	0.00589269887936309	0.468982822944605	0.463090124065241	0	0	2	0.2	0.589181281487936	0.249456784605501	0.119107926036663	1.10022629385519	0.981118367818527	0	0	3	0.1	0.441341059832784	0.140506764701956	0.184973083334869	0.733654561797162	0.548681478462293	0	0	3	0.2	0.983366154031648	0.285160304632417	0.461109126611566	1.56046902117824	1.09935989456667
794	0	0	0	0.1	0.0949774532450111	0.0331021366079373	0.0271050348900687	0.160080993537926	0.132975958647857	0	0	0	0.2	0.176648004125121	0.0728970434390517	0.0328434830989775	0.319424197314574	0.286580714215596	0	0	1	0.1	0.149901292642657	0.0602081976128912	0.0337471126592667	0.263797301956806	0.230050189297539	0	0	1	0.2	0.486364466222288	0.161612534038961	0.170612308835554	0.807123011776788	0.636510702941234	0	0	2	0.1	0.522479395447833	0.110726443248484	0.321901870450437	0.758174315529236	0.436272445078799	0	0	2	0.2	1.28673596461988	0.241448529641598	0.846727311410801	1.79474157154332	0.948014260132521	0	0	3	0.1	0.884342596857497	0.151659117982844	0.601844510442598	1.2087502738342	0.606905763391606	0	0	3	0.2	1.89061459078651	0.287031867342699	1.36979446041703	2.48932433730705	1.11952987689002
811	0	0	0	0.1	0.0874600044002572	0.03116872803704	0.0270965711267691	0.147945647508439	0.12084907638167	0	0	0	0.2	0.129198317527154	0.0726056791613937	-0.0142574197596181	0.270079340832492	0.28433676059211	0	0	1	0.1	0.0673284028744241	0.0540127223391564	-0.0371467094269567	0.175981074204955	0.213127783631912	0	0	1	0.2	0.263605109057204	0.143101220056309	-0.00524120507299001	0.578857083763921	0.584098288836911	0	0	2	0.1	0.395463862522843	0.103117576697	0.208271474856268	0.625749529215031	0.417478054358763	0	0	2	0.2	0.97809229557154	0.215508250709149	0.597068702512693	1.43975939598083	0.842690693468137	0	0	3	0.1	0.71246801835935	0.135888658820351	0.470711936087718	0.99513171731248	0.524419781224762	0	0	3	0.2	1.47998066953986	0.252029551863488	1.00628552343414	1.96863099279063	0.962345469356489
638	0	0	0	0.1	0.144448533176246	0.0332969115027663	0.0833991995420422	0.215531081605604	0.132131882063561	0	0	0	0.2	0.295580980408169	0.0860794464296931	0.128292333718662	0.474662527820418	0.346370194101756	0	0	1	0.1	0.190232707114329	0.0720277630333609	0.0456497543539496	0.33701101462973	0.291361260275781	0	0	1	0.2	0.622024835501706	0.192566998351022	0.26358014639065	1.01682697236028	0.753246825969626	0	0	2	0.1	0.630921880198794	0.118923971126617	0.42109419905053	0.868539223091531	0.447445024041001	0	0	2	0.2	1.40306865938152	0.216811346618389	1.00241674823228	1.86241767689712	0.860000928664842	0	0	3	0.1	1.03438245105839	0.157919378043301	0.741011036203967	1.37003135986287	0.629020323658905	0	0	3	0.2	1.98935094620588	0.261401668526472	1.51190236650167	2.51724838371092	1.00534601720924
604	0	0	0	0.1	0.0703587703595956	0.0383587508454275	-0.00567799767502507	0.148378739440645	0.154056737115671	0	0	0	0.2	0.0792329774941992	0.0808406934214564	-0.0842213492498293	0.232282418925917	0.316503768175746	0	0	1	0.1	0.114585151926192	0.0667009441394298	-0.0199816698574734	0.243462399303211	0.263444069160684	0	0	1	0.2	0.489144006521613	0.191985455116248	0.119789396876656	0.890595951778173	0.770806554901517	0	0	2	0.1	0.602904112897185	0.127855674562811	0.359906327076743	0.869934160577247	0.510027833500504	0	0	2	0.2	1.46981030528817	0.258064215738703	0.964255740955774	2.00373078065059	1.03947503969481	0	0	3	0.1	1.00608047387393	0.164317475984876	0.694949161559489	1.35774639229095	0.662797230731462	0	0	3	0.2	2.07271668081036	0.294084756096092	1.47517038453248	2.65900915724601	1.18383877271353
566	0	0	0	0.1	0.0871131555547457	0.0349573329994536	0.0179931434180637	0.154345391067589	0.136352247649525	0	0	0	0.2	0.250758714692344	0.0849806206862626	0.0860390611588996	0.419480857994103	0.333441796835203	0	0	1	0.1	0.282627316534474	0.0615380510779939	0.17609163597673	0.413446735940884	0.237355099964153	0	0	1	0.2	0.801926790827969	0.172402950915728	0.495099056867395	1.1646708675138	0.669571810646402	0	0	2	0.1	0.663800536761863	0.115814864225355	0.460659974271876	0.91377457930777	0.453114605035894	0	0	2	0.2	1.47629639314085	0.220195159425079	1.09547701359357	1.93195963426791	0.836482620674349	0	0	3	0.1	0.990263707386691	0.147698844188233	0.720224514037715	1.31190711499163	0.591682600953913	0	0	3	0.2	1.9671824258091	0.255345350467994	1.49466666760729	2.47489378791849	0.980227120311206
819	0	0	0	0.1	0.104827518787723	0.0346208829836834	0.041160697426647	0.177641298806441	0.136480601379794	0	0	0	0.2	0.176215623214617	0.0810076001837664	0.0296777245713912	0.343033997263788	0.313356272692397	0	0	1	0.1	0.170874788715769	0.0663850865489023	0.0457431160793578	0.308503326098304	0.262760210018946	0	0	1	0.2	0.754802684389495	0.225149274072464	0.360972708575149	1.23387790683463	0.872905198259484	0	0	2	0.1	0.846809999466105	0.149982686915018	0.565114211708879	1.15291699522365	0.587802783514773	0	0	2	0.2	1.95044100229458	0.259360161497432	1.44770552540529	2.46972031593188	1.02201479052658	0	0	3	0.1	1.36123841296505	0.180447313174811	1.02219934832305	1.75049915946116	0.728299811138117	0	0	3	0.2	2.5490586422971	0.273898769458109	2.02376979973915	3.11862324406472	1.09485344432557
933	0	0	0	0.1	0.185059737320035	0.0359668336382761	0.11577032204893	0.25297286463245	0.13720254258352	0	0	0	0.2	0.345465944039489	0.0910663925296611	0.166947250526681	0.524877745432722	0.357930494906041	0	0	1	0.1	0.159920552552244	0.0624949646749839	0.0424374118594163	0.282177454727244	0.239740042867828	0	0	1	0.2	0.624395761158679	0.182408785182579	0.314342494247699	0.993796335458357	0.679453841210658	0	0	2	0.1	0.672596959489152	0.120097766417496	0.463396042102878	0.938288233434648	0.47489219133177	0	0	2	0.2	1.64870587882537	0.236031869756446	1.21764584980199	2.14748235138589	0.9298365015839	0	0	3	0.1	1.12218173362504	0.155315486670736	0.853266397131344	1.46571021519039	0.612443818059046	0	0	3	0.2	2.25253059333412	0.261925514114305	1.76025286468685	2.77619194354297	1.01593907885612
731	0	0	0	0.1	0.0691767080991936	0.0297848488411431	0.0120209780522617	0.129082140514069	0.117061162461807	0	0	0	0.2	0.196367484972473	0.0734047988626382	0.0632277777162504	0.346814614492598	0.283586836776348	0	0	1	0.1	0.238997631834512	0.0533858065282602	0.14165273086154	0.35348133132835	0.21182860046681	0	0	1	0.2	0.68018194914581	0.15888757671458	0.391426856189289	1.01202300093068	0.620596144741392	0	0	2	0.1	0.552927718092143	0.120657182123061	0.347057835388047	0.812846616547876	0.465788781159829	0	0	2	0.2	1.22718002053772	0.241230224360543	0.808747786146332	1.75164932669167	0.942901540545338	0	0	3	0.1	0.791902694337823	0.154084553835024	0.536760099334225	1.14267536880827	0.605915269474041	0	0	3	0.2	1.57763351660361	0.266948184365535	1.1275124643729	2.15320215497254	1.02568969059964
792	0	0	0	0.1	0.127328361225453	0.037494134997599	0.0486893665694364	0.198218047804336	0.149528681234899	0	0	0	0.2	0.210131929154745	0.0810586622690634	0.0522019512207975	0.367465660562824	0.315263709342027	0	0	1	0.1	0.156480439887722	0.0568537507194418	0.0474442154033464	0.272569240832354	0.225125025429008	0	0	1	0.2	0.551687054200568	0.15667055362666	0.262305477113202	0.896890386801521	0.634584909688319	0	0	2	0.1	0.630211294526036	0.112459558549087	0.433618672768258	0.880273322526254	0.446654649757996	0	0	2	0.2	1.46766096728453	0.216852177938226	1.06665886503836	1.91772424494708	0.851065379908723	0	0	3	0.1	1.05941183348639	0.156891915861196	0.762807548436896	1.38786980294988	0.625062254512988	0	0	3	0.2	2.10874282042382	0.269333424523377	1.58790606671626	2.63487999921818	1.04697393250192
649	0	0	0	0.1	0.0922868034494824	0.0295290996328789	0.0316518755468632	0.147960895240022	0.116309019693159	0	0	0	0.2	0.26398839979432	0.0757899922719207	0.121558491315199	0.420417063540982	0.298858572225783	0	0	1	0.1	0.323999293300353	0.0597049946855868	0.219285819120636	0.445200145379266	0.22591432625863	0	0	1	0.2	0.925862761666076	0.159124204310924	0.637053836092544	1.24021260616362	0.60315877007108	0	0	2	0.1	0.757398870388181	0.102405557820944	0.565081829604643	0.96637613091046	0.401294301305818	0	0	2	0.2	1.59864509972565	0.193416641042634	1.2321935304275	2.00296927315139	0.770775742723891	0	0	3	0.1	1.02345807487254	0.126143305103406	0.789668622420357	1.29410701438349	0.504438391963129	0	0	3	0.2	1.96073082186836	0.217178229459454	1.56000063085896	2.4036321680583	0.843631537199347
765	0	0	0	0.1	0.127536755389819	0.0360647072996547	0.0587273868729688	0.196465868806219	0.13773848193325	0	0	0	0.2	0.318277426967864	0.102021559941801	0.134326983315777	0.526973172037996	0.392646188722219	0	0	1	0.1	0.291337818159445	0.0859181929586806	0.140239771055919	0.483550332069913	0.343310561013994	0	0	1	0.2	1.02939792404909	0.260853004984622	0.580044316634452	1.59466528841027	1.01462097177581	0	0	2	0.1	0.88252294022553	0.176679203958977	0.566767606166902	1.24415415876584	0.677386552598938	0	0	2	0.2	1.85894856448083	0.304529210797695	1.23883329409115	2.41679766010216	1.17796436601101	0	0	3	0.1	1.24757457233203	0.22064679905532	0.809545960440522	1.67890219859928	0.869356238158756	0	0	3	0.2	2.29580992346345	0.340625812291065	1.60158950463246	2.91796194904613	1.31637244441367
729	0	0	0	0.1	0.0403275233948512	0.03458516059216	-0.0308958532742181	0.104813828442597	0.135709681716815	0	0	0	0.2	0.132664610838156	0.0916245612651941	-0.051329518168746	0.319893261893811	0.371222780062557	0	0	1	0.1	0.259086244501757	0.0773476784978123	0.098607834688089	0.40412289540521	0.305515060717121	0	0	1	0.2	0.775595372880175	0.210682787078957	0.348849515121112	1.16315898748234	0.814309472361232	0	0	2	0.1	0.641572842269446	0.136768998383897	0.370310819399692	0.902844498767255	0.532533679367563	0	0	2	0.2	1.38258263612052	0.255791731708585	0.856267483909371	1.8596003795597	1.00333289565033	0	0	3	0.1	0.922151146165611	0.163002533821121	0.609499467990717	1.25088832835763	0.641388860366917	0	0	3	0.2	1.78479477193057	0.271367793505625	1.24517327862231	2.31634482072436	1.07117154210205
878	0	0	0	0.1	0.156822735732651	0.0374247094298531	0.0897245685646031	0.231655337264505	0.141930768699902	0	0	0	0.2	0.307483766184499	0.0976851772906627	0.134944204062485	0.515387918224892	0.380443714162408	0	0	1	0.1	0.151732721817278	0.071264723308929	0.0221594402782307	0.292632815636117	0.270473375357887	0	0	1	0.2	0.501969979938643	0.182662244799038	0.17778265649075	0.883729291636605	0.705946635145855	0	0	2	0.1	0.510056194819789	0.116938329237032	0.299371160280746	0.756909146116471	0.457537985835725	0	0	2	0.2	1.21865883476605	0.234277438981892	0.786801804811961	1.70034480258336	0.913542997771396	0	0	3	0.1	0.852838798389686	0.149494262114341	0.59519758827038	1.16760479038084	0.572407202110462	0	0	3	0.2	1.75990957832413	0.273270156207229	1.27698654651805	2.30856101073587	1.03157446421782
581	0	0	0	0.1	0.135936599508389	0.0357980553690004	0.0701006725764202	0.200588420572768	0.130487747996348	0	0	0	0.2	0.248559975134863	0.0855579790622068	0.0776259703941823	0.408721019170543	0.331095048776361	0	0	1	0.1	0.153577110668717	0.0626887875278896	0.0290709834093656	0.276970245980295	0.247899262570929	0	0	1	0.2	0.485099479173961	0.157954519266761	0.183926511098859	0.813509656254635	0.629583145155775	0	0	2	0.1	0.490893465803087	0.103425170702785	0.299852875946208	0.71648196989221	0.416629093946003	0	0	2	0.2	1.16175644199152	0.213971902292459	0.774483481549621	1.61043237114511	0.835948889595487	0	0	3	0.1	0.777327828466626	0.132342178898071	0.538562508698455	1.05164549459866	0.513082985900204	0	0	3	0.2	1.61015237299134	0.242774939631891	1.15175155865955	2.0988503080275	0.94709874936795
764	0	0	0	0.1	0.118944408643929	0.0321151105039729	0.0582407605306028	0.184103248717439	0.125862488186836	0	0	0	0.2	0.271340607456695	0.0871709670104439	0.112870896158282	0.453764447277506	0.340893551119224	0	0	1	0.1	0.140442966081203	0.0760447630586782	-0.00700561578264553	0.295984150986968	0.302989766769614	0	0	1	0.2	0.437452562008531	0.200717403073868	0.0742001758108812	0.872103675841317	0.797903500030436	0	0	2	0.1	0.404889452041751	0.114698325280621	0.194155295654648	0.651297322142151	0.457142026487504	0	0	2	0.2	0.969055192901478	0.221563432476072	0.563959953464135	1.45493676912066	0.890976815656521	0	0	3	0.1	0.669203556613623	0.125181254419318	0.44000647373002	0.947422924696003	0.507416450965982	0	0	3	0.2	1.37898806741461	0.222660026773485	0.980281834602356	1.84645825652615	0.866176421923793
722	0	0	0	0.1	0.112755546283775	0.0308358667907056	0.0497944841593154	0.171521427996943	0.121726943837627	0	0	0	0.2	0.249953925482905	0.0685332615455739	0.119471449208839	0.380914370992397	0.261442921783558	0	0	1	0.1	0.200707808405555	0.0551399466726256	0.0891178986333416	0.307001550777356	0.217883652144014	0	0	1	0.2	0.611185340286378	0.160893718024422	0.290604887595132	0.938970326216522	0.64836543862139	0	0	2	0.1	0.582527560556412	0.115037294068692	0.376107427516927	0.815362390900962	0.439254963384034	0	0	2	0.2	1.37190308794811	0.235419126779592	0.91068281059291	1.83564910832884	0.924966297735935	0	0	3	0.1	0.937400729389816	0.155736435336098	0.646788455141603	1.25562303493255	0.608834579790943	0	0	3	0.2	1.90203990781567	0.275369684072316	1.37539301734644	2.45927191078104	1.0838788934346
696	0	0	0	0.1	0.0571970466736279	0.0266417876897779	0.00330281338440676	0.107703694026685	0.104400880642278	0	0	0	0.2	0.0918699787931566	0.0616414245472582	-0.0296408840606708	0.212425691571	0.242066575631671	0	0	1	0.1	0.0701683666627245	0.0450607767824842	-0.0243174948226107	0.152640038980306	0.176957533802916	0	0	1	0.2	0.229113597682213	0.114576533583708	-0.00602330088550561	0.453887147522004	0.459910448407509	0	0	2	0.1	0.323908693263394	0.0751943430636672	0.184937543890144	0.482233482560066	0.297295938669922	0	0	2	0.2	0.818456389309757	0.167290539013196	0.516373678439855	1.16889997562911	0.652526297189252	0	0	3	0.1	0.619853981350322	0.106631274464075	0.433292748335102	0.844099598723044	0.410806850387942	0	0	3	0.2	1.32287554509021	0.205120946752743	0.9562084270157	1.7593500688495	0.803141641833804
955	0	0	0	0.1	0.105341624884171	0.0317290447638433	0.0464039620439106	0.168035123831577	0.121631161787667	0	0	0	0.2	0.202336073014553	0.0738931581365315	0.0682417607846394	0.352647499213528	0.284405738428889	0	0	1	0.1	0.197616175979862	0.0578761765268148	0.0873017977402075	0.31398653042218	0.226684732681973	0	0	1	0.2	0.669638121832513	0.164997699309466	0.367655336706726	1.02511527223607	0.657459935529345	0	0	2	0.1	0.642338599448558	0.111454283298294	0.432725591487439	0.873538024203095	0.440812432715656	0	0	2	0.2	1.48155338771318	0.225395302015784	1.06902304783319	1.95499301670129	0.885969968868102	0	0	3	0.1	0.988243738600614	0.147147397658852	0.722027584442223	1.31131133502449	0.589283750582268	0	0	3	0.2	1.99241603502907	0.275326249318944	1.48458965901188	2.56758882338945	1.08299916437756
946	0	0	0	0.1	0.116471452325474	0.0338432379880447	0.0500294122442844	0.182224099686327	0.132194687442042	0	0	0	0.2	0.222839844069176	0.0819898972547277	0.0565401544878404	0.384263237374704	0.327723082886864	0	0	1	0.1	0.104018186462072	0.0755818199951233	-0.0570247421706188	0.239629272871583	0.296654015042202	0	0	1	0.2	0.355874778347493	0.185465866680687	-0.0174852241828391	0.701135575082241	0.71862079926508	0	0	2	0.1	0.396520066844813	0.101672014611051	0.204912853502643	0.622319068327872	0.417406214825229	0	0	2	0.2	1.00808586642958	0.208836650574052	0.624625211277038	1.44358375022656	0.818958538949526	0	0	3	0.1	0.717308195616858	0.122677821497025	0.501377149497908	0.97069254051384	0.469315391015933	0	0	3	0.2	1.53802113338629	0.231672286557286	1.11626825131835	2.03040014361164	0.914131892293282
775	0	0	0	0.1	0.0543527883111768	0.0329210237538344	-0.014140852982217	0.117981564430763	0.13212241741298	0	0	0	0.2	0.173667850231324	0.096843530600752	-0.00795674840589473	0.369059904408516	0.377016652814411	0	0	1	0.1	0.311782201408028	0.0839081449783959	0.163678608816804	0.492348961499466	0.328670352682662	0	0	1	0.2	0.930652893674334	0.211448197585374	0.544230404082682	1.38948643619772	0.845256032115042	0	0	2	0.1	0.710469322862682	0.118982523177063	0.486705314387808	0.952460623533105	0.465755309145297	0	0	2	0.2	1.47892121513511	0.213870370864704	1.08124155565048	1.91255625821627	0.831314702565785	0	0	3	0.1	0.921403503209654	0.130927011692905	0.688891130224882	1.18529458111342	0.496403450888538	0	0	3	0.2	1.75593518315487	0.223556399707977	1.34460313833712	2.21497066539451	0.870367527057393
842	0	0	0	0.1	0.0987043518799268	0.0329533369039109	0.037452619056388	0.167350707137398	0.12989808808101	0	0	0	0.2	0.21195248283306	0.0773184648650531	0.0674239312429197	0.363704229362254	0.296280298119335	0	0	1	0.1	0.142009102678343	0.0566064990741434	0.035948974817741	0.254895617660786	0.218946642843045	0	0	1	0.2	0.402330697242548	0.151460839760481	0.116833407408504	0.696070238163846	0.579236830755342	0	0	2	0.1	0.392173278847654	0.0973765362778865	0.207063373524763	0.581082276758534	0.374018903233772	0	0	2	0.2	0.936202871876905	0.202598795740356	0.541092604426804	1.32238373473107	0.781291130304263	0	0	3	0.1	0.644571807071382	0.121151268331167	0.41684447835138	0.884284703467386	0.467440225116006	0	0	3	0.2	1.3417807841972	0.229499974273663	0.906741446330469	1.78674994374183	0.880008497411362
931	0	0	0	0.1	0.109681066452281	0.0292316024242335	0.0575577879614775	0.166070949844823	0.108513161883346	0	0	0	0.2	0.254435971255754	0.0756999538048466	0.117588081575563	0.414049845248375	0.296461763672813	0	0	1	0.1	0.307500431027213	0.0874578238658537	0.157785334963839	0.497228194233519	0.33944285926968	0	0	1	0.2	1.0052678417093	0.295675333383673	0.509578240344255	1.6531038294567	1.14352558911245	0	0	2	0.1	0.854796502341325	0.205797129683239	0.530129228390079	1.29565545556095	0.765526227170866	0	0	2	0.2	1.85868501511777	0.341708465529947	1.277987650814	2.53533015198236	1.25734250116836	0	0	3	0.1	1.23400587283495	0.224113054410172	0.849823820346017	1.68191723817783	0.83209341783181	0	0	3	0.2	2.35126205808509	0.32259128919262	1.74784592520356	2.96473816112261	1.21689223591905
802	0	0	0	0.1	0.161056241170558	0.0356903568671821	0.0914677061509681	0.230834351981651	0.139366645830683	0	0	0	0.2	0.352360362939786	0.0963170553166227	0.17828394121828	0.547215310952543	0.368931369734262	0	0	1	0.1	0.268412291517457	0.069993902731848	0.139739978974968	0.407481225698478	0.26774124672351	0	0	1	0.2	0.911562915086939	0.200703056907214	0.519037137258375	1.31221884387439	0.793181706616013	0	0	2	0.1	0.846609386011341	0.130608309302783	0.587926526872078	1.11172123893878	0.523794712066703	0	0	2	0.2	1.81152499372739	0.224210626863484	1.36937478822181	2.26229369645766	0.892918908235846	0	0	3	0.1	1.2504259410703	0.161691550886414	0.945254698338915	1.57503062332201	0.629775924983098	0	0	3	0.2	2.31406769590671	0.25617304620299	1.83581469999497	2.85374353229569	1.01792883230072
803	0	0	0	0.1	0.0338284091839829	0.0300255525924508	-0.027684729193183	0.0916568753404889	0.119341604533672	0	0	0	0.2	0.0929983353940548	0.0706376827072929	-0.0491541249824006	0.23315850750292	0.282312632485321	0	0	1	0.1	0.156078836080838	0.0610330500881937	0.0387753401340878	0.274958336098377	0.236182995964289	0	0	1	0.2	0.473395674810124	0.167980006615417	0.172642788432968	0.808497500848845	0.635854712415877	0	0	2	0.1	0.46348274917281	0.107525143388251	0.27778660999196	0.702330511971761	0.424543901979801	0	0	2	0.2	1.07801286305715	0.212512650027628	0.692649899566888	1.52462075602504	0.831970856458153	0	0	3	0.1	0.737145829982193	0.126416119083476	0.511141595999311	1.0064800263268	0.495338430327488	0	0	3	0.2	1.50087203701276	0.222429120252142	1.09737553980922	1.96115981642045	0.863784276611228
744	0	0	0	0.1	0.0862522407982178	0.0311688667518977	0.0214376219309471	0.146245668159688	0.124808046228741	0	0	0	0.2	0.226168609897053	0.0867181899749584	0.0644327624115877	0.391998040369489	0.327565277957902	0	0	1	0.1	0.282238233339174	0.0828925941060362	0.119050968524727	0.442144483170719	0.323093514645992	0	0	1	0.2	0.915641646244409	0.219756023224545	0.484848227235843	1.35764104866492	0.872792821429078	0	0	2	0.1	0.731223632393273	0.129873548093755	0.482635819453518	0.982677698918687	0.500041879465168	0	0	2	0.2	1.56551874369085	0.227841740428365	1.11897248982122	1.99216435154176	0.873191861720548	0	0	3	0.1	1.00369047626615	0.148863258105354	0.739083568467793	1.30284097797659	0.563757409508794	0	0	3	0.2	1.92873071842704	0.250540368352532	1.48790468624639	2.44762291738513	0.959718231138739
653	0	0	0	0.1	0.085353660939586	0.0302626230137668	0.0245892315564475	0.142830087389619	0.118240855833171	0	0	0	0.2	0.185405101713007	0.0740010266437869	0.0419002606058455	0.333878499276484	0.291978238670638	0	0	1	0.1	0.16151189665432	0.0611005293488068	0.0410077211108811	0.282177895024391	0.24117017391351	0	0	1	0.2	0.511727216822618	0.161054403435369	0.20378800996508	0.833498130947808	0.629710120982728	0	0	2	0.1	0.475205539604409	0.101984567123655	0.295921603356134	0.693225510075022	0.397303906718888	0	0	2	0.2	1.06266351896522	0.194001518742946	0.704775064026933	1.45436581962674	0.749590755599811	0	0	3	0.1	0.73061279509395	0.122932778799351	0.510577579766174	0.981890432145349	0.471312852379175	0	0	3	0.2	1.46004332360841	0.213648541399813	1.06319305938653	1.8726238234263	0.80943076403977
698	0	0	0	0.1	0.172624630564149	0.0302630018913274	0.1106124058493	0.233682766229141	0.123070360379842	0	0	0	0.2	0.354281560118855	0.075999897240603	0.215734853403731	0.517290228407037	0.301555375003306	0	0	1	0.1	0.227301603132266	0.0517546257137549	0.129259460078293	0.334610778559782	0.205351318481489	0	0	1	0.2	0.594926752141528	0.132104782903254	0.347970725267086	0.869196969332435	0.521226244065349	0	0	2	0.1	0.525961595214367	0.0903412945297533	0.365335952476551	0.712028014500583	0.346692062024032	0	0	2	0.2	1.22233371035733	0.195448081634584	0.877872635706543	1.6313273043713	0.753454668664755	0	0	3	0.1	0.852659666347153	0.131604409145906	0.627140839136172	1.13812201732801	0.51098117819184	0	0	3	0.2	1.75431825972537	0.245740066724291	1.33544047165746	2.28010773541923	0.944667263761765
786	0	0	0	0.1	0.0853883908887876	0.0266574477837759	0.0289746664695024	0.142095813095411	0.113121146625908	0	0	0	0.2	0.172543089978954	0.0718627862530498	0.0412064902284285	0.313695236428175	0.272488746199746	0	0	1	0.1	0.158921535892709	0.0717664175859664	0.0280281314319571	0.313814469975589	0.285786338543632	0	0	1	0.2	0.615578271336353	0.213884728762209	0.231976162200647	1.05850989902196	0.826533736821309	0	0	2	0.1	0.640082970981522	0.125762325657377	0.41602787866428	0.89627474568968	0.4802468670254	0	0	2	0.2	1.51489420231465	0.231389812673133	1.09295481149103	1.97971337440423	0.886758562913196	0	0	3	0.1	1.02562913754224	0.145596817476369	0.76657917913451	1.33167259594192	0.565093416807415	0	0	3	0.2	2.02018477385701	0.252513933732057	1.55307243448999	2.5407861229757	0.987713688485707
646	0	0	0	0.1	0.178143693033837	0.0369202971375087	0.107679573025117	0.250816643197064	0.143137070171946	0	0	0	0.2	0.388232943672575	0.0917753527317973	0.206679714380947	0.571604927606985	0.364925213226038	0	0	1	0.1	0.160441138949902	0.0620207481612052	0.0350956021254954	0.28377658668216	0.248680984556664	0	0	1	0.2	0.431635663538243	0.164767966757318	0.115518228252211	0.767367172101921	0.65184894384971	0	0	2	0.1	0.412392221080681	0.101574996163613	0.233816196764501	0.62038715370549	0.386570956940989	0	0	2	0.2	0.976104463972603	0.200995963484958	0.605979711526128	1.3793976617832	0.773417950257071	0	0	3	0.1	0.699679922893124	0.12455990770219	0.476187404903104	0.963336822033724	0.487149417130619	0	0	3	0.2	1.44397115230718	0.224123509297286	1.03370950851679	1.9038779010293	0.870168392512508
647	0	0	0	0.1	0.0460036837689951	0.0312661992431586	-0.0146648765022262	0.10522709786105	0.119891974363276	0	0	0	0.2	0.109744661544453	0.0782627385625987	-0.0388643936050884	0.265691096362888	0.304555489967976	0	0	1	0.1	0.132895820166665	0.0697597159230863	-0.00170609659843194	0.285839304092794	0.287545400691226	0	0	1	0.2	0.51344576786495	0.18409449321181	0.181702451385124	0.894629051137236	0.712926599752111	0	0	2	0.1	0.516153664342382	0.113806446800457	0.312181834344609	0.749310199589314	0.437128365244705	0	0	2	0.2	1.20366863662718	0.218175761494941	0.802409631726224	1.62455091660711	0.822141284880884	0	0	3	0.1	0.819597011140475	0.135848796761854	0.579729077981326	1.09267169651606	0.512942618534737	0	0	3	0.2	1.64308907860766	0.236562666733278	1.20698466970745	2.10089135697593	0.893906687268478
673	0	0	0	0.1	0.0688776443654381	0.0300058940256251	0.0104033268619111	0.126219151742558	0.115815824880647	0	0	0	0.2	0.219197432289078	0.0722485140007823	0.0834527910945408	0.362419368787564	0.278966577693023	0	0	1	0.1	0.300472983037431	0.0616034785681643	0.184833517662473	0.430298822085611	0.245465304423138	0	0	1	0.2	0.863485352994407	0.178894550606816	0.527264546177961	1.24764020539383	0.72037565921587	0	0	2	0.1	0.709034892961762	0.122175427947303	0.481481448109946	0.948317172790256	0.46683572468031	0	0	2	0.2	1.52011673541144	0.234522540306702	1.060197906758	1.95347831887724	0.893280412119239	0	0	3	0.1	0.978953889776088	0.151118373717842	0.683569646275231	1.26565936789136	0.582089721616131	0	0	3	0.2	1.88774344771966	0.260399381831451	1.36125409060982	2.38286640941312	1.0216123188033
977	0	0	0	0.1	0.0415632762934475	0.0291374231279463	-0.0125889166221247	0.0997225563429713	0.112311472965096	0	0	0	0.2	0.125121983301927	0.0726371945341624	-0.0115190132296082	0.276113333907772	0.28763234713738	0	0	1	0.1	0.253942487181925	0.0623723242602709	0.140874649218257	0.382230589415097	0.241355940196841	0	0	1	0.2	0.809003210166855	0.173539876460839	0.490293290969388	1.16382497530291	0.673531684333522	0	0	2	0.1	0.707352626622358	0.11057616092118	0.506971635994576	0.939063915092779	0.432092279098203	0	0	2	0.2	1.51073457122566	0.204480414750447	1.12926225702581	1.9188995954859	0.789637338460096	0	0	3	0.1	0.979598574541857	0.135067731386194	0.73201117944964	1.2418237783655	0.509812598915855	0	0	3	0.2	1.85504586406417	0.235081857800925	1.42976591258576	2.30894212679103	0.87917621420527
667	0	0	0	0.1	0.179061235947684	0.0364495209947819	0.113033122524208	0.24850891555974	0.135475793035533	0	0	0	0.2	0.376735708091505	0.0964637373266628	0.182369910138282	0.551907961250098	0.369538051111816	0	0	1	0.1	0.137013305381619	0.0621690495026101	0.00946421683008045	0.254176458440943	0.244712241610863	0	0	1	0.2	0.389793527870521	0.145901269328341	0.111980701225633	0.664942685105212	0.552961983879579	0	0	2	0.1	0.385667982166465	0.0826472718855246	0.232252179278423	0.549628848866497	0.317376669588074	0	0	2	0.2	0.912303290762417	0.167320986225205	0.605818157687417	1.23553579587211	0.629717638184689	0	0	3	0.1	0.636586157635975	0.0988867391323019	0.457335018978267	0.831780624647542	0.374445605669274	0	0	3	0.2	1.32572641779209	0.184390187336437	0.987259316967644	1.70495429042001	0.717694973452365
904	0	0	0	0.1	0.0811007420788721	0.0295804106402705	0.0228807076306956	0.139347825347924	0.116467117717229	0	0	0	0.2	0.169532018531788	0.0801317258090793	0.0115997772259616	0.328631961030242	0.31703218380428	0	0	1	0.1	0.13255282511152	0.0657794684366069	0.00258857690734883	0.265831319932696	0.263242743025348	0	0	1	0.2	0.478468324990618	0.170873875871118	0.162692056815508	0.848024786256271	0.685332729440764	0	0	2	0.1	0.545964820945503	0.116968873184819	0.338258916003946	0.80111980768557	0.462860891681623	0	0	2	0.2	1.25694911971325	0.232300932020643	0.810666084887997	1.74998783575408	0.93932175086608	0	0	3	0.1	0.898025489255718	0.157944301628592	0.591488671848357	1.2309761777299	0.63948750588154	0	0	3	0.2	1.80939201580727	0.283150691982626	1.24749600439101	2.3887992787666	1.14130327437559
578	0	0	0	0.1	0.0952572856119868	0.0307099985519113	0.033111372913331	0.153772733353153	0.120661360439822	0	0	0	0.2	0.186509261046012	0.0741059770522087	0.0474241172986996	0.346940193699387	0.299516076400687	0	0	1	0.1	0.119666711466937	0.0642811792624779	-0.0107142068356751	0.241656718126121	0.252370924961796	0	0	1	0.2	0.388253736290058	0.177645681836975	0.0306308383424258	0.725672328883023	0.695041490540597	0	0	2	0.1	0.454270678921731	0.118537181236079	0.223294352917779	0.696473659591631	0.473179306673851	0	0	2	0.2	1.11095770486476	0.240391309354508	0.657542077945073	1.57278317927086	0.915241101325788	0	0	3	0.1	0.793581457420492	0.145276561151135	0.533244974641649	1.07707774240404	0.543832767762394	0	0	3	0.2	1.61816463798567	0.253349369994119	1.13234680807955	2.09984573709965	0.967498929020095
648	0	0	0	0.1	0.0566457522655353	0.030164467418013	-0.00375259000845364	0.113640399938852	0.117392989947306	0	0	0	0.2	0.103781754051057	0.068674613603382	-0.0337678397945756	0.231853998394454	0.26562183818903	0	0	1	0.1	0.142736719116568	0.0566637548199985	0.0340767930581006	0.25847214299048	0.224395349932379	0	0	1	0.2	0.449032115957533	0.154865689022164	0.158410040337586	0.78211327368369	0.623703233346104	0	0	2	0.1	0.484088132053436	0.105663566464158	0.305655206775386	0.722893860761079	0.417238653985693	0	0	2	0.2	1.18504003988063	0.238416876871745	0.771472422618402	1.70034671078036	0.928874288161961	0	0	3	0.1	0.812806606913482	0.152542044520167	0.545878366126348	1.14530158422848	0.599423218102136	0	0	3	0.2	1.73095358186495	0.294024362393739	1.20411691823087	2.33143386901789	1.12731695078701
758	0	0	0	0.1	0.0618086736765828	0.0342607541584681	-0.00700859772207221	0.126001777926512	0.133010375648584	0	0	0	0.2	0.124140584148618	0.0774797539044233	-0.0269244184512574	0.268305830276048	0.295230248727306	0	0	1	0.1	0.148841069953708	0.0518785115671898	0.0525232528968963	0.253523001096091	0.200999748199195	0	0	1	0.2	0.485952504653512	0.152272606761258	0.204027563632617	0.807866098614073	0.603838534981457	0	0	2	0.1	0.528861239863837	0.120104532731177	0.31466843857257	0.783068137024473	0.468399698451902	0	0	2	0.2	1.27857258619742	0.258629232052942	0.830308026927632	1.82328711351547	0.992979086587843	0	0	3	0.1	0.890205495178884	0.167266548480455	0.60875620832797	1.25436237740386	0.645606169075891	0	0	3	0.2	1.82409516244498	0.293115866217331	1.34024763160305	2.43751427464315	1.09726664304011
876	0	0	0	0.1	0.15208816392224	0.0341109378942829	0.0864350094934308	0.218416846973735	0.131981837480305	0	0	0	0.2	0.282158908399823	0.0870831162960171	0.104444609718202	0.445274903878484	0.340830294160283	0	0	1	0.1	0.0629457057140138	0.0714501226205928	-0.0858216298433353	0.191612736753956	0.277434366597291	0	0	1	0.2	0.277856557525017	0.171652671284155	-0.0674494655961266	0.614124183281	0.681573648877127	0	0	2	0.1	0.372932108071251	0.115207096951447	0.170171667763989	0.633150514492405	0.462978846728416	0	0	2	0.2	0.918081307259095	0.242298346716554	0.532874866539739	1.50573514780862	0.972860281268882	0	0	3	0.1	0.673180444373904	0.160419606745251	0.453135598790323	1.0982837595179	0.64514816072758	0	0	3	0.2	1.4228613383144	0.293602104999742	0.995159890406588	2.17275364551687	1.17759375511028
788	0	0	0	0.1	0.11792443557229	0.0277056130263039	0.0648081683384932	0.1743585911271	0.109550422788607	0	0	0	0.2	0.267932668148593	0.0732686184753384	0.141542893430128	0.423689574288914	0.282146680858786	0	0	1	0.1	0.221179029174221	0.0680575872850062	0.0909803809875762	0.356142847745479	0.265162466757902	0	0	1	0.2	0.683408543616219	0.187496710859823	0.347012315527857	1.070133089417	0.723120773889147	0	0	2	0.1	0.613714356533067	0.117378695545026	0.408486286470772	0.865834358380723	0.45734807190995	0	0	2	0.2	1.41389790454902	0.229045611406659	0.983941700712628	1.88184372709199	0.897902026379359	0	0	3	0.1	0.941849510923981	0.149834600022447	0.666018695632785	1.24652852581029	0.580509830177502	0	0	3	0.2	1.88081164694181	0.260238032759814	1.39147010783457	2.40166153766845	1.01019142983388
757	0	0	0	0.1	0.0997901993491184	0.034721602607727	0.0346469239000124	0.168450677759768	0.133803753859755	0	0	0	0.2	0.147940032072588	0.0840556438540828	-0.000791911078599663	0.320114138331098	0.320906049409698	0	0	1	0.1	0.108453084754151	0.0623905177818541	-0.00492098705379587	0.229493592096024	0.23441457914982	0	0	1	0.2	0.355615019698991	0.157772275656352	0.0749076940388406	0.679106025448327	0.604198331409486	0	0	2	0.1	0.447077694390197	0.106437225316459	0.253677971039759	0.673615036319089	0.41993706527933	0	0	2	0.2	1.07820518374085	0.226674982509325	0.653555177563742	1.55171627113355	0.898161093569812	0	0	3	0.1	0.779250572329491	0.146650574776416	0.517115908128291	1.09426004880712	0.577144140678826	0	0	3	0.2	1.60272314896211	0.27222128360797	1.12991110726025	2.18971456402999	1.05980345676975
751	0	0	0	0.1	0.0821149579680634	0.0334089995974153	0.0179034038461446	0.147111853247111	0.129208449400967	0	0	0	0.2	0.234208720115855	0.0859312509012469	0.0690460409094561	0.41539026583539	0.346344224925934	0	0	1	0.1	0.324700357437025	0.0738045478439183	0.191283729595281	0.492811392486747	0.301527662891465	0	0	1	0.2	1.07060130958132	0.222639153214281	0.683344644664608	1.54790218334734	0.864557538682732	0	0	2	0.1	0.902368425146688	0.140758674266818	0.657736130568652	1.20988483262477	0.552148702056123	0	0	2	0.2	1.89272754945755	0.2451468556345	1.45667010156248	2.38797517856919	0.93130507700671	0	0	3	0.1	1.22417192515692	0.168021829818105	0.939299544222487	1.55833170907269	0.619032164850208	0	0	3	0.2	2.22367534241409	0.277451284908029	1.7470593578252	2.79386107721175	1.04680171938655
872	0	0	0	0.1	0.078783397410039	0.0290015311067322	0.0266550535088355	0.138109434392843	0.111454380884007	0	0	0	0.2	0.163638795145346	0.0642572379442788	0.0423962271100039	0.294426658100478	0.252030430990474	0	0	1	0.1	0.155218373192246	0.0527181180524705	0.0525167016668298	0.255842388490588	0.203325686823758	0	0	1	0.2	0.47026126811662	0.152989441861005	0.184257256672901	0.781594706834786	0.597337450161885	0	0	2	0.1	0.499583219233535	0.114228667135783	0.299348040074314	0.728880436080496	0.429532396006182	0	0	2	0.2	1.22212796959371	0.245306371439649	0.767593946174468	1.71959350580799	0.951999559633518	0	0	3	0.1	0.852552325502749	0.160098082948562	0.549454394497026	1.19804337690601	0.648588982408984	0	0	3	0.2	1.76678792759667	0.28812347252257	1.21457424608469	2.35464635503627	1.14007210895158
752	0	0	0	0.1	0.0909390309590035	0.0289496486893261	0.0292242709132379	0.150779496460382	0.121555225547144	0	0	0	0.2	0.217852742969143	0.0727648004128772	0.0825821818312154	0.372949886260498	0.290367704429283	0	0	1	0.1	0.209221101849751	0.0532818378935585	0.1023916717747	0.314877561249472	0.212485889474771	0	0	1	0.2	0.586040770678864	0.152217719851284	0.306006608212674	0.91997399612339	0.613967387910716	0	0	2	0.1	0.53063145498269	0.117836635473898	0.341339481401231	0.796934544871552	0.455595063470322	0	0	2	0.2	1.20337110263823	0.247633342563203	0.812581868937818	1.76586746793259	0.953285598994775	0	0	3	0.1	0.831958382748175	0.164408684824857	0.580187910249763	1.20658303657837	0.626395126328603	0	0	3	0.2	1.666103462334	0.286521769732552	1.21264590021999	2.32299616887201	1.11035026865202
783	0	0	0	0.1	0.143398374781224	0.0288813130084152	0.083716110066056	0.19962041468221	0.115904304616154	0	0	0	0.2	0.285080357641381	0.0723286955398907	0.14205692027367	0.428663534290743	0.286606614017073	0	0	1	0.1	0.105112890526899	0.0595011803343577	-0.00991495555222228	0.219066744001446	0.228981699553668	0	0	1	0.2	0.35175774692976	0.163514387179536	0.0463404494829781	0.684130704410858	0.637790254927879	0	0	2	0.1	0.39009399951084	0.105695514272981	0.201458802269864	0.60887495857216	0.407416156302296	0	0	2	0.2	1.00953255220125	0.232386198733546	0.575350795387055	1.48435288026055	0.90900208487349	0	0	3	0.1	0.733718146752586	0.149693547477012	0.464195067054384	1.03924040818741	0.575045341133027	0	0	3	0.2	1.5947845957657	0.285763711720285	1.06507626893681	2.16627484351765	1.10119857458085
787	0	0	0	0.1	0.073168549158029	0.0270323656679109	0.0206220646916277	0.125541763237145	0.104919698545517	0	0	0	0.2	0.117557774067813	0.0624869062176264	-0.010686571896599	0.239146354140774	0.249832926037373	0	0	1	0.1	0.135284406898205	0.0566805444428736	0.0212646771188861	0.241819779052752	0.220555101933866	0	0	1	0.2	0.454303208912594	0.154708120216527	0.148883943936583	0.75104316532792	0.602159221391337	0	0	2	0.1	0.483474536243735	0.104832632623457	0.294976748725784	0.698893138894716	0.403916390168932	0	0	2	0.2	1.14581962536052	0.224144211082673	0.737700551448081	1.60188866835065	0.864188116902568	0	0	3	0.1	0.789582497134423	0.142328510308516	0.537603323242066	1.08957596105983	0.551972637817762	0	0	3	0.2	1.61926060847638	0.25934650826948	1.15626667092293	2.166462462473	1.01019579155007
790	0	0	0	0.1	0.162899385558718	0.0337767570585614	0.0943207175214232	0.225905382188477	0.131584664667054	0	0	0	0.2	0.22060083576771	0.0839716520622723	0.0533511390179816	0.381198582955874	0.327847443937892	0	0	1	0.1	0.054348195148733	0.065585487656259	-0.0804491274133678	0.182126140180139	0.262575267593507	0	0	1	0.2	0.289724275006481	0.170108490147262	-0.041987606651574	0.642999111058441	0.684986717710015	0	0	2	0.1	0.464733249830033	0.111390150268168	0.264290149418367	0.691056887656419	0.426766738238052	0	0	2	0.2	1.16845718083023	0.225372628495175	0.760607285681047	1.62449162764281	0.863884341961763	0	0	3	0.1	0.852546822558052	0.141192539503742	0.603620152957502	1.15373406425163	0.550113911294132	0	0	3	0.2	1.77105619982492	0.246223784892403	1.32381584749478	2.30187714902038	0.978061301525599
678	0	0	0	0.1	0.103947060720473	0.0354818189817451	0.0401794519107021	0.17260365662783	0.132424204717128	0	0	0	0.2	0.256125754076973	0.0858527548852411	0.0949707855876105	0.431172614782823	0.336201829195212	0	0	1	0.1	0.247549136653649	0.0697704012317258	0.108661284310087	0.392838223924839	0.284176939614752	0	0	1	0.2	0.714665977508306	0.185312880742508	0.364148213281103	1.08795145922358	0.72380324594248	0	0	2	0.1	0.5865172538362	0.120819895532904	0.355512177824996	0.826660940858892	0.471148763033896	0	0	2	0.2	1.29908759656628	0.241145578430999	0.813597553600448	1.74910260095569	0.935505047355246	0	0	3	0.1	0.831612564448038	0.149665855310572	0.546373671829364	1.10925670407387	0.562883032244507	0	0	3	0.2	1.6576417371628	0.270289931264412	1.12339134392508	2.16631455791525	1.04292321399017
985	0	0	0	0.1	0.10211669834496	0.0365451191130048	0.0365654104702692	0.177496977573961	0.140931567103691	0	0	0	0.2	0.288145486701851	0.102665008773559	0.11246658462579	0.507919048332978	0.395452463707189	0	0	1	0.1	0.299870366886523	0.100221787017551	0.123241626135071	0.500405871047406	0.377164244912334	0	0	1	0.2	0.909173883708357	0.260719527461808	0.446430496586848	1.40505161261998	0.958621116033133	0	0	2	0.1	0.697938971677499	0.157592081516281	0.415591101540261	1.01129997402139	0.595708872481126	0	0	2	0.2	1.49857219298341	0.288003077122387	0.980765262473518	2.08337976138388	1.10261449891036	0	0	3	0.1	0.938255048369136	0.176678785285092	0.64048780728618	1.31612086042323	0.675633053137051	0	0	3	0.2	1.88657345861208	0.310812456181046	1.35184376777705	2.59470026974484	1.24285650196779
700	0	0	0	0.1	0.0492573082902263	0.0277662344975726	-0.00949322382940149	0.100552249640252	0.110045473469654	0	0	0	0.2	0.0932982915283396	0.0755343765246585	-0.0632692492014462	0.237207305462151	0.300476554663597	0	0	1	0.1	0.185242889050073	0.0600284778287547	0.0701416042980644	0.298788492193551	0.228646887895487	0	0	1	0.2	0.649219745500385	0.170344596746465	0.326199247714784	0.987806646826227	0.661607399111443	0	0	2	0.1	0.668174150547982	0.108679885525211	0.464130722887508	0.904491150158057	0.440360427270549	0	0	2	0.2	1.46934637072526	0.198815982210823	1.0842422404759	1.86408289030941	0.779840649833511	0	0	3	0.1	1.02953044553949	0.138541074480073	0.763996800254989	1.32134047554534	0.557343675290353	0	0	3	0.2	1.95097403620223	0.229267924934167	1.51654200722223	2.40326597063887	0.88672396341664
886	0	0	0	0.1	0.171306504676427	0.032119883204781	0.106623710693994	0.236541183360575	0.129917472666581	0	0	0	0.2	0.362416162021748	0.0777874527658474	0.216522646322624	0.515846738064359	0.299324091741735	0	0	1	0.1	0.218692377664563	0.0620568133019109	0.108743396733634	0.349313178497568	0.240569781763935	0	0	1	0.2	0.566216187626134	0.174889246465027	0.271183401575434	0.959753849675221	0.688570448099787	0	0	2	0.1	0.487321212972174	0.121448219883218	0.289886326057316	0.752346942207835	0.462460616150519	0	0	2	0.2	1.09275500202361	0.239629613315248	0.6694071229518	1.60253366819054	0.933126545238741	0	0	3	0.1	0.756922348786903	0.147269526656882	0.489892241004429	1.05220848255793	0.562316241553499	0	0	3	0.2	1.52468913407175	0.256359546608629	1.05387151512754	2.03331985124803	0.97944833612049
674	0	0	0	0.1	0.105510663267009	0.0290205029311246	0.0500840965237211	0.163453750315669	0.113369653791948	0	0	0	0.2	0.216086294544248	0.0662556796369441	0.0963259956885997	0.346929640357632	0.250603644669033	0	0	1	0.1	0.143590642353349	0.0503030298552455	0.0512168413128339	0.242629280607386	0.191412439294552	0	0	1	0.2	0.398544615781049	0.13162533561435	0.15128466576353	0.653615475278487	0.502330809514957	0	0	2	0.1	0.399080833089233	0.0832808419811967	0.250910813654311	0.567409950769981	0.316499137115669	0	0	2	0.2	0.938731244351177	0.176654582663133	0.604464133314328	1.30514445791643	0.700680324602102	0	0	3	0.1	0.666643241849461	0.110983371433272	0.461195824574039	0.892467576572421	0.431271751998382	0	0	3	0.2	1.38409358815811	0.208335073711358	0.989680113362914	1.8010387329647	0.811358619601785
839	0	0	0	0.1	0.0964225812404557	0.0312211871206518	0.0358473822914957	0.157724309529303	0.121876927237807	0	0	0	0.2	0.221838285839395	0.078573855027346	0.0815745403350817	0.380679464407104	0.299104924072022	0	0	1	0.1	0.18122226065638	0.0700638398883949	0.0479087932896709	0.315967132794176	0.268058339504506	0	0	1	0.2	0.535227473512494	0.184836817357225	0.206224126671949	0.931967318387583	0.725743191715634	0	0	2	0.1	0.514764598140405	0.124101430765651	0.303095264488544	0.777067344504125	0.473972080015581	0	0	2	0.2	1.19840342952518	0.24318232097729	0.794248538336471	1.70831279749762	0.914064259161148	0	0	3	0.1	0.84744625798612	0.153388262684454	0.593657374179618	1.18154977828429	0.587892404104677	0	0	3	0.2	1.71475228318936	0.263290154255476	1.25440802289069	2.28874565277975	1.03433762988906
712	0	0	0	0.1	0.0657689419404705	0.033825861881978	0.000753885429926759	0.132573759223771	0.131819873793845	0	0	0	0.2	0.157622083133501	0.0898983466083327	-0.0199920352554889	0.335740705221397	0.355732740476886	0	0	1	0.1	0.25925483948192	0.0837868307190906	0.0967062131678475	0.427777772051671	0.331071558883823	0	0	1	0.2	0.94819910958008	0.215373141143761	0.528919329861217	1.37655042972606	0.847631099864839	0	0	2	0.1	0.862421331521351	0.139068095766148	0.622360821712917	1.16484813587796	0.542487314165043	0	0	2	0.2	1.82580236678212	0.238704011708222	1.39674555040027	2.3251038277545	0.928358277354233	0	0	3	0.1	1.22448227668221	0.169207955841637	0.928824834062547	1.58930154596287	0.660476711900323	0	0	3	0.2	2.27235492430299	0.267910228870522	1.80379128758527	2.86063275155558	1.0568414639703
818	0	0	0	0.1	0.116865589937813	0.0400444051940463	0.0350508204346883	0.195969913617507	0.160919093182818	0	0	0	0.2	0.245368515978925	0.0921215735757559	0.073156657996866	0.440608546934908	0.367451888938042	0	0	1	0.1	0.0980552154857948	0.0639256974527281	-0.0291947045811132	0.223203451135218	0.252398155716331	0	0	1	0.2	0.309442437356489	0.150491032996848	0.0137144102553801	0.594618669068407	0.580904258813027	0	0	2	0.1	0.340869334793622	0.0856331146808365	0.171239397776689	0.509790928295598	0.338551530518909	0	0	2	0.2	0.826278692611749	0.169972196931497	0.49515512807741	1.14766293596873	0.652507807891316	0	0	3	0.1	0.587942720699217	0.100885249612819	0.403894628220596	0.798154396864598	0.394259768644002	0	0	3	0.2	1.25591706525251	0.18942015511153	0.896066585366643	1.64164902237041	0.745582437003768
853	0	0	0	0.1	0.088993985865054	0.0283075022645413	0.0321594371657441	0.143933355451056	0.111773918285312	0	0	0	0.2	0.103020514936077	0.0675097929495263	-0.0378388768006817	0.233338119209473	0.271176996010155	0	0	1	0.1	0.0204217839223481	0.0576848951969298	-0.0950568230360965	0.131050585277005	0.226107408313102	0	0	1	0.2	0.114746727270897	0.146715278439544	-0.157655018873494	0.405915297941925	0.563570316815419	0	0	2	0.1	0.292747557043162	0.102859551372962	0.10152240338516	0.504053824120356	0.402531420735196	0	0	2	0.2	0.795834022068658	0.230975218596587	0.368713753658994	1.26295459785213	0.894240844193134	0	0	3	0.1	0.632534951014791	0.143432328799902	0.375067899960279	0.931137756538426	0.556069856578147	0	0	3	0.2	1.37318843548579	0.268848796506359	0.891779436209593	1.92591767571648	1.03413823950689
805	0	0	0	0.1	0.101360193379002	0.0293663564174306	0.0467376646038737	0.15960081347162	0.112863148867746	0	0	0	0.2	0.186382573308597	0.0698871879465589	0.057650663238349	0.325625245090592	0.267974581852243	0	0	1	0.1	0.030405205206169	0.0645209414976615	-0.0862555731416163	0.157974010592818	0.244229583734434	0	0	1	0.2	0.112551821141394	0.162846462853573	-0.172520392238898	0.434882212105336	0.607402604344234	0	0	2	0.1	0.221139704802119	0.102255059685024	0.0381051258368417	0.436255961540337	0.398150835703496	0	0	2	0.2	0.616061171032254	0.214767215156708	0.244969192512979	1.07344126957974	0.828472077066756	0	0	3	0.1	0.512088235779075	0.127199557644547	0.291069001798683	0.78234938626048	0.491280384461797	0	0	3	0.2	1.11069764891801	0.230763016104499	0.697507364307806	1.60992860999254	0.912421245684736
703	0	0	0	0.1	0.111505743943028	0.0305537280353239	0.0515796103535156	0.173252842192496	0.12167323183898	0	0	0	0.2	0.185725436169671	0.069832701956551	0.0544671263031321	0.336029767372723	0.281562641069591	0	0	1	0.1	0.198073986871176	0.0654063662413528	0.0802459781366003	0.337567296360608	0.257321318224007	0	0	1	0.2	0.668630746960926	0.176780072812865	0.345678140034268	1.05393232134636	0.708254181312095	0	0	2	0.1	0.723733652231931	0.127408982947395	0.494112690668515	0.98455315625996	0.490440465591445	0	0	2	0.2	1.63333712399117	0.241007421736796	1.16892465958509	2.10486572013523	0.935941060550138	0	0	3	0.1	1.14631786345705	0.165487734775227	0.831628902549999	1.48580826562523	0.65417936307523	0	0	3	0.2	2.26317702711974	0.277845164490522	1.72755547029132	2.83777609369265	1.11022062340134
644	0	0	0	0.1	0.0671602609558937	0.0381672332221161	-0.00603278783351626	0.138627230740347	0.144660018573864	0	0	0	0.2	0.099500215978976	0.0900918829531635	-0.0798456721145025	0.272949462401528	0.352795134516031	0	0	1	0.1	0.143456569062736	0.058469022216701	0.0267777157350711	0.254289420362432	0.227511704627361	0	0	1	0.2	0.497575144001025	0.159154635853346	0.20009632853691	0.840882390145678	0.640786061608768	0	0	2	0.1	0.579889821360602	0.104047097005466	0.399950879671083	0.791695183961182	0.391744304290099	0	0	2	0.2	1.35377830044254	0.206145886188702	0.986629093224605	1.78031676887247	0.793687675647863	0	0	3	0.1	0.962732643807393	0.136247311394106	0.72731186576522	1.24028168405136	0.512969818286139	0	0	3	0.2	1.90962535110237	0.229341480978436	1.50192409732323	2.37046672079478	0.868542623471546
995	0	0	0	0.1	0.0733076851811891	0.0293265112157931	0.0123261408434327	0.131338344303139	0.119012203459706	0	0	0	0.2	0.197254109217861	0.0718011232693519	0.0616481726236054	0.343618129404378	0.281969956780773	0	0	1	0.1	0.242448953243218	0.0533666163017339	0.139578006583445	0.353025364890976	0.213447358307532	0	0	1	0.2	0.786965164711841	0.162194363435696	0.499393550796017	1.12598422417973	0.626590673383708	0	0	2	0.1	0.712127594083565	0.109059750637256	0.515941698990667	0.936999135699434	0.421057436708767	0	0	2	0.2	1.62941741503819	0.212611910945147	1.232119263202	2.0560938804868	0.823974617284805	0	0	3	0.1	1.06109161414502	0.140800655409293	0.797921556090709	1.35169524126365	0.553773685172943	0	0	3	0.2	2.10314756055919	0.247591237504605	1.64863160842218	2.59346439355829	0.944832785136115
736	0	0	0	0.1	0.0568346445642003	0.0334041970489076	-0.0088943444131663	0.122772176840407	0.131666521253573	0	0	0	0.2	0.0812925056978036	0.0714921626562968	-0.0659398004795823	0.216330925020604	0.282270725500186	0	0	1	0.1	0.10138904266292	0.0558228664069432	-0.0100348901895829	0.207143497383154	0.217178387572737	0	0	1	0.2	0.383347711854427	0.146821933241686	0.104416925741418	0.686329479069728	0.58191255332831	0	0	2	0.1	0.458352830406586	0.0917668362738242	0.287702178538211	0.638992709391053	0.351290530852842	0	0	2	0.2	1.08384566890614	0.18723763222206	0.725714278236055	1.45121287073538	0.725498592499322	0	0	3	0.1	0.744981776454843	0.119851450295749	0.516631490901349	0.997052088937874	0.480420598036526	0	0	3	0.2	1.55312973041287	0.228468876714479	1.10801135164788	2.03634204828653	0.928330696638651
944	0	0	0	0.1	0.118529061048004	0.0301323543812981	0.0613712330168705	0.176436847107454	0.115065614090583	0	0	0	0.2	0.269566856734525	0.0822435660406267	0.110015377611809	0.440267062113258	0.330251684501449	0	0	1	0.1	0.220108424514351	0.0761514641503402	0.0804014301980976	0.377241034170342	0.296839603972245	0	0	1	0.2	0.760277053810287	0.206009061203127	0.382109719092684	1.17873627507476	0.796626555982075	0	0	2	0.1	0.656765818216482	0.125981668064662	0.413655016924593	0.905899986594265	0.492244969669672	0	0	2	0.2	1.36004184506433	0.21229892238255	0.953608141880363	1.78498081372545	0.831372671845087	0	0	3	0.1	0.888036983294972	0.137957202885663	0.628211907936145	1.16687286033511	0.538660952398966	0	0	3	0.2	1.65574930270053	0.221771200868286	1.24308611181316	2.10527691391415	0.862190802100996
838	0	0	0	0.1	0.128117818082778	0.0282410705898413	0.0696574392065054	0.181618418802846	0.11196097959634	0	0	0	0.2	0.261788952417285	0.0779872926302181	0.105927903502612	0.411643313628666	0.305715410126054	0	0	1	0.1	0.15230896674524	0.092326353324181	-0.0247954125666144	0.332111968542461	0.356907381109075	0	0	1	0.2	0.508367574683587	0.243489110728949	0.0730730837796986	0.983429755622882	0.910356671843183	0	0	2	0.1	0.517895025284193	0.148779746855551	0.249949764916956	0.806402700794047	0.556452935877091	0	0	2	0.2	1.16422621465819	0.264736006783235	0.660408969948339	1.65699985506712	0.996590885118782	0	0	3	0.1	0.821393069098994	0.155472938048509	0.523183142401213	1.11850796324393	0.595324820842714	0	0	3	0.2	1.60753511218824	0.248737644229249	1.11408810355542	2.08639292131218	0.972304817756754
522	0	0	0	0.1	0.122059790136241	0.0326037056486781	0.0590015536533757	0.187970111530392	0.128968557877016	0	0	0	0.2	0.256484913712542	0.0801305425070198	0.106665452140913	0.421916813936833	0.31525136179592	0	0	1	0.1	0.221518472798783	0.0598830799894662	0.10901087050375	0.349615991862261	0.240605121358511	0	0	1	0.2	0.668065468645383	0.150363328284753	0.386660767099212	0.979117956062113	0.592457188962901	0	0	2	0.1	0.58777817779478	0.091824911667043	0.417107661007118	0.770656784689916	0.353549123682798	0	0	2	0.2	1.3187244907567	0.18244373813672	0.984487889634658	1.69792508170995	0.713437192075289	0	0	3	0.1	0.859486133888442	0.114274887668157	0.659060985283196	1.10872767379494	0.449666688511746	0	0	3	0.2	1.74574397683937	0.209299211373951	1.37762585284365	2.19118883927299	0.813562986429334
897	0	0	0	0.1	0.156562138362425	0.0326584917619132	0.0947915183044564	0.223062045857236	0.128270527552779	0	0	0	0.2	0.312590625778551	0.0792860428086192	0.159940961390795	0.462697413045708	0.302756451654913	0	0	1	0.1	0.130201335320352	0.0642501039516723	0.00821326769421925	0.25602073940609	0.247807471711871	0	0	1	0.2	0.406015876651938	0.166561577659082	0.0982470020397494	0.741884118431998	0.643637116392248	0	0	2	0.1	0.411959981178244	0.101398761102811	0.231973634032353	0.621648270387014	0.389674636354661	0	0	2	0.2	0.99726679851441	0.208080664882935	0.625109540678054	1.42164027467637	0.796530733998316	0	0	3	0.1	0.689308834250445	0.124833085747627	0.462840683342545	0.951804626938094	0.488963943595549	0	0	3	0.2	1.42704226401445	0.228995412908215	0.992497521384956	1.88788285856306	0.895385337178103
902	0	0	0	0.1	0.101358021169212	0.0351552332017501	0.0347173205520919	0.166690422403845	0.131973101851753	0	0	0	0.2	0.312251807561506	0.0833715021554665	0.155017309309678	0.49029129674795	0.335273987438272	0	0	1	0.1	0.24372950561705	0.0577688473467542	0.132658120557029	0.370191587904215	0.237533467347186	0	0	1	0.2	0.629164192149742	0.152680196746907	0.3446964891346	0.945585708850025	0.600889219715425	0	0	2	0.1	0.469992454213408	0.0999587371514199	0.289892810413802	0.6714291646167	0.381536354202898	0	0	2	0.2	1.01799158200178	0.20503104708264	0.649019946934332	1.42626341239764	0.777243465463305	0	0	3	0.1	0.66446365865194	0.126119763363892	0.444644480042002	0.938015253151388	0.493370773109386	0	0	3	0.2	1.33464464272727	0.234139346868514	0.933583013033956	1.83004104127046	0.896458028236502
596	0	0	0	0.1	0.142551628488501	0.0339847580757879	0.0789692497285024	0.209679453743582	0.13071020401508	0	0	0	0.2	0.341029549431571	0.0803866402279518	0.189455424245166	0.513576527826916	0.32412110358175	0	0	1	0.1	0.223791891837292	0.05895890113943	0.112849962143182	0.349279342607722	0.23642938046454	0	0	1	0.2	0.622476922427383	0.157656594496453	0.351798212757803	0.949656132916494	0.597857920158691	0	0	2	0.1	0.540885005651721	0.101063592091139	0.362064674632951	0.750988519841197	0.388923845208246	0	0	2	0.2	1.29556669350578	0.212383564507645	0.914241323614824	1.7340194704197	0.819778146804875	0	0	3	0.1	0.859128967792616	0.129754313608492	0.630951994125163	1.13400632102907	0.50305432690391	0	0	3	0.2	1.78114817391085	0.240052573751392	1.34525546033287	2.30275761505735	0.957502154724487
881	0	0	0	0.1	0.0424531993613197	0.0300595786605716	-0.0156394341389608	0.101231849383724	0.116871283522685	0	0	0	0.2	0.154304389967935	0.071249961390209	0.0199483047876142	0.302553958221505	0.282605653433891	0	0	1	0.1	0.274483910888082	0.057741048931728	0.170939400475869	0.396038215135555	0.225098814659686	0	0	1	0.2	0.838868657735046	0.166667540752041	0.549835129476041	1.17691085556436	0.627075726088321	0	0	2	0.1	0.710143625472709	0.107571404005464	0.51983086775394	0.927777132571596	0.407946264817656	0	0	2	0.2	1.58534487736575	0.214625877596907	1.17541624029738	2.01682144279558	0.8414052024982	0	0	3	0.1	1.01556475619377	0.137753606229359	0.764931062449271	1.31604550464775	0.551114442198481	0	0	3	0.2	2.00421071095147	0.244566149413013	1.55512554643573	2.50892156957709	0.953796023141362
684	0	0	0	0.1	0.123505163134973	0.0330396826327117	0.0632689722343608	0.190194730740875	0.126925758506514	0	0	0	0.2	0.23134662797962	0.0747322545033861	0.0985882488453318	0.390160750601989	0.291572501756657	0	0	1	0.1	0.126708427646931	0.05124693477779	0.0263261066443236	0.232731966496786	0.206405859852463	0	0	1	0.2	0.334677713566993	0.126344960125405	0.0961457676539072	0.608187164421559	0.512041396767652	0	0	2	0.1	0.37522043881747	0.0811872560201089	0.228191505107351	0.551898130542052	0.3237066254347	0	0	2	0.2	0.910933877066408	0.172390709459759	0.593299018676112	1.28562194617821	0.692322927502094	0	0	3	0.1	0.669056704079197	0.106973858990667	0.484347561163588	0.918267061180763	0.433919500017175	0	0	3	0.2	1.41101927001594	0.199145746314737	1.04603116857671	1.83856551765655	0.792534349079843
768	0	0	0	0.1	0.0487449230392481	0.0316950296717652	-0.0118456927479113	0.111781934629323	0.123627627377234	0	0	0	0.2	0.102664452667078	0.0814834644623562	-0.0518066239714574	0.26792607338684	0.319732697358298	0	0	1	0.1	0.109911333625483	0.069913147678621	-0.0154816194178147	0.266463167396762	0.281944786814577	0	0	1	0.2	0.419319326467368	0.187901205834493	0.0847281806201984	0.823303900654109	0.73857572003391	0	0	2	0.1	0.481775322527857	0.11962404383125	0.277121749248891	0.733740937711516	0.456619188462625	0	0	2	0.2	1.23808431880733	0.239151628448193	0.814960135560975	1.71148783201012	0.896527696449147	0	0	3	0.1	0.878800527719326	0.148440296034931	0.612182802566583	1.19115149290217	0.578968690335587	0	0	3	0.2	1.80745895733541	0.256139729617632	1.33163601388588	2.34959210291369	1.01795608902781
532	0	0	0	0.1	0.0918359285260207	0.0321564218631165	0.0267925338514517	0.154627577899213	0.127835044047762	0	0	0	0.2	0.165502184148059	0.0769514609188858	0.0165846847360984	0.312864015291326	0.296279330555228	0	0	1	0.1	0.135736504619778	0.0577988912069189	0.0216356602636857	0.254081302466453	0.232445642202767	0	0	1	0.2	0.44928771691046	0.146543896254276	0.166147098093404	0.73438778029825	0.568240682204846	0	0	2	0.1	0.472439560887592	0.0899555128870835	0.306728044285388	0.660285048952446	0.353557004667058	0	0	2	0.2	1.06807761334981	0.176916023803748	0.746079051817163	1.43733649731933	0.691257445502168	0	0	3	0.1	0.724715616706468	0.111555184728624	0.528138834101945	0.950590030966577	0.422451196864631	0	0	3	0.2	1.44215360070135	0.202052757132474	1.07418427944164	1.86556643980994	0.7913821603683
584	0	0	0	0.1	0.156635340996877	0.0354006642051215	0.0905188176642553	0.233170026269973	0.142651208605718	0	0	0	0.2	0.388202069691016	0.0937874702825095	0.223192301971639	0.573517959196516	0.350325657224878	0	0	1	0.1	0.246272939539334	0.0680771495562438	0.113273367631056	0.387214607730063	0.273941240099007	0	0	1	0.2	0.642995811796143	0.183691697521045	0.322290029656124	1.03004038108546	0.707750351429333	0	0	2	0.1	0.470428943564946	0.114019436701596	0.272246751525259	0.711571638982782	0.439324887457523	0	0	2	0.2	1.04036055428182	0.225151904846188	0.647282459332796	1.51966217865806	0.872379719325265	0	0	3	0.1	0.679766410410448	0.136187497771427	0.453521709634778	0.970629011181205	0.517107301546428	0	0	3	0.2	1.38454200690811	0.247118575218002	0.963126327754788	1.89793158263412	0.934805254879329
984	0	0	0	0.1	0.0789373954811007	0.0323142752851062	0.010048287463643	0.142476279017867	0.132427991554224	0	0	0	0.2	0.0901479450054865	0.0732682634920159	-0.0625524506985309	0.233051906924412	0.295604357622943	0	0	1	0.1	0.0530155342295018	0.0562428659574698	-0.0606104574093934	0.163284825935299	0.223895283344692	0	0	1	0.2	0.272081398961971	0.147146972771318	-0.00721732421568922	0.566875157084079	0.574092481299768	0	0	2	0.1	0.478294467653813	0.100346997301787	0.299460407832893	0.690680715898654	0.391220308065761	0	0	2	0.2	1.19337188194368	0.198322399530465	0.805861631234716	1.59450794939841	0.788646318163693	0	0	3	0.1	0.865414148048898	0.128806479588846	0.621720492014878	1.14954051179025	0.527820019775367	0	0	3	0.2	1.74037671010852	0.223709847295095	1.31815537832884	2.21346894563818	0.895313567309344
813	0	0	0	0.1	0.100961846383686	0.0309792181305409	0.045421292437596	0.167800753691864	0.122379461254268	0	0	0	0.2	0.256453924643769	0.0743503881674728	0.124225087066151	0.408039629921319	0.283814542855168	0	0	1	0.1	0.272209262523247	0.0624957429147451	0.159117706343502	0.401162182917016	0.242044476573514	0	0	1	0.2	0.840652493203044	0.197925246424699	0.490684310806373	1.25383060372538	0.763146292919006	0	0	2	0.1	0.735999724217604	0.151226948052823	0.484880650933417	1.07881356962276	0.593932918689342	0	0	2	0.2	1.63530808852444	0.304780816308441	1.10298487781878	2.28832577417737	1.18534089635859	0	0	3	0.1	1.09670106801134	0.208106761529025	0.750128512000475	1.56301577507992	0.81288726307944	0	0	3	0.2	2.12591984345742	0.344133478181385	1.51014120513832	2.90582935206027	1.39568814692194
654	0	0	0	0.1	0.0510675494492172	0.0294526057824794	-0.00544946695283553	0.109737840130284	0.115187307083119	0	0	0	0.2	0.139696126357047	0.0787240470582172	-0.00865150107138855	0.299277808142689	0.307929309214078	0	0	1	0.1	0.229226117561076	0.0737458667913048	0.0924766206345016	0.380938258170493	0.288461637535991	0	0	1	0.2	0.780083084210691	0.218440624106389	0.376224021777376	1.22188303167691	0.845659009899537	0	0	2	0.1	0.717638653529837	0.137932064150452	0.467314613100179	0.99669692752582	0.529382314425641	0	0	2	0.2	1.73378392520997	0.279429794391642	1.23155001387143	2.29653184499497	1.06498183112354	0	0	3	0.1	1.17016220225272	0.185550791377845	0.830976131605626	1.54839010171615	0.717413970110527	0	0	3	0.2	2.3873342105715	0.321694759831856	1.77675952808555	3.02451344029473	1.24775391220917
662	0	0	0	0.1	0.109775958678873	0.0298405484637689	0.0474421858510497	0.166504221741187	0.119062035890138	0	0	0	0.2	0.204140514081066	0.0766281690541929	0.0537583040037388	0.362408325548037	0.308650021544298	0	0	1	0.1	0.125799420059055	0.0641149232612522	0.00153012170640867	0.250746325275108	0.249216203568699	0	0	1	0.2	0.439141540047499	0.171955276359249	0.105862858217902	0.794478239199071	0.688615380981169	0	0	2	0.1	0.483537949907523	0.112441498890423	0.279669746780385	0.728381220703482	0.448711473923097	0	0	2	0.2	1.18222386824387	0.239195124661917	0.746227915786114	1.69583729846155	0.949609382675435	0	0	3	0.1	0.801090932192613	0.150564411810292	0.542930906631215	1.1241612114714	0.581230304840182	0	0	3	0.2	1.69180454413185	0.285349358711136	1.18518011766734	2.32276773405918	1.13758761639184
671	0	0	0	0.1	0.123428243513908	0.0296536042779292	0.0687114952290241	0.188732715790761	0.120021220561737	0	0	0	0.2	0.233578949274574	0.0727078664226666	0.100171295201323	0.384959694013632	0.284788398812308	0	0	1	0.1	0.147356452192488	0.0601150274314277	0.0272172330324818	0.267473325229898	0.240256092197416	0	0	1	0.2	0.438293525764193	0.159438890040487	0.127248534867719	0.758418024583946	0.631169489716227	0	0	2	0.1	0.450577946247233	0.11440052293336	0.245669427152435	0.696564373121718	0.450894945969283	0	0	2	0.2	1.08722182236781	0.249573593417011	0.643088544824692	1.62179224531939	0.978703700494697	0	0	3	0.1	0.761886493445421	0.158223418583	0.486322499737293	1.12752225084406	0.641199751106771	0	0	3	0.2	1.62277883010819	0.29594116989353	1.0879154844998	2.27148166373351	1.18356617923371
699	0	0	0	0.1	0.075418785472531	0.0360597858000686	0	0.141710665527817	0.141710665527817	0	0	0	0.2	0.126940479930506	0.0824983488723253	-0.0298286804241047	0.286771441928316	0.316600122352421	0	0	1	0.1	0.16000048076376	0.0689568803424708	0.0331405303250891	0.301549804980657	0.268409274655568	0	0	1	0.2	0.537699760568899	0.185971998399602	0.216406804391473	0.960418868792013	0.74401206440054	0	0	2	0.1	0.560091698785962	0.12121774918809	0.34208504691062	0.828468112240438	0.486383065329819	0	0	2	0.2	1.22978652023088	0.228989804332106	0.812959605704419	1.70999689993308	0.897037294228662	0	0	3	0.1	0.836170041860801	0.141037610388505	0.585772964198029	1.14155934823405	0.555786384036026	0	0	3	0.2	1.64756132419693	0.245714125405355	1.20369709089874	2.16858111086051	0.964884019961777
745	0	0	0	0.1	0.0892229670726635	0.0307849332823446	0.0287801863974388	0.149600225751327	0.120820039353888	0	0	0	0.2	0.14083780190818	0.0727918139067374	-0.00171585483493533	0.291333897111993	0.293049751946928	0	0	1	0.1	0.104471419833291	0.0564018069776155	-0.00909522894139755	0.21082475667317	0.219919985614568	0	0	1	0.2	0.381557989532602	0.151255233186245	0.090126330875827	0.693604914471663	0.603478583595836	0	0	2	0.1	0.457192236467685	0.106655493258294	0.268035974514855	0.679693098250976	0.411657123736121	0	0	2	0.2	1.08025136026601	0.220798136946702	0.688058012034873	1.54538760958405	0.857329597549181	0	0	3	0.1	0.772576685721011	0.144465515102478	0.519647070041296	1.08049722798308	0.560850157941782	0	0	3	0.2	1.58021133293526	0.257276459154814	1.11232867473612	2.1292924688905	1.01696379415438
910	0	0	0	0.1	0.10883569420194	0.0331575985612355	0.0459481630975918	0.177227593347063	0.131279430249471	0	0	0	0.2	0.269379225892952	0.0878689879893138	0.102562239534681	0.449824436560869	0.347262197026187	0	0	1	0.1	0.223593070219883	0.0878801894750288	0.0662562499106713	0.399965759741651	0.33370950983098	0	0	1	0.2	0.710428264051363	0.259323370443503	0.259316524406212	1.25137240613455	0.992055881728342	0	0	2	0.1	0.600145487188115	0.154363630863844	0.330038312287998	0.935453070430737	0.60541475814274	0	0	2	0.2	1.36234635796321	0.288622516395704	0.824209978584747	1.97983171425303	1.15562173566829	0	0	3	0.1	0.897580294884652	0.174200410529563	0.584629403123105	1.27049002584364	0.68586062272053	0	0	3	0.2	1.79869543835143	0.296657530476665	1.24222060027336	2.41604372843975	1.1738231281664
812	0	0	0	0.1	0.120544285939548	0.0283809915049322	0.067221596752318	0.174171106454975	0.106949509702657	0	0	0	0.2	0.262210808454607	0.0813752052106716	0.108439780226116	0.422628733058583	0.314188952832468	0	0	1	0.1	0.175556546603249	0.0706507458320545	0.0384259547895829	0.31390145585982	0.275475501070237	0	0	1	0.2	0.607586479416835	0.190240015293403	0.231317403177326	0.969800902408797	0.738483499231471	0	0	2	0.1	0.577612796310346	0.114485907442065	0.365857145124317	0.814297131497432	0.448439986373115	0	0	2	0.2	1.31689307113576	0.214070974370134	0.933960817059561	1.74767386775412	0.813713050694563	0	0	3	0.1	0.865826955925184	0.133543207672772	0.643047527764818	1.16131592491204	0.518268397147223	0	0	3	0.2	1.75448755624111	0.23957859906723	1.35554913187434	2.29886075214408	0.94331162026974
759	0	0	0	0.1	0.0843730794324416	0.0313417849262163	0.0221938221335799	0.142873387493505	0.120679565359925	0	0	0	0.2	0.132117282702532	0.0845700015284364	-0.0252224223828856	0.300857590287032	0.326080012669918	0	0	1	0.1	0.121440863078284	0.0595703021748168	0.00659902092961728	0.239655259075474	0.233056238145857	0	0	1	0.2	0.415379078069284	0.14476086891349	0.141412730192382	0.711133236776815	0.569720506584433	0	0	2	0.1	0.47609176301581	0.088710336772385	0.309548483487954	0.65783232424208	0.348283840754126	0	0	2	0.2	1.08952856611538	0.17582814881452	0.760761495938637	1.45585645805006	0.695094962111426	0	0	3	0.1	0.781349032751574	0.112520787806987	0.579248364841647	1.02195091512522	0.442702550283577	0	0	3	0.2	1.5462995736642	0.195516572797217	1.18527702906884	1.95556897741684	0.770291948348004
732	0	0	0	0.1	0.0603882334131214	0.0391825757356072	-0.0180500698935395	0.135239411797309	0.153289481690848	0	0	0	0.2	0.172541139778937	0.0921107342988472	-0.00501020103918427	0.361530467635693	0.366540668674877	0	0	1	0.1	0.217442901312178	0.0731654754636445	0.0741352889092348	0.363052842144127	0.288917553234893	0	0	1	0.2	0.659825939492627	0.193295442247795	0.307025211728876	1.03611797982519	0.72909276809631	0	0	2	0.1	0.604642333236559	0.122929509477337	0.376362655742872	0.858308828482282	0.48194617273941	0	0	2	0.2	1.31592139264518	0.224524479567776	0.878014679171157	1.75096984716818	0.872955167997023	0	0	3	0.1	0.876163547247657	0.139662155849594	0.615769398551323	1.15645463941987	0.540685240868552	0	0	3	0.2	1.70297943424222	0.237191592655321	1.25959810417737	2.16472139337305	0.905123289195679
932	0	0	0	0.1	0.0835736360646482	0.0299339037886193	0.0270851972286005	0.144217514880426	0.117132317651826	0	0	0	0.2	0.181919871863767	0.0724472231191398	0.0467347389603079	0.331568373962262	0.284833635001954	0	0	1	0.1	0.194019893774715	0.0585200309957135	0.0822605133398707	0.314531990603236	0.232271477263365	0	0	1	0.2	0.612057174994824	0.166373044176782	0.309070145200099	0.978047470676286	0.668977325476187	0	0	2	0.1	0.570266905655408	0.113354234514642	0.359810423908454	0.809265689133201	0.449455265224746	0	0	2	0.2	1.3490251683303	0.243242752191506	0.910520303424731	1.84574730098313	0.935226997558396	0	0	3	0.1	0.886112816179572	0.152845856329355	0.610983438802472	1.19953354950136	0.588550110698888	0	0	3	0.2	1.83759702368116	0.289905421755582	1.29361649336714	2.40030079789721	1.10668430453007
875	0	0	0	0.1	0.144052561388536	0.032771093516438	0.0828576758793595	0.209644834080767	0.126787158201408	0	0	0	0.2	0.339950239097757	0.0829119126664587	0.186424634221009	0.513343811645461	0.326919177424452	0	0	1	0.1	0.251832450106092	0.066297146123853	0.11145649443379	0.37880793500243	0.26735144056864	0	0	1	0.2	0.630657453265857	0.1738013084099	0.266565330796294	0.98016602947491	0.713600698678616	0	0	2	0.1	0.503250719553314	0.107754825608983	0.29005901654638	0.719826644650794	0.429767628104414	0	0	2	0.2	1.10889437544476	0.208465854263888	0.70099895607979	1.51497735598978	0.813978399909992	0	0	3	0.1	0.754046261727905	0.125728687103264	0.516644774200856	1.01288745590296	0.496242681702105	0	0	3	0.2	1.54336209626795	0.222094443990546	1.1193607686382	1.98263402915174	0.863273260513538
711	0	0	0	0.1	0.0491034031473839	0.0365108452832872	-0.0231139696211025	0.123047706348973	0.146161675970075	0	0	0	0.2	0.133737424948671	0.0838004965748589	-0.0206629851820214	0.308396997111629	0.32905998229365	0	0	1	0.1	0.219144556473495	0.0561179173723373	0.114946063632426	0.332189771798807	0.217243708166382	0	0	1	0.2	0.64220299346858	0.147379994426172	0.369695940856168	0.948354099696982	0.578658158840815	0	0	2	0.1	0.594216374209564	0.100139816702267	0.405079112821057	0.802503883146137	0.39742477032508	0	0	2	0.2	1.36389131859126	0.198368130999003	0.996953262894404	1.77678134619662	0.779828083302217	0	0	3	0.1	0.927033791311391	0.12859824957165	0.692870425649136	1.18629772148489	0.493427295835752	0	0	3	0.2	1.87117664984739	0.222259558499256	1.44059927082551	2.31360758840107	0.873008317575562
843	0	0	0	0.1	0.153213153259261	0.0329480186538044	0.090955282797317	0.215701853192872	0.124746570395555	0	0	0	0.2	0.306688038391925	0.0786127137744534	0.163754766336083	0.458068530747616	0.294313764411533	0	0	1	0.1	0.109373722471596	0.0530350778106403	0.00674894434287277	0.219315953872846	0.212567009529973	0	0	1	0.2	0.299226897465764	0.124022134630737	0.0578119365514288	0.557490164002802	0.499678227451373	0	0	2	0.1	0.312577784133465	0.0747366829670367	0.176411803916718	0.463642968785364	0.287231164868646	0	0	2	0.2	0.747242717984538	0.158185953618661	0.454522673247302	1.07191067565501	0.617388002407704	0	0	3	0.1	0.535893996972989	0.0968981428953335	0.353571663758636	0.744409543674457	0.390837879915822	0	0	3	0.2	1.15413037083429	0.195952036517368	0.797166604949072	1.54372754472699	0.746560939777922
660	0	0	0	0.1	0.159367310968457	0.0367539150883918	0.0915102360123423	0.230441347785104	0.138931111772762	0	0	0	0.2	0.424618517348377	0.0995244280856202	0.246876713862866	0.628708746781472	0.381832032918605	0	0	1	0.1	0.29395143305827	0.0717894468678962	0.16143255007677	0.438092890204394	0.276660340127624	0	0	1	0.2	0.845109320662508	0.182570874656121	0.502675334648172	1.18578985057882	0.683114515930651	0	0	2	0.1	0.667934475733457	0.111673355737315	0.459537353567481	0.900191386895169	0.440654033327688	0	0	2	0.2	1.43304492103614	0.207984493596146	1.03426235884956	1.86635669366889	0.832094334819333	0	0	3	0.1	0.943825327922233	0.136337593609642	0.689807080500283	1.23654987439239	0.546742793892107	0	0	3	0.2	1.81243405139894	0.235466262178321	1.37430379132298	2.30958199970146	0.935278208378476
679	0	0	0	0.1	0.125834378266054	0.0294547851671516	0.0722099855897398	0.18672645570207	0.11451647011233	0	0	0	0.2	0.257654505723868	0.0734518604603139	0.117230610749407	0.410968786866746	0.293738176117339	0	0	1	0.1	0.24034042072149	0.0674258397904701	0.105913950635794	0.376522547039947	0.270608596404154	0	0	1	0.2	0.765393903318252	0.187715000515496	0.409147477657717	1.14200741414316	0.732859936485446	0	0	2	0.1	0.65822222217842	0.120612057680578	0.436211935184865	0.903099216275903	0.466887281091038	0	0	2	0.2	1.45411388933575	0.222732370675427	1.04024805350352	1.90831702052571	0.86806896702219	0	0	3	0.1	0.924349115766017	0.138051165159632	0.664455014952081	1.211117774962	0.54666276000992	0	0	3	0.2	1.77554696617501	0.234339913041376	1.32157041111744	2.2504333755919	0.928862964474466
791	0	0	0	0.1	0.107838327298562	0.0295602212960556	0.0507184821438443	0.168090436838802	0.117371954694958	0	0	0	0.2	0.27284786077694	0.0702471629325156	0.148360164566096	0.424343743385709	0.275983578819613	0	0	1	0.1	0.20311206277142	0.0528431161898936	0.106908349048032	0.316134653559579	0.209226304511547	0	0	1	0.2	0.557687087691238	0.158445285723854	0.289691376060136	0.907424376286116	0.61773300022598	0	0	2	0.1	0.455393026770045	0.121734899497048	0.257918364812693	0.749677047617648	0.491758682804955	0	0	2	0.2	1.10049149678715	0.274749670149865	0.656068899610422	1.78092928746519	1.12486038785477	0	0	3	0.1	0.720577173473408	0.171400198467786	0.455195479285032	1.14579320735347	0.690597728068443	0	0	3	0.2	1.53669186628882	0.323480628443569	0.993944649971478	2.32193824615102	1.32799359617954
860	0	0	0	0.1	0.0389006259418627	0.032087257759604	-0.0210252273781824	0.104400964341128	0.12542619171931	0	0	0	0.2	0.0841679022424724	0.079039912887428	-0.0623114871758427	0.247214891377018	0.309526378552861	0	0	1	0.1	0.215072843047829	0.075288843259541	0.0744318458542036	0.371361695982915	0.296929850128712	0	0	1	0.2	0.759768032766594	0.211648930732158	0.355011622092996	1.18561406501481	0.830602442921819	0	0	2	0.1	0.74147945569355	0.134287993942867	0.493167827871341	1.00291029956361	0.509742471692265	0	0	2	0.2	1.684868605922	0.257526491623283	1.20469424640109	2.199082566479	0.99438832007791	0	0	3	0.1	1.13625625585604	0.168763931519156	0.821583743472552	1.48058227434516	0.658998530872605	0	0	3	0.2	2.22115277309995	0.287594132046027	1.67520556895652	2.80328465914407	1.12807909018755
749	0	0	0	0.1	0.110610492097618	0.0334438046740805	0.0435693149547478	0.180184272548867	0.13661495759412	0	0	0	0.2	0.235761022371746	0.0758963743840625	0.0958912657232741	0.390105320198489	0.294214054475215	0	0	1	0.1	0.158369703181603	0.059016397424755	0.0518638353015066	0.276823028889015	0.224959193587509	0	0	1	0.2	0.483099667723161	0.158065629441954	0.202127485283021	0.825451024327378	0.623323539044357	0	0	2	0.1	0.467007893994165	0.103652825289139	0.28162076956733	0.681430345913124	0.399809576345794	0	0	2	0.2	1.08735480271247	0.21443101189278	0.695715203916405	1.53787104527394	0.842155841357534	0	0	3	0.1	0.72585679413534	0.132988548894413	0.499639750902218	1.0129626861124	0.513322935210181	0	0	3	0.2	1.5037361933037	0.251072680864007	1.06889161202179	2.02598681120469	0.957095199182896
641	0	0	0	0.1	0.103155141928394	0.0325150024990133	0.0408662055440062	0.168496745197914	0.127630539653908	0	0	0	0.2	0.215049602933593	0.0765222460102862	0.0728263114083337	0.370025963403166	0.297199651994833	0	0	1	0.1	0.17804494562	0.0570940100326183	0.0781572772307673	0.298044454550224	0.219887177319457	0	0	1	0.2	0.522063412917091	0.145847121767699	0.268192776755922	0.85267820395172	0.584485427195798	0	0	2	0.1	0.515222374532783	0.0936465725272508	0.353186717088726	0.721223206957115	0.368036489868389	0	0	2	0.2	1.18216690861578	0.182985060275275	0.857858321104603	1.55867193619083	0.700813615086222	0	0	3	0.1	0.829327733372688	0.118750322543156	0.6218889908959	1.08346084896089	0.461571858064989	0	0	3	0.2	1.65586078659182	0.205739211146223	1.28495683390112	2.08081189448461	0.795855060583485
833	0	0	0	0.1	0.123219415341159	0.0317419567906025	0.0648223088310982	0.189499514145462	0.124677205314364	0	0	0	0.2	0.205187460889601	0.0852873487547079	0.0412177078655843	0.378817099140704	0.33759939127512	0	0	1	0.1	0.0856744642414924	0.0674263285451638	-0.0439831112959383	0.21791518870915	0.261898300005089	0	0	1	0.2	0.343290357120595	0.177919006176558	0.0278276589022883	0.737177666394619	0.709350007492331	0	0	2	0.1	0.459435204304097	0.121074642352902	0.252774208704787	0.716550643725783	0.463776435020996	0	0	2	0.2	1.13085801068688	0.240246916580225	0.706343229824814	1.62101382623345	0.914670596408639	0	0	3	0.1	0.831735704980489	0.153165843458703	0.574690774538062	1.15301509927168	0.578324324733615	0	0	3	0.2	1.68225186099908	0.263284556197991	1.21267629286859	2.23370039923494	1.02102410636635
723	0	0	0	0.1	0.10743475331475	0.0312813765253858	0.0424462264834301	0.169633271717455	0.127187045234024	0	0	0	0.2	0.229147789168875	0.0745598951917267	0.0857888327233314	0.380786570824982	0.294997738101651	0	0	1	0.1	0.174977162568173	0.0620035156293017	0.050562521934129	0.294224609534208	0.243662087600079	0	0	1	0.2	0.57250365451409	0.181416286991908	0.222109715352745	0.951688940468111	0.729579225115366	0	0	2	0.1	0.566224718884881	0.132998005533824	0.324246147872016	0.863037923593805	0.538791775721789	0	0	2	0.2	1.41879414725057	0.294853871610726	0.907208106742317	2.02165898529572	1.11445087855341	0	0	3	0.1	0.979745937577525	0.191858563841399	0.653225308724423	1.39185092315738	0.738625614432953	0	0	3	0.2	2.11785471261776	0.356527260383532	1.49533816901764	2.88435736896124	1.38901919994361
645	0	0	0	0.1	0.121577538759493	0.037718920492658	0.0474960331967611	0.194211901122978	0.146715867926217	0	0	0	0.2	0.278811874847379	0.0875442054469835	0.101104188036685	0.457736693382481	0.356632505345796	0	0	1	0.1	0.209365614657035	0.0565137488138022	0.106000332931017	0.330191043748435	0.224190710817418	0	0	1	0.2	0.559794848313225	0.142092749654531	0.304721422150179	0.847100111276522	0.542378689126343	0	0	2	0.1	0.484844736437398	0.0935373875524919	0.31779091731552	0.679542029377195	0.361751112061675	0	0	2	0.2	1.11344162040299	0.197735975643549	0.750081559865237	1.52254263352863	0.772461073663391	0	0	3	0.1	0.745787260177494	0.122071525753655	0.529171648768198	0.991817558184776	0.462645909416578	0	0	3	0.2	1.54733067766639	0.230559387181755	1.12377235210359	2.02178003191751	0.898007679813915
942	0	0	0	0.1	0.0934619070183507	0.0279074736692002	0.0424729191725792	0.151467365911117	0.108994446738538	0	0	0	0.2	0.145126098405342	0.064534252003488	0.0187146145186638	0.281510930696225	0.262796316177561	0	0	1	0.1	0.0563352172138031	0.0590187467020734	-0.0642618787785111	0.165929199924622	0.230191078703133	0	0	1	0.2	0.197529626673244	0.148616534026517	-0.104623926290917	0.491408285797641	0.596032212088558	0	0	2	0.1	0.307953639105668	0.0917056556018029	0.134228099462422	0.495791884484566	0.361563785022144	0	0	2	0.2	0.757725051522046	0.186270955980307	0.399633701534583	1.15194276577866	0.752309064244074	0	0	3	0.1	0.582457301887073	0.109874322264669	0.387854394865423	0.824016033436245	0.436161638570822	0	0	3	0.2	1.23907820786529	0.20486843798703	0.870608400716567	1.679120765526	0.808512364809431
847	0	0	0	0.1	0.102427812547367	0.0359482461794675	0.03089137903051	0.172459612389466	0.141568233358956	0	0	0	0.2	0.204749870509871	0.0887469380223269	0.0422779694639875	0.39415822417177	0.351880254707783	0	0	1	0.1	0.162465335692015	0.0650757127690502	0.037094936138253	0.298340396359613	0.26124546022136	0	0	1	0.2	0.539029215722377	0.164505410631272	0.226565251875481	0.888416526888855	0.661851275013374	0	0	2	0.1	0.559727371368114	0.100348119486738	0.366276959361414	0.771488649633109	0.405211690271694	0	0	2	0.2	1.33097222252243	0.202218087610753	0.938018481060153	1.74031974141903	0.802301260358878	0	0	3	0.1	0.945679233367562	0.135166602570783	0.693655343741222	1.24960312235548	0.555947778614256	0	0	3	0.2	1.93222300576083	0.243210727303898	1.47009194224851	2.45693615582041	0.986844213571905
907	0	0	0	0.1	0.0864996100022795	0.0307891270797302	0.0246726710387892	0.146518341469947	0.121845670431158	0	0	0	0.2	0.151865792986425	0.0748332675601094	0.00959389709088289	0.30582632608905	0.296232428998167	0	0	1	0.1	0.140610340828068	0.0628034112116426	0.026400306016314	0.273144899876967	0.246744593860653	0	0	1	0.2	0.518911785473369	0.161305467713021	0.217946339653856	0.845883831831449	0.627937492177592	0	0	2	0.1	0.598121452622803	0.104965329819691	0.405103044187594	0.803776878016082	0.398673833828488	0	0	2	0.2	1.38617258712861	0.201292999142335	1.02561355047114	1.79003901457475	0.764425464103614	0	0	3	0.1	0.974908844156194	0.13824586755166	0.726772270625736	1.26294309675735	0.536170826131614	0	0	3	0.2	1.90941158570419	0.237479107149067	1.45350007199121	2.3809037006227	0.927403628631492
655	0	0	0	0.1	0.115070606901856	0.0312829032128842	0.0576106832773463	0.176700850803527	0.119090167526181	0	0	0	0.2	0.258849485909796	0.0782436997411822	0.112519184000264	0.415088378388287	0.302569194388023	0	0	1	0.1	0.16396661052605	0.065815396767169	0.0339737089261245	0.296808683809978	0.262834974883853	0	0	1	0.2	0.439494734659395	0.156210973625378	0.147139238685127	0.766203150035639	0.619063911350512	0	0	2	0.1	0.4240734298323	0.0979099659257485	0.252063140315361	0.639744736255299	0.387681595939938	0	0	2	0.2	0.946252368246925	0.195345077269446	0.602444345595695	1.35974780137285	0.757303455777158	0	0	3	0.1	0.668691384774517	0.122486156618071	0.462251875636522	0.93309680156362	0.470844925927098	0	0	3	0.2	1.34543674960971	0.220808733043487	0.955262901669048	1.81432916673589	0.859066265066838
864	0	0	0	0.1	0.081962354291048	0.0334663243160613	0.0147059563960298	0.143429514872447	0.128723558476417	0	0	0	0.2	0.105714180091157	0.085666548483645	-0.0631475153726434	0.264409667381051	0.327557182753694	0	0	1	0.1	0.0457089203572714	0.0756877868822563	-0.0973614612051609	0.199119868536915	0.296481329742076	0	0	1	0.2	0.345089587402908	0.214433875989946	-0.0556298559958501	0.789642744068217	0.845272600064067	0	0	2	0.1	0.547511074952829	0.144050778220006	0.294562874033266	0.852131223512114	0.557568349478848	0	0	2	0.2	1.33707815650096	0.260483639914684	0.856263232312366	1.87761321886205	1.02134998654969	0	0	3	0.1	0.997043191889945	0.170157695127342	0.699244776973907	1.3640814576702	0.664836680696298	0	0	3	0.2	1.94714019956546	0.275395419758456	1.43994849976467	2.54005594836063	1.10010744859596
756	0	0	0	0.1	0.10947045769175	0.0367018602175277	0.0418076107388639	0.184498565056794	0.14269095431793	0	0	0	0.2	0.277597889174495	0.0973193915081513	0.102911916895788	0.478628843863375	0.375716926967586	0	0	1	0.1	0.231038600911027	0.0714921499927434	0.0856114152301914	0.371112148013164	0.285500732782973	0	0	1	0.2	0.697032290541915	0.181988222664875	0.322764151586647	1.05850431356878	0.735740161982134	0	0	2	0.1	0.602694746841869	0.111386046231455	0.394353493849811	0.831481887538085	0.437128393688274	0	0	2	0.2	1.35122388965856	0.209616398290282	0.951509209019685	1.78373105733398	0.832221848314291	0	0	3	0.1	0.917120382602193	0.132300955237804	0.669475284415726	1.19769966992599	0.52822438551026	0	0	3	0.2	1.84937690013879	0.231185483014105	1.41359777666021	2.35916385360174	0.94556607694153
776	0	0	0	0.1	0.118216004129797	0.0345267113597748	0.0551860420348056	0.190470364275349	0.135284322240543	0	0	0	0.2	0.297856787200586	0.0853122776593169	0.140081514097836	0.468379707963087	0.328298193865251	0	0	1	0.1	0.257172396440277	0.0770863218414107	0.123547465995669	0.418327142242152	0.294779676246484	0	0	1	0.2	0.737368522464741	0.221029965711814	0.354874284318272	1.20893642531417	0.854062140995894	0	0	2	0.1	0.614910429032684	0.133941937848335	0.376538252162452	0.887970697182062	0.51143244501961	0	0	2	0.2	1.45348648942649	0.263346970391076	0.97941193181689	1.98415357786831	1.00474164605142	0	0	3	0.1	0.980895110359905	0.159234244697974	0.694069810629058	1.30438710579648	0.610317295167424	0	0	3	0.2	1.9951870697956	0.268675869951777	1.49647215314714	2.54581693082058	1.04934477767344
746	0	0	0	0.1	0.100969546205615	0.0352073502877461	0.0292001367332028	0.168691790756765	0.139491654023562	0	0	0	0.2	0.278352485374846	0.0891860214933472	0.099595696763446	0.460303805051467	0.360708108288021	0	0	1	0.1	0.29107898717149	0.074051342989545	0.159085376195264	0.438447480436986	0.279362104241722	0	0	1	0.2	0.809362120101225	0.192638217343279	0.47185925239784	1.20337380672065	0.731514554322813	0	0	2	0.1	0.618204788653303	0.115812719256594	0.414501286128776	0.852712342397411	0.438211056268635	0	0	2	0.2	1.33023257518002	0.213964213619288	0.930709865121566	1.76783532996251	0.837125464840943	0	0	3	0.1	0.838805722655361	0.130138242024131	0.591809817013954	1.11101357715321	0.519203760139258	0	0	3	0.2	1.65489037273505	0.224780251299105	1.2368858854914	2.11531099845004	0.878425112958647
814	0	0	0	0.1	0.143695083236807	0.0363717247650981	0.0732516871550797	0.212113156781239	0.138861469626159	0	0	0	0.2	0.23879447933644	0.0810777449780235	0.0688905946014561	0.399604623944732	0.330714029343276	0	0	1	0.1	0.150906943029714	0.0518960623207254	0.0552785837089379	0.254525524551946	0.199246940843008	0	0	1	0.2	0.462238793244603	0.134133161722505	0.211386157910261	0.738407691081166	0.527021533170905	0	0	2	0.1	0.502587333800828	0.0919506665950763	0.330653467909308	0.69504801034684	0.364394542437532	0	0	2	0.2	1.20250632494595	0.189977837171382	0.852827370141165	1.5957400673552	0.742912697214035	0	0	3	0.1	0.867586628731646	0.126027325222256	0.650450006279237	1.12701804327652	0.476568036997285	0	0	3	0.2	1.83498434962123	0.231739953300599	1.41950197171998	2.29392813802684	0.874426166306856
862	0	0	0	0.1	0.0974055539758449	0.0280474366330736	0.0450886821611739	0.153395654829769	0.108306972668595	0	0	0	0.2	0.270985631466926	0.0810758912966845	0.13078771649274	0.454110846794566	0.323323130301826	0	0	1	0.1	0.341020453464558	0.0810054605669642	0.199616275656766	0.516574814323683	0.316958538666917	0	0	1	0.2	1.06013259107926	0.243618659627198	0.644526808941378	1.58480541833569	0.94027860939431	0	0	2	0.1	0.788176843855606	0.15279426334845	0.525200449690887	1.10891981639814	0.58371936670725	0	0	2	0.2	1.74465216477734	0.28940898601212	1.22073182034143	2.3412805879064	1.12054876756496	0	0	3	0.1	1.08926655137216	0.181360711038184	0.764327616186617	1.4564957469961	0.692168130809484	0	0	3	0.2	2.14158001630061	0.301172783360622	1.58099495396878	2.75332828113749	1.17233332716871
830	0	0	0	0.1	0.0989860629681046	0.0296844367034348	0.0439744494220884	0.156552135121812	0.112577685699724	0	0	0	0.2	0.289688767592776	0.0794514984652985	0.1412038691542	0.446405831509078	0.305201962354879	0	0	1	0.1	0.313940005058862	0.0604105448424569	0.207159251869758	0.438017857623413	0.230858605753655	0	0	1	0.2	0.938649479375895	0.186315232620235	0.623751775661308	1.34631578184712	0.722564006185815	0	0	2	0.1	0.748358640292175	0.128187917111042	0.538114985888383	1.04583333734136	0.507718351452976	0	0	2	0.2	1.67033134976708	0.250396616259003	1.22998391805234	2.20567675148254	0.975692833430194	0	0	3	0.1	1.079434473802	0.166210762303887	0.798768832637307	1.44107480127817	0.642305968640861	0	0	3	0.2	2.08789929944967	0.280160089330467	1.58177929038968	2.67956399020981	1.09778469982013
880	0	0	0	0.1	0.0624429730100024	0.0321624901374907	-0.00289691589388623	0.124435196868617	0.127332112762503	0	0	0	0.2	0.215607146876583	0.0788057540837395	0.0611396785416602	0.37224381815092	0.311104139609259	0	0	1	0.1	0.258173966448065	0.0621431094460159	0.138717972404703	0.384861239945562	0.246143267540859	0	0	1	0.2	0.697860444049231	0.163336876094916	0.399075538660888	1.03709115020049	0.638015611539604	0	0	2	0.1	0.580353956505212	0.117999532965764	0.368343710929772	0.80869026958576	0.440346558655988	0	0	2	0.2	1.35208976187085	0.240417132155267	0.894645042601885	1.80829085166053	0.913645809058645	0	0	3	0.1	0.894259056271011	0.156157732560652	0.594343220579044	1.19664228093399	0.602299060354949	0	0	3	0.2	1.82032295770254	0.268453468335094	1.29074550353662	2.33370313978299	1.04295763624637
940	0	0	0	0.1	0.132987777843929	0.0373003706951864	0.0611494271319234	0.207273191183783	0.146123764051859	0	0	0	0.2	0.233773717686536	0.0836603315112469	0.0660389958775314	0.40707813644794	0.341039140570408	0	0	1	0.1	0.109980958872501	0.057572594216839	0	0.238314402348088	0.238314402348088	0	0	1	0.2	0.364376292070513	0.151308926300327	0.088532610660077	0.694461414130781	0.605928803470704	0	0	2	0.1	0.443292394111828	0.10153287992312	0.262354642989678	0.660727576101231	0.398372933111553	0	0	2	0.2	1.04335611104186	0.205486581371343	0.672034471891489	1.4660622889163	0.794027817024807	0	0	3	0.1	0.738698063162978	0.128479741551567	0.508893916793357	0.991847775949167	0.48295385915581	0	0	3	0.2	1.49183785155415	0.22897589787294	1.06684646001468	1.94113855198506	0.874292091970382
635	0	0	0	0.1	0.142027975306415	0.033617354137167	0.0783350171531498	0.206818948795136	0.128483931641987	0	0	0	0.2	0.281063653292403	0.0831310367750901	0.128516556768161	0.45045133906847	0.321934782300309	0	0	1	0.1	0.170586611881405	0.0665071871235034	0.0482779591887592	0.312581405400374	0.264303446211615	0	0	1	0.2	0.554411177483561	0.183413562207506	0.231512305769526	0.951166797180814	0.719654491411288	0	0	2	0.1	0.553182116279019	0.121355429930536	0.34203297386951	0.820830163627402	0.478797189757891	0	0	2	0.2	1.31439343407918	0.251977855790993	0.873244994444837	1.84950180789431	0.976256813449471	0	0	3	0.1	0.911684599725251	0.166784665170617	0.632961625042372	1.29305266688028	0.660091041837905	0	0	3	0.2	1.87823952090033	0.299263418358535	1.37207438884242	2.563057018792	1.19098262994957
828	0	0	0	0.1	0.145930902963099	0.0356009485344386	0.0750334667525615	0.211211342529691	0.136177875777129	0	0	0	0.2	0.22540164341294	0.0869853637937056	0.0510157487925055	0.390554579901246	0.339538831108741	0	0	1	0.1	0.115568703280586	0.0594886179029542	0.00343999560650738	0.232860841785832	0.229420846179324	0	0	1	0.2	0.441864973656299	0.152931188112141	0.179582017127098	0.769492319587142	0.589910302460044	0	0	2	0.1	0.518932140558167	0.0977462089065718	0.338545315673754	0.724876038562049	0.386330722888295	0	0	2	0.2	1.23937025307115	0.198151156662915	0.869824198679805	1.64739238802656	0.777568189346752	0	0	3	0.1	0.900823854843993	0.131386707136219	0.663114257795558	1.17520703263645	0.512092774840893	0	0	3	0.2	1.85599045248245	0.23610720787102	1.40895346255667	2.33675169388335	0.927798231326679
650	0	0	0	0.1	0.0584072132202201	0.0306432304586715	-0.00303332410226306	0.117119590316664	0.120152914418927	0	0	0	0.2	0.127227290599709	0.0696517328234116	-0.0175002852209383	0.260666426049083	0.278166711270021	0	0	1	0.1	0.20034682879619	0.0593789055004891	0.0930522867542582	0.324232394421802	0.231180107667544	0	0	1	0.2	0.681393211636008	0.194899172434438	0.3616283626104	1.08767031520689	0.726041952596489	0	0	2	0.1	0.681518043561997	0.142673727426038	0.444176110043713	0.975209256133097	0.531033146089384	0	0	2	0.2	1.60536479562751	0.278580842762572	1.11659926051354	2.18063877034813	1.06403950983458	0	0	3	0.1	1.08555460803389	0.177937848352525	0.778318398699992	1.44856901345121	0.670250614751216	0	0	3	0.2	2.17118203162699	0.297610415432117	1.63735682602884	2.77588965951531	1.13853283348647
891	0	0	0	0.1	0.128601271013206	0.0348635064305704	0.0628742792416086	0.202034310125722	0.139160030884113	0	0	0	0.2	0.316880878030553	0.0908491715864565	0.144523059495287	0.500127743437916	0.355604683942629	0	0	1	0.1	0.203973357266123	0.0593520476668428	0.0985507928482105	0.322366873383838	0.223816080535627	0	0	1	0.2	0.585129138242268	0.158377154370508	0.302649920097698	0.925676041360579	0.62302612126288	0	0	2	0.1	0.515380908164186	0.107955051201445	0.334581371621185	0.754859161192316	0.420277789571131	0	0	2	0.2	1.21540338338968	0.228529987294724	0.813025858696881	1.6972523935714	0.884226534874522	0	0	3	0.1	0.814523245956216	0.14670891214204	0.567885834474582	1.12544665215999	0.557560817685407	0	0	3	0.2	1.70115067747011	0.269951990380073	1.236625380603	2.30177425116715	1.06514887056415
970	0	0	0	0.1	0.0893464690660571	0.0325223544931071	0.0238468352389595	0.151333664832971	0.127486829594011	0	0	0	0.2	0.170223804733645	0.0738007267023226	0.0310564248879069	0.32129431237828	0.290237887490373	0	0	1	0.1	0.19338009701867	0.0560128712809025	0.0923556693291935	0.309369845913049	0.217014176583856	0	0	1	0.2	0.68025515192425	0.164322825668186	0.385554192136951	1.02274673105621	0.637192538919257	0	0	2	0.1	0.68501423620742	0.110483305716541	0.477928394772321	0.903960156558656	0.426031761786334	0	0	2	0.2	1.60048875531127	0.223478513803138	1.18202322127635	2.0477451303625	0.865721909086143	0	0	3	0.1	1.0715352985332	0.147024396492864	0.800439346421979	1.35822997690516	0.557790630483183	0	0	3	0.2	2.16857906243127	0.264889098253272	1.64465230485149	2.66159995644601	1.01694765159452
930	0	0	0	0.1	0.0872053597409442	0.0346186461454547	0.0186789637037933	0.154745230731103	0.13606626702731	0	0	0	0.2	0.156235047548361	0.0763151412307064	0.00856070554543252	0.305274597013144	0.296713891467711	0	0	1	0.1	0.177276438943498	0.0644149664988544	0.0572034023658385	0.312691856486415	0.255488454120577	0	0	1	0.2	0.561088082070739	0.182914486571052	0.223841977743827	0.941219731113296	0.717377753369469	0	0	2	0.1	0.576595661366564	0.128801544729877	0.352520487274908	0.842646377000909	0.490125889726002	0	0	2	0.2	1.36921807815684	0.272418332545337	0.87546506776637	1.91865409976552	1.04318903199915	0	0	3	0.1	0.942201255335191	0.1779495287389	0.627338654436576	1.3149191665612	0.687580512124628	0	0	3	0.2	1.96605130793007	0.326956191637374	1.35979249701783	2.64949874313791	1.28970624612008
889	0	0	0	0.1	0.138101143130036	0.0371107267464831	0.0634903769293307	0.211107435213371	0.14761705828404	0	0	0	0.2	0.309926938060309	0.0877512417186467	0.151370682924122	0.490228121946099	0.338857439021976	0	0	1	0.1	0.195631988692078	0.0565191073361785	0.0876808008414953	0.311996891878292	0.224316091036797	0	0	1	0.2	0.533681230326714	0.144056754291287	0.273143737257163	0.834427907675855	0.561284170418693	0	0	2	0.1	0.479223327656037	0.101014183985307	0.310289374065891	0.691855685931732	0.381566311865842	0	0	2	0.2	1.14138748313649	0.228202076761566	0.772274665561386	1.62187354661355	0.849598881052164	0	0	3	0.1	0.780684439202265	0.15119424952642	0.533450408753344	1.10706195579455	0.573611547041201	0	0	3	0.2	1.67210133073473	0.302186392414967	1.15798209223269	2.30386162937599	1.1458795371433
976	0	0	0	0.1	0.154939263651733	0.0337562385288975	0.0919890308741962	0.222894999025295	0.130905968151099	0	0	0	0.2	0.280484713507221	0.0863613289079872	0.127631491967752	0.451166622983227	0.323535131015475	0	0	1	0.1	0.0616366856063887	0.0781434416020748	-0.0945400385557128	0.212663146321591	0.307203184877304	0	0	1	0.2	0.260822060381502	0.185008140654361	-0.0942473374295288	0.639687623850834	0.733934961280363	0	0	2	0.1	0.355483404277537	0.108585173426287	0.154350657998383	0.588829582471234	0.43447892447285	0	0	2	0.2	0.909844675330921	0.217990380993099	0.50741004655674	1.36771592038189	0.860305873825145	0	0	3	0.1	0.687201528152029	0.133793270258618	0.430645543335175	0.960440325384588	0.529794782049413	0	0	3	0.2	1.45211692803799	0.242958652151473	0.961228935446366	1.93626804327471	0.975039107828343
777	0	0	0	0.1	0.147026753595333	0.0295760094234127	0.0916592404068229	0.20613012533131	0.114470884924487	0	0	0	0.2	0.326819076019883	0.07791325281843	0.187721369865894	0.486184138579362	0.298462768713468	0	0	1	0.1	0.231576960328051	0.0657507235922847	0.102659630075669	0.35885948167312	0.256199851597451	0	0	1	0.2	0.62641830382201	0.174392137714201	0.306783815254778	0.973913969985594	0.667130154730816	0	0	2	0.1	0.523636326899796	0.116026659590048	0.321610835003142	0.758352418038221	0.436741583035079	0	0	2	0.2	1.20278166717981	0.242257537674839	0.772454711390233	1.68125623731716	0.908801525926923	0	0	3	0.1	0.812214566796011	0.152972959413168	0.539970839812724	1.13177173649213	0.591800896679406	0	0	3	0.2	1.66737622056734	0.276332424581477	1.15675716621426	2.24321658553084	1.08645941931658
913	0	0	0	0.1	0.0512884215717746	0.0333774215736016	-0.0098058063601774	0.12085786051338	0.130663666873558	0	0	0	0.2	0.121278085528976	0.0761657802227601	-0.0141142205975425	0.280568851813611	0.294683072411153	0	0	1	0.1	0.212118263023107	0.0577625226454925	0.102692216472355	0.32704899155128	0.224356775078925	0	0	1	0.2	0.696252506222345	0.165062121549291	0.381052082243304	1.03265326243358	0.651601180190276	0	0	2	0.1	0.676106235876713	0.113602761206887	0.450365749639604	0.903700791922299	0.453335042282695	0	0	2	0.2	1.49737016035724	0.222221712702131	1.04867206118171	1.93346708306991	0.884795021888202	0	0	3	0.1	1.01177686347282	0.148132050711549	0.729915838738057	1.32909192647475	0.599176087736689	0	0	3	0.2	1.98183901299349	0.253502951693812	1.50125540066767	2.50989172189053	1.00863632122286
938	0	0	0	0.1	0.111542273246188	0.0324637986560094	0.0486234272494112	0.171388619622639	0.122765192373228	0	0	0	0.2	0.270676927659744	0.0771578040216571	0.129344063593655	0.417528791647442	0.288184728053788	0	0	1	0.1	0.230627728532389	0.0703833143830844	0.092162327737763	0.365383304314615	0.273220976576852	0	0	1	0.2	0.711809919020628	0.196885034783894	0.329879364183037	1.09351868877716	0.763639324594126	0	0	2	0.1	0.633716294503331	0.123509200919815	0.397938618156456	0.87896070016374	0.481022082007284	0	0	2	0.2	1.31553849948031	0.216550634625727	0.893832090039782	1.72365918988047	0.82982709984069	0	0	3	0.1	0.879856665553639	0.14286412901031	0.611348925622066	1.155290976016	0.543942050393932	0	0	3	0.2	1.65109410026628	0.232308060530488	1.20540410082099	2.10204158281496	0.896637481993968
999	0	0	0	0.1	0.0949560381097375	0.032812781815908	0.0311607963257375	0.161254830274281	0.130094033948543	0	0	0	0.2	0.178394467706243	0.0774084028290847	0.0381426523388881	0.340834685219197	0.302692032880309	0	0	1	0.1	0.170760689977224	0.0544195442915713	0.0740699233812395	0.288068937175242	0.213999013794003	0	0	1	0.2	0.547576514871147	0.1565982412448	0.279915694158185	0.908187698696446	0.628272004538261	0	0	2	0.1	0.599657109032663	0.112897003147664	0.398924590338994	0.851517710100529	0.452593119761535	0	0	2	0.2	1.43577300817818	0.236554066350719	1.02723237326259	1.94305378111799	0.915821407855403	0	0	3	0.1	1.01021137239768	0.157308472935804	0.7348315922537	1.36694848203292	0.632116889779215	0	0	3	0.2	2.06934562216193	0.278756064308286	1.57388655755636	2.66335226739105	1.0894657098347
909	0	0	0	0.1	0.0833481780500116	0.0297801951298664	0.0249233347565384	0.142499174185311	0.117575839428772	0	0	0	0.2	0.223460662808206	0.0859347769867256	0.0651485394520786	0.399390645311267	0.334242105859189	0	0	1	0.1	0.251316978483147	0.0668885503719806	0.121877260723998	0.38675466467294	0.264877403948942	0	0	1	0.2	0.694694280604427	0.177591016213714	0.357285202746783	1.04484517954085	0.687559976794065	0	0	2	0.1	0.569532111704177	0.109080204585563	0.375352482397	0.786846857587287	0.411494375190287	0	0	2	0.2	1.31115988198536	0.219535393499563	0.907109337201398	1.75712109289802	0.850011755696623	0	0	3	0.1	0.883826899032791	0.135266358099587	0.636371923179134	1.15801395641826	0.52164203323913	0	0	3	0.2	1.82494789653104	0.240872564751315	1.39261675881206	2.31236409226682	0.919747333454761
857	0	0	0	0.1	0.109435553243178	0.0287879012564432	0.0534522840951421	0.167356911572879	0.113904627477736	0	0	0	0.2	0.232614477675672	0.0683245582828992	0.107923827869817	0.373220989104625	0.265297161234808	0	0	1	0.1	0.191933224059162	0.0647484123974738	0.0644301118668007	0.32831999689799	0.26388988503119	0	0	1	0.2	0.609690799007667	0.199622674646917	0.240027323778169	1.02065844563428	0.780631121856115	0	0	2	0.1	0.598524499293582	0.146039503099376	0.33386969199547	0.899643723360829	0.565774031365359	0	0	2	0.2	1.44683069599919	0.304132521202119	0.886145931585733	2.05452960399554	1.1683836724098	0	0	3	0.1	1.03368248391399	0.210944697479299	0.659449302036615	1.47636100325716	0.816911701220542	0	0	3	0.2	2.09290483039642	0.351136173001546	1.42943327351968	2.79863294121212	1.36919966769244
968	0	0	0	0.1	0.129211029361274	0.0315715654627247	0.0707872370905481	0.194541427091928	0.12375419000138	0	0	0	0.2	0.26841747093941	0.0765733037697449	0.115230783168131	0.420707116908002	0.305476333739871	0	0	1	0.1	0.164993550057698	0.0545717771654296	0.0568740613433989	0.272031786826602	0.215157725483203	0	0	1	0.2	0.475018386623318	0.143656742345502	0.212518589790169	0.762237705832031	0.549719116041862	0	0	2	0.1	0.454643402755678	0.0943877682979689	0.284070813808014	0.649896177278412	0.365825363470398	0	0	2	0.2	1.05533877803733	0.19588829900125	0.684305388289661	1.46180155438511	0.777496166095444	0	0	3	0.1	0.709921550879214	0.120669433256294	0.488571264951411	0.959642272192562	0.471071007241151	0	0	3	0.2	1.44377772908676	0.220945316355464	1.02140496020991	1.89001194984614	0.868606989636232
962	0	0	0	0.1	0.0320123540816529	0.0331427496481322	-0.0367647722986933	0.0965899660334109	0.133354738332104	0	0	0	0.2	0.0678609603716826	0.0758614684771075	-0.0788735276452427	0.220596567179144	0.299470094824387	0	0	1	0.1	0.161824589261869	0.057776086940839	0.0559640480682001	0.279018158546957	0.223054110478757	0	0	1	0.2	0.588554332517596	0.164833751138461	0.279046264318359	0.913504352998223	0.634458088679864	0	0	2	0.1	0.613757984770388	0.112707092163427	0.400190085848982	0.842261659380909	0.442071573531926	0	0	2	0.2	1.39526638020077	0.220590276739976	0.975075620623763	1.82401264971987	0.848937029096108	0	0	3	0.1	0.921050750568027	0.139699397900431	0.658254899327724	1.21031958731691	0.552064687989189	0	0	3	0.2	1.83578116123912	0.24721706053348	1.37301677507088	2.33906870813698	0.9660519330661
980	0	0	0	0.1	0.120591066285656	0.0346343356065284	0.0546702173323126	0.189834276067951	0.135164058735638	0	0	0	0.2	0.28987414667965	0.0874365373950563	0.125516333574177	0.478528659632048	0.353012326057871	0	0	1	0.1	0.240602126953019	0.0590787057248695	0.132954883222144	0.359165015889871	0.226210132667727	0	0	1	0.2	0.670185434256207	0.159663680432038	0.384468062777129	1.00501392216874	0.62054585939161	0	0	2	0.1	0.556388754319165	0.10119683900092	0.377505704127925	0.753499332856738	0.375993628728813	0	0	2	0.2	1.27092557731172	0.208161581770426	0.896295593991824	1.68081427233884	0.784518678347017	0	0	3	0.1	0.824804754485188	0.130388628663734	0.595337414487042	1.09270353218904	0.497366117701995	0	0	3	0.2	1.67303391290626	0.240201990690957	1.25022785763551	2.15921202355684	0.908984165921324
883	0	0	0	0.1	0.179787547005547	0.0372978925093957	0.110002368529706	0.255353933469476	0.145351564939771	0	0	0	0.2	0.334946944483595	0.0958663316536574	0.160407190725632	0.536092094213882	0.37568490348825	0	0	1	0.1	0.0908941072843523	0.0739386001770052	-0.0506112274213582	0.24309258525466	0.293703812676018	0	0	1	0.2	0.346922054260692	0.187345529536714	0.0131471929810753	0.742213776235126	0.72906658325405	0	0	2	0.1	0.401566440180787	0.114114982307105	0.202471173910787	0.639688834889118	0.437217660978331	0	0	2	0.2	0.932785909449814	0.215018101333024	0.543863593068167	1.3846613236886	0.840797730620434	0	0	3	0.1	0.668273220863853	0.132490133722373	0.426981875731489	0.95423618056466	0.527254304833171	0	0	3	0.2	1.33241574919578	0.230534810981636	0.902951239746271	1.83967914084672	0.936727901100451
884	0	0	0	0.1	0.161502323960533	0.0321213076941001	0.100062468696861	0.228682060717294	0.128619592020433	0	0	0	0.2	0.338363276378478	0.0827862025868167	0.192982928161361	0.508576966246947	0.315594038085586	0	0	1	0.1	0.21155134059271	0.0667026730938713	0.0837677895527386	0.35317932613564	0.269411536582901	0	0	1	0.2	0.651334161566021	0.186334451020807	0.325848882697461	1.06146284557777	0.735613962880305	0	0	2	0.1	0.558534320386189	0.120570691156098	0.349275915049737	0.821781285781625	0.472505370731888	0	0	2	0.2	1.23870089654175	0.231590451413249	0.798688310432856	1.69644704348456	0.897758733051707	0	0	3	0.1	0.819884196077564	0.1432557868739	0.552506219410936	1.10927656785542	0.556770348444488	0	0	3	0.2	1.61022970219176	0.245320459007036	1.14979772043361	2.08523353063775	0.935435810204142
809	0	0	0	0.1	0.105866413746441	0.0359841384557903	0.0375558966260416	0.178597363091302	0.14104146646526	0	0	0	0.2	0.237386791297551	0.105392956740529	0.0384049907595178	0.448154538648208	0.40974954788869	0	0	1	0.1	0.189065320746051	0.0840121983303173	0.0345495123581082	0.360353230246091	0.325803717887983	0	0	1	0.2	0.745003462413038	0.223823457883444	0.344056074501734	1.22435123150694	0.880295157005203	0	0	2	0.1	0.702185623868706	0.138272278005733	0.455061009328345	0.999489515599944	0.5444285062716	0	0	2	0.2	1.62010486343444	0.24831712466899	1.16633623827738	2.12647147479777	0.960135236520383	0	0	3	0.1	1.1029426303644	0.163014229103979	0.815312636614727	1.44366589476749	0.628353258152766	0	0	3	0.2	2.14780751951756	0.261880460718096	1.6634518233939	2.69752680871659	1.03407498532269
668	0	0	0	0.1	0.135843670062893	0.0374804786291987	0.0665905893705895	0.212458930208832	0.145868340838243	0	0	0	0.2	0.350057800455678	0.0956295666972561	0.174258737350566	0.545087449786843	0.370828712436278	0	0	1	0.1	0.303150458575894	0.0709110118159953	0.166963611156327	0.446241818861073	0.279278207704746	0	0	1	0.2	0.922777272060948	0.20962704741633	0.539707273670586	1.35029302698504	0.810585753314458	0	0	2	0.1	0.742546454811414	0.134277478628857	0.507735745059817	1.02502341967621	0.517287674616391	0	0	2	0.2	1.6570748705123	0.258417186314779	1.19652878862482	2.17031785671407	0.973789068089246	0	0	3	0.1	1.07744825210937	0.164808006362026	0.791639959620973	1.43043199898042	0.638792039359444	0	0	3	0.2	2.11482410763627	0.277009699109742	1.61085246901109	2.68415409042468	1.07330162141359
916	0	0	0	0.1	0.170096704565466	0.0314292621291933	0.111068665657558	0.235193163905133	0.124124498247575	0	0	0	0.2	0.387557714561191	0.0797082910826927	0.240464750704627	0.553460054192633	0.312995303488006	0	0	1	0.1	0.275436789000246	0.0653893275903815	0.146714121544728	0.406143462487232	0.259429340942504	0	0	1	0.2	0.813047689042978	0.20064481609735	0.44522672300446	1.22385430754348	0.778627584539021	0	0	2	0.1	0.706651332611437	0.139926393465379	0.44623139109158	0.983189133056358	0.536957741964779	0	0	2	0.2	1.65406362191636	0.289488702618949	1.08363625793874	2.20882995721739	1.12519369927865	0	0	3	0.1	1.08761049024061	0.179965521378705	0.755017249214117	1.45091014262795	0.695892893413835	0	0	3	0.2	2.20418862344649	0.318769525694931	1.60815543163057	2.8245655418975	1.21641011026693
956	0	0	0	0.1	0.0639634920074361	0.0295857384727385	0.00271955435503254	0.121413128217289	0.118693573862257	0	0	0	0.2	0.137844291820779	0.0635926733518846	0.00678944469912018	0.262885925165022	0.256096480465902	0	0	1	0.1	0.192145187271392	0.0550279846825987	0.0841628581764897	0.297108871985135	0.212946013808646	0	0	1	0.2	0.644404634700261	0.177899060086789	0.309736562239039	0.977153730322623	0.667417168083584	0	0	2	0.1	0.678737304727698	0.144603872504826	0.416576372855749	0.964610600695166	0.548034227839417	0	0	2	0.2	1.59828883374416	0.286768371088639	1.0605752667292	2.14954095940555	1.08896569267635	0	0	3	0.1	1.08668793929451	0.188427752403638	0.741933507727864	1.46933747411512	0.727403966387257	0	0	3	0.2	2.17196600222658	0.308612376519571	1.56443905582474	2.77963882070683	1.21519976488208
850	0	0	0	0.1	0.122111175241186	0.0311620602214967	0.0668163052971584	0.188740745147095	0.121924439849937	0	0	0	0.2	0.237764716976478	0.0814912572041189	0.0947988674837547	0.415009124742912	0.320210257259157	0	0	1	0.1	0.135617756284084	0.0676506334308697	0.0143237973480425	0.268225763997678	0.253901966649636	0	0	1	0.2	0.428759809719443	0.169231365093067	0.123613161835381	0.777297121229124	0.653683959393743	0	0	2	0.1	0.425114977284662	0.0982727062029488	0.250782393684247	0.636372175883814	0.385589782199567	0	0	2	0.2	1.01851761339153	0.198920999902133	0.644722409454286	1.44223370100373	0.79751129154944	0	0	3	0.1	0.696143879645513	0.121866774865988	0.475889871720677	0.948089303305446	0.472199431584769	0	0	3	0.2	1.46474002048949	0.229278344448193	1.03165416033253	1.91611132321643	0.884457162883903
760	0	0	0	0.1	0.0731399816406493	0.0305188834172828	0.0146327451975121	0.132745772480014	0.118113027282502	0	0	0	0.2	0.130155542553661	0.0667527490254697	0.00727109186501644	0.266370899163382	0.259099807298366	0	0	1	0.1	0.154738702531979	0.0543964246455625	0.04601676955278	0.266606584979202	0.220589815426422	0	0	1	0.2	0.518741874787178	0.15711070850047	0.228283972389642	0.87076903298738	0.642485060597738	0	0	2	0.1	0.599352370737265	0.110349017703327	0.39717777227029	0.829374107864952	0.432196335594662	0	0	2	0.2	1.4311795182731	0.224306864696136	1.00376524138825	1.85128585203258	0.847520610644324	0	0	3	0.1	0.991787764107066	0.145823688849804	0.7186591959835	1.27579630084318	0.557137104859675	0	0	3	0.2	1.98843027118359	0.253213645693491	1.50858355042496	2.48288909602905	0.974305545604099
807	0	0	0	0.1	0.15593557042879	0.0333082662001117	0.0966105632088963	0.230279928875537	0.133669365666641	0	0	0	0.2	0.433674663339099	0.0998369684319662	0.265364995599565	0.661315023932165	0.3959500283326	0	0	1	0.1	0.284127760151253	0.0808920214989697	0.13178478058568	0.444829527079047	0.313044746493367	0	0	1	0.2	0.806602882584744	0.203376577067707	0.430961131000435	1.21440173867385	0.783440607673416	0	0	2	0.1	0.626036072191273	0.123615042993964	0.404254272556905	0.890091317411441	0.485837044854537	0	0	2	0.2	1.37220248178314	0.218093507308279	0.983819139712208	1.83943367006536	0.855614530353148	0	0	3	0.1	0.920889667697909	0.138258905673202	0.669896869689763	1.20478211587762	0.534885246187853	0	0	3	0.2	1.79246626681986	0.230910737734334	1.37911162787099	2.27361702329802	0.894505395427025
945	0	0	0	0.1	0.0713721353485934	0.0333448729933863	0.0101691266094494	0.133816498917796	0.123647372308346	0	0	0	0.2	0.194883868774278	0.0860221972750272	0.0328651022476315	0.363207536049232	0.330342433801601	0	0	1	0.1	0.254275523576949	0.0791380761715798	0.123489658396129	0.428828363243325	0.305338704847195	0	0	1	0.2	0.81233250723243	0.222900734539116	0.444793594430787	1.32546562166966	0.880672027238877	0	0	2	0.1	0.706454872501372	0.139143733733744	0.465469381659033	1.02180240310125	0.556333021442213	0	0	2	0.2	1.64108421021887	0.261882120013279	1.15267934780989	2.18823626659486	1.03555691878498	0	0	3	0.1	1.1018746582254	0.167952424091466	0.797433722920046	1.44214518188747	0.644711458967419	0	0	3	0.2	2.18760482091507	0.264361252943834	1.69812318697681	2.71770446749477	1.01958128051796
784	0	0	0	0.1	0.146914917195488	0.0354516753800681	0.0791923674241382	0.216033375576434	0.136841008152296	0	0	0	0.2	0.285677639869713	0.0889276801827536	0.112653973206671	0.458503182582737	0.345849209376066	0	0	1	0.1	0.209045113452942	0.0637069344106523	0.0905271418732442	0.335677012960868	0.245149871087624	0	0	1	0.2	0.691680955211279	0.173385934010125	0.372619674654362	1.0544348422728	0.681815167618437	0	0	2	0.1	0.63887246769466	0.1130584646658	0.432878739225974	0.864429921818213	0.431551182592239	0	0	2	0.2	1.44715001893639	0.221282636626834	1.03350747696454	1.91171109151274	0.878203614548197	0	0	3	0.1	0.954866619081242	0.14184426604766	0.688336572457568	1.25600583108813	0.567669258630564	0	0	3	0.2	1.88995746974845	0.24769698553048	1.41760085537365	2.42230130003365	1.00470044466
954	0	0	0	0.1	0.101676596780941	0.0308778283129784	0.0436479280083254	0.16323712971283	0.119589201704504	0	0	0	0.2	0.260209226785642	0.0827139487214386	0.0979999557050788	0.42341883007019	0.325418874365111	0	0	1	0.1	0.258704764181237	0.0650114827376725	0.143748426641089	0.396175447561176	0.252427020920087	0	0	1	0.2	0.753543931208034	0.186117011650616	0.42359144414596	1.16428966948493	0.74069822533897	0	0	2	0.1	0.634687048828037	0.120989078730296	0.420587841589553	0.897004216497869	0.476416374908316	0	0	2	0.2	1.4234145820127	0.236683781211791	0.978033931823671	1.90573678209422	0.927702850270551	0	0	3	0.1	0.920079391950798	0.146220223370464	0.655967959155069	1.23161053754846	0.575642578393389	0	0	3	0.2	1.81261789012202	0.24763972160721	1.3534694993787	2.34737496850063	0.993905469121923
637	0	0	0	0.1	0.0850455151214909	0.0353622968026808	0.0151160423738192	0.151359950349673	0.136243907975854	0	0	0	0.2	0.128641485737602	0.0756102171124374	-0.0145929902836948	0.273203751781016	0.287796742064711	0	0	1	0.1	0.0930189915128233	0.0505343005335558	0.00459942925509984	0.196896723357021	0.192297294101921	0	0	1	0.2	0.291309307658321	0.128567885220828	0.0680470741982362	0.544612211446643	0.476565137248407	0	0	2	0.1	0.380075213286763	0.0846471490598965	0.226777798033487	0.562483909680964	0.335706111647477	0	0	2	0.2	0.923115457049024	0.177845074522376	0.600804263830045	1.30699848008118	0.706194216251135	0	0	3	0.1	0.679958547601515	0.111547328911237	0.483122168715443	0.938698382919343	0.4555762142039	0	0	3	0.2	1.43491709196733	0.210905344431266	1.0425299586902	1.88858009358299	0.846050134892787
941	0	0	0	0.1	0.0882271077858475	0.0279617252893911	0.0350877007342212	0.143223416468347	0.108135715734126	0	0	0	0.2	0.160153314225503	0.0640654271134429	0.0404626034374475	0.290999081092119	0.250536477654672	0	0	1	0.1	0.121540933649088	0.0544709952048716	0.0165729005107767	0.237897065696792	0.221324165186015	0	0	1	0.2	0.386107620276401	0.147195550302944	0.111487729501611	0.700707067647733	0.589219338146122	0	0	2	0.1	0.460528984405527	0.0988358783313775	0.274687434443558	0.655015163629115	0.380327729185557	0	0	2	0.2	1.11182920398675	0.20720415689463	0.715944727930187	1.51080681467367	0.794862086743487	0	0	3	0.1	0.804124856162616	0.133653969181869	0.538583018275296	1.07647279360474	0.537889775329445	0	0	3	0.2	1.63526019551189	0.240063737057666	1.17036951248065	2.11566987181047	0.945300359329823
827	0	0	0	0.1	0.0852996453955744	0.0301974594865222	0.0284228098151008	0.147917133791144	0.119494323976043	0	0	0	0.2	0.220147984034258	0.072765347163783	0.0902800312998343	0.375573125266163	0.285293093966329	0	0	1	0.1	0.171609584100731	0.0623179331345117	0.0570765816082019	0.298946795445731	0.241870213837529	0	0	1	0.2	0.515990443950629	0.174105998976142	0.200976067582972	0.859993800528848	0.659017732945876	0	0	2	0.1	0.479600084234635	0.117460343635471	0.267831710378346	0.722186342990162	0.454354632611816	0	0	2	0.2	1.14977338671329	0.243722181064176	0.685986497785016	1.64467997715739	0.958693479372369	0	0	3	0.1	0.821298872252726	0.161251969108131	0.533969102391575	1.17304315444424	0.639074052052667	0	0	3	0.2	1.71476902997759	0.292129693424304	1.18642343096679	2.30538395705037	1.11896052608358
806	0	0	0	0.1	0.166596603695514	0.0323352839331513	0.102921350716948	0.231584558622477	0.12866320790553	0	0	0	0.2	0.307157733531408	0.0776056825756489	0.160803344920292	0.464680881139231	0.303877536218939	0	0	1	0.1	0.105441970414774	0.0665090693721087	-0.0321769898459162	0.232643888522273	0.264820878368189	0	0	1	0.2	0.340852958036798	0.187897049396795	-0.0013726346026092	0.703819764448126	0.705192399050735	0	0	2	0.1	0.422387677907143	0.141593447457954	0.165523779547	0.697257061159287	0.531733281612288	0	0	2	0.2	1.0372580826728	0.302525580622689	0.493462026142919	1.62863280524371	1.1351707791008	0	0	3	0.1	0.774387231720974	0.195176486946711	0.444337767418466	1.16024373874906	0.715905971330595	0	0	3	0.2	1.60563517204829	0.342907469187882	1.00117070263104	2.27311865363552	1.27194795100448
856	0	0	0	0.1	0.0914758134505552	0.035662869168068	0.0220652881675235	0.163851365265954	0.141786077098431	0	0	0	0.2	0.242735609713451	0.091654217029495	0.0755445680522538	0.430004730922073	0.354460162869819	0	0	1	0.1	0.210200476507886	0.0696804455388414	0.0792755263582472	0.344730750234075	0.265455223875827	0	0	1	0.2	0.618185926648481	0.179886801159061	0.296561420113307	0.981162899510944	0.684601479397636	0	0	2	0.1	0.552164405775943	0.10535075018671	0.352331504467073	0.776683449768939	0.424351945301866	0	0	2	0.2	1.28039393513326	0.213225653680575	0.897599760864116	1.71585004048211	0.818250279617991	0	0	3	0.1	0.862370542243229	0.140755323650967	0.622900854376975	1.15487326998807	0.531972415611096	0	0	3	0.2	1.76377495219212	0.253099605084345	1.33051217858959	2.32021030468436	0.989698126094763
865	0	0	0	0.1	0.0968809304030832	0.0334070924981621	0.0312768806089405	0.165184267898311	0.133907387289371	0	0	0	0.2	0.195506393807358	0.0752484901281787	0.0591810520183914	0.345253202577053	0.286072150558661	0	0	1	0.1	0.157443986695769	0.0533674603593984	0.0547771884816544	0.264707376196328	0.209930187714673	0	0	1	0.2	0.515740881011025	0.137539612744269	0.247632145085589	0.788845076185354	0.541212931099765	0	0	2	0.1	0.496267179718353	0.0873581562833128	0.324992842696689	0.670318188352349	0.345325345655661	0	0	2	0.2	1.07743085432366	0.173966845485841	0.733427696093708	1.433265057622	0.699837361528288	0	0	3	0.1	0.70441448275224	0.11238782588588	0.487368624187146	0.93346653100708	0.446097906819934	0	0	3	0.2	1.41851659332826	0.212191402607066	1.00230249358456	1.84405481160435	0.841752318019794
840	0	0	0	0.1	0.0326379198572085	0.0303450916838994	-0.0281019148423304	0.0902069290623761	0.118308843904706	0	0	0	0.2	0.138164703148353	0.0709915290041421	0.00593358764902814	0.281256124337264	0.275322536688236	0	0	1	0.1	0.240788550497713	0.0641521415062956	0.112158460635881	0.368921420988179	0.256762960352298	0	0	1	0.2	0.739466806534154	0.19500501029334	0.367649162883937	1.13291715182274	0.765267988938807	0	0	2	0.1	0.664685660012272	0.132206621241006	0.418275982482045	0.92943771570302	0.511161733220975	0	0	2	0.2	1.49233777101713	0.255583931212683	0.997833226659461	1.98226756886748	0.984434342208017	0	0	3	0.1	0.980867250953438	0.161073401442487	0.672377118244857	1.31040038336395	0.638023265119089	0	0	3	0.2	1.90897535513962	0.269033095340369	1.38432074685741	2.44896773379124	1.06464698693382
663	0	0	0	0.1	0.0795502012201329	0.0310928418682217	0.0227723439598995	0.14377730607642	0.121004962116521	0	0	0	0.2	0.156435621158156	0.0800286496988711	0.014777844581505	0.325141067582858	0.310363223001353	0	0	1	0.1	0.140737968945809	0.059852819703412	0.0298243735233938	0.259792915740594	0.2299685422172	0	0	1	0.2	0.46770142588605	0.157466274424753	0.170788269794542	0.773928303673231	0.603140033878689	0	0	2	0.1	0.508466410392394	0.100094097364444	0.317661473954549	0.705438177543727	0.387776703589178	0	0	2	0.2	1.19522757262495	0.208348582013058	0.792542223682322	1.60444770650263	0.811905482820304	0	0	3	0.1	0.840615374706107	0.133228688571401	0.597828350632039	1.10963715587901	0.511808805246968	0	0	3	0.2	1.67898802833562	0.235256108698654	1.2538061872208	2.15996580601001	0.906159618789212
808	0	0	0	0.1	0.0919837346223519	0.0339982145766853	0.0282617228675987	0.161953223640492	0.133691500772893	0	0	0	0.2	0.211779498905831	0.0809841640831589	0.0646808575180261	0.392229922819348	0.327549065301321	0	0	1	0.1	0.197055448428799	0.0698489306305241	0.0678265344404717	0.342652964387825	0.274826429947353	0	0	1	0.2	0.584532848367493	0.182369078231209	0.243819122104721	0.962944056411265	0.719124934306544	0	0	2	0.1	0.542858222599944	0.114546468222254	0.340746506256201	0.779135861536759	0.438389355280557	0	0	2	0.2	1.27288761715672	0.234743008321046	0.856685942312754	1.76343780857362	0.906751866260869	0	0	3	0.1	0.867738036616975	0.152739019263701	0.593106203603337	1.17392963715706	0.580823433553724	0	0	3	0.2	1.77573170202591	0.273164618169534	1.24681856716904	2.2999616419487	1.05314307477966
755	0	0	0	0.1	0.142424204329245	0.0388525238870475	0.0677786965483611	0.225682115929194	0.157903419380833	0	0	0	0.2	0.32124236070437	0.0898114207894638	0.160513757481256	0.509191491084119	0.348677733602863	0	0	1	0.1	0.195846824765542	0.0560593460631485	0.0921398361121408	0.310252623763478	0.218112787651337	0	0	1	0.2	0.52665002477326	0.133737897035504	0.270109137619472	0.802769151721606	0.532660014102134	0	0	2	0.1	0.446809631374182	0.0803110161887942	0.297423293236991	0.614285185892237	0.316861892655246	0	0	2	0.2	1.00746111217853	0.162343300530217	0.711593038745742	1.33217829762112	0.620585258875381	0	0	3	0.1	0.679663381762623	0.101632990219138	0.495747307478881	0.891017182095694	0.395269874616814	0	0	3	0.2	1.39322986225261	0.191880318305646	1.03041191353034	1.78619605965937	0.755784146129026
969	0	0	0	0.1	0.060862797545189	0.030045332090527	0.000713390084874667	0.120774526565509	0.120061136480634	0	0	0	0.2	0.147686311131005	0.0733163950082646	-0.00073403461322525	0.29773127592542	0.298465310538646	0	0	1	0.1	0.196712987457174	0.0746631667730582	0.0498333546890399	0.343302348945377	0.293468994256337	0	0	1	0.2	0.591756083666505	0.188918248909597	0.217016742876842	0.966514097022479	0.749497354145637	0	0	2	0.1	0.515166792046329	0.116653633175916	0.285987723664707	0.740981538397265	0.454993814732558	0	0	2	0.2	1.15486727762082	0.229583365951041	0.707136574348513	1.58565952377931	0.878522949430794	0	0	3	0.1	0.771969262195689	0.143234774542029	0.511245167530185	1.06458252153934	0.553337354009157	0	0	3	0.2	1.59677055077817	0.263913043845992	1.10116885476673	2.13853005087953	1.03736119611281
780	0	0	0	0.1	0.10500823393839	0.0348481774776387	0.0363827209368094	0.174514150399064	0.138131429462254	0	0	0	0.2	0.149487992953867	0.0884355530040852	-0.0263376797542759	0.322079074912325	0.3484167546666	0	0	1	0.1	0.0329355525139592	0.0706452927078584	-0.113931596928142	0.175252925435817	0.289184522363959	0	0	1	0.2	0.237503494536172	0.179309272757698	-0.116399473342945	0.602439285185534	0.718838758528479	0	0	2	0.1	0.399178568044478	0.113779333437522	0.195844630631185	0.643800998510517	0.447956367879331	0	0	2	0.2	1.00044466008386	0.220186264640913	0.602940684964934	1.45931720416745	0.856376519202519	0	0	3	0.1	0.736492593943686	0.133980407439604	0.491107266407346	1.00754141788561	0.516434151478265	0	0	3	0.2	1.51617478055701	0.234891246933466	1.069859653196	1.98988289370087	0.920023240504868
948	0	0	0	0.1	0.136320952520765	0.0358198317930493	0.0660831990768354	0.209750992465551	0.143667793388716	0	0	0	0.2	0.306845003592418	0.0906678731361132	0.140996768685812	0.49022252541799	0.349225756732178	0	0	1	0.1	0.213393417682197	0.0815982130591156	0.0680039556629085	0.381781620823709	0.313777665160801	0	0	1	0.2	0.667629208109752	0.205941383479557	0.302885378241265	1.1219056296546	0.81902025141333	0	0	2	0.1	0.586974556645692	0.120557524226863	0.367351184737493	0.852913780175832	0.485562595438339	0	0	2	0.2	1.31777200452038	0.226314032658853	0.891349873937206	1.79877699775628	0.907427123819071	0	0	3	0.1	0.865760879891813	0.138558352661436	0.612475634347482	1.15991273313137	0.547437098783885	0	0	3	0.2	1.72581760379308	0.240307180564661	1.28807507721061	2.22740835515345	0.939333277942844
820	0	0	0	0.1	0.0732086328577222	0.0280373685983772	0.0186151274122333	0.128712860146087	0.110097732733853	0	0	0	0.2	0.140613699092078	0.0678910477455772	0.0165190257069493	0.271738267245863	0.255219241538914	0	0	1	0.1	0.159790687083523	0.0561218624900902	0.0468492098284464	0.271044436016203	0.224195226187756	0	0	1	0.2	0.509728141861138	0.150951853855566	0.21799397097442	0.817855767715266	0.599861796740846	0	0	2	0.1	0.508012120796701	0.0995569747671074	0.32020862477419	0.703047888211612	0.382839263437421	0	0	2	0.2	1.16381729912532	0.204071182949834	0.800182254202528	1.58445989845162	0.784277644249094	0	0	3	0.1	0.789250407058555	0.132844337457308	0.556243438728182	1.06784874812393	0.51160530939575	0	0	3	0.2	1.59941887523435	0.243297254328235	1.14408304893478	2.10205026801208	0.957967219077305
988	0	0	0	0.1	0.0440726959404865	0.0314011981821879	-0.0160807487126565	0.102811607416115	0.118892356128772	0	0	0	0.2	0.0630272749155461	0.075395398619553	-0.0831670826342948	0.208259990227846	0.291427072862141	0	0	1	0.1	0.0963083985798714	0.0608626774830467	-0.0221054822768881	0.218214832523799	0.240320314800688	0	0	1	0.2	0.33183897859024	0.150439922785802	0.0533014774540668	0.627570147693374	0.574268670239307	0	0	2	0.1	0.392641917795324	0.100453824091522	0.215783385869994	0.588944580330776	0.373161194460782	0	0	2	0.2	0.908142616055622	0.205351359740103	0.535579429037874	1.30247103842124	0.766891609383367	0	0	3	0.1	0.641363290811352	0.127534813905772	0.410768848723863	0.883436029874107	0.472667181150244	0	0	3	0.2	1.30999425436369	0.235485916186633	0.87127403225011	1.77352476186798	0.902250729617868
702	0	0	0	0.1	0.019205754301393	0.0321288482764554	-0.044177853448339	0.0844636440792125	0.128641497527551	0	0	0	0.2	0.0614353953577598	0.0764618653548824	-0.0833996859756232	0.219618451381616	0.303018137357239	0	0	1	0.1	0.196585011436805	0.058816574087511	0.0870915832553448	0.311888671886131	0.224797088630786	0	0	1	0.2	0.658694255257328	0.176973537580135	0.334099310955193	1.01322947966684	0.679130168711646	0	0	2	0.1	0.616185708732007	0.122412728791911	0.389235539325298	0.864775441386992	0.475539902061694	0	0	2	0.2	1.45634885877604	0.251137152733909	0.983402467097399	1.92493647200989	0.94153400491249	0	0	3	0.1	0.958241996593996	0.154346501410972	0.653369844574543	1.26066734156569	0.607297496991149	0	0	3	0.2	1.96145736687728	0.27520389817898	1.4262889365347	2.48881638264279	1.06252744610809
701	0	0	0	0.1	0.0252342848197133	0.0340762280544131	-0.0460284283039932	0.0854322574118662	0.131460685715859	0	0	0	0.2	0.124889587027971	0.084370259184554	-0.0353295937893701	0.299438100038689	0.334767693828059	0	0	1	0.1	0.283884885135407	0.0714689403371326	0.149045333575012	0.436766827946074	0.287721494371062	0	0	1	0.2	0.903698948402331	0.20448633757216	0.529065906574266	1.36363606747739	0.834570160903122	0	0	2	0.1	0.717445965758261	0.128718897593955	0.492273280532674	1.00513995090706	0.512866670374389	0	0	2	0.2	1.5587505311584	0.241459364441998	1.1459996410722	2.07443282733404	0.928433186261844	0	0	3	0.1	1.00272454287578	0.157246800947026	0.717992187876651	1.34643047475693	0.628438286880281	0	0	3	0.2	1.95697760319725	0.269152625074264	1.4544149170145	2.52833852253627	1.07392360552178
845	0	0	0	0.1	0.0894701658103912	0.0305330761692336	0.0286610801180823	0.148629135883953	0.119968055765871	0	0	0	0.2	0.211247021042937	0.0761967829568331	0.064697406217971	0.36856192536427	0.303864519146299	0	0	1	0.1	0.186146815776824	0.0571578203493565	0.0721988193265658	0.29735359862637	0.225154779299804	0	0	1	0.2	0.505383315678148	0.149687275864795	0.222110834460361	0.79490795065514	0.572797116194778	0	0	2	0.1	0.463052719432645	0.091729652043642	0.289018778017367	0.641025490127777	0.352006712110411	0	0	2	0.2	1.08800491032833	0.194351231007531	0.714325533824342	1.46509804338088	0.750772509556534	0	0	3	0.1	0.745180591269879	0.120956237508812	0.528803494458769	0.989889315792339	0.461085821333569	0	0	3	0.2	1.54155002006348	0.226224956597097	1.12962842346611	1.99219300092903	0.862564577462922
936	0	0	0	0.1	0.129459164091299	0.0372587587725098	0.0618199469340441	0.204554861089009	0.142734914154965	0	0	0	0.2	0.213852274585815	0.0879297830380507	0.0462520358995053	0.392443720703813	0.346191684804308	0	0	1	0.1	0.123639337869967	0.0554815210156132	0.0221178529325888	0.243836419369646	0.221718566437058	0	0	1	0.2	0.431800936535011	0.142009478853699	0.173943204187588	0.744655193366526	0.570711989178938	0	0	2	0.1	0.492435554394908	0.0953164350677718	0.318954547487586	0.710757745033715	0.391803197546129	0	0	2	0.2	1.22683613838535	0.207458923090157	0.86488951329698	1.69915271118765	0.834263197890671	0	0	3	0.1	0.867610993263943	0.134117428092281	0.638361259263049	1.16253265937073	0.524171400107681	0	0	3	0.2	1.82851190438834	0.248380713217935	1.38808616351819	2.36196166762975	0.973875504111556
867	0	0	0	0.1	0.121263064993654	0.0372631778537582	0.050758562872735	0.196148330040931	0.145389767168196	0	0	0	0.2	0.311818456024666	0.103042556747716	0.127011048510956	0.529988134536366	0.402977086025409	0	0	1	0.1	0.23203193613168	0.0783242451414454	0.0747871012074706	0.388995249646264	0.314208148438793	0	0	1	0.2	0.732492613221567	0.206685891139886	0.348437086366166	1.1514161890428	0.802979102676632	0	0	2	0.1	0.609731273937807	0.133856428702009	0.378504648326791	0.896795881402086	0.518291233075295	0	0	2	0.2	1.38209846540584	0.258345702482838	0.922174185827239	1.92073304536483	0.998558859537587	0	0	3	0.1	0.920376339739989	0.166487704599614	0.635523756544201	1.29739945572679	0.661875699182587	0	0	3	0.2	1.84369853936003	0.285594918819689	1.32167111689115	2.47890410731142	1.15723299042027
1000	0	0	0	0.1	0.0794772219983278	0.0291982346625491	0.0222596389435697	0.13635457815244	0.11409493920887	0	0	0	0.2	0.193845266389445	0.0710714726936983	0.0515257673824976	0.335440341002292	0.283914573619795	0	0	1	0.1	0.265408249809311	0.0581237966051654	0.161641265984793	0.386086845200579	0.224445579215786	0	0	1	0.2	0.816761278194381	0.170476098651306	0.508606029729068	1.16533427205241	0.656728242323346	0	0	2	0.1	0.707992142429246	0.116665340933374	0.496636303290103	0.953725584111179	0.457089280821076	0	0	2	0.2	1.58910692698722	0.231956503101243	1.16246467073983	2.07245484572758	0.909990174987756	0	0	3	0.1	1.05820212445108	0.156021225372754	0.770524920802391	1.37865821315782	0.608133292355425	0	0	3	0.2	2.11960877149772	0.267185818860996	1.63637487873773	2.64528497457818	1.00891009584045
978	0	0	0	0.1	0.106924026420855	0.0328330750024657	0.0420897924655401	0.169273094255487	0.127183301789947	0	0	0	0.2	0.218810350032258	0.0812224878918208	0.0620238092499677	0.387948369971836	0.325924560721869	0	0	1	0.1	0.154556336839042	0.0666914064553639	0.0198232606381142	0.278080295748599	0.258257035110484	0	0	1	0.2	0.536906065640541	0.177201025147873	0.185915787979502	0.870571293059196	0.684655505079694	0	0	2	0.1	0.581887377168879	0.117170828277805	0.358226724582282	0.812130231725701	0.453903507143419	0	0	2	0.2	1.34476010383046	0.229746676153554	0.899877697787234	1.78742868773262	0.887550989945389	0	0	3	0.1	0.950277784339919	0.156430591779923	0.648695375289875	1.27059461722764	0.621899241937764	0	0	3	0.2	1.88572877708915	0.274929318609416	1.34162221867727	2.44388911115306	1.10226689247579
739	0	0	0	0.1	0.106413265461525	0.0332425839387032	0.0399077811591492	0.171986802585213	0.132079021426064	0	0	0	0.2	0.202156235647755	0.0871546882041775	0.0362600727691479	0.376301347617582	0.340041274848434	0	0	1	0.1	0.08602226181489	0.0670932592098592	-0.0401362465913261	0.213364081232134	0.25350032782346	0	0	1	0.2	0.272327050223238	0.15343014574215	-0.0158397833908773	0.557964794817164	0.573804578208041	0	0	2	0.1	0.32593643544671	0.0850553309117025	0.173713242472278	0.495104932163668	0.32139168969139	0	0	2	0.2	0.746189330473191	0.163528498379941	0.435838505346328	1.07186463563666	0.636026130290336	0	0	3	0.1	0.544432230860724	0.0958905037854907	0.372478670313281	0.740795532064728	0.368316861751447	0	0	3	0.2	1.0913987553173	0.173608432186641	0.77488750169606	1.44570950452275	0.670822002826688
896	0	0	0	0.1	0.080449528713647	0.0306113555615692	0.0237336640282257	0.142538527903486	0.118804863875261	0	0	0	0.2	0.189943041810692	0.0824904700046346	0.038952809623878	0.356797057132481	0.317844247508603	0	0	1	0.1	0.206029483470896	0.0745764253896958	0.0642163579610192	0.36010885382206	0.295892495861041	0	0	1	0.2	0.657094566081758	0.190957152801875	0.305034015783191	1.03816566385241	0.733131648069221	0	0	2	0.1	0.593823780359845	0.115824932303601	0.373114425815445	0.820976153645287	0.447861727829842	0	0	2	0.2	1.3343535571249	0.220536966649208	0.909763081594881	1.75367540545296	0.84391232385808	0	0	3	0.1	0.914670033169993	0.144635125968184	0.643015541346455	1.19685794597404	0.553842404627587	0	0	3	0.2	1.82055514614618	0.249780012158156	1.3438597051799	2.31123417939667	0.967374474216773
975	0	0	0	0.1	0.0631814701666535	0.0274524335525834	0.0119184469541049	0.117330267623241	0.105411820669136	0	0	0	0.2	0.155493441456798	0.0688406318821487	0.0180437097307953	0.296254502184237	0.278210792453441	0	0	1	0.1	0.264604700227161	0.0925048890654955	0.106236067174875	0.462467317165422	0.356231249990547	0	0	1	0.2	0.890833613318305	0.274022096419107	0.451420373747618	1.4943043237859	1.04288395003828	0	0	2	0.1	0.762790173209192	0.164733352776695	0.491343009745103	1.13319581219592	0.641852802450819	0	0	2	0.2	1.74607706961835	0.303354162680521	1.22287846636605	2.40155293404359	1.17867446767754	0	0	3	0.1	1.14815133202225	0.189158773640467	0.820945573884062	1.57066106086667	0.74971548698261	0	0	3	0.2	2.26440486980601	0.302584781391234	1.71179600068077	2.89704429811616	1.1852482974354
708	0	0	0	0.1	0.0865464198193869	0.0330656052275398	0.0239804437891727	0.152714301617896	0.128733857828724	0	0	0	0.2	0.224153053021904	0.0932487587894657	0.0538108437278812	0.414995693136706	0.361184849408825	0	0	1	0.1	0.19523018181205	0.0822819324574841	0.0455408023293422	0.372563095768676	0.327022293439333	0	0	1	0.2	0.58386074922948	0.21223691906466	0.209505890668539	1.04291546854821	0.833409577879676	0	0	2	0.1	0.528262925254047	0.119006743818081	0.313445525966655	0.762171711081501	0.448726185114845	0	0	2	0.2	1.21271690294241	0.238689429934933	0.777782344683276	1.67792348940553	0.900141144722256	0	0	3	0.1	0.840515085449788	0.156851496170837	0.551694147710466	1.16250308330847	0.610808935598	0	0	3	0.2	1.70728711132116	0.279623336813401	1.17660232492823	2.28117841297577	1.10457608804755
763	0	0	0	0.1	0.0983993678985343	0.0288297795649183	0.0451049112964342	0.156997866453974	0.11189295515754	0	0	0	0.2	0.277119205522333	0.0739341199413313	0.145773636785483	0.431011757844349	0.285238121058866	0	0	1	0.1	0.267229003400699	0.0738349161822336	0.136707219790297	0.417931995480978	0.281224775690681	0	0	1	0.2	0.678449900823276	0.193926277169826	0.340859186221581	1.08821756266102	0.747358376439435	0	0	2	0.1	0.500772088811172	0.111725293421702	0.307528681968075	0.73894297424825	0.431414292280174	0	0	2	0.2	1.1025047643306	0.214007712702991	0.742220968939973	1.53026888716214	0.788047918222167	0	0	3	0.1	0.728650867536532	0.127795011496464	0.51329030302403	0.990095421623908	0.476805118599878	0	0	3	0.2	1.45058653939603	0.223212708870552	1.06481945586775	1.89289896304813	0.828079507180374
906	0	0	0	0.1	0.0731689922671543	0.0292352076744657	0.0154794944315117	0.128456252031899	0.112976757600387	0	0	0	0.2	0.110640347350851	0.0620132463755625	-0.0139610835517081	0.232928757596832	0.24688984114854	0	0	1	0.1	0.180067715018353	0.0550911733087803	0.0805657645715863	0.300854019546052	0.220288254974466	0	0	1	0.2	0.579220571484659	0.160253348978893	0.298973010536785	0.929792002206684	0.630818991669899	0	0	2	0.1	0.624472838048153	0.106690660453475	0.437054431771454	0.854628877073042	0.417574445301588	0	0	2	0.2	1.43507223867156	0.208485913755108	1.04681234264932	1.85623182211142	0.809419479462096	0	0	3	0.1	0.970943451285634	0.135393492830531	0.726408494573417	1.2444956971534	0.518087202579983	0	0	3	0.2	1.94560703966335	0.236014857328889	1.5159331151368	2.40523429289579	0.889301177758984
779	0	0	0	0.1	0.125283373572586	0.0341808760423256	0.0624787191020852	0.198957694151677	0.136478975049592	0	0	0	0.2	0.329801226860665	0.0980148571318406	0.149362486024531	0.54081276866928	0.391450282644749	0	0	1	0.1	0.202670241887658	0.0679986521543013	0.0773130221865655	0.329901670773011	0.252588648586446	0	0	1	0.2	0.569872508167034	0.17506197312645	0.255821416896728	0.930549934672213	0.674728517775485	0	0	2	0.1	0.461290636936041	0.10330246079476	0.28115141272914	0.668435558700758	0.387284145971618	0	0	2	0.2	1.06605772847495	0.20875321511438	0.714094500017551	1.49458629458565	0.780491794568094	0	0	3	0.1	0.700239641729263	0.12353060055352	0.496319810190798	0.963959438697175	0.467639628506378	0	0	3	0.2	1.4352576308544	0.226540879466022	1.03609888971305	1.90823266876091	0.872133779047864
989	0	0	0	0.1	0.192153472596063	0.0373831055892887	0.121439844334882	0.266834542033324	0.145394697698441	0	0	0	0.2	0.410498462524197	0.0918876576276123	0.24625928150414	0.60087005941914	0.354610777914999	0	0	1	0.1	0.219733425614931	0.0739604516718199	0.0756448370056219	0.368606438562559	0.292961601556937	0	0	1	0.2	0.774809099406654	0.216546901098145	0.333681588329901	1.18795940770806	0.854277819378163	0	0	2	0.1	0.705016375515754	0.1352280136358	0.441805450213344	0.967106017794876	0.525300567581532	0	0	2	0.2	1.65858364691957	0.259477123326599	1.14248258797112	2.13154724979143	0.989064661820315	0	0	3	0.1	1.12647643067284	0.17178463442133	0.798471988781171	1.45744620012364	0.658974211342465	0	0	3	0.2	2.21020825700306	0.282487493827719	1.62520939855632	2.79225460608033	1.16704520752401
866	0	0	0	0.1	0.129788426724493	0.0324592533231061	0.0671432143268077	0.193099760752036	0.125956546425228	0	0	0	0.2	0.304219947983945	0.0820702355173558	0.141710986210107	0.466962087400485	0.325251101190378	0	0	1	0.1	0.212911135000061	0.0617195503291932	0.0968893464952508	0.333852772978272	0.236963426483021	0	0	1	0.2	0.68341836373368	0.183412882077894	0.359445298930627	1.07934110101371	0.71989580208308	0	0	2	0.1	0.60774063896365	0.120350233397671	0.404967639865934	0.868191322529755	0.463223682663821	0	0	2	0.2	1.37598131816402	0.231433701077608	0.971281804610389	1.84251876917768	0.871236964567287	0	0	3	0.1	0.921246447849981	0.147012152639747	0.663895303951838	1.22575429242879	0.561858988476947	0	0	3	0.2	1.80776602609672	0.251289089822528	1.36041400010747	2.30312527565823	0.942711275550767
979	0	0	0	0.1	0.0812586674526643	0.0314214880503799	0.021903855178812	0.143612639777867	0.121708784599055	0	0	0	0.2	0.22344882797246	0.0797800850013025	0.0730032549756256	0.378404910038352	0.305401655062727	0	0	1	0.1	0.244688892668792	0.0660727832907521	0.120673344701004	0.379089628111783	0.258416283410779	0	0	1	0.2	0.666590521367938	0.175869791294335	0.353026106221592	1.0276832592226	0.674657153001008	0	0	2	0.1	0.547709753153484	0.108849267500039	0.34583300403009	0.779372737168823	0.433539733138734	0	0	2	0.2	1.2346437525987	0.217285100709803	0.828616905389549	1.69537741607966	0.866760510690106	0	0	3	0.1	0.832404835007987	0.135890381802975	0.587039981677334	1.12454967782766	0.537509696150326	0	0	3	0.2	1.68305210219898	0.245343762481061	1.23862970113058	2.22375027690722	0.985120575776645
863	0	0	0	0.1	0.133676804017122	0.0323742026222694	0.0682169245983737	0.198937088743416	0.130720164145042	0	0	0	0.2	0.229705011268837	0.0944109960996046	0.0380151696285554	0.417559517679664	0.379544348051108	0	0	1	0.1	0.0945184263157461	0.0741904808153237	-0.0535505218773457	0.240775233277092	0.294325755154438	0	0	1	0.2	0.376693006789507	0.177814482967643	0.0426931926695785	0.751416796500468	0.70872360383089	0	0	2	0.1	0.463916908747479	0.109370156345625	0.268445318573344	0.693483084509184	0.425037765935839	0	0	2	0.2	1.12407686105004	0.22380546812405	0.717112673882845	1.59195888672797	0.874846212845121	0	0	3	0.1	0.813648404646979	0.142987854650405	0.550902032384701	1.11569099578719	0.56478896340249	0	0	3	0.2	1.67231545760722	0.256201217755489	1.19445424167182	2.18272497358735	0.988270731915529
747	0	0	0	0.1	0.0937035103262804	0.0307748644967387	0.0313451047169799	0.153012513254846	0.121667408537866	0	0	0	0.2	0.199211627417135	0.0680752649852258	0.0669283998263812	0.331281270424393	0.264352870598011	0	0	1	0.1	0.162264776715919	0.0582727664936232	0.0546021668204377	0.27821071229941	0.223608545478972	0	0	1	0.2	0.503430222376313	0.152885346052023	0.220506537824154	0.815282951232757	0.594776413408603	0	0	2	0.1	0.495353721507112	0.0989729736931764	0.306747537555956	0.70543864772471	0.398691110168755	0	0	2	0.2	1.218709790646	0.218459589306076	0.797317501501306	1.6563113612958	0.85899385979449	0	0	3	0.1	0.835384410877353	0.140794621312857	0.577006252850257	1.12107489954283	0.54406864669257	0	0	3	0.2	1.76676472730708	0.265622758229083	1.27580177577723	2.29704030594795	1.02123853017073
849	0	0	0	0.1	0.0668334010714999	0.0300092132923253	0.0100101863063895	0.12961760175829	0.1196074154519	0	0	0	0.2	0.19647016058492	0.0705853947717959	0.0641170651395881	0.335348797824496	0.271231732684908	0	0	1	0.1	0.200483882597064	0.066160507187217	0.0811429152987599	0.328328024674148	0.247185109375388	0	0	1	0.2	0.638063303440078	0.19083138330054	0.300950929942566	1.03098337992409	0.730032449981523	0	0	2	0.1	0.565645146999153	0.122088570137655	0.359207479989779	0.823094673558099	0.46388719356832	0	0	2	0.2	1.32895583393423	0.246300859828401	0.898188048903548	1.81514166189722	0.916953612993669	0	0	3	0.1	0.857705387399322	0.152757718973314	0.596282197523544	1.16806896181361	0.571786764290069	0	0	3	0.2	1.7483809745761	0.272253144404605	1.25784675661171	2.27685732959476	1.01901057298304
709	0	0	0	0.1	0.0688196892553259	0.0331305541922821	0.00315173296756414	0.135432327050331	0.132280594082767	0	0	0	0.2	0.173201504427485	0.0871785658653436	0.00473682503301988	0.351840294359182	0.347103469326162	0	0	1	0.1	0.185161581500069	0.0661857916650771	0.0593195984054284	0.321019991315516	0.261700392910088	0	0	1	0.2	0.626629406677062	0.179813502622154	0.299542843262711	0.99089402548435	0.69135118222164	0	0	2	0.1	0.585840088826577	0.113777288777194	0.379503825464122	0.819297871220777	0.439794045756655	0	0	2	0.2	1.3423444316626	0.218973597523781	0.933750056749512	1.78462985484771	0.850879798098202	0	0	3	0.1	0.907684829440218	0.139961906405228	0.65114985720746	1.18797778749917	0.536827930291705	0	0	3	0.2	1.79854031345064	0.241328450442852	1.34873871501864	2.27801611440942	0.929277399390785
716	0	0	0	0.1	0.0727447164886384	0.0403336582510107	-0.0072277413056127	0.152221636069925	0.159449377375538	0	0	0	0.2	0.110119645208434	0.102997358648417	-0.0981358381355922	0.324370669534723	0.422506507670315	0	0	1	0.1	0.107775288770865	0.0738568026530702	-0.0533772393067946	0.257590748986374	0.310967988293168	0	0	1	0.2	0.484834206224739	0.187101533476405	0.112141694444177	0.857981406926919	0.745839712482743	0	0	2	0.1	0.564775174673669	0.115442946402241	0.355924716994577	0.805858025249588	0.44993330825501	0	0	2	0.2	1.39837726803972	0.225518909225754	0.988466220446624	1.84025334917473	0.85178712872811	0	0	3	0.1	1.00390899372378	0.147673052407524	0.741950002951978	1.30226881524187	0.560318812289888	0	0	3	0.2	2.03940031425584	0.249021395756772	1.57641259959834	2.54467266417331	0.968260064574971
987	0	0	0	0.1	0.087139127060022	0.0334157434528798	0.0226186741302702	0.152280470803128	0.129661796672858	0	0	0	0.2	0.17734701471834	0.0783054675627321	0.0297606047251011	0.328234741638395	0.298474136913294	0	0	1	0.1	0.106367459822114	0.059761552328427	-0.00607504467280988	0.232490388676427	0.238565433349237	0	0	1	0.2	0.3293344009231	0.164083238158382	0.0264097862535165	0.683867964720863	0.657458178467347	0	0	2	0.1	0.384376139570904	0.10628769649435	0.196466997101505	0.61443433872016	0.417967341618655	0	0	2	0.2	1.00000240649604	0.224512111628596	0.59748743327263	1.47462680977925	0.877139376506616	0	0	3	0.1	0.736725718458533	0.138927223865809	0.480271182759617	1.0440417899383	0.56377060717868	0	0	3	0.2	1.5645182048648	0.256768644445449	1.087747278731	2.0803978221826	0.992650543451605
879	0	0	0	0.1	0.163275392896254	0.0366656265759774	0.0907720682331235	0.234411020821728	0.143638952588604	0	0	0	0.2	0.230560492514741	0.0918866613190193	0.0442226950974155	0.408718761318745	0.36449606622133	0	0	1	0.1	0.0636489623739157	0.07591509538069	-0.0780126374802696	0.210577650672073	0.288590288152342	0	0	1	0.2	0.306352445898913	0.218643663818018	-0.0634115733431244	0.752582579908885	0.815994153252009	0	0	2	0.1	0.447684332124431	0.160374610841635	0.179477095573681	0.783014354449502	0.603537258875821	0	0	2	0.2	1.10995517758574	0.340372949148437	0.524277378147151	1.78987495012355	1.2655975719764	0	0	3	0.1	0.800747945056823	0.219816033302997	0.454206665631874	1.24970457286946	0.795497907237588	0	0	3	0.2	1.67374846530116	0.398031806910305	1.01731274236006	2.4476829143283	1.43037017196824
719	0	0	0	0.1	0.0865456244461576	0.0305419503750253	0.027196230544575	0.145239008679506	0.118042778134931	0	0	0	0.2	0.22757208243959	0.0709463078778621	0.0974495542671422	0.373006238357806	0.275556684090664	0	0	1	0.1	0.200180053584916	0.0586449084804909	0.0870438688462655	0.321759594502545	0.234715725656279	0	0	1	0.2	0.566618993326346	0.161767937552392	0.255367667840252	0.91331188201517	0.657944214174919	0	0	2	0.1	0.479061762757446	0.107203796365069	0.291822640019816	0.695088702391956	0.40326606237214	0	0	2	0.2	1.14647956203623	0.226042708753096	0.748348458907205	1.62837712555689	0.880028666649686	0	0	3	0.1	0.784157392504722	0.145869711419359	0.541672070552899	1.11253160035192	0.570859529799023	0	0	3	0.2	1.65617232317608	0.27413788961987	1.18192277168329	2.26471766011783	1.08279488843454
825	0	0	0	0.1	0.154077329532967	0.0358032736157097	0.0868264323909861	0.228983101334856	0.14215666894387	0	0	0	0.2	0.353830683197684	0.091797826991201	0.180696962385843	0.545240614854889	0.364543652469045	0	0	1	0.1	0.214878452685542	0.0668885187113005	0.0758483859041738	0.346851807886134	0.27100342198196	0	0	1	0.2	0.607443804110606	0.182381117608673	0.284666561512668	0.972585486652163	0.687918925139496	0	0	2	0.1	0.528041616207637	0.12401534863603	0.310707958280884	0.790097247758374	0.47938928947749	0	0	2	0.2	1.25436588569868	0.260176682455664	0.809410076869986	1.80361375533942	0.99420367846943	0	0	3	0.1	0.855330382701084	0.168115394295348	0.562736788231212	1.23699908268639	0.674262294455181	0	0	3	0.2	1.75703275518375	0.301862890798793	1.21361902518213	2.40727554837726	1.19365652319513
895	0	0	0	0.1	0.101878692562357	0.0299552353739434	0.0439637108475374	0.159603054937699	0.115639344090161	0	0	0	0.2	0.221260316754981	0.0709907011451846	0.0756477812739817	0.365391872083834	0.289744090809853	0	0	1	0.1	0.225790166300127	0.0672709270178267	0.0898964978881931	0.351849073570052	0.261952575681859	0	0	1	0.2	0.647122256675063	0.174690052185576	0.310708501884257	0.998820440037305	0.688111938153048	0	0	2	0.1	0.583977113376839	0.108231354215336	0.378982919054893	0.802773318075603	0.42379039902071	0	0	2	0.2	1.34373803007924	0.214951738266022	0.926277197347551	1.77489394069337	0.848616743345819	0	0	3	0.1	0.904883491870581	0.134366068989359	0.656075625415511	1.18040116286467	0.524325537449156	0	0	3	0.2	1.84624548798113	0.23914823405205	1.40452326288526	2.34585040961118	0.941327146725917
782	0	0	0	0.1	0.050164134609845	0.0298661328221709	-0.0070550520465671	0.107519742828285	0.114574794874852	0	0	0	0.2	0.152872451304678	0.0823749086207655	0.00801111656468033	0.330788170764482	0.322777054199801	0	0	1	0.1	0.283452802021658	0.0734671371285177	0.150409996864171	0.434388157109753	0.283978160245581	0	0	1	0.2	0.943227031342991	0.225239126747418	0.537361418486491	1.39856057583909	0.861199157352594	0	0	2	0.1	0.823446922879132	0.14393038829308	0.552301044204558	1.11150464695187	0.559203602747312	0	0	2	0.2	1.83361938388435	0.263326538328832	1.34235236890815	2.3597619045857	1.01740953567755	0	0	3	0.1	1.21375208494128	0.169745190509639	0.898058560299393	1.55202698894149	0.653968428642098	0	0	3	0.2	2.3010159935974	0.274165229553212	1.77899812363346	2.83311719983898	1.05411907620552
834	0	0	0	0.1	0.050702266790329	0.0339009042208443	-0.0152158854597504	0.116124827515028	0.131340712974778	0	0	0	0.2	0.130225474153874	0.075384920206776	-0.00989866364350223	0.288186986409226	0.298085650052729	0	0	1	0.1	0.20137993806982	0.0585849832291039	0.0924760089599984	0.315493114734066	0.223017105774068	0	0	1	0.2	0.595193356926154	0.145223462961657	0.336841823464611	0.903196463550081	0.56635464008547	0	0	2	0.1	0.542636587140211	0.0881058368939045	0.378618407037315	0.714890456667486	0.336272049630171	0	0	2	0.2	1.164305845988	0.166399928628399	0.860971001197403	1.49624851345318	0.63527751225578	0	0	3	0.1	0.767574248663506	0.105276685256637	0.578791948924464	0.982653207382787	0.403861258458323	0	0	3	0.2	1.48822138637327	0.185437848088913	1.14976442482951	1.86580621713249	0.716041792302987
656	0	0	0	0.1	0.106249427135825	0.0354678822868697	0.0359458026282871	0.178477709725766	0.142531907097479	0	0	0	0.2	0.187817359212456	0.08678190686285	0.0169902666121404	0.362848938989581	0.345858672377441	0	0	1	0.1	0.148992473150166	0.0597918688265316	0.0323341884828058	0.270173340429219	0.237839151946413	0	0	1	0.2	0.564865882400411	0.167192521494051	0.24506193345023	0.91948351878047	0.67442158533024	0	0	2	0.1	0.615849267992824	0.119237289594317	0.397342213510882	0.875989301136706	0.478647087625824	0	0	2	0.2	1.460754876962	0.23685246169587	1.01901590255512	1.96842050193571	0.949404599380588	0	0	3	0.1	1.01839083635158	0.161234869315794	0.730337568899384	1.36842034064614	0.63808277174676	0	0	3	0.2	2.02478476680026	0.272663805058152	1.51278835858949	2.58465061889778	1.07186226030829
651	0	0	0	0.1	0.112724837719066	0.0270634369693117	0.0612355771896504	0.168320485600919	0.107084908411269	0	0	0	0.2	0.2249372385473	0.068194626348576	0.0913751460185106	0.361569823937369	0.270194677918859	0	0	1	0.1	0.178054032264125	0.0652046701032939	0.0523871145362834	0.30649843727821	0.254111322741927	0	0	1	0.2	0.613192827802792	0.193637891957373	0.253062815073448	0.983897847848564	0.730835032775116	0	0	2	0.1	0.653466989654126	0.140931344805836	0.393705542974272	0.943645101695724	0.549939558721452	0	0	2	0.2	1.55879229793628	0.275768060424748	1.0354720501418	2.09979938029465	1.06432733015285	0	0	3	0.1	1.12633910057791	0.19346645797828	0.767904354510345	1.51191986682334	0.744015512312992	0	0	3	0.2	2.24324004025464	0.311955763392584	1.64545070849666	2.84240327209703	1.19695256360037
966	0	0	0	0.1	0.0886246476193571	0.0350203981189385	0.0215851671641903	0.159745321194728	0.138160154030538	0	0	0	0.2	0.227870852247453	0.0841231978989915	0.0735370624362674	0.391897517152036	0.318360454715769	0	0	1	0.1	0.211728401713428	0.0647535299189976	0.0889350598071026	0.345889843305469	0.256954783498366	0	0	1	0.2	0.584294417353908	0.184062883914247	0.25593652922701	0.973820334840035	0.717883805613025	0	0	2	0.1	0.515793879412516	0.133419965224977	0.296372445679028	0.779951753270639	0.483579307591611	0	0	2	0.2	1.20860798406625	0.292792807040167	0.734850496718592	1.77268733961261	1.03783684289402	0	0	3	0.1	0.825239650497193	0.186249500603188	0.531710024650542	1.19305061933206	0.661340594681514	0	0	3	0.2	1.71777184604406	0.336384157849878	1.15973435694298	2.35895705414019	1.19922269719721
922	0	0	0	0.1	0.0822562824017373	0.0355495217484211	0.0112315107436267	0.152836291787315	0.141604781043688	0	0	0	0.2	0.185061242911423	0.0831337181454165	0.030256092673664	0.350129009243783	0.319872916570119	0	0	1	0.1	0.196612430338822	0.0736318250046153	0.0504800041802493	0.340783454763665	0.290303450583416	0	0	1	0.2	0.609989372342868	0.197258455103583	0.222829600020484	0.999498375879392	0.776668775858908	0	0	2	0.1	0.581175933053634	0.115879474543555	0.360375221157444	0.817994922049763	0.457619700892319	0	0	2	0.2	1.31730775178374	0.22279815032632	0.888020780809355	1.74378601432429	0.855765233514935	0	0	3	0.1	0.899398690804356	0.138162882996687	0.642935404078264	1.17717979172494	0.534244387646673	0	0	3	0.2	1.75158227754076	0.232219117715636	1.3115965297434	2.22191958539546	0.910323055652066
837	0	0	0	0.1	0.0691039153706384	0.0349319171572171	0.00259607078709866	0.142085305105193	0.139489234318094	0	0	0	0.2	0.202801729122795	0.078791817651998	0.0581247935494518	0.383576077029429	0.325451283479977	0	0	1	0.1	0.287769018840619	0.0605939457552189	0.173046490417907	0.406528474995958	0.233481984578051	0	0	1	0.2	0.83398995966199	0.165128657729294	0.50922108052883	1.16019555988421	0.650974479355381	0	0	2	0.1	0.737893463066337	0.122086290084136	0.46972480471901	0.963994448469657	0.494269643750647	0	0	2	0.2	1.64740669780383	0.248380564669399	1.10244571339838	2.09144465261465	0.988998939216269	0	0	3	0.1	1.1011366506276	0.16863544337211	0.756073002535101	1.41018236770527	0.654109365170167	0	0	3	0.2	2.16042074314111	0.288721230982157	1.56796720302765	2.69298492689015	1.1250177238625
937	0	0	0	0.1	0.0898439156424315	0.0288895804337301	0.0300520303420552	0.147930909415358	0.117878879073303	0	0	0	0.2	0.243238525631632	0.0643761371841684	0.11726331487107	0.37568967448673	0.25842635961566	0	0	1	0.1	0.264799055968809	0.0585738627122693	0.15851519794967	0.384068946898629	0.22555374894896	0	0	1	0.2	0.744060747545168	0.184981781768333	0.440123603767586	1.1458422918027	0.705718688035113	0	0	2	0.1	0.628219585584812	0.148289131678577	0.374090257690128	0.922866973952229	0.548776716262102	0	0	2	0.2	1.39967643551146	0.30810410939821	0.854183669082055	1.98646257020161	1.13227890111956	0	0	3	0.1	0.90914807131787	0.198665640132691	0.556703479662061	1.27687662526709	0.72017314560503	0	0	3	0.2	1.7657830943136	0.338015744828031	1.13150449470625	2.37854099473155	1.2470365000253
935	0	0	0	0.1	0.0923018016153911	0.0271537974996789	0.0379923508256305	0.144137406678738	0.106145055853107	0	0	0	0.2	0.161397775830322	0.05977059870929	0.0417705949413388	0.282882151656931	0.241111556715592	0	0	1	0.1	0.0845239167115954	0.0593101010268462	-0.0248387880497316	0.205808054104455	0.230646842154186	0	0	1	0.2	0.297021535220239	0.164614376980569	0.0051234500509823	0.657107797341683	0.651984347290701	0	0	2	0.1	0.399879923321292	0.111932179705036	0.205632400351723	0.648711019498471	0.443078619146748	0	0	2	0.2	1.03743476554665	0.239158068652354	0.622256668050915	1.56531994037991	0.943063272328993	0	0	3	0.1	0.757738756432875	0.145414327574516	0.501499732767699	1.07745157872542	0.575951845957724	0	0	3	0.2	1.60749412910839	0.267335270138035	1.10587846630732	2.16373159842499	1.05785313211767
829	0	0	0	0.1	0.061647581088285	0.0329415034697151	0.00306875202637179	0.130347332146543	0.127278580120171	0	0	0	0.2	0.190204942592201	0.0899092541706552	0.0369872567734893	0.392121219820633	0.355133963047144	0	0	1	0.1	0.221530116927742	0.0642119588685497	0.103401125979066	0.35607980621803	0.252678680238963	0	0	1	0.2	0.668758478611527	0.164605893649141	0.362210212791224	0.999011115418596	0.636800902627373	0	0	2	0.1	0.570243687350027	0.11185799861884	0.373129970357547	0.820129742684569	0.446999772327022	0	0	2	0.2	1.27608927232349	0.233198846654258	0.868270995746393	1.79912330344241	0.930852307696015	0	0	3	0.1	0.854963572287777	0.158076838039305	0.600145735524514	1.2097531185009	0.609607382976387	0	0	3	0.2	1.68271232136225	0.281590237182211	1.22040185829275	2.31016422518145	1.08976236688869
762	0	0	0	0.1	0.123314826812234	0.0294046313480635	0.0687036419654381	0.183619386717489	0.114915744752051	0	0	0	0.2	0.268289655386263	0.0816471368368965	0.123577730214919	0.446336231347606	0.322758501132687	0	0	1	0.1	0.193222003496003	0.0794641401758802	0.0231579331272295	0.351786073500636	0.328628140373407	0	0	1	0.2	0.6474881233826	0.221064175147783	0.177128124552894	1.10486159587018	0.927733471317288	0	0	2	0.1	0.623081200032793	0.133414526378297	0.371805964677994	0.913102205189214	0.54129624051122	0	0	2	0.2	1.37997427814047	0.238568862625087	0.926390702819491	1.86882641248946	0.942435709669971	0	0	3	0.1	0.974016314890777	0.156650203328705	0.697004187549137	1.31317780997332	0.61617362242418	0	0	3	0.2	1.83726147632592	0.248660728859281	1.39432499024795	2.35390676172543	0.959581771477485
816	0	0	0	0.1	0.0747870243784532	0.0286048378539613	0.0171904098595042	0.132272689997702	0.115082280138198	0	0	0	0.2	0.150499666046525	0.0666550893867271	0.0239013893450011	0.279613551362307	0.255712162017306	0	0	1	0.1	0.106750140183319	0.0485270212201481	0.0100372186382719	0.206177606594784	0.196140387956512	0	0	1	0.2	0.346766325847881	0.121843369223124	0.118141313731224	0.595082290559415	0.476940976828191	0	0	2	0.1	0.407135485780036	0.0815595181035016	0.26329233254239	0.589124320936011	0.325831988393621	0	0	2	0.2	0.999551408326832	0.178597588876199	0.674061821019588	1.4135627175312	0.739500896511616	0	0	3	0.1	0.719440077997067	0.11630982990104	0.512759289466886	0.981571434595673	0.468812145128786	0	0	3	0.2	1.53599042072744	0.22599448072941	1.12823509063501	2.01655826668527	0.888323176050263
869	0	0	0	0.1	0.0603413731597111	0.0341413537754132	-0.00733096843642361	0.125780894529003	0.133111862965427	0	0	0	0.2	0.110635567821264	0.0685845832850684	-0.0299590584204968	0.244040606220652	0.273999664641149	0	0	1	0.1	0.136056863592903	0.0589377371847431	0.0277997023868851	0.269305666392953	0.241505964006067	0	0	1	0.2	0.473336015169949	0.159802299216003	0.207139592103156	0.8080985811803	0.600958989077145	0	0	2	0.1	0.532883240587744	0.104730364801889	0.345505716128999	0.741415008691275	0.395909292562275	0	0	2	0.2	1.25992164130525	0.215351214055301	0.860614425059682	1.70563592107962	0.845021496019935	0	0	3	0.1	0.888492891688163	0.141798830741611	0.62133288441001	1.18212917594194	0.560796291531931	0	0	3	0.2	1.85439666788748	0.266566440018967	1.34347173755038	2.41228713133435	1.06881539378397
947	0	0	0	0.1	0.0510791544088867	0.0366735432984122	-0.0221961407826727	0.123462281538381	0.145658422321054	0	0	0	0.2	0.137111550910775	0.0959875486887436	-0.0461401587310031	0.342488686974527	0.38862884570553	0	0	1	0.1	0.206780325681219	0.0742239438594421	0.060748182190679	0.354010987473296	0.293262805282617	0	0	1	0.2	0.707824456362345	0.189211703005472	0.361441559167261	1.10172147272252	0.740279913555264	0	0	2	0.1	0.652352959477995	0.126141195979453	0.415927342191242	0.92986531448802	0.513937972296778	0	0	2	0.2	1.37442659705843	0.231571257943273	0.936570247579213	1.85730974152041	0.920739493941199	0	0	3	0.1	0.93209301968267	0.159142128609721	0.62721945073983	1.25939448179191	0.632175031052079	0	0	3	0.2	1.75155207047984	0.269202311718337	1.2272205908229	2.28869747198572	1.06147688116282
832	0	0	0	0.1	0.0913087281355454	0.0318421530628971	0.0286616793263901	0.15620213714024	0.12754045781385	0	0	0	0.2	0.221590810649732	0.078438755461773	0.0705199506285939	0.375117357088467	0.304597406459873	0	0	1	0.1	0.233905228019068	0.060402558639302	0.122545973669955	0.357300256188526	0.234754282518571	0	0	1	0.2	0.645992516633283	0.155917164018103	0.365235975304564	0.963596668504943	0.598360693200379	0	0	2	0.1	0.549609352199982	0.101789091952143	0.369127012137586	0.773120228867795	0.403993216730209	0	0	2	0.2	1.23321632922021	0.203808305941996	0.875464359075122	1.67186986552977	0.796405506454647	0	0	3	0.1	0.819984668378408	0.12743002281652	0.602827517083708	1.10791181897405	0.505084301890341	0	0	3	0.2	1.67006515675334	0.228554069856327	1.27451514024169	2.13930622703251	0.864791086790828
796	0	0	0	0.1	0.118422444966161	0.0290188431549707	0.0633818975688239	0.176114294689475	0.112732397120651	0	0	0	0.2	0.249068959645669	0.0707341749308407	0.114061023279409	0.387678515321067	0.273617492041658	0	0	1	0.1	0.180937733597566	0.0565649110172487	0.0754357185215345	0.293849676915083	0.218413958393549	0	0	1	0.2	0.503606157777775	0.159053097918606	0.223104084332411	0.825276764349106	0.602172680016695	0	0	2	0.1	0.478365914737707	0.112300623681969	0.288222362970683	0.708030795762543	0.41980843279186	0	0	2	0.2	1.1146134828618	0.228879007820541	0.703119244513551	1.56912741124755	0.866008166734003	0	0	3	0.1	0.760064410194457	0.141355074848053	0.502291038992606	1.04182187101674	0.539530832024133	0	0	3	0.2	1.55505347164959	0.25128459999331	1.08471370145158	2.03649589523614	0.951782193784557
801	0	0	0	0.1	0.112766372533535	0.0333419642644351	0.0459790927196729	0.177134340921432	0.13115524820176	0	0	0	0.2	0.247662559226587	0.0853267533010126	0.0821167355367159	0.415786365465121	0.333669629928405	0	0	1	0.1	0.202453310921456	0.0665360148461394	0.0717481880582175	0.327202006129228	0.25545381807101	0	0	1	0.2	0.734562296258419	0.193550865447869	0.370290425414058	1.13063725191991	0.760346826505848	0	0	2	0.1	0.678411735314797	0.12734949994294	0.444969510268464	0.949980717028034	0.50501120675957	0	0	2	0.2	1.5046872579469	0.232867139050879	1.06291036299764	1.98048853248686	0.917578169489219	0	0	3	0.1	0.98452261409983	0.150074153805436	0.706049692358097	1.31142967183518	0.605379979477086	0	0	3	0.2	1.92280275996073	0.257452363155681	1.44178003169242	2.46168007485049	1.01990004315807
919	0	0	0	0.1	0.0863890483410395	0.0371091849465702	0.0121938486964664	0.156778619218559	0.144584770522092	0	0	0	0.2	0.143486346893285	0.0825013170722876	-0.018961668984934	0.300153224746517	0.319114893731451	0	0	1	0.1	0.138621552799629	0.0669890763903182	0.0163157008613906	0.27351728185811	0.25720158099672	0	0	1	0.2	0.544011219182887	0.199939589477634	0.207456497001773	0.9645519737886	0.757095476786827	0	0	2	0.1	0.637215607936096	0.139980527588668	0.403084257472643	0.929207007878875	0.526122750406231	0	0	2	0.2	1.52149463697229	0.275466300712162	1.02426412563449	2.07445380214048	1.05018967650599	0	0	3	0.1	1.05287879195027	0.178714149329544	0.728820864578915	1.40710092345452	0.678280058875601	0	0	3	0.2	2.07879906344902	0.299153920827152	1.53422736612652	2.68791162793548	1.15368426180896
998	0	0	0	0.1	0.0884765095712053	0.0324943893986336	0.0238062923121564	0.154864121073782	0.131057828761625	0	0	0	0.2	0.191957962760346	0.0839667462463676	0.0403855014055068	0.372494568152832	0.332109066747325	0	0	1	0.1	0.234915646453521	0.0727003398770696	0.108834725572798	0.391060925728909	0.282226200156111	0	0	1	0.2	0.76422840068068	0.200448642361205	0.413068463362958	1.19374411580881	0.780675652445851	0	0	2	0.1	0.708896991802303	0.125816781810217	0.485103400078827	0.987114046346412	0.502010646267585	0	0	2	0.2	1.58203077413485	0.22652002533141	1.15887528624704	2.05760050696907	0.898725220722026	0	0	3	0.1	1.03832875677991	0.145744981597988	0.770964169392331	1.35451285525833	0.583548685865997	0	0	3	0.2	2.03216758176434	0.24492349243331	1.57736478215058	2.53122178118486	0.953856999034282
754	0	0	0	0.1	0.103814842628193	0.0390766107295504	0.026130027555137	0.1788782848635	0.152748257308363	0	0	0	0.2	0.312221026145798	0.0890734846261585	0.151700081678771	0.490569783944343	0.338869702265571	0	0	1	0.1	0.301811109128043	0.0627488072543439	0.180301158612238	0.428716751504225	0.248415592891987	0	0	1	0.2	0.804911930064262	0.164460760760861	0.500913368549401	1.14035378579946	0.63944041725006	0	0	2	0.1	0.621260493200241	0.0982976437127821	0.444899482849975	0.829296190991839	0.384396708141864	0	0	2	0.2	1.3527773570127	0.198491360152324	1.00183726767893	1.77592747846874	0.774090210789807	0	0	3	0.1	0.852923151581075	0.121063279419607	0.644688216830795	1.11272578440085	0.468037567570056	0	0	3	0.2	1.68668860725655	0.219320264543136	1.30122893635129	2.1480517979707	0.846822861619415
982	0	0	0	0.1	0.14297906051071	0.0331596255254605	0.076870103709977	0.208026875485038	0.131156771775061	0	0	0	0.2	0.259850862767684	0.0807169423821775	0.104163886978457	0.416606934996738	0.312443048018281	0	0	1	0.1	0.0977631245927967	0.062458314722471	-0.0213101738845999	0.228571739600122	0.249881913484722	0	0	1	0.2	0.320013485186985	0.167518443362376	0.00679889523455559	0.681564572370588	0.674765677136032	0	0	2	0.1	0.358746979185103	0.109938745059329	0.160491008688634	0.606930883722096	0.446439875033463	0	0	2	0.2	0.880762210187672	0.232836217340058	0.477095465982396	1.38359412387476	0.90649865789236	0	0	3	0.1	0.617289521898658	0.138397442379058	0.392150345623624	0.922682024700087	0.530531679076462	0	0	3	0.2	1.31205288402194	0.259958660242113	0.875706845272268	1.88768913820024	1.01198229292798
901	0	0	0	0.1	0.063941022814839	0.0343382693406991	-0.0016341943744801	0.131573710141549	0.133207904516029	0	0	0	0.2	0.133394000246536	0.0830882572449749	-0.0216122698417218	0.302217863516711	0.323830133358433	0	0	1	0.1	0.176996212044412	0.0712999469893233	0.0467172196260259	0.318377120116635	0.271659900490609	0	0	1	0.2	0.590359862674406	0.188910971616609	0.229766741307612	0.952731304899272	0.722964563591661	0	0	2	0.1	0.568563843573596	0.112034562203352	0.353192095143792	0.783153951065922	0.429961855922129	0	0	2	0.2	1.24635804367486	0.206401984928217	0.825979158999316	1.6343588706474	0.808379711648088	0	0	3	0.1	0.817559624497634	0.12445556787735	0.572465290889428	1.07292661455221	0.500461323662783	0	0	3	0.2	1.58446879203079	0.213613565982063	1.15478905914281	2.03430912669095	0.879520067548135
963	0	0	0	0.1	0.106710630898541	0.0332566799025092	0.0414553399427568	0.172400748529709	0.130945408586952	0	0	0	0.2	0.236446217456578	0.0873169996020701	0.0650780397746853	0.402763503658567	0.337685463883881	0	0	1	0.1	0.179278683341545	0.0668407449641062	0.0433284741253177	0.303305791541563	0.259977317416245	0	0	1	0.2	0.483935837621878	0.166488852622538	0.155144326244463	0.795823461701277	0.640679135456815	0	0	2	0.1	0.431733034909594	0.102663387073608	0.242529383444267	0.642434642821023	0.399905259376757	0	0	2	0.2	0.972416380170561	0.2011595448464	0.600750357858101	1.3806319602574	0.779881602399301	0	0	3	0.1	0.666513011556266	0.118905209059357	0.451845929676234	0.91477111525369	0.462925185577456	0	0	3	0.2	1.37185214668596	0.219303317597261	0.967118925185391	1.81124466842826	0.844125743242869
894	0	0	0	0.1	0.119041414332285	0.029950665274916	0.0644245795416711	0.180944787143479	0.116520207601808	0	0	0	0.2	0.261789821926854	0.0745360071789907	0.123079126339922	0.41569213613709	0.292613009797169	0	0	1	0.1	0.165621665717349	0.0659873547960568	0.0331504474522056	0.299930977880411	0.266780530428206	0	0	1	0.2	0.461938966918329	0.177096991898673	0.143277062375035	0.823619541679667	0.680342479304632	0	0	2	0.1	0.474377764056918	0.122767663817419	0.26072063650885	0.759788590188811	0.499067953679961	0	0	2	0.2	1.15651233618174	0.258965359162228	0.715773422131841	1.72817921746962	1.01240579533778	0	0	3	0.1	0.843575918007887	0.169649798100835	0.562146581197531	1.19814367462361	0.635997093426081	0	0	3	0.2	1.76332184783228	0.30034880109238	1.23735592352959	2.38717502308576	1.14981909955617
795	0	0	0	0.1	0.0814868830524997	0.031511183841496	0.0247940744460151	0.146139584721675	0.12134551027566	0	0	0	0.2	0.245951742371856	0.0790102190052347	0.107012225064325	0.41760360929555	0.310591384231225	0	0	1	0.1	0.258819301372244	0.0635697274356518	0.129799682586236	0.385968248279976	0.25616856569374	0	0	1	0.2	0.688477566933796	0.166390162472356	0.345609214928282	1.02337972476699	0.677770509838707	0	0	2	0.1	0.511350104091351	0.104836225781142	0.307059048103663	0.732685823843532	0.425626775739869	0	0	2	0.2	1.19375175166419	0.21620136526987	0.763494705211887	1.62472431636925	0.861229611157368	0	0	3	0.1	0.763458311294082	0.130258854284206	0.537125522234297	1.03894921716054	0.501823694926239	0	0	3	0.2	1.61967828254408	0.245335043230321	1.18271162717304	2.11116094042377	0.928449313250735
899	0	0	0	0.1	0.107556590303578	0.0332210156171167	0.0431353430014662	0.17355590941842	0.130420566416954	0	0	0	0.2	0.209273619832069	0.0830079915435449	0.0546209304128101	0.382228139986324	0.327607209573514	0	0	1	0.1	0.186296285100737	0.0649719361882094	0.0643705042066449	0.317999896064817	0.253629391858172	0	0	1	0.2	0.565596963927404	0.169246596196152	0.263853146754685	0.903575748218332	0.639722601463647	0	0	2	0.1	0.549298381365395	0.110047586819208	0.350232846922108	0.771977189815686	0.421744342893578	0	0	2	0.2	1.23128745481995	0.219483985202494	0.826148974548255	1.68592454943154	0.859775574883285	0	0	3	0.1	0.842534508072552	0.141083067295225	0.601660528622058	1.13903728781462	0.537376759192566	0	0	3	0.2	1.66674010578379	0.248789163670617	1.20323627953198	2.19300850570595	0.989772226173973
927	0	0	0	0.1	0.076606686706547	0.0276908933239666	0.0208258228828935	0.130199011610884	0.109373188727991	0	0	0	0.2	0.164674613576528	0.0725914688553425	0.0254859446253978	0.303151897138882	0.277665952513484	0	0	1	0.1	0.199364276946168	0.0735943388150141	0.0691897906119383	0.352472160789539	0.283282370177601	0	0	1	0.2	0.676775877685026	0.198227982171952	0.337328472969408	1.09566663382276	0.758338160853348	0	0	2	0.1	0.638496044833128	0.131112063330536	0.393136299930777	0.914008722556164	0.520872422625387	0	0	2	0.2	1.4517999610853	0.252507130248815	0.945042740648783	1.95024420229326	1.00520146164448	0	0	3	0.1	0.985214023108915	0.164829925759967	0.646386774170888	1.30544005799904	0.659053283828152	0	0	3	0.2	1.94180707459705	0.276151940385593	1.36982854522623	2.46126447096636	1.09143592574013
964	0	0	0	0.1	0.119885156443859	0.0388352299572495	0.0478050241157549	0.200338616566671	0.152533592450916	0	0	0	0.2	0.320265420631257	0.0929306818736409	0.151698365895616	0.512468450175342	0.360770084279726	0	0	1	0.1	0.283995074795698	0.0722664604428907	0.144160876188768	0.429031310543421	0.284870434354653	0	0	1	0.2	0.793947920714071	0.194224952170029	0.427204865958717	1.21818914362554	0.790984277666823	0	0	2	0.1	0.623293567758268	0.123914238766871	0.386853890522259	0.88426658514349	0.497412694621231	0	0	2	0.2	1.3224062521945	0.232702766575729	0.858643019325006	1.79619879368139	0.937555774356385	0	0	3	0.1	0.861667730391835	0.148721466144459	0.588809029478722	1.18165774612437	0.592848716645653	0	0	3	0.2	1.6729612483431	0.256473040024135	1.19229711572359	2.19448604268758	1.00218892696399
705	0	0	0	0.1	0.0279252528150859	0.0285615421550716	-0.024631861156506	0.0829255625776268	0.107557423734133	0	0	0	0.2	0.0303619621171554	0.0645376925159033	-0.0925319877006393	0.151662240554117	0.244194228254756	0	0	1	0.1	0.120788386704004	0.0543193628349676	0.0188595225692918	0.226642923140124	0.207783400570832	0	0	1	0.2	0.558226670614927	0.18639407015712	0.202020596986014	0.939684218934481	0.737663621948467	0	0	2	0.1	0.668848159917101	0.138527692913271	0.399414000223483	0.960813859098952	0.561399858875469	0	0	2	0.2	1.60753951722411	0.27097119770524	1.07103171390843	2.1584645865074	1.08743287259897	0	0	3	0.1	1.09541852383417	0.175746354838146	0.774859006602194	1.46406220748175	0.68920320087956	0	0	3	0.2	2.16384040069716	0.286063655453442	1.62477639937541	2.73076465216222	1.10598825278681
960	0	0	0	0.1	0.118606842497347	0.0368174137348274	0.041788430318826	0.187403796500028	0.145615366181202	0	0	0	0.2	0.154584683419465	0.079167908376773	-0.00868550875385223	0.298724430021908	0.30740993877576	0	0	1	0.1	0.0923947912124641	0.0615883387400313	-0.0262084129081767	0.214350485931517	0.240558898839693	0	0	1	0.2	0.386759531502373	0.166259118795531	0.0834393622912134	0.7241836985728	0.640744336281587	0	0	2	0.1	0.545485717885972	0.117046766918481	0.336440613441601	0.78986675822641	0.453426144784809	0	0	2	0.2	1.33778192771443	0.239550107140317	0.878623943083133	1.79885568681489	0.92023174373176	0	0	3	0.1	0.974564130137329	0.160281971567364	0.687778429102511	1.31043346598366	0.622655036881151	0	0	3	0.2	2.01046726469541	0.282031169757908	1.50205881341923	2.58223069572741	1.08017188230818
870	0	0	0	0.1	0.125352500174543	0.0364183414527298	0.0544780393628857	0.195540518844853	0.141062479481968	0	0	0	0.2	0.273988635820834	0.0814637648534475	0.115828000488295	0.435015423575059	0.319187423086764	0	0	1	0.1	0.226544314556851	0.0540580993255256	0.124562903399975	0.331063199632961	0.206500296232987	0	0	1	0.2	0.706507835241365	0.156145910270825	0.417079496737823	1.04011609880283	0.623036602065009	0	0	2	0.1	0.684035703699179	0.10715735805291	0.472464118402772	0.897951122060939	0.425487003658168	0	0	2	0.2	1.60268396977951	0.214082846506474	1.19264775439961	2.01016672464742	0.817518970247812	0	0	3	0.1	1.09558984021482	0.145664558382945	0.81926070339921	1.39627577084939	0.577015067450185	0	0	3	0.2	2.20412317239239	0.252816411800962	1.73824395253002	2.7175987304066	0.979354777876575
868	0	0	0	0.1	0.071383648981874	0.0303926520546466	0.012255146130314	0.127863055122691	0.115607908992377	0	0	0	0.2	0.129243392956897	0.0718555266728428	-0.0105615468885178	0.272613554287738	0.283175101176255	0	0	1	0.1	0.201205801011815	0.0652896611238574	0.0807893927483677	0.328082217217584	0.247292824469217	0	0	1	0.2	0.683556296099279	0.172227196185951	0.374217155787545	1.03340580425239	0.65918864846485	0	0	2	0.1	0.691771538705983	0.111089873468024	0.498023410564756	0.915607968416729	0.417584557851972	0	0	2	0.2	1.58227021117092	0.211983845190466	1.18728663548416	2.02536566047685	0.838079024992685	0	0	3	0.1	1.06848417267033	0.138625090606441	0.813568613718734	1.34327918053371	0.529710566814973	0	0	3	0.2	2.12121336321411	0.238928964813342	1.68256918221349	2.61757973174644	0.935010549532951
911	0	0	0	0.1	0.125098746508923	0.0320697239867751	0.0612469938264061	0.19018454680768	0.128937552981274	0	0	0	0.2	0.188149347250726	0.0779579922496551	0.0322969833907226	0.336496188733573	0.30419920534285	0	0	1	0.1	0.0813827356680687	0.0589967602878463	-0.0349565461854092	0.196945750381223	0.231902296566633	0	0	1	0.2	0.30096642731159	0.140147404897385	0.0520639179808841	0.583163190471841	0.531099272490957	0	0	2	0.1	0.41670665021347	0.0865673964230863	0.260143033762014	0.603117035263327	0.342974001501313	0	0	2	0.2	1.01410168677668	0.178123353028291	0.677952117528604	1.39947839259278	0.721526275064176	0	0	3	0.1	0.750942401362015	0.114413119169541	0.546469694042492	0.991123049945873	0.444653355903381	0	0	3	0.2	1.5682934895975	0.208512173316599	1.17757071688573	2.00475580814905	0.827185091263323
961	0	0	0	0.1	0.0836722071730333	0.0297786127438073	0.0238328776297082	0.142315638898862	0.118482761269154	0	0	0	0.2	0.149414262132008	0.0707002101618171	0.00980088181104797	0.286541656578675	0.276740774767627	0	0	1	0.1	0.0990274190734828	0.055113530148991	-0.0127728056079898	0.20225317879774	0.21502598440573	0	0	1	0.2	0.33854759915234	0.139211512977485	0.0712368995410611	0.615576078089394	0.544339178548333	0	0	2	0.1	0.396434661479464	0.0941848233985282	0.22920719508427	0.592542483944657	0.363335288860387	0	0	2	0.2	0.961269759771772	0.202528528270066	0.583262248124632	1.37393848306741	0.790676234942777	0	0	3	0.1	0.699727513161175	0.130252327652318	0.450901274497089	0.976239670813435	0.525338396316347	0	0	3	0.2	1.479956835953	0.245444803049471	1.01561053178329	1.98541255226918	0.969802020485887
983	0	0	0	0.1	0.0319832142297225	0.036558465982918	-0.0405755313376024	0.108672155155832	0.149247686493434	0	0	0	0.2	0.0453829029329644	0.0861104085068654	-0.116335194204126	0.224017876045561	0.340353070249687	0	0	1	0.1	0.15081289026538	0.06158593759189	0.0300842661123161	0.279672991238977	0.249588725126661	0	0	1	0.2	0.554025602935151	0.167681204973763	0.249814272385152	0.914868399655632	0.665054127270479	0	0	2	0.1	0.589995818227197	0.11002325522108	0.3939648586979	0.827473293332141	0.433508434634241	0	0	2	0.2	1.3611382586668	0.226634274194472	0.941374207714969	1.81383768411074	0.872463476395772	0	0	3	0.1	0.909836842112414	0.148235837903309	0.634106992710257	1.21262317287401	0.578516180163757	0	0	3	0.2	1.83845836318728	0.277098827500285	1.3081564479167	2.36921626523265	1.06105981731594
851	0	0	0	0.1	0.0696083360646005	0.0366703593310551	-0.00327028841244661	0.13495694309733	0.138227231509777	0	0	0	0.2	0.185327559815587	0.0994052445557322	-0.00160184311784846	0.380104112092184	0.381705955210033	0	0	1	0.1	0.25182175005646	0.0825788174143698	0.0885144693010619	0.400642343368931	0.31212787406787	0	0	1	0.2	0.731799849116736	0.208404147210689	0.340022677258931	1.12080774983246	0.780785072573531	0	0	2	0.1	0.613053355353722	0.129077886383953	0.392649981997891	0.880407476524904	0.487757494527013	0	0	2	0.2	1.27084483801273	0.224439553522748	0.875212700866565	1.71547603402209	0.840263333155528	0	0	3	0.1	0.827872863412626	0.137687644833234	0.594010131379645	1.11737134418617	0.523361212806523	0	0	3	0.2	1.58592340728678	0.223351420699139	1.19210697449178	2.04704555618938	0.854938581697604
885	0	0	0	0.1	0.127808688069694	0.0335964108446427	0.059991306100441	0.19280878703273	0.132817480932289	0	0	0	0.2	0.240797987407599	0.083459230021787	0.0717457249359194	0.402664689316354	0.330918964380434	0	0	1	0.1	0.0797396284609673	0.0634005150981399	-0.0473851740016683	0.202140865186824	0.249526039188492	0	0	1	0.2	0.268133989448191	0.160360922262656	-0.0370780439102246	0.596723067348142	0.633801111258366	0	0	2	0.1	0.363910786245917	0.0993622020420354	0.182095013781301	0.572094643893142	0.38999963011184	0	0	2	0.2	0.960471188461288	0.212116511153879	0.569630148682558	1.41756600322316	0.847935854540602	0	0	3	0.1	0.738655287359999	0.135696654762562	0.510911067593519	1.02085472542726	0.509943657833739	0	0	3	0.2	1.5899830937437	0.248547988531208	1.15506162221668	2.08386055101359	0.928798928796908
750	0	0	0	0.1	0.134581954717792	0.0355390359944289	0.0660408016924061	0.20219531275725	0.136154511064844	0	0	0	0.2	0.279800540954325	0.0824316538123787	0.116292016159541	0.454568679038666	0.338276662879125	0	0	1	0.1	0.250271909991621	0.0661623229016215	0.132803540295337	0.393038555962266	0.260235015666929	0	0	1	0.2	0.758712624172482	0.179673014618181	0.440535052860051	1.13350656368424	0.692971510824195	0	0	2	0.1	0.678866762336315	0.112534763470157	0.470946957829952	0.896055923135591	0.42510896530564	0	0	2	0.2	1.5173070880981	0.220966172346934	1.11143965578643	1.94045916753733	0.829019511750903	0	0	3	0.1	0.980524664407128	0.138520394497851	0.735006584863087	1.26230352923703	0.527296944373941	0	0	3	0.2	1.9379443858287	0.242822376068816	1.50099469354056	2.43227730691886	0.931282613378299
854	0	0	0	0.1	0.100221807007776	0.0276913259935139	0.0458794732628621	0.155709336653683	0.109829863390821	0	0	0	0.2	0.1824816486522	0.0607830509018123	0.0687734870709362	0.307208420188188	0.238434933117252	0	0	1	0.1	0.186279557756887	0.0561143874947986	0.0861929700485893	0.306015452126083	0.219822482077494	0	0	1	0.2	0.548164598462938	0.150701922636489	0.286952732905283	0.887753799475932	0.600801066570649	0	0	2	0.1	0.556423957633094	0.0997446861778441	0.38850571209995	0.775607026485212	0.387101314385262	0	0	2	0.2	1.28079390351719	0.199664286229329	0.932940683784604	1.67858051711491	0.745639833330302	0	0	3	0.1	0.891387004361635	0.130124532673627	0.664668393233608	1.15891312313524	0.494244729901634	0	0	3	0.2	1.81266294851419	0.230611109073269	1.38934419472169	2.27069121715617	0.881347022434483
986	0	0	0	0.1	0.0569189890623553	0.0275549461387677	0.00324608490540542	0.11318387044303	0.109937785537625	0	0	0	0.2	0.0925431424887981	0.068475140795827	-0.0390316312687241	0.230965095798188	0.269996727066912	0	0	1	0.1	0.123272918561995	0.0633101827680271	0.0192896023606372	0.268163872245811	0.248874269885173	0	0	1	0.2	0.467783497329187	0.193048273104367	0.148825836051964	0.916011837325032	0.767186001273067	0	0	2	0.1	0.565633196227991	0.129056587718872	0.351329145995703	0.858408335518319	0.507079189522616	0	0	2	0.2	1.2858140713631	0.243203286628097	0.867309503035	1.79303571238503	0.92572620935003	0	0	3	0.1	0.906382636271452	0.152775147015946	0.650510071839584	1.25771714506118	0.607207073221594	0	0	3	0.2	1.72034707749568	0.250583451201443	1.2940478823465	2.28948887525444	0.995440992907942
900	0	0	0	0.1	0.0308418330460094	0.0339287303013741	-0.0359665636020643	0.0997119694575601	0.135678533059624	0	0	0	0.2	0.077798111466728	0.0810279437325603	-0.0767039520725548	0.246545621493898	0.323249573566453	0	0	1	0.1	0.148534361013849	0.0629976268162083	0.0294341990984128	0.281019916428707	0.251585717330294	0	0	1	0.2	0.524784551424708	0.171330497775661	0.21000948158255	0.898941866123009	0.688932384540459	0	0	2	0.1	0.54779883084908	0.110429761225427	0.352390261643016	0.785513705527482	0.433123443884466	0	0	2	0.2	1.28589579140795	0.222586080763148	0.892270495414713	1.76256838891241	0.870297893497692	0	0	3	0.1	0.873867058817759	0.142345751034867	0.624370391108537	1.1871964511969	0.562826060088366	0	0	3	0.2	1.75860636561926	0.251514644043812	1.31135986742494	2.27421097225746	0.962851104832524
753	0	0	0	0.1	0.0658270656869683	0.0289313873693736	0.0105581846349528	0.125212787549893	0.11465460291494	0	0	0	0.2	0.167960243223473	0.0746271994954603	0.0324883048556322	0.326980574556773	0.294492269701141	0	0	1	0.1	0.158742582363736	0.0624844578720305	0.0354156367027105	0.282428537704715	0.247012901002005	0	0	1	0.2	0.446042623673543	0.168667752764122	0.119063104288519	0.781331849897104	0.662268745608585	0	0	2	0.1	0.432286017374647	0.110970082348709	0.219940053674904	0.650819444678988	0.430879391004084	0	0	2	0.2	1.04950575170522	0.235884303679191	0.619299862713667	1.50236717738065	0.883067314666987	0	0	3	0.1	0.739724481919763	0.145430981856736	0.47673136911782	1.032216719459	0.555485350341176	0	0	3	0.2	1.53032693199851	0.263025408143528	1.05276351856023	2.04496337867742	0.992199860117199
926	0	0	0	0.1	0.100746449303722	0.0399874825762129	0.0241318174752971	0.180797000023091	0.156665182547794	0	0	0	0.2	0.215849172859898	0.100084429474202	0.027823383166685	0.431243663043694	0.403420279877009	0	0	1	0.1	0.198314386638285	0.0788703976076056	0.0476091471829206	0.350313926175271	0.30270477899235	0	0	1	0.2	0.691659231494206	0.210732562744682	0.279780508585802	1.10712639886487	0.827345890279064	0	0	2	0.1	0.702041473655673	0.129890664779568	0.460633983314425	0.967985503107942	0.507351519793516	0	0	2	0.2	1.51534624209512	0.226636794765839	1.09644325949744	1.97879160764646	0.882348348149021	0	0	3	0.1	1.05350068248902	0.150237560071611	0.782071682813529	1.36713873201138	0.585067049197851	0	0	3	0.2	1.96026072013947	0.242171139805389	1.52630154780161	2.46082305985951	0.934521512057902
836	0	0	0	0.1	0.0594718720269407	0.0327986831875112	-0.00174965260059486	0.127241697031905	0.1289913496325	0	0	0	0.2	0.12542229062877	0.0762218527959465	-0.0219732519336267	0.276430292419809	0.298403544353436	0	0	1	0.1	0.192812544790311	0.0632480894965074	0.0728888957926732	0.310424780379729	0.237535884587056	0	0	1	0.2	0.698460361259674	0.189590881911911	0.33799060483561	1.06954510019357	0.731554495357963	0	0	2	0.1	0.7068050350375	0.128612851162114	0.472229625743712	0.96443196985245	0.492202344108738	0	0	2	0.2	1.58351172667616	0.242872902589098	1.12571105673184	2.05032404763904	0.924612990907205	0	0	3	0.1	1.07182028405962	0.158828085271354	0.788305968913703	1.38011885872516	0.591812889811456	0	0	3	0.2	2.06732886046284	0.269834938978357	1.56675518895156	2.58653965613027	1.01978446717871
574	0	0	0	0.1	0.114800295045912	0.0357467222203852	0.0501995940756727	0.187238010308245	0.137038416232572	0	0	0	0.2	0.242902318972616	0.0748065429411919	0.0963191705035703	0.389844824208169	0.293525653704599	0	0	1	0.1	0.129687705698231	0.0685149417298831	-0.00853928469353856	0.262292034656062	0.270831319349601	0	0	1	0.2	0.356075374063722	0.171457096630242	0.0371030553512861	0.6750078454618	0.637904790110514	0	0	2	0.1	0.350667739974471	0.0988779378838674	0.17509509758638	0.562566293040416	0.387471195454036	0	0	2	0.2	0.869560372776728	0.20842140734635	0.496186714715176	1.30376270289457	0.807575988179393	0	0	3	0.1	0.621327215426333	0.126217307266024	0.403343125666686	0.889947464962873	0.486604339296187	0	0	3	0.2	1.32791624496385	0.240719380331436	0.899304625106549	1.82547762577089	0.92617300066434
952	0	0	0	0.1	0.0791317413262874	0.0319279841886751	0.0166190271963436	0.14728587235715	0.130666845160807	0	0	0	0.2	0.121686028430738	0.076023308163037	-0.0363094210582092	0.276394909067163	0.312704330125372	0	0	1	0.1	0.105498572569686	0.0581004449681064	-0.00723010722880764	0.219333241334385	0.226563348563192	0	0	1	0.2	0.372785037859016	0.154471712652491	0.0677370148773175	0.687407406264443	0.619670391387125	0	0	2	0.1	0.435874463443456	0.104931159173519	0.234427636493884	0.650132871300238	0.415705234806354	0	0	2	0.2	1.03995016266535	0.224567701979985	0.62156612746928	1.50354682395239	0.88198069648311	0	0	3	0.1	0.739917270968455	0.145099206923903	0.489131026288303	1.05600609186882	0.566875065580513	0	0	3	0.2	1.53223349994972	0.268090626839837	1.04608079679929	2.09872344104216	1.05264264424287
861	0	0	0	0.1	0.0773636521107044	0.0263917956911949	0.0261375148211633	0.126383993139741	0.100246478318577	0	0	0	0.2	0.204671531623745	0.0711725175711298	0.0726456406792471	0.349262678635151	0.276617037955904	0	0	1	0.1	0.256992818008982	0.0720075043002463	0.122732875603248	0.409980890975659	0.287248015372411	0	0	1	0.2	0.797981511056517	0.194312805545756	0.435496351193272	1.18962220071225	0.754125849518976	0	0	2	0.1	0.647733440684097	0.119587863754555	0.422810222161549	0.890345752970171	0.467535530808621	0	0	2	0.2	1.47477184018599	0.235352704874461	1.00110835977924	1.94023045841392	0.939122098634678	0	0	3	0.1	0.949896316161329	0.146726599913609	0.671754146412832	1.26354342760386	0.591789281191027	0	0	3	0.2	1.93030030880448	0.260188583528216	1.43957877199893	2.46473014578873	1.0251513737898
874	0	0	0	0.1	0.093413238755663	0.0324626430406105	0.0287411878567703	0.158332427948728	0.129591240091957	0	0	0	0.2	0.216327066383222	0.0775808268808791	0.0724448109586439	0.370836607785023	0.298391796826379	0	0	1	0.1	0.207128840350432	0.0680985949944783	0.0837067142084199	0.350583686929798	0.266876972721378	0	0	1	0.2	0.699014696744431	0.203926693451991	0.348644639271442	1.1557350037901	0.807090364518661	0	0	2	0.1	0.694397985648916	0.133632841562564	0.463463497639112	0.990807770242333	0.527344272603221	0	0	2	0.2	1.57433353571897	0.251896431329194	1.1281563531893	2.11750819031367	0.989351837124371	0	0	3	0.1	1.06004418428987	0.165971865785585	0.773809181669972	1.42057529173999	0.646766110070021	0	0	3	0.2	2.03627277061642	0.275816023337243	1.53635264353812	2.63230140340102	1.0959487598629
934	0	0	0	0.1	0.135006303792907	0.0334458574309874	0.0684867418174	0.199419112123458	0.130932370306058	0	0	0	0.2	0.285791456930985	0.0782394038611171	0.128216413943892	0.439380319713527	0.311163905769635	0	0	1	0.1	0.212022705420064	0.0701291247296962	0.0714684880317355	0.347142238147505	0.275673750115769	0	0	1	0.2	0.690911014083994	0.211829851746912	0.301207223996746	1.12303190957384	0.821824685577094	0	0	2	0.1	0.685464707583042	0.150397005114186	0.407405219700602	1.00287679977433	0.595471580073725	0	0	2	0.2	1.64246447761625	0.29525809078505	1.08994435867624	2.21603190372349	1.12608754504725	0	0	3	0.1	1.11187417831954	0.191493981006046	0.752158949550596	1.50412950324045	0.751970553689855	0	0	3	0.2	2.22087620826569	0.313722968553102	1.63108315606918	2.82816903761222	1.19708588154304
903	0	0	0	0.1	0.0312554297099679	0.0300131444869686	-0.0303245254619024	0.0879782921130273	0.11830281757493	0	0	0	0.2	0.0796036007352449	0.0741687495606169	-0.0705476074253977	0.220627911296268	0.291175518721666	0	0	1	0.1	0.186578729629338	0.0531174523392149	0.0882548213709103	0.291639532871489	0.203384711500579	0	0	1	0.2	0.565191153158318	0.141095922299944	0.313458874966866	0.874727503375795	0.561268628408929	0	0	2	0.1	0.600160484597876	0.101384055857082	0.407947766556295	0.812014743900236	0.40406697734394	0	0	2	0.2	1.43392404841187	0.221759228679997	1.02792324616245	1.87862315527355	0.850699909111097	0	0	3	0.1	0.994715750351836	0.148173930412184	0.712182383254513	1.3063075810406	0.594125197786085	0	0	3	0.2	2.01484003359787	0.271833425762369	1.50016072978245	2.56450621057396	1.06434548079151
957	0	0	0	0.1	0.0901653399840853	0.0322248442298325	0.0251714941027202	0.149324670611762	0.124153176509041	0	0	0	0.2	0.238126067197905	0.0797467872215387	0.0837908656008244	0.390944588161808	0.307153722560984	0	0	1	0.1	0.271287511177715	0.0610148775953994	0.161682790156414	0.400710753404559	0.239027963248145	0	0	1	0.2	0.829055755694722	0.178632490551295	0.496256138749328	1.19759117695785	0.701335038208525	0	0	2	0.1	0.693432078134859	0.111752999156264	0.481996217914442	0.919576053199842	0.437579835285401	0	0	2	0.2	1.50705494985182	0.208647582312214	1.11035508042016	1.92390382567135	0.813548745251186	0	0	3	0.1	0.949259042661336	0.128288287619791	0.701045066695854	1.20445413960567	0.503409072909818	0	0	3	0.2	1.79716696054701	0.209790111361145	1.383576825796	2.21884134928625	0.835264523490254
958	0	0	0	0.1	0.0483678860362735	0.0283670251169888	-0.00622341649656953	0.105023095139413	0.111246511635982	0	0	0	0.2	0.177416955512231	0.0741215042729664	0.0470710037368496	0.334466425343407	0.287395421606558	0	0	1	0.1	0.292402445463684	0.0649428959128799	0.173950637408443	0.430070887333	0.256120249924557	0	0	1	0.2	0.908758868775973	0.195955097130133	0.550699445985353	1.28789441045738	0.73719496447203	0	0	2	0.1	0.748657689121763	0.129652906309645	0.522935469899779	1.009429190529	0.486493720629224	0	0	2	0.2	1.66414042585295	0.248317111355261	1.2184278133202	2.18393254267544	0.965504729355241	0	0	3	0.1	1.10233200957172	0.166244108509465	0.808464395648715	1.46703847471015	0.658574079061431	0	0	3	0.2	2.1468831694621	0.285289494087748	1.64410791772508	2.75611768592783	1.11200976820275
817	0	0	0	0.1	0.13128227016011	0.0357072980266949	0.0657504893736798	0.204641743994832	0.138891254621152	0	0	0	0.2	0.266909711344015	0.0926366720200424	0.0980175554873996	0.462238536356444	0.364220980869044	0	0	1	0.1	0.207341602917002	0.0666069278618393	0.0860742297272408	0.33981234706981	0.253738117342569	0	0	1	0.2	0.676970909196318	0.176685847722325	0.35725105037696	1.03553051387132	0.678279463494359	0	0	2	0.1	0.654031905954491	0.122325606259328	0.442929341439443	0.921579744948453	0.47865040350901	0	0	2	0.2	1.50602931061714	0.244010328477286	1.06530645044495	2.01340380135349	0.948097350908536	0	0	3	0.1	1.0173971572686	0.167797302887411	0.723153174054123	1.38320391428511	0.660050740230986	0	0	3	0.2	2.05951101749383	0.296160212149722	1.50190753703426	2.69628722923028	1.19437969219602
990	0	0	0	0.1	0.12012425369168	0.0415745242624069	0.0458310435050699	0.207760860116706	0.161929816611636	0	0	0	0.2	0.250726301374011	0.101900141021566	0.0721049042902005	0.467570032686594	0.395465128396393	0	0	1	0.1	0.202653792422663	0.0674111041835261	0.0678926132316665	0.334552903915814	0.266660290684148	0	0	1	0.2	0.693242679522593	0.191759157661773	0.314850561416747	1.06700847144379	0.752157910027039	0	0	2	0.1	0.660027320545654	0.125289052931064	0.428259083341563	0.910045303927838	0.481786220586274	0	0	2	0.2	1.50241702485111	0.236169023378444	1.05015280313219	1.97815646870398	0.928003665571791	0	0	3	0.1	1.017085002915	0.150009087666925	0.732947075115279	1.32976680881891	0.596819733703635	0	0	3	0.2	1.99752192623583	0.253889875697314	1.52364689898485	2.51504725516868	0.991400356183828
888	0	0	0	0.1	0.110801015360249	0.0299864477022776	0.0541473908917965	0.170734230666785	0.116586839774988	0	0	0	0.2	0.276418751121386	0.0718372613167202	0.145855048832812	0.426937531054041	0.281082482221229	0	0	1	0.1	0.279700408268586	0.0542046871994403	0.174652961297174	0.392178163592653	0.217525202295479	0	0	1	0.2	0.799796116145989	0.148095413912604	0.531484862526549	1.12537022303725	0.593885360510696	0	0	2	0.1	0.666353425088298	0.0980975708968042	0.485751028980758	0.872277509898945	0.386526480918187	0	0	2	0.2	1.44893900858553	0.191716092766899	1.09513912916121	1.82983415573953	0.734695026578321	0	0	3	0.1	0.93711555651774	0.126499279845655	0.715513074404241	1.20260251775163	0.487089443347392	0	0	3	0.2	1.82337055755477	0.22046622016065	1.42273348116156	2.26463954027249	0.84190605911093
890	0	0	0	0.1	0.120930017871175	0.0324393715461997	0.0593375915525316	0.185356623724654	0.126019032172123	0	0	0	0.2	0.187521460850104	0.0739954950941252	0.0442657752668986	0.332529027322966	0.288263252056068	0	0	1	0.1	0.141338538471364	0.0595404288034867	0.0184327176023782	0.25963332778941	0.241200610187032	0	0	1	0.2	0.501780953390556	0.178646150578152	0.163520435762101	0.858176028706728	0.694655592944627	0	0	2	0.1	0.602889319808257	0.124161874905923	0.367553281783887	0.851699749914848	0.484146468130961	0	0	2	0.2	1.45310748191495	0.248244272614951	0.979832719479109	1.9301878726798	0.950355153200688	0	0	3	0.1	1.0165030438167	0.159140891941357	0.722986333230313	1.337835260221	0.614848926990688	0	0	3	0.2	2.02915790835566	0.267508557527122	1.55370813017516	2.54773289837126	0.994024768196098
666	0	0	0	0.1	0.198640062505161	0.0412859773452259	0.118848724266373	0.277604029392848	0.158755305126475	0	0	0	0.2	0.334515655782022	0.0898255377219087	0.160997649383509	0.505395636499076	0.344397987115567	0	0	1	0.1	0.142201485303119	0.0675917441683571	0.016915024711299	0.279460372378721	0.262545347667422	0	0	1	0.2	0.446849419738076	0.175633541286433	0.123348499865444	0.817640522600064	0.69429202273462	0	0	2	0.1	0.491306045706939	0.115721097369165	0.282382884484236	0.732206056539212	0.449823172054976	0	0	2	0.2	1.18117433184635	0.23950598458202	0.740994668112895	1.65453466798725	0.913539999874357	0	0	3	0.1	0.835381511141801	0.146476003364787	0.565291179271264	1.11754231997298	0.552251140701712	0	0	3	0.2	1.74056006907336	0.265813491083952	1.24797052973746	2.26453764999274	1.01656712025527
939	0	0	0	0.1	0.0800134114564413	0.029429996779791	0.0225565601302237	0.138095916869057	0.115539356738834	0	0	0	0.2	0.207250259382222	0.0653857643349905	0.084420512769508	0.340088722634193	0.255668209864686	0	0	1	0.1	0.236230693434974	0.0654140501386668	0.116897384680547	0.368639641243057	0.25174225656251	0	0	1	0.2	0.682339465161341	0.178050710886013	0.371959222619924	1.07257771065484	0.700618488034917	0	0	2	0.1	0.622631072125023	0.119612918403081	0.405990770532175	0.872287259867745	0.46629648933557	0	0	2	0.2	1.42757011702327	0.24238641244588	0.963417435468632	1.90732266394171	0.943905228473074	0	0	3	0.1	0.961416126936503	0.157028364727359	0.671994147824399	1.27150940959839	0.599515261773992	0	0	3	0.2	1.90718892836005	0.275348274207355	1.36407099397261	2.41756594658046	1.05349495260785
859	0	0	0	0.1	0.148698448842798	0.0329927401009363	0.085150577007977	0.213599727017579	0.128449150009602	0	0	0	0.2	0.33998598699229	0.0874710357692251	0.187950872061187	0.524614283736577	0.33666341167539	0	0	1	0.1	0.169191002374795	0.0841313738440727	0.0191115496167564	0.358733908805981	0.339622359189225	0	0	1	0.2	0.547147963242983	0.232744726530485	0.165157943133499	1.13035020105478	0.965192257921283	0	0	2	0.1	0.517835165576483	0.137810872011835	0.287567237767139	0.837363193775778	0.549795956008639	0	0	2	0.2	1.22732677541586	0.258848945177647	0.758015774008551	1.81408142469484	1.05606565068629	0	0	3	0.1	0.862185716029043	0.160784351250332	0.571156785319062	1.2215280898001	0.650371304481036	0	0	3	0.2	1.74163993106942	0.272646310010136	1.22838066755875	2.28926209628834	1.06088142872959
915	0	0	0	0.1	0.0844608503601738	0.0316762960822015	0.0232001614984343	0.14577886396384	0.122578702465406	0	0	0	0.2	0.176881909683525	0.0790490680325217	0.0246360887613015	0.331827264451863	0.307191175690561	0	0	1	0.1	0.166106199069192	0.0638974723203891	0.049291629194531	0.296392649458948	0.247101020264417	0	0	1	0.2	0.525706949844289	0.17158360536293	0.229520388804349	0.884608452189765	0.655088063385416	0	0	2	0.1	0.551554421451142	0.108080887066661	0.368767400067403	0.790699335988848	0.421931935921445	0	0	2	0.2	1.23671294684922	0.200206393393403	0.874705372907947	1.65811414207947	0.783408769171521	0	0	3	0.1	0.873570427990023	0.130264112584288	0.64248723718303	1.14770682324235	0.505219586059323	0	0	3	0.2	1.66864535628142	0.21792514073557	1.27433469231959	2.10025669217711	0.825921999857529
971	0	0	0	0.1	0.105132570614369	0.0350202869115381	0.038828008462174	0.173846034772396	0.135018026310222	0	0	0	0.2	0.275281167015618	0.0812911700100298	0.12215936083394	0.447096464372989	0.32493710353905	0	0	1	0.1	0.279408116201913	0.0564274425465256	0.173099176092936	0.400851942294478	0.227752766201542	0	0	1	0.2	0.731293414937148	0.143047137969784	0.467730566282328	1.04916231167395	0.581431745391621	0	0	2	0.1	0.58767551346917	0.0942856585354219	0.413859531096543	0.78230114808756	0.368441616991017	0	0	2	0.2	1.2876208857173	0.186829004785206	0.923154927041982	1.67578827836192	0.752633351319933	0	0	3	0.1	0.843832458856879	0.119995892034387	0.614640251738107	1.09123356576428	0.47659331402617	0	0	3	0.2	1.69116081552469	0.213315024270341	1.26937965825409	2.11963255391902	0.850252895664923
959	0	0	0	0.1	0.0861155606803544	0.0322501377578326	0.0232597261553615	0.148031520559898	0.124771794404537	0	0	0	0.2	0.190009174166197	0.0802906209809349	0.0372388976340709	0.35132273674304	0.314083839108969	0	0	1	0.1	0.138665267746847	0.0608370228278443	0.0290389973786353	0.260584143139118	0.231545145760483	0	0	1	0.2	0.4729896096997	0.171378589477646	0.171624408091249	0.82224843625306	0.650624028161811	0	0	2	0.1	0.466966325935765	0.11859745475219	0.261486673410186	0.714675266344457	0.453188592934271	0	0	2	0.2	1.05687319732407	0.235987267790979	0.628163319457692	1.5331435496685	0.904980230210803	0	0	3	0.1	0.720190851273767	0.148136010659458	0.457710460543449	1.02220932312407	0.564498862580625	0	0	3	0.2	1.43952529446539	0.267341474433723	0.953249827373231	1.97749005770863	1.0242402303354
785	0	0	0	0.1	0.112464360664463	0.0344930359357501	0.0479624093879637	0.185542006119743	0.137579596731779	0	0	0	0.2	0.238026474589301	0.0789498110633543	0.102660997417243	0.401178004796767	0.298517007379524	0	0	1	0.1	0.241036291417795	0.0595131267853373	0.128750027025646	0.359577596536512	0.230827569510865	0	0	1	0.2	0.77948467186859	0.171319254096631	0.473289836970132	1.13609982271319	0.662809985743062	0	0	2	0.1	0.724741274844991	0.112840360114758	0.529384449489722	0.977262532513241	0.447878083023519	0	0	2	0.2	1.65642326504817	0.222237522831012	1.27242646656888	2.13543923927217	0.863012772703297	0	0	3	0.1	1.08261400477006	0.145155660372745	0.825755531356276	1.40534242610399	0.579586894747714	0	0	3	0.2	2.15949566800474	0.259073475477214	1.68263080493662	2.74311354586485	1.06048274092823
550	0	0	0	0.1	0.111224539310325	0.0349516870063581	0.0473521466026356	0.187653613931616	0.14030146732898	0	0	0	0.2	0.202970768721364	0.089859959605398	0.0488439425752211	0.398471934901057	0.349627992325836	0	0	1	0.1	0.130353302673546	0.0619951015792756	0.00802005736657223	0.247856196420084	0.239836139053512	0	0	1	0.2	0.418972178076193	0.151217104636546	0.132935809304857	0.721794072405123	0.588858263100266	0	0	2	0.1	0.465123662399188	0.0935360267203629	0.293083519233485	0.655350821568145	0.36226730233466	0	0	2	0.2	1.05849610992036	0.184314367078232	0.715518069569237	1.40832669082606	0.69280862125682	0	0	3	0.1	0.754591788707943	0.117039467197307	0.538368014643197	0.973935241806904	0.435567227163707	0	0	3	0.2	1.50328722466409	0.208713220300106	1.11011354418355	1.89355426944506	0.783440725261511
835	0	0	0	0.1	0.0422419693882273	0.0342779503952524	-0.0299953568360598	0.111649521077465	0.141644877913525	0	0	0	0.2	0.0768921732350983	0.0836860908652124	-0.0895868361364219	0.239133662850815	0.328720498987237	0	0	1	0.1	0.123643949438698	0.0595131867701319	0.00895790987822056	0.240312124212393	0.231354214334172	0	0	1	0.2	0.477006481956089	0.162172755616987	0.167048051715442	0.809210353633813	0.642162301918371	0	0	2	0.1	0.526526801599703	0.110222047474399	0.322074053661923	0.741646827223234	0.419572773561311	0	0	2	0.2	1.2493138539458	0.226453394731402	0.825154751905572	1.70089855011054	0.875743798204965	0	0	3	0.1	0.872176013524229	0.148862610304325	0.605030759837163	1.16013644593358	0.555105686096414	0	0	3	0.2	1.76347927496667	0.261741725056998	1.28609084075987	2.27132520665692	0.985234365897053
848	0	0	0	0.1	0.0597746533652326	0.0299559948480282	-0.00151778343754193	0.114664320062337	0.116182103499879	0	0	0	0.2	0.139886925613624	0.0783535741560531	-0.0269569103617917	0.283389261554237	0.310346171916029	0	0	1	0.1	0.155503883017614	0.0640585437689226	0.0210982796605462	0.276130741539544	0.255032461878998	0	0	1	0.2	0.506498377728781	0.161373873634503	0.16868981985786	0.817782730784293	0.649092910926433	0	0	2	0.1	0.498172590021502	0.0993071560187095	0.30948323373171	0.697243958066039	0.387760724334329	0	0	2	0.2	1.17084988242371	0.20322209723067	0.768715859438067	1.57498187415156	0.806266014713497	0	0	3	0.1	0.797736388176825	0.127245111408887	0.562816653773867	1.05891091544891	0.496094261675041	0	0	3	0.2	1.62014934246834	0.228915663648602	1.19123614870615	2.07625439224374	0.885018243537586
920	0	0	0	0.1	0.0479445078534615	0.0325267847032263	-0.0194059078225104	0.111210668062411	0.130616575884922	0	0	0	0.2	0.0328315280812835	0.0742757362900476	-0.121777187619978	0.17168099040606	0.293458178026038	0	0	1	0.1	0.0903080072251429	0.0590166881010718	-0.0259161921756033	0.213148821455552	0.239065013631156	0	0	1	0.2	0.457546525302582	0.170248787474286	0.17085250393983	0.824787554719057	0.653935050779227	0	0	2	0.1	0.618419852963198	0.126156484977688	0.387262820112495	0.875036275863889	0.487773455751394	0	0	2	0.2	1.47492908863325	0.250578376472353	0.967665417694838	1.93634997355392	0.968684555859078	0	0	3	0.1	1.02202174975908	0.16355635486363	0.684292986438146	1.32482194501672	0.640528958578573	0	0	3	0.2	2.00268831298921	0.273663546992428	1.44498942794154	2.50075996616612	1.05577053822459
914	0	0	0	0.1	0.0775272312087045	0.0335870637533877	0.0104406865036266	0.144453814068068	0.134013127564441	0	0	0	0.2	0.178665128546588	0.0796589820590135	0.0286557444296068	0.335048975126721	0.306393230697114	0	0	1	0.1	0.21254984916526	0.073185976245169	0.0815952879199519	0.370808826217133	0.289213538297181	0	0	1	0.2	0.766422768746744	0.245071619848754	0.356338348605862	1.31094213709326	0.954603788487399	0	0	2	0.1	0.754346401248058	0.169038051172111	0.450605731834856	1.09905044924777	0.648444717412918	0	0	2	0.2	1.79166980202458	0.324877746895492	1.18876256491472	2.41124657244741	1.22248400753269	0	0	3	0.1	1.19607605679818	0.207144871887162	0.816752143641846	1.60274008693128	0.785987943289432	0	0	3	0.2	2.37702198474712	0.33720789794432	1.74411876014329	3.02981735944042	1.28569859929713
737	0	0	0	0.1	0.072281264653767	0.0327165045926903	0.00701230420360841	0.13598113146111	0.128968827257501	0	0	0	0.2	0.137392861463923	0.0859883738755289	-0.0324192854830643	0.30635840268696	0.338777688170024	0	0	1	0.1	0.129134965035148	0.0767026847901944	-0.0216106440271034	0.271912040100397	0.2935226841275	0	0	1	0.2	0.498515409216566	0.213929318898323	0.0958188506925657	0.922445704086243	0.826626853393677	0	0	2	0.1	0.528737210103172	0.13919869090782	0.284908135702666	0.831483294457048	0.546575158754382	0	0	2	0.2	1.23819958753555	0.275416294751449	0.751861314347134	1.84619888641835	1.09433757207122	0	0	3	0.1	0.838259148770675	0.16921983410403	0.552686498965593	1.23449483724719	0.681808338281594	0	0	3	0.2	1.66755982199283	0.293409424191014	1.16607916214751	2.33588192656	1.16980276441248
831	0	0	0	0.1	0.0891991601641305	0.0309459810918738	0.0310497830383966	0.153603293496236	0.12255351045784	0	0	0	0.2	0.210586454446448	0.0788414194406146	0.0746296064423066	0.365498896650079	0.290869290207772	0	0	1	0.1	0.219682023565309	0.0751367232399183	0.0761535710110337	0.381581847450286	0.305428276439253	0	0	1	0.2	0.669622096625957	0.197390544694486	0.303758752178519	1.0517118625155	0.74795311033698	0	0	2	0.1	0.569720897224237	0.117788179194902	0.369956772399935	0.82863218391882	0.458675411518885	0	0	2	0.2	1.28553035328763	0.226111304602349	0.887758661650914	1.76599994873856	0.878241287087645	0	0	3	0.1	0.848223821934675	0.137202554118017	0.60463110966207	1.16259680745421	0.557965697792144	0	0	3	0.2	1.70219489311543	0.244982425920537	1.27409131466934	2.24217942065622	0.968088105986879
991	0	0	0	0.1	0.133562950752839	0.0316766747431571	0.075095791983871	0.19907779113443	0.12398199915056	0	0	0	0.2	0.240959603689474	0.0775835521667051	0.0968571116242739	0.403434130671384	0.30657701904711	0	0	1	0.1	0.0936784487100384	0.0513261936108063	-0.00769077344066029	0.198053695488213	0.205744468928874	0	0	1	0.2	0.26635250111648	0.127213354262775	0.0272306074965189	0.522452295050698	0.49522168755418	0	0	2	0.1	0.306670415502648	0.085540078263882	0.149505781921657	0.492724997191543	0.343219215269886	0	0	2	0.2	0.765144165923544	0.189566504445358	0.411757391944681	1.17163628745849	0.759878895513814	0	0	3	0.1	0.558852532647783	0.115418297378782	0.347963190755594	0.795220943395079	0.447257752639484	0	0	3	0.2	1.22586560230177	0.227772253514198	0.810014889704094	1.66935699368071	0.859342103976613
898	0	0	0	0.1	0.0925121810342289	0.0309205905537069	0.0265588905371871	0.154573452552564	0.128014562015377	0	0	0	0.2	0.184198947463649	0.0731745277971911	0.0417390317521157	0.321912938234444	0.280173906482329	0	0	1	0.1	0.149741148484933	0.0585036546198307	0.0392705894450578	0.269307275422154	0.230036685977097	0	0	1	0.2	0.481826269776105	0.153958607149009	0.212652246316135	0.793724618731874	0.581072372415739	0	0	2	0.1	0.481230858120061	0.0998838428954304	0.303748865150475	0.684527437762246	0.380778572611771	0	0	2	0.2	1.11296627641679	0.204937075208292	0.732718315117039	1.51736015996119	0.784641844844148	0	0	3	0.1	0.751004790981386	0.124395804110012	0.531387989945513	1.00454884532568	0.473160855380167	0	0	3	0.2	1.53032710812548	0.228585965703793	1.11486135406283	2.0030135536339	0.88815219957107
871	0	0	0	0.1	0.0806465629305584	0.0304426553818172	0.0214420021714262	0.14189152651789	0.120449524346464	0	0	0	0.2	0.157849550957765	0.0732163262735719	0.0169783515079189	0.306346746154712	0.289368394646793	0	0	1	0.1	0.0799333260714745	0.0611970727246509	-0.043143212393618	0.206639696901484	0.249782909295102	0	0	1	0.2	0.269188698465725	0.149566110988364	0.00255278271833532	0.580384634678662	0.577831851960327	0	0	2	0.1	0.338431471911058	0.0902105296432085	0.182254481101573	0.52063441229177	0.338379931190197	0	0	2	0.2	0.870349203446637	0.191217298287078	0.526717078376902	1.26301947887679	0.736302400499883	0	0	3	0.1	0.646067821259076	0.116236123504125	0.430320846147968	0.891007960664044	0.460687114516076	0	0	3	0.2	1.39101592924448	0.218672512303201	0.961911087775593	1.82987060140976	0.867959513634167
965	0	0	0	0.1	0.0802086893954737	0.0344120232159233	0.0155944274090322	0.146191451634362	0.130597024225329	0	0	0	0.2	0.169991505867018	0.0761230947300232	0.027593416984458	0.319800908883283	0.292207491898825	0	0	1	0.1	0.170662901674072	0.0579599694013801	0.0574402919412049	0.282887620572191	0.225447328630986	0	0	1	0.2	0.517271014819956	0.157780210789529	0.211921548634704	0.844455277166198	0.632533728531494	0	0	2	0.1	0.493662341890219	0.109542330659541	0.298091799378056	0.727483669381783	0.429391870003727	0	0	2	0.2	1.20426087895047	0.24728964399978	0.750239487029241	1.73150493519674	0.981265448167501	0	0	3	0.1	0.810228945920806	0.156994992858257	0.528084486116757	1.13560205474705	0.607517568630294	0	0	3	0.2	1.74611733194606	0.306655246387764	1.19430822351462	2.35683081867659	1.16252259516197
924	0	0	0	0.1	0.0632922703138347	0.0272257341798581	0.010456762582715	0.117494500300088	0.107037737717373	0	0	0	0.2	0.116702661806438	0.0637706078091117	-0.0039002468973101	0.24796740585837	0.25186765275568	0	0	1	0.1	0.109908775960478	0.059645493049487	-0.0041514375667267	0.226535459062165	0.230686896628891	0	0	1	0.2	0.337889782422987	0.164602653514834	0.0293782094274364	0.644263290951927	0.614885081524491	0	0	2	0.1	0.351800670659747	0.099679492323612	0.162632753152234	0.542732295076708	0.380099541924473	0	0	2	0.2	0.821098663472751	0.202404669490763	0.428470456619128	1.22560497107535	0.797134514456222	0	0	3	0.1	0.570603885710608	0.116698092327055	0.354167300258637	0.8107568783397	0.456589578081062	0	0	3	0.2	1.17829364556045	0.214669978095734	0.775419036419168	1.62329948469772	0.847880448278552
973	0	0	0	0.1	0.100571437393288	0.0413907494594195	0.0178101026100009	0.182959726766365	0.165149624156365	0	0	0	0.2	0.213528310711364	0.110214930269522	-0.00286871356402285	0.446000837761081	0.448869551325104	0	0	1	0.1	0.207364116086004	0.0938251345959501	0.0277054317507904	0.40399534938033	0.37628991762954	0	0	1	0.2	0.74049556182988	0.251934587175965	0.274365555395497	1.25825654045591	0.983890985060416	0	0	2	0.1	0.72560200259702	0.150878059409324	0.454543156440166	1.05704717672979	0.602504020289622	0	0	2	0.2	1.65367640096705	0.281609166228187	1.1110794724989	2.25330095421442	1.14222148171552	0	0	3	0.1	1.09822319358704	0.187478826139035	0.750476969286075	1.47649165119098	0.726014681904902	0	0	3	0.2	2.155272494962	0.319677455996157	1.56051698127872	2.77851409195081	1.21799711067209
951	0	0	0	0.1	0.107712926152456	0.0378435877355591	0.0336114792216018	0.179721179203787	0.146109699982186	0	0	0	0.2	0.201279000745232	0.0914875952898691	0.0219301068901667	0.381356458846072	0.359426351955905	0	0	1	0.1	0.175492484073623	0.0675571161896334	0.0411693180889977	0.308715828410035	0.267546510321037	0	0	1	0.2	0.583354573768673	0.185891572145764	0.229946226977499	0.965721029650343	0.735774802672844	0	0	2	0.1	0.589962321795121	0.118983325450097	0.364084238073681	0.843745787450418	0.479661549376737	0	0	2	0.2	1.33912822278884	0.229182657646986	0.899621558539043	1.79378931914149	0.894167760602446	0	0	3	0.1	0.892806862747826	0.140603995764747	0.620458316347785	1.18381920862357	0.563360892275782	0	0	3	0.2	1.76900821939457	0.24429033745983	1.28255624163726	2.23743307135742	0.954876829720156
912	0	0	0	0.1	0.0444079102666047	0.0314787506363932	-0.0152072876346307	0.107630129217979	0.12283741685261	0	0	0	0.2	0.115879319942391	0.0763490758502529	-0.0254400237789026	0.277576390965989	0.303016414744891	0	0	1	0.1	0.136923254292254	0.0611237075730654	0.0296904765514531	0.26480918897218	0.235118712420727	0	0	1	0.2	0.433176404583492	0.161475157537956	0.156598923718392	0.782574053033295	0.625975129314904	0	0	2	0.1	0.433593595091896	0.103616351441411	0.249754561740965	0.649134480431954	0.399379918690989	0	0	2	0.2	1.0202958080867	0.213222070666941	0.625945148227374	1.46581733778859	0.839872189561214	0	0	3	0.1	0.719402492826778	0.13594267763747	0.482003067936451	1.00619187244136	0.524188804504914	0	0	3	0.2	1.50439660968801	0.251735898181823	1.067261475541	2.0361404647148	0.968878989173799
997	0	0	0	0.1	0.0626541611971618	0.0285827423937318	0.00576824827113231	0.117158821945564	0.111390573674432	0	0	0	0.2	0.137175455245513	0.0706847047037072	0.00424949231850753	0.279719063712958	0.275469571394451	0	0	1	0.1	0.157497623455296	0.0621741169897572	0.0369140633413175	0.276843399184057	0.239929335842739	0	0	1	0.2	0.513725851763366	0.171752970592411	0.194925897552716	0.863386241268028	0.668460343715311	0	0	2	0.1	0.517122184773781	0.112009960389734	0.312006334089397	0.754592268727341	0.442585934637944	0	0	2	0.2	1.19816359305885	0.221237991583337	0.790878726348117	1.66418258326275	0.873303856914629	0	0	3	0.1	0.807107110864598	0.136012096199813	0.568919982080235	1.10696821680059	0.53804823472035	0	0	3	0.2	1.60980325500815	0.238269459251793	1.16742055756266	2.12780278490822	0.960382227345564
855	0	0	0	0.1	0.141259447192278	0.0300076827435578	0.0866719702424752	0.201703780809288	0.115031810566813	0	0	0	0.2	0.334706353221312	0.0773858373503877	0.197130623147822	0.504098697764284	0.306968074616463	0	0	1	0.1	0.25307888007316	0.0706848922914231	0.121702900681352	0.396903472187657	0.275200571506305	0	0	1	0.2	0.815589584746272	0.228238306860596	0.394699659212087	1.30758371876025	0.912884059548164	0	0	2	0.1	0.720578999695873	0.159058810540223	0.430000236414824	1.05906289957956	0.629062663164736	0	0	2	0.2	1.56413042662362	0.286967059857012	1.02071883780425	2.13886452805337	1.11814569024912	0	0	3	0.1	1.05338304521313	0.181999425410017	0.720303972641004	1.42256434371232	0.702260371071313	0	0	3	0.2	1.96770046513965	0.281130175081741	1.44725075836174	2.50781633640284	1.0605655780411
892	0	0	0	0.1	0.125128650543235	0.0319015664132503	0.0621613069823875	0.191436744977473	0.129275437995086	0	0	0	0.2	0.26766439870248	0.0823198025007475	0.119142175173503	0.442535969638649	0.323393794465146	0	0	1	0.1	0.208555106857552	0.0677660511553723	0.0846084837711452	0.348223074297963	0.263614590526818	0	0	1	0.2	0.602627354363238	0.178128071112887	0.266125559322918	0.970959629040522	0.704834069717604	0	0	2	0.1	0.533426954319953	0.110620646945021	0.323921971384546	0.756429245079405	0.432507273694859	0	0	2	0.2	1.22272469227766	0.228361921105612	0.792498045129185	1.67842072557819	0.885922680449	0	0	3	0.1	0.802403565006141	0.136221789583588	0.544240813617127	1.07226246274853	0.528021649131404	0	0	3	0.2	1.61967247892496	0.249658562994417	1.12045697077891	2.09864322826819	0.978186257489276
893	0	0	0	0.1	0.121411817472435	0.0321090772451158	0.0568711144126294	0.180746845731513	0.123875731318884	0	0	0	0.2	0.25027387741612	0.0798271760654206	0.0914930440665428	0.397890929234075	0.306397885167532	0	0	1	0.1	0.233807573755684	0.0715158623490424	0.101714750217037	0.383359691229156	0.281644941012119	0	0	1	0.2	0.759386502132977	0.211867348771134	0.395000686165403	1.21060602169742	0.815605335532013	0	0	2	0.1	0.703188272942541	0.15175965179349	0.452380343208738	1.02425070669605	0.57187036348731	0	0	2	0.2	1.54599233925467	0.290729411078487	1.0639444327311	2.14749609855047	1.08355166581936	0	0	3	0.1	1.0501536487878	0.194023250807817	0.737872887247556	1.45395859981922	0.716085712571662	0	0	3	0.2	2.02090291026979	0.320096666504484	1.48202752733268	2.69752432045749	1.21549679312481
680	0	0	0	0.1	0.101962790276498	0.0395609774233604	0.032042019056371	0.181195601992421	0.14915358293605	0	0	0	0.2	0.254212128772831	0.0945104586340221	0.0796588990295665	0.45536484525847	0.375705946228903	0	0	1	0.1	0.192850858063618	0.0582956564059586	0.0773913875756234	0.302953265627416	0.225561878051792	0	0	1	0.2	0.488714805022441	0.141856703263968	0.22762147431277	0.780795007868744	0.553173533555974	0	0	2	0.1	0.407808891138286	0.0857934982678331	0.254896913744964	0.585009160378726	0.330112246633762	0	0	2	0.2	0.919672329948452	0.174448300197422	0.609064478755952	1.27758754436463	0.668523065608682	0	0	3	0.1	0.612498380418725	0.103251536264693	0.437112447414432	0.83457817115527	0.397465723740838	0	0	3	0.2	1.25565478399189	0.192862650332907	0.918553281208614	1.66871269987327	0.750159418664655
905	0	0	0	0.1	0.0702307122360559	0.0335631248936557	0.00227098365914671	0.132026047837919	0.129755064178772	0	0	0	0.2	0.145608431769623	0.0809884274377927	-0.023270037646871	0.29310112264663	0.316371160293501	0	0	1	0.1	0.178093840343767	0.0666626791648426	0.0520893310493471	0.315116464656561	0.263027133607214	0	0	1	0.2	0.612718615477753	0.198653311893892	0.259311941622468	1.04043758692735	0.781125645304886	0	0	2	0.1	0.596642334487479	0.132760478519588	0.361326761053713	0.872009251775584	0.51068249072187	0	0	2	0.2	1.4237645152141	0.261091336059237	0.922861506075001	1.93578533345972	1.01292382738472	0	0	3	0.1	0.960960810057947	0.164814089545771	0.646196393136942	1.28381330323315	0.637616910096206	0	0	3	0.2	1.96982309512295	0.289035271648038	1.41270606817984	2.51943191885102	1.10672585067118
804	0	0	0	0.1	0.102984082973453	0.034017607582463	0.0382813815513207	0.16965650640004	0.13137512484872	0	0	0	0.2	0.226468415270274	0.086697168120828	0.0632843632635244	0.405227805150433	0.341943441886909	0	0	1	0.1	0.139100827102829	0.0671254845564308	0.017801495650103	0.274774132771948	0.256972637121845	0	0	1	0.2	0.451444474053995	0.174133398003324	0.137595392722884	0.803441927494914	0.66584653477203	0	0	2	0.1	0.444341555007601	0.112104126824288	0.246939093794946	0.68595411015085	0.439015016355903	0	0	2	0.2	1.07831919823836	0.231855672944591	0.662721428530571	1.57112585530152	0.908404426770951	0	0	3	0.1	0.747219067248303	0.142756644205038	0.500522442567795	1.05836124610221	0.557838803534415	0	0	3	0.2	1.59100553795468	0.259995104940679	1.1303742572211	2.14511182292267	1.01473756570156
929	0	0	0	0.1	0.115862833339974	0.0338344939460176	0.0451131046298426	0.181806196462428	0.136693091832586	0	0	0	0.2	0.207575087931516	0.0769582226036518	0.0517497488489411	0.358509020947832	0.306759272098891	0	0	1	0.1	0.0802346621274878	0.0584349375194721	-0.0296242361086362	0.196972920797156	0.226597156905792	0	0	1	0.2	0.283079974576475	0.143633784534716	0.0169572516920938	0.586312661552527	0.569355409860433	0	0	2	0.1	0.344258681194216	0.0860488544646325	0.18488386357706	0.529295900585245	0.344412037008185	0	0	2	0.2	0.883764174559182	0.183927000254661	0.545070989802894	1.25868952758757	0.713618537784672	0	0	3	0.1	0.629983685650216	0.108834111869773	0.434999908989542	0.851826001979462	0.41682609298992	0	0	3	0.2	1.40024648605055	0.216344551277394	1.01358808624797	1.84050404116233	0.826915954914365
992	0	0	0	0.1	0.138945025971374	0.0333326060231698	0.074109570205861	0.203721382034852	0.129611811828991	0	0	0	0.2	0.347060024618399	0.0839487463998988	0.196219752459088	0.520931781622296	0.324712029163208	0	0	1	0.1	0.301545583037563	0.0728424593090071	0.158898176167594	0.438498070407439	0.279599894239845	0	0	1	0.2	0.81747561732853	0.186355186382384	0.446269177414022	1.18914092161483	0.742871744200808	0	0	2	0.1	0.644800665856436	0.114136407229489	0.422927418201428	0.88069797818418	0.457770559982753	0	0	2	0.2	1.36666509845546	0.205305495867131	0.971789183159204	1.78034154282968	0.808552359670475	0	0	3	0.1	0.859235708028576	0.124749161913231	0.634364978416349	1.11982434127719	0.485459362860839	0	0	3	0.2	1.659019929712	0.208846022150317	1.26954626622573	2.08853001820432	0.818983751978588
923	0	0	0	0.1	0.0729313884669036	0.0314582137234923	0.00840797005132755	0.13401406183532	0.125606091783992	0	0	0	0.2	0.153689735922934	0.0801510005226492	-0.00236375647060953	0.309138348938219	0.311502105408828	0	0	1	0.1	0.152794521134709	0.0695083645709435	0.013441868882043	0.288119207527875	0.274677338645832	0	0	1	0.2	0.528350746898308	0.199174679919014	0.160102328574027	0.949950596398436	0.78984826782441	0	0	2	0.1	0.53432289315785	0.131912719368942	0.302691807592213	0.83607945706572	0.533387649473507	0	0	2	0.2	1.28505844438009	0.257830063123871	0.850028716066031	1.83465571469315	0.984626998627116	0	0	3	0.1	0.884992216411906	0.161952663029418	0.606250132732622	1.26524209949174	0.658991966759118	0	0	3	0.2	1.7985546237579	0.2745935440704	1.31905110972838	2.38214688092108	1.0630957711927
993	0	0	0	0.1	0.0865359158055208	0.0341419477621911	0.0198499094026536	0.149767903152647	0.129917993749993	0	0	0	0.2	0.217145324657912	0.0821369162502284	0.0628475766963216	0.380842343602607	0.317994766906285	0	0	1	0.1	0.23691109218901	0.0729804840687107	0.104284428875131	0.394587284178084	0.290302855302953	0	0	1	0.2	0.769627427324716	0.216702990300256	0.394656415678058	1.26315752522613	0.868501109548071	0	0	2	0.1	0.688765779369658	0.147040618223078	0.453636578167407	1.03311089572404	0.579474317556633	0	0	2	0.2	1.51857008436843	0.260507105512293	1.06723310325865	2.07115770758603	1.00392460432738	0	0	3	0.1	1.03338287814966	0.17428998684703	0.732302958391032	1.40741086350476	0.675107905113726	0	0	3	0.2	2.02244722329391	0.278919905809959	1.51005113906625	2.56513015914997	1.05507902008372
972	0	0	0	0.1	0.111329702938278	0.0300439808576776	0.0535410982912892	0.171251409835684	0.117710311544395	0	0	0	0.2	0.21707285991097	0.0698427641765411	0.0830640251759085	0.365394090415321	0.282330065239413	0	0	1	0.1	0.175454441707473	0.0608457406690644	0.0572768818061069	0.307190839483939	0.249913957677832	0	0	1	0.2	0.601484085614524	0.198667182332889	0.25836978396358	1.06226636901759	0.803896585054012	0	0	2	0.1	0.615336716186212	0.140725649558522	0.375109926438474	0.922560859978054	0.547450933539581	0	0	2	0.2	1.4620418023628	0.276997888604032	0.965069996624825	2.0643528002185	1.09928280359368	0	0	3	0.1	0.986373141094108	0.175135392950803	0.663381234471097	1.37872715119641	0.715345916725312	0	0	3	0.2	1.97219828861418	0.295206114739742	1.40293416810602	2.58754942262825	1.18461525452223
921	0	0	0	0.1	0.0613849085802203	0.0356824078711897	-0.00926546317185785	0.129706399712685	0.138971862884543	0	0	0	0.2	0.123983298832853	0.079318424778439	-0.0234253579934485	0.291733256512861	0.31515861450631	0	0	1	0.1	0.12440330475017	0.0627968827912016	0.00317056141473013	0.255177952642783	0.252007391228053	0	0	1	0.2	0.421792621524191	0.162482078062284	0.112912337735239	0.759829717880577	0.646917380145337	0	0	2	0.1	0.462983755286905	0.107044790113747	0.275522502147526	0.684586759335058	0.409064257187532	0	0	2	0.2	1.14458314926446	0.237059635792672	0.722820106620892	1.61855020999657	0.895730103375682	0	0	3	0.1	0.791228961340163	0.157175580455353	0.511979654889719	1.12336601968638	0.611386364796662	0	0	3	0.2	1.69872782501364	0.315278112960437	1.1396313449419	2.3785027774147	1.2388714324728
917	0	0	0	0.1	0.0566808650604772	0.0311495618086978	-0.00331903026670285	0.119284373542915	0.122603403809618	0	0	0	0.2	0.128372394447384	0.0809010618972427	-0.0291585786578487	0.290217191329403	0.319375769987251	0	0	1	0.1	0.109869030365881	0.0671494227691935	-0.017338589912527	0.235704981895844	0.253043571808371	0	0	1	0.2	0.378528922508128	0.172257831885088	0.0533100788642127	0.704360542205301	0.651050463341088	0	0	2	0.1	0.435723868774478	0.11074546636414	0.230583141461878	0.673597442727501	0.443014301265623	0	0	2	0.2	1.08943942229064	0.220627924455271	0.657106593010217	1.56572106211075	0.908614469100529	0	0	3	0.1	0.814697396917017	0.144964256637	0.557179362857015	1.12800827626714	0.570828913410125	0	0	3	0.2	1.67804007166467	0.250334513099241	1.22705737975761	2.20111554909704	0.974058169339426
949	0	0	0	0.1	0.169379337152285	0.0311076849420529	0.110466819238694	0.233204448641344	0.12273762940265	0	0	0	0.2	0.372411370895394	0.0763604784551781	0.225128371274442	0.521873499077092	0.296745127802649	0	0	1	0.1	0.183828333373601	0.0542790980848404	0.0713788712542957	0.294499474119249	0.223120602864953	0	0	1	0.2	0.47277496804868	0.135990442250006	0.204440087375154	0.731526899837877	0.527086812462723	0	0	2	0.1	0.403042627071209	0.0866307361364393	0.244642407745693	0.582655417655146	0.338013009909453	0	0	2	0.2	0.986859450491273	0.192094680995405	0.627953893739786	1.38570057765526	0.757746683915472	0	0	3	0.1	0.698613922368269	0.123036146542303	0.478350987963646	0.960635215581618	0.482284227617972	0	0	3	0.2	1.55256879808249	0.249783166441911	1.11249301125334	2.08363534373201	0.971142332478665
950	0	0	0	0.1	0.0885828199201635	0.027363460451962	0.0338486906117456	0.142795898407247	0.108947207795501	0	0	0	0.2	0.152958057153326	0.0727687358292471	0.0158718690268247	0.291604948728932	0.275733079702107	0	0	1	0.1	0.138965815580431	0.0717677831822626	0.00086553669913927	0.281381737051364	0.280516200352225	0	0	1	0.2	0.537428271228601	0.194799473593857	0.170578220723216	0.924873362652794	0.754295141929578	0	0	2	0.1	0.571938300327692	0.127166857726955	0.339547222109728	0.819059242738574	0.479512020628846	0	0	2	0.2	1.38354880172534	0.260842169898078	0.903416004530492	1.89175929522587	0.988343290695379	0	0	3	0.1	0.926125408311874	0.165305279294346	0.629875618361288	1.26793993971425	0.638064321352963	0	0	3	0.2	1.89167843462237	0.29664662465348	1.35386516423886	2.47423307127996	1.1203679070411
928	0	0	0	0.1	0.120382107093005	0.0258608118731702	0.0699643698839854	0.171915737954495	0.101951368070509	0	0	0	0.2	0.17859925342402	0.0603254819547432	0.0626692649795892	0.297186767114799	0.23451750213521	0	0	1	0.1	0.0231011134400453	0.0564763222395828	-0.0929038164358827	0.133131171631392	0.226034988067275	0	0	1	0.2	0.136237059665603	0.15088675256226	-0.131752839177837	0.458254013414688	0.590006852592525	0	0	2	0.1	0.347309910823718	0.10840045661761	0.134101943498994	0.568355724204973	0.434253780705979	0	0	2	0.2	0.957537986014041	0.244657269937816	0.461307148440578	1.44803719994794	0.98673005150736	0	0	3	0.1	0.755994490983413	0.158172228970531	0.450896046401436	1.08306433384605	0.632168287444617	0	0	3	0.2	1.63563660280031	0.292725794310465	1.08799268074315	2.20725082956369	1.11925814882054
873	0	0	0	0.1	0.107130818703225	0.0316057421802992	0.0476245293976339	0.172809122570322	0.125184593172689	0	0	0	0.2	0.339658693883599	0.0923573334156789	0.168006290308611	0.538564011057063	0.370557720748451	0	0	1	0.1	0.35634396390878	0.0835984570297323	0.210537368294581	0.541380295117552	0.330842926822971	0	0	1	0.2	1.00986260160781	0.22545045539624	0.627617052537821	1.48944691213502	0.861829859597199	0	0	2	0.1	0.763788990207953	0.141527631586447	0.516858658146819	1.0624507608808	0.545592102733981	0	0	2	0.2	1.64877299024994	0.263521746737794	1.17021700067564	2.18250644636107	1.01228944568544	0	0	3	0.1	1.07066767304268	0.18236443393655	0.746600164729011	1.45545650667791	0.708856341948899	0	0	3	0.2	2.06634527128613	0.306771038293436	1.48284224430964	2.68427692165702	1.20143467734738
981	0	0	0	0.1	0.1303325482021	0.0337455565802642	0.0662945942109595	0.194290597757255	0.127996003546296	0	0	0	0.2	0.239367611647938	0.0732217360707741	0.0974460909264218	0.384218291789094	0.286772200862672	0	0	1	0.1	0.140629141058883	0.0562249492234432	0.0309188815082685	0.252549787241292	0.221630905733023	0	0	1	0.2	0.408909744179417	0.143980586889265	0.127730275562839	0.690949760338782	0.563219484775943	0	0	2	0.1	0.444231940109121	0.0969958946088219	0.266285935421332	0.634906287209083	0.368620351787751	0	0	2	0.2	1.10356195690666	0.21998454119627	0.697942481038911	1.57301247467258	0.875069993633665	0	0	3	0.1	0.787134302791706	0.142109777429071	0.518447579789908	1.08573932552029	0.567291745730379	0	0	3	0.2	1.71194107151579	0.280672231542259	1.16409366199423	2.30804176724659	1.14394810525236
918	0	0	0	0.1	0.152871597312623	0.0263723892768151	0.1010906099714	0.205028397836509	0.103937787865109	0	0	0	0.2	0.311082319208378	0.0646224781373815	0.193155316356288	0.438984271518847	0.245828955162558	0	0	1	0.1	0.188517387637837	0.0563784075656179	0.0843369022894261	0.309831310481162	0.225494408191736	0	0	1	0.2	0.6450507172677	0.179872204413279	0.33884883846002	1.03944679538707	0.700597956927048	0	0	2	0.1	0.702447847679295	0.137184786722653	0.453944577549213	0.996676223603695	0.542731646054482	0	0	2	0.2	1.71097970226727	0.272343387984976	1.20170654914429	2.24835853242689	1.0466519832826	0	0	3	0.1	1.24672939850131	0.194593170260738	0.889151489352674	1.65389354267326	0.764742053320585	0	0	3	0.2	2.4390879148268	0.30712273461634	1.85569251435003	3.09000122504808	1.23430871069805
994	0	0	0	0.1	0.117286399062548	0.0252477497448535	0.0652967147604066	0.165024470883678	0.0997277561232718	0	0	0	0.2	0.207910655731674	0.0544418789571979	0.101340256092984	0.313171362633612	0.211831106540628	0	0	1	0.1	0.0486086439153271	0.0511868608896334	-0.0580416061502516	0.143822010149104	0.201863616299356	0	0	1	0.2	0.100944857350725	0.137860238606246	-0.189679804203826	0.360221073384225	0.549900877588051	0	0	2	0.1	0.217189284442431	0.0998464804560694	0.0304540203781579	0.419244570256743	0.388790549878585	0	0	2	0.2	0.667234143742336	0.245158526239347	0.207274188311599	1.17773573770363	0.970461549392031	0	0	3	0.1	0.606333879895053	0.157296549410894	0.322183190982838	0.953840240796159	0.631657049813321	0	0	3	0.2	1.49060200687108	0.326440730862901	0.889666592794657	2.16477835827988	1.27511176548522
996	0	0	0	0.1	0.0640897239838806	0.0328321756374229	-2.07270388166136e-05	0.127305559758973	0.12732628679779	0	0	0	0.2	0.120623770345991	0.071857542367734	-0.0115246635631562	0.268185939902662	0.279710603465818	0	0	1	0.1	0.125852039739697	0.052992303502285	0.0247118616579397	0.231074327706064	0.206362466048124	0	0	1	0.2	0.405750250100864	0.146035595469166	0.137440532485727	0.719742149647254	0.582301617161528	0	0	2	0.1	0.466849456127985	0.107885713283586	0.279388546429505	0.696813173600662	0.417424627171157	0	0	2	0.2	1.16668193558037	0.243589267535644	0.750121820009927	1.69281830354406	0.942696483534128	0	0	3	0.1	0.81215203223117	0.157739940873729	0.55385845785426	1.15612072014754	0.60226226229328	0	0	3	0.2	1.7495404704641	0.301800846279612	1.22769394620059	2.39796787130424	1.17027392510364
925	0	0	0	0.1	0.115814549323172	0.0340017899172452	0.0523399512014803	0.182100966248438	0.129761015046958	0	0	0	0.2	0.256321242724639	0.0819307640282573	0.100492825958607	0.421778723234552	0.321285897275945	0	0	1	0.1	0.178537774074889	0.0646612575659316	0.06026711333322	0.307825688105917	0.247558574772697	0	0	1	0.2	0.550931389663062	0.174693908082391	0.23998609734896	0.901493178091462	0.661507080742502	0	0	2	0.1	0.524620950662463	0.114315234721109	0.317064281617696	0.754074162221036	0.437009880603341	0	0	2	0.2	1.21145817778782	0.22264184153932	0.78585218016142	1.62934086551583	0.843488685354405	0	0	3	0.1	0.822636905609875	0.136910919322159	0.565107315084238	1.10098308353042	0.535875768446182	0	0	3	0.2	1.64670902673278	0.23351404396917	1.19641783441285	2.09323242114877	0.896814586735916
