"run_ID"	"eta_z0_row1"	"eta_z1_row1"	"nu_row1"	"rho_row1"	"estimYs_row1"	"sd_row1"	"quantile025_row1"	"quantile975_row1"	"CIlength95_row1"	"eta_z0_row2"	"eta_z1_row2"	"nu_row2"	"rho_row2"	"estimYs_row2"	"sd_row2"	"quantile025_row2"	"quantile975_row2"	"CIlength95_row2"	"eta_z0_row3"	"eta_z1_row3"	"nu_row3"	"rho_row3"	"estimYs_row3"	"sd_row3"	"quantile025_row3"	"quantile975_row3"	"CIlength95_row3"	"eta_z0_row4"	"eta_z1_row4"	"nu_row4"	"rho_row4"	"estimYs_row4"	"sd_row4"	"quantile025_row4"	"quantile975_row4"	"CIlength95_row4"	"eta_z0_row5"	"eta_z1_row5"	"nu_row5"	"rho_row5"	"estimYs_row5"	"sd_row5"	"quantile025_row5"	"quantile975_row5"	"CIlength95_row5"	"eta_z0_row6"	"eta_z1_row6"	"nu_row6"	"rho_row6"	"estimYs_row6"	"sd_row6"	"quantile025_row6"	"quantile975_row6"	"CIlength95_row6"	"eta_z0_row7"	"eta_z1_row7"	"nu_row7"	"rho_row7"	"estimYs_row7"	"sd_row7"	"quantile025_row7"	"quantile975_row7"	"CIlength95_row7"	"eta_z0_row8"	"eta_z1_row8"	"nu_row8"	"rho_row8"	"estimYs_row8"	"sd_row8"	"quantile025_row8"	"quantile975_row8"	"CIlength95_row8"
1	0	0	0	0.1	0.135935734710973	0.0996669990322863	-0.0527364619432232	0.345422869791837	0.39815933173506	0	0	0	0.2	0.279005904035034	0.259887637947643	-0.220150406315283	0.792023270837617	1.0121736771529	0	0	1	0.1	0.240937148123034	0.168308357678993	-0.0868629501359742	0.60047115429101	0.687334104426984	0	0	1	0.2	0.654400529942972	0.391316741624965	-0.0250967485595879	1.5097455758044	1.53484232436398	0	0	2	0.1	0.562862975621012	0.274482584928474	0.125429364425856	1.17475429513465	1.0493249307088	0	0	2	0.2	1.14058561400349	0.532073497546071	0.272627101679221	2.26946515390407	1.99683805222485	0	0	3	0.1	0.773526019490642	0.358870772042954	0.198600861131634	1.60218981509563	1.403588953964	0	0	3	0.2	1.46039749398097	0.645974720443801	0.418530826975913	2.86096480366415	2.44243397668824
2	0	0	0	0.1	0.21479464019266	0.065343861818032	0.110455522422624	0.362014302057869	0.251558779635244	0	0	0	0.2	0.563522623572609	0.219722065643376	0.256178616067767	1.11162673941457	0.855448123346799	0	0	1	0.1	0.726974209283237	0.330304026015758	0.253231328408772	1.5598032015728	1.30657187316403	0	0	1	0.2	2.47591082466138	0.887806503122937	0.851872787141089	4.20577176065342	3.35389897351233	0	0	2	0.1	2.04255925296673	0.67903550863861	0.839165619999893	3.4930363013184	2.6538706813185	0	0	2	0.2	3.66451714488189	0.933228051196781	1.93799823341829	5.63359672647278	3.69559849305449	0	0	3	0.1	2.6708374786068	0.792059816200596	1.31631845372764	4.37618780032234	3.05986934659469	0	0	3	0.2	4.24733644236684	1.05957566753161	2.37437402885597	6.51809456551134	4.14372053665537
76	0	0	0	0.1	0.148454862890273	0.0720927169398458	0.0191951884052936	0.305339276323211	0.286144087917917	0	0	0	0.2	0.362093846993864	0.196403523531023	0.0266661682389594	0.779183612192623	0.752517443953663	0	0	1	0.1	0.30764331880661	0.137782859600263	0.066405055320647	0.624252302124933	0.557847246804286	0	0	1	0.2	0.723655753625831	0.32826605850091	0.17549261363794	1.41542005957274	1.2399274459348	0	0	2	0.1	0.605027638120692	0.235542041976061	0.197908536322564	1.1220372772191	0.924128740896538	0	0	2	0.2	1.19903439342842	0.465609545647816	0.371676902359779	2.13479448955532	1.76311758719554	0	0	3	0.1	0.900934197606348	0.362272027273549	0.281151595816124	1.68704347583364	1.40589188001751	0	0	3	0.2	1.64566899237333	0.645293861573793	0.508109108784542	3.02341577133305	2.51530666254851
61	0	0	0	0.1	0.000908213982683285	0.0784388359731561	-0.157377684261551	0.160283685092321	0.317661369353872	0	0	0	0.2	0.090067458406073	0.203060103175101	-0.297296771212999	0.533713041791723	0.831009813004722	0	0	1	0.1	0.277222171941585	0.151217900018993	0.0172895388855099	0.614967200887204	0.597677662001694	0	0	1	0.2	0.813895451727954	0.378167984859188	0.170534921514091	1.63830956695591	1.46777464544182	0	0	2	0.1	0.829399547814526	0.300964110437606	0.360233071058239	1.47704187529392	1.11680880423568	0	0	2	0.2	1.73896824829861	0.592940670426885	0.744868742079509	3.01938040484261	2.2745116627631	0	0	3	0.1	1.39110531033936	0.470055503797296	0.639984194508693	2.412322892044	1.77233869753531	0	0	3	0.2	2.58825461404571	0.750723322850613	1.33344785354261	4.21875940774796	2.88531155420535
42	0	0	0	0.1	0.0698424662627152	0.0955375380418166	-0.145217433095765	0.23588897235998	0.381106405455745	0	0	0	0.2	0.0960795917777056	0.252645608472246	-0.442423334684496	0.545692947723149	0.988116282407644	0	0	1	0.1	0.157845239670786	0.169809581099859	-0.187664154023699	0.496145663170623	0.683809817194322	0	0	1	0.2	0.626339987312955	0.491505838627989	-0.293128476203386	1.74119716926382	2.0343256454672	0	0	2	0.1	0.793038598219278	0.372144922985519	0.181581756745268	1.63570280266514	1.45412104591987	0	0	2	0.2	1.80401011916166	0.772170613145569	0.395503656343158	3.4869549937406	3.09145133739744	0	0	3	0.1	1.38942456918141	0.570078694346607	0.432340640066132	2.663045185889	2.23070454582287	0	0	3	0.2	2.62156492306548	1.02066461010702	0.864946399231978	4.83991119625862	3.97496479702664
41	0	0	0	0.1	0.0149977668159968	0.0729393723442571	-0.143592354102043	0.138962374007796	0.282554728109839	0	0	0	0.2	-0.0694840526955442	0.17369152669074	-0.456361822567014	0.207510854470005	0.663872677037019	0	0	1	0.1	-0.0352320870391774	0.129565427570106	-0.34788775079835	0.179179485963504	0.527067236761854	0	0	1	0.2	-0.0295378376197601	0.35346468665247	-0.779156600756009	0.626125433110214	1.40528203386622	0	0	2	0.1	0.362172307939968	0.306058295879457	-0.204909686505515	0.999724990155575	1.20463467666109	0	0	2	0.2	0.963156340651847	0.675708378585381	-0.3032946534561	2.41240581823263	2.71570047168873	0	0	3	0.1	0.829501627283735	0.485219390436509	-0.0199139046380165	1.91896301953933	1.93887692417734	0	0	3	0.2	1.61386395623019	0.859922960469966	0.0453279170984489	3.46973676833032	3.42440885123187
10	0	0	0	0.1	0.130161639226928	0.0997648036186047	-0.0561215699328038	0.336449552735095	0.392571122667899	0	0	0	0.2	0.223838915970959	0.238562713507305	-0.213611342876597	0.731413450619985	0.945024793496582	0	0	1	0.1	0.0995025824943991	0.148741005807893	-0.202088477037255	0.395358072522306	0.597446549559561	0	0	1	0.2	0.299078266736024	0.32090341891639	-0.315918680817371	0.954911296648628	1.270829977466	0	0	2	0.1	0.333598237834276	0.198519375896005	-0.00304813426283975	0.760883361696607	0.763931495959447	0	0	2	0.2	0.70110063925978	0.384715287674695	0.0310496625648257	1.51381003860451	1.48276037603968	0	0	3	0.1	0.537657212046051	0.259519742416883	0.102755702520233	1.11308273305656	1.01032703053633	0	0	3	0.2	1.02257030853921	0.472226815338754	0.211534546127219	2.03866329904299	1.82712875291577
43	0	0	0	0.1	0.288988162122435	0.150547740967502	0.0823377810356383	0.678711387136846	0.596373606101207	0	0	0	0.2	1.27491839538507	0.599227289801432	0.381075121051764	2.58306400581404	2.20198888476228	0	0	1	0.1	1.21922022526261	0.544746408686569	0.430357774930577	2.525329068836	2.09497129390543	0	0	1	0.2	2.35105181228825	0.940543864989474	0.935669766387102	4.44477524349138	3.50910547710428	0	0	2	0.1	1.56044710232015	0.640300839322179	0.58559749887072	3.00357685903192	2.4179793601612	0	0	2	0.2	2.68470573294724	1.07348940981494	1.06880283604643	5.19214099331601	4.12333815726959	0	0	3	0.1	1.72562105622492	0.722809884217948	0.60763099100973	3.28634024879733	2.6787092577876	0	0	3	0.2	2.97005359548225	1.22241028712652	1.15030188913511	5.83372668932823	4.68342480019312
65	0	0	0	0.1	-0.0514518667921626	0.104591071714031	-0.288047110160762	0.123780180389195	0.411827290549957	0	0	0	0.2	-0.171278757560802	0.241449443828159	-0.708647550390906	0.2362397057374	0.944887256128306	0	0	1	0.1	-0.0160030441145344	0.161391113206178	-0.34439364997282	0.322021719763385	0.666415369736206	0	0	1	0.2	0.10647423420737	0.404817351211305	-0.627670164437999	1.0846736099851	1.7123437744231	0	0	2	0.1	0.382374769720637	0.257167187625071	-0.0377605649590967	1.02163601517294	1.05939658013204	0	0	2	0.2	0.924663700110917	0.541803005304065	-0.0215537611097794	2.24240592095559	2.26395968206536	0	0	3	0.1	0.822672772074604	0.377590298589682	0.193684641195751	1.71226030900345	1.5185756678077	0	0	3	0.2	1.64676078740172	0.688961868598241	0.443614420478343	3.19270871823904	2.74909429776069
64	0	0	0	0.1	0.0875669439864872	0.0474233674500129	-0.00477391892945158	0.180183142375326	0.184957061304777	0	0	0	0.2	0.16670870571076	0.102966632293372	-0.0252694672137792	0.38557480385567	0.410844271069449	0	0	1	0.1	0.160837296207143	0.112275459006029	-0.0405205080358633	0.410917196011611	0.451437704047474	0	0	1	0.2	0.492297038674017	0.326266212975979	-0.0368698847527151	1.28372046920148	1.3205903539542	0	0	2	0.1	0.457914657284589	0.21559927174204	0.126226691720141	0.991648343025304	0.865421651305162	0	0	2	0.2	0.892872934519168	0.399692510686731	0.275504209649627	1.95198910873051	1.67648489908088	0	0	3	0.1	0.578497001233165	0.22313772899854	0.191123464353904	1.08661509496914	0.895491630615241	0	0	3	0.2	1.02425385004397	0.389866923462563	0.33374965961852	1.87462674572794	1.54087708610942
16	0	0	0	0.1	-0.0408361043495823	0.062469624462586	-0.175024238816019	0.0722302393697078	0.247254478185727	0	0	0	0.2	-0.0726829861541999	0.162124042719822	-0.42378918453139	0.24618587934752	0.66997506387891	0	0	1	0.1	0.17662029762709	0.208341150474751	-0.184685581890788	0.656996909272034	0.841682491162822	0	0	1	0.2	0.820815019888583	0.605210017159664	-0.171187783553444	2.28569706588258	2.45688484943602	0	0	2	0.1	0.895027479747122	0.470627291933789	0.186436053699558	1.98024771923477	1.79381166553521	0	0	2	0.2	1.77948085454827	0.839001449827555	0.433433967853179	3.58199870626083	3.14856473840766	0	0	3	0.1	1.22254983205614	0.610600571808936	0.290696875528146	2.63615612685128	2.34545925132314	0	0	3	0.2	2.16988672354229	1.03060590941633	0.520555455295081	4.6252445410254	4.10468908573032
31	0	0	0	0.1	0.0280078387802711	0.0685082628539528	-0.112658956393586	0.157652537827364	0.27031149422095	0	0	0	0.2	0.0682299798169227	0.136921672464119	-0.229140030265672	0.332349358439261	0.561489388704932	0	0	1	0.1	0.164661957897606	0.0829968257602456	-0.000825281326261367	0.326575440359833	0.327400721686094	0	0	1	0.2	0.374008594379074	0.183086101360085	0.0205067689566459	0.762076076113107	0.741569307156461	0	0	2	0.1	0.382140027239152	0.130033166422532	0.147529940993603	0.646906942997984	0.499377002004381	0	0	2	0.2	0.826172954682332	0.293578560277277	0.295837716067567	1.44375688421358	1.14791916814601	0	0	3	0.1	0.60427555940507	0.204946111351369	0.240284784525828	1.02222587539827	0.781941090872445	0	0	3	0.2	1.26082246860005	0.453947883546131	0.469701620284377	2.18506506056208	1.7153634402777
24	0	0	0	0.1	0.123155756065519	0.0757835041908524	-0.0232992471391052	0.27848434586817	0.301783593007276	0	0	0	0.2	0.378267040600363	0.226288607948373	0.016826618089265	0.895539366745717	0.878712748656452	0	0	1	0.1	0.422429022796983	0.196854542757859	0.0942150670043453	0.859263580066766	0.76504851306242	0	0	1	0.2	1.17697229565625	0.472866502100247	0.350865753973075	2.14727637217783	1.79641061820475	0	0	2	0.1	0.947490532987738	0.357085337351135	0.340512883791432	1.70218347951794	1.36167059572651	0	0	2	0.2	1.76931356240487	0.64118643435202	0.6227838227357	3.1402967274416	2.5175129047059	0	0	3	0.1	1.26974353871353	0.507485914877745	0.409084567157315	2.33383534009971	1.9247507729424	0	0	3	0.2	2.25247723330136	0.898377528946215	0.744212338495105	4.42139719953335	3.67718486103825
13	0	0	0	0.1	0.103559223620367	0.0543527333577971	0.0103379461608	0.226158545146977	0.215820598986177	0	0	0	0.2	0.267058991723542	0.13605905036376	0.0309369194892617	0.569643123731054	0.538706204241792	0	0	1	0.1	0.270747218271922	0.178778579421768	-0.0958215023309606	0.641678427709985	0.737499930040946	0	0	1	0.2	1.01557225842186	0.763406042380045	-0.241841659446164	2.74219697228117	2.98403863172733	0	0	2	0.1	0.820010909199948	0.540850352634342	0.0196460843725443	1.9656923071155	1.94604622274296	0	0	2	0.2	1.8965145125143	1.05126506776392	0.182315233339997	3.95143516855979	3.76911993521979	0	0	3	0.1	1.29467385234162	0.671104582307489	0.269995425858583	2.67565554328189	2.40566011742331	0	0	3	0.2	2.39934856871282	1.04037061132999	0.614594422484039	4.46942030393787	3.85482588145383
40	0	0	0	0.1	0.26838343692289	0.0975915235487701	0.0980333916743517	0.485185514533499	0.387152122859147	0	0	0	0.2	0.495062232373198	0.274334706908616	-0.0104274361974624	1.05683887751929	1.06726631371675	0	0	1	0.1	0.0376140073566502	0.253303046486511	-0.499003814932593	0.512409247918263	1.01141306285086	0	0	1	0.2	0.155369740147112	0.477255576458165	-0.78181629762332	1.09711963689838	1.8789359345217	0	0	2	0.1	0.188368231934618	0.299062284005816	-0.38210432430496	0.789211740401202	1.17131606470616	0	0	2	0.2	0.439213206441748	0.527090296169149	-0.551881711583441	1.5369791940356	2.08886090561904	0	0	3	0.1	0.352541341637594	0.321497959799408	-0.227592166536767	1.05304026646032	1.28063243299708	0	0	3	0.2	0.682681901190589	0.572607161652414	-0.360223248658387	1.90936206012445	2.26958530878283
18	0	0	0	0.1	0.210253742541566	0.0969286716045797	0.0335116849623677	0.412128107089091	0.378616422126724	0	0	0	0.2	0.420881411400631	0.23715552828804	0.00166672530557416	0.914459640574669	0.912792915269095	0	0	1	0.1	0.316795197997966	0.174690982141363	0.0164641732198934	0.679805493572593	0.663341320352699	0	0	1	0.2	0.733863932049825	0.361504718743139	0.127069506489305	1.48084309134583	1.35377358485653	0	0	2	0.1	0.588164600290378	0.214785936759495	0.239769054011335	1.04821794865934	0.808448894648006	0	0	2	0.2	1.37688730451067	0.483963071436547	0.572229701362328	2.4858691847908	1.91363948342847	0	0	3	0.1	0.942520810809947	0.319197419220574	0.42296833357679	1.657450213316	1.23448187973921	0	0	3	0.2	1.99077161884187	0.690131550693218	0.850873926000748	3.54926767952603	2.69839375352528
72	0	0	0	0.1	0.0764305016236048	0.0554691534512575	-0.0351678769690501	0.184157319806645	0.219325196775695	0	0	0	0.2	0.153275109166628	0.121308158607414	-0.0785303441758466	0.412531202521082	0.491061546696928	0	0	1	0.1	0.205147180963345	0.105750147827717	0.0314955460426647	0.437534158233552	0.406038612190888	0	0	1	0.2	0.594256006353541	0.287876121811483	0.138074537813492	1.25449428948944	1.11641975167594	0	0	2	0.1	0.680463864777664	0.276245649283815	0.25600392250616	1.32762548698097	1.07162156447481	0	0	2	0.2	1.39479588817074	0.603039934204699	0.533769224203784	2.77742950891827	2.24366028471449	0	0	3	0.1	1.03833993369351	0.480480997913256	0.368461940585804	2.16040689943463	1.79194495884883	0	0	3	0.2	1.92628509532722	0.956750805852892	0.664214814696922	4.09606063390556	3.43184581920864
38	0	0	0	0.1	0.0874143625145213	0.0774487063335072	-0.0791563530046112	0.231254353377112	0.310410706381723	0	0	0	0.2	0.0206100679083762	0.221661143155762	-0.491170199562651	0.4085590090551	0.899729208617751	0	0	1	0.1	-0.00128100205133038	0.189404996387365	-0.391629497225972	0.340370093208312	0.731999590434284	0	0	1	0.2	0.610513773166524	0.532289999982494	-0.302764236292366	1.75844717795943	2.0612114142518	0	0	2	0.1	0.869607597333752	0.389976343976837	0.219511853218755	1.74669231532111	1.52718046210235	0	0	2	0.2	2.09978322572501	0.68575370189321	0.845632764383654	3.58783366949841	2.74220090511475	0	0	3	0.1	1.53496146766177	0.510670151601678	0.666693055906302	2.6741849792909	2.00749192338459	0	0	3	0.2	2.98247425378904	0.787734380683249	1.50080436540158	4.65085953849422	3.15005517309264
60	0	0	0	0.1	0.0418098544691471	0.0528958352856435	-0.0659108775441261	0.137937170899412	0.203848048443538	0	0	0	0.2	0.0919768776583089	0.116760622358384	-0.137102097691613	0.31182220147002	0.448924299161633	0	0	1	0.1	0.190874263263826	0.098084613970909	0.0117771063401743	0.411164940467519	0.399387834127344	0	0	1	0.2	0.562449980830728	0.300603390505313	0.100946244332673	1.24701645776521	1.14607021343254	0	0	2	0.1	0.661528550144286	0.266280902125373	0.279329840163745	1.2350423298147	0.955712489650959	0	0	2	0.2	1.50157962387336	0.570630725907392	0.638309932585247	2.76836013476293	2.13005020217769	0	0	3	0.1	1.13869261918152	0.42109373397348	0.483928826766818	2.05820662716602	1.57427780039921	0	0	3	0.2	2.24423681976635	0.770438073417537	0.954709825878299	3.87969191238481	2.92498208650651
11	0	0	0	0.1	0.0508361950919618	0.115886483293463	-0.189370509401287	0.281049389509925	0.470419898911212	0	0	0	0.2	0.0564422778529973	0.254711653093827	-0.476588129785977	0.573430861815452	1.05001899160143	0	0	1	0.1	-0.0436529928012253	0.234687885348649	-0.557852318488437	0.372023486984137	0.929875805472575	0	0	1	0.2	-0.0713102222440977	0.523159217471195	-1.19698048242632	0.928615728040632	2.12559621046695	0	0	2	0.1	0.167545504937476	0.307807841404901	-0.396828175444584	0.836535516702146	1.23336369214673	0	0	2	0.2	0.461947150642988	0.683066274661487	-0.794081656338498	1.87679981734817	2.67088147368667	0	0	3	0.1	0.442763878361153	0.431679313397262	-0.24620554455822	1.46636722416594	1.71257276872416	0	0	3	0.2	0.931239694740174	0.851446428464821	-0.551443271154797	2.86839060430628	3.41983387546108
48	0	0	0	0.1	0.147444647436902	0.11384015196178	-0.0633924547222137	0.386869875528353	0.450262330250567	0	0	0	0.2	0.344883759537847	0.246902282773604	-0.101912907869024	0.885984064184173	0.987896972053197	0	0	1	0.1	0.304112482636111	0.144962693473837	0.0466944405845762	0.618584564713167	0.571890124128591	0	0	1	0.2	0.679523119789308	0.323465850489635	0.160167878499925	1.36008418695449	1.19991630845457	0	0	2	0.1	0.569219053225423	0.224882264338524	0.243257086437846	1.04893425031115	0.805677163873305	0	0	2	0.2	1.17376818486132	0.450990152268429	0.532937829904269	2.14849038570809	1.61555255580382	0	0	3	0.1	0.81730218732986	0.31356963200868	0.382639607659026	1.53521877357583	1.1525791659168	0	0	3	0.2	1.62128923602811	0.590113066810709	0.787924696783303	3.01717282780728	2.22924813102398
50	0	0	0	0.1	0.0962038981027571	0.0521252176723188	-0.00994984512909201	0.200663792346869	0.210613637475961	0	0	0	0.2	0.179071863258855	0.122021102288032	-0.0770931126466167	0.421506648850529	0.498599761497146	0	0	1	0.1	0.185407197474667	0.139004253461063	-0.0520170608120154	0.490291322426877	0.542308383238892	0	0	1	0.2	0.667824689713084	0.534883047536412	-0.0673045195594312	1.95443575690392	2.02174027646336	0	0	2	0.1	0.747569789446604	0.439170845093406	0.174754770686216	1.81062638075141	1.6358716100652	0	0	2	0.2	1.83658438746381	0.941071077018025	0.462672079304174	4.0719047612917	3.60923268198753	0	0	3	0.1	1.27647825125417	0.637176907927961	0.377173289115838	2.82345199968485	2.44627871056901	0	0	3	0.2	2.62668382759466	1.16785285183769	0.849728464741155	5.41829153809235	4.56856307335119
35	0	0	0	0.1	0.118266515351726	0.0566258804686792	0.0176326040302916	0.241522970142662	0.22389036611237	0	0	0	0.2	0.283389645251181	0.19949116746825	-0.0734657557113235	0.681509947362313	0.754975703073637	0	0	1	0.1	0.327772301017305	0.204283158564999	-0.033157246255135	0.805271763078577	0.838429009333712	0	0	1	0.2	1.0377379046482	0.514119060647796	0.148666659074926	2.11533741648621	1.96667075741128	0	0	2	0.1	0.910528585272064	0.387763090472367	0.284447865379694	1.79861112009732	1.51416325471762	0	0	2	0.2	1.83874055041698	0.679543745812448	0.605731565933469	3.34242832329498	2.73669675736151	0	0	3	0.1	1.23070365645499	0.494706892346137	0.432309691187691	2.35916452972084	1.92685483853315	0	0	3	0.2	2.21198514477764	0.805328228981725	0.834053415327266	3.93979733819808	3.10574392287081
71	0	0	0	0.1	0.185006991262015	0.0559679091646189	0.0846274485209117	0.293902000156815	0.209274551635904	0	0	0	0.2	0.452519060673541	0.145286039247867	0.200168702902164	0.749487466727795	0.549318763825631	0	0	1	0.1	0.384259828970344	0.123463435613548	0.170955454959538	0.660517999642723	0.489562544683184	0	0	1	0.2	0.897616172915263	0.319897598586886	0.395804034214688	1.68454003081213	1.28873599659745	0	0	2	0.1	0.701960849175771	0.236247216912851	0.344824069793523	1.2872030237901	0.942378953996576	0	0	2	0.2	1.55991723468967	0.549492963870985	0.76465136696511	2.88461277010029	2.11996140313518	0	0	3	0.1	1.04256982704484	0.390602816699114	0.516126601142926	2.03130038806443	1.5151737869215	0	0	3	0.2	2.18509934064166	0.806872096568788	1.06930330452256	4.24434915283154	3.17504584830898
63	0	0	0	0.1	0.13889486727526	0.114738823115129	-0.0808970279137006	0.376642506695877	0.457539534609577	0	0	0	0.2	0.369420735159858	0.339439854017934	-0.186672672488941	1.12709684449009	1.31376951697904	0	0	1	0.1	0.367651974619325	0.239249285056045	0.0200803813523297	0.923553926945657	0.903473545593327	0	0	1	0.2	1.0987019499741	0.55699448472985	0.241703697342324	2.34180342126484	2.10009972392252	0	0	2	0.1	0.938743754622449	0.383108149343135	0.373800765593511	1.82170107605025	1.44790031045674	0	0	2	0.2	1.93938688973216	0.710902887835879	0.778930642947552	3.52086725256551	2.74193660961796	0	0	3	0.1	1.30519461082631	0.510159402431034	0.510731551008614	2.49473375260229	1.98400220159367	0	0	3	0.2	2.49875920185017	0.90805765099758	1.00980755474275	4.71814327885275	3.70833572411
39	0	0	0	0.1	0.274185282061663	0.0871381333580209	0.115391996031729	0.461410672285673	0.346018676253944	0	0	0	0.2	0.579568991402453	0.226204670108132	0.199677671734799	1.05593189674285	0.856254225008048	0	0	1	0.1	0.313354858627193	0.165886551296198	0.0295317114108307	0.67723998312642	0.647708271715589	0	0	1	0.2	0.777293600392734	0.491715668434031	-0.0310373270227288	1.89173234687918	1.92276967390191	0	0	2	0.1	0.522022304129295	0.341713215515017	-0.0280824553018427	1.25675412996543	1.28483658526727	0	0	2	0.2	1.17183315075522	0.677250498012232	0.0590764151397018	2.64558871268058	2.58651229754087	0	0	3	0.1	0.790777884122516	0.468893143092644	0.0718299317068317	1.84387944786064	1.7720495161538	0	0	3	0.2	1.50784779359124	0.802035612495998	0.155014556849038	3.1333453386714	2.97833078182237
34	0	0	0	0.1	0.107063075462462	0.101992570636	-0.0772530945823888	0.312872306048803	0.390125400631192	0	0	0	0.2	0.275362432809366	0.239227883537298	-0.180089525715081	0.767980419768899	0.94806994548398	0	0	1	0.1	0.305505862769919	0.187356078915899	-0.0331020814704876	0.711901242825847	0.745003324296335	0	0	1	0.2	0.824322703485725	0.471389660874534	-0.0192429121610481	1.85349954098614	1.87274245314719	0	0	2	0.1	0.684932968064369	0.290103548415055	0.158716142913949	1.31500201384713	1.15628587093318	0	0	2	0.2	1.40026107173212	0.548799730933337	0.384874477015792	2.54386494790957	2.15899047089378	0	0	3	0.1	0.977975121742132	0.375902042834097	0.336577190583528	1.77495132068506	1.43837413010153	0	0	3	0.2	1.76089527020108	0.630697000966176	0.665052678702369	3.07680926073358	2.41175658203121
45	0	0	0	0.1	0.0391458246452266	0.0773001248455193	-0.11225222565836	0.199444745509327	0.311696971167687	0	0	0	0.2	0.111891279973975	0.190379823916484	-0.246206690962821	0.535694885536965	0.781901576499786	0	0	1	0.1	0.272069671159103	0.1591883829791	0.0220272283227711	0.640174242886758	0.618147014563986	0	0	1	0.2	1.00342712272075	0.477301077563561	0.282244647836266	2.10852302819048	1.82627838035421	0	0	2	0.1	1.09417501539441	0.393292906757771	0.478327392736886	1.9976405516387	1.51931315890181	0	0	2	0.2	2.34172673828509	0.693837440735075	1.12986519999432	3.79487278004583	2.6650075800515	0	0	3	0.1	1.6689142858747	0.54313161865885	0.759004023463778	2.84586653586433	2.08686251240055	0	0	3	0.2	3.08652666654873	0.874701511355845	1.56861582131537	4.95958334848987	3.3909675271745
52	0	0	0	0.1	0.0445264942702526	0.0605134851574702	-0.0775796176783266	0.155110782519383	0.232690400197709	0	0	0	0.2	0.060020304009933	0.115125700032597	-0.182809122844178	0.266742206636915	0.449551329481094	0	0	1	0.1	0.201933948055348	0.131561523569881	-0.0163248160568953	0.516908974442878	0.533233790499773	0	0	1	0.2	0.569312973572368	0.348989625189539	-0.0310228453465184	1.43843620195231	1.46945904729883	0	0	2	0.1	0.554445866699656	0.293462126752358	0.0890529097614923	1.20687470233864	1.11782179257715	0	0	2	0.2	0.95858903459926	0.55262835529818	-0.016731797018051	2.2168395862803	2.23357138329835	0	0	3	0.1	0.678429773080561	0.404893726858316	-0.119435860536671	1.61324207349505	1.73267793403172	0	0	3	0.2	1.15999036330549	0.716786115472819	-0.281960299522589	2.74650252062382	3.02846282014641
12	0	0	0	0.1	0.160501539370311	0.0659071682857693	0.0373164229085315	0.295758387634867	0.258441964726335	0	0	0	0.2	0.372260554779385	0.164646630523368	0.0698237576662961	0.715907646486542	0.646083888820246	0	0	1	0.1	0.322160736435453	0.124135276179526	0.117725304798068	0.599593033439819	0.481867728641751	0	0	1	0.2	0.966711276496822	0.397167222053887	0.394365392313972	1.87834196247015	1.48397657015618	0	0	2	0.1	0.823189864834024	0.284118317926232	0.387661525488353	1.47154736720824	1.08388584171989	0	0	2	0.2	1.75666156848781	0.56488193380644	0.816579220565952	2.98929731990416	2.17271809933821	0	0	3	0.1	1.17627909562004	0.407804328885242	0.537434698375909	2.10949499815393	1.57206029977802	0	0	3	0.2	2.22586632152976	0.712966588477133	1.05386706132891	3.77548887889773	2.72162181756882
9	0	0	0	0.1	0.161182017139923	0.0615431796543923	0.0506434450396179	0.296682487764056	0.246039042724438	0	0	0	0.2	0.35281765092869	0.14721970076978	0.082943140340271	0.676059022195917	0.593115881855646	0	0	1	0.1	0.28914536187049	0.173833738422662	-0.0181042782356583	0.660180614065233	0.678284892300891	0	0	1	0.2	1.06991199587859	0.591759346308805	0.0885164399911599	2.34551697327301	2.25700053328185	0	0	2	0.1	1.12541716646514	0.471516586206136	0.319080608319955	2.12503950317106	1.8059588948511	0	0	2	0.2	2.04585400616175	0.768356151343113	0.622960066095763	3.60939787395963	2.98643780786386	0	0	3	0.1	1.66345193567217	0.647430862274949	0.529470655870375	2.96022950625881	2.43075885038843	0	0	3	0.2	2.5876972239019	0.955348298851211	0.821464417667084	4.57399015717809	3.752525739511
7	0	0	0	0.1	0.108384396773685	0.0887731404566884	-0.0611090234426902	0.29136101400897	0.352470037451661	0	0	0	0.2	0.370344899599028	0.303955830489215	-0.178564237769571	1.01603488572014	1.19459912348971	0	0	1	0.1	0.340183785464706	0.272767998355241	-0.150836878697103	0.953682156303257	1.10451903500036	0	0	1	0.2	1.30547094973452	0.62783428447715	0.128985436363486	2.68639017004795	2.55740473368446	0	0	2	0.1	1.13807045462662	0.403412027398039	0.438832498902182	2.01716442082223	1.57833192192005	0	0	2	0.2	2.2332739641522	0.615773628753499	1.04808906074012	3.4692985397411	2.42120947900098	0	0	3	0.1	1.65383625457662	0.479665080924029	0.838985489079818	2.66374509014142	1.8247596010616	0	0	3	0.2	2.77359190467552	0.707250561040064	1.49240632818652	4.1791556924223	2.68674936423578
4	0	0	0	0.1	0.0866527654662864	0.0757420277734178	-0.0730532419217018	0.232347829064296	0.305401070985998	0	0	0	0.2	0.139663460066738	0.185449740494245	-0.230121933672773	0.490052435423303	0.720174369096076	0	0	1	0.1	0.104256333934288	0.129035765375528	-0.128976851190723	0.382805440227031	0.511782291417754	0	0	1	0.2	0.290057903963429	0.345615347111455	-0.307059261105199	1.10418438132269	1.41124364242789	0	0	2	0.1	0.364795904265252	0.225531715273268	0.00887252866388249	0.896584963473696	0.887712434809814	0	0	2	0.2	0.869595756857652	0.491336056384264	0.0586860665233466	1.97909493047666	1.92040886395332	0	0	3	0.1	0.676136690561671	0.322938334408668	0.14090975185826	1.41245644402688	1.27154669216862	0	0	3	0.2	1.33030407126424	0.601945826566474	0.274991086513584	2.58468125695783	2.30969017044424
73	0	0	0	0.1	0.148926760685294	0.0708971957910462	0.0253034340850132	0.302834438957111	0.277531004872098	0	0	0	0.2	0.331620089917962	0.231083228666646	-0.0698140678388872	0.829448370120218	0.899262437959105	0	0	1	0.1	0.263182227142652	0.187429870691438	-0.0487750650452453	0.698024361081051	0.746799426126296	0	0	1	0.2	0.592396902678847	0.420203047173685	-0.109368314228726	1.55208473824163	1.66145305247035	0	0	2	0.1	0.580185899650799	0.304962391145471	0.0917594253623548	1.30436421918682	1.21260479382447	0	0	2	0.2	1.06477071518982	0.509384511244079	0.193406929280622	2.15004664525271	1.95663971597209	0	0	3	0.1	0.873513262097341	0.385389392306312	0.263913888718634	1.74002229963197	1.47610841091334	0	0	3	0.2	1.49447281473864	0.590750825862002	0.495972825871605	2.67779702102058	2.18182419514898
75	0	0	0	0.1	0.00489863101023119	0.0681452599193259	-0.140555792439268	0.117050840271115	0.257606632710383	0	0	0	0.2	-0.127376545283209	0.216851173105522	-0.624238009567292	0.227538473307094	0.851776482874386	0	0	1	0.1	-0.102812312380385	0.225551420163545	-0.557575438077379	0.383222819445571	0.94079825752295	0	0	1	0.2	0.433861105343587	0.630289771311811	-0.721320506152835	1.75932366688456	2.4806441730374	0	0	2	0.1	0.918244884482138	0.428633430114616	0.118815263480432	1.80525046054969	1.68643519706926	0	0	2	0.2	1.86535463124192	0.66860108626186	0.584409049030422	3.26616141810982	2.6817523690794	0	0	3	0.1	1.50148380820517	0.497281404646714	0.617912872154618	2.5653379475336	1.94742507537898	0	0	3	0.2	2.48651034881504	0.747865468467955	1.11012744959856	4.10193837207781	2.99181092247925
81	0	0	0	0.1	0.120981279304452	0.0680134136358263	-0.00788562830902445	0.260520001155981	0.268405629465005	0	0	0	0.2	0.238329484770263	0.13249912013633	-0.0212347105048391	0.513102897400787	0.534337607905626	0	0	1	0.1	0.240436351694387	0.0840577892298152	0.0881891166784012	0.413849155523552	0.325660038845151	0	0	1	0.2	0.489744225371999	0.18930918379404	0.15391360653722	0.899332235306983	0.745418628769763	0	0	2	0.1	0.454009658394438	0.156957038320452	0.182503318314606	0.813933054828481	0.631429736513875	0	0	2	0.2	0.886003285336552	0.341767148181075	0.330506532677161	1.63832466092889	1.30781812825172	0	0	3	0.1	0.647078459166608	0.26130428400729	0.201848028631955	1.2062734819103	1.00442545327835	0	0	3	0.2	1.20312931675928	0.533736704967279	0.284232906870779	2.31370208743124	2.02946918056046
54	0	0	0	0.1	0.140872467646861	0.0638597214710651	0.017885449222165	0.274202812093758	0.256317362871593	0	0	0	0.2	0.240798869352297	0.189563566172644	-0.0736324181898916	0.651028889985616	0.724661308175508	0	0	1	0.1	0.0628040108474784	0.289013201966038	-0.44970791978161	0.732611440332776	1.18231936011439	0	0	1	0.2	0.692997248671251	0.830038337420839	-0.606853830069138	2.43524211742952	3.04209594749865	0	0	2	0.1	1.01633874376002	0.569461980727623	0.0841306220996064	2.20781607671593	2.12368545461633	0	0	2	0.2	2.2020615678144	0.822761961488883	0.66815294925318	3.73985675724736	3.07170380799418	0	0	3	0.1	1.77640691076116	0.620564013439802	0.668899610186886	2.98239664957006	2.31349703938318	0	0	3	0.2	2.96431774102917	0.825563338223015	1.40770410433865	4.6054430546772	3.19773895033855
57	0	0	0	0.1	0.0841246356004668	0.0828961834440611	-0.0769357725454059	0.250338787389385	0.327274559934791	0	0	0	0.2	0.183291021468222	0.184139413915318	-0.152179686024384	0.572503710742218	0.724683396766602	0	0	1	0.1	0.171968711423593	0.104949600441971	-0.0103479697187914	0.417659017350107	0.428006987068898	0	0	1	0.2	0.444760892221616	0.245635227591618	0.0368873988960051	1.03744824020497	1.00056084130896	0	0	2	0.1	0.46648970422624	0.177414069495805	0.189965768229325	0.887918262504516	0.69795249427519	0	0	2	0.2	0.97710914873764	0.34986209023963	0.418251075124753	1.81056652724971	1.39231545212495	0	0	3	0.1	0.758991797862409	0.269722775068593	0.36510979038924	1.42807146710983	1.06296167672059	0	0	3	0.2	1.46982826252446	0.486064326590199	0.719555667709541	2.61093231920473	1.89137665149519
17	0	0	0	0.1	-0.0885222765116615	0.116664780614715	-0.312133311129463	0.137964978710912	0.450098289840375	0	0	0	0.2	0.0193826906017673	0.241992346650363	-0.431085869021792	0.536329243262154	0.967415112283946	0	0	1	0.1	0.254174652577058	0.148489693986776	-0.0144204644251126	0.583540082521879	0.597960546946992	0	0	1	0.2	0.671389197170403	0.327134640652142	0.072062779742306	1.36105627225176	1.28899349250946	0	0	2	0.1	0.519679160110669	0.188415519686992	0.190843586659411	0.902229668646921	0.71138608198751	0	0	2	0.2	1.10867381907654	0.37792383481932	0.409323676248058	1.86824985750508	1.45892618125702	0	0	3	0.1	0.703297844160297	0.228144626488358	0.308143434423033	1.17627747539068	0.868134040967651	0	0	3	0.2	1.43619587032749	0.453547077431519	0.623195988085016	2.42539798061176	1.80220199252674
19	0	0	0	0.1	0.0631554790529678	0.0773849177095747	-0.072411086982328	0.223780405735017	0.296191492717345	0	0	0	0.2	0.431447617647311	0.360312187752481	-0.133995692966884	1.31851558910536	1.45251128207225	0	0	1	0.1	0.65213298366271	0.365671239330342	0.0895117350568135	1.53165124962239	1.44213951456558	0	0	1	0.2	1.36542294760008	0.599317555701536	0.318895205067111	2.56091273575904	2.24201753069193	0	0	2	0.1	0.840591666914331	0.384133738584259	0.212818705587565	1.67859162485491	1.46577291926734	0	0	2	0.2	1.46469072986991	0.673239491097885	0.368337759907924	2.91263980819787	2.54430204828995	0	0	3	0.1	0.888439154520838	0.429267710076888	0.183753603500763	1.84955136337015	1.66579775986939	0	0	3	0.2	1.54751859964537	0.75927616405144	0.306859996021619	3.22688916405643	2.92002916803481
74	0	0	0	0.1	0.097732648441016	0.0879191271197837	-0.0603693479083013	0.280884747236777	0.341254095145078	0	0	0	0.2	0.277709960257878	0.262690859468577	-0.124490350218247	0.870929204179204	0.995419554397452	0	0	1	0.1	0.310443518004393	0.223378463361023	-0.0187817310634297	0.809831983595063	0.828613714658493	0	0	1	0.2	0.881132359257286	0.533031775187183	0.0276110074928679	2.08728811892728	2.05967711143441	0	0	2	0.1	0.703440491973019	0.32739421429882	0.156640323087223	1.47918195683817	1.32254163375095	0	0	2	0.2	1.34658212630071	0.560264846229703	0.36837023372004	2.54523864446059	2.17686841074055	0	0	3	0.1	0.895627209382951	0.401182475517378	0.220599505753043	1.76876663598629	1.54816713023325	0	0	3	0.2	1.58067751957941	0.670057464910842	0.395312596700775	2.99475679057811	2.59944419387734
53	0	0	0	0.1	0.233341371040066	0.134511126454287	-0.0414675038190011	0.492833781968456	0.534301285787457	0	0	0	0.2	0.606029972771161	0.471525694847838	-0.0984373141718603	1.83047910227054	1.9289164164424	0	0	1	0.1	0.459301782723503	0.33277570323314	0.00607283828871378	1.36136030775029	1.35528746946157	0	0	1	0.2	1.19138559833229	0.640837579031949	0.275734043018729	2.86491107102131	2.58917702800258	0	0	2	0.1	0.979074142878855	0.396617590018914	0.415587703506054	1.99930207508884	1.58371437158278	0	0	2	0.2	1.89213563965007	0.599113050765372	0.903945309102421	3.20814191170746	2.30419660260504	0	0	3	0.1	1.37402857806393	0.441335058344774	0.68842273686804	2.36952952578676	1.68110678891872	0	0	3	0.2	2.40692827768969	0.646924381558926	1.27941775130607	3.76276478585701	2.48334703455094
23	0	0	0	0.1	0.0870560792019822	0.0838511006792221	-0.0784827869556042	0.249098697986914	0.327581484942518	0	0	0	0.2	0.262524049134057	0.310254331778564	-0.319116177592239	0.872539062803573	1.19165524039581	0	0	1	0.1	0.365831187524948	0.263647422785351	-0.121419205364546	0.886822458836898	1.00824166420144	0	0	1	0.2	1.25426353124345	0.573926308206585	0.288121146997887	2.49217479908464	2.20405365208675	0	0	2	0.1	1.06862597522259	0.431180159942576	0.46228128947643	2.08679411342663	1.6245128239502	0	0	2	0.2	2.04026824434926	0.673714872665548	0.982993025239396	3.61395378224343	2.63096075700403	0	0	3	0.1	1.4171258049434	0.525426628998818	0.688261929311348	2.6864892941095	1.99822736479815	0	0	3	0.2	2.46124919984872	0.789314471246716	1.26352027120998	4.25746438353131	2.99394411232133
83	0	0	0	0.1	0.0648045380104614	0.0824954012071119	-0.09689155964585	0.223249496928841	0.320141056574691	0	0	0	0.2	0.0817179476526928	0.180503219867323	-0.284774484128661	0.461410990694962	0.746185474823623	0	0	1	0.1	0.157139150409625	0.122509336302018	-0.0957132462103954	0.402455413806402	0.498168660016797	0	0	1	0.2	0.379533866477977	0.300065029883875	-0.217020806055511	0.963566689709998	1.18058749576551	0	0	2	0.1	0.404378396874061	0.20945683733611	0.0102236870139406	0.82813493669167	0.81791124967773	0	0	2	0.2	0.958909843475735	0.526647902005891	-0.0113787950125296	2.03870488200649	2.05008367701902	0	0	3	0.1	0.649570248906511	0.330835593137059	0.0772886105386045	1.36682240920368	1.28953379866508	0	0	3	0.2	1.43886851834857	0.760349587481354	0.0991486863573918	3.05678097809312	2.95763229173573
58	0	0	0	0.1	0.0708530401491173	0.0958618949666464	-0.12671550363008	0.257722161508903	0.384437665138983	0	0	0	0.2	0.12467642029008	0.24541209342459	-0.331366699911301	0.640812286403896	0.972178986315197	0	0	1	0.1	0.254625586434627	0.175954520611499	-0.0221519156574788	0.645704103125712	0.66785601878319	0	0	1	0.2	1.07422849538212	0.580726744049348	0.224369531905309	2.42205147042431	2.197681938519	0	0	2	0.1	1.22450765176752	0.443760493832507	0.584988589440932	2.31480927308565	1.72982068364472	0	0	2	0.2	2.64158626566018	0.713662733745178	1.45554784796361	4.27016597649983	2.81461812853622	0	0	3	0.1	1.96257073360972	0.569260045695922	1.07411739802938	3.2562792238291	2.18216182579972	0	0	3	0.2	3.47031366100147	0.813782756780708	2.07842619975527	5.23806112381694	3.15963492406166
62	0	0	0	0.1	0.0750838739987903	0.0790048303920494	-0.0856799900236616	0.215712847505588	0.301392837529249	0	0	0	0.2	0.0145256241492183	0.210220471343589	-0.418549149941774	0.364376527240242	0.782925677182016	0	0	1	0.1	-0.00435380174248581	0.194614086467387	-0.384957002324806	0.35082251462513	0.735779516949936	0	0	1	0.2	0.204530913633279	0.474422577581539	-0.618159889640013	1.23501503173026	1.85317492137028	0	0	2	0.1	0.57875308523974	0.373658499175878	0.0339858116944948	1.43811114764894	1.40412533595445	0	0	2	0.2	1.15889462821917	0.63325858427428	0.15320054144591	2.54965410883483	2.39645356738892	0	0	3	0.1	1.10099769606426	0.514826385087146	0.326488084414214	2.28572463219183	1.95923654777762	0	0	3	0.2	1.9192700293688	0.802005979371378	0.639089944952107	3.65699242807964	3.01790248312754
27	0	0	0	0.1	0.185404840420623	0.0647948528497839	0.0688970755966401	0.330024177163357	0.261127101566717	0	0	0	0.2	0.487524338523945	0.181799312187838	0.186579704717905	0.909626055113099	0.723046350395194	0	0	1	0.1	0.474350572618286	0.168674527776635	0.220552669659487	0.880044948435214	0.659492278775727	0	0	1	0.2	1.37155282779754	0.547369975977408	0.619109121196528	2.76454463751768	2.14543551632115	0	0	2	0.1	1.2178636254547	0.432883559164352	0.632906723976727	2.3856840818535	1.75277735787677	0	0	2	0.2	2.60645357602349	0.704637350615544	1.48231753189446	4.205801303591	2.72348377169654	0	0	3	0.1	1.91691920010115	0.604858905988486	1.03019152467937	3.40169920423054	2.37150767955117	0	0	3	0.2	3.41970547579814	0.821900842637542	2.06636637370866	5.22487710102013	3.15851072731147
51	0	0	0	0.1	0.269433812237299	0.19542708006462	-0.0611157159903019	0.709700998581024	0.770816714571326	0	0	0	0.2	0.767139720674136	0.411754766103949	-0.00815088069976532	1.65579261214019	1.66394349283996	0	0	1	0.1	0.606981675064882	0.298285684056515	0.0570965152031763	1.29724042603029	1.24014391082712	0	0	1	0.2	1.49680084968518	0.535733806571596	0.527387823677408	2.65134987908674	2.12396205540933	0	0	2	0.1	1.20481701639333	0.395747397984235	0.55261635726647	2.12300455812008	1.57038820085361	0	0	2	0.2	2.31428588264663	0.625290998498709	1.2297710669872	3.67830384553957	2.44853277855237	0	0	3	0.1	1.61821704897267	0.493697638640037	0.833565435670914	2.77856403871861	1.9449986030477	0	0	3	0.2	2.92448815054634	0.759983570089241	1.60484001491981	4.5948642224289	2.99002420750909
28	0	0	0	0.1	0.0861269374237118	0.0816203476564455	-0.0651680991917577	0.260810489023692	0.32597858821545	0	0	0	0.2	0.296187140427957	0.213186805279925	-0.0687989179574412	0.769559117349561	0.838358035307002	0	0	1	0.1	0.449819783742716	0.251139261929862	0.0855576213575856	1.09032238989781	1.00476476854023	0	0	1	0.2	1.37742776521537	0.808799198940887	0.317029910957201	3.39400325359007	3.07697334263287	0	0	2	0.1	1.12854382480934	0.721088425406546	0.302401149108874	3.01320662448872	2.71080547537984	0	0	2	0.2	2.50356575268592	1.51322357689121	0.640308377321189	6.29832812156573	5.65801974424454	0	0	3	0.1	1.6430183133974	1.10733890233803	0.379408779868845	4.44830228433596	4.06889350446711	0	0	3	0.2	3.26400360530932	2.03874523982454	0.773690555868698	8.32875016131201	7.55505960544332
22	0	0	0	0.1	0.185055032173213	0.109886972369589	-0.0267815418479652	0.408453514865523	0.435235056713489	0	0	0	0.2	0.401172217298827	0.213985689438957	0.00851728268054	0.822267165340894	0.813749882660354	0	0	1	0.1	0.272407816433711	0.0972726450337423	0.0932108933268325	0.46677738927841	0.373566495951577	0	0	1	0.2	0.5781634562161	0.195648476240224	0.214681504303407	0.994569434621354	0.779887930317947	0	0	2	0.1	0.483599431581247	0.138459436247682	0.235237022558005	0.803478300336319	0.568241277778314	0	0	2	0.2	0.951587115365544	0.277945253990913	0.467217767142487	1.58825864951869	1.1210408823762	0	0	3	0.1	0.706078896669627	0.21978407542277	0.340405999100905	1.23218761046329	0.891781611362382	0	0	3	0.2	1.33484630034435	0.405964720935232	0.652691075743963	2.25020232413085	1.59751124838689
36	0	0	0	0.1	0.100634248587702	0.0740367606121612	-0.0432334747129945	0.246891034112283	0.290124508825277	0	0	0	0.2	0.297785980703054	0.224999223038912	-0.111289781547965	0.7471073169863	0.858397098534265	0	0	1	0.1	0.390487702814543	0.176081137087919	0.0740230947586122	0.742522466933027	0.668499372174415	0	0	1	0.2	0.983926302508	0.368245904116538	0.36158207885752	1.77315643653656	1.41157435767904	0	0	2	0.1	0.736806127745224	0.230939924130462	0.344455671772494	1.22566565994736	0.881209988174867	0	0	2	0.2	1.44808353909225	0.424389122019164	0.679873020841469	2.34180404046004	1.66193101961857	0	0	3	0.1	0.887424098381514	0.261501328713885	0.414169219658683	1.46996770809079	1.05579848843211	0	0	3	0.2	1.66353509072276	0.467409190898029	0.807551911688657	2.66011706562052	1.85256515393187
49	0	0	0	0.1	0.0613115705962395	0.0946741392736292	-0.15048018399433	0.22981939348495	0.380299577479279	0	0	0	0.2	0.105344931841307	0.247162854230303	-0.42757176267045	0.559365156796058	0.986936919466508	0	0	1	0.1	0.0296283823516332	0.146129161415575	-0.274232477848899	0.289170638847697	0.563403116696596	0	0	1	0.2	0.247303599150882	0.384346090838463	-0.447359977730066	1.02099145496533	1.4683514326954	0	0	2	0.1	0.476912777999859	0.256021956052721	0.0410940588293768	1.06389406132956	1.02280000250019	0	0	2	0.2	1.22759749423026	0.479690825253597	0.391657932605742	2.29327999148808	1.90162205888234	0	0	3	0.1	1.00824030694996	0.346515228615859	0.433816137119615	1.80929844847266	1.37548231135304	0	0	3	0.2	1.8154879055994	0.569291285770366	0.852133960294247	3.01644386446074	2.16430990416649
78	0	0	0	0.1	0.276561777523211	0.109154410111249	0.0893148937413513	0.512401592931815	0.423086699190464	0	0	0	0.2	0.52577640054917	0.216114465510726	0.148451742250395	1.01421227607896	0.865760533828561	0	0	1	0.1	0.292142291290425	0.109216318344887	0.0997314289081246	0.517140876550108	0.417409447641983	0	0	1	0.2	0.592511593407383	0.234867112878083	0.195464048455954	1.09573169543099	0.900267646975035	0	0	2	0.1	0.43321168508542	0.163366587464723	0.16993755015929	0.784254805675291	0.614317255516001	0	0	2	0.2	0.853930337563045	0.34480675987406	0.307526885232582	1.59879819544803	1.29127131021545	0	0	3	0.1	0.555254967592743	0.23336306224558	0.191095039552023	1.06914267165933	0.878047632107308	0	0	3	0.2	1.09366196710163	0.474094419444848	0.373349219798117	2.16066406753032	1.78731484773221
5	0	0	0	0.1	-0.0379114714057955	0.073965063026632	-0.195782870528972	0.0907324761974094	0.286515346726381	0	0	0	0.2	-0.115932032689581	0.168085708232343	-0.475985268416627	0.186463076116508	0.662448344533135	0	0	1	0.1	-0.00934933985475612	0.109769898840377	-0.237638419209473	0.1986661491428	0.436304568352273	0	0	1	0.2	0.0802285399991221	0.251278301217322	-0.395827460350946	0.596378304277944	0.99220576462889	0	0	2	0.1	0.310549304932894	0.170645307904897	0.024186105770235	0.693500802018565	0.66931469624833	0	0	2	0.2	0.8767064596053	0.418151024565499	0.238217833376356	1.81861957086736	1.58040173749101	0	0	3	0.1	0.7673734414917	0.312536697039172	0.315223221404155	1.56773427966369	1.25251105825954	0	0	3	0.2	1.62518828233886	0.6409440403943	0.683719577016385	3.21701859588625	2.53329901886987
86	0	0	0	0.1	0.0298819033397743	0.0801902799035813	-0.125542816715457	0.187816474625608	0.313359291341065	0	0	0	0.2	0.0759975415287334	0.180374711790541	-0.255430980079951	0.46949298474853	0.724923964828481	0	0	1	0.1	0.12735175528765	0.140814225115492	-0.0898457681420566	0.465542235108574	0.55538800325063	0	0	1	0.2	0.534835019475039	0.428052257131401	-0.0569162360446765	1.56805543415687	1.62497167020154	0	0	2	0.1	0.650100990575692	0.310348480169645	0.218884550880231	1.41709638196638	1.19821183108615	0	0	2	0.2	1.51176336078445	0.6240156686252	0.594562662295169	3.02252287861235	2.42796021631718	0	0	3	0.1	1.0817943632423	0.472125545527787	0.415353211315461	2.20044754699438	1.78509433567892	0	0	3	0.2	2.1127160932222	0.833574296211164	0.823515668205085	4.07895301805527	3.25543734985018
20	0	0	0	0.1	-0.0218006697191931	0.0922400245742257	-0.241753000158618	0.132609179304803	0.374362179463421	0	0	0	0.2	-0.0329498337870981	0.232133959588604	-0.52377879472367	0.386415633764669	0.910194428488339	0	0	1	0.1	0.215932873830771	0.155279096386814	-0.0743091748159249	0.543006688750636	0.617315863566561	0	0	1	0.2	0.942947467733115	0.384067189690846	0.228403446891925	1.75374948410486	1.52534603721294	0	0	2	0.1	1.00469580979762	0.283515374444288	0.510252988314605	1.62666747276309	1.11641448444848	0	0	2	0.2	2.08831501663996	0.504353782436469	1.11501460601208	3.15225140020948	2.0372367941974	0	0	3	0.1	1.5639655831877	0.401033919803319	0.827385501015282	2.45586463124044	1.62847913022515	0	0	3	0.2	2.78618752349998	0.646571731235594	1.54794164126936	4.14947712532118	2.60153548405182
8	0	0	0	0.1	0.0511734971325406	0.0831183082288641	-0.0953127993946822	0.226515233708652	0.321828033103334	0	0	0	0.2	0.130545962935995	0.190156157271129	-0.210478856696158	0.50651343133419	0.716992288030348	0	0	1	0.1	0.159747558219432	0.140055277336811	-0.10933374366023	0.453642725723318	0.562976469383548	0	0	1	0.2	0.490592852456737	0.408313065750247	-0.238517896932714	1.37740487067666	1.61592276760938	0	0	2	0.1	0.465137835465531	0.286197045467242	-0.035320834240568	1.09820279855746	1.13352363279803	0	0	2	0.2	1.3730370314309	0.783203894322992	0.0651272794905292	3.28413124388746	3.21900396439693	0	0	3	0.1	0.994354708120087	0.510042454677198	0.158249816097326	2.30840295536816	2.15015313927084	0	0	3	0.2	2.42707743670785	1.18346313044827	0.522692106134238	5.07772661041529	4.55503450428105
56	0	0	0	0.1	0.130110460780045	0.0809501591480735	-0.0244655777206481	0.304680880910677	0.329146458631325	0	0	0	0.2	0.264541115064024	0.177614883604493	-0.048301191245426	0.674062287416779	0.722363478662205	0	0	1	0.1	0.256722813582011	0.137910892627985	0.0274979490318386	0.563348004582075	0.535850055550237	0	0	1	0.2	0.796469726184281	0.44330273894003	0.143327129461762	1.81491217214243	1.67158504268067	0	0	2	0.1	0.832983660565066	0.40171192777909	0.271458342461112	1.80621895829646	1.53476061583535	0	0	2	0.2	1.99231514808789	0.855941899860379	0.688988029532401	3.95118036487325	3.26219233534085	0	0	3	0.1	1.49369700679435	0.683587599235335	0.504895510652885	3.05106892863201	2.54617341797912	0	0	3	0.2	3.07173346157426	1.20238033734798	1.17334070413647	5.67758677199028	4.50424606785381
47	0	0	0	0.1	0.0789972557130726	0.0835336779636846	-0.0766183705028499	0.248217850996008	0.324836221498858	0	0	0	0.2	0.264025440099784	0.242916444497903	-0.147576200179462	0.820309399508838	0.967885599688299	0	0	1	0.1	0.257797383363511	0.210153993472219	-0.0768212430846881	0.761248316494596	0.838069559579284	0	0	1	0.2	0.896924624634151	0.689718133478852	-0.160495127453016	2.54809426610696	2.70858939355997	0	0	2	0.1	0.6927214615216	0.498612103459231	-0.122073298527758	1.86747604411029	1.98954934263805	0	0	2	0.2	1.64919975889755	1.10854389627225	-0.440150043092024	3.90295648845143	4.34310653154345	0	0	3	0.1	1.09344237906901	0.759909675832345	-0.337244351410068	2.74653534681698	3.08377969822705	0	0	3	0.2	2.23185488659445	1.52625908492083	-0.862983164863467	5.08048824666699	5.94347141153046
33	0	0	0	0.1	0.175888353541435	0.0764499403764121	0.051173740030148	0.356210287377534	0.305036547347386	0	0	0	0.2	0.384540562653065	0.194034712751211	0.0719940305346194	0.830409623590394	0.758415593055775	0	0	1	0.1	0.223431427764059	0.153232143539551	-0.0720561191517046	0.536622233543589	0.608678352695294	0	0	1	0.2	0.504441577213662	0.345078093546423	-0.167276288053382	1.19721969799411	1.36449598604749	0	0	2	0.1	0.441247634597499	0.203363394209331	0.0851683942305753	0.882655470240633	0.797487076010057	0	0	2	0.2	0.894923105533548	0.385658561778636	0.182379164677264	1.73592754684247	1.5535483821652	0	0	3	0.1	0.678559117104272	0.265109945996131	0.228836633121295	1.2898673742838	1.0610307411625	0	0	3	0.2	1.26480807455129	0.473105748344004	0.452497394495911	2.35249025269961	1.8999928582037
77	0	0	0	0.1	-0.033147371081003	0.0838765751841137	-0.211983573920244	0.124924411157025	0.336907985077268	0	0	0	0.2	-0.0668479803550666	0.16511164238843	-0.401448212321677	0.255787140173894	0.657235352495571	0	0	1	0.1	0.0642250074096496	0.104921104091864	-0.133599128131814	0.28679423341693	0.420393361548744	0	0	1	0.2	0.272396929393369	0.280200408235084	-0.179528314991468	0.91314266602536	1.09267098101683	0	0	2	0.1	0.387224435401348	0.219559834329562	0.0882144960203492	0.901993682061069	0.81377918604072	0	0	2	0.2	0.984839208290252	0.548455159176487	0.24729764718828	2.24292479695306	1.99562714976478	0	0	3	0.1	0.705485243605498	0.370326822421157	0.2408965659848	1.55810841799235	1.31721185200755	0	0	3	0.2	1.57598878144264	0.791603565510604	0.546980656213779	3.41426557621387	2.86728492000009
59	0	0	0	0.1	0.102449569616248	0.0592737905563985	-0.0174714500865627	0.226861257530546	0.244332707617109	0	0	0	0.2	0.153335857248159	0.156534236207375	-0.143997989539333	0.46290731545251	0.606905304991843	0	0	1	0.1	-0.08191587823484	0.179467812238232	-0.499665370030958	0.220772761363688	0.720438131394646	0	0	1	0.2	-0.194606048306622	0.434189501401885	-1.20864105887666	0.565524942263592	1.77416600114026	0	0	2	0.1	0.11573304634203	0.277508921924529	-0.478118954293586	0.653637591997479	1.13175654629106	0	0	2	0.2	0.479570967707896	0.56629182379409	-0.590504677396246	1.67713899802132	2.26764367541756	0	0	3	0.1	0.554821814861182	0.345444238948612	-0.0918389685398007	1.35622648775646	1.44806545629626	0	0	3	0.2	1.25795451314141	0.633997310706763	0.0688469098204992	2.64308097118941	2.57423406136891
67	0	0	0	0.1	0.195987908937939	0.0954316106253549	0.0142621746299989	0.401061859645311	0.386799685015312	0	0	0	0.2	0.432115926997709	0.258064542502842	-0.0376171292132477	0.978794708909989	1.01641183812324	0	0	1	0.1	0.276225834026428	0.183817312257017	-0.0491276175396421	0.671382622929459	0.720510240469101	0	0	1	0.2	0.785104157201334	0.476028018111551	-0.00280527243642343	1.87567242180982	1.87847769424624	0	0	2	0.1	0.663378741922098	0.305770430074383	0.183509077963008	1.34368581766724	1.16017673970423	0	0	2	0.2	1.48368695737421	0.619173738976963	0.466655687932481	2.79573649408336	2.32908080615088	0	0	3	0.1	0.984639766635284	0.396082363370336	0.354612547417693	1.86280828466923	1.50819573725154	0	0	3	0.2	1.93575067363232	0.702878216231599	0.762211573990578	3.52238761244606	2.76017603845548
15	0	0	0	0.1	0.184210649850931	0.0561466940838971	0.086406988001943	0.311735722645207	0.225328734643264	0	0	0	0.2	0.53367466188587	0.222349841931457	0.207370571495988	1.06717439480074	0.859803823304754	0	0	1	0.1	0.515122626671224	0.218843193241408	0.133282551097176	0.988501468813383	0.855218917716206	0	0	1	0.2	1.54997046769343	0.532502773062267	0.630224456340631	2.64773559942726	2.01751114308663	0	0	2	0.1	1.219231017866	0.372554827298334	0.598892066463371	2.05023757099716	1.45134550453379	0	0	2	0.2	2.3028161167871	0.646415697831353	1.15771579620135	3.68710559635268	2.52938980015133	0	0	3	0.1	1.62241201061409	0.477245988211155	0.822872195530137	2.69491528915407	1.87204309362393	0	0	3	0.2	2.75529930306275	0.758849561931636	1.45711790889163	4.39295075449348	2.93583284560185
84	0	0	0	0.1	0.185518895066826	0.0672971895042721	0.058174535997435	0.329880081021881	0.271705545024446	0	0	0	0.2	0.38608465992939	0.15457604641212	0.128245821780351	0.734618141849335	0.606372320068984	0	0	1	0.1	0.248839016794726	0.109916777563581	0.0767724932109738	0.491766703203461	0.414994209992487	0	0	1	0.2	0.558237451396287	0.292238949904291	0.131950142060575	1.25491924690804	1.12296910484747	0	0	2	0.1	0.417960854463996	0.188040725721481	0.110364541671617	0.830869765327809	0.720505223656191	0	0	2	0.2	0.869074541234517	0.413717892558567	0.170982628320264	1.75109478182798	1.58011215350772	0	0	3	0.1	0.637348272774355	0.289574341123035	0.0922593697135078	1.22611969447722	1.13386032476371	0	0	3	0.2	1.1954509120497	0.543726030477017	0.148835317256154	2.2471596611421	2.09832434388595
32	0	0	0	0.1	0.0418077922428801	0.0691458284101496	-0.0951187533087693	0.170308382214378	0.265427135523147	0	0	0	0.2	0.229615085321494	0.231915868334114	-0.172805026871344	0.714148355060959	0.886953381932303	0	0	1	0.1	0.715710752692758	0.393639800488841	0.0837892850611336	1.62546147360745	1.54167218854632	0	0	1	0.2	2.00888860552784	0.699786543835497	0.678491922076583	3.4071471475087	2.72865522543212	0	0	2	0.1	1.47478332700916	0.453355313623513	0.670797806343432	2.40301715041515	1.73221934407171	0	0	2	0.2	2.41852086679099	0.651683928752338	1.19272544997325	3.72408189029206	2.53135644031881	0	0	3	0.1	1.72587423523543	0.491542350718736	0.819695257182712	2.7295298753272	1.90983461814449	0	0	3	0.2	2.65087793792631	0.70353815128009	1.34914888525131	4.08062774182813	2.73147885657681
46	0	0	0	0.1	0.136257017839692	0.107133346046013	-0.0790267279625337	0.336031299655526	0.41505802761806	0	0	0	0.2	0.371571076756922	0.255854146155985	-0.109790535317742	0.91951334660063	1.02930388191837	0	0	1	0.1	0.328878098338012	0.152927148501503	0.057596096461885	0.661134084304875	0.603537987842991	0	0	1	0.2	0.816871601473365	0.365304345966615	0.221454820236633	1.70323316441547	1.48177834417884	0	0	2	0.1	0.641849068664378	0.256365165418381	0.246633219091989	1.23359005635399	0.986956837261996	0	0	2	0.2	1.30865206397532	0.518348407567365	0.519964710870349	2.45902176178773	1.93905705091738	0	0	3	0.1	0.851744441612092	0.356067494768399	0.306269301881338	1.69278347482406	1.38651417294272	0	0	3	0.2	1.62778350340229	0.666965024210674	0.587091457381658	3.23800443364504	2.65091297626338
70	0	0	0	0.1	0.00567385876081209	0.0745898847205913	-0.138374488052897	0.154214982206741	0.292589470259637	0	0	0	0.2	0.0115912872526075	0.167719621240329	-0.329680172849262	0.338432343661011	0.668112516510273	0	0	1	0.1	0.200021592882712	0.138539984773757	-0.0613575211677023	0.496173796404506	0.557531317572208	0	0	1	0.2	0.541325101362021	0.354758065061918	-0.0272303537739792	1.29441424489607	1.32164459867005	0	0	2	0.1	0.522104045376102	0.279691569237098	0.106274831542736	1.13756587244361	1.03129104090087	0	0	2	0.2	1.22683924820683	0.646682656280315	0.188950393211301	2.62873135760295	2.43978096439164	0	0	3	0.1	0.855856119406878	0.442599909835848	0.151309693463703	1.84868622644322	1.69737653297952	0	0	3	0.2	1.79914546958802	0.921046324697552	0.224981444070089	3.77649921812041	3.55151777405032
55	0	0	0	0.1	0.12737329932467	0.0900468288279973	-0.0533689643929545	0.305312058819172	0.358681023212126	0	0	0	0.2	0.281837961822972	0.214163437201806	-0.145944512535504	0.710791795618609	0.856736308154113	0	0	1	0.1	0.215576771369833	0.160111690464201	-0.0912429907399516	0.550334831992429	0.641577822732381	0	0	1	0.2	0.54129401359895	0.448547712384003	-0.277144806966879	1.61117629904837	1.88832110601525	0	0	2	0.1	0.411893569553253	0.333263609418059	-0.161640949742412	1.19578933029203	1.35743028003445	0	0	2	0.2	0.873226838280005	0.716825472585687	-0.416195610532862	2.47061822763025	2.88681383816312	0	0	3	0.1	0.58966848358476	0.49143534113026	-0.256424405185351	1.72057990716561	1.97700431235096	0	0	3	0.2	1.14291744067459	0.942452254185956	-0.577825540619646	3.19272419935761	3.77054973997726
14	0	0	0	0.1	0.107209665470549	0.0788149257971511	-0.0550369783060689	0.271380958778677	0.326417937084746	0	0	0	0.2	0.0973061883358365	0.255460417564298	-0.435395423885584	0.597694308779655	1.03308973266524	0	0	1	0.1	-0.0521513213396243	0.219498803471258	-0.556590895559088	0.344407555294454	0.900998450853541	0	0	1	0.2	0.150580557273416	0.477770642093222	-0.727474798994526	1.24711827530903	1.97459307430355	0	0	2	0.1	0.4787121837198	0.323038068178892	-0.0363044942351319	1.25369184318537	1.2899963374205	0	0	2	0.2	1.12473009129541	0.547235181835577	0.260979615242016	2.40376582648082	2.14278621123881	0	0	3	0.1	0.960463959502632	0.391770057553585	0.393470884923313	1.89444747456324	1.50097658963993	0	0	3	0.2	1.74685654275442	0.603543293717851	0.768645825833992	3.15397515171224	2.38532932587825
82	0	0	0	0.1	0.0446878826278572	0.101663694678299	-0.135937053825358	0.241056668765147	0.376993722590505	0	0	0	0.2	0.172247351573597	0.251536206161999	-0.265778606989715	0.747646665304581	1.0134252722943	0	0	1	0.1	0.337666616008155	0.18389538282266	0.0425148848215807	0.764797553812983	0.722282668991402	0	0	1	0.2	0.978421061627198	0.460448052509078	0.240496984175023	2.05340883022211	1.81291184604708	0	0	2	0.1	0.929554955537968	0.332797471845477	0.399677715506695	1.68985444453207	1.29017672902538	0	0	2	0.2	1.98564922794931	0.59432071820431	0.99196657653738	3.29264513738037	2.30067856084299	0	0	3	0.1	1.51071444897702	0.468988648955921	0.76917002043969	2.55029432997647	1.78112430953678	0	0	3	0.2	2.78309665269661	0.732720434357622	1.55626303044587	4.33578691228811	2.77952388184224
29	0	0	0	0.1	-0.0828211899159468	0.106194085496145	-0.309726743859411	0.103642299675035	0.413369043534445	0	0	0	0.2	-0.145532167768361	0.24379126851183	-0.675429206962105	0.292452749592209	0.967881956554313	0	0	1	0.1	-0.00271899921823389	0.134654712118047	-0.257927373642457	0.257614057023886	0.515541430666343	0	0	1	0.2	0.100766900961191	0.300946417875192	-0.44114661908058	0.730144140164719	1.1712907592453	0	0	2	0.1	0.193107393962581	0.185396713493714	-0.144049682210124	0.611124958462699	0.755174640672823	0	0	2	0.2	0.392704950853329	0.335402391832454	-0.240189470274366	1.05781766472972	1.29800713500409	0	0	3	0.1	0.296498881769637	0.214095492700691	-0.0938152521067267	0.764928330115628	0.858743582222354	0	0	3	0.2	0.532828235200973	0.372559894327007	-0.172260028850225	1.29196579776307	1.46422582661329
3	0	0	0	0.1	0.0866371424670819	0.108020265000677	-0.136256593362511	0.284879848576083	0.421136441938593	0	0	0	0.2	0.192142644972849	0.317309690908993	-0.491579615904197	0.779125202612976	1.27070481851717	0	0	1	0.1	0.353424863895669	0.249746139528899	-0.109875576833083	0.848919343140421	0.958794919973503	0	0	1	0.2	1.24095474560359	0.445386552004352	0.413719088581762	2.14504384819858	1.73132475961682	0	0	2	0.1	1.13650716595407	0.296174446660418	0.616272885253813	1.75873176478036	1.14245887952655	0	0	2	0.2	1.98217099340443	0.417600603945213	1.21268759755854	2.82383039457636	1.61114279701782	0	0	3	0.1	1.39863094788958	0.340627314294316	0.784777943868135	2.091287452225	1.30650950835686	0	0	3	0.2	2.304675408055	0.504847528163124	1.35833499864811	3.28813776081101	1.9298027621629
69	0	0	0	0.1	-0.0788734108144122	0.106196291248866	-0.308857554133639	0.0967918242382479	0.405649378371887	0	0	0	0.2	-0.404760896297693	0.297293737437305	-1.08489817852415	0.0972825954397172	1.18218077396387	0	0	1	0.1	-0.302367726558484	0.207932529492265	-0.820852535910038	0.01474027567686	0.835592811586898	0	0	1	0.2	-0.524574291035162	0.433181513979528	-1.45104546774937	0.268550860044964	1.71959632779433	0	0	2	0.1	0.0457938602277412	0.291963917108392	-0.513987187021681	0.695814157709082	1.20980134473076	0	0	2	0.2	0.322856808488397	0.567505443737223	-0.783202332794191	1.58279934607392	2.36600167886811	0	0	3	0.1	0.424002612968587	0.385067173913575	-0.263255391442637	1.33623076735387	1.59948615879651	0	0	3	0.2	0.865926110537985	0.673762476834487	-0.376576182821804	2.32839584084437	2.70497202366617
66	0	0	0	0.1	0.114818881988166	0.0959975494873175	-0.0763779625880927	0.307817448431205	0.384195411019298	0	0	0	0.2	0.232384715068084	0.22775834440612	-0.189613042037295	0.711874913116862	0.901487955154157	0	0	1	0.1	0.256266887731329	0.173957881132275	-0.0405794656515572	0.64215130192462	0.682730767576177	0	0	1	0.2	0.656425762736733	0.458354395908466	-0.0483407120985235	1.84455001818196	1.89289073028048	0	0	2	0.1	0.590019296162611	0.354138707041305	0.121894653192551	1.49600560124057	1.37411094804802	0	0	2	0.2	1.31187444674011	0.746391609014262	0.304334488461353	3.13691246555979	2.83257797709844	0	0	3	0.1	0.924809877482322	0.499384002792002	0.267948324135785	2.18030986601235	1.91236154187656	0	0	3	0.2	1.88685731888151	0.926995040432038	0.619178636226157	4.16311401226605	3.54393537603989
21	0	0	0	0.1	0.0418551514575315	0.0578038351827055	-0.0743993101025027	0.149479494494964	0.223878804597466	0	0	0	0.2	0.0569166049184317	0.12007991872673	-0.189026397084861	0.284439194776188	0.473465591861049	0	0	1	0.1	0.148383227224703	0.0874118752379719	-0.0186045771502818	0.320987185186123	0.339591762336405	0	0	1	0.2	0.533236527636108	0.308752038443026	0.0825677330606314	1.35981840785655	1.27725067479592	0	0	2	0.1	0.837645792119658	0.343156403427465	0.362215565066593	1.68178071162754	1.31956514656094	0	0	2	0.2	2.20150791739232	0.76407408632796	0.969105450997643	3.89684915109186	2.92774370009421	0	0	3	0.1	1.66761692755718	0.593300987313107	0.790836486625604	2.99902858130367	2.20819209467806	0	0	3	0.2	3.40632652625363	1.01287063866109	1.75588719954643	5.75999641986359	4.00410922031716
25	0	0	0	0.1	0.129172288314544	0.0612903976222311	0.0127952078383305	0.255022824619314	0.242227616780984	0	0	0	0.2	0.229779379560143	0.151355104630462	-0.0601303289724741	0.528729955872583	0.588860284845057	0	0	1	0.1	0.15503652242801	0.159363068969177	-0.11619195516704	0.48407782867953	0.60026978384657	0	0	1	0.2	0.521039347150878	0.491915728322491	-0.244718591000543	1.72321825153133	1.96793684253187	0	0	2	0.1	0.547126021890478	0.363018406632554	0.0349945403934034	1.45222348922529	1.41722894883189	0	0	2	0.2	1.51355427720728	0.797989456664446	0.343481982060859	3.42150666804066	3.0780246859798	0	0	3	0.1	1.11459912132964	0.538308804108938	0.362619386785026	2.41116893852299	2.04854955173796	0	0	3	0.2	2.38654759893309	0.94877169198346	0.8926402866805	4.64267755504676	3.75003726836626
68	0	0	0	0.1	0.0793868831160666	0.0828956266126601	-0.0791811740011665	0.247745018188886	0.326926192190052	0	0	0	0.2	0.27408941325672	0.23041100027055	-0.101324579973355	0.851660382233226	0.952984962206581	0	0	1	0.1	0.541586408857737	0.22667561951419	0.190368024652142	1.05827904750067	0.867911022848523	0	0	1	0.2	1.66410744019225	0.56744630570083	0.634721832308592	2.90907720287463	2.27435537056604	0	0	2	0.1	1.42339287477766	0.406571292751403	0.737747309820529	2.30160533770511	1.56385802788458	0	0	2	0.2	2.68780484226388	0.622290905726078	1.55732365911421	3.97182406592029	2.41450040680608	0	0	3	0.1	1.87532974296326	0.492748797386916	1.04801846933467	2.96820998209108	1.92019151275641	0	0	3	0.2	3.18906843976368	0.73450906396917	1.87725009833985	4.74337877781436	2.86612867947452
96	0	0	0	0.1	0.0687303248902527	0.0639244867475658	-0.0602870721701214	0.193618840013782	0.253905912183903	0	0	0	0.2	0.0829571488146506	0.148092294892875	-0.220164487173949	0.371422865455427	0.591587352629375	0	0	1	0.1	0.0531334231885946	0.123069908613634	-0.196833498123192	0.303931187269165	0.500764685392356	0	0	1	0.2	0.196281705006105	0.378867085972786	-0.465979923164004	1.08254136261171	1.54852128577572	0	0	2	0.1	0.358909953051394	0.309835285084081	-0.0839515135880905	1.15822285173124	1.24217436531933	0	0	2	0.2	0.943425882285854	0.742301696606657	-0.0672380679874022	2.81854020010217	2.88577826808958	0	0	3	0.1	0.728717425850671	0.485687222797375	0.107304455803084	2.01204660841528	1.9047421526122	0	0	3	0.2	1.573749478103	0.933539545177129	0.285528533551493	3.7749346989361	3.48940616538461
92	0	0	0	0.1	0.158551279619319	0.062287179560438	0.044620700725256	0.291897551591903	0.247276850866647	0	0	0	0.2	0.319898661929334	0.154270540821158	0.0553080433918551	0.684681925316245	0.62937388192439	0	0	1	0.1	0.25124513233017	0.136847461907451	0.0306300813850022	0.578331742656701	0.547701661271699	0	0	1	0.2	0.588514428882126	0.411196319436724	-0.0067896515668607	1.54045478640441	1.54724443797127	0	0	2	0.1	0.42755809618062	0.298078655751568	-0.082028578459261	1.14638582433761	1.22841440279687	0	0	2	0.2	0.844002627911295	0.587672595143903	-0.240700884656266	2.17846352458584	2.4191644092421	0	0	3	0.1	0.563349548597073	0.39755943725662	-0.154352183712343	1.49659769193837	1.65094987565071	0	0	3	0.2	1.01569901115969	0.706237905131042	-0.353917318888591	2.60169540145852	2.95561272034711
6	0	0	0	0.1	-0.00968990659066502	0.091461654934346	-0.206946736550615	0.160885712038713	0.367832448589328	0	0	0	0.2	-0.012991472755128	0.208933210508827	-0.43307750230822	0.405900262140799	0.838977764449019	0	0	1	0.1	0.127504657038185	0.156195707427813	-0.148571794187151	0.461679606820023	0.610251401007174	0	0	1	0.2	0.537563404082336	0.407721337696046	-0.176193966613575	1.3852620985048	1.56145606511837	0	0	2	0.1	0.622620597740084	0.28708544990839	0.118107328954245	1.23100992245129	1.11290259349705	0	0	2	0.2	1.25865338145506	0.497522778026297	0.348722856455892	2.22310796344497	1.87438510698908	0	0	3	0.1	0.904192851831685	0.349369374618046	0.282344511047244	1.62478001904736	1.34243550800012	0	0	3	0.2	1.59296867870416	0.574959840390945	0.54834998648892	2.74696091996685	2.19861093347793
30	0	0	0	0.1	0.223329335417313	0.088798970163966	0.0548136917133804	0.396353416509128	0.341539724795747	0	0	0	0.2	0.411028788973473	0.226407033091992	-0.0225065416207889	0.844917996640191	0.86742453826098	0	0	1	0.1	0.135845813222531	0.170739486489811	-0.228826571358776	0.470218759148592	0.699045330507367	0	0	1	0.2	0.258742101792926	0.365648202577076	-0.491419918369735	1.05301134586884	1.54443126423858	0	0	2	0.1	0.288776723083079	0.231987093104613	-0.145056927489574	0.76301256108701	0.908069488576585	0	0	2	0.2	0.562934854305718	0.410462780173694	-0.169654234700677	1.39983454107966	1.56948877578033	0	0	3	0.1	0.467441882744705	0.280763861990839	-5.73449057495535e-05	1.07528797002294	1.07534531492869	0	0	3	0.2	0.858673036409456	0.478651142151514	0.0362173859773354	1.9443782907672	1.90816090478987
105	0	0	0	0.1	0.122918484490225	0.110276018698377	-0.0741969727777241	0.375040970714627	0.449237943492351	0	0	0	0.2	0.356447901566255	0.29115063578366	-0.146477685545359	1.00261663375387	1.14909431929923	0	0	1	0.1	0.332469059076694	0.22180122010757	-0.0663573292373936	0.809841185090449	0.876198514327843	0	0	1	0.2	0.82313964589573	0.456361436957623	0.037045309563404	1.76005479389263	1.72300948432923	0	0	2	0.1	0.690248919117056	0.32165473258662	0.127345033796018	1.36942579693191	1.24208076313589	0	0	2	0.2	1.33301300386064	0.615993082257875	0.285924187931606	2.49140191396759	2.20547772603598	0	0	3	0.1	0.97705877708859	0.442451852036717	0.222902402900908	1.84678413024478	1.62388172734387	0	0	3	0.2	1.77501516743507	0.814946728948521	0.371838928835294	3.52805541484641	3.15621648601112
37	0	0	0	0.1	0.111026443502034	0.0801448740351703	-0.0583597270052152	0.26273512130569	0.321094848310905	0	0	0	0.2	0.220132628231661	0.179994235897927	-0.128066215075749	0.571674135698158	0.699740350773907	0	0	1	0.1	0.212718577477552	0.105072075354254	0.0145955561932436	0.421540656977232	0.406945100783988	0	0	1	0.2	0.518885514282112	0.226099566149211	0.105621995755992	0.980609967445646	0.874987971689654	0	0	2	0.1	0.514395973604944	0.154070630500354	0.243998050474058	0.845880807923548	0.60188275744949	0	0	2	0.2	1.06136495851818	0.308827294287928	0.524883204462056	1.71202370198793	1.18714049752588	0	0	3	0.1	0.750511331566844	0.213326544870966	0.403281208568612	1.24898388179051	0.845702673221896	0	0	3	0.2	1.45230807697121	0.400680449126384	0.773217642861139	2.35151631091462	1.57829866805348
87	0	0	0	0.1	0.170804925521923	0.0512322590017732	0.081001657781964	0.284657127227481	0.203655469445517	0	0	0	0.2	0.315509524590732	0.115105217272549	0.120266153812376	0.571078483975343	0.450812330162967	0	0	1	0.1	-0.106514310373696	0.226261930773005	-0.544361529714657	0.366767356282009	0.911128885996666	0	0	1	0.2	-0.0131724677061477	0.606967497405653	-0.963046084723887	1.43552409983043	2.39857018455432	0	0	2	0.1	0.270126307483486	0.466706784684697	-0.454043497814652	1.34047069092919	1.79451418874384	0	0	2	0.2	0.665432481358674	0.768189373185238	-0.66145101669902	2.33297886963182	2.99442988633084	0	0	3	0.1	0.556754680044665	0.486973507697423	-0.265475998706	1.60287227334184	1.86834827204784	0	0	3	0.2	1.00044670655387	0.781384901069696	-0.339206855682414	2.67613613136021	3.01534298704262
108	0	0	0	0.1	0.222003639558331	0.112893424580034	0.0257929000799683	0.468282475612931	0.442489575532962	0	0	0	0.2	0.528297269907817	0.30290050745887	0.00810730605918608	1.17275070592765	1.16464339986846	0	0	1	0.1	0.342179052302045	0.16789094439729	0.0157156292819135	0.663983911953298	0.648268282671384	0	0	1	0.2	0.905921110640931	0.376674298588338	0.184864962642921	1.62872804636277	1.44386308371985	0	0	2	0.1	0.85671062728563	0.243448753767257	0.401875859309191	1.38995956489997	0.988083705590779	0	0	2	0.2	1.76212306514357	0.453489713712498	0.917632593399229	2.72289186306314	1.80525926966392	0	0	3	0.1	1.41434537046842	0.363395335171555	0.741044865918133	2.16611946964042	1.42507460372228	0	0	3	0.2	2.49630251457126	0.592061719202849	1.42211530411675	3.735627074237	2.31351177012024
90	0	0	0	0.1	0.103601320437697	0.0796382674718917	-0.0390094654310745	0.282693824377906	0.32170328980898	0	0	0	0.2	0.263105867660681	0.206794692889963	-0.0796258920639935	0.718969041284113	0.798594933348106	0	0	1	0.1	0.115130969305355	0.164390460293362	-0.304918418941113	0.372868098092212	0.677786517033325	0	0	1	0.2	0.343160270738828	0.391098298225553	-0.71657866704047	0.948822193427267	1.66540086046774	0	0	2	0.1	0.333188325130285	0.280445460146752	-0.450519087660167	0.728531231080358	1.17905031874052	0	0	2	0.2	0.715981711485443	0.514631030511254	-0.671960258329921	1.46711250378825	2.13907276211817	0	0	3	0.1	0.510031852537207	0.285189349538688	-0.20844418085963	0.97299780818511	1.18144198904474	0	0	3	0.2	0.96694972603619	0.501747121240836	-0.305845898819447	1.75974034212538	2.06558624094483
93	0	0	0	0.1	0.025352708632772	0.0933365489338336	-0.171438349273202	0.198880431535618	0.37031878080882	0	0	0	0.2	-0.169498036132023	0.205864706803734	-0.61984092542214	0.192583031413952	0.812423956836092	0	0	1	0.1	-0.0925149961925521	0.186619003088039	-0.464438729603885	0.285948824494964	0.750387554098849	0	0	1	0.2	0.191759893415607	0.695186973794625	-0.873703376051409	1.87264316231605	2.74634653836746	0	0	2	0.1	0.944835431203396	0.618916323785055	0.0729883392633123	2.49186680204274	2.41887846277943	0	0	2	0.2	3.02930083608308	1.38111788225117	0.755854848161097	6.08702896462107	5.33117411645997	0	0	3	0.1	2.22441100098127	0.919070006898096	0.72738077575994	4.28371963594851	3.55633886018857	0	0	3	0.2	4.71404552526765	1.64840770515066	1.78568944882104	8.37272409680028	6.58703464797925
100	0	0	0	0.1	0.0693466036391598	0.111425463231886	-0.146364343734335	0.295151553219274	0.441515896953609	0	0	0	0.2	0.0814114686379755	0.2447188987195	-0.375516737753815	0.602777020532917	0.978293758286732	0	0	1	0.1	0.0923593356442797	0.133820050831334	-0.156069901903937	0.351818573298776	0.507888475202713	0	0	1	0.2	0.375487194398187	0.314225094722003	-0.165441400257972	1.03989548848041	1.20533688873838	0	0	2	0.1	0.548252343538168	0.194466920399301	0.233958485136357	0.957628298512911	0.723669813376554	0	0	2	0.2	1.18855721977297	0.350803228403473	0.594513531208069	1.93585344359196	1.34133991238389	0	0	3	0.1	0.889774792067521	0.243663825291124	0.480709439192671	1.41593231815155	0.935222878958883	0	0	3	0.2	1.66240363262614	0.405859265291328	0.953924481339187	2.49901864383322	1.54509416249404
101	0	0	0	0.1	0.105245967080792	0.0702902833477569	-0.0251327408426469	0.252844650255959	0.277977391098605	0	0	0	0.2	0.236867483484716	0.154392956035114	-0.0363287480635086	0.553711257629028	0.590040005692536	0	0	1	0.1	0.295260454179697	0.121679501664788	0.0774517640608269	0.546743592224749	0.469291828163922	0	0	1	0.2	0.803039434616106	0.339859153297276	0.240799757109909	1.55045880253877	1.30965904542886	0	0	2	0.1	0.759090736487437	0.245818211794558	0.348585598084304	1.30156273384525	0.952977135760946	0	0	2	0.2	1.55632878349891	0.477206801437914	0.727771921638655	2.65233807373634	1.92456615209769	0	0	3	0.1	1.06587703648236	0.345323385125699	0.487466189712577	1.87004450674257	1.38257831702999	0	0	3	0.2	1.93063478588438	0.591212846819837	0.866868902687873	3.34624205074336	2.47937314805548
104	0	0	0	0.1	0.125998009646784	0.0651773290027017	0.00374274202071057	0.264482865933812	0.260740123913101	0	0	0	0.2	0.234950065120068	0.170969826741598	-0.0946625502941591	0.59327782073355	0.687940371027709	0	0	1	0.1	0.123559973852671	0.21676137438775	-0.418027267046746	0.489988590475879	0.908015857522624	0	0	1	0.2	0.414703853970494	0.626686302348171	-0.971693083299522	1.58659232605288	2.5582854093524	0	0	2	0.1	0.447034291829302	0.403355170825257	-0.348148707835567	1.31235607355851	1.66050478139408	0	0	2	0.2	1.00020541544866	0.765900174195904	-0.558288946770189	2.63226607187375	3.19055501864394	0	0	3	0.1	0.724047865600166	0.478292391084726	-0.174226818039086	1.79494604723003	1.96917286526911	0	0	3	0.2	1.3513899582643	0.832000469184341	-0.279932101920944	3.0802599281075	3.36019203002845
94	0	0	0	0.1	0.179879376019858	0.0747243103858292	0.0367661438328662	0.336939244976804	0.300173101143938	0	0	0	0.2	0.293124946871858	0.12638121530947	0.0465105344575966	0.544093994144371	0.497583459686774	0	0	1	0.1	0.192117676379643	0.0632798712191328	0.0699338533339278	0.313701125132386	0.243767271798458	0	0	1	0.2	0.384045262433094	0.120577135871312	0.135612582888262	0.61270041988209	0.477087836993827	0	0	2	0.1	0.381644064504786	0.0857152173996339	0.223935157574361	0.559667047522643	0.335731889948282	0	0	2	0.2	0.790617550921798	0.174739695675302	0.46802447678193	1.14822710109408	0.680202624312154	0	0	3	0.1	0.605755955040042	0.136439529133533	0.364821044017994	0.90771040741095	0.542889363392956	0	0	3	0.2	1.22177144063316	0.289576636776568	0.727554761252591	1.86180471901377	1.13424995776118
99	0	0	0	0.1	0.210804683389288	0.0897043305391074	0.0365102538130988	0.401543583987962	0.365033330174863	0	0	0	0.2	0.534228276543236	0.266360265809264	0.107822219732468	1.09501693583542	0.987194716102948	0	0	1	0.1	0.456745245803423	0.220912326096747	0.125302620202866	0.973144080568935	0.847841460366069	0	0	1	0.2	1.3075634103186	0.549012049255114	0.426559350243491	2.59770707045255	2.17114772020906	0	0	2	0.1	1.18526237065789	0.398733929944506	0.544216270824189	2.14208444969409	1.5978681788699	0	0	2	0.2	2.43625685070484	0.653753718761276	1.28288759296888	3.87504009969615	2.59215250672727	0	0	3	0.1	1.87884090675034	0.542311717863554	0.984903634240081	3.10017547840796	2.11527184416788	0	0	3	0.2	3.30337154588493	0.794788253798301	1.90160236228048	4.99293774269949	3.09133538041901
103	0	0	0	0.1	0.133585223750215	0.0626217576699779	0.0169272528772237	0.260091952742149	0.243164699864925	0	0	0	0.2	0.305337273637977	0.153673215304627	0.0183632330834346	0.615608708079442	0.597245474996007	0	0	1	0.1	0.230765290407109	0.142931216428543	-0.0623859755227514	0.537510712411994	0.599896687934745	0	0	1	0.2	0.767687621945934	0.505518967574668	-0.0867313675170411	1.92032066324221	2.00705203075925	0	0	2	0.1	0.657744223918614	0.346966705411559	0.0813269218573274	1.47245547989826	1.39112855804093	0	0	2	0.2	1.39682414909284	0.646686573598308	0.277976539569033	2.75433835613662	2.47636181656758	0	0	3	0.1	0.99247961780036	0.444142498293195	0.242116968246274	1.94903882667768	1.7069218584314	0	0	3	0.2	1.76168816337436	0.721848773553356	0.441273545398689	3.24155052494986	2.80027697955118
98	0	0	0	0.1	0.139878916652268	0.062390612431656	0.0258870392694285	0.269428663345431	0.243541624076003	0	0	0	0.2	0.311173996355044	0.144266548093088	0.048947401760285	0.626667632120861	0.577720230360576	0	0	1	0.1	0.22315224483409	0.115865461649432	0.00554050904494697	0.472470860473771	0.466930351428824	0	0	1	0.2	0.573689925917346	0.351150157554634	-0.0804228277895367	1.32726305430264	1.40768588209217	0	0	2	0.1	0.500659530273406	0.215598332349281	0.103477086838513	0.99277666038324	0.889299573544728	0	0	2	0.2	1.12262589778166	0.456201636725742	0.271305459638524	2.0894067245065	1.81810126486798	0	0	3	0.1	0.79010270294347	0.302798438498458	0.203221618081935	1.39850245188339	1.19528083380146	0	0	3	0.2	1.47880240041397	0.572116167945698	0.290677316349423	2.51371348776119	2.22303617141177
107	0	0	0	0.1	0.126759756802314	0.0608511629109458	0.00590961273077804	0.245775049397701	0.239865436666923	0	0	0	0.2	0.275405377300995	0.143182659831509	0.00748801346507341	0.565319841746443	0.55783182828137	0	0	1	0.1	0.315854882345651	0.136692244618845	0.057191230073381	0.600247605235637	0.543056375162256	0	0	1	0.2	0.966896859609929	0.495956851369607	0.194504638560634	2.13506977386206	1.94056513530143	0	0	2	0.1	0.999153424749537	0.490651312467177	0.300326596127041	2.02620343021054	1.72587683408349	0	0	2	0.2	2.08091448051025	0.940419496735792	0.64227124890025	4.15311069804999	3.51083944914974	0	0	3	0.1	1.64235783411679	0.761441146147997	0.537196239091902	3.25042866830138	2.71323242920948	0	0	3	0.2	2.87224174231527	1.14718713835703	1.12607710922812	5.429454412267	4.30337730303888
91	0	0	0	0.1	0.080151856186675	0.0854288236179498	-0.0957223477025476	0.253573366286563	0.349295713989111	0	0	0	0.2	0.145597594876364	0.209690405045602	-0.26236163427217	0.590889217616069	0.85325085188824	0	0	1	0.1	0.121621621723723	0.119080463707661	-0.102299293119901	0.368918351889325	0.471217645009226	0	0	1	0.2	0.307249302320573	0.261371470788189	-0.182902319811178	0.911697963541919	1.0946002833531	0	0	2	0.1	0.352537926188606	0.156674545968954	0.0642843023244062	0.68031650269296	0.616032200368554	0	0	2	0.2	0.752640602676097	0.321673730006008	0.16604727728916	1.48433551689148	1.31828823960232	0	0	3	0.1	0.554477259277675	0.215791895788311	0.185627517751929	1.01398413406496	0.828356616313026	0	0	3	0.2	1.05394882082955	0.408662835915366	0.329823423120501	1.99814498488778	1.66832156176728
85	0	0	0	0.1	0.0886148393763402	0.0471103453851903	-0.00851554147915331	0.180093713021502	0.188609254500655	0	0	0	0.2	0.153434395563277	0.0988742141046241	-0.0467551421464277	0.340449863006755	0.387205005153183	0	0	1	0.1	0.10537471977703	0.0988072285499785	-0.115994236723163	0.299384113369269	0.415378350092432	0	0	1	0.2	0.258828427751813	0.330402354873491	-0.39218930826035	0.95608520764162	1.34827451590197	0	0	2	0.1	0.401944467337776	0.321248421460521	-0.142203078531717	1.15689779986506	1.29910087839677	0	0	2	0.2	1.15813613430878	0.75385091026687	-0.0348052109432652	2.8364222094555	2.87122742039877	0	0	3	0.1	0.988387015197869	0.56169081386119	0.150742380958468	2.32759289322006	2.17685051226159	0	0	3	0.2	2.02422310809365	1.03895157520832	0.476694671067897	4.40826886337938	3.93157419231148
79	0	0	0	0.1	0.247363095432269	0.127215861305883	0.00194969583789598	0.496788857891015	0.494839162053119	0	0	0	0.2	0.424065114325475	0.229888583547625	-0.0449856765079657	0.890686234323289	0.935671910831255	0	0	1	0.1	0.270940438486082	0.119933690201636	0.0342197564143826	0.515355709170692	0.48113595275631	0	0	1	0.2	0.562791626957777	0.237431434409875	0.0964689856811917	1.0610751633302	0.964606177649011	0	0	2	0.1	0.543796532659456	0.159449773295056	0.262798172739424	0.909076255390931	0.646278082651507	0	0	2	0.2	1.0719405082126	0.297672889182943	0.510804599288986	1.74677191527066	1.23596731598167	0	0	3	0.1	0.821609437857575	0.215430259334528	0.440735037218285	1.32038010861043	0.879645071392148	0	0	3	0.2	1.54084771810964	0.391661763144506	0.829643801894163	2.41537555420616	1.585731752312
117	0	0	0	0.1	-0.0464465004205094	0.134034503174153	-0.303583566504154	0.200488059727807	0.504071626231961	0	0	0	0.2	-0.0050430764549874	0.219930665165392	-0.429095861671883	0.413897402301845	0.842993263973727	0	0	1	0.1	0.163144099243848	0.101988715831924	-0.0384084868598164	0.371580728141342	0.409989215001158	0	0	1	0.2	0.414073318971004	0.225529227679595	-0.00589134238155188	0.88729030675935	0.893181649140901	0	0	2	0.1	0.455186049170002	0.172649081948654	0.146448423910009	0.842379707765163	0.695931283855154	0	0	2	0.2	1.10016593852415	0.424326784081887	0.354602195536354	1.99296691397736	1.63836471844101	0	0	3	0.1	0.858751172903955	0.326428973681561	0.321224614596232	1.56175085798783	1.2405262433916	0	0	3	0.2	1.75623448128412	0.642019740120085	0.684844385515872	3.15941096090358	2.47456657538771
95	0	0	0	0.1	0.317823332068595	0.0957262662855811	0.142406765527258	0.51940069354398	0.376993928016721	0	0	0	0.2	0.624020163647182	0.228454433430795	0.253576988631736	1.13420774347089	0.880630754839152	0	0	1	0.1	0.405231908771633	0.152033983314543	0.175217587853565	0.742184619502714	0.566967031649149	0	0	1	0.2	0.90704290232164	0.377670491674503	0.377357150799547	1.76354613129989	1.38618898050034	0	0	2	0.1	0.748563448318862	0.321633289534373	0.318601922719095	1.5240274727152	1.20542554999611	0	0	2	0.2	1.49041047679235	0.616860667936413	0.641250588950853	2.88352638784008	2.24227579888923	0	0	3	0.1	1.0773282427842	0.496911770634974	0.42319511346945	2.21050399894017	1.78730888547072	0	0	3	0.2	2.01501127580032	0.870541230818532	0.794629673489158	4.0021654869635	3.20753581347435
88	0	0	0	0.1	0.246339719861259	0.0624311922291313	0.137821720166889	0.376521353359857	0.238699633192968	0	0	0	0.2	0.550719437407404	0.188840050570376	0.261270622647382	1.01399820377741	0.752727581130033	0	0	1	0.1	0.471210026469117	0.318038843526645	-0.0205516940994729	1.17128721598499	1.19183891008446	0	0	1	0.2	1.9325249658719	0.969775665545201	0.271785552072042	3.90396348074101	3.63217792866897	0	0	2	0.1	2.04885585362561	0.830873348088338	0.582692477904208	3.78608512364265	3.20339264573844	0	0	2	0.2	4.02537487068478	1.15396894830326	1.92783288734439	6.44699511721911	4.51916222987472	0	0	3	0.1	3.39075710600255	1.01357975234419	1.53194851988955	5.50861620345491	3.97666768356536	0	0	3	0.2	5.37880920712195	1.34484227156405	3.00266809514604	8.07588901196262	5.07322091681658
44	0	0	0	0.1	0.0380343003584576	0.0715198329732375	-0.0973013726082268	0.172760126132872	0.270061498741099	0	0	0	0.2	0.112106528482419	0.141368014547292	-0.147964370963548	0.395056640557196	0.543021011520744	0	0	1	0.1	0.195654120990513	0.114785720616222	0.0192947677861549	0.451122502742804	0.431827734956649	0	0	1	0.2	0.667702444313496	0.403693717561609	0.129605909131166	1.80465466516502	1.67504875603385	0	0	2	0.1	0.789402585350973	0.38415998265154	0.283905022048821	1.83117295390902	1.5472679318602	0	0	2	0.2	1.85477723092197	0.703475346786327	0.748854200198141	3.49362492719897	2.74477072700083	0	0	3	0.1	1.36027395071647	0.553211218207717	0.524829294951877	2.70390305824505	2.17907376329317	0	0	3	0.2	2.63653448729906	0.943649470604181	1.00260708489391	4.75958761203302	3.75698052713911
97	0	0	0	0.1	0.145633682020971	0.0742058027930596	0.00843315467408816	0.298643168643329	0.290210013969241	0	0	0	0.2	0.269825003835466	0.166045682639968	-0.0542791851457598	0.612623069825506	0.666902254971265	0	0	1	0.1	0.0988644854035973	0.119776138286218	-0.151903959310329	0.345146540521284	0.497050499831614	0	0	1	0.2	0.190963511009385	0.249104318545698	-0.334430194106984	0.694913178042219	1.0293433721492	0	0	2	0.1	0.167242360352259	0.140619540968077	-0.110360058310402	0.45559921341271	0.565959271723112	0	0	2	0.2	0.37930268307522	0.297179457144204	-0.197921656829592	0.999004350349845	1.19692600717944	0	0	3	0.1	0.278927174396205	0.185866881098342	-0.0697184924146314	0.665237314135667	0.734955806550298	0	0	3	0.2	0.595307447294548	0.410561516525782	-0.136189611863794	1.50466124713014	1.64085085899393
102	0	0	0	0.1	0.0149283568157468	0.0760907016734218	-0.141215795304222	0.152732620676347	0.293948415980568	0	0	0	0.2	0.00749632552504794	0.188254278235663	-0.375848235784253	0.347968817307066	0.72381705309132	0	0	1	0.1	0.171226377065921	0.16920308570638	-0.148876223387044	0.505242264350821	0.654118487737865	0	0	1	0.2	0.957660955355677	0.726774779144413	-0.12868639002713	2.75355781445658	2.88224420448371	0	0	2	0.1	1.14323111986685	0.546738591094516	0.339058068361255	2.49957006019214	2.16051199183089	0	0	2	0.2	2.66429970653528	1.01568953568109	1.01863862320669	4.96752990479129	3.9488912815846	0	0	3	0.1	1.84448589220539	0.707390236988592	0.746635943598656	3.51339442547534	2.76675848187669	0	0	3	0.2	3.46021845437709	1.16651610998374	1.56350968137492	6.02101244897849	4.45750276760357
26	0	0	0	0.1	0.0374022550909473	0.090857042647317	-0.166398278881699	0.201045970896098	0.367444249777797	0	0	0	0.2	-0.0318158222009363	0.277441762307364	-0.661507593540914	0.456970094964934	1.11847768850585	0	0	1	0.1	-0.0259444529304442	0.155232203191116	-0.370104824930668	0.249926127213739	0.620030952144407	0	0	1	0.2	0.0615506783539522	0.290705213523521	-0.546875020496875	0.590837902844491	1.13771292334137	0	0	2	0.1	0.263269966284088	0.159680653731781	-0.0442824911704186	0.574121904610243	0.618404395780662	0	0	2	0.2	0.599122701170378	0.298274603523846	0.00768381016006269	1.22353796124144	1.21585415108138	0	0	3	0.1	0.533916320417483	0.202915601202687	0.14407733659222	0.980742880274922	0.836665543682702	0	0	3	0.2	1.00487356410677	0.365317895979983	0.317065378716979	1.79399797758664	1.47693259886966
109	0	0	0	0.1	0.153782890868047	0.0871137906268553	-0.0336408540173097	0.321858409940666	0.355499263957976	0	0	0	0.2	0.257910668931341	0.203319353005972	-0.178537847409364	0.63655711600093	0.815094963410295	0	0	1	0.1	0.0935759106589923	0.121502106655827	-0.140195767974721	0.327163771374934	0.467359539349655	0	0	1	0.2	0.319106702279086	0.287308042774957	-0.204400008033988	0.946819230841195	1.15121923887518	0	0	2	0.1	0.428386054402483	0.199402512301653	0.0848433891143085	0.848062528723404	0.763219139609095	0	0	2	0.2	0.843665899492908	0.353364915553832	0.206948538375777	1.56991478469674	1.36296624632096	0	0	3	0.1	0.620648215285703	0.252230735140661	0.185479021639597	1.17241443331624	0.986935411676639	0	0	3	0.2	1.07121327929826	0.413303235310467	0.326808702819819	1.96425950442132	1.6374508016015
106	0	0	0	0.1	0.159164187203251	0.0701137869128519	0.0303939714033287	0.301306952042176	0.270912980638848	0	0	0	0.2	0.331211007215984	0.135296909731189	0.0900151713610479	0.61655009913322	0.526534927772172	0	0	1	0.1	0.18737297488022	0.0809594247390159	0.0498157972794483	0.359524518629507	0.309708721350059	0	0	1	0.2	0.379998927325543	0.174801760558239	0.0785561774001865	0.755816922480846	0.67726074508066	0	0	2	0.1	0.279172353405022	0.113090501441862	0.0713216690708645	0.523815865215454	0.452494196144589	0	0	2	0.2	0.567079601437071	0.223408117654711	0.15564263298392	1.06251569577295	0.906873062789026	0	0	3	0.1	0.405171441450235	0.152253609883735	0.125941855120299	0.734117622080877	0.608175766960578	0	0	3	0.2	0.777766737926258	0.281586090648432	0.243405272619571	1.39727804983325	1.15387277721368
89	0	0	0	0.1	0.0916906828477921	0.0737703486570585	-0.0509048571765328	0.238676978186612	0.289581835363145	0	0	0	0.2	0.246580910038178	0.187232805314095	-0.104359350787999	0.636655787478558	0.741015138266557	0	0	1	0.1	0.278679903465331	0.154589213656857	-0.00164412824533653	0.615425319669167	0.617069447914503	0	0	1	0.2	0.923449170872488	0.522456776398796	-0.0461904922010369	2.08381325920053	2.13000375140156	0	0	2	0.1	0.731351806165777	0.373238964163317	0.0624397262786983	1.62888090029761	1.56644117401891	0	0	2	0.2	1.51917133297631	0.746936975386788	0.137650041614703	3.0827817509245	2.9451317093098	0	0	3	0.1	1.05090420634309	0.539972315651842	0.111927039804166	2.25763186995499	2.14570483015082	0	0	3	0.2	1.84066634865689	0.927495643841573	0.125746593541636	3.76260894568095	3.63686235213931
134	0	0	0	0.1	0.00885575317395891	0.0748103696289703	-0.150240863077861	0.155825724919995	0.306066587997856	0	0	0	0.2	-0.0048094908594246	0.18809680806929	-0.404879109004885	0.342674350890003	0.747553459894888	0	0	1	0.1	0.0594560344122297	0.161982938652289	-0.266815871889867	0.359393703168926	0.626209575058793	0	0	1	0.2	0.269770382869104	0.418956646474374	-0.50350517126431	1.16757194235172	1.67107711361603	0	0	2	0.1	0.466144019073289	0.299215795626946	-0.0223681439208077	1.13376625586512	1.15613439978592	0	0	2	0.2	1.1397902838412	0.595955835767326	0.14698426450339	2.32949788525554	2.18251362075215	0	0	3	0.1	0.966138167075121	0.436183838513037	0.282271777251759	1.91554149900129	1.63326972174953	0	0	3	0.2	1.78307669718091	0.708227189422071	0.580413078344646	3.24126461139901	2.66085153305437
80	0	0	0	0.1	0.0225778657923364	0.104822379524961	-0.178335973458726	0.2365473400744	0.414883313533126	0	0	0	0.2	0.140423317953896	0.268112508269604	-0.386867478392573	0.705461112592179	1.09232859098475	0	0	1	0.1	0.325365345174978	0.178425481953253	-0.000945156160276373	0.722175112353841	0.723120268514118	0	0	1	0.2	0.990033706188661	0.407793889543029	0.233016746369023	1.85280322927674	1.61978648290772	0	0	2	0.1	0.84952177442482	0.26282355917095	0.389266497885693	1.44099070650332	1.05172420861763	0	0	2	0.2	1.80603674160128	0.485475700028412	0.940792693762818	2.83682239969153	1.89602970592871	0	0	3	0.1	1.23077843446747	0.337400672861323	0.662323528696858	1.95348833957372	1.29116481087686	0	0	3	0.2	2.38464100470574	0.604677013611926	1.333433523433	3.69953438604935	2.36610086261635
127	0	0	0	0.1	0.126033123777707	0.100930847365371	-0.080106092382255	0.33124702012135	0.411353112503605	0	0	0	0.2	0.254388668885008	0.200784856990822	-0.145992571603733	0.666472140670688	0.812464712274422	0	0	1	0.1	0.191030869397681	0.101391837762113	-0.00316143891876721	0.386807307146028	0.389968746064795	0	0	1	0.2	0.486227992974135	0.218855549085416	0.0815187540963594	0.944309893900646	0.862791139804287	0	0	2	0.1	0.529943219049976	0.149455508546793	0.282164467553308	0.858622834418186	0.576458366864879	0	0	2	0.2	1.24724170410705	0.331422989486638	0.705965565212312	2.01752418033562	1.31155861512331	0	0	3	0.1	0.967450105429267	0.255269973247538	0.554844039130612	1.59626021973116	1.04141618060055	0	0	3	0.2	2.02264166775097	0.49055945628027	1.22253351493723	3.14619982037777	1.92366630544054
113	0	0	0	0.1	0.0316546806250981	0.0855804071853894	-0.128732840733676	0.196287198655318	0.325020039388994	0	0	0	0.2	0.0754870838779777	0.203458025803204	-0.312300827129523	0.470915410550226	0.783216237679749	0	0	1	0.1	0.126388932180669	0.141379648431758	-0.132791248409527	0.400081372265192	0.532872620674719	0	0	1	0.2	0.43992562655972	0.37275011395577	-0.211977705758429	1.18511776414603	1.39709546990446	0	0	2	0.1	0.551072137437207	0.245197185814602	0.121033419366216	1.05191324545509	0.930879826088869	0	0	2	0.2	1.28636312102629	0.451411203074928	0.462851340969576	2.26435012087458	1.801498779905	0	0	3	0.1	1.05985533264305	0.325210571890868	0.506567640216555	1.8237010253714	1.31713338515485	0	0	3	0.2	1.96385795382032	0.519413707062215	1.06724796957819	3.0914574526259	2.02420948304771
140	0	0	0	0.1	0.015079648669653	0.0788311932107125	-0.150032691423101	0.162693232237894	0.312725923660995	0	0	0	0.2	0.0301621909322525	0.184504626787952	-0.317132546711545	0.411340554299218	0.728473101010763	0	0	1	0.1	0.129509387262447	0.116215795677662	-0.108247773664796	0.356934678819269	0.465182452484065	0	0	1	0.2	0.388181361937077	0.277648940441161	-0.130262860187816	0.95918868334078	1.0894515435286	0	0	2	0.1	0.447619965557425	0.194894229354741	0.11843477402975	0.881070464634947	0.762635690605198	0	0	2	0.2	1.04653320690829	0.427368780047341	0.331674220142834	2.00516629989699	1.67349207975415	0	0	3	0.1	0.770076095266456	0.291638842297577	0.298310036714264	1.46923495933079	1.17092492261653	0	0	3	0.2	1.65100770515317	0.600635180342286	0.662456854856829	3.02260784279833	2.3601509879415
110	0	0	0	0.1	0.24306354870305	0.101126858845573	0.0897179921047346	0.482391213616534	0.3926732215118	0	0	0	0.2	0.701376639498944	0.405538151287939	0.230036143245067	1.87372672131531	1.64369057807025	0	0	1	0.1	0.716998490737671	0.380657894614438	0.269465708499567	1.73736742815866	1.46790171965909	0	0	1	0.2	2.19898797421494	0.990702663385227	0.779159983731228	4.59164096829197	3.81248098456075	0	0	2	0.1	1.56953327213545	0.736778829808081	0.454453897454614	3.39152172307277	2.93706782561815	0	0	2	0.2	3.58205052194672	1.42101031598405	1.13562004757499	6.75750479708266	5.62188474950766	0	0	3	0.1	2.35450579419407	1.05482044184682	0.575741659613292	4.75262418972691	4.17688253011362	0	0	3	0.2	4.8142418944787	2.10607485964756	1.576219532442	9.52400922801975	7.94778969557775
119	0	0	0	0.1	0.357531499053479	0.123154974479037	0.147843132120069	0.628794514104059	0.48095138198399	0	0	0	0.2	0.906698499247192	0.358424766907708	0.332469469108368	1.72127257223889	1.38880310313052	0	0	1	0.1	0.536444790911283	0.218263951072378	0.149321465081363	0.988972535960545	0.839651070879182	0	0	1	0.2	1.26738498325029	0.461366724574328	0.395730460231769	2.21758837429056	1.82185791405879	0	0	2	0.1	0.958130231493817	0.318905269546625	0.397776710405133	1.61243521404654	1.21465850364141	0	0	2	0.2	1.75086487993906	0.537856079019442	0.733232362449038	2.85873673305667	2.12550437060764	0	0	3	0.1	1.28028015631674	0.406355979141025	0.546322572882487	2.15117621311535	1.60485364023286	0	0	3	0.2	2.16673799900029	0.652917830578897	0.952314016444077	3.55053302977296	2.59821901332888
114	0	0	0	0.1	-0.00422828656633336	0.0711837490561549	-0.161258912327732	0.123737215823472	0.284996128151204	0	0	0	0.2	-0.00910229024238899	0.162025804101739	-0.331544216520664	0.306321179054642	0.637865395575306	0	0	1	0.1	0.0789864155626049	0.115102413702461	-0.146501035871129	0.291459885003767	0.437960920874896	0	0	1	0.2	0.363992255225184	0.272638780296874	-0.157026267929046	0.935783404893333	1.09280967282238	0	0	2	0.1	0.463300982225632	0.175978686512284	0.135528871424474	0.817897199803348	0.682368328378874	0	0	2	0.2	1.14164068045708	0.382990210295186	0.471446456700684	1.97939765707042	1.50795120036973	0	0	3	0.1	0.819307360911535	0.252777710791677	0.417563446316763	1.40880384084111	0.991240394524346	0	0	3	0.2	1.69235254315369	0.486202556197284	0.88175176843133	2.84140209724799	1.95965032881666
129	0	0	0	0.1	0.203256517863214	0.0857030556286805	0.0462070851509213	0.394589761555529	0.348382676404608	0	0	0	0.2	0.603035007682058	0.328284489933547	0.0835084670927132	1.38123385669138	1.29772538959866	0	0	1	0.1	0.521313803256494	0.248187209750526	0.113178771688327	1.09577489419605	0.982596122507721	0	0	1	0.2	1.41014720286884	0.549577864884679	0.456392913137935	2.52413861232757	2.06774569918964	0	0	2	0.1	1.07277444636287	0.356726429222392	0.477330552637044	1.82916078319451	1.35183023055746	0	0	2	0.2	1.99454113868619	0.56935983631045	0.975289210751534	3.18930558978732	2.21401637903578	0	0	3	0.1	1.35198845185078	0.419617540286314	0.672273875239073	2.26787342134997	1.59559954611089	0	0	3	0.2	2.33981309928161	0.645025058340416	1.22570524875728	3.70693901686642	2.48123376810913
120	0	0	0	0.1	0.0981226331568144	0.0988670589510882	-0.0631986632069423	0.317549904558919	0.380748567765861	0	0	0	0.2	0.23307719828829	0.238844581931051	-0.154102022570706	0.751030808480215	0.905132831050921	0	0	1	0.1	0.129153586922769	0.142083922392829	-0.136331227074683	0.416877692282467	0.55320891935715	0	0	1	0.2	0.501093647394288	0.349792340602543	-0.0896444358429427	1.25753516668832	1.34717960253127	0	0	2	0.1	0.50965225701883	0.250134371214545	0.130675453894279	1.12153381669573	0.990858362801447	0	0	2	0.2	1.31083401417626	0.58838329664402	0.407970958393008	2.70064942899034	2.29267847059733	0	0	3	0.1	0.925603117835425	0.40199289298986	0.334405551623426	1.91450111223684	1.58009556061341	0	0	3	0.2	1.95176793710386	0.772380814505089	0.71535488540112	3.73973032812228	3.02437544272116
111	0	0	0	0.1	0.0572165070571423	0.0718895582923176	-0.104230090201067	0.194657367307077	0.298887457508145	0	0	0	0.2	0.122290639599244	0.219808629633993	-0.318951060531785	0.567645461636184	0.886596522167969	0	0	1	0.1	0.124137109335302	0.19645960022565	-0.276340291795782	0.535396630013945	0.811736921809727	0	0	1	0.2	0.483127402558634	0.564182746395951	-0.502636125597793	1.7342893808922	2.23692550649	0	0	2	0.1	0.485357651730329	0.419190223136349	-0.146486721730681	1.50522418515865	1.65171090688933	0	0	2	0.2	1.09192649338776	0.945177057482083	-0.260147382638924	3.38390486046664	3.64405224310556	0	0	3	0.1	0.774990569918812	0.640410648587556	-0.154180866456268	2.47988207748491	2.63406294394118	0	0	3	0.2	1.48729346001108	1.23661671226027	-0.264895836717716	4.7518595575343	5.01675539425202
121	0	0	0	0.1	0.324087117815108	0.14645264593954	0.0661968310386604	0.645871068491006	0.579674237452346	0	0	0	0.2	0.794357909847221	0.362872203410244	0.165447472435815	1.63895775790439	1.47351028546858	0	0	1	0.1	0.492624833106287	0.214754655459572	0.134921388536823	0.982805631640912	0.847884243104089	0	0	1	0.2	1.15754288398283	0.457767940443022	0.384106735758373	2.2094842499176	1.82537751415923	0	0	2	0.1	0.82433150801194	0.30970336947148	0.28437568733524	1.53387529583462	1.24949960849938	0	0	2	0.2	1.65753848118958	0.586266201150211	0.611035219267633	2.97798693878443	2.3669517195168	0	0	3	0.1	1.07777888840627	0.409253135347368	0.409171996991544	2.03131728479368	1.62214528780214	0	0	3	0.2	2.05029247621121	0.730501106627066	0.757433182586909	3.69771522749722	2.94028204491032
122	0	0	0	0.1	0.108654894662553	0.0548807676440245	-0.00771917870193799	0.210674112119087	0.218393290821025	0	0	0	0.2	0.159095723004573	0.164523391347245	-0.178889560756515	0.480953912849645	0.65984347360616	0	0	1	0.1	0.151865463218929	0.155114357923343	-0.124335837458908	0.50198737051094	0.626323207969848	0	0	1	0.2	0.503963000385129	0.373264877355882	-0.124165203345746	1.43923464997195	1.56339985331769	0	0	2	0.1	0.557495827061961	0.230562085284251	0.190540501441228	1.08950539880192	0.89896489736069	0	0	2	0.2	1.23483325721692	0.418357186656336	0.579798112133522	2.17896050596194	1.59916239382841	0	0	3	0.1	0.881982434631048	0.2762695443697	0.45650313615397	1.50762846587306	1.05112532971909	0	0	3	0.2	1.65728149235552	0.472939431547875	0.884970434885905	2.74441915845097	1.85944872356506
126	0	0	0	0.1	0.0684660140147792	0.0558513999101175	-0.0410970154598194	0.179680247355139	0.220777262814959	0	0	0	0.2	0.16181495244779	0.146728596837395	-0.128131038220026	0.466834398370295	0.594965436590321	0	0	1	0.1	0.184241045654808	0.122541136928504	-0.0434201590539314	0.454502177634069	0.497922336688001	0	0	1	0.2	0.662747622231881	0.361917040378693	0.045033698411388	1.45073527528531	1.40570157687392	0	0	2	0.1	0.718523240217816	0.258501900760203	0.302216080347594	1.31299237484474	1.01077629449715	0	0	2	0.2	1.51111504661494	0.437707777869223	0.72771058820389	2.40899948951815	1.68128890131426	0	0	3	0.1	1.16692465391782	0.343471146212678	0.571622091061497	1.95378496357706	1.38216287251556	0	0	3	0.2	1.95785907303953	0.505559454187917	1.02664786297555	3.03782453746121	2.01117667448566
145	0	0	0	0.1	0.0362858225080188	0.067258836593069	-0.0931083653527805	0.16259131928534	0.255699684638121	0	0	0	0.2	0.0685902382487131	0.142112901406328	-0.210527253108359	0.355493085573598	0.566020338681957	0	0	1	0.1	0.14508837390189	0.0916983574773671	-0.0220237932471324	0.334253295055162	0.356277088302294	0	0	1	0.2	0.337234426819567	0.201020531063489	-0.0153263882833032	0.777445426084633	0.792771814367937	0	0	2	0.1	0.344619719132618	0.138510245208181	0.124711070457048	0.666701838588379	0.541990768131331	0	0	2	0.2	0.725410180610934	0.289416801055135	0.275226607021597	1.4289519096437	1.1537253026221	0	0	3	0.1	0.490954934997487	0.184732765401913	0.191603656742164	0.914896593045446	0.723292936303282	0	0	3	0.2	0.989310882607655	0.367942698621114	0.378929144923081	1.85450620733008	1.475577062407
139	0	0	0	0.1	0.165051095460453	0.0676518240624771	0.0483168520862107	0.311435586011811	0.2631187339256	0	0	0	0.2	0.289739517279061	0.147895898269702	0.0329857130771357	0.595726244601146	0.56274053152401	0	0	1	0.1	0.0979886751253528	0.108898752065292	-0.112013047502718	0.305379970548577	0.417393018051295	0	0	1	0.2	0.254223144076471	0.302967874795594	-0.308149683049966	0.870573018559271	1.17872270160924	0	0	2	0.1	0.389597043606223	0.24314508449556	-0.00419970853038802	0.882010518818813	0.886210227349201	0	0	2	0.2	1.05254809749249	0.592400225892072	0.141989764343577	2.2706709503192	2.12868118597563	0	0	3	0.1	0.914567078314008	0.427937445721786	0.29057834543477	1.86640539971267	1.5758270542779	0	0	3	0.2	1.85533650045351	0.7134713744435	0.714066478150323	3.31761121865406	2.60354474050373
144	0	0	0	0.1	0.119439556547341	0.0622058003566177	-0.0127898895702535	0.2363445158082	0.249134405378453	0	0	0	0.2	0.222126339958748	0.249672785945633	-0.315161638922279	0.7102779233783	1.02543956230058	0	0	1	0.1	0.197448236770326	0.34227927113956	-0.44841606679228	0.957157225135089	1.40557329192737	0	0	1	0.2	0.983085153279209	0.61746588365187	-0.167253645198484	2.25905524313384	2.42630888833233	0	0	2	0.1	0.995928772802782	0.450774973235793	0.243582921876435	1.95163854081931	1.70805561894288	0	0	2	0.2	1.75449323733825	0.683711168103718	0.551152218319314	3.14863916403813	2.59748694571882	0	0	3	0.1	1.30666092063671	0.516678286607038	0.372650160285295	2.40274554130586	2.03009538102057	0	0	3	0.2	2.09918849323194	0.77302274401125	0.704897042809531	3.72168285446909	3.01678581165955
116	0	0	0	0.1	0.246282648738988	0.10204572743504	0.0634104178111391	0.469949414203285	0.406538996392146	0	0	0	0.2	0.534831222721364	0.29183807858497	0.0331957283754527	1.16704332981238	1.13384760143693	0	0	1	0.1	0.202416025545783	0.162122846313247	-0.103856950999007	0.528544296884518	0.632401247883525	0	0	1	0.2	0.630513702054085	0.357015052911778	-0.0242683565458308	1.35879615222826	1.38306450877409	0	0	2	0.1	0.593829549195331	0.211134000155906	0.203217109116548	1.01437451334506	0.811157404228508	0	0	2	0.2	1.31923609525755	0.408604220043889	0.580939763779446	2.1870547223894	1.60611495860995	0	0	3	0.1	0.941240855250836	0.27585390280244	0.455758013892711	1.50254901078839	1.04679099689568	0	0	3	0.2	1.76802898429735	0.495707577779253	0.862168262144207	2.79778387664556	1.93561561450136
125	0	0	0	0.1	0.131998161483657	0.0833366973161509	-0.0135741156878593	0.301397775781656	0.314971891469515	0	0	0	0.2	0.318662517144797	0.197373728996175	-0.0357365644032458	0.718386748168395	0.754123312571641	0	0	1	0.1	0.184406348321004	0.109426862566415	-0.0222348135016376	0.405604482128388	0.427839295630025	0	0	1	0.2	0.505909474428522	0.287922276579894	0.0110851705263382	1.13980039697634	1.12871522645	0	0	2	0.1	0.422776758212188	0.209394968721995	0.114467110255122	0.912941428189621	0.798474317934499	0	0	2	0.2	1.0221713307129	0.524386380306663	0.331650458828551	2.41541209871935	2.0837616398908	0	0	3	0.1	0.713513823301526	0.362773864325289	0.251256582461441	1.64450716664404	1.3932505841826	0	0	3	0.2	1.53721562453531	0.762271744204778	0.509783260301728	3.52426660406411	3.01448334376238
112	0	0	0	0.1	0.0978542404977642	0.0705950270651851	-0.0579537939049724	0.225994799410313	0.283948593315285	0	0	0	0.2	0.137300738919182	0.179543984378033	-0.247042131125385	0.497030830788598	0.744072961913983	0	0	1	0.1	0.00942748468898823	0.16451004501207	-0.33125881493535	0.376816055578591	0.708074870513941	0	0	1	0.2	0.0184640270149311	0.429759848039183	-0.812576351640998	0.994412598695407	1.80698895033641	0	0	2	0.1	0.186033067480805	0.28319667014742	-0.350784640484396	0.845423917448686	1.19620855793308	0	0	2	0.2	0.568592228353899	0.595074998679566	-0.490377990621504	1.96178064939051	2.45215864001201	0	0	3	0.1	0.579218742930103	0.373505375318617	-0.0112231562823172	1.54592461036363	1.55714776664595	0	0	3	0.2	1.34289411384253	0.686419688174592	0.243521431175713	2.96096993269302	2.7174485015173
153	0	0	0	0.1	0.147340964671223	0.100322701021216	-0.0419711910358391	0.349193827397616	0.391165018433455	0	0	0	0.2	0.395911579402829	0.236930597153245	-0.0521032036586117	0.893195913748678	0.94529911740729	0	0	1	0.1	0.31937996962539	0.125027260411863	0.0826150268944168	0.572112381236503	0.489497354342086	0	0	1	0.2	0.800275309387402	0.298013919347159	0.27439536207213	1.40904574859134	1.13465038651921	0	0	2	0.1	0.627393975895223	0.20215999139184	0.300627422967711	1.06169065423583	0.761063231268122	0	0	2	0.2	1.3784907161881	0.442269965002071	0.670005057470841	2.2744988034849	1.60449374601406	0	0	3	0.1	0.933333701538046	0.308589677145016	0.4641438776541	1.55646849162223	1.09232461396813	0	0	3	0.2	1.87738366306966	0.601775937556835	0.919999579853229	3.1378382563967	2.21783867654347
130	0	0	0	0.1	-0.189245566374142	0.124216306803848	-0.43337636911973	0.0553050562836995	0.488681425403429	0	0	0	0.2	-0.186768764501689	0.27953897723975	-0.745445104999338	0.383080518527742	1.12852562352708	0	0	1	0.1	0.3135656468688	0.308075829362505	-0.212675569781731	1.02262039021724	1.23529595999898	0	0	1	0.2	1.42433795368984	0.96441124527938	-0.160399321345862	3.70833441455479	3.86873373590065	0	0	2	0.1	1.22405012345699	0.757296200678026	0.00642065705389441	3.18351959372103	3.17709893666714	0	0	2	0.2	2.87548896707359	1.66528934549247	0.0124610127090004	6.64810703388347	6.63564602117447	0	0	3	0.1	1.79129225556413	1.1120807427053	-0.00287808848050205	4.36327900634793	4.36615709482844	0	0	3	0.2	3.55120426760742	2.29961240350111	-0.724799725016166	8.6656891555267	9.39048888054286
143	0	0	0	0.1	0.0313528833262861	0.0653650242337663	-0.102009568226939	0.15785381693449	0.259863385161429	0	0	0	0.2	0.0740868240830115	0.149960594447415	-0.235330844132874	0.369595752090579	0.604926596223453	0	0	1	0.1	0.183263474342837	0.136006780745003	-0.0887603997796771	0.459485962179038	0.548246361958715	0	0	1	0.2	0.592825295589881	0.397794382155881	-0.171759300353768	1.43464640393222	1.60640570428598	0	0	2	0.1	0.702250468789827	0.326991271314795	0.144565523232562	1.4435245060959	1.29895898286334	0	0	2	0.2	1.74651791092258	0.748921101406986	0.421781977480933	3.39690739704288	2.97512541956195	0	0	3	0.1	1.41351979473931	0.560457273157865	0.480591296276719	2.71969335278573	2.23910205650901	0	0	3	0.2	2.84890884480985	0.970491501575719	1.12728027302853	4.87773152873375	3.75045125570523
118	0	0	0	0.1	0.0371842534939104	0.0497658804387042	-0.0622645818567372	0.131222554484347	0.193487136341084	0	0	0	0.2	0.064720348694714	0.107339007847427	-0.159939107354071	0.274049653587806	0.433988760941878	0	0	1	0.1	0.13136496923886	0.0880915037544564	-0.02924232514918	0.319895973478163	0.349138298627343	0	0	1	0.2	0.468354414170384	0.262476846671499	0.0231973743695593	1.02395194173294	1.00075456736338	0	0	2	0.1	0.724310815271817	0.250645955244607	0.349095631932685	1.3007066101667	0.951610978234014	0	0	2	0.2	2.06451994016878	0.604220689764174	1.10692792686949	3.39115673851244	2.28422881164294	0	0	3	0.1	1.63702192001678	0.496079065463878	0.887092234868465	2.86653738498206	1.9794451501136	0	0	3	0.2	3.31903985981138	0.751905864485572	2.00462720519458	4.92188935989072	2.91726215469613
133	0	0	0	0.1	0.17241659560668	0.102227711815875	-0.0196605402474077	0.391131783382699	0.410792323630107	0	0	0	0.2	0.542582473277487	0.298286926481134	0.0552866415778627	1.25069633439236	1.19540969281449	0	0	1	0.1	0.485877109652779	0.239508560794295	0.129217802657113	1.0280472879233	0.898829485266188	0	0	1	0.2	1.26756955261425	0.584232698934324	0.365973189742732	2.6029441829688	2.23697099322607	0	0	2	0.1	0.837242158127635	0.361468417316621	0.275236838772557	1.65885100155511	1.38361416278255	0	0	2	0.2	1.52495861721237	0.613818182937684	0.511677125130681	2.90089484186321	2.38921771673253	0	0	3	0.1	0.959228424837833	0.407558976020456	0.300164030905458	1.91918579789144	1.61902176698598	0	0	3	0.2	1.64447186268047	0.669593521417312	0.517212192494259	3.11505810640259	2.59784591390833
224	0	0	0	0.1	0.0486885627812768	0.0697681012537738	-0.0800903354645621	0.191880333597673	0.271970669062236	0	0	0	0.2	0.162002682560437	0.158468829165233	-0.106970499131101	0.50416783320088	0.611138332331981	0	0	1	0.1	0.229328073975057	0.102785144259271	0.05478043230782	0.4794671419061	0.42468670959828	0	0	1	0.2	0.728885868231195	0.302778890867704	0.256470504930023	1.41095710190025	1.15448659697023	0	0	2	0.1	0.75493795919031	0.254973886523298	0.360719921141878	1.33616169613292	0.975441774991044	0	0	2	0.2	1.66764463241225	0.499522117155097	0.805432671389392	2.70363423808392	1.89820156669453	0	0	3	0.1	1.23016302077623	0.381989584666313	0.585326770586067	2.10006766127024	1.51474089068417	0	0	3	0.2	2.25867443750986	0.627919970565217	1.15139522996191	3.62770046734992	2.476305237388
197	0	0	0	0.1	0.0879053606035628	0.0811361625154001	-0.0644419271867347	0.260209892867514	0.324651820054249	0	0	0	0.2	0.315659197575235	0.227256101056284	-0.0539639595494292	0.8535191382572	0.907483097806629	0	0	1	0.1	0.352942466319206	0.203147679093577	0.0626409997597585	0.874984157613595	0.812343157853837	0	0	1	0.2	1.09915420880113	0.591057857830292	0.225195327699677	2.44994507373807	2.22474974603839	0	0	2	0.1	0.913469192886604	0.453939810586078	0.241655971769202	1.91549493403326	1.67383896226406	0	0	2	0.2	1.93157923586653	0.832231351718754	0.590250414458498	3.70430162257014	3.11405120811164	0	0	3	0.1	1.26999363226291	0.595889556906192	0.336758004173305	2.5013814357842	2.16462343161089	0	0	3	0.2	2.39811421354694	0.987640302760568	0.736443252041228	4.59819617718502	3.86175292514379
196	0	0	0	0.1	0.0899222916512974	0.0687195088863352	-0.0537593351404028	0.217541399365205	0.271300734505607	0	0	0	0.2	0.202152737792083	0.222132879839792	-0.237014569593861	0.646807632161835	0.883822201755697	0	0	1	0.1	0.309832159544553	0.271812171340179	-0.151104564013358	0.932154342858895	1.08325890687225	0	0	1	0.2	1.5566173961965	0.739284643558354	0.291125656558592	3.12404251032891	2.83291685377032	0	0	2	0.1	1.46556728849029	0.522791776254463	0.569185271023507	2.62591874440734	2.05673347338384	0	0	2	0.2	2.70274295558227	0.736066555556923	1.37744867359993	4.25385367059566	2.87640499699573	0	0	3	0.1	2.06280138618474	0.607284745298388	1.01236260246398	3.39017460054879	2.3778119980848	0	0	3	0.2	3.26254776498948	0.836757396154246	1.77750540589679	5.05078725052872	3.27328184463192
131	0	0	0	0.1	0.200220183578706	0.103589746273788	0.0181740324691211	0.41992452156616	0.401750489097039	0	0	0	0.2	0.550277724925965	0.329421098436225	0.0323606329916185	1.3704857642847	1.33812513129308	0	0	1	0.1	0.413366997623112	0.252452718921543	-0.0617943359894079	0.948741427778949	1.01053576376836	0	0	1	0.2	1.29840546160152	0.651006066716026	0.112980310315243	2.67355674554818	2.56057643523294	0	0	2	0.1	1.19091649742694	0.498725597987191	0.388761967383574	2.30822037050444	1.91945840312087	0	0	2	0.2	2.50520688612948	0.880583756456167	1.00479508841601	4.56615954504333	3.56136445662732	0	0	3	0.1	1.89357530397981	0.728352892394055	0.777607872976028	3.67719386850756	2.89958599553153	0	0	3	0.2	3.44066850187543	1.1722044945839	1.60855233383206	6.16349468229078	4.55494234845872
225	0	0	0	0.1	0.199410452833423	0.0762564582576175	0.0552282759183167	0.350619373556602	0.295391097638285	0	0	0	0.2	0.424334855931766	0.186046606867088	0.0934335240338791	0.817794234728758	0.724360710694879	0	0	1	0.1	0.298015005384056	0.122540620774328	0.0781188095141334	0.567187877790042	0.489069068275908	0	0	1	0.2	0.856629319118798	0.344330418170963	0.308003393251347	1.6558942583728	1.34789086512145	0	0	2	0.1	0.929802034545914	0.254178638103498	0.487451022002055	1.52779994417003	1.04034892216797	0	0	2	0.2	1.87657343651737	0.447280892943275	1.0784229747215	2.84355004518241	1.76512707046092	0	0	3	0.1	1.50984601382738	0.381968159588444	0.855018800404694	2.34895836974734	1.49393956934264	0	0	3	0.2	2.51486271169959	0.571585846492256	1.51683368883956	3.81908377648895	2.30225008764939
170	0	0	0	0.1	0.252592491952215	0.104788152623474	0.0687102670010171	0.482079277835	0.413369010833983	0	0	0	0.2	0.766531546791503	0.376603261929759	0.141239083846576	1.62003511997542	1.47879603612884	0	0	1	0.1	0.523067062218282	0.27773575659523	0.0464371077174756	1.19108602515282	1.14464891743534	0	0	1	0.2	1.42115148291061	0.569127063025912	0.406784863580509	2.58135032010745	2.17456545652694	0	0	2	0.1	1.06260210388091	0.405456966358089	0.396733753068867	1.98294380320892	1.58621005014006	0	0	2	0.2	1.95751579924782	0.664423320881306	0.767468431258814	3.36042105819451	2.5929526269357	0	0	3	0.1	1.36286271524136	0.50366292267381	0.510970979127853	2.50135627817365	1.9903852990458	0	0	3	0.2	2.32887838073948	0.79709152507806	0.906679987990061	4.00096113695445	3.09428114896439
138	0	0	0	0.1	0.217269102332632	0.0832696342495017	0.0867611710629778	0.404326518301688	0.317565347238711	0	0	0	0.2	0.802070466011816	0.372703917833314	0.257873279707024	1.65813201085441	1.40025873114739	0	0	1	0.1	0.657178458164648	0.27529794759614	0.168210486983852	1.23871253809366	1.07050205110981	0	0	1	0.2	1.25862000990439	0.459820696457479	0.346345346307861	2.08965378284464	1.74330843653678	0	0	2	0.1	0.835951899491885	0.330821096228463	0.188622877354017	1.49157912437671	1.30295624702269	0	0	2	0.2	1.36136317497239	0.523274236103142	0.2986051466854	2.36996033731018	2.07135519062478	0	0	3	0.1	0.907620819477198	0.372015463257771	0.18267469422832	1.65111844508756	1.46844375085924	0	0	3	0.2	1.47862526523284	0.590577209349485	0.284951632251571	2.64517806812095	2.36022643586938
132	0	0	0	0.1	0.185697082605821	0.106407879549551	-0.00643068169477733	0.410062338195372	0.416493019890149	0	0	0	0.2	0.536127167108734	0.31227034212705	0.0292888725518103	1.24643869981929	1.21714982726748	0	0	1	0.1	0.511081499902214	0.225775520351818	0.15352017584502	1.05477731365998	0.901257137814962	0	0	1	0.2	1.37895844184064	0.512506521677228	0.535523111911172	2.49819264208114	1.96266953016997	0	0	2	0.1	1.10261008050678	0.340478886078636	0.546292201729547	1.88077542314816	1.33448322141861	0	0	2	0.2	2.14320254247893	0.593412704202149	1.18474414728222	3.48192611379661	2.29718196651439	0	0	3	0.1	1.42622592676371	0.434742556098646	0.73691408339642	2.43823180171899	1.70131771832257	0	0	3	0.2	2.55757278986537	0.719980690844014	1.3786694933767	4.14142629548378	2.76275680210709
174	0	0	0	0.1	0.125330107147996	0.0755215926614488	-0.0215726938743726	0.274050301147701	0.295622995022073	0	0	0	0.2	0.315159710159807	0.160749472097307	0.0112359372500567	0.65960167697293	0.648365739722873	0	0	1	0.1	0.315477919590799	0.105149377858607	0.137745077353128	0.548953504165892	0.411208426812764	0	0	1	0.2	0.790641534882737	0.24470237793562	0.388858206376577	1.31974702641685	0.930888820040273	0	0	2	0.1	0.747040855158771	0.201828373865715	0.453082436097348	1.19971277530502	0.746630339207672	0	0	2	0.2	1.61853618669528	0.402233435954203	0.999917722567368	2.53790897318714	1.53799125061977	0	0	3	0.1	1.14196144886688	0.33420851733333	0.68062200633994	1.91087703336066	1.23025502702072	0	0	3	0.2	2.20892826654789	0.55855631439825	1.33537982327704	3.4227993323178	2.08741950904076
226	0	0	0	0.1	0.0937594316665617	0.0786510589322934	-0.0508476970250977	0.254799191963641	0.305646888988738	0	0	0	0.2	0.239841726669534	0.179625724356327	-0.0905929956483121	0.614671083269793	0.705264078918106	0	0	1	0.1	0.201022777319119	0.112316207333547	-0.00555369443196954	0.438803303986665	0.444356998418634	0	0	1	0.2	0.529357047371029	0.276226519169794	0.00962057486634172	1.09806738434604	1.0884468094797	0	0	2	0.1	0.429055294260557	0.20073097750834	0.0124189551626901	0.826269861022751	0.813850905860061	0	0	2	0.2	1.0040508778303	0.493165392421824	0.0268852045052145	2.10265515772693	2.07576995322172	0	0	3	0.1	0.677212732560947	0.345066895438317	0.00779442191614303	1.42414128383344	1.4163468619173	0	0	3	0.2	1.46085885012408	0.766021212744637	-0.00496977834197303	3.14201294721528	3.14698272555725
199	0	0	0	0.1	0.107309757006639	0.0929617591248335	-0.0580697085728796	0.301650506267931	0.359720214840811	0	0	0	0.2	0.274775003036224	0.209593789011993	-0.112627889057781	0.736116258074342	0.848744147132123	0	0	1	0.1	0.261424852421248	0.131954831929281	0.00940335120417679	0.533254940867542	0.523851589663365	0	0	1	0.2	0.586072589616521	0.307820784834764	0.0259046568433104	1.22853212982949	1.20262747298618	0	0	2	0.1	0.412248304540637	0.196827323103082	0.0670448050760529	0.836039220371839	0.768994415295786	0	0	2	0.2	0.815858588443673	0.408934684847034	0.076777164985263	1.69835501188158	1.62157784689632	0	0	3	0.1	0.494444691442028	0.26091523841273	0.0207339308503893	1.05769397723228	1.03696004638189	0	0	3	0.2	0.929495221742282	0.508685847161729	-0.0473557026442089	1.97906790347797	2.02642360612218
169	0	0	0	0.1	0.160028736324535	0.0725097701759529	0.0197597194339841	0.312890386259852	0.293130666825868	0	0	0	0.2	0.37647380145852	0.177081686856859	0.0564308072257504	0.755794094955301	0.699363287729551	0	0	1	0.1	0.312505300079909	0.114394553829535	0.101267854769538	0.551856771858337	0.450588917088799	0	0	1	0.2	0.75730462113372	0.277911094711772	0.286728317680085	1.37969338530988	1.0929650676298	0	0	2	0.1	0.608990116555176	0.17993096947607	0.312242858773037	0.984359445493686	0.672116586720649	0	0	2	0.2	1.28639615199836	0.366389005218412	0.659200376655277	2.10735536420735	1.44815498755207	0	0	3	0.1	0.875180105319344	0.246658209801914	0.456065178138601	1.42513962925604	0.969074451117443	0	0	3	0.2	1.69226645569739	0.461935418341709	0.888247236543467	2.71753250180344	1.82928526525997
219	0	0	0	0.1	-0.0133085214714423	0.0903899918035507	-0.205807192034928	0.150331494456357	0.356138686491284	0	0	0	0.2	-0.0195933458457846	0.177883863214442	-0.365535978992883	0.319971606175904	0.685507585168788	0	0	1	0.1	0.120089679072761	0.0895996729483204	-0.0567144647631398	0.294915737640644	0.351630202403784	0	0	1	0.2	0.312923575954554	0.189618909188115	-0.0525748450588333	0.677340549649466	0.729915394708299	0	0	2	0.1	0.369423641140813	0.133133737204186	0.12713314405667	0.649754477994451	0.522621333937781	0	0	2	0.2	0.798372463967735	0.287133284765858	0.299257177750332	1.39803271285955	1.09877553510922	0	0	3	0.1	0.604525819831559	0.20875417442506	0.255979606937605	1.06104822994902	0.805068623011411	0	0	3	0.2	1.2251538023513	0.418828473323533	0.527411836154402	2.21063424202768	1.68322240587328
123	0	0	0	0.1	0.29614188952871	0.0822983591310616	0.152730220472859	0.468644335370359	0.3159141148975	0	0	0	0.2	0.796592532895621	0.282103635289231	0.356716017632432	1.43821317567084	1.08149715803841	0	0	1	0.1	0.77822054408016	0.257688298639756	0.339347927283172	1.34064165261013	1.00129372532696	0	0	1	0.2	1.83198375787344	0.476926850605545	0.988325355224473	2.87706398770553	1.88873863248105	0	0	2	0.1	1.52077002996037	0.393481894511746	0.844384038491248	2.36671620746415	1.5223321689729	0	0	2	0.2	2.68813816981085	0.599524637777261	1.64001279029478	3.98222280042409	2.34221001012931	0	0	3	0.1	1.88504148333729	0.511842394365855	1.03897634198473	3.06908601837759	2.03010967639286	0	0	3	0.2	3.22671074199979	0.804295589825435	1.87501330566204	5.01057011076337	3.13555680510133
227	0	0	0	0.1	0.290500846676459	0.120782983327824	0.0884681523331578	0.55873286666823	0.470264714335072	0	0	0	0.2	0.754324934922958	0.270265642021437	0.285947820885769	1.34517528255944	1.05922746167367	0	0	1	0.1	0.557541726679007	0.171632819136596	0.276302953496462	0.925237022937163	0.648934069440701	0	0	1	0.2	1.22883689449675	0.345312932272435	0.62919274637072	1.95663811259294	1.32744536622222	0	0	2	0.1	0.841883136889761	0.230490017322734	0.433331377460347	1.36632974772441	0.932998370264059	0	0	2	0.2	1.70032321243187	0.456990923500647	0.871306231756278	2.70583780352563	1.83453157176936	0	0	3	0.1	1.07067929199824	0.322018123955523	0.531715606836922	1.83328641970988	1.30157081287296	0	0	3	0.2	2.12920384137833	0.651810295876177	1.04444353142102	3.54881091124485	2.50436737982383
217	0	0	0	0.1	0.120521485934355	0.070280792056586	-0.0161560319316929	0.262738260670968	0.278894292602661	0	0	0	0.2	0.286999874098943	0.183645329668898	-0.0438498943207682	0.690283423957191	0.734133318277959	0	0	1	0.1	0.311223709245185	0.169000403831816	0.0442145341211371	0.678772363619057	0.63455782949792	0	0	1	0.2	1.13231362039538	0.533611314035636	0.364995812851688	2.45249497287094	2.08749916001925	0	0	2	0.1	1.10569138332358	0.41331916347029	0.52526353780878	2.16377317028644	1.63850963247766	0	0	2	0.2	2.5723410186584	0.728855990513011	1.35397100339724	4.11403169881394	2.7600606954167	0	0	3	0.1	1.91275819602957	0.589570291926802	0.967913400916023	3.21374118014288	2.24582777922686	0	0	3	0.2	3.55326503802135	0.895982761662338	1.94359171667273	5.40647191433013	3.4628801976574
182	0	0	0	0.1	0.0484120232730241	0.046779004762887	-0.0477866298087866	0.137588732228133	0.185375362036919	0	0	0	0.2	0.0661313149697327	0.126244956443141	-0.198583155938649	0.297158594003466	0.495741749942115	0	0	1	0.1	0.12733883910723	0.216333483211109	-0.313887120344655	0.545682915093507	0.859570035438161	0	0	1	0.2	1.08643631885678	0.702469662203479	-0.156692595050765	2.53518791432332	2.69188050937409	0	0	2	0.1	1.36432655029872	0.484446727908733	0.552371505713505	2.44596256151714	1.89359105580364	0	0	2	0.2	2.69773643429966	0.636372162436377	1.52419405863347	4.05502706099394	2.53083300236047	0	0	3	0.1	2.26678293569627	0.555916102191087	1.32493634478407	3.46960163702202	2.14466529223795	0	0	3	0.2	3.41011810058618	0.685261497267272	2.15278223864865	4.78254314711469	2.62976090846604
137	0	0	0	0.1	0.0393433260831833	0.0791965725301485	-0.121214529266456	0.203224258794993	0.324438788061449	0	0	0	0.2	0.0869577522120489	0.163124494852137	-0.226134093627905	0.445226886456485	0.67136098008439	0	0	1	0.1	0.131675954272079	0.119750273240494	-0.0747315331822779	0.385054315395965	0.459785848578243	0	0	1	0.2	0.437472898666568	0.392988169032791	-0.138217800405744	1.43989224827	1.57811004867575	0	0	2	0.1	0.588087130078346	0.347823397672552	0.0859019448216085	1.41570953085749	1.32980758603588	0	0	2	0.2	1.45181821425095	0.759918039551161	0.269511105987474	3.21676646822644	2.94725536223897	0	0	3	0.1	1.14013479405672	0.558507199889092	0.266990880506556	2.42095905522996	2.15396817472341	0	0	3	0.2	2.17775007282806	0.970447434532807	0.57854459580277	4.2690714229938	3.69052682719103
172	0	0	0	0.1	0.106947271678099	0.0773967497259467	-0.0494079336709639	0.250383548224624	0.299791481895588	0	0	0	0.2	0.183772626141073	0.17226934147462	-0.159240489363219	0.504856248441873	0.664096737805092	0	0	1	0.1	0.0641662602268611	0.152335467534878	-0.280893047109276	0.344338922406622	0.625231969515898	0	0	1	0.2	0.170161027274751	0.380127204843011	-0.59915899808874	0.908771555011185	1.50793055309992	0	0	2	0.1	0.237625432141089	0.261470905002003	-0.278122787190125	0.792247406845848	1.07037019403597	0	0	2	0.2	0.694310558228423	0.592551842088372	-0.455823706712068	1.98173191556972	2.43755562228179	0	0	3	0.1	0.525064061367811	0.371904210039699	-0.156872215778659	1.36566042635824	1.52253264213689	0	0	3	0.2	1.22474824911236	0.774744092694965	-0.16613919473537	2.92856203337745	3.09470122811282
221	0	0	0	0.1	0.0328058465253639	0.0925983951206091	-0.169830666201	0.202856211145441	0.372686877346441	0	0	0	0.2	0.0164115650039751	0.175908656069457	-0.361272262879281	0.336460836813097	0.697733099692378	0	0	1	0.1	0.0510172774546634	0.0940589180384203	-0.135210511326673	0.222127174736545	0.357337686063218	0	0	1	0.2	0.141709972188105	0.205659271922188	-0.295095923813652	0.541866584527527	0.83696250834118	0	0	2	0.1	0.258718199437154	0.146387119152058	-0.0331298335424662	0.54597517612712	0.579105009669586	0	0	2	0.2	0.622322972562786	0.33782616007971	-0.0380612611232022	1.32195367132136	1.36001493244457	0	0	3	0.1	0.493700654042016	0.220325988182001	0.0976765577742414	0.942198835754959	0.844522277980717	0	0	3	0.2	1.09322602191222	0.487180620642203	0.201504482605939	2.15692673611546	1.95542225350952
164	0	0	0	0.1	0.109371470264867	0.0679335206798687	-0.0244203721657663	0.243173792642419	0.267594164808186	0	0	0	0.2	0.265033638408734	0.180874663569478	-0.0636701736288417	0.629822512575934	0.693492686204775	0	0	1	0.1	0.419835457676755	0.190256128896577	0.104319178869834	0.843600395667846	0.739281216798013	0	0	1	0.2	1.5335925043092	0.578537010882008	0.503629773836109	2.721440783555	2.21781100971889	0	0	2	0.1	1.44869873816721	0.444898274522576	0.713195215130575	2.41064196615863	1.69744675102805	0	0	2	0.2	2.72730594250898	0.681363995739985	1.46345327291173	4.17140138225511	2.70794810934338	0	0	3	0.1	2.04699002542194	0.571562203481178	1.05415140261865	3.28886106127453	2.23470965865587	0	0	3	0.2	3.31772628888827	0.827163173215856	1.8474250012779	5.10285109273448	3.25542609145658
163	0	0	0	0.1	0.0724578915142894	0.0882988794945869	-0.0766000552464814	0.26275447504682	0.339354530293301	0	0	0	0.2	0.277667829103746	0.264541624417566	-0.164396485851505	0.897581488670049	1.06197797452155	0	0	1	0.1	0.376722558813589	0.185746236378555	0.0665102887424764	0.765135945668458	0.698625656925982	0	0	1	0.2	0.975827531038572	0.404946680814533	0.24500925901976	1.8191277187519	1.57411845973214	0	0	2	0.1	0.678298424039617	0.273946080808035	0.205622385917261	1.31040940209487	1.1047870161776	0	0	2	0.2	1.36256139991409	0.530227587859531	0.448296312935729	2.49782043837701	2.04952412544128	0	0	3	0.1	0.804889995346263	0.34556910484433	0.224374152494471	1.57520131025273	1.35082715775826	0	0	3	0.2	1.57949333335297	0.668619741605165	0.418034268026406	3.06386989377934	2.64583562575293
160	0	0	0	0.1	0.183925813020997	0.0887587542702715	0.0170558093807834	0.363160249640285	0.346104440259502	0	0	0	0.2	0.321897488876175	0.258908268292063	-0.199652538756415	0.836778608184938	1.03643114694135	0	0	1	0.1	0.117359156204588	0.204676306721575	-0.287565481173811	0.515420339253267	0.802985820427078	0	0	1	0.2	0.5531790171657	0.471511873728668	-0.271896275729693	1.56487024561878	1.83676652134847	0	0	2	0.1	0.636200527274222	0.298746562455865	0.158360416434556	1.3160293183624	1.15766890192784	0	0	2	0.2	1.30782244278864	0.490362472331952	0.470740013417068	2.32383015790523	1.85309014448816	0	0	3	0.1	0.942216678879278	0.343778149317894	0.403297313276538	1.71673425955513	1.31343694627859	0	0	3	0.2	1.6935765916087	0.530130248659432	0.812436686648675	2.79379304454673	1.98135635789805
150	0	0	0	0.1	0.0108472322844409	0.049481325949938	-0.0879021066827743	0.105855718873749	0.193757825556523	0	0	0	0.2	0.0349391353090918	0.108942872893528	-0.172198086773883	0.254497421671894	0.426695508445778	0	0	1	0.1	0.128745107865348	0.117460791166086	-0.0598429720266208	0.43827538410676	0.498118356133381	0	0	1	0.2	0.490385828596358	0.474320337370972	-0.103581581837903	1.9597894720714	2.0633710539093	0	0	2	0.1	0.677554032383677	0.490626971022145	0.140322809026656	2.08689803800774	1.94657522898109	0	0	2	0.2	1.93706264450932	1.06546875379648	0.491512769804153	4.6426611739024	4.15114840409825	0	0	3	0.1	1.60352205906957	0.87732845423446	0.476532476378477	3.90958767043695	3.43305519405847	0	0	3	0.2	3.66621048972499	1.52720834876959	1.32710417824441	7.29417228351255	5.96706810526814
141	0	0	0	0.1	-0.0132481591716537	0.146443186935495	-0.315890248927559	0.272094690938004	0.587984939865564	0	0	0	0.2	0.0975916782741909	0.283291922967749	-0.457584463618495	0.64950770084468	1.10709216446317	0	0	1	0.1	0.172935482982351	0.131454654077201	-0.098519635674035	0.423397168157495	0.52191680383153	0	0	1	0.2	0.582281851025065	0.281457434879116	0.0287930007826835	1.14471560479356	1.11592260401088	0	0	2	0.1	0.582297956649833	0.176146831533148	0.228051487228071	0.941402861108779	0.713351373880708	0	0	2	0.2	1.25822834575459	0.367324811889211	0.527163579451409	2.02914987017012	1.50198629071871	0	0	3	0.1	0.863511921060821	0.250015759033792	0.415462926210967	1.4102546632605	0.994791737049532	0	0	3	0.2	1.68995438140542	0.487895408181079	0.842176133735708	2.75897789297976	1.91680175924405
218	0	0	0	0.1	0.137445737678294	0.0730170275329319	-0.0120096668902452	0.276543837210957	0.288553504101202	0	0	0	0.2	0.44924147014164	0.219475441261037	0.0557989161469692	0.949373128092738	0.893574211945769	0	0	1	0.1	0.62569415129011	0.227449994103531	0.261967757067358	1.14297463931914	0.88100688225178	0	0	1	0.2	1.78067533271482	0.494692660610131	0.886131429589817	2.859871859218	1.97374042962819	0	0	2	0.1	1.49427678162228	0.385626973062729	0.861388515414455	2.40376515435561	1.54237663894115	0	0	2	0.2	2.65582351228327	0.6141837597677	1.57162846107977	3.9792051494178	2.40757668833804	0	0	3	0.1	1.90372274365225	0.505417119105335	1.05868702199423	3.08277046311882	2.02408344112458	0	0	3	0.2	3.22235233066095	0.847776911959354	1.77364424399354	5.09823909147179	3.32459484747825
124	0	0	0	0.1	0.195071719422379	0.0923134986279017	0.0262091441049313	0.385308017043292	0.359098872938361	0	0	0	0.2	0.464354357539172	0.249891957195713	0.00621673375481085	0.964312264072078	0.958095530317268	0	0	1	0.1	0.271085387205097	0.162129625326162	-0.0404349139311644	0.607666936229333	0.648101850160498	0	0	1	0.2	0.752871599863004	0.413384216192967	0.0237127186983278	1.65135629746536	1.62764357876703	0	0	2	0.1	0.624979371893949	0.260917435263199	0.153826277319821	1.17006734949697	1.01624107217715	0	0	2	0.2	1.33039166290407	0.529253387234557	0.410314145253669	2.4785072363392	2.06819309108553	0	0	3	0.1	0.945750457987841	0.360116640958573	0.30250398298877	1.71190245414825	1.40939847115948	0	0	3	0.2	1.70029124328545	0.634307157489486	0.530668201725251	3.0296737936873	2.49900559196205
195	0	0	0	0.1	0.102935277561354	0.10465441359867	-0.091186291266983	0.309773207406428	0.400959498673411	0	0	0	0.2	0.186505747244005	0.208384988187614	-0.180805508619205	0.617428742590348	0.798234251209553	0	0	1	0.1	0.176342574694002	0.114721373089866	-0.036341312990714	0.418817255983344	0.455158568974058	0	0	1	0.2	0.474114724343872	0.281384893406173	-0.00117119457383167	1.10381499393842	1.10498618851225	0	0	2	0.1	0.567107429437418	0.236205859657356	0.199230938672015	1.11820088709213	0.918969948420111	0	0	2	0.2	1.3227885481456	0.536176156928765	0.504226412264668	2.62532327291228	2.12109686064761	0	0	3	0.1	1.05636620147652	0.447606094106624	0.408799958971969	2.18490684156029	1.77610688258832	0	0	3	0.2	2.19752945019938	0.861575085749126	0.855364159767573	4.23353334165541	3.37816918188784
136	0	0	0	0.1	0.0672772136046765	0.086459633188522	-0.101744674851286	0.234185764156699	0.335930439007986	0	0	0	0.2	0.00251465798805796	0.193861133602062	-0.386150253780011	0.393997598466207	0.780147852246218	0	0	1	0.1	0.0246343736955156	0.201653250385158	-0.372837067879218	0.423564829580875	0.796401897460093	0	0	1	0.2	0.659745261737741	0.847036986251182	-0.689873063848301	2.62042762761249	3.31030069146079	0	0	2	0.1	0.980930111705514	0.660105091674839	-0.0613658193324921	2.42183696965735	2.48320278898984	0	0	2	0.2	2.62989666437	1.42978668298152	0.203732511645473	5.49974147051203	5.29600895886655	0	0	3	0.1	1.66364006423809	0.877866426747852	0.228985351826478	3.48092841445671	3.25194306263023	0	0	3	0.2	3.57542914639922	1.68678313567433	0.699321631025977	7.24999418800186	6.55067255697588
128	0	0	0	0.1	0.083420524989836	0.0602379040023664	-0.0440562933177217	0.197915051612813	0.241971344930535	0	0	0	0.2	0.0914765657309795	0.153514032485239	-0.251184365759777	0.35984582718897	0.611030192948746	0	0	1	0.1	0.00616017352600932	0.160463536734769	-0.349333518114656	0.298500400249334	0.647833918363989	0	0	1	0.2	0.0601237342172404	0.346731708027337	-0.666638173460903	0.767817604180973	1.43445577764188	0	0	2	0.1	0.286766996601934	0.204599186575227	-0.081749780210716	0.760168235972181	0.841918016182897	0	0	2	0.2	0.654193667809329	0.392720968603899	-0.0591078134679684	1.53462792532125	1.59373573878921	0	0	3	0.1	0.561756443195098	0.268713578838402	0.110172273682404	1.16124071639548	1.05106844271308	0	0	3	0.2	1.03722500854408	0.465785671204263	0.206922284543874	2.00519478083881	1.79827249629494
146	0	0	0	0.1	0.170242384530794	0.0564311662074986	0.0665148626401038	0.284019088460912	0.217504225820808	0	0	0	0.2	0.457980398859577	0.16859795304667	0.178891363707364	0.823928028418826	0.645036664711462	0	0	1	0.1	0.669074722128516	0.21816928725764	0.314722082252833	1.17205521002207	0.85733312776924	0	0	1	0.2	1.65442082655614	0.497844625341975	0.763277513360242	2.67302191365315	1.90974440029291	0	0	2	0.1	1.04148361747623	0.358443634045993	0.453294739809702	1.87019008530374	1.41689534549404	0	0	2	0.2	2.07390548148533	0.744332154790366	0.790067440760233	3.75219247826287	2.96212503750264	0	0	3	0.1	1.18832321187912	0.515989914884691	0.344594716466964	2.41003185039891	2.06543713393194	0	0	3	0.2	2.35452534345406	1.08596756000161	0.516403743685986	4.94424253529637	4.42783879161038
214	0	0	0	0.1	0.088934178437108	0.0717733079954338	-0.0585831096109536	0.233572843921462	0.292155953532415	0	0	0	0.2	0.165596928993629	0.175833090084873	-0.184351097493541	0.505933844273778	0.690284941767319	0	0	1	0.1	0.18680777154019	0.148987775390601	-0.0780264934773267	0.479100254297789	0.557126747775116	0	0	1	0.2	0.608576428900527	0.476817463877387	-0.133668785417754	1.69805267378013	1.83172145919788	0	0	2	0.1	0.692454878286597	0.355188981255292	0.138702562317985	1.5022335564366	1.36353099411861	0	0	2	0.2	1.55047421082355	0.693071837561317	0.403141644153645	3.13837526852171	2.73523362436807	0	0	3	0.1	1.10931962761969	0.476573318846749	0.356409584509225	2.22594317638114	1.86953359187192	0	0	3	0.2	2.06258500511928	0.778755829429481	0.746547863280639	3.77461907940918	3.02807121612855
175	0	0	0	0.1	0.0696843923220098	0.0853324110374495	-0.115916033705347	0.231926311798663	0.34784234550401	0	0	0	0.2	0.173883973276127	0.241006825683982	-0.292224705292883	0.670655869957518	0.962880575250401	0	0	1	0.1	0.310645985940596	0.228834235707799	-0.0474863368468939	0.892536294120778	0.940022630967672	0	0	1	0.2	1.26549574862456	0.586699223390368	0.295675148672849	2.52110979289117	2.22543464421832	0	0	2	0.1	1.3650178051361	0.521363763277708	0.487867028805038	2.54005019441424	2.05218316560921	0	0	2	0.2	2.48152131549093	0.74644050959586	1.12547308874974	4.09085526710857	2.96538217835883	0	0	3	0.1	2.03044945151503	0.683886827624913	0.839207208466622	3.52459528493691	2.68538807647029	0	0	3	0.2	3.22994906563356	0.935631009303169	1.54718632591394	5.34680539255752	3.79961906664358
142	0	0	0	0.1	0.0471766172270615	0.0678456788913186	-0.0875932023527962	0.186610321946911	0.274203524299708	0	0	0	0.2	0.0725135013723554	0.156894686254908	-0.230563219173144	0.406142058330923	0.636705277504067	0	0	1	0.1	0.121946810923767	0.118969174803594	-0.0880803138199646	0.372115694651145	0.46019600847111	0	0	1	0.2	0.450855049140344	0.353257050712072	-0.0915340660754434	1.34893503953043	1.44046910560587	0	0	2	0.1	0.569092400138666	0.3053174074114	0.134021307540492	1.28401166777749	1.149990360237	0	0	2	0.2	1.35016278395025	0.677177831995312	0.351106869288826	2.91990931100779	2.56880244171896	0	0	3	0.1	0.996556839477786	0.491489805415592	0.29910981494973	2.11792201647293	1.8188122015232	0	0	3	0.2	2.05968788720369	0.960886612740829	0.622170301183987	4.20335308163474	3.58118278045075
115	0	0	0	0.1	0.182171468509431	0.102761217151262	-0.000903248539307225	0.412870063080193	0.4137733116195	0	0	0	0.2	0.44594494252593	0.257220844166263	-0.00155663401743572	1.0104986023533	1.01205523637074	0	0	1	0.1	0.309629942217611	0.169532238410556	-0.00618568289083544	0.678048327559348	0.684234010450183	0	0	1	0.2	0.839214754234994	0.481213892861571	0.0879898377907769	1.98463633413145	1.89664649634068	0	0	2	0.1	0.644032990516735	0.333215469407069	0.173944064089267	1.46870957288506	1.29476550879579	0	0	2	0.2	1.45699900255831	0.73439946671148	0.406824166788905	3.23403570756362	2.82721154077472	0	0	3	0.1	0.929302462507785	0.477381911710321	0.296854456040517	2.10208594348887	1.80523148744835	0	0	3	0.2	1.90539119221421	0.935034157236134	0.624753647266578	4.24137939087968	3.6166257436131
171	0	0	0	0.1	0.332804333564329	0.105756399399723	0.140768043235318	0.568157424341258	0.427389381105941	0	0	0	0.2	0.673566571471317	0.248632261179013	0.219725798032044	1.21694743420011	0.997221636168062	0	0	1	0.1	0.331179988300188	0.145686830126188	0.0600748122063908	0.633023634574321	0.57294882236793	0	0	1	0.2	0.690461602536007	0.312514592810667	0.118966520664619	1.32571738066753	1.20675086000291	0	0	2	0.1	0.527679792261427	0.200734914515669	0.179976905060107	0.966130637369939	0.786153732309832	0	0	2	0.2	1.02238946027942	0.389219370394812	0.350377680881205	1.88923877599813	1.53886109511693	0	0	3	0.1	0.655785802114554	0.254860298314343	0.22654831166698	1.23710623722976	1.01055792556278	0	0	3	0.2	1.23683327233716	0.471446755152994	0.440368301298129	2.30071873099286	1.86035042969474
149	0	0	0	0.1	0.129228264078877	0.0694736764885697	-0.010912706251011	0.25537395873267	0.266286664983681	0	0	0	0.2	0.25447432434785	0.16560586899395	-0.069759664731477	0.562084863055925	0.631844527787402	0	0	1	0.1	0.173200895647991	0.135365252754226	-0.0983846770245507	0.445059205383085	0.543443882407635	0	0	1	0.2	0.399462117694325	0.285883001867879	-0.172726256188553	0.970168073134091	1.14289432932264	0	0	2	0.1	0.374107896573312	0.181852767845854	0.015590757488553	0.744905448368965	0.729314690880412	0	0	2	0.2	0.68812919258116	0.323674286038617	0.0680925807422813	1.3101966910316	1.24210411028932	0	0	3	0.1	0.505658002067952	0.219290962581542	0.0968829978052412	0.942417044891371	0.84553404708613	0	0	3	0.2	0.88591741332981	0.379824344127695	0.148936462790735	1.65520346357384	1.50626700078311
154	0	0	0	0.1	0.21936421123198	0.0932800114771953	0.04304910318355	0.416500575916125	0.373451472732575	0	0	0	0.2	0.310097517242757	0.187047408893195	-0.0417255964162393	0.679117560722528	0.720843157138767	0	0	1	0.1	0.0316006256983057	0.193701654128925	-0.299423915705746	0.406768603319118	0.706192519024865	0	0	1	0.2	0.0166427979189595	0.512731942115556	-0.937025514601281	0.944145361277401	1.88117087587868	0	0	2	0.1	0.124603183319084	0.42280334027697	-0.563869797000835	0.919681384054966	1.4835511810558	0	0	2	0.2	0.255927300498465	0.977286249136491	-1.32782926407957	1.96625610942406	3.29408537350363	0	0	3	0.1	0.29800396384621	0.610528224804919	-0.616133793353159	1.49940021513423	2.11553400848739	0	0	3	0.2	0.568385755616725	1.27557323143928	-1.62855252064144	2.92829498299943	4.55684750364087
176	0	0	0	0.1	0.161133908051135	0.0629656362144721	0.0345376966018504	0.290685300153103	0.256147603551253	0	0	0	0.2	0.30993420805921	0.122370653925652	0.0711853854931852	0.560430704480209	0.489245318987024	0	0	1	0.1	0.129464302908369	0.0658977796172029	0.00586227524996327	0.261262973682562	0.255400698432599	0	0	1	0.2	0.237553949628905	0.152898980928433	-0.0764616207322639	0.527109331622559	0.603570952354823	0	0	2	0.1	0.188244380864415	0.119789236393818	-0.0420565527231723	0.435070289849638	0.477126842572811	0	0	2	0.2	0.353714083038281	0.24744968681028	-0.124979103306023	0.853654257289059	0.978633360595083	0	0	3	0.1	0.291541123390511	0.178202442695062	-0.0308705838998135	0.665706525211367	0.696577109111181	0	0	3	0.2	0.532547481272881	0.332684656940212	-0.0800312674040188	1.19572012161012	1.27575138901414
209	0	0	0	0.1	-0.0164679925104334	0.108236674322307	-0.26035289087306	0.176253952910492	0.436606843783553	0	0	0	0.2	-0.0270454836849831	0.236685822398636	-0.517332981272555	0.401121229485322	0.918454210757878	0	0	1	0.1	0.157652853144369	0.138965257495538	-0.0887651254390974	0.442511838443476	0.531276963882573	0	0	1	0.2	0.624621460083665	0.359689376345993	0.00544013075994768	1.44964902142616	1.44420889066621	0	0	2	0.1	0.687499621342935	0.241535513052072	0.302908477812769	1.2498525176456	0.946944039832833	0	0	2	0.2	1.47824785520915	0.460286995833425	0.710441841893491	2.51343859547154	1.80299675357805	0	0	3	0.1	1.01924597894221	0.316098122959192	0.532050086577694	1.75087279004675	1.21882270346905	0	0	3	0.2	1.92547585038225	0.536188313070761	1.04524785402371	3.02471456157731	1.9794667075536
167	0	0	0	0.1	0.06441689887789	0.0935724420283024	-0.123949127703693	0.232592397453586	0.356541525157279	0	0	0	0.2	0.0957251385417283	0.207050982033762	-0.356981797801613	0.458093637821316	0.815075435622929	0	0	1	0.1	0.115664255248212	0.125518992048316	-0.157156701218545	0.335295102583045	0.49245180380159	0	0	1	0.2	0.42956448437402	0.307984072386257	-0.158262924038952	1.05662135680437	1.21488428084332	0	0	2	0.1	0.571850705160654	0.241426483389379	0.176531454618284	1.15352009200009	0.976988637381803	0	0	2	0.2	1.34018556335247	0.509717437150389	0.486463949088352	2.54075161272631	2.05428766363796	0	0	3	0.1	1.03184163804653	0.396952636650144	0.425264769153016	1.98989959633363	1.56463482718062	0	0	3	0.2	2.04500439133613	0.683297180540083	0.928097651209476	3.56073783622653	2.63264018501705
173	0	0	0	0.1	0.0979546048560484	0.0885025767564289	-0.0654714383917594	0.284818177818708	0.350289616210467	0	0	0	0.2	0.239807160021542	0.21462608174333	-0.165796759717713	0.701131329124421	0.866928088842134	0	0	1	0.1	0.252200299786854	0.129252283013213	0.0192234395714753	0.523854751783807	0.504631312212332	0	0	1	0.2	0.773726511821112	0.327566290622245	0.229829802611815	1.45668373797807	1.22685393536626	0	0	2	0.1	0.735106688504878	0.231347722931004	0.351503618718482	1.25343038148245	0.901926762763966	0	0	2	0.2	1.69170783201021	0.485315447139108	0.87144396833808	2.81357061574451	1.94212664740643	0	0	3	0.1	1.18001346159141	0.34922256153009	0.605319252207045	1.97126179608935	1.36594254388231	0	0	3	0.2	2.35851685694493	0.63198571495713	1.27322712084269	3.69908006240192	2.42585294155923
237	0	0	0	0.1	0.137504376243519	0.0639916811858927	0.0251280918706882	0.285932237188836	0.260804145318148	0	0	0	0.2	0.349934106545236	0.172904059636365	0.069258183469185	0.753084639646985	0.6838264561778	0	0	1	0.1	0.39715630749755	0.159500734307733	0.134738366126852	0.773850728963136	0.639112362836285	0	0	1	0.2	1.06817594795585	0.455625798031129	0.3079075953537	2.1158085988598	1.8079010035061	0	0	2	0.1	0.802610490430304	0.317620545639578	0.252675844723329	1.48667236576965	1.23399652104632	0	0	2	0.2	1.58420632035801	0.617085761220988	0.489309282393004	2.88354438475562	2.39423510236262	0	0	3	0.1	1.08739454090321	0.441351019422629	0.302030888863134	2.0530994699208	1.75106858105767	0	0	3	0.2	1.9001132638591	0.776818506347683	0.50432999851959	3.59087100277452	3.08654100425493
162	0	0	0	0.1	0.206950228559524	0.0745830494673703	0.07745018015534	0.373911480359579	0.296461300204239	0	0	0	0.2	0.400774794149426	0.212979306433859	0.0582215741004839	0.889958611182535	0.831737037082051	0	0	1	0.1	0.196947658356122	0.176039401385034	-0.100801562714942	0.596733611903746	0.697535174618688	0	0	1	0.2	0.65513493611252	0.556327612608398	-0.177073240875373	2.01508239532385	2.19215563619922	0	0	2	0.1	0.684540454610003	0.398691833128992	0.0866509247355787	1.64936264701716	1.56271172228158	0	0	2	0.2	1.53804312123146	0.783911895548134	0.286730316655001	3.23260224286825	2.94587192621325	0	0	3	0.1	1.10343147959947	0.535542915623206	0.300749056667254	2.28114280419902	1.98039374753177	0	0	3	0.2	2.04926054633582	0.93729578200786	0.587428987267134	4.18635322753175	3.59892424026462
204	0	0	0	0.1	0.00772187634197256	0.0834781806313961	-0.158468928308937	0.160488466941047	0.318957395249984	0	0	0	0.2	0.0523027085899434	0.184212730726092	-0.329071569857069	0.416661048701779	0.745732618558848	0	0	1	0.1	0.237984753589508	0.138678576706869	-0.0201543477233577	0.529666182580627	0.549820530303985	0	0	1	0.2	0.750355996694496	0.421860283666495	0.0261632679793011	1.68305943399212	1.65689616601282	0	0	2	0.1	0.728649324196898	0.312835870979888	0.219325054132293	1.44648669022101	1.22716163608871	0	0	2	0.2	1.56468012461874	0.630830082178382	0.481641239825014	2.96578785946335	2.48414661963833	0	0	3	0.1	1.09298887038099	0.455382998557075	0.325326215648986	2.10259226403953	1.77726604839055	0	0	3	0.2	1.99438003017921	0.777504410527517	0.599211946833319	3.69040480689899	3.09119286006567
278	0	0	0	0.1	0.0769715071236101	0.135497503000678	-0.217510169238419	0.345382770658116	0.562892939896535	0	0	0	0.2	0.353045241095075	0.393074683105706	-0.315433758648729	1.22137618877425	1.53680994742298	0	0	1	0.1	0.450415484934291	0.323282892204145	-0.0342574692533375	1.21881279676577	1.2530702660191	0	0	1	0.2	1.18461527645011	0.619898443362134	0.214886010725991	2.54949553338243	2.33460952265643	0	0	2	0.1	0.946449853022656	0.398443232368249	0.343474914620095	1.83904090908847	1.49556599446837	0	0	2	0.2	1.77419187388421	0.622043218467738	0.771753145498413	3.13406975741184	2.36231661191342	0	0	3	0.1	1.19106515256894	0.430174047278094	0.529328734466826	2.12854128091453	1.5992125464477	0	0	3	0.2	2.09265661675406	0.678332071031888	0.982462645059866	3.67907543044394	2.69661278538407
152	0	0	0	0.1	0.107400922732399	0.0940438016810171	-0.0792398935564013	0.280306705156924	0.359546598713325	0	0	0	0.2	0.152650633572021	0.248344741167469	-0.317209377669022	0.694540652267035	1.01175002993606	0	0	1	0.1	0.0841413089646525	0.172802021337927	-0.254909660859073	0.440989996364856	0.69589965722393	0	0	1	0.2	0.371128180164501	0.36638856973449	-0.301353111312853	1.12176826441481	1.42312137572766	0	0	2	0.1	0.46438980545932	0.229472331893781	0.0472397767790086	0.962214262193079	0.91497448541407	0	0	2	0.2	0.968784039904452	0.425791392469763	0.1935875572396	1.85207819397184	1.65849063673224	0	0	3	0.1	0.679975102939351	0.27988723048598	0.209544103269809	1.27906961524887	1.06952551197906	0	0	3	0.2	1.28642024749182	0.499011490987621	0.394295062701199	2.33709103676328	1.94279597406208
159	0	0	0	0.1	0.164833723370874	0.0755624670007185	0.0350907627015352	0.329928975552469	0.294838212850934	0	0	0	0.2	0.605041248747855	0.354525695053678	0.116825276486137	1.4809244367412	1.36409916025506	0	0	1	0.1	0.648375578735976	0.319782668196327	0.183770584276247	1.35057216907964	1.16680158480339	0	0	1	0.2	1.63399648354496	0.500660162281389	0.72546732570376	2.6370044936564	1.91153716795264	0	0	2	0.1	1.10785825232872	0.300539191763035	0.580705414139469	1.72703635123906	1.14633093709959	0	0	2	0.2	1.72278797465073	0.408125820548751	0.965514945068669	2.55167836452426	1.5861634194556	0	0	3	0.1	1.22121754695167	0.32175313417628	0.647458418145384	1.84849781523429	1.2010393970889	0	0	3	0.2	1.81667788486756	0.443793366401026	1.00850849443091	2.69541082079732	1.6869023263664
187	0	0	0	0.1	0.178332542642962	0.0628393940652571	0.0700902286994627	0.321654361505911	0.251564132806449	0	0	0	0.2	0.445693051034329	0.164273122018487	0.170978748046605	0.818729690254249	0.647750942207644	0	0	1	0.1	0.349216312479618	0.165656207807179	0.093501027361037	0.738835675605539	0.645334648244502	0	0	1	0.2	0.823745061884756	0.402457347625219	0.21599396879851	1.85467246370649	1.63867849490798	0	0	2	0.1	0.563385923310052	0.264370897073647	0.178224010894841	1.23802830214018	1.05980429124534	0	0	2	0.2	1.18529420646661	0.538653629123752	0.374621480357748	2.52022675495368	2.14560527459593	0	0	3	0.1	0.762272258288473	0.350087967267507	0.253892538295338	1.61513006115413	1.36123752285879	0	0	3	0.2	1.53752068182791	0.681383926061709	0.499844388489795	3.11811086028517	2.61826647179538
211	0	0	0	0.1	0.0158277521003076	0.0720085270173927	-0.136724589726763	0.150513246719133	0.287237836445896	0	0	0	0.2	0.0112060603439482	0.139661516510448	-0.28885449013837	0.264803163330066	0.553657653468436	0	0	1	0.1	0.0424542699861194	0.0855161164080316	-0.1296544729745	0.202103625544252	0.331758098518752	0	0	1	0.2	0.130139584395849	0.196809246416731	-0.26061256359248	0.515288640820565	0.775901204413045	0	0	2	0.1	0.228686538451154	0.159214438108318	-0.0871746736570132	0.581736932493182	0.668911606150195	0	0	2	0.2	0.626055050435593	0.433643130697006	-0.161428099993213	1.68140721116359	1.8428353111568	0	0	3	0.1	0.509328703052114	0.309436542983525	0.00756353172978104	1.20382873988342	1.19626520815363	0	0	3	0.2	1.25755175027516	0.764080218061174	0.0419707183738625	2.97350611169993	2.93153539332607
223	0	0	0	0.1	0.208378212617001	0.0527696948014558	0.107833025648913	0.330335551407483	0.22250252575857	0	0	0	0.2	0.384604844751987	0.104942798657968	0.197559486015931	0.610880993978151	0.413321507962219	0	0	1	0.1	0.292053614138385	0.0882037004341306	0.148973327477486	0.490842927362046	0.34186959988456	0	0	1	0.2	0.681879813106521	0.238832391038919	0.342781898284955	1.26515070162525	0.922368803340294	0	0	2	0.1	0.653606604600383	0.205551562443942	0.35616461969451	1.16717595966128	0.811011339966765	0	0	2	0.2	1.454814358816	0.436017053630265	0.756371453218852	2.47235769091597	1.71598623769712	0	0	3	0.1	1.06101710588009	0.325116132735283	0.540458520369901	1.830620145593	1.2901616252231	0	0	3	0.2	2.10143900294624	0.571188089380841	1.10943140142908	3.34686749001411	2.23743608858503
210	0	0	0	0.1	0.132044411313653	0.177316255828686	-0.197252839520446	0.504321122479273	0.701573961999719	0	0	0	0.2	0.278124976352624	0.309838482584428	-0.2814038676234	0.940587314038959	1.22199118166236	0	0	1	0.1	0.170018666602783	0.138084003595176	-0.091298654089735	0.461886008588714	0.553184662678449	0	0	1	0.2	0.529407124850562	0.277278060004343	0.00491307659080305	1.12493848712275	1.12002541053195	0	0	2	0.1	0.533900500613332	0.167336201221624	0.242824480619276	0.89517024314446	0.652345762525184	0	0	2	0.2	1.10472306974759	0.318596268287512	0.54826745231968	1.77534673046556	1.22707927814588	0	0	3	0.1	0.800513603004756	0.216640716174685	0.425495983158728	1.28952891464606	0.864032931487328	0	0	3	0.2	1.5050778844406	0.38479827383512	0.826750370906763	2.31291226610942	1.48616189520265
147	0	0	0	0.1	0.338831027667719	0.0915482329345238	0.167656802958155	0.520642766196661	0.352985963238506	0	0	0	0.2	0.558380519675204	0.165440953910092	0.226922741258685	0.898521735432468	0.671598994173783	0	0	1	0.1	-0.0773829421486436	0.161137420765286	-0.46724628743052	0.178297292654886	0.645543580085406	0	0	1	0.2	-0.47166311114958	0.484300728727609	-1.58593711154984	0.263752129939573	1.84968924148941	0	0	2	0.1	-0.336010827616672	0.237472332566509	-0.851821492777998	0.0648715502803159	0.916693043058314	0	0	2	0.2	-0.869594540473762	0.614644882233273	-2.15653389305122	0.300305237532629	2.45683913058385	0	0	3	0.1	-0.269469937926927	0.283390558365445	-0.792705630405688	0.344078383988567	1.13678401439425	0	0	3	0.2	-0.565307152619115	0.755626269437548	-1.91132403218124	1.15074873312201	3.06207276530325
158	0	0	0	0.1	0.0437662652400779	0.0664890006593062	-0.0992528956787083	0.166031478156522	0.26528437383523	0	0	0	0.2	0.0577828379407685	0.135515189156287	-0.237279582953494	0.313484543416755	0.55076412637025	0	0	1	0.1	0.0769134202344953	0.0821972547375462	-0.076127229149243	0.262667333784461	0.338794562933704	0	0	1	0.2	0.172045295460273	0.183819278406931	-0.161012439474551	0.567844759097004	0.728857198571554	0	0	2	0.1	0.254122269904837	0.131535154804735	0.0289646015160291	0.563849129783944	0.534884528267915	0	0	2	0.2	0.58450065495754	0.324666857864906	0.0523310508547902	1.40226570696088	1.34993465610609	0	0	3	0.1	0.416158554727414	0.237075138837587	0.0346178337968697	0.973644184442724	0.939026350645854	0	0	3	0.2	0.857975551366043	0.537944298294097	-0.0422951678929006	2.06777455898973	2.11006972688263
161	0	0	0	0.1	0.194047180379467	0.0939473275432919	0.022276478964208	0.392114296179238	0.36983781721503	0	0	0	0.2	0.556285826758256	0.363448035699983	0.00474219486570005	1.46587157229113	1.46112937742543	0	0	1	0.1	0.61397746444416	0.35146288374527	0.0569434170233434	1.41785961675673	1.36091619973339	0	0	1	0.2	1.71127812178612	0.692485545001063	0.482383453137772	3.18865691339505	2.70627346025728	0	0	2	0.1	1.28273338391716	0.477888221913405	0.445559451646162	2.29117220447501	1.84561275282885	0	0	2	0.2	2.2420407080008	0.738814204875227	0.909796500443831	3.79119655029568	2.88140004985185	0	0	3	0.1	1.46667884707745	0.51698658914635	0.563430040048647	2.52975693115714	1.96632689110849	0	0	3	0.2	2.47617094936471	0.822703663614248	1.01336896933919	4.25554149297638	3.24217252363719
216	0	0	0	0.1	0.0931391491378906	0.129241509347063	-0.147510685512246	0.363958376433751	0.511469061945996	0	0	0	0.2	0.124746445948974	0.257299375274762	-0.361253801660166	0.693523330892247	1.05477713255241	0	0	1	0.1	0.0908136700080477	0.154681649194943	-0.192110488734119	0.414399620525144	0.606510109259263	0	0	1	0.2	0.400108665794993	0.430701132945988	-0.250899318781824	1.4221542381623	1.67305355694413	0	0	2	0.1	0.526619353747752	0.360531962171748	0.0700414258571843	1.41817655440476	1.34813512854758	0	0	2	0.2	1.21585139011026	0.781170061515342	0.203814938726256	2.99422823602557	2.79041329729931	0	0	3	0.1	0.924796543339008	0.592625661992396	0.228670450732232	2.3779405921316	2.14927014139937	0	0	3	0.2	1.82237172086629	1.07393479571353	0.475355514568807	4.26480105549817	3.78944554092936
202	0	0	0	0.1	0.171925521806361	0.066445499558724	0.0460267643375633	0.305194656649673	0.259167892312109	0	0	0	0.2	0.400253614372242	0.19699370531973	0.0694496519722648	0.893857211368237	0.824407559395972	0	0	1	0.1	0.341802913264643	0.184733023728329	0.0692945356837597	0.793644349707146	0.724349814023386	0	0	1	0.2	1.10464117290898	0.533468799990243	0.300488596873581	2.31592699204614	2.01543839517256	0	0	2	0.1	0.978362366072998	0.374969721884679	0.385298257277368	1.84515128792319	1.45985303064582	0	0	2	0.2	2.0820118191712	0.633735266399408	0.875923829708316	3.37473516269461	2.49881133298629	0	0	3	0.1	1.36674329912181	0.414619124888248	0.568546857764772	2.22210313039171	1.65355627262694	0	0	3	0.2	2.49598334528124	0.685456155374673	1.07557854685805	3.77352692971735	2.6979483828593
190	0	0	0	0.1	0.14404292377339	0.108485577755176	-0.0771185045636622	0.371458875532874	0.448577380096537	0	0	0	0.2	0.209756747253685	0.25391986614714	-0.292505173162841	0.73893974331515	1.03144491647799	0	0	1	0.1	0.0740484597779274	0.1392890076242	-0.223563931479009	0.355350011112093	0.578913942591103	0	0	1	0.2	0.195620043327956	0.323604339097629	-0.430564444383472	0.896397089213629	1.3269615335971	0	0	2	0.1	0.280113436969916	0.224214379817019	-0.110991598358571	0.798910350670337	0.909901949028908	0	0	2	0.2	0.581172489776332	0.448178379428035	-0.210970494625337	1.6568833402339	1.86785383485924	0	0	3	0.1	0.468053824037261	0.316247053713324	-0.0535161961633464	1.21891467233469	1.27243086849803	0	0	3	0.2	0.863880169809126	0.593989930825728	-0.170200083347037	2.15515773113713	2.32535781448417
157	0	0	0	0.1	0.180557337937742	0.0747244503168139	0.0486202245452399	0.339129583104886	0.290509358559646	0	0	0	0.2	0.40284564951418	0.191995020139099	0.0642895409994123	0.80814849882353	0.743858957824118	0	0	1	0.1	0.282580847426943	0.123742172197639	0.0526934597261642	0.529325768050846	0.476632308324681	0	0	1	0.2	0.682705603051082	0.286194662370867	0.195499495881608	1.31962133595978	1.12412184007817	0	0	2	0.1	0.607721762845252	0.205722935920701	0.24962305811629	1.08324526581633	0.833622207700041	0	0	2	0.2	1.25976098663591	0.411054307563487	0.544483154598991	2.23313204115158	1.68864888655259	0	0	3	0.1	0.915838571292749	0.302982638686896	0.414159132654348	1.63913855988326	1.22497942722891	0	0	3	0.2	1.78186968014355	0.558511942345734	0.826330090576243	3.07199295027292	2.24566285969668
203	0	0	0	0.1	0.16035892339054	0.0763453164302991	0.0150323024091665	0.309398742083566	0.294366439674399	0	0	0	0.2	0.417298389696688	0.273372159360652	-0.0863448157127392	1.02892431610226	1.115269131815	0	0	1	0.1	0.409288904218788	0.247389826299768	0.0151215752499236	0.972078279248484	0.956956703998561	0	0	1	0.2	1.29653834834671	0.622737688712443	0.389830125045689	2.73644264689097	2.34661252184528	0	0	2	0.1	1.06539636616845	0.426518515059689	0.482008226094486	2.12974517517487	1.64773694908038	0	0	2	0.2	2.28817428821799	0.712867380423404	1.16507020311093	3.99356712706265	2.82849692395172	0	0	3	0.1	1.5736430147123	0.552651334626664	0.783269807213776	3.04146664261846	2.25819683540468	0	0	3	0.2	3.05616469331878	0.850028596698704	1.68643292629484	5.13263496749377	3.44620204119893
184	0	0	0	0.1	0.102188759549964	0.0596479896494234	-0.00829708182797037	0.223746680927674	0.232043762755645	0	0	0	0.2	0.347667122806444	0.292303909675157	-0.0928141596873036	1.00453077400221	1.09734493368951	0	0	1	0.1	0.700581308137681	0.660410923477632	-0.248522915991921	2.31403617076786	2.56255908675978	0	0	1	0.2	2.44437841281161	0.874327856450556	0.408844246022713	4.02090758644092	3.6120633404182	0	0	2	0.1	2.04368177141392	0.644100039445338	0.652025464356535	3.23374406216129	2.58171859780476	0	0	2	0.2	2.96120653396196	0.746830086526167	1.36354991361678	4.4078346688741	3.04428475525732	0	0	3	0.1	2.27919330925194	0.627038773397327	0.997638105331382	3.48677199191462	2.48913388658324	0	0	3	0.2	3.13919775964223	0.769872713360634	1.65449917943624	4.66403140283667	3.00953222340043
168	0	0	0	0.1	0.103222660486488	0.0700824208297895	-0.041245248581741	0.231126890449746	0.272372139031487	0	0	0	0.2	0.190365153432895	0.1546410271823	-0.124416012924524	0.471167007690138	0.595583020614662	0	0	1	0.1	0.125613643050691	0.148715213112679	-0.174666545069017	0.421429103881586	0.596095648950603	0	0	1	0.2	0.556070646357893	0.500016703748674	-0.28437534034633	1.79813135826037	2.0825066986067	0	0	2	0.1	0.771706009289582	0.39104147245537	0.165264624869298	1.71950264214112	1.55423801727182	0	0	2	0.2	1.81622999016625	0.69886826435756	0.641757378101799	3.29642162169759	2.65466424359579	0	0	3	0.1	1.42193368526232	0.51794798978856	0.618213899811534	2.55022335041282	1.93200945060128	0	0	3	0.2	2.60519481400401	0.810342084109327	1.20061960926848	4.3033066729524	3.10268706368393
186	0	0	0	0.1	0.0835517910354925	0.0910466297377759	-0.0912622127442835	0.270415379516504	0.361677592260788	0	0	0	0.2	0.194238943789073	0.228937240251472	-0.220332770891836	0.664866476507648	0.885199247399485	0	0	1	0.1	0.209180094770206	0.176159204287791	-0.0561724173037107	0.61507138294457	0.67124380024828	0	0	1	0.2	0.603570839330452	0.509137700660107	-0.125491725752268	1.83834573453015	1.96383746028242	0	0	2	0.1	0.51662715625314	0.313320563909308	0.0443618856192705	1.23597665016825	1.19161476454898	0	0	2	0.2	1.10577085440636	0.615852400982444	0.0632330169771311	2.41496653115343	2.3517335141763	0	0	3	0.1	0.749659766971178	0.396200592440584	0.0688010568422273	1.61678780914152	1.54798675229929	0	0	3	0.2	1.42652572814591	0.718798574829134	0.0682061235167932	2.93075493910539	2.86254881558859
272	0	0	0	0.1	0.0858720897533344	0.056910850409736	-0.0385318958578112	0.197885918174898	0.236417814032709	0	0	0	0.2	0.199556100219114	0.131525562808768	-0.0634139774098769	0.468117454941166	0.531531432351042	0	0	1	0.1	0.285404861187007	0.106079487851259	0.093449436141548	0.513704886220281	0.420255450078733	0	0	1	0.2	0.754982284135689	0.278013146835446	0.298251218158323	1.42310830252554	1.12485708436722	0	0	2	0.1	0.757305476448006	0.234047357831845	0.360423930587732	1.34372611884053	0.983302188252797	0	0	2	0.2	1.60290565303946	0.480599386477519	0.797908098158417	2.74515372004385	1.94724562188544	0	0	3	0.1	1.19065227784278	0.364356140018689	0.584987747722735	2.05072783030162	1.46574008257888	0	0	3	0.2	2.21406150949204	0.659113885985358	1.099503092287	3.65823826152935	2.55873516924234
189	0	0	0	0.1	0.0554394420955521	0.08987053117813	-0.122518429726008	0.234331597579627	0.356850027305635	0	0	0	0.2	0.126383695084909	0.185064505795015	-0.239887672791658	0.506899995145324	0.746787667936981	0	0	1	0.1	0.16226044574395	0.112054124895	-0.0513869489929726	0.395673290894158	0.44706023988713	0	0	1	0.2	0.420378364906897	0.286394587819343	-0.0684361173596797	1.05759022177142	1.1260263391311	0	0	2	0.1	0.43134738359191	0.21594867282268	0.0890555212947106	0.943988153063323	0.854932631768612	0	0	2	0.2	1.00672135956859	0.482289252958893	0.223022656281164	2.24551461695675	2.02249196067558	0	0	3	0.1	0.765027394204575	0.335415888053846	0.228283984045047	1.571770257035	1.34348627298995	0	0	3	0.2	1.6229250129308	0.640712056117097	0.564706802535576	3.04995972834822	2.48525292581264
244	0	0	0	0.1	0.114603793975063	0.0919957521817175	-0.0710794575877057	0.282640504057244	0.353719961644949	0	0	0	0.2	0.23634229788566	0.285727721176279	-0.360589403851037	0.724063777610029	1.08465318146107	0	0	1	0.1	0.17128653591605	0.18678734750196	-0.201719836674368	0.524509343866016	0.726229180540384	0	0	1	0.2	0.547801058625121	0.385153452864132	-0.151288954791244	1.36392329521054	1.51521225000179	0	0	2	0.1	0.514599907393794	0.226427266693301	0.137164061861389	1.0084095970162	0.871245535154813	0	0	2	0.2	0.973364528594636	0.376686451612827	0.307151995070082	1.76854880116936	1.46139680609928	0	0	3	0.1	0.700365412035499	0.258239312077337	0.271059960948421	1.26108508064565	0.990025119697225	0	0	3	0.2	1.20061026408312	0.408382225510222	0.5034269678727	2.05411249686067	1.55068552898797
155	0	0	0	0.1	-0.000190663621425098	0.0825065793307069	-0.165681026524803	0.145910931085243	0.311591957610046	0	0	0	0.2	0.0142724989870692	0.177800493136096	-0.35115990551877	0.347886654684469	0.699046560203239	0	0	1	0.1	0.169454840341515	0.11621064775344	-0.0520987760646862	0.404508504905836	0.456607280970522	0	0	1	0.2	0.54159144446718	0.268481061425181	0.0641420726679811	1.1217260524102	1.05758397974222	0	0	2	0.1	0.615154825970747	0.198708802920711	0.287425005493461	1.04407507471741	0.756650069223951	0	0	2	0.2	1.22177094413888	0.357725691825536	0.581249484835039	2.0121473289197	1.43089784408466	0	0	3	0.1	0.959200387761441	0.294654617748931	0.465257609041904	1.65670211388714	1.19144450484524	0	0	3	0.2	1.69747225294551	0.480347729916767	0.85491018700265	2.7524964803068	1.89758629330415
198	0	0	0	0.1	0.122032726266102	0.0617711781375286	0.0101099557363812	0.251312405794264	0.241202450057883	0	0	0	0.2	0.258748108018515	0.141242488852846	0.0169952216120964	0.563803535521579	0.546808313909483	0	0	1	0.1	0.242410767246516	0.104838670907364	0.0500538232419332	0.446278664102516	0.396224840860583	0	0	1	0.2	0.704042312008089	0.32850861773052	0.134979647743843	1.42251713341284	1.287537485669	0	0	2	0.1	0.711006197494329	0.278899508534519	0.269239866100657	1.31893048828691	1.04969062218625	0	0	2	0.2	1.67979199303213	0.641419169167926	0.642223217889455	3.07177629145868	2.42955307356923	0	0	3	0.1	1.27772112816348	0.494133482193618	0.523562902180827	2.41118012767072	1.88761722548989	0	0	3	0.2	2.54101145473288	0.877076923482141	1.10548432613258	4.44319537286692	3.33771104673433
241	0	0	0	0.1	0.107812985069992	0.0793463801586203	-0.0512640701847413	0.274218542007731	0.325482612192472	0	0	0	0.2	0.194873091066542	0.205193016904888	-0.219421753348988	0.612829090265273	0.83225084361426	0	0	1	0.1	0.0933469634374722	0.166271733059254	-0.273421326224348	0.407977701069745	0.681399027294093	0	0	1	0.2	0.171210985287874	0.402456706703585	-0.677013157414921	0.906276881742579	1.5832900391575	0	0	2	0.1	0.207145334999388	0.263073219133953	-0.314352997644392	0.700880178414197	1.01523317605859	0	0	2	0.2	0.450749877821384	0.525866466082627	-0.652031153516234	1.40589067053745	2.05792182405368	0	0	3	0.1	0.379503473771725	0.333996119609799	-0.275140116430895	1.02147236504137	1.29661248147227	0	0	3	0.2	0.744621055372512	0.640282726801578	-0.543516514729669	1.97943168481733	2.522948199547
193	0	0	0	0.1	0.0655209547027268	0.0888977472559855	-0.114496798074694	0.22595429836116	0.340451096435854	0	0	0	0.2	0.0960842151144424	0.19377871826357	-0.298466005399093	0.464059790680784	0.762525796079877	0	0	1	0.1	0.171213108878528	0.127884626034492	-0.0623846266133936	0.437283500941982	0.499668127555375	0	0	1	0.2	0.501075773407708	0.310989238405229	-0.0278671700947082	1.22813587607728	1.25600304617199	0	0	2	0.1	0.609743822489997	0.252438388189334	0.193688497421061	1.2206968173908	1.02700831996974	0	0	2	0.2	1.3067665323864	0.485265674002282	0.458147656766758	2.36925856661432	1.91111090984756	0	0	3	0.1	1.05888184736259	0.383873571747002	0.401602533454921	1.91828555650592	1.516683023051	0	0	3	0.2	2.02144900156861	0.644366279970284	0.898951854222722	3.4106617039617	2.51170984973898
208	0	0	0	0.1	0.0767345109778882	0.109981460622842	-0.139518696057521	0.287344582352638	0.426863278410159	0	0	0	0.2	0.124716539246274	0.229189820053966	-0.309007071542016	0.573612160654205	0.882619232196221	0	0	1	0.1	0.081006471195185	0.124651594862352	-0.153163250583531	0.335001134611155	0.488164385194687	0	0	1	0.2	0.209897310416121	0.263081421996523	-0.293906175636778	0.751896850819792	1.04580302645657	0	0	2	0.1	0.228536857212813	0.159082000443699	-0.0573500750153355	0.57688604706321	0.634236122078545	0	0	2	0.2	0.502785567684592	0.328304241178015	-0.099650269623877	1.22523036652361	1.32488063614749	0	0	3	0.1	0.369712681126008	0.206215163501346	0.00418317040290924	0.825698726164351	0.821515555761442	0	0	3	0.2	0.765738667649826	0.413944316029691	0.0289085277554361	1.67144404838955	1.64253552063411
165	0	0	0	0.1	0.23316020166211	0.0938752514924486	0.0754305789510932	0.439330632616507	0.363900053665414	0	0	0	0.2	0.562753700929527	0.233078691170014	0.187652050462242	1.08433487355866	0.896682823096419	0	0	1	0.1	0.338377625225895	0.166721044920154	0.0530533255411266	0.718645741536557	0.665592415995431	0	0	1	0.2	0.882992448216668	0.469015431224248	0.167477954319895	2.04722452287099	1.87974656855109	0	0	2	0.1	0.664120485030042	0.294121792790864	0.235362393761653	1.35901477153372	1.12365237777206	0	0	2	0.2	1.47940783315639	0.589139229314391	0.52631865947591	2.86497074183906	2.33865208236315	0	0	3	0.1	1.02830175173566	0.397992889184116	0.398136383626446	2.00501023359856	1.60687384997211	0	0	3	0.2	1.98718366227796	0.702622996919016	0.787802512829359	3.59983182562259	2.81202931279323
185	0	0	0	0.1	0.0659224107274076	0.0703528712633528	-0.0725285710339562	0.205933094996298	0.278461666030254	0	0	0	0.2	0.109377407540732	0.157113912291576	-0.207212605588807	0.41294849877917	0.620161104367976	0	0	1	0.1	0.151536451976157	0.1113281488379	-0.0609835260072394	0.386361498994609	0.447345025001849	0	0	1	0.2	0.446500605269327	0.29279293892583	-0.0776840279913617	1.09989540238261	1.17757943037397	0	0	2	0.1	0.55322332930236	0.236300064893493	0.18132194258735	1.07428927274137	0.892967330154015	0	0	2	0.2	1.34986928400772	0.51001210591116	0.511124513799041	2.4904918218838	1.97936730808476	0	0	3	0.1	1.08647288576634	0.397333620782292	0.463666810296661	2.03704305805607	1.57337624775941	0	0	3	0.2	2.20820316027464	0.671393506017139	1.02861372504186	3.6497833244398	2.62116959939794
194	0	0	0	0.1	0.108506236586727	0.101867697793378	-0.092043265229881	0.314034944288718	0.406078209518599	0	0	0	0.2	0.220648725052811	0.299395676457948	-0.306779686748532	0.862811604929985	1.16959129167852	0	0	1	0.1	0.157730083118848	0.236066285621017	-0.21911713247286	0.693738187988115	0.912855320460975	0	0	1	0.2	0.4209457460029	0.575825966907126	-0.442954617809377	1.79954117589408	2.24249579370346	0	0	2	0.1	0.363447145623469	0.3515955787459	-0.123344521027335	1.2048011375293	1.32814565855664	0	0	2	0.2	0.72655037660494	0.648485070504452	-0.206601053599753	2.29235067541903	2.49895172901879	0	0	3	0.1	0.486203574605421	0.390169387434086	-0.0498253585788567	1.48714990683969	1.53697526541855	0	0	3	0.2	0.915601255031536	0.682173019139788	-0.0763067811493394	2.66278189021529	2.73908867136463
206	0	0	0	0.1	0.0855484936766977	0.06510186757438	-0.0506365945649404	0.209358639584252	0.259995234149192	0	0	0	0.2	0.142092658648554	0.144612812249088	-0.149012347089545	0.419138203323109	0.568150550412654	0	0	1	0.1	0.153047473746514	0.105777992772395	-0.0763494077931918	0.35611363761162	0.432463045404812	0	0	1	0.2	0.399995544229655	0.254323715202496	-0.155002677871881	0.885558045797274	1.04056072366916	0	0	2	0.1	0.49067037787363	0.186037912401325	0.136821282702576	0.849754995946979	0.712933713244402	0	0	2	0.2	1.06373438542167	0.39186010139412	0.3336281874552	1.85815119186665	1.52452300441145	0	0	3	0.1	0.881493098587213	0.30024998686474	0.367107482758362	1.49457536419914	1.12746788144078	0	0	3	0.2	1.7794141994682	0.567858135478866	0.753693336920446	2.95976773797103	2.20607440105058
151	0	0	0	0.1	-0.0925149002971789	0.119520871704851	-0.34198691251676	0.128621559772951	0.470608472289711	0	0	0	0.2	-0.210775577140266	0.224363021945125	-0.683140849905497	0.221752008593677	0.904892858499174	0	0	1	0.1	-0.0544119982115839	0.125791085183523	-0.320224713852773	0.196007534951845	0.516232248804618	0	0	1	0.2	0.00129766907533914	0.269406024633185	-0.508957338989416	0.551657781068511	1.06061512005793	0	0	2	0.1	0.188676170680734	0.191182262317181	-0.105548699841026	0.654558343465923	0.760107043306949	0	0	2	0.2	0.443881790224404	0.394266683080978	-0.160091431541262	1.44032971189107	1.60042114343233	0	0	3	0.1	0.375919724163745	0.268945257277702	0.00388060930611825	1.1127621923912	1.10888158308508	0	0	3	0.2	0.764855981659043	0.494488785437982	0.036053209430151	2.06618129559132	2.03012808616117
240	0	0	0	0.1	0.214719417915869	0.0921709109737179	0.0506124965958261	0.412011835843835	0.361399339248009	0	0	0	0.2	0.615946178239216	0.288546809977208	0.174738688645526	1.29932401114011	1.12458532249458	0	0	1	0.1	0.619475594294879	0.217819537942158	0.270164340883506	1.10926464555347	0.839100304669966	0	0	1	0.2	1.60429148026317	0.553612844311434	0.69182650571307	2.80417797929454	2.11235147358147	0	0	2	0.1	1.24345138493864	0.371459739889998	0.612536162615941	2.04602124253351	1.43348507991757	0	0	2	0.2	2.39578336322732	0.655255931455751	1.23471595124071	3.77833024858336	2.54361429734265	0	0	3	0.1	1.65594349678969	0.498187476337777	0.814030380272444	2.77932348979268	1.96529310952024	0	0	3	0.2	2.91152339382977	0.793855476577152	1.55186244383513	4.70824097002209	3.15637852618696
213	0	0	0	0.1	0.140754199062541	0.0728857417539714	0.0104394473188186	0.296794936804804	0.286355489485985	0	0	0	0.2	0.370004721922214	0.170032336893456	0.0665105648910239	0.74356821514865	0.677057650257626	0	0	1	0.1	0.332913517232661	0.124199391649725	0.124340833531739	0.594571696617847	0.470230863086108	0	0	1	0.2	0.892726193285434	0.376475024097272	0.317670652313988	1.75975329755185	1.44208264523786	0	0	2	0.1	0.634273145486639	0.27382264790043	0.211059899204347	1.26624529704855	1.0551853978442	0	0	2	0.2	1.56765322362923	0.811278825423392	0.4039766934384	3.62011503166394	3.21613833822554	0	0	3	0.1	0.93001781401883	0.510449274447185	0.19551733706797	2.1771116972507	1.98159436018273	0	0	3	0.2	2.19864810686396	1.59316988042952	0.31437902993877	5.7320721312894	5.41769310135063
205	0	0	0	0.1	0.23748809086846	0.101629169414554	0.0385204730451409	0.442370542546269	0.403850069501128	0	0	0	0.2	0.356377548255202	0.22668596238914	-0.105731422333473	0.829198108165918	0.934929530499392	0	0	1	0.1	0.0848639641583815	0.127757687325113	-0.167194094245821	0.335941760336883	0.503135854582704	0	0	1	0.2	0.334797083308379	0.282187116287633	-0.227023416252632	0.939845011243909	1.16686842749654	0	0	2	0.1	0.395305740314354	0.172821396471946	0.0860661111699682	0.796754479722678	0.71068836855271	0	0	2	0.2	1.02354211863506	0.402404898335512	0.304050752460503	1.94298492997538	1.63893417751487	0	0	3	0.1	0.714164144873559	0.254103727609473	0.29526578297911	1.34166660290722	1.04640081992811	0	0	3	0.2	1.64621751264394	0.544622965627019	0.774079120666968	2.89711138518176	2.12303226451479
188	0	0	0	0.1	0.135442728126558	0.069113475045783	0.00816276373876235	0.276765824832863	0.268603061094101	0	0	0	0.2	0.380112281516529	0.190183132243426	0.0657272655057882	0.803543550537297	0.737816285031509	0	0	1	0.1	0.449698256732205	0.1815753550196	0.184220862732786	0.884014665259223	0.699793802526437	0	0	1	0.2	1.5909088543403	0.629829483881348	0.6626890141881	3.09755253661344	2.43486352242534	0	0	2	0.1	1.45674521619506	0.536500140042973	0.680054518903335	2.76570500044748	2.08565048154414	0	0	2	0.2	3.03137155637552	0.859182566354461	1.54309691078708	4.86356231838384	3.32046540759675	0	0	3	0.1	2.29050535244938	0.746338740515097	1.04394655113489	3.85188120781702	2.80793465668213	0	0	3	0.2	3.86958388335847	1.03635655532678	2.08510177852652	6.07413059853663	3.9890288200101
166	0	0	0	0.1	0.00957571158699625	0.0984857015532836	-0.19600786196831	0.19850683229357	0.394514694261881	0	0	0	0.2	0.0312284420114403	0.178997195639145	-0.320502127638597	0.384810954446951	0.705313082085548	0	0	1	0.1	0.158214942982428	0.10865067550744	-0.0417971585476333	0.371415053145331	0.413212211692964	0	0	1	0.2	0.359796257460712	0.232536643783775	-0.0724131828133584	0.834306840780098	0.906720023593457	0	0	2	0.1	0.439604615148442	0.169854466124324	0.160509833657169	0.812628741218185	0.652118907561016	0	0	2	0.2	0.919038251154945	0.345023834317664	0.324114148084507	1.61708887214749	1.29297472406298	0	0	3	0.1	0.745547621372042	0.272070941418329	0.293903976449712	1.34226208610632	1.04835810965661	0	0	3	0.2	1.44279126826053	0.503081308302022	0.614936209548523	2.54873597915846	1.93379976960993
236	0	0	0	0.1	0.11178992670005	0.0610977085808849	-0.00761101657676003	0.241224142976835	0.248835159553595	0	0	0	0.2	0.233583417511613	0.188508750648902	-0.120102475928363	0.639557062112363	0.759659538040726	0	0	1	0.1	0.108976897751381	0.160636512874731	-0.219068624129569	0.43457844640308	0.65364707053265	0	0	1	0.2	0.239616610051898	0.441991947663281	-0.61511485764437	1.14514078298819	1.76025564063256	0	0	2	0.1	0.285259485788916	0.279013539622619	-0.233734507290299	0.850238617824632	1.08397312511493	0	0	2	0.2	0.60730303507424	0.578272783791878	-0.456509310283447	1.77190115735602	2.22841046763947	0	0	3	0.1	0.48576392908739	0.382864470174417	-0.183224805380478	1.28634054066934	1.46956534604982	0	0	3	0.2	0.903444516929902	0.705130339661052	-0.340067169622028	2.36819044430703	2.70825761392905
183	0	0	0	0.1	0.0893241067675592	0.0711045018595672	-0.0410270076176432	0.233388447994336	0.274415455611979	0	0	0	0.2	0.183063130039908	0.176819825052881	-0.163123297151132	0.563852763514748	0.726976060665879	0	0	1	0.1	0.160804557556888	0.1368575519898	-0.071311602103928	0.446782851110956	0.518094453214884	0	0	1	0.2	0.680552462352367	0.507384259870896	-0.0399311533332038	1.86926529743906	1.90919645077226	0	0	2	0.1	0.828500464073891	0.390342685746715	0.276720035936222	1.75810247474409	1.48138243880787	0	0	2	0.2	1.91189256545632	0.665784156756459	0.795843675892366	3.28219686137825	2.48635318548589	0	0	3	0.1	1.43707018355436	0.503780725348931	0.61403624966241	2.51489504646781	1.9008587968054	0	0	3	0.2	2.6215326265884	0.732969513840803	1.31130457720368	4.11406814321319	2.80276356600952
222	0	0	0	0.1	-0.00636996844720179	0.0650645730343224	-0.146776149462455	0.110601437054293	0.257377586516748	0	0	0	0.2	0.0283335999767876	0.125971494828158	-0.230189413311195	0.273146879131393	0.503336292442588	0	0	1	0.1	0.241517664722831	0.103132142480369	0.0720809431808836	0.468533098963887	0.396452155783003	0	0	1	0.2	0.626406562028434	0.267140725543326	0.209969658505799	1.28480571155807	1.07483605305227	0	0	2	0.1	0.671098470288993	0.208318556143754	0.339111995982928	1.18779284490612	0.84868084892319	0	0	2	0.2	1.61049280570733	0.534289277020278	0.800068603025216	2.81361252758673	2.01354392456151	0	0	3	0.1	1.17278155859685	0.354226414811746	0.618091758522528	1.97752867327448	1.35943691475195	0	0	3	0.2	2.74921795014551	0.968775868324029	1.41938282911772	5.08203793776514	3.66265510864743
267	0	0	0	0.1	0.109250802204486	0.0820249176182912	-0.0501978282697072	0.29161344149537	0.341811269765078	0	0	0	0.2	0.276368075623086	0.208535645233581	-0.0958246169025465	0.717900905665235	0.813725522567782	0	0	1	0.1	0.309453113968363	0.189086762847156	0.033509726583131	0.742400621619607	0.708890895036476	0	0	1	0.2	1.15730921519774	0.639891164047554	0.276161964827336	2.72710511154593	2.4509431467186	0	0	2	0.1	1.2161657761262	0.547725138495026	0.475305127804687	2.57458195261495	2.09927682481026	0	0	2	0.2	2.55503948521704	0.838785630826528	1.25103188351833	4.35133039719631	3.10029851367797	0	0	3	0.1	2.06713987397083	0.684791968960959	1.00886270728286	3.50403941151254	2.49517670422967	0	0	3	0.2	3.59642191140377	0.933611291521522	2.0130970693052	5.55205494567761	3.53895787637241
207	0	0	0	0.1	-0.120715275813484	0.107921748997655	-0.357827885335282	0.0674198169495727	0.425247702284855	0	0	0	0.2	-0.244030955613287	0.186173432279634	-0.624942798601261	0.0940321986901723	0.718974997291434	0	0	1	0.1	-0.0208431383548107	0.107652217885899	-0.257620446534361	0.196035892312312	0.453656338846673	0	0	1	0.2	0.0168585650043232	0.226823107300224	-0.449403939001224	0.489760194775258	0.939164133776482	0	0	2	0.1	0.187226821592308	0.152822932059788	-0.0933866680282523	0.553376156688891	0.646762824717143	0	0	2	0.2	0.489645304249638	0.349273497137822	-0.0938812941735743	1.30256084300556	1.39644213717913	0	0	3	0.1	0.410531590905019	0.226104045033054	0.0419435701720506	0.955385868691584	0.913442298519533	0	0	3	0.2	0.934537632165774	0.500589633730006	0.140055515462575	2.13415337394427	1.99409785848169
277	0	0	0	0.1	0.218429256183929	0.0886399275728369	0.0642126501929637	0.397849426422693	0.333636776229729	0	0	0	0.2	0.596706679980783	0.276600606733318	0.151324579950963	1.21877526200653	1.06745068205557	0	0	1	0.1	0.547462941479461	0.217962040295778	0.195273144805271	1.05098672144606	0.855713576640793	0	0	1	0.2	1.61914383460399	0.588031561769543	0.668637858448849	2.91771443781206	2.24907657936321	0	0	2	0.1	1.43262164601928	0.488822019504796	0.71530811106363	2.62518492060443	1.9098768095408	0	0	2	0.2	2.85616048045012	0.822781763069911	1.51355539672503	4.75178009321809	3.23822469649306	0	0	3	0.1	2.14590823485492	0.66275991283083	1.06862453427817	3.66186373499808	2.59323920071991	0	0	3	0.2	3.73117667561562	1.01232850707251	2.03511206240975	5.90118167796661	3.86606961555687
192	0	0	0	0.1	0.211975354683617	0.0874183991132347	0.0648455137757865	0.41355016229644	0.348704648520654	0	0	0	0.2	0.419206123708559	0.234311393555321	0.0533215481593127	0.937334853153472	0.884013304994159	0	0	1	0.1	0.1239829715221	0.177331500168248	-0.185394358549224	0.513799102514883	0.699193461064107	0	0	1	0.2	0.464401808747112	0.499358471204185	-0.341852454925563	1.56923969534695	1.91109215027251	0	0	2	0.1	0.488250319948313	0.325608133386771	-0.0549156910588561	1.24087389287629	1.29578958393514	0	0	2	0.2	1.01167095620629	0.594429928353584	-0.0229349379939183	2.34268576540625	2.36562070340017	0	0	3	0.1	0.750098847116684	0.399616612252326	0.0534862673116893	1.6363224296708	1.58283616235911	0	0	3	0.2	1.31564580083825	0.717846588357676	0.0130709110161433	2.91390916572426	2.90083825470812
245	0	0	0	0.1	0.0232868949153318	0.0508840779729442	-0.0873028381058912	0.119552381756745	0.206855219862636	0	0	0	0.2	-0.0256793983731149	0.130843963059886	-0.31887699971579	0.202361645499223	0.521238645215013	0	0	1	0.1	-0.0631435446415421	0.199265892491757	-0.507641663138807	0.278876322875192	0.786517986013999	0	0	1	0.2	0.251768410588314	0.569045079265433	-0.750510212777736	1.56621822132026	2.31672843409799	0	0	2	0.1	0.766956816321737	0.44096309433521	0.0776401895565413	1.78194133130282	1.70430114174628	0	0	2	0.2	1.6498230787426	0.738701493625563	0.377873831067641	3.25829561536999	2.88042178430235	0	0	3	0.1	1.33991370713448	0.577310023822614	0.371061029353931	2.57439737120839	2.20333634185446	0	0	3	0.2	2.17808030191047	0.849497638793566	0.673489053895334	3.98271184534627	3.30922279145094
266	0	0	0	0.1	0.104625030766447	0.0733077071600028	-0.0468965867783521	0.249254314766395	0.296150901544747	0	0	0	0.2	0.18170804872193	0.16944880585564	-0.160199753442273	0.497388786484159	0.657588539926432	0	0	1	0.1	0.183354700942569	0.148728901427188	-0.102258089510279	0.485343726818268	0.587601816328548	0	0	1	0.2	0.484894327211778	0.421906137818844	-0.16825087367273	1.52967512117215	1.69792599484488	0	0	2	0.1	0.548997665628836	0.32418240946512	0.118809521032602	1.44338574126053	1.32457622022793	0	0	2	0.2	1.26934526872228	0.724536795407585	0.382337216638697	3.13861220076861	2.75627498412991	0	0	3	0.1	0.98025416482858	0.510492309594995	0.378678482519557	2.41022130224398	2.03154281972442	0	0	3	0.2	1.97672582367542	0.940580035395724	0.809572903558864	4.47042333891304	3.66085043535418
156	0	0	0	0.1	0.0964985386719386	0.0681511748645782	-0.0502879324206345	0.227986575824103	0.278274508244737	0	0	0	0.2	0.0377526254947827	0.189211393982881	-0.358454031168138	0.384881752489843	0.743335783657982	0	0	1	0.1	-0.0272524185953363	0.149261211764737	-0.344850578744858	0.236687844856876	0.581538423601734	0	0	1	0.2	0.0855859734034775	0.283542151306748	-0.500169758571606	0.59580538196943	1.09597514054104	0	0	2	0.1	0.321004193632006	0.161989613761058	-0.00431302682714945	0.640706845082772	0.645019871909922	0	0	2	0.2	0.759037327008208	0.313264058973352	0.145461496764775	1.36404163233251	1.21858013556774	0	0	3	0.1	0.596407957224017	0.191165760786879	0.261759523973165	1.01327667300947	0.751517149036306	0	0	3	0.2	1.19983296279612	0.355652173298681	0.564240564825964	1.98268203485476	1.4184414700288
181	0	0	0	0.1	0.0638636462139103	0.0926336844862767	-0.118172798178501	0.23504990545658	0.353222703635081	0	0	0	0.2	0.105874378789844	0.281664246664172	-0.448665261120366	0.708149475728834	1.1568147368492	0	0	1	0.1	0.0749916057684241	0.193933258431309	-0.31519332380914	0.471064892428324	0.786258216237464	0	0	1	0.2	0.427632138850765	0.410118264115708	-0.338940397905534	1.29383363772411	1.63277403562964	0	0	2	0.1	0.514036646100948	0.232518630221699	0.084020417369342	1.01897331986112	0.934952902491774	0	0	2	0.2	1.05759844440314	0.399436771137403	0.27171703819483	1.89705830449108	1.62534126629625	0	0	3	0.1	0.778132041576084	0.256227100702427	0.306345876556892	1.31523604158466	1.00889016502777	0	0	3	0.2	1.39625769131073	0.436301352148357	0.584332257462297	2.29864557998301	1.71431332252071
177	0	0	0	0.1	0.0346921872602208	0.115720917887691	-0.198879240068503	0.247957836083118	0.446837076151621	0	0	0	0.2	-0.0251357344959858	0.207821703003991	-0.454649078787942	0.369153447101253	0.823802525889195	0	0	1	0.1	0.0272718037026358	0.10092078471693	-0.178948843646352	0.22567702970384	0.404625873350192	0	0	1	0.2	0.154239095619425	0.216222494551593	-0.249429057927476	0.591052271702161	0.840481329629638	0	0	2	0.1	0.289428105297365	0.137376948637016	0.0699862011043305	0.573158574776869	0.503172373672538	0	0	2	0.2	0.674242532643047	0.302789613799417	0.191154818997341	1.31497661310327	1.12382179410593	0	0	3	0.1	0.50305226827314	0.199758803708153	0.191984514950615	0.941829905054899	0.749845390104284	0	0	3	0.2	1.07390950747179	0.414221082130516	0.415530156521723	2.03539112150914	1.61986096498741
180	0	0	0	0.1	0.037207271620543	0.100132018363894	-0.176050211101915	0.221495510323032	0.397545721424947	0	0	0	0.2	0.025128136773815	0.200019048439511	-0.387574630181948	0.392109741204194	0.779684371386142	0	0	1	0.1	0.0575706686140252	0.123677615200741	-0.189932393887289	0.280891078050987	0.470823471938276	0	0	1	0.2	0.190863304583712	0.289125448707709	-0.346582783697184	0.771049464725966	1.11763224842315	0	0	2	0.1	0.290219225382216	0.217961917537311	-0.0492237693292167	0.804958085762795	0.854181855092012	0	0	2	0.2	0.726668584689955	0.513784468486858	-0.0361349242554174	1.97003210272006	2.00616702697548	0	0	3	0.1	0.573826312313886	0.361107855321449	0.0651656993461311	1.47453166014548	1.40936596079935	0	0	3	0.2	1.26185847068037	0.734635279378415	0.164016707045429	3.13357488855487	2.96955818150944
148	0	0	0	0.1	0.14766480037531	0.067609663112486	0.0334007092984141	0.294728582769249	0.261327873470835	0	0	0	0.2	0.356470152876559	0.219516574872346	-0.0433630975545244	0.836918936228637	0.880282033783161	0	0	1	0.1	0.17766145874872	0.201717818163381	-0.204697208370736	0.598899629993084	0.80359683836382	0	0	1	0.2	0.534757786515251	0.46195136137805	-0.286483370285223	1.57793629591288	1.86441966619811	0	0	2	0.1	0.459579767208989	0.281044397001531	-0.0134862958963305	1.11630816876913	1.12979446466546	0	0	2	0.2	0.961846523322029	0.517015599727751	0.0576697619348387	2.1010824261824	2.04341266424756	0	0	3	0.1	0.617877934074733	0.295438691824585	0.122694242330979	1.26976595736732	1.14707171503634	0	0	3	0.2	1.19043646109774	0.526981921144508	0.268892005809044	2.3807069111106	2.11181490530156
179	0	0	0	0.1	0.218627337675939	0.0929341225551042	0.0493122437118577	0.411238524766621	0.361926281054763	0	0	0	0.2	0.430502736337619	0.197548800916961	0.0726091803139298	0.845237080541516	0.772627900227586	0	0	1	0.1	0.260736450152261	0.111895282584459	0.0572181569109118	0.483652624882323	0.426434467971411	0	0	1	0.2	0.655376367058275	0.284053958722833	0.181950975004442	1.23682979040219	1.05487881539775	0	0	2	0.1	0.537916598034363	0.202198205310158	0.227000938172456	0.989659440202195	0.762658502029739	0	0	2	0.2	1.29051537097339	0.527187403057264	0.526510282067356	2.51790888646118	1.99139860439383	0	0	3	0.1	0.869441468532365	0.364668365694523	0.359017408897592	1.80268090419071	1.44366349529312	0	0	3	0.2	1.93819904871806	0.816735842934591	0.794577904041046	3.89422912281567	3.09965121877462
201	0	0	0	0.1	-0.0470252152608766	0.0817283984533063	-0.228075212612834	0.100739568301065	0.328814780913899	0	0	0	0.2	-0.10417958811168	0.190863362479144	-0.497605094693844	0.246512813972281	0.744117908666125	0	0	1	0.1	0.0677471824108785	0.134089289415102	-0.17616905423744	0.360006447274475	0.536175501511914	0	0	1	0.2	0.520042512510575	0.473201602687164	-0.159179204982951	1.73057720509194	1.88975641007489	0	0	2	0.1	0.782768796591654	0.375662213310787	0.258218216906969	1.70535423190921	1.44713601500224	0	0	2	0.2	2.01400000285316	0.724857499633518	0.807130351077408	3.58891477013707	2.78178441905966	0	0	3	0.1	1.56470084113257	0.553131290599898	0.716425609504243	2.87104992355671	2.15462431405247	0	0	3	0.2	2.98987927038956	0.832704804956664	1.51686805911489	4.77672443652926	3.25985637741436
235	0	0	0	0.1	0.176791098038753	0.0644972702489299	0.0638536685620046	0.321850209753292	0.257996541191287	0	0	0	0.2	0.393405406314543	0.21460546835419	0.0836494722622284	0.892547181859409	0.808897709597181	0	0	1	0.1	0.344448258620911	0.324012707046117	-0.234867498007429	1.1834331910238	1.41830068903123	0	0	1	0.2	1.20210880081947	0.847243211086361	-0.320613152313186	3.00828893314145	3.32890208545464	0	0	2	0.1	1.09855167617077	0.587892974032583	0.0899403512428341	2.32578961409342	2.23584926285059	0	0	2	0.2	2.2313036399014	0.971414951055657	0.419903728385139	4.278267648203	3.85836391981786	0	0	3	0.1	1.64474594712249	0.696685820580965	0.452685095251769	3.1215383295514	2.66885323429963	0	0	3	0.2	2.90850690387435	1.06845060368285	0.950328022233911	5.21530303315965	4.26497501092573
191	0	0	0	0.1	0.151931296328042	0.0719213018431464	0.0194306499091205	0.294005163084581	0.274574513175461	0	0	0	0.2	0.304529208780242	0.156585450753551	0.0441235441681944	0.635738032109248	0.591614487941054	0	0	1	0.1	0.197183813227667	0.157771368545057	-0.0621333866218669	0.611125491245627	0.673258877867494	0	0	1	0.2	0.680673478009409	0.605761264889756	-0.205636079691266	2.32901417987441	2.53465025956567	0	0	2	0.1	0.537874602500823	0.382532119268075	-0.0805559741091665	1.45729108903172	1.53784706314088	0	0	2	0.2	1.51049622914077	0.939814968578011	-0.162813148322981	3.46251923501945	3.62533238334243	0	0	3	0.1	0.846619934074809	0.521646624080851	-0.123573877905112	1.96300168034488	2.08657555825	0	0	3	0.2	1.81469410241582	1.09075275802395	-0.232487400809659	4.11847445027875	4.35096185108841
228	0	0	0	0.1	-0.199694658231525	0.124870457262918	-0.45351930805605	0.0256433362596314	0.479162644315681	0	0	0	0.2	-0.338816179124123	0.245527840525328	-0.831598185846961	0.120370990988753	0.951969176835714	0	0	1	0.1	0.00290641512747431	0.156818083139243	-0.317088051366341	0.291604432794614	0.608692484160956	0	0	1	0.2	0.306970227251555	0.383167269183018	-0.410155789847225	1.11745610440685	1.52761189425408	0	0	2	0.1	0.452169902938235	0.261978228330158	-0.035767106638188	1.03555708757599	1.07132419421418	0	0	2	0.2	1.20076640561173	0.596265176414082	0.0996150754124474	2.495312836754	2.39569776134156	0	0	3	0.1	0.811362812590581	0.366645459415851	0.157754037368068	1.65953474240938	1.50178070504131	0	0	3	0.2	1.79217054331037	0.758028140135567	0.396325226917037	3.51703325578733	3.12070802887029
259	0	0	0	0.1	0.107960196655777	0.122319021441287	-0.129867376723813	0.354837483888622	0.484704860612435	0	0	0	0.2	0.188088196074879	0.242889262942891	-0.267104676412024	0.698986426555648	0.966091102967672	0	0	1	0.1	0.156491209459261	0.117684320759124	-0.072715526884769	0.403058392255037	0.475773919139806	0	0	1	0.2	0.385114308923897	0.220010628400008	-0.00632716020796228	0.821003197184985	0.827330357392948	0	0	2	0.1	0.382384180320232	0.135549926778422	0.143549461233393	0.682954397553953	0.53940493632056	0	0	2	0.2	0.748894810022733	0.263718937665772	0.282791103511348	1.30023740326976	1.01744629975842	0	0	3	0.1	0.521184466332595	0.18053386662641	0.208909077752598	0.902146939127963	0.693237861375365	0	0	3	0.2	0.989157954318122	0.351298968232066	0.385021437668084	1.71787141252934	1.33284997486126
274	0	0	0	0.1	0.144818577480041	0.0828256002682165	-2.0134170167323e-05	0.318949857524845	0.318969991695012	0	0	0	0.2	0.28494145522121	0.203222439622439	-0.0857535463665818	0.707371313291077	0.793124859657659	0	0	1	0.1	0.177903684593247	0.126053292450225	-0.0657116864512454	0.410245635845399	0.475957322296645	0	0	1	0.2	0.544377906452383	0.293843684859708	0.0396758309253847	1.2157303080855	1.17605447716012	0	0	2	0.1	0.529013281241186	0.193736475883241	0.220337473589267	0.981271387570431	0.760933913981164	0	0	2	0.2	1.17194394014915	0.402855603948498	0.512196945793731	2.12941761594416	1.61722067015043	0	0	3	0.1	0.80051894050298	0.264209378746566	0.386055910226796	1.4311270069142	1.04507109668741	0	0	3	0.2	1.62812172330267	0.525136301231481	0.791405936744378	2.83169624562696	2.04029030888259
220	0	0	0	0.1	0.0673601972935587	0.0655736005012771	-0.0524708090200612	0.200968154412387	0.253438963432448	0	0	0	0.2	0.260124472909337	0.188146196765268	-0.0440387912460124	0.662651191642296	0.706689982888308	0	0	1	0.1	0.4645250509714	0.215892736670953	0.142525434137108	0.946759282203428	0.80423384806632	0	0	1	0.2	1.36287349360691	0.634296788050137	0.46552101302521	2.88948475231639	2.42396373929118	0	0	2	0.1	1.00457686914726	0.382413314347343	0.45812904370945	1.96937083617426	1.51124179246481	0	0	2	0.2	2.08565580003031	0.734062869896287	0.947715566836576	3.80875865998676	2.86104309315018	0	0	3	0.1	1.30223568313596	0.47119944151555	0.571582695330529	2.39417244262919	1.82258974729866	0	0	3	0.2	2.41123737053461	0.859884545090838	1.03938342776875	4.33343668304322	3.29405325527447
200	0	0	0	0.1	0.177420204422887	0.0678945752807788	0.0515877755414039	0.319973257082934	0.26838548154153	0	0	0	0.2	0.39713807558721	0.153873025015338	0.118436912491439	0.740949289543953	0.622512377052514	0	0	1	0.1	0.359378970886935	0.12967732446681	0.127926650605241	0.657214001013025	0.529287350407784	0	0	1	0.2	0.957176059826538	0.390154303554982	0.348045106785532	1.84617642584823	1.4981313190627	0	0	2	0.1	0.848398614422222	0.337893041940486	0.332173112054621	1.59338473489425	1.26121162283962	0	0	2	0.2	1.95678896488326	0.739601974015448	0.820980894178091	3.66179334630462	2.84081245212653	0	0	3	0.1	1.36199525613078	0.557239517528095	0.551669602559481	2.67105020534891	2.11938060278943	0	0	3	0.2	2.7932475885815	1.04753549892421	1.15256128593254	5.26404579936294	4.1114845134304
276	0	0	0	0.1	0.1010404593065	0.0668150334104418	-0.0297059269305619	0.240293958073072	0.269999885003634	0	0	0	0.2	0.170401435477687	0.128962904661561	-0.0828111857486434	0.419177564361414	0.501988750110058	0	0	1	0.1	0.149793518567128	0.124238002370989	-0.0865281849699772	0.408349740828539	0.494877925798517	0	0	1	0.2	0.478248234253642	0.37004293461223	-0.181618901144159	1.25765890961703	1.43927781076119	0	0	2	0.1	0.462683420534877	0.262750919329871	-0.00148769241477389	1.06274723001724	1.06423492243202	0	0	2	0.2	1.44725068395249	0.782420448102999	0.0335527513796222	3.18692207461163	3.15336932323201	0	0	3	0.1	0.933639784038933	0.469236385766835	0.1232989031091	1.95258018031158	1.82928127720248	0	0	3	0.2	2.40575145066738	1.11453915604923	0.402424555973255	4.73241411329047	4.32998955731721
135	0	0	0	0.1	0.179846917679273	0.0870990763086904	0.0307049617575124	0.373979022213718	0.343274060456205	0	0	0	0.2	0.590043665247258	0.29224476123607	0.179789839200563	1.28247331628641	1.10268347708585	0	0	1	0.1	0.753775521420262	0.2996075515091	0.27853275141	1.45865496389656	1.18012221248656	0	0	1	0.2	1.93198117520544	0.593265240026745	0.802538820870078	3.11379011235309	2.31125129148301	0	0	2	0.1	1.45253134149117	0.438920357074886	0.725653302758736	2.37853321050067	1.65287990774193	0	0	2	0.2	2.52395902689157	0.638082789753507	1.35465179990798	3.77383026483997	2.419178464932	0	0	3	0.1	1.71406062758927	0.500325249066382	0.846905121844431	2.78617084276814	1.9392657209237	0	0	3	0.2	2.83678552398558	0.724614689640492	1.53412012156537	4.32637853712181	2.79225841555645
215	0	0	0	0.1	0.294920645687504	0.157275183522562	0.0178721676858171	0.632709316478805	0.614837148792988	0	0	0	0.2	0.730702853444123	0.371768447641704	0.105029673782512	1.52748778402214	1.42245811023963	0	0	1	0.1	0.435359576875466	0.235565605394694	0.0505758902763927	0.958094146094263	0.90751825581787	0	0	1	0.2	1.06358101046813	0.549998143181626	0.197987563636861	2.33091312947919	2.13292556584233	0	0	2	0.1	0.737773549754944	0.342043802189191	0.196228481710761	1.58266943927018	1.38644095755942	0	0	2	0.2	1.52618850145141	0.632283512701148	0.489785044715263	3.04169649239458	2.55191144767931	0	0	3	0.1	0.954749133272806	0.396879953836299	0.34514047840165	1.947499142751	1.60235866434935	0	0	3	0.2	1.8325989777496	0.689478832961305	0.689134573843556	3.42148246116441	2.73234788732086
314	0	0	0	0.1	0.0956869552790605	0.0846081627133665	-0.079070671630778	0.254158169498481	0.333228841129259	0	0	0	0.2	0.221315989403922	0.187590267395052	-0.157718200616879	0.601464771343236	0.759182971960115	0	0	1	0.1	0.214848328359132	0.118898002928373	-0.000884419243895034	0.496113120728762	0.496997539972657	0	0	1	0.2	0.555468775250688	0.30255507399673	0.0586613011853337	1.29974440501105	1.24108310382571	0	0	2	0.1	0.484914292248583	0.206536768503269	0.158831878710327	1.01557156008317	0.856739681372846	0	0	2	0.2	1.02499204202913	0.420808917165096	0.357648168561104	2.07728758747151	1.71963941891041	0	0	3	0.1	0.693633790801106	0.286927104844651	0.257976961218396	1.38302075338662	1.12504379216822	0	0	3	0.2	1.34800286925999	0.526332740131103	0.520547501004716	2.57296090591304	2.05241340490832
229	0	0	0	0.1	0.118872963778039	0.050524017990691	0.0269248057455021	0.217172637148987	0.190247831403485	0	0	0	0.2	0.229946572395484	0.09512996808789	0.0618608459665438	0.416395508872283	0.354534662905739	0	0	1	0.1	0.113906979054518	0.0616341942218787	-0.00483605260211496	0.2400796721863	0.244915724788415	0	0	1	0.2	0.203566702332068	0.133812747411031	-0.0646862101865953	0.469271805446189	0.533958015632784	0	0	2	0.1	0.114194312509465	0.0906779957254133	-0.0681634204766937	0.288292712027937	0.356456132504631	0	0	2	0.2	0.223950152152561	0.196756935531296	-0.16764529130637	0.599331984751512	0.766977276057882	0	0	3	0.1	0.17292566928294	0.130459107366197	-0.083653032006902	0.444478926626155	0.528131958633057	0	0	3	0.2	0.359025495967041	0.268466388219086	-0.148714479900403	0.923869286068033	1.07258376596844
212	0	0	0	0.1	0.0668283369957842	0.0493078672625902	-0.0302311428264329	0.159882406062478	0.19011354888891	0	0	0	0.2	0.0902763872271805	0.135713705328589	-0.194807092139324	0.340147749754151	0.534954841893475	0	0	1	0.1	0.0226527546189817	0.12720867674577	-0.253108842294987	0.263980531565342	0.517089373860329	0	0	1	0.2	0.0517191952727625	0.316172884613265	-0.582889636437343	0.735980901041777	1.31887053747912	0	0	2	0.1	0.184725677737303	0.19419920603409	-0.192358844568119	0.586827175360292	0.77918601992841	0	0	2	0.2	0.473133130932741	0.402898269042756	-0.285225526066393	1.30490818539978	1.59013371146617	0	0	3	0.1	0.409543126962228	0.257557251448384	-0.0602887536861479	0.943857018988525	1.00414577267467	0	0	3	0.2	0.824688685604748	0.493530851570607	-0.0850714732105006	1.8378614558553	1.9229329290658
271	0	0	0	0.1	-0.011788791787616	0.0705326150406295	-0.162620915314065	0.124618943736108	0.287239859050173	0	0	0	0.2	0.0199929166553043	0.158014445679633	-0.280520177269559	0.334288373410114	0.614808550679673	0	0	1	0.1	0.0934071549301472	0.0966332078154603	-0.0949744132245233	0.294567839953482	0.389542253178006	0	0	1	0.2	0.32236517561771	0.255584932814095	-0.130571317629534	0.89129236030936	1.02186367793889	0	0	2	0.1	0.362669802111979	0.181222743067694	0.102389835838159	0.797135126576482	0.694745290738323	0	0	2	0.2	0.888451626556957	0.414434922792687	0.287996957588868	1.90529820495651	1.61730124736764	0	0	3	0.1	0.63955046416427	0.277146342357218	0.241871323672193	1.34272528972836	1.10085396605617	0	0	3	0.2	1.30974416584029	0.51657791239014	0.52452144824187	2.5039166862047	1.97939523796283
253	0	0	0	0.1	0.123720400438882	0.0554425136908708	0.0224319175242355	0.228702891456642	0.206270973932406	0	0	0	0.2	0.187200258754982	0.108776684241399	-0.0253527959263698	0.407696671111533	0.433049467037903	0	0	1	0.1	0.0786160896924699	0.111939826562947	-0.16129307705444	0.30119624697157	0.46248932402601	0	0	1	0.2	0.233324325414099	0.273219545756312	-0.302686270922855	0.828377448245887	1.13106371916874	0	0	2	0.1	0.255318733852399	0.215417463096538	-0.15942824361254	0.730302095786583	0.889730339399123	0	0	2	0.2	0.555808777419579	0.43143119483332	-0.275589812907712	1.50711584834611	1.78270566125383	0	0	3	0.1	0.402610264162782	0.287495625123859	-0.142568004593888	1.01194395045142	1.15451195504531	0	0	3	0.2	0.811590015336078	0.555478351599388	-0.271496935447652	1.99232747404583	2.26382440949348
332	0	0	0	0.1	-0.0884643352351236	0.123160205069886	-0.350710041658721	0.13652315769692	0.487233199355641	0	0	0	0.2	-0.154678184664772	0.259610142517068	-0.690534304831584	0.347174163147652	1.03770846797924	0	0	1	0.1	0.0832801698841957	0.180101371152219	-0.277543913399214	0.446775478019643	0.724319391418857	0	0	1	0.2	0.515604648017978	0.463810515376603	-0.259165323766347	1.53770588610069	1.79687120986704	0	0	2	0.1	0.715772108615771	0.308095556176827	0.229759698815943	1.38616526125553	1.15640556243959	0	0	2	0.2	1.65933481123136	0.56562582046429	0.713007763063056	2.84579399995659	2.13278623689354	0	0	3	0.1	1.31720122316739	0.422469001349806	0.658975460787596	2.21037410829448	1.55139864750688	0	0	3	0.2	2.43938211389814	0.657786730515866	1.32100234431887	3.92612707201056	2.60512472769169
273	0	0	0	0.1	0.134007167132874	0.10551837668712	-0.0647720930642819	0.341572582693976	0.406344675758258	0	0	0	0.2	0.348861600357686	0.277368939818704	-0.134044590489807	0.983462659455568	1.11750724994537	0	0	1	0.1	0.263273411595866	0.156348154694976	0.0052577040320548	0.606129289890958	0.600871585858903	0	0	1	0.2	0.698513671503612	0.382240717170665	0.0894896847218109	1.59471501873915	1.50522533401734	0	0	2	0.1	0.573180510975448	0.237786233737318	0.200578111489304	1.09515261737196	0.894574505882659	0	0	2	0.2	1.27609880876536	0.52627728223864	0.453201599068714	2.43715664634511	1.9839550472764	0	0	3	0.1	0.862551353420204	0.334858844475067	0.336941396964183	1.62345495999206	1.28651356302787	0	0	3	0.2	1.75799634142482	0.683154947626193	0.685277908914042	3.34262066886253	2.65734275994849
178	0	0	0	0.1	0.0664128515320648	0.0891062910498726	-0.113477161410876	0.238000839694029	0.351478001104905	0	0	0	0.2	0.0973491774574224	0.197904719047983	-0.274007712012897	0.506943150423917	0.780950862436814	0	0	1	0.1	0.131437567512879	0.116476728472103	-0.0833005953293541	0.370154593202085	0.453455188531439	0	0	1	0.2	0.378743677590511	0.265422573537797	-0.105131799357577	0.949304319329385	1.05443611868696	0	0	2	0.1	0.396610810460876	0.167861227159554	0.0952653123758996	0.742969100144061	0.647703787768162	0	0	2	0.2	0.867900549721934	0.360757315898315	0.232156490829616	1.70719904882767	1.47504255799806	0	0	3	0.1	0.547261602184679	0.206223881138597	0.189884816158503	1.02549740668146	0.835612590522958	0	0	3	0.2	1.11143338202994	0.433613873244921	0.404762333989819	2.15797849710503	1.75321616311521
324	0	0	0	0.1	0.0942380566151256	0.059691372281512	-0.0170176636409129	0.216118595904551	0.233136259545464	0	0	0	0.2	0.128663232297535	0.176350526316726	-0.248455708280058	0.473554987308647	0.722010695588705	0	0	1	0.1	-0.0163828750732934	0.202149658570258	-0.454488504529791	0.347026915151833	0.801515419681624	0	0	1	0.2	0.286082300298397	0.54852138947487	-0.686654436490731	1.59264150884042	2.27929594533115	0	0	2	0.1	0.562376827131155	0.4003249613545	-0.0237042673323656	1.54163423058035	1.56533849791271	0	0	2	0.2	1.46420128720527	0.763540624170709	0.278638015864068	3.28534131273798	3.00670329687391	0	0	3	0.1	1.23023537137062	0.592455669916939	0.377542824266921	2.74502642936928	2.36748360510236	0	0	3	0.2	2.42692067121913	0.917451462306741	0.947503884429154	4.49161300569316	3.54410912126401
275	0	0	0	0.1	0.0982633636296858	0.0973127353131174	-0.0841207316275412	0.286379906184747	0.370500637812288	0	0	0	0.2	0.179785536718233	0.201231763876913	-0.202333221596294	0.603543376594067	0.805876598190361	0	0	1	0.1	0.164965069770374	0.107614530094371	-0.0242979979203137	0.402257466430476	0.426555464350789	0	0	1	0.2	0.430239669555104	0.228788783370412	0.0187198761104208	0.934813863031876	0.916093986921455	0	0	2	0.1	0.442842958573561	0.162772322462421	0.172642247631442	0.81763682557769	0.644994577946248	0	0	2	0.2	0.955749288373404	0.343505124150683	0.410458080885949	1.71533647068988	1.30487838980394	0	0	3	0.1	0.682659591770364	0.24282913569916	0.315513009797683	1.27318619477871	0.957673184981029	0	0	3	0.2	1.3803292089502	0.479599306081163	0.643195585946461	2.49574750577829	1.85255191983183
327	0	0	0	0.1	0.058530339776114	0.0741284378688633	-0.0875732728088785	0.216688492594373	0.304261765403252	0	0	0	0.2	0.122642430037794	0.170394720406194	-0.213716929978706	0.474133342052138	0.687850272030844	0	0	1	0.1	0.144636418327893	0.107322097016037	-0.0680010391218641	0.373701255935099	0.441702295056963	0	0	1	0.2	0.407516731983977	0.283427801586369	-0.104149053480082	1.00554240596705	1.10969145944713	0	0	2	0.1	0.447049853960521	0.225891514233335	0.052988623196973	0.935602635957497	0.882614012760524	0	0	2	0.2	0.924759641348541	0.457871091816905	0.118175228057988	1.88840223776314	1.77022700970515	0	0	3	0.1	0.711639043250665	0.346157506975836	0.10660991415426	1.47833313196764	1.37172321781338	0	0	3	0.2	1.26652580723599	0.593155345864178	0.160656929332989	2.53922923664809	2.3785723073151
315	0	0	0	0.1	0.109061045720009	0.107344211463038	-0.1011930651184	0.316408316895986	0.417601382014386	0	0	0	0.2	0.273763729805485	0.286754436071889	-0.248276450115858	0.889348026558633	1.13762447667449	0	0	1	0.1	0.336555863633726	0.202250217151324	-0.0230123303343544	0.767840811451467	0.790853141785821	0	0	1	0.2	1.07029220352195	0.514986772435829	0.225121333705415	2.21094104513961	1.98581971143419	0	0	2	0.1	1.0701226973362	0.369941921278829	0.459622305235535	1.92971675165213	1.47009444641659	0	0	2	0.2	2.14768969663572	0.614485993358597	1.07135655054586	3.47983629225891	2.40847974171305	0	0	3	0.1	1.65982124419045	0.488469009270054	0.857064696222591	2.72977868081227	1.87271398458968	0	0	3	0.2	2.85244173573092	0.74038140733275	1.53756515171156	4.36892938656864	2.83136423485708
242	0	0	0	0.1	0.0790134247428931	0.0660685877095935	-0.0654448334110384	0.206430751744454	0.271875585155492	0	0	0	0.2	0.124182301727486	0.15265852434818	-0.202555459588603	0.434075256268598	0.636630715857201	0	0	1	0.1	0.121079544629643	0.0991968611490004	-0.0778244135899609	0.327742079616931	0.405566493206892	0	0	1	0.2	0.386325104257855	0.235422041787631	-0.0675869857950154	0.868770294122429	0.936357279917445	0	0	2	0.1	0.557880253041584	0.192587949024421	0.236318944753541	1.00599403054354	0.769675085789998	0	0	2	0.2	1.27856638272006	0.407218572672946	0.571709989695935	2.1731592634988	1.60144927380286	0	0	3	0.1	1.04425521826096	0.337355897287682	0.50660250756869	1.86964544207858	1.36304293450989	0	0	3	0.2	2.03122104426543	0.589149609488238	1.02344911108847	3.33809540018885	2.31464628910038
243	0	0	0	0.1	0.0778909076480209	0.0986500613287063	-0.122407237625552	0.26210841871212	0.384515656337672	0	0	0	0.2	0.117734824366079	0.213901459320463	-0.323367440095613	0.513209582309529	0.836577022405142	0	0	1	0.1	0.122289139048053	0.133358397069288	-0.182252067088431	0.356157662954183	0.538409730042614	0	0	1	0.2	0.297697062490637	0.325340225562993	-0.381477660255313	0.923079225954166	1.30455688620948	0	0	2	0.1	0.375199671265309	0.245398368562953	-0.112626297246839	0.898607858193906	1.01123415544074	0	0	2	0.2	0.916624073097267	0.614202463569686	-0.16987311721177	2.31785126487529	2.48772438208706	0	0	3	0.1	0.700173985426936	0.43694816408593	-0.00641036392967548	1.71608606347732	1.722496427407	0	0	3	0.2	1.56000773047679	1.05330243820212	-0.122884187371768	3.92855334152921	4.05143752890098
239	0	0	0	0.1	0.207416574612958	0.101611767917455	0.0340567884316813	0.42038219013277	0.386325401701089	0	0	0	0.2	0.490109583696636	0.265521398647023	0.0344081934334974	1.0710443436719	1.0366361502384	0	0	1	0.1	0.317944145781894	0.359467406862397	-0.291157959537572	1.17653392839382	1.46769188793139	0	0	1	0.2	1.09269361403179	0.965533073346988	-0.38016932061767	3.2197885978187	3.59995791843637	0	0	2	0.1	1.04470756064676	0.657675277174664	0.0542228175786261	2.54103798516614	2.48681516758751	0	0	2	0.2	2.28975732130025	1.09969664364696	0.520858686925264	4.74887731188292	4.22801862495765	0	0	3	0.1	1.79124269019321	0.804344213404412	0.557856661817823	3.69923342748903	3.1413767656712	0	0	3	0.2	3.22660149258399	1.25769685504947	1.32558782109735	6.09674675684366	4.77115893574631
331	0	0	0	0.1	0.152824638268377	0.106179894430122	-0.0357809612445733	0.372491909110027	0.4082728703546	0	0	0	0.2	0.308691096360198	0.179206485869768	-0.00874925104875165	0.689289479228838	0.69803873027759	0	0	1	0.1	0.217359214889042	0.0801095648653204	0.0625006673937293	0.377858721230139	0.31535805383641	0	0	1	0.2	0.530402263193301	0.187025959766791	0.205807205137616	0.928436314163406	0.722629109025789	0	0	2	0.1	0.485803958246027	0.152045613426073	0.217818188542329	0.832481218111163	0.614663029568834	0	0	2	0.2	1.17888854405755	0.39581596976025	0.559084587720621	2.06430943734417	1.50522484962355	0	0	3	0.1	0.879948537388421	0.307993932055148	0.43169926438349	1.59815208333636	1.16645281895287	0	0	3	0.2	2.07965185785634	0.74928141539634	0.999958012129376	3.88779716286973	2.88783915074036
262	0	0	0	0.1	-0.00625603661029903	0.0776750512651556	-0.161680051588878	0.138623423156611	0.300303474745489	0	0	0	0.2	0.0672043648348226	0.154378779807066	-0.226760702938402	0.381968685450226	0.608729388388628	0	0	1	0.1	0.323597304194459	0.173732710385547	0.035376508376787	0.734843610882635	0.699467102505848	0	0	1	0.2	0.989741035768307	0.538099832011764	0.191419327238559	2.31012412460152	2.11870479736296	0	0	2	0.1	0.591023240990849	0.300394227265277	0.113802942319306	1.23669968609545	1.12289674377614	0	0	2	0.2	1.28009661156128	0.684558645980824	0.0383480982085675	2.75309282135305	2.71474472314448	0	0	3	0.1	0.51616908674882	0.360498426252221	-0.186130692591476	1.24335188742913	1.4294825800206	0	0	3	0.2	0.924854676351539	0.801094664247981	-0.748088857242893	2.49620874332793	3.24429760057082
260	0	0	0	0.1	0.100876918288474	0.0846575686645708	-0.0562423397154224	0.267771559170928	0.324013898886351	0	0	0	0.2	0.183762668582786	0.194756968360318	-0.167526207210457	0.586673377794627	0.754199585005084	0	0	1	0.1	0.153390412488213	0.121536617984006	-0.083806012627911	0.398019193983386	0.481825206611297	0	0	1	0.2	0.411558816958915	0.278077088367432	-0.111022934005447	0.98820669260388	1.09922962660933	0	0	2	0.1	0.466944797371611	0.194391414396966	0.122147094622422	0.864462435949421	0.742315341326999	0	0	2	0.2	1.0171389276085	0.406179171354422	0.287213828860573	1.87979978266269	1.59258595380212	0	0	3	0.1	0.747991578956783	0.284405239258863	0.26196597417601	1.32079271699148	1.05882674281547	0	0	3	0.2	1.4648886672427	0.54120129032071	0.542303127893577	2.58424118114262	2.04193805324904
325	0	0	0	0.1	0.133229359817484	0.0605881087899249	0.0191157351321139	0.260662112824167	0.241546377692053	0	0	0	0.2	0.324767315414994	0.143066598997118	0.0802029874272259	0.628211145162714	0.548008157735488	0	0	1	0.1	0.370780578375602	0.134177110101905	0.143436015805977	0.656373010251723	0.512936994445747	0	0	1	0.2	1.07257967118734	0.44439542970481	0.372319909282973	2.09103948292161	1.71871957363864	0	0	2	0.1	0.973071508610226	0.339980805881792	0.394121454545791	1.74849183181531	1.35437037726952	0	0	2	0.2	2.19304323441108	0.672560636726506	0.96510146382299	3.54687499349146	2.58177352966847	0	0	3	0.1	1.69041773926003	0.525737119453954	0.785749809353357	2.87488107226831	2.08913126291495	0	0	3	0.2	3.06321403649634	0.792689591724157	1.59916322072156	4.68355517596945	3.0843919552479
255	0	0	0	0.1	0.168829313053672	0.0533966966513435	0.0648927497487372	0.282242251512415	0.217349501763677	0	0	0	0.2	0.353734136515038	0.110185000198596	0.157484811899825	0.609237718805494	0.45175290690567	0	0	1	0.1	0.2801856031327	0.09049164420995	0.129711670867084	0.470431161125488	0.340719490258403	0	0	1	0.2	0.627710021689377	0.198348466716385	0.286697107392382	1.02635422757955	0.739657120187167	0	0	2	0.1	0.609053152086429	0.183781334351551	0.263085863277259	0.980605846468762	0.717519983191503	0	0	2	0.2	1.09589568057883	0.327969103069643	0.473663238344961	1.78372897902756	1.3100657406826	0	0	3	0.1	0.842275037098251	0.245333280253334	0.349558757169414	1.33243104948773	0.982872292318317	0	0	3	0.2	1.44070128319561	0.445287144040186	0.599432640470099	2.40826497431889	1.80883233384879
249	0	0	0	0.1	0.424224143407368	0.181432105447328	0.0863461438026231	0.81212576509513	0.725779621292507	0	0	0	0.2	0.746048710127549	0.427138561234526	-0.0566143127302663	1.61408281484333	1.6706971275736	0	0	1	0.1	0.159775061676398	0.21288125711328	-0.266080315934615	0.588678088816262	0.854758404750877	0	0	1	0.2	0.561609744017428	0.422498864605576	-0.25205144577164	1.43956263236481	1.69161407813645	0	0	2	0.1	0.52539140631291	0.218113602304117	0.146807843589957	0.991135255757072	0.844327412167115	0	0	2	0.2	1.15110153134169	0.395338431858207	0.422364379203834	1.9679625983409	1.54559821913707	0	0	3	0.1	0.79505812206584	0.253770454418802	0.341538713055406	1.37231517006354	1.03077645700813	0	0	3	0.2	1.50411297061146	0.43573280827537	0.700399925243369	2.41531106209071	1.71491113684734
261	0	0	0	0.1	0.272202720462579	0.106701136117478	0.0852825730942467	0.49987541766747	0.414592844573223	0	0	0	0.2	0.62314295081838	0.252718191096705	0.186313295086747	1.14808586213561	0.961772567048861	0	0	1	0.1	0.410481245353856	0.165991916835459	0.124977781377116	0.766418870123713	0.641441088746596	0	0	1	0.2	0.935708119423501	0.380960855295364	0.291946858636773	1.79288960599527	1.5009427473585	0	0	2	0.1	0.740963785941718	0.296003930619897	0.281944923666878	1.4834741482387	1.20152922457182	0	0	2	0.2	1.55061340492362	0.582848628705266	0.617442463701524	2.90718393134787	2.28974146764634	0	0	3	0.1	1.10435650412415	0.441419764863257	0.447316448194139	2.2016749484343	1.75435850024016	0	0	3	0.2	2.18778747267352	0.786470374244764	0.900011656636423	4.01710403080884	3.11709237417242
321	0	0	0	0.1	0.103850628928985	0.0861228014442251	-0.0747347347195932	0.267831102228911	0.342565836948504	0	0	0	0.2	0.224542936303607	0.206874590001922	-0.171509514046479	0.638826738998874	0.810336253045353	0	0	1	0.1	0.238053532608136	0.120383169287376	0.0211893146157371	0.49700894138579	0.475819626770053	0	0	1	0.2	0.622253687485813	0.258906496846999	0.169779386466046	1.20188890847188	1.03210952200584	0	0	2	0.1	0.566134916584267	0.167703534562511	0.28060728582191	0.942503114173575	0.661895828351665	0	0	2	0.2	1.14521124885314	0.318460244221497	0.590820165882535	1.860597328403	1.26977716252047	0	0	3	0.1	0.75232988476789	0.215116282744152	0.382654311302888	1.25529325332814	0.872638942025253	0	0	3	0.2	1.44139790660407	0.393893789747624	0.780412623942583	2.34249307906874	1.56208045512616
231	0	0	0	0.1	0.18284077629268	0.0556619260015041	0.0922711365591136	0.308021988388499	0.215750851829386	0	0	0	0.2	0.557547052490383	0.217643282053412	0.218262259638077	1.03495840857177	0.816696148933689	0	0	1	0.1	0.617556476614799	0.327176859910903	0.146093231599084	1.47728230883605	1.33118907723697	0	0	1	0.2	2.00924557428003	0.664179872784546	0.837545905487578	3.42517229125305	2.58762638576548	0	0	2	0.1	1.65507544488446	0.497255982767595	0.835044769519222	2.83316707902751	1.99812230950829	0	0	2	0.2	2.89300821947582	0.640234114503465	1.65816746599321	4.28684632469316	2.62867885869995	0	0	3	0.1	2.10577070655464	0.537313671120547	1.11138091738233	3.27182374602957	2.16044282864725	0	0	3	0.2	3.30742103766633	0.715173487813122	1.90317612120179	4.8250562987108	2.92188017750901
323	0	0	0	0.1	0.11113974109889	0.084567908805892	-0.0704360040601422	0.268611570254471	0.339047574314613	0	0	0	0.2	0.182656030066978	0.224083030930024	-0.304385057143962	0.624011639782503	0.928396696926465	0	0	1	0.1	0.161207721017064	0.160454669046936	-0.130264461244752	0.486180267481025	0.616444728725777	0	0	1	0.2	0.3880318812376	0.380026873331817	-0.279623075245616	1.14112003871911	1.42074311396473	0	0	2	0.1	0.423737526879853	0.259964092236169	0.00157804352951074	1.00603858404539	1.00446054051588	0	0	2	0.2	0.746375795909847	0.463775075368619	-0.0676844808969182	1.73068795583422	1.79837243673114	0	0	3	0.1	0.547429220510578	0.318131775805537	0.0254258084451722	1.21613910348112	1.19071329503594	0	0	3	0.2	0.87548283461345	0.621083109912127	-0.324951107256125	2.0842526574504	2.40920376470652
246	0	0	0	0.1	0.132699049428337	0.093573522427907	-0.049168580528297	0.310744646121817	0.359913226650114	0	0	0	0.2	-0.0219327879667935	0.216195351745306	-0.495445277261306	0.354020966953921	0.849466244215228	0	0	1	0.1	-0.344932182255158	0.194038019650772	-0.780176942997532	-0.033906955174371	0.746269987823161	0	0	1	0.2	-0.906137464022259	0.498455395927719	-2.03473064287651	-0.0960827095056118	1.9386479333709	0	0	2	0.1	-0.350916636450102	0.25067701913828	-0.872746425986591	0.100545890966155	0.973292316952745	0	0	2	0.2	-0.780514046699947	0.702454983019595	-2.19764419022491	0.575902994451021	2.77354718467593	0	0	3	0.1	-0.189323534331371	0.362745478158686	-0.816064511311734	0.62923399064724	1.44529850195897	0	0	3	0.2	-0.227314138893088	1.15479124465547	-1.98214487331946	2.83656960158005	4.8187144748995
265	0	0	0	0.1	0.0825166264151184	0.0513815855699616	-0.0183237854374783	0.18496932849216	0.203293113929638	0	0	0	0.2	0.189569972008992	0.1067439752526	-0.0197074134751452	0.408370926362578	0.428078339837724	0	0	1	0.1	0.290314924281664	0.0985677336397101	0.115275531170117	0.498974501773251	0.383698970603134	0	0	1	0.2	0.837392043260973	0.334653597290036	0.317136989751175	1.61431517146139	1.29717818171022	0	0	2	0.1	0.835173819521585	0.269194700792794	0.409310526843534	1.46659162619423	1.0572810993507	0	0	2	0.2	1.92697632376049	0.599240456179834	0.930021108569893	3.35904560135704	2.42902449278715	0	0	3	0.1	1.44186262175745	0.459719234118658	0.689516716383479	2.55181012856117	1.86229341217769	0	0	3	0.2	2.53284321753136	0.763419288423474	1.19392895033518	4.18390796481936	2.98997901448417
328	0	0	0	0.1	0.11879493582773	0.0893946407892742	-0.0592094491310996	0.296865873733484	0.356075322864583	0	0	0	0.2	0.253612801411175	0.23240859051333	-0.179010764085368	0.752491317543176	0.931502081628544	0	0	1	0.1	0.250189291514654	0.163638575094237	-0.038665133858278	0.606580124547594	0.645245258405872	0	0	1	0.2	0.648895100823567	0.407448483761781	-0.0375792969716732	1.54553998011993	1.5831192770916	0	0	2	0.1	0.624977149822612	0.290200983294824	0.176431605359708	1.28309898403588	1.10666737867617	0	0	2	0.2	1.30764748579864	0.548144628571279	0.442569530898794	2.47992727489595	2.03735774399715	0	0	3	0.1	0.972044047793373	0.397881281439414	0.384265581697319	1.88052602523507	1.49626044353776	0	0	3	0.2	1.81601847472907	0.667271056838172	0.788703085474075	3.31029234231159	2.52158925683752
258	0	0	0	0.1	0.0143441408728957	0.0934113069143886	-0.184977309998666	0.179094329386717	0.364071639385384	0	0	0	0.2	-0.0611669684668061	0.240855609906762	-0.594813835234441	0.350480082050423	0.945293917284864	0	0	1	0.1	-0.286057896164476	0.356758748353014	-1.15412968175642	0.234376531421827	1.38850621317825	0	0	1	0.2	-0.637545956751818	0.725875044021534	-2.14793915810108	0.668978443768079	2.81691760186916	0	0	2	0.1	-0.208170682796459	0.369817677509104	-0.870825869286159	0.595320103780805	1.46614597306696	0	0	2	0.2	-0.200690097754402	0.847460604392873	-1.64635829454898	1.74061921253654	3.38697750708552	0	0	3	0.1	0.0838340554845936	0.467139267091135	-0.648971191882044	1.24647657446339	1.89544776634543	0	0	3	0.2	0.388481704160953	1.06403283138413	-1.34171317749894	2.95807023976546	4.2997834172644
256	0	0	0	0.1	0.0750194833505416	0.0626890930910305	-0.05740746767562	0.191811243226079	0.249218710901699	0	0	0	0.2	0.102864436879456	0.126990077880817	-0.181427845742259	0.32132476554637	0.502752611288628	0	0	1	0.1	0.142600064052271	0.0943456239156872	-0.0517450095118472	0.33206623150329	0.383811241015138	0	0	1	0.2	0.392937748948921	0.254894575638894	-0.0475105857237166	0.953625231301615	1.00113581702533	0	0	2	0.1	0.590291975035208	0.227029389804689	0.23714871441668	1.07823665794568	0.841087943529001	0	0	2	0.2	1.46323675379276	0.536240954649507	0.595300275301464	2.65036999977587	2.05506972447441	0	0	3	0.1	1.07910736342782	0.373828621528786	0.47626817258192	1.89738707439629	1.42111890181437	0	0	3	0.2	2.13390582964376	0.695141648946329	0.981453778233433	3.62233879113115	2.64088501289771
269	0	0	0	0.1	0.0830585720326539	0.0595356971460671	-0.0322048498224084	0.194173962184229	0.226378812006638	0	0	0	0.2	0.138667258153298	0.148589671709383	-0.165105278383821	0.413671193621473	0.578776472005295	0	0	1	0.1	0.113760302917185	0.122786711857293	-0.120875862127297	0.363140180594605	0.484016042721902	0	0	1	0.2	0.53489344832559	0.347265163864033	-0.0332929912396646	1.34707908847853	1.38037207971819	0	0	2	0.1	0.752120107327402	0.252702803711287	0.370686310420062	1.35810251946537	0.987416209045303	0	0	2	0.2	1.97454634336432	0.517130310338695	1.10888543675978	3.10742302541228	1.99853758865251	0	0	3	0.1	1.42646841482214	0.368342589907417	0.861611247952324	2.29702308268244	1.43541183473012	0	0	3	0.2	2.88972512446898	0.608660294878131	1.84636270435638	4.28104514667057	2.43468244231419
296	0	0	0	0.1	0.221000427034916	0.0821939751387736	0.0765151259171899	0.399356575744368	0.322841449827178	0	0	0	0.2	0.400409290991918	0.207243621975456	0.0524240070471223	0.861071624207569	0.808647617160447	0	0	1	0.1	0.129622655688176	0.206461712857455	-0.20312730514894	0.58709149238168	0.79021879753062	0	0	1	0.2	0.424343726512416	0.657530331440288	-0.427125117736692	2.09390941090221	2.5210345286389	0	0	2	0.1	0.521327845468856	0.489359471211867	-0.0465076295200072	1.79393602947188	1.84044365899188	0	0	2	0.2	1.29218438762427	1.01287414197764	0.0462229922048241	3.79067162164893	3.7444486294441	0	0	3	0.1	1.00887883133479	0.728781661621164	0.207004579032039	2.93307847565358	2.72607389662154	0	0	3	0.2	2.12109343644659	1.22249931304725	0.602311605187305	5.30354589413572	4.70123428894841
330	0	0	0	0.1	-0.027082513566887	0.135141139359986	-0.311040063059581	0.222662673710484	0.533702736770065	0	0	0	0.2	-0.0411726083687378	0.246758769546463	-0.543206460962217	0.424348136718919	0.967554597681136	0	0	1	0.1	0.146468252362255	0.118941524646633	-0.107254980786921	0.373547828661806	0.480802809448727	0	0	1	0.2	0.443070154874852	0.251020900435628	-0.064262454858354	0.958972160958683	1.02323461581704	0	0	2	0.1	0.57678264891351	0.175854172282566	0.261072579251304	0.937034694495403	0.675962115244099	0	0	2	0.2	1.35157814145294	0.393023826323395	0.690458507225041	2.21457939712479	1.52412088989974	0	0	3	0.1	0.986048889514601	0.260883606278291	0.563347259175278	1.60467549929196	1.04132824011668	0	0	3	0.2	2.07353735540158	0.534809981288927	1.16241512409871	3.25460419830954	2.09218907421083
250	0	0	0	0.1	0.125838766463933	0.0667075306998817	0.0034029946235623	0.261130495199738	0.257727500576175	0	0	0	0.2	0.265009897490204	0.124281669316335	0.0353891419464015	0.528926969050834	0.493537827104432	0	0	1	0.1	0.156510335811267	0.0851890623977036	-0.0103594211739098	0.328486386851629	0.338845808025538	0	0	1	0.2	0.290212274790946	0.191611606252591	-0.118978433407229	0.684099185398952	0.803077618806181	0	0	2	0.1	0.221397202818643	0.107509415439195	0.0155532879232764	0.4378569442958	0.422303656372523	0	0	2	0.2	0.522388289318282	0.24033291401127	0.0881516556745991	0.9992087938446	0.911057138170001	0	0	3	0.1	0.412852960841725	0.167876250339723	0.13385098813627	0.806604665045717	0.672753676909447	0	0	3	0.2	0.922524046699489	0.363145907003292	0.306667939931196	1.76287663284754	1.45620869291634
322	0	0	0	0.1	0.131321007908072	0.0733298276203947	-0.00619761047333477	0.284801210285895	0.29099882075923	0	0	0	0.2	0.411152993012488	0.224890015620304	0.0537658030239185	0.936028563130123	0.882262760106205	0	0	1	0.1	0.524493489124953	0.251495791541238	0.126767575403071	1.09443647591782	0.967668900514751	0	0	1	0.2	1.61571264022253	0.664829618090364	0.488189324221326	3.00677971994034	2.51859039571901	0	0	2	0.1	1.16289659600277	0.458439891364669	0.439250662112746	2.12980157567723	1.69055091356449	0	0	2	0.2	2.21394383945045	0.754373955955799	0.903199161285083	3.77329786073804	2.87009869945295	0	0	3	0.1	1.45813644472064	0.54545994100934	0.558179042693225	2.63505231630997	2.07687327361674	0	0	3	0.2	2.47859994318271	0.855639821875125	0.948812372007616	4.23473028703239	3.28591791502477
316	0	0	0	0.1	0.121289205812442	0.0710335717612616	-0.0185825256877717	0.261630088638077	0.280212614325849	0	0	0	0.2	0.241325012243026	0.145472008576171	-0.0387330465528703	0.527634612327869	0.56636765888074	0	0	1	0.1	0.162590415217908	0.076593768421178	0.0161649007443627	0.311633295915516	0.295468395171153	0	0	1	0.2	0.380313701216313	0.172574891457165	0.0428519216877851	0.702122828862158	0.659270907174373	0	0	2	0.1	0.400218903096194	0.125818610685329	0.150664137003596	0.642748728173036	0.49208459116944	0	0	2	0.2	0.910935180440617	0.287686102792899	0.371093568284648	1.52728384894899	1.15619028066434	0	0	3	0.1	0.764861170160206	0.218290293816413	0.341246374468509	1.22350417356902	0.882257799100513	0	0	3	0.2	1.57422976868569	0.466996156601445	0.684297288202628	2.60416688279018	1.91986959458755
270	0	0	0	0.1	0.14792013385715	0.0800418535228317	0.0105548984738678	0.332153050097891	0.321598151624023	0	0	0	0.2	0.491450843562703	0.284562931330078	0.0229407465776012	1.15220411331941	1.12926336674181	0	0	1	0.1	0.346239597687213	0.196673100219415	-0.0105208838943234	0.772053858492241	0.782574742386565	0	0	1	0.2	0.861262702436933	0.389895789643419	0.179934745600655	1.68608568346849	1.50615093786784	0	0	2	0.1	0.620571578552623	0.245323367335625	0.175116967875728	1.14751516933873	0.972398201462999	0	0	2	0.2	1.1942728528131	0.442710155013706	0.370559253358525	2.15029018090823	1.77973092754971	0	0	3	0.1	0.792074207782046	0.28719832219833	0.271722888134547	1.41707894702285	1.1453560588883	0	0	3	0.2	1.43363935677955	0.503111709775835	0.518010278031171	2.4677931376853	1.94978285965413
254	0	0	0	0.1	0.154940877468067	0.0696385466707629	0.0205074498292067	0.293620953916067	0.27311350408686	0	0	0	0.2	0.294814252771469	0.147491957575097	0.010729155018739	0.598293951433871	0.587564796415132	0	0	1	0.1	0.189862652979315	0.082650293794752	0.0316134675351816	0.361863117354242	0.33024964981906	0	0	1	0.2	0.428894998372649	0.183937149507317	0.0707430566977611	0.81490618040927	0.744163123711509	0	0	2	0.1	0.438837465473122	0.130041046923199	0.194910738630334	0.715255667776366	0.520344929146032	0	0	2	0.2	0.948895304771945	0.284330628282499	0.447247042734344	1.5349280735013	1.08768103076695	0	0	3	0.1	0.676032823114057	0.186097973143875	0.325003783353273	1.06980891703192	0.744805133678645	0	0	3	0.2	1.37084926132195	0.388014301540434	0.668000360479771	2.19663411593197	1.52863375545219
233	0	0	0	0.1	0.139346057478729	0.0931646735920661	-0.0478415395321089	0.319597700792294	0.367439240324403	0	0	0	0.2	0.247338722489954	0.216009237472733	-0.165947374427661	0.687023555728623	0.852970930156284	0	0	1	0.1	0.164830577345798	0.123286436912437	-0.0632658267115501	0.418741803278117	0.482007629989667	0	0	1	0.2	0.522397896773229	0.308749786751122	-0.00658919573782149	1.2234480719135	1.23003726765132	0	0	2	0.1	0.620717236011064	0.228461009848187	0.264668519469316	1.13408969496085	0.86942117549153	0	0	2	0.2	1.46447945787846	0.47470364300787	0.69148026859163	2.50200022653791	1.81051995794628	0	0	3	0.1	1.18646563340089	0.373753758911886	0.606253056335461	2.04729230465342	1.44103924831796	0	0	3	0.2	2.3280012379537	0.634358020263583	1.31035374451527	3.71667527765954	2.40632153314427
337	0	0	0	0.1	0.0132520996868247	0.131077982938798	-0.254601619544459	0.251502877921119	0.506104497465579	0	0	0	0.2	0.164429660012803	0.241563330288451	-0.292007673832052	0.657144150916658	0.94915182474871	0	0	1	0.1	0.268997014203515	0.127810136463398	0.0385773125189634	0.558775993879905	0.520198681360941	0	0	1	0.2	0.64624956670143	0.255359972687221	0.19639805291928	1.22158611813425	1.02518806521497	0	0	2	0.1	0.555916710626417	0.163208771985351	0.280322335081433	0.916906249740457	0.636583914659024	0	0	2	0.2	1.08628441698866	0.298078707500458	0.572476920196177	1.74133239190718	1.16885547171101	0	0	3	0.1	0.737177395380708	0.198799897529348	0.408371309370446	1.17384351480617	0.765472205435726	0	0	3	0.2	1.37926140842323	0.354377999155747	0.776625185243105	2.17479018198716	1.39816499674406
354	0	0	0	0.1	0.0385187346622298	0.0597755311065044	-0.0813852161524733	0.156644439724397	0.23802965587687	0	0	0	0.2	0.132549393575706	0.158449214302977	-0.158737160161522	0.463840425431318	0.62257758559284	0	0	1	0.1	0.353554896485864	0.217576980153462	0.00253498318481202	0.813435316810939	0.810900333626126	0	0	1	0.2	1.40853779676093	0.852421860152424	0.14489867184965	3.4763653095746	3.33146663772495	0	0	2	0.1	1.13591876260396	0.625559537695976	0.218679415518052	2.6317603761118	2.41308096059375	0	0	2	0.2	2.5148605448001	1.28586310432385	0.432709925180365	5.4214803667447	4.98877044156433	0	0	3	0.1	1.49257949054799	0.823602456453686	0.19129988246104	3.45466930095638	3.26336941849534	0	0	3	0.2	2.75852139405126	1.53768098802385	0.185512012422667	6.29651298181477	6.1110009693921
268	0	0	0	0.1	0.212314711472754	0.0771648541737825	0.076119220698223	0.375555531829168	0.299436311130945	0	0	0	0.2	0.531020103333478	0.243757993366451	0.188115998974939	1.08030567654355	0.892189677568609	0	0	1	0.1	0.437210100341528	0.193201777545083	0.148021237019912	0.914568259031173	0.76654702201126	0	0	1	0.2	1.09852958660525	0.495322789824806	0.341005058118643	2.32264318755993	1.98163812944128	0	0	2	0.1	0.845094094937353	0.321135456784218	0.348107680432468	1.58606911806633	1.23796143763386	0	0	2	0.2	1.62840206828206	0.555408288982776	0.679242859074725	2.85347561161319	2.17423275253847	0	0	3	0.1	1.12052853765681	0.396620498344836	0.491180566034239	2.00463427644267	1.51345371040843	0	0	3	0.2	1.97304774437251	0.622115633210496	0.927602181794455	3.29793856073972	2.37033637894526
305	0	0	0	0.1	0.203289135616113	0.108605974065751	0.00633887533417982	0.424990923096942	0.418652047762762	0	0	0	0.2	0.494497760899003	0.242743789416912	0.0588274983450906	1.00828917123929	0.949461672894199	0	0	1	0.1	0.318387459395368	0.128854148728503	0.0945410562970133	0.607883300361243	0.51334224406423	0	0	1	0.2	0.766450426488531	0.289864632063344	0.292380917810999	1.46065515469132	1.16827423688032	0	0	2	0.1	0.617098018605605	0.197570304877457	0.31096083754823	1.09062377513648	0.779662937588253	0	0	2	0.2	1.25316503221201	0.384093014961729	0.647784519371126	2.17126108904276	1.52347656967164	0	0	3	0.1	0.898427181518834	0.288823127417721	0.448318047760116	1.5748281570929	1.12651010933278	0	0	3	0.2	1.71133842877481	0.515638880955498	0.881446847971227	2.89253926423985	2.01109241626862
310	0	0	0	0.1	0.154403463770153	0.0921478825046132	-0.00951308039706782	0.354924821854381	0.364437902251449	0	0	0	0.2	0.470103034182383	0.258217933584026	0.0369902318065543	1.05790760771615	1.02091737590959	0	0	1	0.1	0.395901336102138	0.169525473946421	0.0666576415587903	0.768893894339768	0.702236252780978	0	0	1	0.2	0.917502689041381	0.39951409613531	0.16388895082962	1.71200104682226	1.54811209599264	0	0	2	0.1	0.590980578910501	0.236819119700312	0.113963087601442	1.06611651360661	0.952153426005169	0	0	2	0.2	1.15260077910101	0.486662678880193	0.106561409061521	2.12545633744913	2.01889492838761	0	0	3	0.1	0.686305173919487	0.313074860773675	0.0338308314936965	1.2981384012166	1.2643075697229	0	0	3	0.2	1.25803975038025	0.613445614491906	-0.0180060660115101	2.41311784653118	2.43112391254269
257	0	0	0	0.1	0.0795244720719231	0.0791938452199911	-0.0674965151081917	0.253925583546903	0.321422098655094	0	0	0	0.2	0.153297230818074	0.181424881819611	-0.194390170961879	0.523173034752195	0.717563205714074	0	0	1	0.1	0.165809452977804	0.140183299555084	-0.0812681385023517	0.469513467808806	0.550781606311157	0	0	1	0.2	0.587141175332423	0.379556285172908	-3.00617898971716e-05	1.47824995171853	1.47828001350843	0	0	2	0.1	0.624109700175966	0.263430559731087	0.234965585091699	1.24145167570635	1.00648609061465	0	0	2	0.2	1.34085209177795	0.483526150433693	0.565590874382394	2.43995333781478	1.87436246343239	0	0	3	0.1	0.924180270640354	0.340954019486528	0.413054517759867	1.72474205654019	1.31168753878032	0	0	3	0.2	1.73739056438968	0.565367910802436	0.822295069276947	3.04331850391794	2.22102343464099
342	0	0	0	0.1	0.171633588149031	0.0969877650212578	-0.00341129024599678	0.374971585803595	0.378382876049592	0	0	0	0.2	0.362293063386918	0.20666797913206	-0.00276720081262103	0.796476886906064	0.799244087718685	0	0	1	0.1	0.220653357242761	0.117296346051595	0.0206450631753201	0.463067554435428	0.442422491260108	0	0	1	0.2	0.54409816701424	0.286367232187051	0.0709075083465983	1.20900694099402	1.13809943264742	0	0	2	0.1	0.439295285264345	0.183956817105402	0.132304132070804	0.853989827746138	0.721685695675335	0	0	2	0.2	0.942696389880639	0.385067957523621	0.27742742487078	1.8380900112076	1.56066258633682	0	0	3	0.1	0.617056689129958	0.239940892761919	0.21874572083659	1.17742784591043	0.958682125073839	0	0	3	0.2	1.22240980272663	0.459733347075539	0.438518110703471	2.27989521514056	1.84137710443709
234	0	0	0	0.1	0.176964135027734	0.0766443979734819	0.0314648829394416	0.33263246221474	0.301167579275299	0	0	0	0.2	0.401566915864178	0.229123955951737	0.00650319286038432	0.885900867999861	0.879397675139476	0	0	1	0.1	0.404457018286216	0.27801567257241	-0.0570721031501204	1.05329015714036	1.11036226029048	0	0	1	0.2	1.1226662957554	0.669314419457372	0.108584089713072	2.73699467574258	2.62841058602951	0	0	2	0.1	0.976885261438859	0.452729767902578	0.282280415310874	2.01481300386745	1.73253258855657	0	0	2	0.2	1.83244185413462	0.733040615333028	0.664674778700488	3.44488487878046	2.78021010007997	0	0	3	0.1	1.24620828299695	0.49681656226738	0.483814955811325	2.41018331564557	1.92636835983424	0	0	3	0.2	2.13974341598926	0.770280292597155	0.889011437620017	3.88646557654759	2.99745413892757
232	0	0	0	0.1	0.0741323667241894	0.0701461267593371	-0.058817883231052	0.22059415616441	0.279412039395462	0	0	0	0.2	0.21329059760852	0.232630823575738	-0.174609633030474	0.702019178563019	0.876628811593493	0	0	1	0.1	0.170047743143881	0.210343266886765	-0.214601773692574	0.619470630289984	0.834072403982558	0	0	1	0.2	0.559189080504222	0.453413692215753	-0.247041624103303	1.51034717123153	1.75738879533483	0	0	2	0.1	0.480283946781313	0.271591534771584	0.0171957790379258	1.06875913155947	1.05156335252154	0	0	2	0.2	1.04801654710967	0.506887910333184	0.117955939675739	2.11457599568217	1.99662005600643	0	0	3	0.1	0.701595351223273	0.31493999137312	0.164980465926447	1.36646921916006	1.20148875323361	0	0	3	0.2	1.37101059254731	0.56961955983946	0.360563607079107	2.54085067544967	2.18028706837056
280	0	0	0	0.1	-0.091848038739269	0.0947909582085362	-0.294170360525024	0.0833987205781191	0.377569081103143	0	0	0	0.2	-0.217811871950044	0.208110235818334	-0.638235385268785	0.159024158251657	0.797259543520442	0	0	1	0.1	-0.0244072095494569	0.156470780555024	-0.344166242386239	0.29093871132458	0.63510495371082	0	0	1	0.2	0.232630079187893	0.434419382220297	-0.505014971418007	1.22442075287934	1.72943572429735	0	0	2	0.1	0.637652018057851	0.342746065818717	0.127881492488081	1.48210272571269	1.3542212332246	0	0	2	0.2	1.64665391450962	0.645530288020714	0.581694903793216	3.05313881733035	2.47144391353714	0	0	3	0.1	1.32506797730898	0.496844288367588	0.548872720974698	2.4178097207202	1.8689369997455	0	0	3	0.2	2.47871261997193	0.7735731661417	1.15651660747177	4.1374132182144	2.98089661074263
320	0	0	0	0.1	0.123974465708643	0.0684880041825836	-0.0068626165106694	0.266167170419298	0.273029786929967	0	0	0	0.2	0.321720030365542	0.184925323446113	-0.00798763148719839	0.713905165598042	0.72189279708524	0	0	1	0.1	0.350200113134654	0.139661233664558	0.0830674429998252	0.632386353278995	0.54931891027917	0	0	1	0.2	0.982605530691519	0.379086689889484	0.269101116479608	1.76450826656544	1.49540715008583	0	0	2	0.1	0.90425690022873	0.305882333771597	0.387336813364538	1.52390162147729	1.13656480811275	0	0	2	0.2	1.87468524118018	0.587147052665494	0.792111980833156	3.05590813359017	2.26379615275701	0	0	3	0.1	1.43754239394287	0.47346357437679	0.577608887600044	2.45577803254074	1.8781691449407	0	0	3	0.2	2.53352956587007	0.75642252677485	1.03629652673361	4.08536676061561	3.04907023388201
345	0	0	0	0.1	-0.0711430510245473	0.0950445414713225	-0.278385841864106	0.0915702277281175	0.369956069592224	0	0	0	0.2	-0.0929633377607211	0.226237046466593	-0.540603163200457	0.331371574651708	0.871974737852165	0	0	1	0.1	0.294312121956026	0.228274748309656	-0.103580642533974	0.820420840718904	0.924001483252878	0	0	1	0.2	1.02322043808163	0.585047047722251	0.0334040774949192	2.22213952286125	2.18873544536633	0	0	2	0.1	0.874372944398294	0.376031258562512	0.243599126684832	1.69064299054557	1.44704386386074	0	0	2	0.2	1.74307822301903	0.663694498751318	0.591586417143635	3.13446938148031	2.54288296433668	0	0	3	0.1	1.10698937992229	0.428940132898012	0.395444875402858	2.04518047829574	1.64973560289288	0	0	3	0.2	2.00385130287229	0.713176265603249	0.755148406908957	3.5219013867499	2.76675297984094
248	0	0	0	0.1	-0.0226705321343104	0.0924793521929704	-0.225688782556966	0.134851302557495	0.360540085114461	0	0	0	0.2	-0.0663457267936737	0.245573579572389	-0.560834275962153	0.387424820784688	0.948259096746841	0	0	1	0.1	0.218850781547358	0.196291858878603	-0.107826589176947	0.663718057068658	0.771544646245605	0	0	1	0.2	0.797280599765628	0.464170484240361	0.0269417154003541	1.77683737022431	1.74989565482396	0	0	2	0.1	0.821051790100007	0.312455954501445	0.330298321980702	1.55310526307869	1.22280694109798	0	0	2	0.2	1.5746124288118	0.525594188082571	0.707534720902919	2.70685099151707	1.99931627061415	0	0	3	0.1	1.13376298198548	0.393498953615166	0.499589355165573	1.97666028614222	1.47707093097664	0	0	3	0.2	1.98677838754883	0.641168491028153	0.892982348458439	3.33212071226342	2.43913836380498
374	0	0	0	0.1	0.139270492121286	0.053113189365572	0.0400831399787191	0.246778226846804	0.206695086868085	0	0	0	0.2	0.34214490271778	0.155229967598556	0.0774702682387933	0.68232807357164	0.604857805332847	0	0	1	0.1	0.372803128208518	0.197718865121713	0.0931569804066876	0.850407972282266	0.757250991875578	0	0	1	0.2	1.23222517393471	0.68888596024022	0.27177393489684	2.83373605437487	2.56196211947803	0	0	2	0.1	1.05835246879161	0.478878135656016	0.373427810194281	2.13291502603468	1.7594872158404	0	0	2	0.2	2.10366137539801	0.793276071310873	0.895435274049978	3.90995690972067	3.01452163567069	0	0	3	0.1	1.5153270679834	0.577892725287857	0.622106241350689	2.80922343826285	2.18711719691216	0	0	3	0.2	2.54425537567115	0.869790509072174	1.11081153224824	4.58171673954579	3.47090520729755
291	0	0	0	0.1	0.121149537736904	0.0809775769564509	-0.0430622854121076	0.268716812078307	0.311779097490415	0	0	0	0.2	0.19107599491578	0.217041058956515	-0.271415014033725	0.598135345000095	0.86955035903382	0	0	1	0.1	0.143532890712527	0.135929596392839	-0.131578437843764	0.417304658952166	0.548883096795929	0	0	1	0.2	0.548207888650168	0.337822357568062	-0.10552799550068	1.26465923423633	1.37018722973701	0	0	2	0.1	0.704559881369074	0.244889993404843	0.299429353727463	1.26368790068887	0.964258546961404	0	0	2	0.2	1.56448086411503	0.488196463466552	0.740021083271174	2.58804181716723	1.84802073389605	0	0	3	0.1	1.18784502869281	0.365293170609592	0.589485770078331	1.93503836845674	1.34555259837841	0	0	3	0.2	2.19063142783447	0.618310286946388	1.10983283811983	3.47113778181025	2.36130494369042
326	0	0	0	0.1	0.189948744835984	0.0685993856762509	0.0638457191376045	0.335101704946304	0.271255985808699	0	0	0	0.2	0.405354315877409	0.145193777949707	0.154855876947411	0.728269830409336	0.573413953461925	0	0	1	0.1	0.281737697450457	0.116270748978047	0.0949795866300875	0.554819593599243	0.459840006969156	0	0	1	0.2	0.561575129687362	0.242784373793931	0.164359952384927	1.08558118651019	0.921221234125263	0	0	2	0.1	0.384085431378997	0.18750539763765	0.0569940307461526	0.789508687366329	0.732514656620177	0	0	2	0.2	0.789081865423722	0.397839245029628	0.0861156133164763	1.67210080787416	1.58598519455769	0	0	3	0.1	0.523268652511176	0.251431432829666	0.0806479517998862	1.08376571285606	1.00311776105617	0	0	3	0.2	1.08718073817184	0.525590755944418	0.162547334612748	2.27479343699718	2.11224610238443
304	0	0	0	0.1	0.10728013973082	0.0748023919461824	-0.0463151556129991	0.258437392842585	0.304752548455584	0	0	0	0.2	0.294289056756556	0.216505514077057	-0.110951527133296	0.718920344819702	0.829871871952997	0	0	1	0.1	0.375714093705882	0.198908163078835	0.0179038624225184	0.813990440414097	0.796086577991579	0	0	1	0.2	1.32610927778611	0.626465768687384	0.284920450199448	2.6685802852144	2.38365983501495	0	0	2	0.1	1.17219857610171	0.449664483957283	0.422844589840871	2.14307816965198	1.72023357981111	0	0	2	0.2	2.4280669658697	0.799744913093942	1.0263076581869	4.08649873747493	3.06019107928803	0	0	3	0.1	1.74177220409464	0.607835916370927	0.719838594371755	3.00810055184085	2.28826195746909	0	0	3	0.2	3.07545016684832	0.934741676136193	1.3827105206127	4.95809797993888	3.57538745932618
349	0	0	0	0.1	0.101810935719588	0.0627488614096222	-0.0236651431442325	0.228234748443438	0.251899891587671	0	0	0	0.2	0.231387575912972	0.162335053451322	-0.0867126498631834	0.559605161313998	0.646317811177181	0	0	1	0.1	0.187983453180486	0.129174734059361	-0.0794209518026415	0.442841458343216	0.522262410145858	0	0	1	0.2	0.551402046467222	0.402354810640991	-0.180215705133596	1.46405300589524	1.64426871102884	0	0	2	0.1	0.487494434617772	0.249554973294193	0.045788761734144	1.0433154821278	0.997526720393657	0	0	2	0.2	1.10912776871542	0.507645695913491	0.211449028887261	2.17450528862548	1.96305625973822	0	0	3	0.1	0.789889229853421	0.338009651082373	0.230452288596166	1.51309099165941	1.28263870306324	0	0	3	0.2	1.47168785396537	0.584671377745153	0.482564954122355	2.77460537305004	2.29204041892769
312	0	0	0	0.1	0.146391980094579	0.0828027960003515	-0.0119948740577852	0.318967185344012	0.330962059401797	0	0	0	0.2	0.332068996015487	0.239471859939901	-0.0991731658446175	0.80641897189539	0.905592137740008	0	0	1	0.1	0.253980309032516	0.172810181549722	-0.0594743196607612	0.627784929484888	0.687259249145649	0	0	1	0.2	0.733487233933713	0.473753786557664	-0.0744020571346147	1.83584951009856	1.91025156723317	0	0	2	0.1	0.601129840899453	0.293585883731296	0.118304696564133	1.30058507086935	1.18228037430521	0	0	2	0.2	1.15986687424159	0.520147945386222	0.183607031467139	2.30557733866658	2.12197030719944	0	0	3	0.1	0.738712410912484	0.341884950075858	0.129103613919536	1.52973078721151	1.40062717329197	0	0	3	0.2	1.29220437799172	0.570002616529356	0.19670727979387	2.53375936250191	2.33705208270804
335	0	0	0	0.1	0.159036875029776	0.0570075814068092	0.0506302582741243	0.280403059983476	0.229772801709352	0	0	0	0.2	0.310639671400527	0.126979687219285	0.0791935653351669	0.578689897299398	0.499496331964231	0	0	1	0.1	0.243282895222921	0.090329128534475	0.0750450516871142	0.437300242051054	0.36225519036394	0	0	1	0.2	0.556579110175181	0.222725301789292	0.154819822792347	1.04744403308242	0.892624210290076	0	0	2	0.1	0.530747296106014	0.178288787048936	0.225681461570603	0.930382324452635	0.704700862882032	0	0	2	0.2	1.20276176028113	0.424003577619171	0.511686519718661	2.22191776769104	1.71023124797238	0	0	3	0.1	0.899197707510102	0.320524733674492	0.388931602697973	1.67122352667122	1.28229192397324	0	0	3	0.2	1.88052904610771	0.687426043475544	0.814135376959365	3.59281924849564	2.77868387153627
264	0	0	0	0.1	-0.204759675776458	0.115477395752518	-0.438133493301926	-0.00422758592729512	0.43390590737463	0	0	0	0.2	-0.452943783867293	0.227130315562453	-0.94778757692086	-0.0485226493155826	0.899264927605278	0	0	1	0.1	-0.175219861260121	0.118327188789214	-0.435894329163853	0.0412357528346274	0.47713008199848	0	0	1	0.2	-0.161640952649274	0.214456861205722	-0.584978610663541	0.242779082262731	0.827757692926272	0	0	2	0.1	0.17037040119452	0.132303035697636	-0.0757951986705474	0.43415728288365	0.509952481554198	0	0	2	0.2	0.425914722683749	0.260424227557227	-0.0807034002331222	0.953220717760976	1.0339241179941	0	0	3	0.1	0.360006498895192	0.174373076727724	0.0418427360028419	0.730456892988725	0.688614156985884	0	0	3	0.2	0.676876192199253	0.328270770624394	0.0702589400221842	1.36522658305484	1.29496764303266
377	0	0	0	0.1	0.183433123081471	0.077542523177116	0.0404128745652448	0.342058781676793	0.301645907111548	0	0	0	0.2	0.439358861283209	0.197434319919925	0.103573644294051	0.845099600563544	0.741525956269493	0	0	1	0.1	0.387486952274802	0.187033234470683	0.0593892309945979	0.835147987322162	0.775758756327564	0	0	1	0.2	1.08013986111055	0.609954758452164	0.145879007349871	2.57330856993072	2.42742956258085	0	0	2	0.1	0.767151978637742	0.377512199302049	0.160457768560798	1.66163047081482	1.50117270225402	0	0	2	0.2	1.67621165786774	0.786598054857305	0.319825080957899	3.44433603040827	3.12451094945037	0	0	3	0.1	1.0848459539748	0.516345862378881	0.246396048212239	2.28069437331937	2.03429832510713	0	0	3	0.2	2.04363864274736	0.929093600033306	0.459542803859599	4.02574891581959	3.56620611195999
318	0	0	0	0.1	0.115502919474212	0.0572799917686771	0.00998703847931145	0.232748430111871	0.222761391632559	0	0	0	0.2	0.243408144922203	0.13340061711717	0.0116322582932611	0.520444669428924	0.508812411135663	0	0	1	0.1	0.25262892628992	0.140515148459273	0.00746501985263774	0.56892944128587	0.561464421433232	0	0	1	0.2	0.853554603891396	0.556234884772862	0.0714114891390373	2.21101852328564	2.13960703414661	0	0	2	0.1	0.883509341666654	0.455491667731633	0.202292820739778	1.95223783290056	1.74994501216078	0	0	2	0.2	2.30963101168036	0.977361217120789	0.69900248891175	4.41198417061523	3.71298168170348	0	0	3	0.1	1.71432593028331	0.717444816125005	0.580604306307576	3.36368240044603	2.78307809413846	0	0	3	0.2	3.35926933837122	1.1430231506695	1.32628614805109	5.78621663288102	4.45993048482993
364	0	0	0	0.1	0.0987245612921558	0.0859871259074316	-0.0836617007771548	0.255382313053325	0.33904401383048	0	0	0	0.2	0.111611291430889	0.205961600633522	-0.316265560358919	0.499326344154885	0.815591904513804	0	0	1	0.1	0.035025260147161	0.131113846231218	-0.226114327381379	0.291928954181481	0.51804328156286	0	0	1	0.2	0.155686478960002	0.31943442677635	-0.454298757037255	0.789043467603088	1.24334222464034	0	0	2	0.1	0.361852385597859	0.212992405150882	0.00152304425434227	0.831292788755324	0.829769744500982	0	0	2	0.2	0.937531784412628	0.447587121630857	0.188247606779663	1.96615344325923	1.77790583647956	0	0	3	0.1	0.784697419264292	0.296655983411134	0.340923132141213	1.53189259760244	1.19096946546123	0	0	3	0.2	1.66146260853403	0.537149557822148	0.783621687251625	2.87900688798933	2.09538520073771
346	0	0	0	0.1	0.042930014193465	0.0732756050547653	-0.106062320653371	0.184365783410454	0.290428104063825	0	0	0	0.2	0.0812623452138164	0.145493665549286	-0.208661212501906	0.377068525063176	0.585729737565082	0	0	1	0.1	0.235258458609089	0.103154885780297	0.0472719451370475	0.45750023134456	0.410228286207513	0	0	1	0.2	0.619923981029666	0.254514395388048	0.181331707552559	1.22609222016375	1.04476051261119	0	0	2	0.1	0.695300359455889	0.218810232073192	0.344057360853522	1.20159575092976	0.857538390076235	0	0	2	0.2	1.54641776860953	0.468778994950493	0.79158344178522	2.69401660688136	1.90243316509614	0	0	3	0.1	1.19175826485923	0.38418923505693	0.607071128671855	2.1327324918376	1.52566136316574	0	0	3	0.2	2.3845135506133	0.696596676289955	1.28227162647614	3.98885331939398	2.70658169291784
298	0	0	0	0.1	-0.0041940865549184	0.10712936097409	-0.229955662056114	0.201028904705571	0.430984566761685	0	0	0	0.2	-0.0704697246786562	0.281226255245429	-0.630579434543164	0.500721607778455	1.13130104232162	0	0	1	0.1	-0.0269935723015447	0.250455307079598	-0.476484413494479	0.464043582870428	0.940527996364907	0	0	1	0.2	0.136813621135268	0.600644731687259	-0.828436267205911	1.39748468827226	2.22592095547818	0	0	2	0.1	0.379536407844266	0.353320342032403	-0.166226391444892	1.16825087709634	1.33447726854123	0	0	2	0.2	0.947649274797913	0.67360850635767	-0.121616936076383	2.43488518269385	2.55650211877024	0	0	3	0.1	0.798836037278832	0.427235555740818	0.190008247119634	1.80968593636896	1.61967768924933	0	0	3	0.2	1.59536142382607	0.744525497177201	0.480840569339332	3.30508926439993	2.8242486950606
263	0	0	0	0.1	0.157218339416799	0.0800214606178134	0.00728848980535809	0.335830094300284	0.328541604494926	0	0	0	0.2	0.385111813616993	0.247452112862176	-0.0442132248958681	0.92453757712662	0.968750802022488	0	0	1	0.1	0.248487588589534	0.170374687017271	-0.0490498836547264	0.607376671122109	0.656426554776835	0	0	1	0.2	0.73245121298344	0.386208138513843	0.0453836839397077	1.53366998533712	1.48828630139741	0	0	2	0.1	0.701162552729016	0.241689870883896	0.27662316937798	1.20588986022309	0.929266690845112	0	0	2	0.2	1.36408860357157	0.398686656579676	0.636249765032722	2.18317683769505	1.54692707266233	0	0	3	0.1	1.04353399503855	0.294265348779425	0.534839770361674	1.63567857712537	1.10083880676369	0	0	3	0.2	1.80154227898933	0.4590726616492	0.942246933088358	2.76337675835525	1.82112982526689
306	0	0	0	0.1	0.161382645628101	0.0404914414654804	0.0812935320230085	0.235899553816544	0.154606021793535	0	0	0	0.2	0.286190083747707	0.0759097438380819	0.137679632748127	0.436340004370011	0.298660371621884	0	0	1	0.1	0.160187106749669	0.0536248884277721	0.0591648873577073	0.2732592061353	0.214094318777592	0	0	1	0.2	0.341438740552373	0.133638170776857	0.108689488467789	0.650184248874762	0.541494760406973	0	0	2	0.1	0.428009469876492	0.142139603708575	0.168303823911133	0.746606615419401	0.578302791508268	0	0	2	0.2	0.9621370066737	0.303040408963773	0.399073581708885	1.602671139098	1.20359755738912	0	0	3	0.1	0.865071297925148	0.255912880405541	0.396479342282952	1.42336573459123	1.02688639230828	0	0	3	0.2	1.66409618885796	0.439832198632623	0.798321989217556	2.59738614337748	1.79906415415992
313	0	0	0	0.1	0.127404605458782	0.0981012923077811	-0.0659289254868646	0.307981069888748	0.373909995375612	0	0	0	0.2	0.245694988427804	0.197800227191096	-0.150283970340773	0.628387898424585	0.778671868765358	0	0	1	0.1	0.233247341415667	0.128137071676011	0.0120034658014537	0.498352183084887	0.486348717283433	0	0	1	0.2	0.611600696029477	0.352185790665692	0.0425219039333816	1.43119911182943	1.38867720789605	0	0	2	0.1	0.53330958096023	0.248921321064604	0.136038798783342	1.08472254447939	0.94868374569605	0	0	2	0.2	1.09825524979927	0.495125463012191	0.279122496077793	2.16511528126218	1.88599278518439	0	0	3	0.1	0.700872362436833	0.295368584383978	0.209034394109834	1.37995980259983	1.17092540848999	0	0	3	0.2	1.36253874200741	0.563307239833387	0.415327204452004	2.60409503244908	2.18876782799708
288	0	0	0	0.1	0.167865833596662	0.103939547837757	-0.0392044832045742	0.379547124209888	0.418751607414462	0	0	0	0.2	0.569140924010983	0.422248218672022	-0.16068923278218	1.49640371733606	1.65709295011824	0	0	1	0.1	0.479952461884773	0.350672467068618	-0.077560381270836	1.28670205960512	1.36426244087595	0	0	1	0.2	1.25284548200626	0.786579569592571	-0.0849764239504576	2.89928814374736	2.98426456769781	0	0	2	0.1	1.02290822435098	0.566926623128566	0.0124281330167404	2.21216640159062	2.19973826857388	0	0	2	0.2	1.6690804458955	1.00544889798146	-0.421581333684301	3.70035073491767	4.12193206860197	0	0	3	0.1	1.25546750636191	0.708764881220418	-0.0887457296183204	2.7473761784136	2.83612190803192	0	0	3	0.2	1.91722365594134	1.2877924370449	-0.775823091863513	4.49311375902046	5.26893685088397
338	0	0	0	0.1	0.0213056091390909	0.0833311947858568	-0.138578687756221	0.183820461802724	0.322399149558945	0	0	0	0.2	0.152412761071912	0.246512871073773	-0.264735198623847	0.719095791363477	0.983830989987323	0	0	1	0.1	0.561636803016851	0.219684819345239	0.19723797228248	1.06316946335367	0.865931491071188	0	0	1	0.2	1.28315387786442	0.439541938994494	0.450752994997079	2.28558852635004	1.83483553135296	0	0	2	0.1	0.86857633334061	0.284036906613126	0.322241096594063	1.49063732653333	1.16839622993927	0	0	2	0.2	1.46711007677327	0.486297438452174	0.536941320770424	2.47907953689356	1.94213821612313	0	0	3	0.1	0.91710465233383	0.344951349410369	0.296853521540547	1.65106015735016	1.35420663580962	0	0	3	0.2	1.51892532666823	0.571875203005116	0.480842036619752	2.71851588532325	2.2376738487035
251	0	0	0	0.1	0.103469937797626	0.116479729656713	-0.105933091002231	0.343665094658077	0.449598185660308	0	0	0	0.2	0.116739882045824	0.293692702325509	-0.466918035861218	0.724930621261977	1.1918486571232	0	0	1	0.1	-0.0520198583459641	0.170727261983301	-0.427608976495784	0.256686205022946	0.68429518151873	0	0	1	0.2	0.0531405053403024	0.301398498359543	-0.525328056443867	0.635835645374666	1.16116370181853	0	0	2	0.1	0.20703617516128	0.163402001333456	-0.0918961279927246	0.528938993231236	0.62083512122396	0	0	2	0.2	0.488680750120018	0.281726495057607	-0.0498026830629352	1.07671513446376	1.12651781752669	0	0	3	0.1	0.430291375386894	0.180512315206823	0.0954356604204388	0.804154754026595	0.708719093606156	0	0	3	0.2	0.801404291165589	0.313883436964508	0.209672785597123	1.42166529601718	1.21199251042005
309	0	0	0	0.1	0.161881207805961	0.0869661832621819	-0.00689521829162467	0.338298364179933	0.345193582471557	0	0	0	0.2	0.371663617369796	0.218908828041812	-0.0581078326225269	0.836688284636075	0.894796117258602	0	0	1	0.1	0.291853861300534	0.142815754544521	0.012260225173744	0.570064650169178	0.557804424995434	0	0	1	0.2	0.684898285170674	0.31694020807356	0.0951300934701864	1.34724591074513	1.25211581727494	0	0	2	0.1	0.47893664888987	0.239724278990188	0.0417869015926017	0.985258334115516	0.943471432522915	0	0	2	0.2	0.934078122992495	0.514302210546897	-0.061764082074783	1.99993656317844	2.06170064525322	0	0	3	0.1	0.547789946642965	0.374788452871363	-0.165841781131525	1.33201410749507	1.4978558886266	0	0	3	0.2	1.00408571332927	0.819539388966128	-0.669287073246703	2.59887767600947	3.26816474925617
340	0	0	0	0.1	-0.175079103559846	0.130775372823081	-0.480658515388416	0.0381515079625885	0.518810023351004	0	0	0	0.2	-0.350189440018853	0.230558361036112	-0.873357803445423	0.0505262003510782	0.923884003796502	0	0	1	0.1	-0.088008040698076	0.133101550720426	-0.356383731506523	0.18316429321728	0.539548024723803	0	0	1	0.2	0.194764068365722	0.443925207804687	-0.462481388344796	1.22702446757411	1.6895058559189	0	0	2	0.1	0.68759026532249	0.471040146981199	0.114035018930634	1.89318301335985	1.77914799442922	0	0	2	0.2	1.82093782980205	0.9177469080381	0.473954934342496	3.8923910420727	3.4184361077302	0	0	3	0.1	1.53937608735051	0.759457668373632	0.506529460597687	3.31553184339017	2.80900238279248	0	0	3	0.2	2.91391084935585	1.14163496591871	1.08117283386464	5.59785785239673	4.51668501853209
230	0	0	0	0.1	0.0329807265719737	0.0819495801173544	-0.126607770584029	0.196477653182007	0.323085423766036	0	0	0	0.2	0.0715620112610541	0.187648263792177	-0.315717518144377	0.458426956458101	0.774144474602478	0	0	1	0.1	0.270358686609423	0.157875774618781	-0.0262008474059316	0.596763147968261	0.622963995374193	0	0	1	0.2	0.65219786255441	0.367541103118887	-0.0175077343143167	1.38445836517382	1.40196609948813	0	0	2	0.1	0.63113919299126	0.243301959597052	0.202476663793871	1.15917884077671	0.956702176982836	0	0	2	0.2	1.25138685295462	0.45318852110581	0.432564992646669	2.20473075693441	1.77216576428774	0	0	3	0.1	0.924361194675172	0.314126808104904	0.417305714530908	1.56773133451931	1.15042561998841	0	0	3	0.2	1.68634065106551	0.537075007420455	0.792078716438178	2.85680237350235	2.06472365706417
238	0	0	0	0.1	0.138450083536941	0.0448619093886284	0.0553994377127089	0.233509363568128	0.178109925855419	0	0	0	0.2	0.271838282946595	0.0982755092694944	0.0866271677566961	0.492625709642866	0.40599854188617	0	0	1	0.1	0.295573080389848	0.129245448599055	0.0883956588121242	0.580539517418847	0.492143858606723	0	0	1	0.2	1.00529536491525	0.466718938278572	0.271469391245214	1.97701013837436	1.70554074712915	0	0	2	0.1	0.944786025219102	0.335239302983685	0.364881030382329	1.67493202264697	1.31005099226464	0	0	2	0.2	2.31772123767516	0.785339709036359	0.919599642745075	4.04507060716259	3.12547096441752	0	0	3	0.1	1.48295993293102	0.455315696114555	0.668838141294306	2.49806101083627	1.82922286954197	0	0	3	0.2	3.10080170085078	0.998268140226939	1.34856452396332	5.33644585936212	3.9878813353988
284	0	0	0	0.1	0.229291527647222	0.0677206804774037	0.103316074461595	0.371621101460566	0.268305026998972	0	0	0	0.2	0.568180903676156	0.212733695022775	0.239912850632435	1.05221372543576	0.81230087480332	0	0	1	0.1	0.574595085275865	0.25890470879396	0.203918166890377	1.21401220895119	1.01009404206081	0	0	1	0.2	1.81770309363829	0.761240287036705	0.615139074182872	3.58558256718923	2.97044349300636	0	0	2	0.1	1.35801511649028	0.532590597366182	0.513242508633993	2.52245477739014	2.00921226875615	0	0	2	0.2	2.7291314608748	0.877532076265931	1.23347606627367	4.61035342298517	3.37687735671149	0	0	3	0.1	1.86517299362007	0.655919547443078	0.788473591914831	3.34582530834519	2.55735171643036	0	0	3	0.2	3.23736158732202	0.984733411279639	1.52303482561936	5.38334944578881	3.86031462016945
311	0	0	0	0.1	-0.0667591471304452	0.0813970064700905	-0.230705591004018	0.0953225552580296	0.326028146262048	0	0	0	0.2	-0.122960081108753	0.170992873741429	-0.468472508061352	0.215204156338108	0.68367666439946	0	0	1	0.1	0.105607432206913	0.146707905009203	-0.16598516646269	0.417769393449809	0.583754559912499	0	0	1	0.2	0.44785596976451	0.440690098685906	-0.287116430767099	1.46557476438632	1.75269119515342	0	0	2	0.1	0.559873140684039	0.357238004701639	-0.0573616809608239	1.34435159423913	1.40171327519995	0	0	2	0.2	1.46562163519778	0.982473136212225	-0.0207836536498821	3.7160955545077	3.73687920815758	0	0	3	0.1	0.977382546915203	0.602713359146119	0.0871606061910088	2.36397946959149	2.27681886340048	0	0	3	0.2	2.17172504032879	1.41726144887763	0.274927957785937	5.37618000004015	5.10125204225422
302	0	0	0	0.1	0.108090563755492	0.113833961122932	-0.119674281222425	0.328850399352019	0.448524680574445	0	0	0	0.2	0.110652936350076	0.231094030432991	-0.358291231219187	0.565638787070788	0.923930018289974	0	0	1	0.1	0.0433784409755222	0.115854566429596	-0.197177171804101	0.25367263938805	0.450849811192152	0	0	1	0.2	0.165231289858447	0.237586164111771	-0.342812497030813	0.615813175870789	0.958625672901602	0	0	2	0.1	0.294111221379489	0.138171384924477	0.0342806998854685	0.572426141816983	0.538145441931514	0	0	2	0.2	0.722503682718095	0.300548933449497	0.174950458707364	1.34165523266204	1.16670477395468	0	0	3	0.1	0.552801348996809	0.184814185560978	0.223238983251368	0.956063907719186	0.732824924467818	0	0	3	0.2	1.19616926955779	0.392991569330933	0.483676963601378	2.02247657561539	1.53879961201401
279	0	0	0	0.1	0.0211607997496499	0.0763096316243622	-0.138359739582851	0.16278410854887	0.301143848131721	0	0	0	0.2	-0.0342167497887353	0.172091898856574	-0.381345235455579	0.290358622368404	0.671703857823983	0	0	1	0.1	0.0367611597890632	0.118486163954643	-0.207696259414233	0.260821913682971	0.468518173097204	0	0	1	0.2	0.133504533674041	0.262513752820384	-0.420390400540522	0.66040106322101	1.08079146376153	0	0	2	0.1	0.357967854242558	0.190748970497456	0	0.765041373875866	0.765041373875866	0	0	2	0.2	0.86387788799811	0.385122033023326	0.0861609991893631	1.61454784696351	1.52838684777415	0	0	3	0.1	0.737124761265066	0.280207822810837	0.201849349504628	1.30364161878144	1.10179226927681	0	0	3	0.2	1.45933564159675	0.507891760457724	0.425915377437723	2.41713073717581	1.99121535973809
290	0	0	0	0.1	0.0131216903707857	0.0512812379096634	-0.0943131861272298	0.107661231362569	0.201974417489799	0	0	0	0.2	0.00407387161228863	0.145500563193999	-0.318528141190331	0.274176556552483	0.592704697742813	0	0	1	0.1	0.0752863112590475	0.231892999200574	-0.354460455800919	0.634826805924441	0.98928726172536	0	0	1	0.2	0.437413999026774	0.623549360986085	-0.555371403347652	1.93102928685949	2.48640069020714	0	0	2	0.1	0.5236659560602	0.446418217380731	-0.166047578915385	1.58539338964129	1.75144096855668	0	0	2	0.2	1.17064617468736	0.839534202242719	-0.272177730442353	3.02680481510464	3.29898254554699	0	0	3	0.1	0.794195914482532	0.525209720061915	-0.0372948958625291	2.06093801136318	2.09823290722571	0	0	3	0.2	1.52173294066067	0.905303043736617	-0.0776825779450601	3.48472343962781	3.56240601757287
343	0	0	0	0.1	-0.0231220472780483	0.0870495541378691	-0.203232948301744	0.141154160998818	0.344387109300561	0	0	0	0.2	-0.0588720540568362	0.190277608113148	-0.415137810318906	0.316922339266736	0.732060149585642	0	0	1	0.1	0.120579479280969	0.181305172390948	-0.189916174118563	0.539208049829805	0.729124223948369	0	0	1	0.2	0.590902098717156	0.593542596685745	-0.222308919153401	2.06537093918188	2.28767985833528	0	0	2	0.1	0.73338411665722	0.53580070960427	0.110645345183283	2.05954071156373	1.94889536638044	0	0	2	0.2	1.76009217494172	1.0640873480156	0.401579639301309	4.10269992323761	3.7011202839363	0	0	3	0.1	1.29135520461467	0.80037070567753	0.372072842172256	3.18784707711757	2.81577423494532	0	0	3	0.2	2.60896926518655	1.32168693860603	0.860737338373128	5.50496645234435	4.64422911397122
333	0	0	0	0.1	0.0396055687627707	0.0707912952873898	-0.109543676094583	0.172892490647175	0.282436166741757	0	0	0	0.2	0.106116078955695	0.182989089671756	-0.27238749749744	0.476170513848387	0.748558011345828	0	0	1	0.1	0.227819208381081	0.190848482598442	-0.0678039811288737	0.686230182433609	0.754034163562483	0	0	1	0.2	0.993212696444132	0.616903916490177	0.0925727935029968	2.51340804961806	2.42083525611506	0	0	2	0.1	1.12303017188361	0.495431999402124	0.397860261087027	2.25824646052892	1.86038619944189	0	0	2	0.2	2.3727181849639	0.826191186388458	1.03945150955838	4.30849885695218	3.26904734739379	0	0	3	0.1	1.86399296268723	0.664671428907411	0.79485643428088	3.48777750938912	2.69292107510824	0	0	3	0.2	3.28066007157062	1.01468900722712	1.57280636085803	5.62191454012715	4.04910817926911
317	0	0	0	0.1	0.165166064262627	0.0596678440688808	0.0572958181849791	0.281419956836392	0.224124138651413	0	0	0	0.2	0.386089897417424	0.161736799247147	0.115169608462396	0.731943084363608	0.616773475901212	0	0	1	0.1	0.361454066367912	0.152584786298571	0.113422807267366	0.710325279682361	0.596902472414995	0	0	1	0.2	1.07017740194024	0.463299959968262	0.343518038958934	2.08633285339659	1.74281481443766	0	0	2	0.1	0.913566259961824	0.320794408830868	0.413182946782075	1.57624052644586	1.16305757966379	0	0	2	0.2	1.96315954702763	0.599311027690667	0.908053063963346	3.21008944665513	2.30203638269179	0	0	3	0.1	1.38414236735262	0.446653006378557	0.652303894390749	2.35588159593241	1.70357770154166	0	0	3	0.2	2.54257305078649	0.721939384200075	1.27613214607949	4.02408981977158	2.7479576736921
247	0	0	0	0.1	0.17689355056437	0.102316243087545	-0.0137929273150655	0.385772384979749	0.399565312294814	0	0	0	0.2	0.399372045739633	0.195062114079453	0.0422052223695867	0.788273062319148	0.746067839949561	0	0	1	0.1	0.316673959053882	0.116284598588653	0.0971801123018183	0.559223043442872	0.462042931141054	0	0	1	0.2	0.691842929898303	0.227016809034761	0.285060559934115	1.19637364933812	0.911313089404005	0	0	2	0.1	0.625953287146334	0.166984263662938	0.3447290756409	0.993231891645101	0.648502816004201	0	0	2	0.2	1.15471411503872	0.303643256992368	0.630252715512679	1.80655722995541	1.17630451444273	0	0	3	0.1	0.858701672293351	0.23660380147565	0.44791457358107	1.39245621368162	0.944541640100553	0	0	3	0.2	1.49410812483168	0.391175814452737	0.799685295267827	2.3397096873632	1.54002439209537
329	0	0	0	0.1	0.0733658704934267	0.0768421045261568	-0.0843264442713048	0.221082129580346	0.305408573851651	0	0	0	0.2	0.194554515495997	0.200378126004891	-0.192019855069476	0.599229653211881	0.791249508281357	0	0	1	0.1	0.398417474012575	0.17782631972187	0.0824007376451942	0.774726958750663	0.692326221105469	0	0	1	0.2	1.18614319009677	0.462513528639853	0.378426276293245	2.20154690613979	1.82312062984655	0	0	2	0.1	1.04766292443547	0.326844475776939	0.541979359473896	1.82049437293177	1.27851501345787	0	0	2	0.2	2.11216825777255	0.568917997141077	1.19172792963476	3.40311452547713	2.21138659584237	0	0	3	0.1	1.51022086352705	0.439420603950713	0.855336551846445	2.54961038536743	1.69427383352099	0	0	3	0.2	2.70175845368465	0.680177579477061	1.62609753622522	4.27052378007942	2.64442624385419
281	0	0	0	0.1	0.0769286615665598	0.0663464679993794	-0.0529799295885422	0.211357079937081	0.264337009525623	0	0	0	0.2	0.250971903704028	0.189188530164405	-0.0783216331936832	0.640579189462167	0.71890082265585	0	0	1	0.1	0.328162737200567	0.195549378255438	0.0568515848932568	0.867609326032632	0.810757741139375	0	0	1	0.2	0.899178327496018	0.48460376343992	0.211250686411407	2.09672647909587	1.88547579268446	0	0	2	0.1	0.71947679032076	0.282701989162974	0.322700522584596	1.40100708871731	1.07830656613271	0	0	2	0.2	1.41225560484807	0.467136429203399	0.696695154202289	2.49358429597436	1.79688914177207	0	0	3	0.1	0.930728680788579	0.310383521008388	0.463141692676387	1.66838833097448	1.2052466382981	0	0	3	0.2	1.65022650243127	0.496832668477742	0.855833625576009	2.79429950143315	1.93846587585714
334	0	0	0	0.1	0.283877234686565	0.126102657555348	0.0572311025611301	0.563023625355172	0.505792522794042	0	0	0	0.2	0.618824101466216	0.333285968939252	0.0233534095221956	1.30075680201542	1.27740339249322	0	0	1	0.1	0.299615128995525	0.185367822008089	-0.0443268014652899	0.65021149829602	0.69453829976131	0	0	1	0.2	0.859936066110535	0.376218941626725	0.160422848700896	1.65337269707526	1.49294984837437	0	0	2	0.1	0.798821845217527	0.271268094513514	0.361665209217672	1.43543404875002	1.07376883953235	0	0	2	0.2	1.52823374154877	0.429966505106484	0.813104223448651	2.49451308599311	1.68140886254446	0	0	3	0.1	1.11847467235509	0.349602395367803	0.592952869929834	1.985468909616	1.39251603968617	0	0	3	0.2	1.93903797427351	0.518771441835095	1.07226254586585	3.18145922619878	2.10919668033293
341	0	0	0	0.1	-0.0943737747799598	0.0852308860599178	-0.27856822323922	0.0521203860920911	0.330688609331311	0	0	0	0.2	-0.23289098634184	0.178329690169711	-0.618500527130912	0.085837431126615	0.704337958257527	0	0	1	0.1	-0.0924443924290957	0.111253426251608	-0.316795333277953	0.116172432543343	0.432967765821296	0	0	1	0.2	-0.158033463201153	0.248710664855783	-0.639187586455368	0.311561280771282	0.95074886722665	0	0	2	0.1	-0.00395920371822086	0.186843751033999	-0.380123252661994	0.359577177813943	0.739700430475937	0	0	2	0.2	0.00424614622135297	0.416949924533167	-0.790670181538924	0.844090524197625	1.63476070573655	0	0	3	0.1	0.0320985989766346	0.278824007448392	-0.51574689584396	0.579889518276621	1.09563641412058	0	0	3	0.2	-0.00025477777412594	0.684141559840398	-1.45874581658817	1.26926520326971	2.72801101985788
336	0	0	0	0.1	0.0907930969676045	0.0700831772112151	-0.0614733436975901	0.219499605705236	0.280972949402827	0	0	0	0.2	0.145849757582273	0.143335743041061	-0.167636465358518	0.416133320594329	0.583769785952847	0	0	1	0.1	0.121215888804489	0.144080655479779	-0.173768007536628	0.396871934552594	0.570639942089221	0	0	1	0.2	0.61824557185655	0.538393784698887	-0.26280145222125	1.87680708970092	2.13960854192217	0	0	2	0.1	1.20978964418308	0.550048944460834	0.402115780866493	2.47046060643163	2.06834482556514	0	0	2	0.2	3.31588832434501	0.97323875861262	1.6841696198411	5.45576257799851	3.77159295815741	0	0	3	0.1	2.70624509919831	0.811393364268906	1.40709713419562	4.51446119379792	3.1073640596023	0	0	3	0.2	4.71679991072318	1.11179592416153	2.78657754907124	7.12526748364706	4.33868993457581
371	0	0	0	0.1	-0.0491615600489871	0.0845276988680086	-0.227472816025686	0.105191011889639	0.332663827915324	0	0	0	0.2	-0.0733264794185892	0.16563789134316	-0.400289391575092	0.244827794433904	0.645117186008996	0	0	1	0.1	0.0840459657309432	0.0914957477278995	-0.0851255200429026	0.278472930611141	0.363598450654044	0	0	1	0.2	0.286703647644665	0.229220633560251	-0.0834299036064789	0.861341193325051	0.944771096931529	0	0	2	0.1	0.409109929091802	0.177513919153019	0.141244010221098	0.8858324797173	0.744588469496202	0	0	2	0.2	0.916661248257188	0.376192985691864	0.373464411597431	1.84439521665055	1.47093080505312	0	0	3	0.1	0.689974239419797	0.264295213804842	0.328555502335589	1.35986287031737	1.03130736798178	0	0	3	0.2	1.35750425339833	0.480462475531418	0.65309259766158	2.4754904379039	1.82239784024232
307	0	0	0	0.1	0.287643205904153	0.130951746318787	0.064943831472924	0.588787723250072	0.523843891777148	0	0	0	0.2	0.826235492969515	0.395989669742148	0.256668296439572	1.75523184725648	1.4985635508169	0	0	1	0.1	0.718989580507206	0.295572456340784	0.280805306836596	1.41864664300937	1.13784133617277	0	0	1	0.2	1.81216212767441	0.721695449780034	0.656999440214582	3.30558538318768	2.6485859429731	0	0	2	0.1	1.33883318536541	0.562207687060446	0.457868252511685	2.5578103367918	2.09994208428011	0	0	2	0.2	2.72932586330798	1.05405953640385	0.952748297398529	4.92914844935049	3.97640015195196	0	0	3	0.1	1.76107529405575	0.774226018839759	0.580255974416608	3.45982521529367	2.87956924087706	0	0	3	0.2	3.39899665357104	1.42566899105347	1.16479985475355	6.33455940103621	5.16975954628266
348	0	0	0	0.1	0.139469585455831	0.0580994871669544	0.024245479050963	0.251600676245791	0.227355197194828	0	0	0	0.2	0.246442064252477	0.145363282061472	-0.0780934900472749	0.52696979739668	0.605063287443955	0	0	1	0.1	0.0651993896287862	0.179506196706639	-0.297201432850106	0.3881577315458	0.685359164395905	0	0	1	0.2	0.146616472547967	0.508938029678461	-0.781317403517084	1.14885130612786	1.93016870964494	0	0	2	0.1	0.292932432661613	0.34920394849621	-0.261095337438983	1.12359720286721	1.3846925403062	0	0	2	0.2	0.730169224875816	0.689366627738035	-0.431680599745906	2.28798007484586	2.71966067459176	0	0	3	0.1	0.717944554764587	0.461786045254873	0.0336042219715451	1.8603245205115	1.82672029853996	0	0	3	0.2	1.38511475682155	0.767577969834072	0.209438247506746	3.12023491569888	2.91079666819213
295	0	0	0	0.1	0.204741559765502	0.0600046355137571	0.0945391146719624	0.337981184802892	0.24344207013093	0	0	0	0.2	0.461961437489835	0.142095768695815	0.216931889179746	0.779600754725137	0.562668865545392	0	0	1	0.1	0.315134861745319	0.130871347913165	0.0636552391126736	0.63126490359394	0.567609664481266	0	0	1	0.2	0.732577988891278	0.443566074774674	-0.00381784229070791	1.89750099402306	1.90131883631376	0	0	2	0.1	0.504246532229403	0.305892337474962	-0.0731126302620449	1.26130838007982	1.33442101034187	0	0	2	0.2	1.16542786318025	0.683525688571872	0.00462382161134932	2.8532291711033	2.84860534949195	0	0	3	0.1	0.883934140798965	0.407863950853401	0.178442813521404	1.82029323974526	1.64185042622385	0	0	3	0.2	1.73515690824817	0.771921641482983	0.46480829300381	3.65444084192931	3.1896325489255
292	0	0	0	0.1	0.0639583063572715	0.0925231299483051	-0.114704354288638	0.251402560719623	0.366106915008261	0	0	0	0.2	0.0289084569101861	0.197557451959503	-0.36001187433863	0.405212145344407	0.765224019683037	0	0	1	0.1	0.0463094722602595	0.103295334044602	-0.164714524990818	0.245085366340882	0.4097998913317	0	0	1	0.2	0.175316023044129	0.21619536934394	-0.27886558975501	0.59087016811701	0.869735757872021	0	0	2	0.1	0.388279482727798	0.139850652146018	0.108428820885374	0.6677916815009	0.559362860615526	0	0	2	0.2	0.847893200476388	0.280525569817442	0.319346472569724	1.44744561001269	1.12809913744297	0	0	3	0.1	0.693728959057934	0.218233125063911	0.324978771769048	1.18110085084133	0.856122079072278	0	0	3	0.2	1.32946240833743	0.413042713123569	0.632496472856469	2.23467608650351	1.60217961364705
319	0	0	0	0.1	0.0690510080624734	0.0808680146623353	-0.0919090805855302	0.223218082354103	0.315127162939634	0	0	0	0.2	0.266506875363916	0.230024672625553	-0.139391920081952	0.758676999529647	0.898068919611599	0	0	1	0.1	0.503510869327861	0.233702483976754	0.133285121817952	1.01641164680737	0.88312652498942	0	0	1	0.2	1.57321191217613	0.641365492395816	0.550315897208377	3.01082657897954	2.46051068177117	0	0	2	0.1	1.38448989549819	0.4710752983661	0.672101697486051	2.41913875041238	1.74703705292633	0	0	2	0.2	2.68579084575969	0.782369236208583	1.4677666876094	4.37389692067198	2.90613023306258	0	0	3	0.1	2.02263113140483	0.611527579632211	1.04839245446455	3.39441595430047	2.34602349983592	0	0	3	0.2	3.70437659786916	1.04869241136892	1.99340378735519	6.08776369786366	4.09435991050847
294	0	0	0	0.1	0.139468622413808	0.0685004742279425	0.0164924836648287	0.285183927021929	0.268691443357101	0	0	0	0.2	0.345227616226977	0.188490498648048	0.0630193584222702	0.760672258913374	0.697652900491104	0	0	1	0.1	0.479368335237849	0.202505661840241	0.178772178205841	1.00202851608323	0.823256337877387	0	0	1	0.2	1.23903533782887	0.497816655442428	0.480300825248643	2.5111175680003	2.03081674275166	0	0	2	0.1	0.9839237674636	0.375818536037419	0.399583418356958	1.87901942875023	1.47943601039327	0	0	2	0.2	1.97930190727679	0.692365623084188	0.858014792558599	3.60714390470442	2.74912911214582	0	0	3	0.1	1.36649657853835	0.524177355324335	0.565541920205313	2.56754321095613	2.00200129075082	0	0	3	0.2	2.55215696225927	0.888911126525263	1.13466168330513	4.55880047998996	3.42413879668483
286	0	0	0	0.1	0.101155954589666	0.0798183929613876	-0.0483766191050555	0.256528577845581	0.304905196950637	0	0	0	0.2	0.220328763725259	0.173467224194634	-0.114778065676978	0.56941337680875	0.684191442485728	0	0	1	0.1	0.0754578334891161	0.135799707160805	-0.191884807551229	0.331032373873096	0.522917181424325	0	0	1	0.2	0.176910994510914	0.349265924372715	-0.516490743080247	0.909117695862847	1.42560843894309	0	0	2	0.1	0.226198426966824	0.262346476254763	-0.292991240638404	0.75334204797262	1.04633328861102	0	0	2	0.2	0.641183551074243	0.599201142728447	-0.450127233134245	1.86344567403896	2.3135729071732	0	0	3	0.1	0.473485458723581	0.376288765045067	-0.189418112948996	1.28219851028411	1.47161662323311	0	0	3	0.2	0.961178909797009	0.761017181425185	-0.40296929129457	2.51815934791114	2.92112863920571
283	0	0	0	0.1	0.0100767291741423	0.0785764767384059	-0.138741313661351	0.172266117440221	0.311007431101571	0	0	0	0.2	0.0263913743910917	0.17819055768553	-0.300788203176109	0.413331110992019	0.714119314168128	0	0	1	0.1	0.177119877410663	0.137261260064741	-0.0758184397457532	0.464636366929114	0.540454806674868	0	0	1	0.2	0.59443150314054	0.389212851588061	-0.038696353287576	1.51011039609659	1.54880674938417	0	0	2	0.1	0.683962327261357	0.275930153723881	0.245936421143113	1.31242395330637	1.06648753216326	0	0	2	0.2	1.48258903462217	0.513805534880138	0.637168131635154	2.65839628095198	2.02122814931682	0	0	3	0.1	1.08238803155673	0.364108500233905	0.501457702847904	1.94296294707029	1.44150524422239	0	0	3	0.2	2.00607883584716	0.607087260147066	1.00575639429087	3.37344934239966	2.36769294810879
297	0	0	0	0.1	0.110064766932301	0.0694009471578779	-0.02781106385535	0.245851996263162	0.273663060118512	0	0	0	0.2	0.196525498827582	0.199256247515963	-0.21777704765248	0.602987180209834	0.820764227862314	0	0	1	0.1	0.0735500190166581	0.18762175160355	-0.313543025344876	0.47172057546788	0.785263600812756	0	0	1	0.2	0.382135817873942	0.599283363226084	-0.66900260947744	1.74558688865794	2.41458949813538	0	0	2	0.1	0.522753481056898	0.39542792693751	-0.0897086121633205	1.40840318948316	1.49811180164648	0	0	2	0.2	1.57309442423625	0.885061080934354	0.139859274182357	3.57849057170785	3.43863129752549	0	0	3	0.1	1.19515082027961	0.579238889376707	0.290745273629228	2.55933660194413	2.2685913283149	0	0	3	0.2	2.51406862353121	1.01519709492939	0.750229915508031	4.83741630682716	4.08718639131913
365	0	0	0	0.1	-0.0704499737124086	0.122286856100091	-0.310992460227993	0.168159928492229	0.479152388720222	0	0	0	0.2	-0.069058935696806	0.242457352818411	-0.545026509593756	0.4232715793673	0.968298088961057	0	0	1	0.1	0.131886195737336	0.192987432031652	-0.242461625977086	0.528324443043754	0.77078606902084	0	0	1	0.2	0.625462557370307	0.58214989156504	-0.367565868216248	1.99035157728636	2.3579174455026	0	0	2	0.1	0.586064364937289	0.378236051645352	0.0185148333277724	1.4392870499285	1.42077221660073	0	0	2	0.2	1.62746262699056	0.916162404216665	0.182684657144156	3.59322014330811	3.41053548616396	0	0	3	0.1	1.04227632749294	0.562452922902857	0.204661694434568	2.33289934445456	2.12823765001999	0	0	3	0.2	2.43766494835149	1.19028246519231	0.537939361055365	5.09570645347533	4.55776709241996
287	0	0	0	0.1	0.28168802755719	0.113409087570978	0.0556516124925302	0.525520535677349	0.469868923184819	0	0	0	0.2	0.642215560275842	0.275170484768191	0.15860497863847	1.2778940006452	1.11928902200673	0	0	1	0.1	0.476159939148613	0.153622766739166	0.226341932920762	0.839659141763296	0.613317208842533	0	0	1	0.2	1.18507512733135	0.396010392181755	0.5826716486511	2.16771025722946	1.58503860857836	0	0	2	0.1	1.00304501412864	0.284909723383558	0.55659877876882	1.66484151532209	1.10824273655327	0	0	2	0.2	2.18956132038931	0.59953010198035	1.22822024580522	3.50448156662302	2.2762613208178	0	0	3	0.1	1.53464999664649	0.444077095874675	0.836814939382629	2.51857251820043	1.6817575788178	0	0	3	0.2	3.14081470360928	0.887562389863715	1.77276441129796	5.1341530789855	3.36138866768754
308	0	0	0	0.1	0.0524356419786559	0.0765821675237265	-0.11032940647556	0.200309463714197	0.310638870189756	0	0	0	0.2	0.0201190628637967	0.193273742757325	-0.397262925781003	0.380115942611694	0.777378868392696	0	0	1	0.1	0.00953209540339529	0.137163976433926	-0.277734471747855	0.282443472853011	0.560177944600866	0	0	1	0.2	0.113639530014167	0.315054962286623	-0.463908787765111	0.75533777803323	1.21924656579834	0	0	2	0.1	0.325156571190898	0.199555056995949	-0.018239433120189	0.762860112506344	0.781099545626533	0	0	2	0.2	0.755936315848077	0.400309411881224	0.0440330798580542	1.66927818219962	1.62524510234157	0	0	3	0.1	0.605577940276491	0.273271090673436	0.138667332180029	1.25809306469981	1.11942573251978	0	0	3	0.2	1.17645027040061	0.495128035679654	0.299320597270415	2.31264593803488	2.01332534076447
379	0	0	0	0.1	0.28167856222483	0.0994016691159991	0.0750735368018176	0.482262843838791	0.407189307036974	0	0	0	0.2	0.555692562387194	0.417209376821982	-0.0737035439816966	1.66131838263346	1.73502192661515	0	0	1	0.1	0.191924121981303	0.714728191048292	-0.743775650403467	1.8996780981432	2.64345374854667	0	0	1	0.2	1.60615940859546	1.6312577322665	-0.938138779261648	4.61566740068655	5.5538061799482	0	0	2	0.1	1.87269780646964	0.981923421111806	0.230926566168388	3.75723846633545	3.52631190016706	0	0	2	0.2	3.94309848701658	1.30086283491506	1.64089370610644	6.79611882068768	5.15522511458124	0	0	3	0.1	2.86948778544744	0.90651427624971	1.34924923604228	4.799001606937	3.44975237089472	0	0	3	0.2	5.2045468141156	1.48075481328238	2.84983502966521	8.86416766738929	6.01433263772408
301	0	0	0	0.1	-0.0376144851333915	0.0563631383488138	-0.155151526621517	0.0624870845369534	0.21763861115847	0	0	0	0.2	-0.0541776501103243	0.110713354975686	-0.290434352888209	0.136300150778942	0.426734503667151	0	0	1	0.1	0.179009107033861	0.150488633224764	-0.0850211245200918	0.485378020203811	0.570399144723903	0	0	1	0.2	1.10177247743439	0.857979802571782	-0.0481922460373613	3.14511264211028	3.19330488814764	0	0	2	0.1	1.48937700463112	0.72704938383067	0.388370145703909	3.05866129113138	2.67029114542747	0	0	2	0.2	3.50063834431569	1.06029302167159	1.56506591135591	5.57837350083183	4.01330758947592	0	0	3	0.1	2.67850955873956	0.85845565656651	1.19211677667824	4.48195597200455	3.28983919532631	0	0	3	0.2	4.37450578320678	1.1048325771297	2.40495552944763	6.61057607143841	4.20562054199078
282	0	0	0	0.1	0.156423167107436	0.134564919812333	-0.134225843210234	0.40423529561408	0.538461138824314	0	0	0	0.2	0.432212207317443	0.310353590645174	-0.111476922924088	1.08470236863163	1.19617929155572	0	0	1	0.1	0.414494484998615	0.245539567896773	-0.0187861652574284	0.917345404747306	0.936131570004735	0	0	1	0.2	1.09324995872878	0.576344931168913	0.0197389055595682	2.26016543447133	2.24042652891176	0	0	2	0.1	0.90667017367998	0.467894707159476	0.0833123423758053	1.87952405598604	1.79621171361023	0	0	2	0.2	1.78118612637009	0.808001394870314	0.210362147847337	3.33925024396191	3.12888809611458	0	0	3	0.1	1.24770277093928	0.649901044810269	0.155509813570461	2.61658612245083	2.46107630888037	0	0	3	0.2	2.25012526832537	1.03348310243997	0.355460831703739	4.2292574506345	3.87379661893076
378	0	0	0	0.1	0.21860690764575	0.0998217849192463	0.0343055542895334	0.428036375502492	0.393730821212958	0	0	0	0.2	0.550662354974231	0.241862541884089	0.117831037194229	1.06749988648984	0.949668849295616	0	0	1	0.1	0.422209887381701	0.147892874412785	0.155150516569944	0.73362943666294	0.578478920092997	0	0	1	0.2	1.20273450356567	0.410835707317856	0.5055823243408	2.07556398732682	1.56998166298602	0	0	2	0.1	0.962387642558189	0.274024663551243	0.524528584055572	1.56854228128898	1.0440136972334	0	0	2	0.2	2.11906594701459	0.550206243008856	1.21519650504529	3.30425326738011	2.08905676233482	0	0	3	0.1	1.39868908110286	0.388540805128055	0.79386065871617	2.33948170985519	1.54562105113902	0	0	3	0.2	2.74221332722081	0.682206122609488	1.6961796341121	4.1648741326437	2.4686944985316
252	0	0	0	0.1	0.24524841039585	0.155077654792578	-0.0494370940456958	0.601161593161343	0.650598687207039	0	0	0	0.2	0.648842934285604	0.398887986784011	-0.0555575704106515	1.51099346800063	1.56655103841129	0	0	1	0.1	0.460024263197811	0.260803359014715	0.024346199963781	1.06100503339566	1.03665883343188	0	0	1	0.2	1.1716714175577	0.49271591484448	0.34579163376489	2.21210430198802	1.86631266822313	0	0	2	0.1	0.858152078553186	0.30398071082367	0.395949213421598	1.52589008627041	1.12994087284881	0	0	2	0.2	1.65793650634286	0.508389883556349	0.828189922862061	2.75078928718986	1.9225993643278	0	0	3	0.1	1.00693552278397	0.324519966771242	0.511113594191941	1.7249519175071	1.21383832331516	0	0	3	0.2	1.86631259064819	0.549266809773419	0.989920225642789	3.11828607152714	2.12836584588435
351	0	0	0	0.1	0.0733370088233088	0.0541765607800957	-0.0316068843254419	0.178127526445135	0.209734410770577	0	0	0	0.2	0.140223375177097	0.140665512776564	-0.157850617386005	0.402081398932367	0.559932016318372	0	0	1	0.1	0.240706570701621	0.187595591505816	-0.13285619328349	0.609010158403031	0.741866351686522	0	0	1	0.2	0.840199004018889	0.565978785015609	-0.24389003812623	2.10360727010209	2.34749730822832	0	0	2	0.1	0.862717082721062	0.450819815566447	0.108266857135954	1.88678151186389	1.77851465472794	0	0	2	0.2	2.0303320250579	0.936513277820299	0.313505013376803	4.02206860208997	3.70856358871317	0	0	3	0.1	1.47771102970711	0.682337768657518	0.36145664788902	2.97231290779257	2.61085625990355	0	0	3	0.2	2.90315902185839	1.22934838113002	0.694853892467628	5.48793968930096	4.79308579683333
285	0	0	0	0.1	0.181866474339975	0.10947711536415	-0.0143948843882257	0.406397652028138	0.420792536416364	0	0	0	0.2	0.343942348777086	0.25397328115623	-0.134148499434274	0.876187997200755	1.01033649663503	0	0	1	0.1	0.0267592745158974	0.149346090081175	-0.289021414104708	0.280099377415829	0.569120791520537	0	0	1	0.2	0.263356209081567	0.404721404052638	-0.574383654578009	1.09328996985536	1.66767362443337	0	0	2	0.1	0.380120526321794	0.25605075765718	-0.0739554508116621	0.969290417218506	1.04324586803017	0	0	2	0.2	1.29134140697005	0.687226915002184	0.245039616956075	3.16434232424142	2.91930270728534	0	0	3	0.1	1.0403548010483	0.499607477910441	0.378725525597339	2.41415353782545	2.03542801222811	0	0	3	0.2	2.38563400690843	0.968582258294612	0.968954856651136	4.75711816783825	3.78816331118712
300	0	0	0	0.1	0.246905551251083	0.0858013879594491	0.0841174130784176	0.42098271899494	0.336865305916522	0	0	0	0.2	0.49905847594633	0.200889256105601	0.142261192122556	0.948689667478315	0.806428475355758	0	0	1	0.1	0.240906039917911	0.125124397266036	0.0236915750722923	0.510972307753599	0.487280732681307	0	0	1	0.2	0.556615427172948	0.29416231274448	0.0483934985111357	1.20100700714905	1.15261350863792	0	0	2	0.1	0.447632725903806	0.18883578945785	0.104407042265598	0.86698074796709	0.762573705701493	0	0	2	0.2	0.975997782734494	0.399472896503296	0.219739476827354	1.8925823041166	1.67284282728925	0	0	3	0.1	0.663550437062366	0.258966993882719	0.185340623455986	1.24260265269038	1.05726202923439	0	0	3	0.2	1.32357739598397	0.510642039612366	0.384262077370945	2.47935757312249	2.09509549575154
299	0	0	0	0.1	0.0726747925213929	0.0710055423802923	-0.0475270724802156	0.225748730428284	0.273275802908499	0	0	0	0.2	0.052536100123089	0.204201585835317	-0.386646920954992	0.453496844287705	0.840143765242698	0	0	1	0.1	-0.149711417024054	0.191817664140805	-0.559995657891218	0.204105169430493	0.764100827321711	0	0	1	0.2	-0.148739767211247	0.434019945026049	-1.01890936985487	0.750697762987469	1.76960713284233	0	0	2	0.1	0.198303634250235	0.245531303587079	-0.281634641768454	0.707653377258899	0.989288019027353	0	0	2	0.2	0.702824926263757	0.563631776853722	-0.352839856618835	1.89520375827457	2.24804361489341	0	0	3	0.1	0.631375407143373	0.355259286217146	0.0389427081526595	1.47042698079387	1.43148427264121	0	0	3	0.2	1.46641436237011	0.754213255839102	0.179207154441624	3.11478171811445	2.93557456367283
355	0	0	0	0.1	0.0629952172582396	0.096626979671668	-0.117829082838886	0.249631741645891	0.367460824484777	0	0	0	0.2	0.0819937456186208	0.209214784885325	-0.310198466959003	0.48075766051595	0.790956127474953	0	0	1	0.1	-0.0553597814651376	0.213127183891197	-0.508560365370913	0.324725725772764	0.833286091143677	0	0	1	0.2	-0.115492769329697	0.618125824077277	-1.37451933583611	1.07693569768152	2.45145503351763	0	0	2	0.1	0.151107706473987	0.448245445200232	-0.696507689722909	1.02341172846999	1.7199194181929	0	0	2	0.2	0.523366285496051	1.0412917202124	-1.51403361813308	2.43015654417426	3.94419016230734	0	0	3	0.1	0.514619098419583	0.617361282824744	-0.669561446719809	1.73336856226735	2.40293000898716	0	0	3	0.2	1.13051223488053	1.26678191374644	-1.4618410723782	3.43402542495941	4.89586649733761
359	0	0	0	0.1	0.0435977953816495	0.0580489748125336	-0.0739292357690586	0.149813297641235	0.223742533410294	0	0	0	0.2	0.0591530856206083	0.108677933792852	-0.161577488039869	0.264809605871375	0.426387093911243	0	0	1	0.1	0.0913507675338459	0.0834887268959096	-0.0689735858140913	0.25965388996288	0.328627475776971	0	0	1	0.2	0.257754056596792	0.227844050278632	-0.167477886208298	0.771049052853751	0.938526939062049	0	0	2	0.1	0.432586957115171	0.22319793689541	0.0610309032067546	0.961157005099877	0.900126101893123	0	0	2	0.2	1.15624508951349	0.569620403197273	0.226848199187857	2.42603684298216	2.1991886437943	0	0	3	0.1	0.973185672570242	0.454657267216844	0.327698852166278	2.04044030106201	1.71274144889573	0	0	3	0.2	2.14013200445516	0.85561686336252	0.805045353968641	4.11594773384429	3.31090237987565
339	0	0	0	0.1	0.102883250251364	0.0969258829560262	-0.0759797896311495	0.307541070764189	0.383520860395338	0	0	0	0.2	0.31740094584712	0.33570091761002	-0.237955848841072	1.13470614756805	1.37266199640912	0	0	1	0.1	0.360136762971283	0.305810241512214	-0.149740264087802	1.07334167572443	1.22308193981223	0	0	1	0.2	1.12935839503079	0.783742265601661	-0.24701653247145	2.9413127992562	3.18832933172765	0	0	2	0.1	0.932815569312323	0.546697980921245	0.0877991796773898	2.17462118966526	2.08682200998787	0	0	2	0.2	1.88948378853124	0.995986616743088	0.310546324689382	4.15590800965315	3.84536168496377	0	0	3	0.1	1.2770278457654	0.677280336883588	0.22157235338385	2.88293876206923	2.66136640868538	0	0	3	0.2	2.35033509171214	1.17896205568466	0.441564258521473	5.26988289290703	4.82831863438555
393	0	0	0	0.1	0.0494233415273705	0.0814301628615598	-0.110738036128374	0.208940376046789	0.319678412175163	0	0	0	0.2	0.195154878362312	0.204628951794029	-0.193346028296105	0.619470772384433	0.812816800680538	0	0	1	0.1	0.476411397966976	0.264814028479042	0.075669569198286	1.12751764327393	1.05184807407565	0	0	1	0.2	2.04813437693497	1.12707760224661	0.519772799726828	4.66298164928337	4.14320884955654	0	0	2	0.1	1.90016900260487	0.857574031905723	0.722993700855284	3.82657010208306	3.10357640122778	0	0	2	0.2	4.2907809779379	1.5233663784108	1.85897054731606	7.7837260636509	5.92475551633485	0	0	3	0.1	2.92172422399942	1.03422962828935	1.31811515525447	5.22835381316554	3.91023865791107	0	0	3	0.2	5.45284938492062	1.68116094093789	2.6457379436335	9.09145601395192	6.44571807031843
366	0	0	0	0.1	0.0891740391254706	0.059686055760207	-0.0292755364637763	0.2046481983617	0.233923734825476	0	0	0	0.2	0.265259897168551	0.239911381210884	-0.157030142363462	0.810413930177356	0.967444072540818	0	0	1	0.1	0.401534978593578	0.334940026675366	-0.0823424006248428	1.27817190595041	1.36051430657526	0	0	1	0.2	1.42192892000004	0.888140358912586	0.0995147733700173	3.53291747027669	3.43340269690667	0	0	2	0.1	1.16904693084796	0.628304987156045	0.297061017660012	2.74551182229613	2.44845080463612	0	0	2	0.2	2.55962518154202	1.05873315711086	0.881073067958202	4.94343294962211	4.06235988166391	0	0	3	0.1	1.81273613153295	0.77159598100475	0.67369371776832	3.58595307288763	2.91225935511931	0	0	3	0.2	3.34861722687661	1.18074360782127	1.45054725295292	5.93284283591465	4.48229558296174
293	0	0	0	0.1	0.275635178757625	0.0997069958533603	0.0932665025726381	0.497071050524841	0.403804547952203	0	0	0	0.2	0.724978099118699	0.303109918460099	0.173040738867728	1.39128575468347	1.21824501581574	0	0	1	0.1	0.499944116426805	0.208242725562008	0.107498908114563	0.908295995711185	0.800797087596622	0	0	1	0.2	1.06789678640632	0.414593352295823	0.272388520738069	1.86066278973635	1.58827426899828	0	0	2	0.1	0.867484311166914	0.321774624320013	0.271187321851586	1.49061704011125	1.21942971825966	0	0	2	0.2	1.44401024192235	0.541075158566211	0.419868267115388	2.46684394056162	2.04697567344624	0	0	3	0.1	1.09064691831343	0.447756593952775	0.305079300011615	2.03472570715876	1.72964640714714	0	0	3	0.2	1.72979113037083	0.707634400060994	0.47803828312953	3.13456560806582	2.65652732493629
289	0	0	0	0.1	0.194137836952585	0.07853318601688	0.0525804843340997	0.353337189896302	0.300756705562202	0	0	0	0.2	0.457499016605212	0.230409082579945	0.051022192196533	0.985001706471057	0.933979514274524	0	0	1	0.1	0.361517686717624	0.159954354359528	0.0934665064882363	0.734495310341132	0.641028803852896	0	0	1	0.2	0.986712542982544	0.459951385310162	0.29403852829648	2.07962301771656	1.78558448942008	0	0	2	0.1	0.781440093379896	0.305714785324512	0.341036169253423	1.50034122096707	1.15930505171365	0	0	2	0.2	1.69179371289778	0.61458539025125	0.742314258235878	3.12390722987418	2.38159297163831	0	0	3	0.1	1.08412230742691	0.422985083188795	0.491269347540501	2.1235181959316	1.6322488483911	0	0	3	0.2	2.12668903488875	0.75017421560959	0.967062568626134	3.83246926218191	2.86540669355578
392	0	0	0	0.1	0.160265797958356	0.0679549127602852	0.0343676455359298	0.302485557266966	0.268117911731036	0	0	0	0.2	0.286648440750888	0.138231007567668	0.0353118068757139	0.59309778151923	0.557785974643516	0	0	1	0.1	0.179808942626	0.0788418621069054	0.0368705432140713	0.362884281697133	0.326013738483061	0	0	1	0.2	0.374405194305574	0.160402812672908	0.082947466717328	0.740784111668696	0.657836644951368	0	0	2	0.1	0.363166395417083	0.111356793439589	0.176194639639432	0.618995081017672	0.442800441378239	0	0	2	0.2	0.767407058522	0.228637570940964	0.377077177325388	1.29481085018554	0.917733672860156	0	0	3	0.1	0.586329756097304	0.168585696165662	0.310310018247117	0.961189554783241	0.650879536536124	0	0	3	0.2	1.17885881800815	0.330159228157721	0.631866400355133	1.90923260307901	1.27736620272388
368	0	0	0	0.1	0.0243839770549909	0.0817881959559705	-0.148370824745006	0.17906738162719	0.327438206372196	0	0	0	0.2	0.0263740306390904	0.169938121425756	-0.33275938192488	0.347387693027628	0.680147074952508	0	0	1	0.1	0.0492498208963175	0.165107195534624	-0.293295209966588	0.358781220691735	0.652076430658323	0	0	1	0.2	0.187065350745662	0.504754132002691	-0.890379658190375	1.20981825408078	2.10019791227116	0	0	2	0.1	0.271605031186518	0.341806829129988	-0.377030564516269	1.03504511417787	1.41207567869414	0	0	2	0.2	0.775612051999329	0.860433214063055	-0.811585252171028	2.66517117518395	3.47675642735497	0	0	3	0.1	0.581205957141585	0.480424452706533	-0.227204880110313	1.66162602895871	1.88883090906902	0	0	3	0.2	1.34547296360119	1.0223276657588	-0.4220670474295	3.65290205516631	4.07496910259581
347	0	0	0	0.1	0.120126747730554	0.061434412775473	-0.0139351681083563	0.243293338278978	0.257228506387334	0	0	0	0.2	0.234173297440976	0.138009229163162	-0.0276512159566659	0.508773989737866	0.536425205694532	0	0	1	0.1	0.214847264175258	0.111195834841005	0.00402781477347536	0.438305549507242	0.434277734733766	0	0	1	0.2	0.600515863416662	0.323148294440752	0.0525002990649675	1.32984581524568	1.27734551618071	0	0	2	0.1	0.600218802051452	0.24411003658772	0.18303105540754	1.1250503343119	0.942019278904361	0	0	2	0.2	1.41270465420319	0.562968058791837	0.450304979492279	2.69088796141908	2.2405829819268	0	0	3	0.1	0.9873135610362	0.390461735873763	0.354584795032885	1.87892517292996	1.52434037789708	0	0	3	0.2	1.9690422324635	0.749514910253094	0.701923195335017	3.65213580781426	2.95021261247924
303	0	0	0	0.1	0.122470040448986	0.0990791115574919	-0.092570579586514	0.294713116754348	0.387283696340862	0	0	0	0.2	0.308287635628828	0.33188871808833	-0.386122182347206	0.96759912342418	1.35372130577139	0	0	1	0.1	0.268484368152458	0.252216349720552	-0.22484159417218	0.817303629950165	1.04214522412234	0	0	1	0.2	0.885433270750144	0.561404026386322	-0.0762319187372133	2.09657953337344	2.17281145211065	0	0	2	0.1	0.780396273509547	0.375455428722547	0.157334325737993	1.61619821611221	1.45886389037421	0	0	2	0.2	1.41178216853705	0.6142524889947	0.31755661463274	2.75701203067681	2.43945541604407	0	0	3	0.1	0.9999592809617	0.444343627273876	0.254215837175374	1.95514977273881	1.70093393556343	0	0	3	0.2	1.66732932414017	0.699479079441733	0.468298272428836	3.14953244686586	2.68123417443702
373	0	0	0	0.1	0.276359807119044	0.117177923260807	0.053921098536104	0.493253133436901	0.439332034900797	0	0	0	0.2	0.315823004089227	0.32407359866576	-0.408402548429384	0.940730518035796	1.34913306646518	0	0	1	0.1	-0.10431804748663	0.339796016217304	-0.873539110506906	0.476410742175794	1.3499498526827	0	0	1	0.2	0.187760931855115	0.77555703728416	-1.34834759569197	1.77681563534607	3.12516323103805	0	0	2	0.1	0.547669325750685	0.501970412687271	-0.374148454727071	1.67370593764976	2.04785439237684	0	0	2	0.2	1.39965660140026	0.978751649759389	-0.538515695540767	3.43048105848212	3.96899675402289	0	0	3	0.1	1.05926648264293	0.654512051695016	-0.106022321891368	2.57460898001134	2.68063130190271	0	0	3	0.2	2.05595118499193	1.18340720344649	-0.182199529389026	4.71000162648874	4.89220115587777
380	0	0	0	0.1	0.22999523834276	0.166976951521816	-0.0585554468054727	0.576101817000081	0.634657263805554	0	0	0	0.2	0.703353140952995	0.486150890441177	-0.241695389144841	1.67743931613382	1.91913470527866	0	0	1	0.1	0.423887167526424	0.312887993966952	-0.172940185428676	1.06787970261199	1.24081988804066	0	0	1	0.2	0.872622400129821	0.494163791672428	-0.122646894485053	1.89765497334402	2.02030186782907	0	0	2	0.1	0.663856841440535	0.317708994525173	0.0835090067765202	1.37843542893889	1.29492642216237	0	0	2	0.2	1.14312798927342	0.509751510567325	0.208842643390266	2.25543502269065	2.04659237930039	0	0	3	0.1	0.785513825115832	0.342968732775591	0.166367399558694	1.53995497321405	1.37358757365535	0	0	3	0.2	1.36543651597651	0.56604480544119	0.359440866055791	2.54681099464292	2.18737012858713
394	0	0	0	0.1	0.184007735012869	0.0985740172293157	0.00355127721489621	0.396325138774065	0.392773861559169	0	0	0	0.2	0.473544161674123	0.227335928480999	0.075685894852527	0.989267865505062	0.913581970652535	0	0	1	0.1	0.378080852979808	0.161674095367569	0.110973264571432	0.738501309067995	0.627528044496563	0	0	1	0.2	0.951685579207029	0.436645784468285	0.285521819548565	1.9704024170714	1.68488059752283	0	0	2	0.1	0.776009304705144	0.334725429954555	0.296290627460429	1.55920963448975	1.26291900702932	0	0	2	0.2	1.81213852625077	0.779873816730595	0.699239071582632	3.58767732097022	2.88843824938759	0	0	3	0.1	1.26343768924909	0.544464487566472	0.488716349075815	2.58126194716003	2.09254559808422	0	0	3	0.2	2.71796565168329	1.09027829198458	1.03514064026746	5.30830003490029	4.27315939463284
395	0	0	0	0.1	0.0793884570763014	0.0698071718115421	-0.054297763051288	0.223786274957953	0.278084038009241	0	0	0	0.2	0.208343698429954	0.153208491081696	-0.0756073187632424	0.525091570185765	0.600698888949008	0	0	1	0.1	0.197328827811426	0.113239672250723	-0.00700916247058893	0.439648991384441	0.44665815385503	0	0	1	0.2	0.520611601139645	0.318185479179015	0.0228740456364132	1.29620045064821	1.2733264050118	0	0	2	0.1	0.41621618468875	0.224207511614044	0.0827181056124174	0.968720015668339	0.886001910055922	0	0	2	0.2	0.905239768969438	0.475298300651012	0.210472970220024	2.10711673820523	1.89664376798521	0	0	3	0.1	0.603536641278888	0.3097002587926	0.163550858000111	1.37759675820893	1.21404590020881	0	0	3	0.2	1.17238182215643	0.570755130069563	0.334195637310591	2.59739221593425	2.26319657862366
361	0	0	0	0.1	0.183538063966137	0.0801547802573021	0.0418238343230581	0.351067013829081	0.309243179506023	0	0	0	0.2	0.591797494857675	0.33840078858304	0.0953568344502286	1.45302655613105	1.35766972168082	0	0	1	0.1	0.762237739134054	0.488021814328643	0.086346633132858	2.07005838169407	1.98371174856121	0	0	1	0.2	2.64893342247424	1.16034382826247	0.742519092031692	5.05040559967194	4.30788650764025	0	0	2	0.1	2.2499264011531	0.941709884996243	0.775204285922988	4.2368661743596	3.46166188843662	0	0	2	0.2	4.49873872950818	1.33639519985202	2.11962147564574	7.15521509860208	5.03559362295634	0	0	3	0.1	3.35699646979221	1.16120460214811	1.35890861917105	5.66535486370649	4.30644624453544	0	0	3	0.2	5.81961611166276	1.55876227611499	3.08823459647992	9.13306936390156	6.04483476742163
381	0	0	0	0.1	0.0363920821693695	0.122584073132915	-0.203694630583761	0.26880804390502	0.472502674488782	0	0	0	0.2	0.0121864366147321	0.246523405199842	-0.429808341092918	0.47976782841296	0.909576169505877	0	0	1	0.1	0.0668678628007426	0.121574501687295	-0.169606349811971	0.320458727318845	0.490065077130816	0	0	1	0.2	0.278541336056413	0.284750305639955	-0.204618726796583	0.946637299963557	1.15125602676014	0	0	2	0.1	0.405995473808771	0.191198936234999	0.124382391163485	0.853587520386521	0.729205129223036	0	0	2	0.2	0.923512619230032	0.401824217686694	0.316166492774337	1.89630700127535	1.58014050850101	0	0	3	0.1	0.673643374635938	0.271101052712624	0.262635053772719	1.33518023467463	1.07254518090191	0	0	3	0.2	1.37077500027318	0.518527678934858	0.548450391727034	2.55066586226637	2.00221547053934
350	0	0	0	0.1	-0.0368254053165006	0.100208841117318	-0.235473320935975	0.151085528752645	0.38655884968862	0	0	0	0.2	-0.0527046429477562	0.212948441584918	-0.477766434097045	0.356313356854303	0.834079790951348	0	0	1	0.1	0.114411360101473	0.132397735517738	-0.139840730597493	0.37648536841182	0.516326099009313	0	0	1	0.2	0.431360283134654	0.343852433535856	-0.168673421784287	1.19237640608502	1.36104982786931	0	0	2	0.1	0.50937260909604	0.23675960595463	0.122492150606214	1.05944630189601	0.936954151289797	0	0	2	0.2	1.19374248968842	0.526359028387556	0.35276785404978	2.50487765714038	2.1521098030906	0	0	3	0.1	0.868217916674142	0.374660599202034	0.302207736126666	1.79312884344293	1.49092110731627	0	0	3	0.2	1.74162657740189	0.719914407940666	0.628534584383885	3.49929822976561	2.87076364538173
398	0	0	0	0.1	0.194111739870904	0.0803438316367084	0.0432252194412075	0.354851935572979	0.311626716131772	0	0	0	0.2	0.39090894184749	0.198345772968224	0.0289977203698991	0.792027809759651	0.763030089389752	0	0	1	0.1	0.247632965351991	0.125459927375098	0.021831039562802	0.498323828905978	0.476492789343176	0	0	1	0.2	0.57535166600206	0.331929496293211	0.0167583922653157	1.24901541114251	1.23225701887719	0	0	2	0.1	0.49113179757422	0.213877282513434	0.139822544804982	0.957252385808328	0.817429841003346	0	0	2	0.2	1.0965915163196	0.484706085278458	0.343406830006513	2.23942986274111	1.8960230327346	0	0	3	0.1	0.79061986348977	0.32358749717817	0.269541705595674	1.5122238190113	1.24268211341562	0	0	3	0.2	1.6098733751179	0.659355820611455	0.528468355637485	3.13280301030804	2.60433465467055
363	0	0	0	0.1	0.0448623565191472	0.0757294859571605	-0.104985704080583	0.196295920300304	0.301281624380887	0	0	0	0.2	0.0508370437099995	0.16195353367633	-0.269080619321279	0.380690712800289	0.649771332121568	0	0	1	0.1	0.0831385584689526	0.125394383686161	-0.154194412222526	0.360300730655403	0.514495142877928	0	0	1	0.2	0.214500256179718	0.298767599523803	-0.335266543475529	0.918252732690145	1.25351927616567	0	0	2	0.1	0.311653224880826	0.207112137330665	-0.0214067693986555	0.79712348204573	0.818530251444386	0	0	2	0.2	0.687867130766279	0.462154954773765	-0.0646943152494549	1.7558590234902	1.82055333873965	0	0	3	0.1	0.538963803416439	0.31808013887306	0.042125324650361	1.30773936105582	1.26561403640546	0	0	3	0.2	1.09271357972899	0.677828130765402	0.0796967298568296	2.73199068766543	2.65229395780861
375	0	0	0	0.1	0.100206783861843	0.0790844119214181	-0.0546900194200715	0.25518041458539	0.309870434005461	0	0	0	0.2	0.310567711443329	0.228717891144881	-0.0769986582771554	0.802254451814496	0.879253110091652	0	0	1	0.1	0.38775959197862	0.194298218283179	0.110047326179882	0.827050021204128	0.717002695024246	0	0	1	0.2	1.00057535020754	0.460606379820781	0.32393349473671	2.11149392430637	1.78756042956966	0	0	2	0.1	0.842768045232195	0.329652901170159	0.338812520117021	1.59535886762567	1.25654634750865	0	0	2	0.2	1.57522229138282	0.6037812668049	0.615793546099392	2.81647161439014	2.20067806829075	0	0	3	0.1	1.1120457038075	0.457318768650882	0.38364706922862	2.0815015298525	1.69785446062388	0	0	3	0.2	1.92112909132933	0.857209230638465	0.555450285586411	3.78978557322836	3.23433528764195
352	0	0	0	0.1	-0.196898242685803	0.148300063103913	-0.485675217032932	0.0718774034057132	0.557552620438645	0	0	0	0.2	-0.493443870891881	0.267935461686993	-1.010987613973	0.00708975654059314	1.01807737051359	0	0	1	0.1	-0.186095442243101	0.137804040639164	-0.484112770706785	0.045479440561379	0.529592211268164	0	0	1	0.2	-0.198669451868414	0.257475785509061	-0.737409154478843	0.269404728906826	1.00681388338567	0	0	2	0.1	0.139745858682081	0.173067170951075	-0.219516212677695	0.488824042950158	0.708340255627854	0	0	2	0.2	0.372256512340843	0.355301937024451	-0.354369364219458	1.16467474640489	1.51904411062434	0	0	3	0.1	0.340413228819898	0.238130462935748	-0.0802583720341692	0.92211232477931	1.00237069681348	0	0	3	0.2	0.681065587165238	0.452474646600112	-0.0929945598456383	1.75347082317653	1.84646538302217
360	0	0	0	0.1	0.18207938965744	0.0955173754253577	0.0180133701288394	0.386131886423989	0.368118516295149	0	0	0	0.2	0.621360525645141	0.547730247920321	-0.28923201234626	1.93321370562129	2.22244571796755	0	0	1	0.1	0.222954303263027	0.500201395951548	-0.708556148189447	1.25514769979892	1.96370384798836	0	0	1	0.2	1.05249961551712	0.731162964460275	-0.329059265577431	2.35427117792376	2.68333044350119	0	0	2	0.1	0.960949219990775	0.464175833866511	0.131945686057969	1.88586526979468	1.75391958373671	0	0	2	0.2	1.61246647280718	0.587456815881358	0.550094433956414	2.77358699321829	2.22349255926187	0	0	3	0.1	1.30191542804543	0.435323786271614	0.540257517344442	2.21503740158663	1.67477988424218	0	0	3	0.2	1.94045530803156	0.581169508288271	0.923720611515898	3.1679814631671	2.24426085165121
356	0	0	0	0.1	0.137781323127602	0.0506157658444338	0.0360068620934664	0.239122337758507	0.20311547566504	0	0	0	0.2	0.238029828106842	0.107416743743247	0.0295531157774233	0.465158886172063	0.43560577039464	0	0	1	0.1	0.229791789155282	0.109284184082273	0.0288875836410925	0.46688131597742	0.437993732336328	0	0	1	0.2	0.595206998445062	0.399675554350378	-0.0108967717952167	1.5647119745126	1.57560874630781	0	0	2	0.1	0.704008168252268	0.389429438808961	0.143794896839749	1.6650145764196	1.52121967957985	0	0	2	0.2	1.92679587010675	1.00095880415677	0.422932813476575	4.17757568293579	3.75464286945921	0	0	3	0.1	1.5092900109793	0.712766249144798	0.433737052703701	3.10488985905653	2.67115280635283	0	0	3	0.2	3.19330181041686	1.2765411880961	0.975003045777977	5.96838274808443	4.99337970230646
405	0	0	0	0.1	0.0753752203446462	0.0750465656435854	-0.069313298689026	0.214484064353832	0.283797363042858	0	0	0	0.2	0.145552879687888	0.140509609334527	-0.109990015618573	0.41904802428166	0.529038039900233	0	0	1	0.1	0.11053286274327	0.105111932501918	-0.0766157178934158	0.330794173018283	0.407409890911699	0	0	1	0.2	0.269523504465303	0.271109193767131	-0.21862581668878	0.831899286032876	1.05052510272166	0	0	2	0.1	0.284153846095517	0.197407265636595	-0.0656394058749892	0.709069117527822	0.774708523402811	0	0	2	0.2	0.652888969418137	0.449009522834064	-0.146106293949362	1.65694882459932	1.80305511854868	0	0	3	0.1	0.523136888948286	0.318010612698827	-0.0381013797080432	1.25883505627667	1.29693643598471	0	0	3	0.2	1.05744017098276	0.630457513296895	-0.0893834731004338	2.41603686917528	2.50542034227572
399	0	0	0	0.1	0.399315130259494	0.136742069202736	0.163280751220277	0.693518143969838	0.530237392749561	0	0	0	0.2	0.856230853873403	0.312461460322618	0.316001453990211	1.53318140362849	1.21717994963828	0	0	1	0.1	0.261487225223256	0.175365878733884	-0.0484740512436362	0.619145079640565	0.667619130884201	0	0	1	0.2	0.552209587344132	0.369485241328031	-0.121955304138648	1.3216351257553	1.44359042989395	0	0	2	0.1	0.365236282990192	0.201531900351514	0.003082737560187	0.783614336063244	0.780531598503057	0	0	2	0.2	0.751080509353948	0.376789976745171	0.0854727934330664	1.55111030542578	1.46563751199272	0	0	3	0.1	0.549993631870164	0.245417575331942	0.124612757831577	1.07502987912943	0.950417121297854	0	0	3	0.2	1.04254848838945	0.43610308987988	0.247803856382462	1.96137560469819	1.71357174831573
388	0	0	0	0.1	0.0646975439771513	0.0800987469329339	-0.0943186614916486	0.216786036759242	0.311104698250891	0	0	0	0.2	0.0874030299162291	0.218303753213589	-0.308488118644464	0.53758690331366	0.846075021958124	0	0	1	0.1	0.170896318734522	0.251218186493045	-0.203175238793487	0.754912382499655	0.958087621293141	0	0	1	0.2	0.866609259631253	0.82879944138397	-0.240853849879266	2.89368538707974	3.13453923695901	0	0	2	0.1	0.951796446140577	0.577357327561041	0.190312383446654	2.38454895273228	2.19423656928562	0	0	2	0.2	2.30889207203011	1.12781918956003	0.610129619784459	5.01945503532925	4.40932541554479	0	0	3	0.1	1.63634405804821	0.788185180422438	0.501051995537359	3.54200163098948	3.04094963545212	0	0	3	0.2	3.16049882683986	1.36503737012766	1.07585498894228	6.5556724646718	5.47981747572952
369	0	0	0	0.1	-0.0744656551698179	0.101208692481449	-0.304550747882605	0.104603138817812	0.409153886700417	0	0	0	0.2	-0.184023733111396	0.220483498810436	-0.67976864419641	0.23518838651164	0.914957030708051	0	0	1	0.1	0.0369273739871015	0.126743958167769	-0.222884875523263	0.287881049597762	0.510765925121025	0	0	1	0.2	0.340526684015923	0.357474557043345	-0.255789662761669	1.19360276428405	1.44939242704572	0	0	2	0.1	0.583897209133527	0.278564600784683	0.165410567333771	1.28950739023558	1.12409682290181	0	0	2	0.2	1.44869206721469	0.642270670185369	0.486142585377032	3.1599902690982	2.67384768372117	0	0	3	0.1	1.027121643855	0.423729220355115	0.407548599109906	2.21858303012143	1.81103443101153	0	0	3	0.2	2.10913426639254	0.812049240744059	0.827992672575479	4.04633285823836	3.21834018566288
362	0	0	0	0.1	0.249729290176883	0.0585184910565532	0.151819773453128	0.377292134528776	0.225472361075648	0	0	0	0.2	0.681765781266614	0.208787249739179	0.390260528824751	1.18415048880931	0.793889959984554	0	0	1	0.1	0.364488208026204	0.219762581546096	-0.0190439812668103	0.855712273274183	0.874756254540993	0	0	1	0.2	1.12541133036288	0.509362190597571	0.203042149887874	2.20940130087919	2.00635915099131	0	0	2	0.1	0.990988679810847	0.365098811324398	0.368115657771218	1.77013352170418	1.40201786393296	0	0	2	0.2	1.99930237816279	0.58877848231022	0.961664763158183	3.25374283585994	2.29207807270175	0	0	3	0.1	1.43597239259761	0.413167659999623	0.717642040745035	2.29424079677939	1.57659875603435	0	0	3	0.2	2.60980487942628	0.657420179895067	1.41961791585248	4.04945657827609	2.6298386624236
385	0	0	0	0.1	0.320981425072702	0.0979215147110501	0.142768926086215	0.529687151402838	0.386918225316623	0	0	0	0.2	0.745695315374395	0.254900847005547	0.301549531180896	1.3160960041174	1.01454647293651	0	0	1	0.1	0.50001085433261	0.152714881430009	0.24069042696439	0.848158780837541	0.607468353873152	0	0	1	0.2	1.00132901290837	0.30866049883846	0.475053818600856	1.68051327348289	1.20545945488203	0	0	2	0.1	0.727685479395722	0.216853851525073	0.340480221734071	1.23342748473959	0.892947263005517	0	0	2	0.2	1.27740366035827	0.373285077012481	0.598339753783402	2.14430966952804	1.54596991574464	0	0	3	0.1	0.854397466938018	0.271011371217766	0.37659418247167	1.43638206603397	1.0597878835623	0	0	3	0.2	1.44563686046966	0.442064245352372	0.665253465298478	2.3991880358988	1.73393457060033
376	0	0	0	0.1	0.0736812249863899	0.0688807686226662	-0.0617994495326519	0.210181486325927	0.271980935858579	0	0	0	0.2	0.193695242422808	0.142750258413082	-0.0841903398829899	0.509085955667022	0.593276295550012	0	0	1	0.1	0.28911136078846	0.110799829279028	0.106269434873434	0.547495916697108	0.441226481823674	0	0	1	0.2	0.811273174307479	0.32580196969268	0.329453592464463	1.57031552482801	1.24086193236354	0	0	2	0.1	0.873543360121258	0.309001778152089	0.438968001237636	1.63139529191972	1.19242729068209	0	0	2	0.2	2.04625361878038	0.686084088678015	1.04380296223113	3.71094825084651	2.66714528861538	0	0	3	0.1	1.62249725611491	0.572857268880981	0.787200052031009	2.9142347899469	2.12703473791589	0	0	3	0.2	3.2223600153478	0.964854776028871	1.64931676884773	5.5682736603868	3.91895689153907
397	0	0	0	0.1	0.264144932003901	0.0790317770230249	0.124555434180405	0.434683318949218	0.310127884768813	0	0	0	0.2	0.636683863782074	0.261101433036005	0.225362047323239	1.22422093156031	0.998858884237075	0	0	1	0.1	0.476889017258215	0.234717069903857	0.113282790922438	1.0518189205761	0.938536129653667	0	0	1	0.2	1.56676473324331	0.61372368430327	0.480324021375874	2.90146537691679	2.42114135554091	0	0	2	0.1	1.31978397880116	0.443684690071348	0.583838459601165	2.2874285648308	1.70359010522963	0	0	2	0.2	2.55464221805386	0.682930220444935	1.30432574802005	3.99068808550674	2.6863623374867	0	0	3	0.1	1.82350783202334	0.534898169325423	0.895518543642753	2.99470238911744	2.09918384547469	0	0	3	0.2	3.05766512108968	0.782469018386201	1.64322971189872	4.67010390126499	3.02687418936627
402	0	0	0	0.1	0.363490451297817	0.124574162654999	0.158981090889982	0.62514674426373	0.466165653373749	0	0	0	0.2	1.08081770509967	0.406329033271706	0.438908113438066	1.98325917490154	1.54435106146347	0	0	1	0.1	0.640251115962325	0.353642019337406	0.0767018476748149	1.44081073127936	1.36410888360454	0	0	1	0.2	1.25104169345257	0.772882438393505	-0.120256441050376	2.88893803012294	3.00919447117331	0	0	2	0.1	0.755241487793383	0.54904809982016	-0.170920218103052	1.97059772766981	2.14151794577286	0	0	2	0.2	1.32757803347078	0.930744990130853	-0.334333139608472	3.28886332967226	3.62319646928073	0	0	3	0.1	0.933816337668319	0.640816239420362	-0.08316916857223	2.38566568265124	2.46883485122347	0	0	3	0.2	1.62815519775197	1.00555379701073	-0.130055809087585	3.74969828039788	3.87975408948547
387	0	0	0	0.1	0.161549100388052	0.103318771065015	-0.00633063712451092	0.382267521932898	0.388598159057409	0	0	0	0.2	0.458004355982775	0.275209971623808	0.0374492408232888	1.10928738259064	1.07183814176735	0	0	1	0.1	0.340877216242299	0.194364627650991	0.0103546999336859	0.757206065283285	0.746851365349599	0	0	1	0.2	1.3525781936111	0.666643483106025	0.292879947891307	2.85231135846261	2.5594314105713	0	0	2	0.1	1.12381112765245	0.438688551749719	0.443342240829496	2.15626906462794	1.71292682379845	0	0	2	0.2	2.37730698705523	0.75604477763355	1.08066791690203	4.02657251706389	2.94590460016186	0	0	3	0.1	1.74514144034029	0.578795302977002	0.789086058130501	3.02361489741437	2.23452883928387	0	0	3	0.2	2.96127613823557	0.871587090710633	1.42225587299614	4.81494399874854	3.3926881257524
406	0	0	0	0.1	0.111817065925424	0.0909752266886605	-0.0619734772669166	0.302064440009607	0.364037917276524	0	0	0	0.2	0.290568547240759	0.200577415487161	-0.0647800436261083	0.707573425460624	0.772353469086733	0	0	1	0.1	0.289435121638666	0.142521662242712	0.0454858342572215	0.603740362618589	0.558254528361367	0	0	1	0.2	0.811025661212929	0.416548650862524	0.166608852628469	1.78453747570722	1.61792862307876	0	0	2	0.1	0.661079400362281	0.276532027538675	0.252142177989138	1.38722854909875	1.13508637110961	0	0	2	0.2	1.64196693331539	0.64728032441187	0.63226446876169	3.34806090992803	2.71579644116634	0	0	3	0.1	1.07887985909417	0.428603906131312	0.42978241689164	2.20971227755489	1.77992986066325	0	0	3	0.2	2.29041913983499	0.873956906553176	0.934268063844787	4.36653178968933	3.43226372584454
353	0	0	0	0.1	0.165726996269959	0.077782374380128	0.0222070040419624	0.31874990699602	0.296542902954057	0	0	0	0.2	0.28974792127532	0.171201509283575	-0.0304530954399785	0.653534524693465	0.683987620133444	0	0	1	0.1	0.1463476533626	0.145067518182472	-0.148021485123226	0.43702045203036	0.585041937153586	0	0	1	0.2	0.325553096451764	0.373963616946513	-0.384493185361235	1.11663434397761	1.50112752933884	0	0	2	0.1	0.315393567872838	0.273876671096075	-0.172619452507925	0.86199234693328	1.03461179944121	0	0	2	0.2	0.807352211741248	0.653575326762762	-0.365791823993863	2.25447250681513	2.620264330809	0	0	3	0.1	0.568799390865564	0.428465417207572	-0.111269272135789	1.59677828209513	1.70804755423092	0	0	3	0.2	1.27583615345181	0.910457467298034	-0.212149344804573	3.34062771424663	3.5527770590512
358	0	0	0	0.1	0.0106143277425244	0.111963612045408	-0.222216298081291	0.203341667029173	0.425557965110464	0	0	0	0.2	-0.0751606298305838	0.236782705980718	-0.584717699706144	0.337484752306798	0.922202452012942	0	0	1	0.1	0.0323637532109981	0.142083216946957	-0.254131698799207	0.298605755087498	0.552737453886705	0	0	1	0.2	0.127479472861885	0.309862739581703	-0.464268053496146	0.727787176712019	1.19205523020817	0	0	2	0.1	0.365591465648286	0.193830507784399	0.0132469688816266	0.773715503495101	0.760468534613475	0	0	2	0.2	0.92184584122263	0.452274722262324	0.10772694339563	1.84177292235816	1.73404597896253	0	0	3	0.1	0.797495661686548	0.323250283332917	0.285840501146542	1.4879465075818	1.20210600643526	0	0	3	0.2	1.79095215636294	0.713195248978542	0.627535604402081	3.36099027491338	2.7334546705113
396	0	0	0	0.1	0.0151851275323173	0.0805673293017812	-0.142901540020363	0.147857158576609	0.290758698596972	0	0	0	0.2	-0.093583558162062	0.178166827206155	-0.45024655937371	0.207309878563113	0.657556437936823	0	0	1	0.1	-0.0429712989184234	0.09542415533177	-0.261173966090429	0.122449512745558	0.383623478835986	0	0	1	0.2	0.00202080360135612	0.186050514314737	-0.408356586332149	0.350694276183224	0.759050862515373	0	0	2	0.1	0.313675716438456	0.134075108198713	0.0882200872470355	0.615137029906378	0.526916942659342	0	0	2	0.2	0.725234146993114	0.268711645498669	0.268613008035756	1.31674956641887	1.04813655838311	0	0	3	0.1	0.578424392436175	0.188440109440977	0.271225585555786	1.01905894851006	0.747833362954279	0	0	3	0.2	1.13497205037007	0.351876614357122	0.55322648472219	1.95285423606261	1.39962775134042
344	0	0	0	0.1	0.328755924130003	0.132848470058801	0.107304507972392	0.6392352309028	0.531930722930408	0	0	0	0.2	0.892410783120691	0.354077356106089	0.274051050688299	1.64359147604777	1.36954042535948	0	0	1	0.1	0.69731931177375	0.230678131857268	0.303627939802256	1.20196639546616	0.898338455663908	0	0	1	0.2	1.65209835696606	0.508370115893058	0.760784111297567	2.80515551365001	2.04437140235244	0	0	2	0.1	1.22790541095934	0.37366729239306	0.647951067476995	2.11332080939534	1.46536974191834	0	0	2	0.2	2.34774340876366	0.631380192989878	1.33140224645199	3.79024997458639	2.45884772813441	0	0	3	0.1	1.54600024306009	0.476836418197625	0.815476902244389	2.70898505005015	1.89350814780576	0	0	3	0.2	2.83495961213096	0.774512192529387	1.5724585947213	4.5881712423731	3.0157126476518
383	0	0	0	0.1	0.108978345751402	0.0838328622678991	-0.0588456562850656	0.265438753853575	0.32428441013864	0	0	0	0.2	0.199721637591023	0.188487401657976	-0.194715301255327	0.572171426004812	0.766886727260139	0	0	1	0.1	0.146439535706928	0.137236795369139	-0.12648761363638	0.381227614839047	0.507715228475427	0	0	1	0.2	0.509920504693662	0.379680696903056	-0.15747111147204	1.35538365076495	1.51285476223699	0	0	2	0.1	0.614221975533315	0.301961619791493	0.151989698692024	1.3256608376119	1.17367113891988	0	0	2	0.2	1.38322241074736	0.599144436596401	0.407018188509648	2.75018625827383	2.34316806976419	0	0	3	0.1	1.0788474999045	0.458103886214155	0.378277660872963	2.13859620265149	1.76031854177853	0	0	3	0.2	2.066868320613	0.763624520346343	0.759875789955688	3.73045209264476	2.97057630268907
391	0	0	0	0.1	0.125069412769881	0.0799920705951983	-0.0191169718077339	0.28648031696236	0.305597288770094	0	0	0	0.2	0.277590684131647	0.196555784703873	-0.0559783681238214	0.694533264372211	0.750511632496032	0	0	1	0.1	0.336454214680638	0.156609382730527	0.0888776574197303	0.7185599037878	0.629682246368069	0	0	1	0.2	0.872695419161658	0.38047449252112	0.27718416872247	1.71096493887942	1.43378077015695	0	0	2	0.1	0.848026619970742	0.293293273072746	0.347537337368084	1.46010195209349	1.11256461472541	0	0	2	0.2	1.79511223567573	0.567085738924642	0.810003827026883	2.95551026475567	2.14550643772878	0	0	3	0.1	1.36226396310362	0.43781792949543	0.610513573067957	2.29479129989924	1.68427772683128	0	0	3	0.2	2.57011140419237	0.756365378768483	1.2394977190403	4.18954983633974	2.95005211729943
357	0	0	0	0.1	0.125137740200691	0.0635552263990068	0.0102059532614747	0.253482782631781	0.243276829370306	0	0	0	0.2	0.46365610516842	0.257226902922567	0.101211333067396	1.13618467095907	1.03497333789167	0	0	1	0.1	0.981078226577431	0.492075310981992	0.362625329314994	2.18902992870744	1.82640459939244	0	0	1	0.2	2.6752626535403	0.582740065317853	1.5294582477718	3.75695962623507	2.22750137846327	0	0	2	0.1	1.97816801461789	0.522990894525739	0.993631777713431	3.0178375632378	2.02420578552437	0	0	2	0.2	2.97259014758042	0.752813004372553	1.61744145635699	4.6185160214993	3.00107456514231	0	0	3	0.1	1.73225261925733	0.586191026265519	0.714391427519018	2.97034183774494	2.25595041022592	0	0	3	0.2	3.11021379485349	1.06430940583657	1.34298947049897	5.28012680591563	3.93713733541666
367	0	0	0	0.1	-0.0195713688964004	0.0825482208482383	-0.206745641642015	0.122192853628845	0.32893849527086	0	0	0	0.2	-0.116744466747639	0.213947424306141	-0.620980364894264	0.251415019206219	0.872395384100483	0	0	1	0.1	-0.00975462115421235	0.14106712619739	-0.333740844065956	0.263918120966716	0.597658965032672	0	0	1	0.2	0.0972037084927155	0.375076585870955	-0.619755052433034	0.984620340233344	1.60437539266638	0	0	2	0.1	0.303607838687923	0.266587046781529	-0.132228735919277	0.970110917637475	1.10233965355675	0	0	2	0.2	0.709803362803151	0.533812783443519	-0.164736200192151	1.99313363197515	2.1578698321673	0	0	3	0.1	0.556872491763386	0.350376871613505	-0.000152124360908048	1.41582016118513	1.41597228554604	0	0	3	0.2	1.06063959328895	0.609248089430167	0.0458439853120782	2.44106325024855	2.39521926493647
386	0	0	0	0.1	0.0864205620231848	0.0681948126694317	-0.0512999772865667	0.221659186925094	0.272959164211661	0	0	0	0.2	0.152489812909024	0.142474834362118	-0.136933870194416	0.44333864759685	0.580272517791266	0	0	1	0.1	0.171606195802768	0.0897231134953598	-0.00670793970317685	0.34397248632101	0.350680426024187	0	0	1	0.2	0.41176182933635	0.228128759686031	-0.0550173788549818	0.879923198726519	0.934940577581501	0	0	2	0.1	0.51779577733182	0.183537025425119	0.192692228161874	0.932124185724721	0.739431957562847	0	0	2	0.2	1.20114497075561	0.444678938232735	0.460327124532142	2.1919199496453	1.73159282511316	0	0	3	0.1	0.920379952852288	0.322954737667708	0.380038270080017	1.64935336396161	1.26931509388159	0	0	3	0.2	1.82477257291891	0.641528371706499	0.793746921172067	3.2524999358687	2.45875301469663
384	0	0	0	0.1	0.20541781402757	0.0984443917938761	0.0162007025535306	0.396691508007119	0.380490805453589	0	0	0	0.2	0.500241063688777	0.298418631563143	-0.00675650080274995	1.21945662145103	1.22621312225378	0	0	1	0.1	0.339269074240756	0.190710294580989	0.0154962215876542	0.765266180707951	0.749769959120297	0	0	1	0.2	1.17941113963502	0.513719451015511	0.328017752194936	2.3246570973141	1.99663934511916	0	0	2	0.1	1.11266098742908	0.384383716533804	0.455375339546598	2.01841770054079	1.56304236099419	0	0	2	0.2	2.12058612412673	0.590267308228277	1.0878007941946	3.43178268686576	2.34398189267116	0	0	3	0.1	1.60043645795385	0.482338381285502	0.789730903150334	2.68966611342109	1.89993521027075	0	0	3	0.2	2.6898528687062	0.69224397932212	1.45678527128597	4.17234814976495	2.71556287847898
370	0	0	0	0.1	0.15627123850755	0.102585689172183	-0.0462511897524094	0.346418892826635	0.392670082579044	0	0	0	0.2	0.235382115204721	0.250748953288092	-0.269698494246125	0.733856168735264	1.00355466298139	0	0	1	0.1	0.115239706202085	0.175124585898715	-0.230003456231919	0.462564866698216	0.692568322930135	0	0	1	0.2	0.434990608994218	0.447876885745723	-0.3616468617605	1.41885894493403	1.78050580669453	0	0	2	0.1	0.519813613812578	0.320910882553679	0.0190146526266016	1.27004203984672	1.25102738722012	0	0	2	0.2	1.27877915411784	0.680293089026793	0.184981800296765	2.75999193055551	2.57501013025875	0	0	3	0.1	0.947937511055055	0.460930809260153	0.244409639025464	2.03625866585667	1.79184902683121	0	0	3	0.2	1.94520571552501	0.833008794289539	0.571238561946919	3.84870243682127	3.27746387487436
389	0	0	0	0.1	0.119171852188248	0.0879977676098946	-0.0488809935502354	0.303804645359701	0.352685638909936	0	0	0	0.2	0.353579152428932	0.268997119438037	-0.100168883538981	0.999163859234265	1.09933274277325	0	0	1	0.1	0.503424720174551	0.33410894186984	0.0524786593464098	1.37198556796373	1.31950690861732	0	0	1	0.2	1.80528904174938	0.776333410073489	0.616253091348793	3.61776494668465	3.00151185533586	0	0	2	0.1	1.60807942295332	0.630321762379452	0.672413717774595	3.0372144343838	2.36480071660921	0	0	2	0.2	2.96190074426818	0.989187137432306	1.39262895257136	5.22768140578172	3.83505245321036	0	0	3	0.1	2.09333458017423	0.809989137748658	0.906999284517079	3.93688852928985	3.02988924477277	0	0	3	0.2	3.44160063289946	1.23551141983774	1.54306467011905	6.43280243640514	4.88973776628609
390	0	0	0	0.1	0.0163411500712109	0.0810674907695228	-0.160959520879638	0.153673200017559	0.314632720897197	0	0	0	0.2	-0.0410619398097381	0.203429747157604	-0.521414894889508	0.2905028160524	0.811917710941908	0	0	1	0.1	-0.0112044208710227	0.137293070485214	-0.338505630663041	0.212706295016174	0.551211925679215	0	0	1	0.2	0.0834357028407041	0.341332879543203	-0.688914912217334	0.708484627057621	1.39739953927496	0	0	2	0.1	0.360356130706011	0.246689960612795	-0.086058794910662	0.903165263090195	0.989224058000857	0	0	2	0.2	0.911119493793332	0.506161222231801	-0.0421520195196501	2.02776251376551	2.06991453328516	0	0	3	0.1	0.787991845028104	0.374681411028911	0.114614831220632	1.60316764992617	1.48855281870554	0	0	3	0.2	1.45123298036201	0.63051406475	0.244872891559368	2.71871586787902	2.47384297631966
400	0	0	0	0.1	0.288164459072678	0.139500518578149	0.0633776479245089	0.601202655654219	0.53782500772971	0	0	0	0.2	0.584770272460346	0.331588167217472	-0.0693892423579484	1.26268315675693	1.33207239911488	0	0	1	0.1	0.178199616659165	0.198052107535467	-0.210182476845287	0.55348154944229	0.763664026287577	0	0	1	0.2	0.49472311279375	0.39596269589039	-0.236131931895566	1.29256901806159	1.52870094995716	0	0	2	0.1	0.449900246918401	0.238641119251379	0.0151132711374409	0.93836050647963	0.923247235342189	0	0	2	0.2	0.964961772295772	0.464386003683885	0.119771001235845	1.95819585987166	1.83842485863582	0	0	3	0.1	0.687166278580566	0.291770114898814	0.170474781760712	1.31038049274622	1.13990571098551	0	0	3	0.2	1.32916758049708	0.539455804089859	0.383967814376296	2.53364474198661	2.14967692761032
382	0	0	0	0.1	0.128331922829219	0.0771222941388598	-0.0235327818001157	0.280746702641816	0.304279484441932	0	0	0	0.2	0.295775361146238	0.197287515157254	-0.0878312981919	0.692685525535479	0.780516823727379	0	0	1	0.1	0.231797180732627	0.139496869559212	-0.0424549906450223	0.532961172011383	0.575416162656405	0	0	1	0.2	0.505217778917639	0.349944141173518	-0.168756808846726	1.2341949992545	1.40295180810123	0	0	2	0.1	0.313423732298837	0.231403990400896	-0.129110948445819	0.809551811897361	0.93866276034318	0	0	2	0.2	0.599754637576456	0.475180507161888	-0.353355015349441	1.60477766669242	1.95813268204186	0	0	3	0.1	0.349929873208419	0.299315604183938	-0.270896163603638	0.959661312444208	1.23055747604785	0	0	3	0.2	0.651008716006323	0.575363308728009	-0.535351346852586	1.85977455143352	2.39512589828611
372	0	0	0	0.1	0.213980209661714	0.0957299860390563	0.0518868851726231	0.429346915426121	0.377460030253498	0	0	0	0.2	0.507705523767016	0.293878292208242	0.0515744480142616	1.20759443215266	1.1560199841384	0	0	1	0.1	0.336202398080408	0.272852774724937	-0.0606409414898435	1.0193852076299	1.08002614911974	0	0	1	0.2	1.10653759914746	0.618650314607339	0.148541540818131	2.48008944005864	2.33154789924051	0	0	2	0.1	1.05806221517675	0.421136656689166	0.445926489147087	1.99380756802322	1.54788107887613	0	0	2	0.2	2.01412727673256	0.617546394319073	1.02286625372855	3.3200367320628	2.29717047833425	0	0	3	0.1	1.52568062481404	0.509371995635416	0.74145229336694	2.65335610107612	1.91190380770918	0	0	3	0.2	2.54808125824391	0.712598114402807	1.3533616189811	4.03692943444748	2.68356781546638
401	0	0	0	0.1	0.158929477312616	0.0924045298875046	-0.00519152889057906	0.350757371714888	0.355948900605467	0	0	0	0.2	0.431674093719621	0.235849912980712	-0.0253368356243135	0.938604850900457	0.963941686524771	0	0	1	0.1	0.29406982245134	0.197302152638441	-0.0677686172628125	0.717207560020812	0.784976177283624	0	0	1	0.2	0.66545668741034	0.466809062205361	-0.195761572703723	1.70293261850733	1.89869419121105	0	0	2	0.1	0.396877359991588	0.284369501016192	-0.133408484858518	1.01299405984557	1.14640254470409	0	0	2	0.2	0.695270291326362	0.513211168814884	-0.292551660588324	1.78197088700573	2.07452254759405	0	0	3	0.1	0.448726059092181	0.348839208494234	-0.175253708267208	1.19408144242395	1.36933515069116	0	0	3	0.2	0.746877762078949	0.58721385097727	-0.338102710925564	2.00298489704117	2.34108760796673
411	0	0	0	0.1	0.113443122794773	0.0857775026756887	-0.0561346688599573	0.282567435837725	0.338702104697682	0	0	0	0.2	0.285793302575448	0.206876610590688	-0.123361324068496	0.736815771967452	0.860177096035948	0	0	1	0.1	0.273274132191218	0.14537247058711	0.0205424630867102	0.57134991655002	0.55080745346331	0	0	1	0.2	0.738912437429934	0.374009740593535	0.0929608938139249	1.52047383993865	1.42751294612473	0	0	2	0.1	0.641073045443569	0.293953414405347	0.154729937130024	1.25569071840884	1.10096078127882	0	0	2	0.2	1.5039523043356	0.670112673760296	0.395013175911177	2.98000183842205	2.58498866251088	0	0	3	0.1	1.01621505222609	0.482477314828709	0.26077999432457	2.17743339874584	1.91665340442127	0	0	3	0.2	2.19113310745895	1.02584267672248	0.573678480297266	4.69111274535819	4.11743426506093
413	0	0	0	0.1	0.121383637659567	0.0681431859332157	-0.0191064764804453	0.2525917117901	0.271698188270546	0	0	0	0.2	0.211579562540777	0.14954960323336	-0.0927266490981448	0.498291949984977	0.591018599083122	0	0	1	0.1	0.153714763035797	0.108209670148239	-0.0489087635747806	0.37484111334839	0.42374987692317	0	0	1	0.2	0.414803072193366	0.279868860886999	-0.0779333517574742	1.03556155345955	1.11349490521703	0	0	2	0.1	0.429232522273242	0.218871897175221	0.0868609485199515	0.96990008005047	0.883039131530518	0	0	2	0.2	1.06461172480009	0.526076310355377	0.249971122512496	2.26071364795763	2.01074252544514	0	0	3	0.1	0.801330480567423	0.36745485140157	0.245034366743131	1.65694474311212	1.41191037636899	0	0	3	0.2	2.08334596549416	1.11356211042039	0.618230498802655	4.85065012815215	4.23241962934949
410	0	0	0	0.1	-0.0398530603138866	0.0911114722957373	-0.216923515278403	0.137368622359073	0.354292137637476	0	0	0	0.2	0.236077444107252	0.279377175541594	-0.196044252864079	0.869454358410076	1.06549861127416	0	0	1	0.1	1.00961314920679	0.46475821328942	0.260891625738909	2.00576534021478	1.74487371447587	0	0	1	0.2	2.50266906856517	0.814464593483776	0.893445275966975	4.23662292309564	3.34317764712867	0	0	2	0.1	1.84321104776292	0.579880588655463	0.8122104805896	3.10211999054906	2.28990950995946	0	0	2	0.2	3.22892020392216	0.979366597524934	1.58613365245059	5.48224947476973	3.89611582231914	0	0	3	0.1	2.10492516548029	0.659836492506326	0.997468035409316	3.5515023965186	2.55403436110929	0	0	3	0.2	3.57660544484839	1.1674663038233	1.72677448145805	6.36248898171075	4.63571450025269
414	0	0	0	0.1	0.0598295315001877	0.0653665444562344	-0.071512978634374	0.184288396850423	0.255801375484797	0	0	0	0.2	0.0958137281798507	0.139756833627081	-0.207102354958591	0.34769145169294	0.55479380665153	0	0	1	0.1	0.10365024377886	0.106642767003308	-0.115557225794243	0.303930588864798	0.419487814659041	0	0	1	0.2	0.325916137013202	0.297862607974637	-0.233318671423002	0.935515780144761	1.16883445156776	0	0	2	0.1	0.497984304514424	0.261955228088007	0.0875644498716429	1.10332889529603	1.01576444542438	0	0	2	0.2	1.45674261215322	0.715074055984338	0.355388844296198	3.02155588298876	2.66616703869256	0	0	3	0.1	1.27025138141978	0.583232237677599	0.430895918721579	2.57675024799295	2.14585432927137	0	0	3	0.2	2.74289473823697	1.00465772771282	1.0418040019951	4.83196104736737	3.79015704537227
426	0	0	0	0.1	0.139503355429798	0.116589951887049	-0.0969309313694958	0.382754516285681	0.479685447655177	0	0	0	0.2	0.390187297131463	0.359467410205931	-0.290073362434873	1.16382444782576	1.45389781026064	0	0	1	0.1	0.31375601504489	0.276791400808848	-0.124265365019664	0.962049596621256	1.08631496164092	0	0	1	0.2	0.99729995548182	0.616902210879564	0.0302029035446338	2.31735844332752	2.28715553978289	0	0	2	0.1	0.824827913660292	0.385491315587734	0.21894482467636	1.70329040886291	1.48434558418655	0	0	2	0.2	1.59249291636862	0.601071154086163	0.5529492932003	2.95683811561778	2.40388882241748	0	0	3	0.1	1.11098357651606	0.407894851729199	0.455255598427002	2.090461493345	1.635205894918	0	0	3	0.2	1.92249268944562	0.626181143893489	0.849862559393918	3.37183380435873	2.52197124496481
403	0	0	0	0.1	0.147779470665576	0.0790836417945047	-0.00146425380655919	0.312982657762681	0.31444691156924	0	0	0	0.2	0.574587890227855	0.307206200369553	0.0976720166860291	1.28218611190457	1.18451409521854	0	0	1	0.1	0.661724429835814	0.364043108623903	0.043979719875657	1.46101761082548	1.41703789094983	0	0	1	0.2	1.91530568723932	0.783037621250717	0.519783527198543	3.47826282854815	2.95847930134961	0	0	2	0.1	1.45982583099611	0.553068103429859	0.545699400339185	2.67970680184536	2.13400740150617	0	0	2	0.2	2.64671026522447	0.798650456567514	1.13767406489754	4.28615198962516	3.14847792472762	0	0	3	0.1	2.04209522578654	0.654535475372788	0.876507903207695	3.44711787305233	2.57060996984464	0	0	3	0.2	3.25449916286141	0.889945842479974	1.61048569374979	5.08973284646229	3.4792471527125
409	0	0	0	0.1	0.138517383809713	0.0903056120600775	-0.0354977803651468	0.335729982358042	0.371227762723189	0	0	0	0.2	0.171007456708432	0.211153210878052	-0.263723663836211	0.588968161837948	0.852691825674159	0	0	1	0.1	-0.132070347568741	0.195804212129037	-0.601760991367513	0.20405227698185	0.805813268349362	0	0	1	0.2	-0.309850529549572	0.420942188929163	-1.31354899052669	0.406705113959071	1.72025410448576	0	0	2	0.1	-0.0385635762389755	0.219889197189205	-0.540476164625625	0.344456883451942	0.884933048077567	0	0	2	0.2	0.0187669293158831	0.43399108340088	-0.926346271582329	0.811960491742014	1.73830676332434	0	0	3	0.1	0.197033223115366	0.242903850346113	-0.289816289069605	0.683743842712981	0.973560131782586	0	0	3	0.2	0.467889562985079	0.476578903454023	-0.514093172979967	1.41296201456275	1.92705518754272
416	0	0	0	0.1	-0.159280688259422	0.0988003810972646	-0.362964157182277	0.0187120660545512	0.381676223236828	0	0	0	0.2	-0.260094812853044	0.171326299662823	-0.59657186180706	0.0548687683165247	0.651440630123585	0	0	1	0.1	-0.0188033374751447	0.08147819666358	-0.177301588712425	0.134618164640501	0.311919753352926	0	0	1	0.2	0.0609504333846315	0.17483616532073	-0.273166421759368	0.402712784207941	0.675879205967308	0	0	2	0.1	0.326537175497406	0.148295605465969	0.075840070527286	0.652024338959493	0.576184268432206	0	0	2	0.2	0.893864377836468	0.39811325184825	0.300073566340677	1.81478677924963	1.51471321290895	0	0	3	0.1	0.773764724573394	0.315387209603901	0.32108147595296	1.52136239998208	1.20028092402912	0	0	3	0.2	1.67913316959427	0.635028232485295	0.708416842312681	3.10872699239452	2.40031015008184
412	0	0	0	0.1	0.0566376958756109	0.0785330296977317	-0.111472398274207	0.205095894358596	0.316568292632802	0	0	0	0.2	0.0892680076426262	0.252382535981108	-0.47801435618102	0.549347325998135	1.02736168217915	0	0	1	0.1	0.100898417574424	0.348864305008241	-0.56817479408767	0.931501803894758	1.49967659798243	0	0	1	0.2	0.801069160052501	0.824436864416524	-0.770695660886892	2.45278129090622	3.22347695179312	0	0	2	0.1	0.940773791453454	0.490274083032939	0.0834172119659876	1.97594905965748	1.89253184769149	0	0	2	0.2	1.66146108639454	0.612136493423761	0.547309071668513	2.84685087844152	2.29954180677301	0	0	3	0.1	1.33829622630614	0.460930287946705	0.479380258317869	2.28990115615817	1.8105208978403	0	0	3	0.2	2.01110652695832	0.604962214782144	0.808041634250502	3.22929465431941	2.42125302006891
404	0	0	0	0.1	0.323574666059077	0.109149878154087	0.134557864805498	0.556285132352365	0.421727267546868	0	0	0	0.2	0.648188826923482	0.274245339195411	0.17102122164833	1.27526277141012	1.10424154976179	0	0	1	0.1	0.216355613061528	0.185812236650259	-0.169318325213412	0.559136698382792	0.728455023596204	0	0	1	0.2	0.529378860248077	0.425034520667848	-0.318119713717491	1.34330216058938	1.66142187430687	0	0	2	0.1	0.44813407992182	0.251430653086214	-0.0578814509252333	1.01479994212542	1.07268139305065	0	0	2	0.2	1.17004281330824	0.559751157504117	0.159612834055644	2.39798299199437	2.23837015793873	0	0	3	0.1	0.836994455037138	0.350056607438572	0.245042641835804	1.60312483962978	1.35808219779398	0	0	3	0.2	1.85689552710928	0.724039342836629	0.578385464619554	3.40772194792006	2.82933648330051
427	0	0	0	0.1	-0.00425077002185846	0.0913332459229968	-0.188684553744719	0.183847142061142	0.372531695805861	0	0	0	0.2	-0.0873101534721057	0.174755632091233	-0.427108954103648	0.248910438972154	0.676019393075802	0	0	1	0.1	0.00102676164972714	0.0987862672182184	-0.204931226228692	0.20552821728513	0.410459443513821	0	0	1	0.2	0.0989342980064461	0.20813781989366	-0.311869951638007	0.545956889980281	0.857826841618289	0	0	2	0.1	0.305623350906581	0.140503682843374	0.0705367193419513	0.6128040976467	0.542267378304749	0	0	2	0.2	0.672762006529255	0.290627132945702	0.192870362214385	1.32658151755695	1.13371115534257	0	0	3	0.1	0.560770517779192	0.212077587685974	0.202150072204425	1.06352394588428	0.861373873679851	0	0	3	0.2	1.11485214776762	0.410129546665389	0.395398029951823	2.05026921171462	1.6548711817628
417	0	0	0	0.1	0.166765076322443	0.0682407137189454	0.04459421993235	0.319129927442007	0.274535707509657	0	0	0	0.2	0.375642063584738	0.150629929714581	0.12943560630496	0.695308383965167	0.565872777660207	0	0	1	0.1	0.188767541443456	0.107913116104142	-0.00958375785968181	0.413154203399383	0.422737961259065	0	0	1	0.2	0.497751015366789	0.299303661854653	-0.050296714318738	1.14143317984332	1.19172989416205	0	0	2	0.1	0.314903390284621	0.189086155767737	-0.0313411595190865	0.710405570631036	0.741746730150122	0	0	2	0.2	0.737901818019918	0.406326524376058	-5.45829967689229e-05	1.56766522795482	1.56771981095159	0	0	3	0.1	0.488277804378067	0.260022396491705	0.0280354281128568	1.04004395952677	1.01200853141391	0	0	3	0.2	0.948502359209276	0.49334842603889	0.065148168895124	1.98407506953645	1.91892690064133
423	0	0	0	0.1	0.498613144036414	0.14322598921283	0.277662096898336	0.818769230788973	0.541107133890637	0	0	0	0.2	1.4430106720215	0.472429250640292	0.681241087619873	2.4417844052396	1.76054331761972	0	0	1	0.1	0.83400054924456	0.34253341797263	0.29097652076379	1.643514683188	1.35253816242421	0	0	1	0.2	1.64166665401324	0.707041680281614	0.371179285132267	3.12190118796279	2.75072190283052	0	0	2	0.1	0.925511009334829	0.468910445104528	0.122209114999095	1.90351639157823	1.78130727657914	0	0	2	0.2	1.54808531176449	0.779053878521142	0.151992711930319	3.15733676100322	3.0053440490729	0	0	3	0.1	1.05798382745307	0.557834332968756	0.109193257667292	2.2542773175724	2.14508405990511	0	0	3	0.2	1.68844571387174	0.861661384277721	0.197423192089334	3.5892248116488	3.39180161955946
418	0	0	0	0.1	0.234461449585956	0.108667172505356	0.0562642027096941	0.480976087682792	0.424711884973098	0	0	0	0.2	0.559664600338562	0.274273338936206	0.10114881881035	1.15351616940802	1.05236735059767	0	0	1	0.1	0.343724054235255	0.174112429456155	0.0450389726546683	0.714014340749354	0.668975368094686	0	0	1	0.2	0.958750677540639	0.469606170346953	0.144313986074769	1.95020002372516	1.80588603765039	0	0	2	0.1	0.760863623528307	0.329051001662614	0.207314385979414	1.47455112523634	1.26723673925693	0	0	2	0.2	1.57876099492013	0.665786221026923	0.375754455779779	3.00644953616945	2.63069508038967	0	0	3	0.1	1.05758206601934	0.459791883921577	0.280973161258957	2.0973692938609	1.81639613260195	0	0	3	0.2	1.98388517899313	0.831527006936724	0.496860100019908	3.76774585622918	3.27088575620927
415	0	0	0	0.1	0.0580692525240232	0.0728337172233229	-0.0877873291662358	0.208124142828354	0.295911471994589	0	0	0	0.2	0.119061942094486	0.284992870447578	-0.410244083686552	0.698288100337813	1.10853218402437	0	0	1	0.1	0.375527491239214	0.449940053263261	-0.258565625008992	1.57255816825111	1.8311237932601	0	0	1	0.2	1.97877390603035	1.27663162686618	-0.126135074471474	4.5290418022882	4.65517687675967	0	0	2	0.1	1.83524324449269	0.90676425630172	0.362513231736557	3.87143843423216	3.5089252024956	0	0	2	0.2	3.53018881932251	1.16862915466775	1.1673266009617	5.84522870515274	4.67790210419105	0	0	3	0.1	2.57351530551369	0.908469075493678	0.947888226873413	4.43037512160513	3.48248689473172	0	0	3	0.2	4.25098582058615	1.13704898791161	2.07661041786062	6.56183525681934	4.48522483895871
407	0	0	0	0.1	0.0809530032444283	0.112944877388341	-0.178608675286216	0.264487625173857	0.443096300460073	0	0	0	0.2	0.0934431711378029	0.313217726207772	-0.618654396316476	0.628493362878886	1.24714775919536	0	0	1	0.1	0.0979006066648529	0.220495101803919	-0.394245480569684	0.495625427607428	0.889870908177112	0	0	1	0.2	0.51575480249512	0.532327466689939	-0.415332624001604	1.70255911705337	2.11789174105498	0	0	2	0.1	0.625398860047902	0.381219605616905	0.0214282248159002	1.51009706993051	1.48866884511461	0	0	2	0.2	1.43029960146217	0.773067635582529	0.241065009199298	3.26719086028822	3.02612585108892	0	0	3	0.1	1.07377470021811	0.545811798589746	0.249489067270748	2.33620990921295	2.0867208419422	0	0	3	0.2	2.02024284668834	0.993973899310271	0.545687345261537	4.34928791638753	3.80360057112599
408	0	0	0	0.1	0.180950545324328	0.0758795545834135	0.0369607768510263	0.346182115692217	0.309221338841191	0	0	0	0.2	0.424103207195845	0.176716447608006	0.115692613742327	0.827002493399145	0.711309879656818	0	0	1	0.1	0.411589200971864	0.13617419802506	0.179388497162479	0.705613673492908	0.526225176330428	0	0	1	0.2	1.14215152993448	0.464817768441719	0.417086941340036	2.20146138064475	1.78437443930472	0	0	2	0.1	1.01445769775633	0.421700497573399	0.344018559229716	1.99661207726591	1.6525935180362	0	0	2	0.2	2.24987816075807	0.923614455285534	0.69124294665808	4.29501825143199	3.60377530477391	0	0	3	0.1	1.53492710265728	0.700008594672182	0.450014806577079	3.16027567215821	2.71026086558113	0	0	3	0.2	2.98352150297696	1.28093209933095	0.867293396980818	5.86406940849816	4.99677601151734
428	0	0	0	0.1	0.137583805832609	0.0675742371159006	0.010933965197804	0.270479409228002	0.259545444030198	0	0	0	0.2	0.31157980807334	0.204246903199703	-0.0435664115040229	0.729292890468686	0.772859301972709	0	0	1	0.1	0.268991621221197	0.189605908972609	-0.0680603586353806	0.656865241044308	0.724925599679688	0	0	1	0.2	0.848286075503865	0.466362538131109	0.0318734162857675	1.84533354175635	1.81346012547058	0	0	2	0.1	0.740108222316751	0.295466337553386	0.253526021302553	1.35655642027392	1.10303039897136	0	0	2	0.2	1.38118974875284	0.495766807345277	0.525321241533146	2.39176952229148	1.86644828075834	0	0	3	0.1	0.987252215110624	0.372926863763089	0.376045604671506	1.77979613482101	1.4037505301495	0	0	3	0.2	1.71393905187938	0.610090632559773	0.673483279291317	2.98496258271634	2.31147930342502
420	0	0	0	0.1	0.0747828709813236	0.1001106932424	-0.111145855386268	0.288285829546709	0.399431684932977	0	0	0	0.2	0.245708075168867	0.231226838473121	-0.149688000764024	0.778018034791179	0.927706035555203	0	0	1	0.1	0.272806178734347	0.142061059098261	0.0442179618559858	0.624206872028741	0.579988910172756	0	0	1	0.2	0.749026874564361	0.372204391010129	0.216405111216101	1.68135785198579	1.46495274076969	0	0	2	0.1	0.642980259612271	0.247793340722611	0.271215446749691	1.26499187540142	0.993776428651729	0	0	2	0.2	1.42552548410467	0.498490257350832	0.63730744715179	2.54572361706526	1.90841616991347	0	0	3	0.1	0.958214613854248	0.334116876237681	0.434134618261066	1.71363894746402	1.27950432920296	0	0	3	0.2	1.97147648574143	0.651254010550571	0.896140731505675	3.40922158016789	2.51308084866222
422	0	0	0	0.1	0.157149187104405	0.0744763299348468	0.0152519680125893	0.306262455703248	0.291010487690659	0	0	0	0.2	0.444604259499077	0.241593126798561	0.0599283926630148	1.0220269860804	0.962098593417388	0	0	1	0.1	0.559878297972685	0.252207366852772	0.183931421349839	1.15497571780182	0.971044296451984	0	0	1	0.2	1.58906283945574	0.568261279941031	0.598052153049148	2.81690283205445	2.21885067900531	0	0	2	0.1	1.30710760950858	0.396166965541643	0.622736522410376	2.19952845975135	1.57679193734098	0	0	2	0.2	2.29851916801545	0.588893153535584	1.25635245222354	3.5167278497901	2.26037539756656	0	0	3	0.1	1.68782468068108	0.4939522445865	0.834839877913669	2.78463599667873	1.94979611876506	0	0	3	0.2	2.75725626289701	0.715065601220883	1.50750005755949	4.24934375216762	2.74184369460813
468	0	0	0	0.1	0.0028336282290827	0.0556253539856857	-0.111297414490279	0.108019632203801	0.219317046694081	0	0	0	0.2	-0.0639160040267623	0.117041062251835	-0.305928379542852	0.140739887435229	0.446668266978081	0	0	1	0.1	-0.00684021623661959	0.123154993147479	-0.282107084123398	0.200160205216237	0.482267289339635	0	0	1	0.2	0.0252228777430255	0.349948908931912	-0.710983819169889	0.689748316003758	1.40073213517365	0	0	2	0.1	0.44775544104886	0.313218938781811	-0.0714153802579448	1.17754310950174	1.24895848975968	0	0	2	0.2	1.37830630647899	0.716351003949442	0.239958692972013	2.9389206178416	2.69896192486958	0	0	3	0.1	1.26681836056849	0.549292184359929	0.40686609396966	2.51356961968196	2.1067035257123	0	0	3	0.2	2.51948492505245	0.917745087947763	0.954514415593324	4.49195644516748	3.53744202957416
419	0	0	0	0.1	0.113835388899241	0.118459588938271	-0.0924687631225947	0.388283540893119	0.480752304015713	0	0	0	0.2	0.39141670448191	0.292303149236085	-0.0939261966220567	1.02475901267834	1.11868520930039	0	0	1	0.1	0.334294490660393	0.175634798615261	0.045499030121822	0.753394473536021	0.707895443414199	0	0	1	0.2	0.992675438007415	0.463551506671115	0.225411923922969	2.08516373110986	1.85975180718689	0	0	2	0.1	0.769594920133308	0.344608744865193	0.219857318072198	1.56627689031768	1.34641957224549	0	0	2	0.2	1.57925420704811	0.666714712915245	0.51058721816584	3.12110434230281	2.61051712413697	0	0	3	0.1	1.00975265666185	0.468604902677329	0.311465528587072	2.0723096991136	1.76084417052653	0	0	3	0.2	1.84760122964739	0.835601406130774	0.44751551423783	3.7175820769701	3.27006656273227
424	0	0	0	0.1	0.121916192140836	0.0962002719612473	-0.0915520890927823	0.294095912493406	0.385648001586189	0	0	0	0.2	0.215500722596745	0.3518417822129	-0.510278450289077	0.939903607962858	1.45018205825194	0	0	1	0.1	0.246385204895006	0.385662005306982	-0.39879245034083	1.10230383610402	1.50109628644485	0	0	1	0.2	1.34989743376244	0.855794758817427	-0.16115636260582	3.13987594819693	3.30103231080275	0	0	2	0.1	1.45495643122879	0.626235098559562	0.402274185275699	2.81947204603838	2.41719786076268	0	0	2	0.2	2.69480897478858	0.913385730579574	1.0159658397351	4.71814915399359	3.70218331425849	0	0	3	0.1	2.14462212590123	0.730693187004936	0.89415591427377	3.8465440374692	2.95238812319543	0	0	3	0.2	3.4682943801569	1.04518778495061	1.73548134047977	5.94684848144642	4.21136714096665
437	0	0	0	0.1	0.164975401037942	0.0772479225399849	0.0227780438001042	0.319446981309074	0.29666893750897	0	0	0	0.2	0.403162291722101	0.207815758302132	0.0302480977582258	0.872898758649101	0.842650660890875	0	0	1	0.1	0.289902842827244	0.131751017184951	0.0322022552155832	0.565416036303512	0.533213781087929	0	0	1	0.2	0.705012036190109	0.299428618527898	0.154602576725743	1.3559455596635	1.20134298293776	0	0	2	0.1	0.524346673459188	0.186511385487583	0.194345206059334	0.948455750459259	0.754110544399925	0	0	2	0.2	1.05651461068214	0.368892425632422	0.415154840922591	1.89665666175077	1.48150182082818	0	0	3	0.1	0.69228186901843	0.245572883939556	0.260789961498156	1.25395574265548	0.993165781157324	0	0	3	0.2	1.30771528856414	0.45865868472866	0.50582697404996	2.35019857351337	1.84437159946341
477	0	0	0	0.1	0.112815087930893	0.0618808325724614	-0.00104822894124751	0.245162595593512	0.246210824534759	0	0	0	0.2	0.217379327887408	0.122987548588377	-0.00843303758302448	0.473602720721656	0.48203575830468	0	0	1	0.1	0.159904319696595	0.0654771909015366	0.0408037300734313	0.303571007925364	0.262767277851933	0	0	1	0.2	0.326985584467208	0.132632057079347	0.0931533223208598	0.625452456834761	0.532299134513901	0	0	2	0.1	0.293798779641787	0.0942282905892135	0.134170882534497	0.504630055068841	0.370459172534343	0	0	2	0.2	0.591542662468226	0.193250426980988	0.272934544767095	1.0330347782653	0.760100233498201	0	0	3	0.1	0.435032337955028	0.143949457395156	0.195819654706051	0.770426749352992	0.574607094646942	0	0	3	0.2	0.856512600480895	0.287534380236762	0.375787523204595	1.52399032590807	1.14820280270348
432	0	0	0	0.1	-0.0581375065132471	0.107564626242427	-0.311868399350826	0.125306890794501	0.437175290145327	0	0	0	0.2	-0.330442086600508	0.311931536846083	-1.04268304022347	0.166386285339768	1.20906932556323	0	0	1	0.1	-0.278203095477452	0.287407283945846	-0.981719586795355	0.16334239426499	1.14506198106034	0	0	1	0.2	-0.375330410360376	0.596305137101431	-1.63548165831561	0.65699877909639	2.292480437412	0	0	2	0.1	0.155893890211544	0.388620462754748	-0.557876603112826	0.964745094473592	1.52262169758642	0	0	2	0.2	0.724622060726057	0.785427378784119	-0.781147737959341	2.41007151006911	3.19121924802845	0	0	3	0.1	0.767620361512488	0.530221438650034	-0.127109111048636	1.99559490659826	2.1227040176469	0	0	3	0.2	1.6836755133404	0.932472378192622	0.0303857570635579	3.73961545309432	3.70922969603076
475	0	0	0	0.1	0.0969150744034799	0.0631748098895478	-0.0192257959843953	0.232738016230887	0.251963812215283	0	0	0	0.2	0.190336604951212	0.195152521261535	-0.199933581824724	0.601020476860871	0.800954058685596	0	0	1	0.1	0.102051107679529	0.251554831657376	-0.400800335225698	0.627578221167805	1.0283785563935	0	0	1	0.2	0.658898622838073	0.601967645218064	-0.392956691423319	2.01884432690455	2.41180101832787	0	0	2	0.1	0.759706062488842	0.391609376628044	0.11238602789571	1.68426546052895	1.57187943263324	0	0	2	0.2	1.66077655607341	0.670410585052879	0.498082047224948	3.11612926179063	2.61804721456568	0	0	3	0.1	1.2223999649305	0.462376718489633	0.475108622200449	2.25645999009971	1.78135136789926	0	0	3	0.2	2.22325915114863	0.733824572589775	0.914651015348492	3.81613030702577	2.90147929167728
445	0	0	0	0.1	0.191998984766277	0.0905091505248312	0.0139332939786832	0.376779894900076	0.362846600921393	0	0	0	0.2	0.323455413352177	0.181985716372389	-0.049397753036111	0.673994296918517	0.723392049954628	0	0	1	0.1	0.174569760717932	0.0883067756145003	-0.00743952272221886	0.34407496645227	0.351514489174489	0	0	1	0.2	0.409884561094356	0.183617156882031	0.064154335760255	0.802057927816099	0.737903592055844	0	0	2	0.1	0.412070708594789	0.128768262659671	0.193244832404392	0.689661661697842	0.49641682929345	0	0	2	0.2	0.84720971639924	0.258770901848614	0.400525698601653	1.38712109435756	0.986595395755911	0	0	3	0.1	0.613561432197869	0.19081818381791	0.298790312828075	1.03542492106061	0.736634608232533	0	0	3	0.2	1.2005216684476	0.356922655877792	0.591227007046788	2.01344902414653	1.42222201709974
467	0	0	0	0.1	0.198848982326156	0.107729695254985	-0.0154381796576819	0.455964256947658	0.47140243660534	0	0	0	0.2	0.441562297156082	0.31074819811063	-0.120307992911364	1.21796608899888	1.33827408191025	0	0	1	0.1	0.262839720000277	0.184622134295522	-0.0755526171807558	0.642049226866987	0.717601844047743	0	0	1	0.2	0.70027813053961	0.45603435627582	-0.173610945298945	1.69298571535142	1.86659666065037	0	0	2	0.1	0.624689065982235	0.280148005009436	0.108471368029093	1.24915368773966	1.14068231971056	0	0	2	0.2	1.28553823456197	0.531281911191645	0.264369613797153	2.43970833966357	2.17533872586641	0	0	3	0.1	1.00088871563319	0.387221452828202	0.309463807261677	1.86258443474524	1.55312062748356	0	0	3	0.2	1.82788030120408	0.663750346631581	0.567779854547746	3.23386268928324	2.6660828347355
446	0	0	0	0.1	0.221620766286112	0.120904781712427	-0.00515230444825437	0.480409696268077	0.485562000716332	0	0	0	0.2	0.406525116042978	0.254402464155428	-0.0422272641712838	0.950695122264146	0.99292238643543	0	0	1	0.1	0.200936763599301	0.131528589281882	-0.0326954222268624	0.48493513505987	0.517630557286732	0	0	1	0.2	0.48222449307374	0.277807044818096	-0.0162563627039122	1.07857746344365	1.09483382614756	0	0	2	0.1	0.421696366620297	0.17290963700746	0.12141930567305	0.794702973163285	0.673283667490235	0	0	2	0.2	0.938088563145858	0.363381756129501	0.304645850791451	1.74017876884772	1.43553291805627	0	0	3	0.1	0.666623927505812	0.236039435280597	0.266533184366716	1.19095765612034	0.924424471753624	0	0	3	0.2	1.40086710730629	0.477347257846649	0.572479523997371	2.36179869884989	1.78931917485252
447	0	0	0	0.1	0.210658063897623	0.0581157588053691	0.100752910207941	0.330801791275314	0.230048881067373	0	0	0	0.2	0.422179544957544	0.146792341679472	0.19005059892244	0.769297329969606	0.579246731047166	0	0	1	0.1	0.427837942618401	0.195439594415291	0.12489358789844	0.909436762085763	0.784543174187322	0	0	1	0.2	1.45730517373112	0.656528927740997	0.370186662773088	2.94938588201444	2.57919921924135	0	0	2	0.1	1.31100571170254	0.484722560021571	0.465632059329197	2.32964659937989	1.86401454005069	0	0	2	0.2	2.75521893718631	1.04507043136204	0.909700052161721	4.92781200993527	4.01811195777355	0	0	3	0.1	1.90226880088353	0.663994060345358	0.626491615118296	3.19470989485855	2.56821827974025	0	0	3	0.2	3.60034711444253	1.36486002457091	1.02989617648736	6.42224347766998	5.39234730118262
425	0	0	0	0.1	0.14403781210811	0.0714470550480925	0.00618043324299143	0.290868564997658	0.284688131754667	0	0	0	0.2	0.249431149604128	0.164892751796533	-0.0571122643550831	0.594156362648912	0.651268627003995	0	0	1	0.1	0.124219110552656	0.114306242485717	-0.10621931514556	0.374323252551087	0.480542567696647	0	0	1	0.2	0.328955559608805	0.255105279816855	-0.16217443359963	0.918398768388568	1.0805732019882	0	0	2	0.1	0.373500537865421	0.1566750396655	0.104414590701294	0.754776376342442	0.650361785641148	0	0	2	0.2	0.868594931861911	0.311137599997928	0.342725319179762	1.62140406419142	1.27867874501166	0	0	3	0.1	0.663255819949161	0.208407299847622	0.315051330700985	1.16005111353323	0.844999782832242	0	0	3	0.2	1.35831701668781	0.393841476621756	0.688321737447074	2.25864107859652	1.57031934114944
465	0	0	0	0.1	0.0170631440176092	0.0703183368428271	-0.121324540680798	0.150079925566258	0.271404466247056	0	0	0	0.2	0.0535359517565046	0.148437332922989	-0.23230876437359	0.336769513527142	0.569078277900732	0	0	1	0.1	0.305797700021975	0.121358442812718	0.0944240004943264	0.555017583162533	0.460593582668207	0	0	1	0.2	1.00328896945686	0.329617006179367	0.394247808462374	1.70784262035181	1.31359481188944	0	0	2	0.1	1.09839670242542	0.27694829732524	0.62936199623751	1.70830596495445	1.07894396871694	0	0	2	0.2	2.08362335314514	0.488033008095618	1.26225275408846	3.16941714415875	1.9071643900703	0	0	3	0.1	1.57249188315797	0.424144740514101	0.872684181675721	2.55535898567987	1.68267480400415	0	0	3	0.2	2.80021423109281	0.790959057222958	1.48327533442272	4.5509048793662	3.06762954494348
436	0	0	0	0.1	0.0303144930893184	0.0835062118286024	-0.147065428373312	0.199708626371996	0.346774054745308	0	0	0	0.2	0.10448308160948	0.19579352303555	-0.293462837950737	0.536036797174774	0.829499635125511	0	0	1	0.1	0.267582724389094	0.234613711147928	-0.0822667062214286	0.842300058683941	0.92456676490537	0	0	1	0.2	0.874901291599166	0.721690055289058	-0.1861376881939	2.67284385810951	2.85898154630341	0	0	2	0.1	0.745614673517403	0.501681679762929	0.0244300293246	1.99352253862627	1.96909250930167	0	0	2	0.2	1.75984577265071	1.04293556099577	0.131180587638785	4.23546791609138	4.10428732845259	0	0	3	0.1	1.19363758908674	0.690029413094916	0.188809404397026	2.90269698157425	2.71388757717723	0	0	3	0.2	2.3973081795959	1.27050036234685	0.44457132664641	5.48519706698074	5.04062574033433
473	0	0	0	0.1	0.0904438564434544	0.0616835806491279	-0.0335676140682177	0.213839616496406	0.247407230564623	0	0	0	0.2	0.0843104519519862	0.155573563266584	-0.24804910633132	0.377561500593926	0.625610606925247	0	0	1	0.1	0.0277005387592852	0.139089601410287	-0.267832521538297	0.281595075229589	0.549427596767886	0	0	1	0.2	0.46053870661759	0.441261622790285	-0.35605269960297	1.51893231061542	1.87498501021839	0	0	2	0.1	1.05891891441173	0.500320734107015	0.327090199912272	2.3794698725489	2.05237967263663	0	0	2	0.2	2.77834857075284	0.973457187564816	1.14610767026986	4.90056975932824	3.75446208905838	0	0	3	0.1	2.28336643021497	0.857006777644767	0.900891485544946	4.22350754621256	3.32261606066761	0	0	3	0.2	4.32363948116463	1.30511469891112	2.11661030629462	7.04204711460629	4.92543680831166
455	0	0	0	0.1	0.0873914459794113	0.0756493853712282	-0.0516490754989278	0.251007620027478	0.302656695526406	0	0	0	0.2	0.146850814529289	0.150267421692556	-0.135475139730712	0.483429040515624	0.618904180246336	0	0	1	0.1	0.143461093336312	0.093916909010026	-0.0249550189978873	0.342446594159783	0.36740161315767	0	0	1	0.2	0.365347348880703	0.24965060679691	-0.0557332365359009	0.929214517645105	0.984947754181006	0	0	2	0.1	0.465290626296562	0.215172716239845	0.143275886405522	0.96531407244741	0.822038186041888	0	0	2	0.2	1.22386439271758	0.580359943698153	0.396381491276676	2.69038728449008	2.2940057932134	0	0	3	0.1	0.984083206847997	0.417456463529297	0.364502478273533	1.99281441354543	1.6283119352719	0	0	3	0.2	2.25096743182476	0.898457781005967	0.812274804527387	4.50236341807669	3.6900886135493
444	0	0	0	0.1	0.0395158606046906	0.0780546061351578	-0.112275918761982	0.186842139851455	0.299118058613437	0	0	0	0.2	0.0564999981987833	0.176026083988188	-0.283232257675621	0.404207985972923	0.687440243648544	0	0	1	0.1	0.168829043622913	0.148849566634841	-0.113313526016854	0.472129196288368	0.585442722305222	0	0	1	0.2	0.4609946699875	0.353571668584679	-0.189331928637487	1.28832565942461	1.4776575880621	0	0	2	0.1	0.495832967020664	0.247187971608906	0.0995302316666848	1.058325447115	0.958795215448313	0	0	2	0.2	1.08181846308958	0.491159603914886	0.273376796321928	2.25832895858093	1.984952162259	0	0	3	0.1	0.821963076809969	0.338344274682452	0.281112763937629	1.65317673839756	1.37206397445993	0	0	3	0.2	1.65990529504011	0.615485894026405	0.621454566430615	3.04146547191013	2.42001090547952
421	0	0	0	0.1	0.0702630367403151	0.0754732591805446	-0.0882322600092925	0.211782493131437	0.300014753140729	0	0	0	0.2	0.160636021068246	0.168354534796035	-0.183551788655914	0.494777468737859	0.678329257393773	0	0	1	0.1	0.255703859912757	0.122654684533687	0.0251181055003153	0.521169848194855	0.49605174269454	0	0	1	0.2	0.848082456409591	0.389911857208946	0.24902776561854	1.78380773443233	1.53477996881379	0	0	2	0.1	0.969645815075898	0.336526275133912	0.456705189249681	1.77123323846927	1.31452804921959	0	0	2	0.2	2.17454554235623	0.679329201674434	1.10291367980267	3.78353639679687	2.6806227169942	0	0	3	0.1	1.73890480760298	0.551531504203471	0.90575311842812	3.00329993228453	2.09754681385641	0	0	3	0.2	3.23420855542655	0.893810044339848	1.78128846389334	5.18095170339508	3.39966323950173
431	0	0	0	0.1	0.0603145012838852	0.0964147772453148	-0.151141914782376	0.240361889621575	0.391503804403951	0	0	0	0.2	0.0716200966923512	0.276719948465401	-0.499176963019074	0.603563181592983	1.10274014461206	0	0	1	0.1	0.12073769222112	0.219977138111229	-0.261960144629982	0.568753162229087	0.830713306859069	0	0	1	0.2	0.736395821422151	0.591653054356499	-0.221415543810904	1.98828257384787	2.20969811765878	0	0	2	0.1	0.755154621926565	0.399195954919179	0.095598543509525	1.62898765735525	1.53338911384573	0	0	2	0.2	1.9772221717381	0.822565440585022	0.612643997011736	3.79355343767245	3.18090944066071	0	0	3	0.1	1.39126493519846	0.558120669459002	0.492372882512588	2.690769888572	2.19839700605941	0	0	3	0.2	2.91122825060531	1.07491007313255	1.20433012761667	5.4118717854681	4.20754165785143
442	0	0	0	0.1	0.078062870123373	0.0832356070091593	-0.0862830475380464	0.255196746192138	0.341479793730185	0	0	0	0.2	0.187926638968101	0.198369150217332	-0.175158987347658	0.613828851985771	0.788987839333429	0	0	1	0.1	0.170412328720169	0.197906665870811	-0.210275236633493	0.597496014813472	0.807771251446965	0	0	1	0.2	0.589278077451538	0.597722623316155	-0.462956141588516	2.05737328494562	2.52032942653413	0	0	2	0.1	0.60001403176339	0.472823978479375	-0.103419384611443	1.76401542545368	1.86743481006512	0	0	2	0.2	1.52638801536925	1.03347393733709	-0.123656146822466	4.08457781306651	4.20823395988897	0	0	3	0.1	1.13380432659285	0.713900182862587	0.0800282975255317	2.91145222083053	2.831423923305	0	0	3	0.2	2.43194547473416	1.31708928116535	0.254589760796175	5.52301749322907	5.26842773243289
466	0	0	0	0.1	-0.0498420825109312	0.111427248147134	-0.306195239537894	0.136429607112867	0.442624846650761	0	0	0	0.2	-0.229523061557315	0.262470974982079	-0.85674172005113	0.213340555953622	1.07008227600475	0	0	1	0.1	-0.00247415855720977	0.173075299250219	-0.35965498413503	0.323903521748606	0.683558505883637	0	0	1	0.2	0.476994796915682	0.521074953256942	-0.375913237283818	1.65184036760254	2.02775360488636	0	0	2	0.1	0.854366214857108	0.419793885317896	0.199653640145633	1.85529414888705	1.65564050874142	0	0	2	0.2	1.97246800672538	0.744001899730711	0.63786440504629	3.57708627256125	2.93922186751496	0	0	3	0.1	1.55397610333059	0.578347226096232	0.623627557874439	2.9194503938	2.29582283592556	0	0	3	0.2	2.82486086490097	0.871030978547816	1.33870012899922	4.74582032214236	3.40712019314313
474	0	0	0	0.1	0.0329947866404817	0.0834696570824152	-0.133809236936951	0.190930317858997	0.324739554795948	0	0	0	0.2	0.0645121027417913	0.190745795474945	-0.31235483143161	0.440370009852265	0.752724841283875	0	0	1	0.1	0.195103626358688	0.17155121091515	-0.121308461882701	0.572324722944075	0.693633184826777	0	0	1	0.2	0.887213114378169	0.648542240470916	-0.0414263280806796	2.56043848374685	2.60186481182753	0	0	2	0.1	1.02163048742575	0.553867337280334	0.208028230597772	2.31725184686832	2.10922361627055	0	0	2	0.2	2.70532210332798	1.35683319963388	0.558449187270341	5.89932808212156	5.34087889485122	0	0	3	0.1	1.91373061331413	0.98140633381455	0.287923926419765	4.18655667058087	3.89863274416111	0	0	3	0.2	3.80945262067142	1.82671605447	0.648914307171776	7.82639186026898	7.17747755309721
443	0	0	0	0.1	0.188222376655798	0.0610492988721707	0.0718380394941346	0.316749679656799	0.244911640162664	0	0	0	0.2	0.395331561146094	0.138059913057528	0.129635681403841	0.672579766647772	0.542944085243931	0	0	1	0.1	0.258998846389948	0.103662985050503	0.0689899819346007	0.466211269609636	0.397221287675035	0	0	1	0.2	0.532469519066696	0.271088782559361	0.016113475524092	1.12323107183809	1.107117596314	0	0	2	0.1	0.414312520390313	0.218589301326468	0.0266895540574136	0.86644063162301	0.839751077565596	0	0	2	0.2	0.791200039122436	0.460313759998519	-0.0398627087737619	1.71668802283069	1.75655073160445	0	0	3	0.1	0.549514373741813	0.290407914850239	0.058727616993727	1.15903083222797	1.10030321523425	0	0	3	0.2	1.02537193499182	0.565942808130271	-0.0129737134938194	2.22977560866953	2.24274932216335
430	0	0	0	0.1	0.119445701269152	0.0822240360862248	-0.0368131496582781	0.285842172432971	0.322655322091249	0	0	0	0.2	0.187746411525265	0.21452129960276	-0.202494028459879	0.636921803915191	0.83941583237507	0	0	1	0.1	0.0208126873019076	0.151903683744555	-0.303600609034588	0.321673394366316	0.625274003400903	0	0	1	0.2	0.196096389350368	0.340699760033943	-0.476018371253156	0.905700050977873	1.38171842223103	0	0	2	0.1	0.426658129042965	0.221176565874959	0.0376042478014385	0.945648698193285	0.908044450391847	0	0	2	0.2	1.10687097092366	0.449455217190315	0.306674385318231	2.07952152307378	1.77284713775554	0	0	3	0.1	1.02389947205282	0.356729014200446	0.431196585128809	1.84310658162897	1.41190999650016	0	0	3	0.2	2.01309209927845	0.574235199553975	1.00662968379617	3.26653526797297	2.2599055841768
454	0	0	0	0.1	0.190256229371529	0.111841650358312	-0.00779860541676811	0.404929092737861	0.412727698154629	0	0	0	0.2	0.312860902010244	0.230337556793586	-0.115624317507118	0.754812791421379	0.870437108928497	0	0	1	0.1	0.160095191671245	0.119197469094274	-0.0963332618836309	0.390766043190783	0.487099305074414	0	0	1	0.2	0.32514189889236	0.225549079947459	-0.190646247928397	0.731830861272866	0.922477109201263	0	0	2	0.1	0.337212575092446	0.124672189108559	0.0981916546600728	0.561353447158052	0.463161792497979	0	0	2	0.2	0.715512222119256	0.246245659794828	0.251721308508393	1.17371145175676	0.921990143248365	0	0	3	0.1	0.512391412186098	0.163466931425646	0.219931467341186	0.848131159265748	0.628199691924562	0	0	3	0.2	1.05431276818892	0.327428883882037	0.460781825995201	1.74838477917423	1.28760295317903
429	0	0	0	0.1	0.0744708800214429	0.0858586148512849	-0.0898365718565224	0.245656731110678	0.3354933029672	0	0	0	0.2	0.113372523437355	0.173824438503487	-0.22047634473692	0.477634575571967	0.698110920308887	0	0	1	0.1	0.0647590755025261	0.0906953443154934	-0.108155359102722	0.249028896244873	0.357184255347595	0	0	1	0.2	0.203879427458281	0.213647969073988	-0.191853658453923	0.67989657031551	0.871750228769433	0	0	2	0.1	0.303026054999209	0.162820557500366	0.0642084656499776	0.690454212052814	0.626245746402837	0	0	2	0.2	0.710156382184972	0.350469120920191	0.214276713726529	1.62803630565495	1.41375959192842	0	0	3	0.1	0.533961106096093	0.24284773956814	0.201437786937343	1.15677390351354	0.955336116576192	0	0	3	0.2	1.09426728010859	0.46936910114973	0.421267674837144	2.25652503779981	1.83525736296267
441	0	0	0	0.1	0.075104264166619	0.0908038047710304	-0.106065020762237	0.264445545042249	0.370510565804486	0	0	0	0.2	0.151086072221416	0.189950089177398	-0.218784259978175	0.553387803287549	0.772172063265725	0	0	1	0.1	0.205228562697701	0.114936271820862	-0.00648908767923063	0.463145437564484	0.469634525243714	0	0	1	0.2	0.605274412514803	0.299110335185921	0.111920918437744	1.24722075299348	1.13529983455574	0	0	2	0.1	0.702790809980053	0.27634420051636	0.267541637585933	1.33430106506808	1.06675942748215	0	0	2	0.2	1.58749606219797	0.567348606445299	0.648228659781212	2.86910012360681	2.2208714638256	0	0	3	0.1	1.31215853269649	0.489807489555113	0.537194072845138	2.42019023557199	1.88299616272685	0	0	3	0.2	2.55999451768392	0.802714392329487	1.14494188299803	4.35540801515066	3.21046613215263
471	0	0	0	0.1	0.125114333749846	0.0666654671304634	-0.00779519557979162	0.260867441379726	0.268662636959518	0	0	0	0.2	0.241975906984458	0.175691075154233	-0.12280193823453	0.564896851376136	0.687698789610667	0	0	1	0.1	0.0818962297864101	0.125104671733304	-0.162291594439107	0.329803498203974	0.492095092643081	0	0	1	0.2	0.212069466560905	0.287266556064765	-0.347827440465388	0.844136371827007	1.19196381229239	0	0	2	0.1	0.285055297863954	0.183907656560807	-0.0629083235039758	0.668482193186898	0.731390516690874	0	0	2	0.2	0.649947817013742	0.386056739204771	-0.0673770146605533	1.45847243734223	1.52584945200278	0	0	3	0.1	0.554358273520019	0.26354133466346	0.0666611852594877	1.13257911450445	1.06591792924496	0	0	3	0.2	1.08308954425894	0.498396158637652	0.152357262499439	2.14996185419427	1.99760459169483
452	0	0	0	0.1	0.113608982306871	0.0554755176329205	0.00659037428865167	0.225447036211082	0.21885666192243	0	0	0	0.2	0.242698177735411	0.147662158247605	-0.0273050252823943	0.549594771392199	0.576899796674594	0	0	1	0.1	0.258645235878392	0.150223977196104	0.000734108390914522	0.589772543367645	0.589038434976731	0	0	1	0.2	0.778569360557213	0.451150169533064	0.0279072617409013	1.78790394372308	1.75999668198217	0	0	2	0.1	0.763770756332362	0.341330433410193	0.201720460849282	1.53938263566937	1.33766217482009	0	0	2	0.2	1.58192964781022	0.639009780846936	0.420524252109599	2.90741663051992	2.48689237841032	0	0	3	0.1	1.19400464346804	0.490595917862775	0.351015293112679	2.27342398605434	1.92240869294166	0	0	3	0.2	2.15862771826641	0.814824531875555	0.626955965827859	3.83642150968697	3.20946554385911
435	0	0	0	0.1	0.184602144980034	0.0549118187454409	0.0879274408885285	0.30089918873523	0.212971747846702	0	0	0	0.2	0.495938069299538	0.204336174415915	0.206854453518442	0.985008462149859	0.778154008631417	0	0	1	0.1	0.531727152771214	0.277493421503805	0.148315932782562	1.19704919932605	1.04873326654348	0	0	1	0.2	1.28003016000971	0.682351035875998	0.291090855193442	2.85180487853882	2.56071402334538	0	0	2	0.1	0.831956505196446	0.420981231576116	0.201171370676121	1.78765398009525	1.58648260941913	0	0	2	0.2	1.57689974252791	0.805741812481783	0.367978925430858	3.43716772723835	3.06918880180749	0	0	3	0.1	0.93428794118391	0.460634934424094	0.190997837618371	1.98507527284668	1.79407743522831	0	0	3	0.2	1.71285004114532	0.873811538307707	0.245743589094335	3.69730913751952	3.45156554842519
433	0	0	0	0.1	0.0462890276985604	0.0604407631388983	-0.0747983367373017	0.167923594443347	0.242721931180649	0	0	0	0.2	0.127392916592316	0.149099057329553	-0.153561357039238	0.43686367284837	0.590425029887608	0	0	1	0.1	0.251386233969019	0.13843091107536	0.00352303602576162	0.563660030953174	0.560136994927413	0	0	1	0.2	0.643464742269776	0.366099907975635	-0.0477738013689148	1.45894146455504	1.50671526592396	0	0	2	0.1	0.520683756220069	0.277493275176928	0.018378665551971	1.11455526346849	1.09617659791652	0	0	2	0.2	1.06090930718542	0.579971078437191	0.0283052202297461	2.25721028678873	2.22890506655898	0	0	3	0.1	0.737260957598282	0.415475253325615	0.0201100141012323	1.59315758346081	1.57304756935958	0	0	3	0.2	1.35925802654955	0.765804708075635	-0.00308002304345707	2.90387370886007	2.90695373190353
472	0	0	0	0.1	0.112229484846282	0.0532167892677504	0.0197617617003105	0.230156691564523	0.210394929864212	0	0	0	0.2	0.217411460744252	0.133067974763788	0.00636588766056141	0.564131576206942	0.55776568854638	0	0	1	0.1	0.0768993310443219	0.100360041960536	-0.106821442693084	0.297870784446968	0.404692227140052	0	0	1	0.2	0.157858103623586	0.230828466335385	-0.252067439613684	0.681888775820856	0.93395621543454	0	0	2	0.1	0.171499655107511	0.180496604518861	-0.137498019444811	0.584174548680845	0.721672568125656	0	0	2	0.2	0.398783868685569	0.371197367083333	-0.225138740980102	1.24992493202044	1.47506367300054	0	0	3	0.1	0.342264447894063	0.269858435831855	-0.131458255345427	0.92970900930073	1.06116726464616	0	0	3	0.2	0.68973705645248	0.516703946577547	-0.220193189793696	1.82097855624415	2.04117174603785
476	0	0	0	0.1	0.298408336779876	0.154789994452271	0.0647350718341323	0.662462973756621	0.597727901922488	0	0	0	0.2	1.10758477891177	0.459230224705118	0.350821400682572	2.08926682505645	1.73844542437388	0	0	1	0.1	0.99332568834348	0.293123352528527	0.501936728292175	1.66555514127125	1.16361841297907	0	0	1	0.2	2.1265025290599	0.495228286982569	1.24532647580479	3.22827382522243	1.98294734941764	0	0	2	0.1	1.52001428405181	0.399364741163766	0.829981230315292	2.42122419471064	1.59124296439535	0	0	2	0.2	2.67646649083242	0.661000034674594	1.51627160269367	4.07324874638722	2.55697714369355	0	0	3	0.1	1.75495453308657	0.535789111298122	0.83700798252409	2.90092091480784	2.06391293228375	0	0	3	0.2	3.02868807403563	0.913094638706717	1.37884152790279	4.95577770219265	3.57693617428986
440	0	0	0	0.1	0.0694988778175941	0.0515559354780516	-0.0362758902160777	0.168074386334299	0.204350276550376	0	0	0	0.2	0.14846833393569	0.147434022479519	-0.159091072735198	0.438381327523485	0.597472400258683	0	0	1	0.1	0.0892457065222559	0.127997421061482	-0.188632259562438	0.325727755188931	0.514360014751369	0	0	1	0.2	0.322339638777739	0.35332405212861	-0.354223057339858	1.04903739091691	1.40326044825676	0	0	2	0.1	0.366688367246148	0.243758416030323	-0.0456606580880402	0.901402319370623	0.947062977458663	0	0	2	0.2	0.850862072822664	0.509112189582687	-0.0121372204828023	1.93356120736268	1.94569842784548	0	0	3	0.1	0.608997143152909	0.320392583405532	0.0734143094721351	1.31067512890088	1.23726081942874	0	0	3	0.2	1.21061024561137	0.588900179522257	0.192059597488647	2.46289360959956	2.27083401211091
469	0	0	0	0.1	0.14239803629632	0.0935415123481213	-0.0209297085678551	0.349472925703473	0.370402634271328	0	0	0	0.2	0.405288164494088	0.283242427507722	-0.038095447483007	1.07840585790279	1.1165013053858	0	0	1	0.1	0.286855608244447	0.201442864446277	-0.0246618426848425	0.782221076156512	0.806882918841354	0	0	1	0.2	0.966013373606568	0.664610795919862	0.0445233673270379	2.73871327336083	2.69418990603379	0	0	2	0.1	0.702166874997178	0.404729021900984	0.0966483038924583	1.7683409584587	1.67169265456624	0	0	2	0.2	1.57955575359098	0.788814948081177	0.261090306653844	3.45071312687978	3.18962282022594	0	0	3	0.1	1.04374214907758	0.517773719861234	0.196098714155258	2.26381650371083	2.06771778955557	0	0	3	0.2	1.96250099746318	0.899040260824493	0.379404648995449	3.94196330226925	3.5625586532738
449	0	0	0	0.1	-0.0532409218039784	0.0828023135138469	-0.23774128629366	0.0936749426310928	0.331416228924753	0	0	0	0.2	-0.259230019412854	0.229123524328023	-0.789438650226576	0.12748531159099	0.916923961817566	0	0	1	0.1	-0.190623140453042	0.138068865413892	-0.485554937330248	0.0484612722192414	0.534016209549489	0	0	1	0.2	-0.262871086378961	0.279835868168498	-0.822816605487958	0.2581573958017	1.08097400128966	0	0	2	0.1	0.176551946121259	0.159529772378791	-0.112694885399903	0.517147052647364	0.629841938047268	0	0	2	0.2	0.536493645993057	0.311078145490255	-0.013400693578407	1.19742847872264	1.21082917230105	0	0	3	0.1	0.523420528130625	0.200739500074005	0.17566758298906	0.961627047930968	0.785959464941908	0	0	3	0.2	1.04009654695308	0.363794245680854	0.388165527408879	1.77945637661744	1.39129084920856
505	0	0	0	0.1	0.250184685977845	0.0826516059353596	0.101193092365038	0.414496487367538	0.3133033950025	0	0	0	0.2	0.772963401889668	0.343522335824869	0.271134740361835	1.62367203511717	1.35253729475534	0	0	1	0.1	0.788520005442514	0.445969159281449	0.211594449602601	2.06954328487423	1.85794883527162	0	0	1	0.2	2.59296726684718	1.09375645127742	0.897332484223968	4.99752397048788	4.10019148626392	0	0	2	0.1	2.05130245948443	0.861116524135241	0.791459494975595	4.04789341559759	3.256433920622	0	0	2	0.2	3.92481280446139	1.26632684020369	1.94575602792281	6.70093244340069	4.75517641547788	0	0	3	0.1	2.86548891726273	1.04712254824769	1.26260692042462	5.17308208372919	3.91047516330457	0	0	3	0.2	4.85613231487645	1.52334217206628	2.4055020998728	8.17536228081698	5.76986018094419
561	0	0	0	0.1	0.0399353135496911	0.0846130187532479	-0.119107672800694	0.202411887496823	0.321519560297516	0	0	0	0.2	0.0531213513931992	0.171243792580125	-0.279866542206728	0.383208663869183	0.663075206075911	0	0	1	0.1	0.0493229065710536	0.137535324403807	-0.194596728511633	0.355699907437948	0.550296635949581	0	0	1	0.2	0.187380244387145	0.389839553457457	-0.459283677459418	1.0926081842667	1.55189186172612	0	0	2	0.1	0.190370283321168	0.21891061536064	-0.168723091623594	0.682170560046656	0.850893651670251	0	0	2	0.2	0.783240893966964	0.711424720088291	-0.236597052001087	2.29134747172148	2.52794452372256	0	0	3	0.1	0.592772115255998	0.403107813998868	0.0342633760784523	1.57484469018565	1.54058131410719	0	0	3	0.2	1.90844785362761	1.14521661793674	0.310971879642666	4.45246205678827	4.1414901771456
451	0	0	0	0.1	0.212745337350619	0.0765841804866534	0.0787702596363216	0.380958532828948	0.302188273192626	0	0	0	0.2	0.652373368570906	0.262431636665972	0.244990726938414	1.24393704206361	0.9989463151252	0	0	1	0.1	0.622072617428159	0.226137465870527	0.290512878365703	1.14589638180622	0.855383503440519	0	0	1	0.2	1.76448566139866	0.549127509486689	0.894335111867586	3.02683572016498	2.1325006082974	0	0	2	0.1	1.3381970997983	0.403160324490301	0.713916025440853	2.2952944417794	1.58137841633855	0	0	2	0.2	2.62074014435053	0.643179491686851	1.51463112238998	4.07345176929373	2.55882064690376	0	0	3	0.1	1.83142512098474	0.511932644914291	1.00294557919558	2.93089248791606	1.92794690872048	0	0	3	0.2	3.21002588000068	0.776031329063897	1.86467117109073	4.97911904142474	3.11444787033401
507	0	0	0	0.1	0.0346967380598303	0.0716836843335632	-0.108473614284439	0.174418175172664	0.282891789457104	0	0	0	0.2	0.064013511662271	0.163389903655805	-0.279254910284198	0.404156642968665	0.683411553252863	0	0	1	0.1	0.123242796455518	0.115442270888475	-0.0829169014632677	0.36559403645369	0.448510937916957	0	0	1	0.2	0.384939987638441	0.309750861559126	-0.110112885719241	1.10298023843168	1.21309312415092	0	0	2	0.1	0.452719991502024	0.223291605868272	0.115065983379852	1.03131673195628	0.916250748576431	0	0	2	0.2	0.994702147944087	0.440974385937785	0.299648768901757	2.08318758192157	1.78353881301981	0	0	3	0.1	0.710911837330722	0.299422510411243	0.25428246154695	1.44619799642388	1.19191553487693	0	0	3	0.2	1.33431966788915	0.524061455761396	0.525666942277838	2.57221878417096	2.04655184189312
456	0	0	0	0.1	0.0800713739105649	0.0702877089510016	-0.0470001682881687	0.218761252606356	0.265761420894525	0	0	0	0.2	0.215623203038673	0.17835144404301	-0.111401004922393	0.605324552107917	0.71672555703031	0	0	1	0.1	0.227700368827134	0.119163657126299	0.0110433533692607	0.489765022146719	0.478721668777458	0	0	1	0.2	0.597951350266086	0.284537763238707	0.101098112527477	1.19578042362423	1.09468231109675	0	0	2	0.1	0.521610528732221	0.180210089934987	0.20940811956378	0.916969397519571	0.70756127795579	0	0	2	0.2	1.19911620095294	0.403616154892057	0.460763127378874	2.05810029163583	1.59733716425695	0	0	3	0.1	0.841512687563606	0.259737838433596	0.391751238055832	1.43613997123405	1.04438873317821	0	0	3	0.2	1.82213349575495	0.569640097946001	0.844656522684917	3.16550061828161	2.32084409559669
450	0	0	0	0.1	0.0505987198007661	0.0907164838812126	-0.116302867442877	0.242273095672121	0.358575963114998	0	0	0	0.2	0.321957640459893	0.474328078064029	-0.358183104729069	1.6028829437543	1.96106604848337	0	0	1	0.1	0.865782061461091	0.547329506707944	0.0646242418723227	2.13884311653274	2.07421887466042	0	0	1	0.2	2.17397622362291	0.76343184903936	0.861036795910534	3.92203663886965	3.06099984295912	0	0	2	0.1	1.76468747526037	0.57708356608373	0.811427011786894	3.11213832462834	2.30071131284145	0	0	2	0.2	2.83017195947115	0.784550155670463	1.46409698054192	4.61635604052488	3.15225905998296	0	0	3	0.1	2.10383329911772	0.628538551413734	1.054284539722	3.56527440418001	2.51098986445801	0	0	3	0.2	3.196399501242	0.859719342739983	1.71574918372244	5.08454026537157	3.36879108164912
434	0	0	0	0.1	0.0473920310797323	0.0857187437910797	-0.121943868203563	0.217849348546148	0.339793216749711	0	0	0	0.2	0.074653031176756	0.212987129757638	-0.331753187595545	0.50741067410311	0.839163861698655	0	0	1	0.1	0.14454086102337	0.139654477995346	-0.124569617873507	0.44593626837397	0.570505886247478	0	0	1	0.2	0.530441753528737	0.423588763910627	-0.228590050492734	1.50124222461747	1.7298322751102	0	0	2	0.1	0.687267019333293	0.31476380857529	0.182239948514597	1.36495359788267	1.18271364936807	0	0	2	0.2	1.61925207164019	0.649247421626421	0.517343500092855	3.01244179039579	2.49509829030294	0	0	3	0.1	1.28534228209269	0.477164566043226	0.515320756735276	2.36263424195278	1.84731348521751	0	0	3	0.2	2.44016837024651	0.794439059558149	1.05035927255221	4.18251697663381	3.1321577040816
518	0	0	0	0.1	-0.0919908932563619	0.10268436843069	-0.337988822935574	0.0669362611015614	0.404925084037135	0	0	0	0.2	-0.40405458579923	0.249783764122478	-0.974659586295807	0.0320110784691867	1.00667066476499	0	0	1	0.1	-0.208871584741145	0.152685461296032	-0.520110408993893	0.0705619789858317	0.590672387979725	0	0	1	0.2	-0.226833257169922	0.274760547879082	-0.735364390679526	0.326817603804559	1.06218199448408	0	0	2	0.1	0.14934248673963	0.170634951239187	-0.170042075045501	0.497023297306479	0.667065372351981	0	0	2	0.2	0.365552991488383	0.318489299875562	-0.232471886033449	1.00756841974621	1.24004030577966	0	0	3	0.1	0.347269540293746	0.211389550416008	-0.0459005430732846	0.782910898593348	0.828811441666632	0	0	3	0.2	0.635430565178713	0.369590143341596	-0.0592327463115517	1.37370264095571	1.43293538726726
462	0	0	0	0.1	-0.0315801099161185	0.102142243147056	-0.231552786640624	0.154062776433342	0.385615563073966	0	0	0	0.2	-0.036762515954504	0.199493001418386	-0.408180898600896	0.356720674596227	0.764901573197123	0	0	1	0.1	0.0991860675993321	0.10811064469597	-0.107215145220768	0.329692049556599	0.436907194777367	0	0	1	0.2	0.300921829255923	0.235275415716618	-0.101096830483667	0.851778902411902	0.952875732895569	0	0	2	0.1	0.348671510047722	0.150237396059568	0.104968173890816	0.715601009037886	0.61063283514707	0	0	2	0.2	0.767154181301111	0.325163066152974	0.251206796144003	1.55342398779892	1.30221719165492	0	0	3	0.1	0.530482338846852	0.212205345350568	0.198109153562929	1.07347244834528	0.875363294782349	0	0	3	0.2	1.09782069760473	0.460974746703858	0.40311190091522	2.21581763063353	1.81270572971831
479	0	0	0	0.1	0.152424982617198	0.0740113182578029	0.00834435113562861	0.302549036745255	0.294204685609626	0	0	0	0.2	0.372027891586467	0.228174265461059	-0.0461879949852759	0.86157686711314	0.907764862098416	0	0	1	0.1	0.394381540869241	0.236370707144098	0.0533771707546861	0.984030724070236	0.93065355331555	0	0	1	0.2	1.46959081719333	0.603663537837323	0.529816622237124	2.83798643305349	2.30816981081637	0	0	2	0.1	1.47376115058556	0.431012149927983	0.785639532292089	2.41994094729639	1.6343014150043	0	0	2	0.2	2.63674553809706	0.547263215183776	1.69511233257547	3.85323530848572	2.15812297591025	0	0	3	0.1	2.1960258755334	0.493129693366722	1.3172565634293	3.27081382728436	1.95355726385506	0	0	3	0.2	3.38139349239609	0.62473570975387	2.27045882770434	4.78737363265247	2.51691480494813
458	0	0	0	0.1	0.0916116354957427	0.0650599423901004	-0.0421517825598675	0.221076666143815	0.263228448703683	0	0	0	0.2	0.224983480481723	0.208152472778518	-0.126044132710338	0.693532102537637	0.819576235247975	0	0	1	0.1	0.307284958981787	0.237126564941209	0.00611776948285382	0.949499965312265	0.943382195829411	0	0	1	0.2	1.18654630574301	0.704314781335358	0.224386686694569	2.86692369203889	2.64253700534433	0	0	2	0.1	1.11087175244262	0.504241153751932	0.385557383606879	2.22450320109627	1.83894581748939	0	0	2	0.2	2.28390322445195	0.820958687639742	0.866399362173319	4.02626821247539	3.15986885030207	0	0	3	0.1	1.63483753294692	0.614562121894169	0.679790001068356	2.9745097018278	2.29471970075945	0	0	3	0.2	2.90978721581573	0.930193843041398	1.30765978375355	4.99355332014426	3.68589353639071
488	0	0	0	0.1	0.178068285748739	0.087228499573712	0.00519442306892616	0.356499014738807	0.351304591669881	0	0	0	0.2	0.26008752503156	0.179624609913201	-0.102817533426298	0.618277475072427	0.721095008498725	0	0	1	0.1	-0.0988645995854381	0.172391615645487	-0.58717342958477	0.170730721962587	0.757904151547357	0	0	1	0.2	-0.552988816981147	0.609834329077184	-2.22929040449368	0.295249013723867	2.52453941821754	0	0	2	0.1	-0.485126600847819	0.381138238545549	-1.36366081987069	0.0888076021383204	1.45246842200901	0	0	2	0.2	-1.24890184541611	0.868542242421506	-3.15755797561753	0.18871063790422	3.34626861352175	0	0	3	0.1	-0.591428990541474	0.420543066808525	-1.51846410768033	0.104997244125698	1.62346135180602	0	0	3	0.2	-1.24355055232171	0.878293876278844	-3.15638124681696	0.290204460955821	3.44658570777278
438	0	0	0	0.1	0.119342583064104	0.0513960047228397	0.0277384193088903	0.222664603404463	0.194926184095573	0	0	0	0.2	0.354296626784679	0.169477178566035	0.0830720269510823	0.731084474829387	0.648012447878305	0	0	1	0.1	0.405706564426787	0.190855542753413	0.0918282891759443	0.79744375356136	0.705615464385415	0	0	1	0.2	0.962030660261206	0.467568701582862	0.147037443962377	1.94646688865279	1.79942944469042	0	0	2	0.1	0.595031916831515	0.285967492463913	0.0796249703579821	1.21783863316124	1.13821366280326	0	0	2	0.2	1.05124949568294	0.503450990552145	0.0929986416325783	2.0994062102125	2.00640756857993	0	0	3	0.1	0.67797837267575	0.349231620381665	0.0212093635196878	1.40194430334891	1.38073493982922	0	0	3	0.2	1.12575744199186	0.569286079637808	0.0343658068907167	2.24943766031474	2.21507185342402
517	0	0	0	0.1	0.170094301551744	0.0861155664696696	0.00655694926001171	0.355602630588508	0.349045681328496	0	0	0	0.2	0.289714937161285	0.226511596856665	-0.110140472570089	0.777026469976482	0.887166942546571	0	0	1	0.1	0.167039329392622	0.209515039023837	-0.202547118538696	0.673349984258804	0.8758971027975	0	0	1	0.2	0.492145044368585	0.53184821236991	-0.401370600220884	1.84637090111424	2.24774150133512	0	0	2	0.1	0.543945834065622	0.404577632451402	-0.0195409089753339	1.65878924379277	1.67833015276811	0	0	2	0.2	1.2205299325782	0.705843215037359	0.0736640083253322	2.92385654316448	2.85019253483914	0	0	3	0.1	0.921652036832316	0.513304891381152	0.209155810248711	2.30835575002299	2.09919993977428	0	0	3	0.2	1.83586059145447	0.841780052450422	0.457347300056829	3.83569927409633	3.3783519740395
453	0	0	0	0.1	0.0955728823171662	0.0876457374705143	-0.0732296381108123	0.279909338853372	0.353138976964184	0	0	0	0.2	0.170243691003671	0.252469507807189	-0.309927074979511	0.699220001310616	1.00914707629013	0	0	1	0.1	0.10881025125677	0.178820691857553	-0.24686520077936	0.467907207962723	0.714772408742083	0	0	1	0.2	0.440495116502151	0.440458700466128	-0.361543334455086	1.37831930116303	1.73986263561811	0	0	2	0.1	0.485081068181429	0.269812857114507	0.0601747608402473	1.1123380690462	1.05216330820596	0	0	2	0.2	1.15565543542426	0.567103956395611	0.267953044681667	2.50929037420917	2.2413373295275	0	0	3	0.1	0.8048871571532	0.346304105032755	0.299784026472335	1.68048317736817	1.38069915089583	0	0	3	0.2	1.6668131227538	0.665247315145862	0.608225632872489	3.33044270143294	2.72221706856046
487	0	0	0	0.1	0.223814196769126	0.125903091773494	0.0362806521546076	0.5080476364918	0.471766984337192	0	0	0	0.2	0.42939702749524	0.233296149692766	0.0361183291632055	0.941461844167599	0.905343515004393	0	0	1	0.1	0.223594020214057	0.175866925386456	-0.122720908539196	0.568011149563847	0.690732058103043	0	0	1	0.2	0.508103791466099	0.417881652401364	-0.299785554886831	1.34031044994301	1.64009600482984	0	0	2	0.1	0.441729636129872	0.289311074819969	-0.0989630125650738	1.09299643316935	1.19195944573443	0	0	2	0.2	0.925868886456826	0.566336633596332	-0.113989341776389	2.14465727344373	2.25864661522012	0	0	3	0.1	0.680679666836373	0.384648274732687	0.00396951381485841	1.54295252034331	1.53898300652845	0	0	3	0.2	1.3109046342301	0.738791350243683	0.045929000699162	3.05386885929956	3.0079398586004
478	0	0	0	0.1	0.0541426887502431	0.0657713875455904	-0.0910262071150195	0.17332859871845	0.26435480583347	0	0	0	0.2	0.0390728826572263	0.152837165566771	-0.289914736266707	0.309823885453809	0.599738621720516	0	0	1	0.1	0.045917971520263	0.0997383792816244	-0.16462930322364	0.227931112917248	0.392560416140888	0	0	1	0.2	0.115148641658552	0.226277347128965	-0.356452836510734	0.539521815377918	0.895974651888652	0	0	2	0.1	0.260863869083403	0.152115798561254	-0.0180218681618472	0.569450869395621	0.587472737557468	0	0	2	0.2	0.631170747648145	0.357209938815168	0.0146230746851517	1.41086045316096	1.39623737847581	0	0	3	0.1	0.540496462608437	0.245444143304051	0.128537273154245	1.09081245594386	0.962275182789613	0	0	3	0.2	1.16817295317008	0.542892109553325	0.288098671910846	2.41666682783236	2.12856815592151
459	0	0	0	0.1	0.0587880795490181	0.0572998807638462	-0.0557780890578526	0.170524414598205	0.226302503656058	0	0	0	0.2	0.11566891065969	0.146431481418714	-0.168187140671052	0.410571727982597	0.578758868653649	0	0	1	0.1	0.261213642044665	0.226708038227549	-0.135916346899121	0.734947296885638	0.87086364378476	0	0	1	0.2	0.72769966196567	0.606066343533139	-0.320016880107653	2.07349599476166	2.39351287486931	0	0	2	0.1	0.652408410227788	0.452272434918219	-0.0810897801909593	1.70410035155272	1.78519013174368	0	0	2	0.2	1.32003819871281	0.831564877585141	-0.0997758298429776	3.20462879488088	3.30440462472385	0	0	3	0.1	0.93515106965821	0.573254463655638	0.0470145814279055	2.37519389864228	2.32817931721438	0	0	3	0.2	1.72691255343863	0.962491887002231	0.106384637544304	4.09417076951478	3.98778613197047
506	0	0	0	0.1	0.250057567968404	0.110118624502549	0.0486694742038307	0.49590504974389	0.44723557554006	0	0	0	0.2	0.517186245838651	0.306097770237641	-0.0427758651643901	1.15115328615498	1.19392915131937	0	0	1	0.1	0.22105937831117	0.1734283769269	-0.134395361767771	0.560661146989898	0.695056508757669	0	0	1	0.2	0.568394111101563	0.350562783558475	-0.0920585329752478	1.31082784167181	1.40288637464706	0	0	2	0.1	0.545378816629283	0.216443977038819	0.158849280025912	1.04613049215382	0.887281212127912	0	0	2	0.2	1.12673969222735	0.409069331261667	0.391198843495691	2.02331916360355	1.63212032010786	0	0	3	0.1	0.853844566517475	0.287267947415756	0.373403856674595	1.51982411726549	1.1464202605909	0	0	3	0.2	1.61101899894033	0.499102644862771	0.72960426977066	2.69616636440133	1.96656209463067
543	0	0	0	0.1	0.0589825825629767	0.0768843024261792	-0.0866505210815907	0.226752800297921	0.313403321379511	0	0	0	0.2	0.179810429953589	0.205305477760626	-0.176816216186056	0.625115839311152	0.801932055497207	0	0	1	0.1	0.195718272758843	0.180435834008674	-0.102195999074124	0.603735925581587	0.705931924655711	0	0	1	0.2	0.773458873480972	0.663783777044064	-0.201083153706061	2.31349798473485	2.51458113844091	0	0	2	0.1	0.674841159629683	0.515935650542492	-0.104432271593458	1.85370367195907	1.95813594355253	0	0	2	0.2	1.58162855779302	1.09382705845399	-0.197459727848548	3.94314323910586	4.14060296695441	0	0	3	0.1	1.09085153508265	0.754956567974857	-0.142902482965599	2.80501555951506	2.94791804248066	0	0	3	0.2	2.14234004707225	1.39054073819859	-0.230825993153841	5.07265490640259	5.30348089955643
596	0	0	0	0.1	0.135887160302223	0.0790951603282311	-0.0120708801835253	0.302666894735217	0.314737774918742	0	0	0	0.2	0.392284247519104	0.216149781387764	0.00699678233017726	0.868076790878107	0.861080008547929	0	0	1	0.1	0.457047515870987	0.220984954021945	0.138148687423445	0.961234053815834	0.823085366392389	0	0	1	0.2	1.23189282996823	0.539565241583597	0.419035829948267	2.44838063956957	2.0293448096213	0	0	2	0.1	1.02686916725871	0.446715319360932	0.39878287350957	2.13537110562126	1.73658823211169	0	0	2	0.2	1.96405161171009	0.706952332686304	0.893083551782591	3.60551921210684	2.71243566032425	0	0	3	0.1	1.3703802705311	0.561743820719877	0.60450541651624	2.84405543111874	2.2395500146025	0	0	3	0.2	2.42163706492749	0.831320037103162	1.14659574451952	4.50068139084042	3.35408564632089
485	0	0	0	0.1	0.162304809118567	0.0950155489990432	-0.0151285296888265	0.352329453565366	0.367457983254193	0	0	0	0.2	0.410655415304615	0.232365730994324	0.000951058635796111	0.897790151786647	0.896839093150851	0	0	1	0.1	0.23790361775318	0.122953107327548	0.00796800716577492	0.509568041315065	0.50160003414929	0	0	1	0.2	0.686058554959355	0.313033360385435	0.131732019856007	1.36148054571959	1.22974852586359	0	0	2	0.1	0.570529208349433	0.230817794586111	0.172355566655961	1.090356919317	0.91800135266104	0	0	2	0.2	1.3750837487364	0.526188300036737	0.477452521185928	2.55058070967053	2.07312818848461	0	0	3	0.1	0.957805511255085	0.396914221016703	0.361949438018324	1.88381239546108	1.52186295744276	0	0	3	0.2	1.95575520982751	0.714077550716755	0.83780055514993	3.5950106867525	2.75721013160257
499	0	0	0	0.1	0.0254744067073717	0.0854480149880288	-0.170268682539652	0.172783504605543	0.343052187145195	0	0	0	0.2	-0.00423032477576341	0.212885226408873	-0.497851140856158	0.372748323366423	0.87059946422258	0	0	1	0.1	0.0181698668544625	0.139021772635137	-0.292628019833114	0.261675786834318	0.554303806667433	0	0	1	0.2	0.0434166844154868	0.325204771941003	-0.667269351712823	0.658274124267468	1.32554347598029	0	0	2	0.1	0.151401342243151	0.213610981847641	-0.257294971901466	0.578397095735525	0.835692067636991	0	0	2	0.2	0.339302005947435	0.490929743986835	-0.641143956746801	1.34059673872527	1.98174069547207	0	0	3	0.1	0.310765786835895	0.308522610137831	-0.264197253442896	0.953524298154387	1.21772155159728	0	0	3	0.2	0.644587432928	0.65654047973662	-0.625638647765025	2.00740617353407	2.6330448212991
461	0	0	0	0.1	0.156337041596696	0.119479174720273	-0.0719086612945313	0.387892683605733	0.459801344900265	0	0	0	0.2	0.406785939136339	0.370689127744635	-0.23791663203303	1.23357697491009	1.47149360694312	0	0	1	0.1	0.336525571663137	0.269943372916885	-0.0894964797818086	0.995305896059155	1.08480237584096	0	0	1	0.2	0.972697736552529	0.618362685736109	0.0134470613526846	2.47403666602076	2.46058960466808	0	0	2	0.1	0.774424982214816	0.434097331345957	0.105576230281922	1.87196602792289	1.76638979764097	0	0	2	0.2	1.51444187330168	0.800544980285527	0.221057022586609	3.43534798901648	3.21429096642987	0	0	3	0.1	1.00194782120122	0.527458468788331	0.149695333252947	2.27558086500067	2.12588553174772	0	0	3	0.2	1.85092006027721	0.940705745782451	0.286672823942673	4.05265759985879	3.76598477591611
463	0	0	0	0.1	0.137677560195639	0.0820014341543674	-0.0305588473236893	0.291487954249315	0.322046801573004	0	0	0	0.2	0.297989497558937	0.165471326380686	-0.0379550806514584	0.623834689484195	0.661789770135653	0	0	1	0.1	0.264607803919686	0.0967729734603396	0.083642551539321	0.456143188668889	0.372500637129568	0	0	1	0.2	0.674253545752208	0.242183151566555	0.250663411142084	1.20372941811236	0.953066006970273	0	0	2	0.1	0.752333494361215	0.224189928582289	0.389545312084185	1.27434904150183	0.884803729417641	0	0	2	0.2	1.63265742457662	0.45017239576485	0.881124783522671	2.59659833604872	1.71547355252605	0	0	3	0.1	1.31659822591485	0.385238978938225	0.687545489990381	2.15169166537712	1.46414617538674	0	0	3	0.2	2.37572872774856	0.604288391465239	1.31823634911521	3.65148399926241	2.3332476501472
503	0	0	0	0.1	0.0835502847894001	0.0773767009715675	-0.0750474134085337	0.235387225518131	0.310434638926664	0	0	0	0.2	0.18666165789921	0.224210386176269	-0.252093090141411	0.660242533977688	0.912335624119099	0	0	1	0.1	0.313155956410816	0.202653492035429	-0.0406807586306183	0.791505956337046	0.832186714967665	0	0	1	0.2	1.00098601632904	0.547824826728848	0.0932663064994588	2.28200105869502	2.18873475219556	0	0	2	0.1	1.01159025928172	0.367933459928124	0.396967946096215	1.86069971215127	1.46373176605506	0	0	2	0.2	2.07217432803015	0.635365188955462	0.953348785801789	3.45843457659052	2.50508579078873	0	0	3	0.1	1.6315764096097	0.484792233884043	0.815843038074887	2.66910410651588	1.853261068441	0	0	3	0.2	2.76810051302953	0.737192130894388	1.50767188889742	4.28935918322802	2.7816872943306
448	0	0	0	0.1	0.120621379218604	0.0607271078164375	0.00363634842085903	0.240457636057008	0.236821287636149	0	0	0	0.2	0.266096479353789	0.172553218483444	-0.0563274869383041	0.615564057541715	0.671891544480019	0	0	1	0.1	0.154180616670817	0.14726289518728	-0.126859324336017	0.448691575423138	0.575550899759155	0	0	1	0.2	0.328105302127275	0.361765991342587	-0.361837073950362	1.04885876364217	1.41069583759253	0	0	2	0.1	0.297814174456564	0.238253772361145	-0.126905126270891	0.818633715030298	0.945538841301189	0	0	2	0.2	0.619746722753966	0.52221650071047	-0.360506879617588	1.76046459229922	2.12097147191681	0	0	3	0.1	0.467473971874334	0.344924618811063	-0.144660391090907	1.26051005812384	1.40517044921475	0	0	3	0.2	0.910049790556987	0.699041208468788	-0.335703681910821	2.47412331177836	2.80982699368918
439	0	0	0	0.1	-0.0485251833986691	0.0874790146412526	-0.238467858914248	0.107106130552116	0.345573989466364	0	0	0	0.2	-0.182287867944587	0.222825281636989	-0.630345049585465	0.219569178797965	0.84991422838343	0	0	1	0.1	0.0287992738025174	0.200146539180518	-0.346584819206876	0.45169164468351	0.798276463890386	0	0	1	0.2	0.34767323964784	0.544238112888152	-0.577164196658848	1.6545180450802	2.23168224173905	0	0	2	0.1	0.505221439330428	0.384987599187095	-0.116085724478236	1.42294524670155	1.53903097117978	0	0	2	0.2	1.09482207656988	0.729001757268866	-0.203125704014042	2.62587826966744	2.82900397368148	0	0	3	0.1	0.760788338766463	0.469129017565143	-0.0359915921814449	1.8020167390484	1.83800833122985	0	0	3	0.2	1.41430527526864	0.854442718471552	-0.15011057167082	3.11320870765769	3.26331927932851
494	0	0	0	0.1	0.164942887594592	0.0749802946053003	0.0191966323940018	0.319108486087944	0.299911853693942	0	0	0	0.2	0.421139382350383	0.269903747963852	-0.00166541088309822	1.09032564189299	1.09199105277608	0	0	1	0.1	0.328010016226518	0.34868236177278	-0.194819903722919	1.35790680950217	1.55272671322508	0	0	1	0.2	1.19333530038945	0.928970939317468	-0.328162259228151	3.18190019831803	3.51006245754618	0	0	2	0.1	0.99119790991465	0.590545940906904	0.00732591877140022	2.22208755587011	2.21476163709871	0	0	2	0.2	1.93070622628583	0.822424526674495	0.417873055452654	3.66540258885268	3.24752953340002	0	0	3	0.1	1.42060851310773	0.58631751892394	0.441421096906791	2.69882804809657	2.25740695118977	0	0	3	0.2	2.30918276097665	0.806536441079924	0.888527728090934	4.0052824057677	3.11675467767677
502	0	0	0	0.1	0.14910911751035	0.0653932278857666	0.0279525444362594	0.279600772570513	0.251648228134253	0	0	0	0.2	0.262699642192974	0.121413537234073	0.0337387927787362	0.49984815602908	0.466109363250343	0	0	1	0.1	0.147102736229575	0.0708217132848661	0.0130318378751154	0.285281280166955	0.272249442291839	0	0	1	0.2	0.29376225436281	0.15024662992278	0.0166699892168717	0.59175505167522	0.575085062458348	0	0	2	0.1	0.211115947590601	0.115202851393982	0.00434390381762325	0.44156293004549	0.437219026227867	0	0	2	0.2	0.457793963277267	0.261129357815275	0.0110483401053633	0.990374317675118	0.979325977569754	0	0	3	0.1	0.315066065819006	0.18489810236968	0	0.705818352545042	0.705818352545042	0	0	3	0.2	0.707759277047957	0.432626493979852	0.00965363383144675	1.64831244338246	1.63865880955101
530	0	0	0	0.1	0.113149687128882	0.0563653142836977	-0.000721093334952465	0.225104593767513	0.225825687102465	0	0	0	0.2	0.251461237352	0.132857123766837	0.000585610393619985	0.539223602765645	0.538637992372025	0	0	1	0.1	0.254564312386301	0.124387106341524	0.0545351098049888	0.526864409194414	0.472329299389425	0	0	1	0.2	0.871849900357424	0.492310304818416	0.174552190681715	2.15179447144167	1.97724228075995	0	0	2	0.1	0.921662265597787	0.404347875953229	0.359048877572933	1.89259400679172	1.53354512921879	0	0	2	0.2	2.40140422858595	0.844259135767781	1.07514086993733	4.18536523223267	3.11022436229534	0	0	3	0.1	1.70046684378035	0.625225468447425	0.702567177434385	3.02989873267854	2.32733155524416	0	0	3	0.2	3.38718843411962	1.06909495378449	1.53123291303672	5.72016140926518	4.18892849622846
457	0	0	0	0.1	0.235562404279589	0.0923269503724331	0.0676880332599062	0.432220283532745	0.364532250272838	0	0	0	0.2	0.553228992353197	0.241488527448537	0.139971527110683	1.07709148665717	0.937119959546488	0	0	1	0.1	0.334005110242219	0.152786157222348	0.066912531587199	0.668082190324102	0.601169658736903	0	0	1	0.2	0.905879713486159	0.429461623994722	0.198014391600314	1.9350479056199	1.73703351401958	0	0	2	0.1	0.726808562651193	0.279655906463006	0.273276728482786	1.38279518778009	1.10951845929731	0	0	2	0.2	1.49148594729994	0.53419407362642	0.551105405660478	2.63469668986537	2.08359128420489	0	0	3	0.1	1.09777962705334	0.387022926367604	0.4407594963867	1.95524336946435	1.51448387307765	0	0	3	0.2	1.99551208134491	0.651796836699469	0.841199278946403	3.36448044989562	2.52328117094921
577	0	0	0	0.1	0.0146222088395441	0.105346518482494	-0.219181730819344	0.187441749508474	0.406623480327818	0	0	0	0.2	-0.0214635808784701	0.19942281229613	-0.442940325031789	0.31578728533623	0.758727610368018	0	0	1	0.1	0.0518997933648072	0.119485947278963	-0.191875598043578	0.27134387752806	0.463219475571638	0	0	1	0.2	0.184545867455656	0.282305577871886	-0.37077884237587	0.728015928599579	1.09879477097545	0	0	2	0.1	0.314574424918943	0.219531593498717	-0.104903718569486	0.758885458703798	0.863789177273284	0	0	2	0.2	0.791727272383611	0.54323246794925	-0.227341410419534	1.91069208369099	2.13803349411052	0	0	3	0.1	0.592097717974877	0.373960863835325	-0.0754749797844327	1.45966681252396	1.53514179230839	0	0	3	0.2	1.27862079064459	0.815890510759233	-0.172983921843291	3.02371661649989	3.19670053834318
486	0	0	0	0.1	0.0803685399400055	0.0713973489603156	-0.0669048784395104	0.218966822132407	0.285871700571918	0	0	0	0.2	0.101974967654366	0.146309203011891	-0.201690344007903	0.373719841930147	0.57541018593805	0	0	1	0.1	-0.0545971775363924	0.143286852963505	-0.375893055358563	0.218534004374343	0.594427059732906	0	0	1	0.2	-0.115017165457646	0.361607541725524	-0.853376029537882	0.594784070966211	1.44816010050409	0	0	2	0.1	0.0857639937782191	0.266303837878028	-0.421790091070195	0.634015615654535	1.05580570672473	0	0	2	0.2	0.40532296010636	0.683464534393939	-0.829745480051891	1.9386705359595	2.7684160160114	0	0	3	0.1	0.484272439045837	0.496599859757484	-0.298546917764056	1.66527665350294	1.96382357126699	0	0	3	0.2	1.22924442188505	1.00080922220749	-0.520324838550472	3.55119853372264	4.07152337227311
581	0	0	0	0.1	0.0890817951305228	0.0714703105011729	-0.0419190124985603	0.230076155488812	0.271995167987373	0	0	0	0.2	0.185481595060188	0.267288640643624	-0.29677063003986	0.721547258070445	1.0183178881103	0	0	1	0.1	0.199464717240455	0.272221403396146	-0.26961609681035	0.782646930653567	1.05226302746392	0	0	1	0.2	1.19385691655221	0.620261657875323	0.066454412487556	2.48390540500884	2.41745099252128	0	0	2	0.1	1.1265115248617	0.416842881630095	0.386839025369488	2.0303045274482	1.64346550207871	0	0	2	0.2	2.10713029457439	0.591648350435784	0.911553511782213	3.25985353572635	2.34830002394414	0	0	3	0.1	1.57388509615528	0.457048974337779	0.708863403643865	2.48440198161756	1.77553857797369	0	0	3	0.2	2.52166667910317	0.64788875150238	1.25990112246308	3.82409913552637	2.56419801306328
573	0	0	0	0.1	0.073042962969776	0.117571040564738	-0.152964284802158	0.304044779065196	0.457009063867354	0	0	0	0.2	0.252849049867595	0.245591904537924	-0.198645461662023	0.791271816341319	0.989917278003341	0	0	1	0.1	0.297653899540249	0.142709875414147	0.0617179087047421	0.62659713949212	0.564879230787378	0	0	1	0.2	0.800199800388374	0.329469183877072	0.269611054573103	1.56290511414955	1.29329405957644	0	0	2	0.1	0.742283786621138	0.225013264018689	0.415097656085364	1.26767865798658	0.85258100190122	0	0	2	0.2	1.60895551310638	0.434709670646143	0.969042048329391	2.65582400932864	1.68678196099925	0	0	3	0.1	1.17420024082591	0.328397085749722	0.706000206860097	1.98512461590923	1.27912440904913	0	0	3	0.2	2.28017143239238	0.558052735042293	1.42183178044758	3.56246316776545	2.14063138731786
495	0	0	0	0.1	0.147896751011736	0.055507203265319	0.0352004368612422	0.251929632378787	0.216729195517545	0	0	0	0.2	0.36284323883464	0.135429464999583	0.103061582001448	0.633059762460474	0.529998180459026	0	0	1	0.1	0.404271748843372	0.129239080027612	0.188525073352812	0.718666949684497	0.530141876331685	0	0	1	0.2	1.43058813388847	0.54465054067962	0.597570800828611	2.63940095362328	2.04183015279467	0	0	2	0.1	1.37692079881031	0.465713612202126	0.609637585402878	2.42972756516634	1.82008997976346	0	0	2	0.2	2.75689245307831	0.803804431125163	1.32938208433485	4.39331151548203	3.06392943114718	0	0	3	0.1	2.10396442062075	0.668139324741996	0.938845849128055	3.50299803486419	2.56415218573613	0	0	3	0.2	3.44149756262647	0.984864520880911	1.68924916389682	5.48663110901653	3.79738194511971
493	0	0	0	0.1	0.0517962913504444	0.0619366432828091	-0.0636072472203943	0.178003494578712	0.241610741799106	0	0	0	0.2	0.133786244241511	0.142535832727858	-0.130760042990638	0.443497172677564	0.574257215668202	0	0	1	0.1	0.243808937777094	0.0928935538563403	0.0814800670145501	0.442570382671528	0.361090315656978	0	0	1	0.2	0.634319222417077	0.222442478879637	0.24551693154853	1.10072803957911	0.855211108030575	0	0	2	0.1	0.656136842122207	0.178280474873398	0.31360207934313	1.02399225978341	0.710390180440282	0	0	2	0.2	1.44487897333628	0.416381531280218	0.687149092161514	2.34627549918984	1.65912640702832	0	0	3	0.1	1.08343030558933	0.3153881829731	0.498057784825033	1.78821058810573	1.2901528032807	0	0	3	0.2	2.19580083383991	0.675867850259608	1.02124678210514	3.6822654848917	2.66101870278656
481	0	0	0	0.1	0.13737891756312	0.0944264237246911	-0.0426654059399081	0.339474891274619	0.382140297214527	0	0	0	0.2	0.360835724034171	0.286939985429072	-0.143909473492753	0.996077243968855	1.13998671746161	0	0	1	0.1	0.424786035285451	0.241123029855582	0.0389321962995624	0.988660497538496	0.949728301238934	0	0	1	0.2	1.26971170653032	0.529061727571202	0.396276465228962	2.43840520859935	2.04212874337039	0	0	2	0.1	1.13201866672456	0.410807180176477	0.520511026222656	2.11440090572798	1.59388987950532	0	0	2	0.2	2.25624988845992	0.650628659851107	1.18737132794661	3.64086294193844	2.45349161399183	0	0	3	0.1	1.62023322951888	0.536804567156369	0.770676316335996	2.8361820238736	2.0655057075376	0	0	3	0.2	2.94534452200325	0.80203872339836	1.53942050604577	4.62702675288874	3.08760624684297
497	0	0	0	0.1	0.18457021698903	0.0797590378458727	0.0409073118366951	0.368861586826141	0.327954274989445	0	0	0	0.2	0.355355333993797	0.172504053729522	0.0242460171795417	0.743128807564834	0.718882790385292	0	0	1	0.1	0.235004717739154	0.107127676182172	0.024293672875232	0.458529853678192	0.43423618080296	0	0	1	0.2	0.468505205915553	0.218677255406929	0.0716325150406862	0.965598618525282	0.893966103484596	0	0	2	0.1	0.408891188295347	0.151323237530462	0.135360224292025	0.751919216983576	0.61655899269155	0	0	2	0.2	0.797222584205004	0.309382047285385	0.277596928855262	1.4916426104901	1.21404568163483	0	0	3	0.1	0.589071465974245	0.232209989948969	0.241395947664007	1.12819368006014	0.886797732396137	0	0	3	0.2	1.12265719275086	0.456882764556985	0.448152112999564	2.21131551271466	1.7631633997151
496	0	0	0	0.1	0.082974881555118	0.0866275549871906	-0.0842497226379956	0.255429385505681	0.339679108143677	0	0	0	0.2	0.279043482397703	0.307726784080611	-0.24124583218967	1.04050180709304	1.28174763928271	0	0	1	0.1	0.641448477907773	0.419097561475437	0.131356495196956	1.76187272402829	1.63051622883133	0	0	1	0.2	1.96613296978413	0.854651146304142	0.629607085179231	3.80822583414176	3.17861874896253	0	0	2	0.1	1.5795116768322	0.620393312762782	0.588258040783526	2.94065935527904	2.35240131449551	0	0	2	0.2	2.97905935218394	0.93888753909179	1.2761746665601	4.92442142949055	3.64824676293045	0	0	3	0.1	1.95907430753914	0.706877283487743	0.826854984021855	3.52673253685014	2.69987755282828	0	0	3	0.2	3.42030004258369	1.0570282580415	1.68506616297429	5.80697324186589	4.12190707889159
500	0	0	0	0.1	0.103380728786518	0.0899197983475366	-0.0587151921982576	0.293796956759133	0.352512148957391	0	0	0	0.2	0.290554885772326	0.221888549254331	-0.111397239495713	0.767665392671561	0.879062632167275	0	0	1	0.1	0.188138670316638	0.133518278939817	-0.071000781156204	0.472867082449058	0.543867863605262	0	0	1	0.2	0.47159092249542	0.304557954757203	-0.0688621753606767	1.13938956198196	1.20825173734263	0	0	2	0.1	0.362900075425691	0.178965254534911	0.0371009347057099	0.719080422023055	0.681979487317345	0	0	2	0.2	0.780987175058322	0.381269970500917	0.116661279846102	1.58930733477033	1.47264605492423	0	0	3	0.1	0.565591072949267	0.257715103045354	0.112159704591226	1.09519108037985	0.983031375788621	0	0	3	0.2	1.11032988011338	0.504230630830932	0.222822163401319	2.1467409812596	1.92391881785828
511	0	0	0	0.1	0.14134858020137	0.107353841222873	-0.0602171811159158	0.363805045577838	0.424022226693754	0	0	0	0.2	0.286549077614906	0.213095652217769	-0.103949287044938	0.766461167499826	0.870410454544764	0	0	1	0.1	0.238578545967746	0.14139264135964	0.00923960014626041	0.57227412726853	0.563034527122269	0	0	1	0.2	0.584671174237295	0.327194422787979	0.0669778462991098	1.34068063706862	1.27370279076951	0	0	2	0.1	0.470273734516773	0.219166135411922	0.135575807459875	0.986455761036244	0.850879953576369	0	0	2	0.2	1.10790155648639	0.493117143317146	0.359690231774249	2.2122090260666	1.85251879429236	0	0	3	0.1	0.726704326678701	0.304567440449291	0.281419277066132	1.47236078783562	1.19094151076949	0	0	3	0.2	1.65800311528334	0.666758184609393	0.678183104601843	3.17762806192585	2.49944495732401
509	0	0	0	0.1	0.0450226482483294	0.104578645167445	-0.161175923061446	0.240026165073131	0.401202088134577	0	0	0	0.2	0.12769045410102	0.209518528290239	-0.279540214543416	0.543194295936579	0.822734510479995	0	0	1	0.1	0.197008123090586	0.120086187443774	-0.00483977228235751	0.455845166568235	0.460684938850592	0	0	1	0.2	0.622644816772232	0.308692233175427	0.139684180305987	1.34778026186161	1.20809608155562	0	0	2	0.1	0.615773480674104	0.231740117240476	0.279509364666354	1.1731638380103	0.893654473343943	0	0	2	0.2	1.29638086833812	0.423999133589335	0.647857687188821	2.28977378151198	1.64191609432316	0	0	3	0.1	0.872763801178124	0.303895705453295	0.431231061379163	1.59489242829175	1.16366136691259	0	0	3	0.2	1.69083885572923	0.517021088201957	0.88711044735977	2.84076455318896	1.95365410582919
464	0	0	0	0.1	0.131095192316652	0.0702402250567336	-0.00215691635937275	0.271143331994168	0.27330024835354	0	0	0	0.2	0.273603317296362	0.163855065254249	-0.0438911237160516	0.607213728667014	0.651104852383065	0	0	1	0.1	0.179504178500831	0.11439719693621	-0.0284303742894748	0.427432789843498	0.455863164132973	0	0	1	0.2	0.435729980453587	0.275011478118096	-0.0499703025933751	1.08114515111868	1.13111545371205	0	0	2	0.1	0.406653467976441	0.177435281985689	0.118365316489359	0.822790474358521	0.704425157869162	0	0	2	0.2	0.84757117945807	0.356430429764633	0.264750716140433	1.68103489307523	1.4162841769348	0	0	3	0.1	0.644909794178594	0.259656591680351	0.237513388101936	1.23827197312632	1.00075858502438	0	0	3	0.2	1.15915383724049	0.454599246588832	0.414112957844572	2.21125869708532	1.79714573924075
562	0	0	0	0.1	0.1713199525871	0.06676387407251	0.0481620909065554	0.310732940985993	0.262570850079438	0	0	0	0.2	0.340752861030244	0.168174236348518	0.0377636850060346	0.694630999569754	0.656867314563719	0	0	1	0.1	0.17186723292352	0.201292256689265	-0.247773609050436	0.582944201648747	0.830717810699182	0	0	1	0.2	0.474966722096508	0.513471656143616	-0.490541677639135	1.55120967208855	2.04175134972768	0	0	2	0.1	0.446244268889123	0.360438743029573	-0.198092595742869	1.22762818038662	1.42572077612949	0	0	2	0.2	0.896726621878702	0.668847628571942	-0.374131392721297	2.25736428885207	2.63149568157337	0	0	3	0.1	0.648327124226788	0.456607320739465	-0.197338517789527	1.58508765279665	1.78242617058617	0	0	3	0.2	1.14939974658044	0.782059596322133	-0.344896464792082	2.67314731174531	3.0180437765374
460	0	0	0	0.1	0.152467865120956	0.0841401782854121	-0.0132458699569269	0.31660566418723	0.329851534144156	0	0	0	0.2	0.234603853043586	0.218743008731472	-0.22139522184477	0.67629179188546	0.89768701373023	0	0	1	0.1	0.0793553902012093	0.266474455412069	-0.456058184560946	0.613503581510702	1.06956176607165	0	0	1	0.2	0.521166079864945	0.609428793812349	-0.692637424973139	1.78577329042016	2.4784107153933	0	0	2	0.1	0.975686307207246	0.49764090329026	0.103400053829871	2.12532668225101	2.02192662842114	0	0	2	0.2	2.01122554460788	0.828306825590626	0.433545316593725	3.69406118928107	3.26051587268735	0	0	3	0.1	1.76909065523008	0.67772785647713	0.519208259274667	3.1241998772564	2.60499161798173	0	0	3	0.2	3.00924964225863	1.01577312862651	1.02272072846374	5.09083989639105	4.06811916792731
470	0	0	0	0.1	0.00998622143264973	0.076208971972245	-0.142910610788449	0.152380309808743	0.295290920597192	0	0	0	0.2	0.049288802131765	0.1461323724022	-0.226453591636248	0.334748249362593	0.561201840998842	0	0	1	0.1	0.142914242154568	0.102421351368722	-0.0344933661667538	0.358136270325675	0.392629636492429	0	0	1	0.2	0.463000078402253	0.295124753390889	0.00642215782634142	1.13290827730445	1.12648611947811	0	0	2	0.1	0.58370731747865	0.272412113245164	0.159704908945499	1.18198213835873	1.02227722941323	0	0	2	0.2	1.42915824527707	0.640006292861959	0.404549341093579	2.91600844852798	2.5114591074344	0	0	3	0.1	1.07840061483768	0.491441247862197	0.312817619709581	2.13976704865302	1.82694942894344	0	0	3	0.2	2.2215839983437	0.927791643853347	0.685442427797042	4.24158315417195	3.55614072637491
498	0	0	0	0.1	0.0702511636179036	0.0793061196776102	-0.0834326964741529	0.234466843574641	0.317899540048794	0	0	0	0.2	0.130821235057374	0.169272303640152	-0.193347069926122	0.466890057723943	0.660237127650066	0	0	1	0.1	0.151710418664619	0.10747498337976	-0.0483887646115217	0.375940023397303	0.424328788008825	0	0	1	0.2	0.559877277396389	0.316757421224851	0.0191713253328199	1.26339752819084	1.24422620285802	0	0	2	0.1	0.768860232096143	0.30346408938282	0.295498138635635	1.38715450941	1.09165637077436	0	0	2	0.2	1.62880630094472	0.540518135320491	0.702519528299162	2.70761175718349	2.00509222888433	0	0	3	0.1	1.36429064432078	0.490770875128136	0.545280428825395	2.41510666997558	1.86982624115019	0	0	3	0.2	2.41559450258192	0.726564253598905	1.08379758942377	3.94490724491616	2.8611096554924
512	0	0	0	0.1	0.0923627203502923	0.0665259842710992	-0.0367796096501888	0.22435644193767	0.261136051587859	0	0	0	0.2	0.196017402349183	0.151302401611136	-0.0854819331797854	0.493152364168226	0.578634297348012	0	0	1	0.1	0.258334123138779	0.115950740986265	0.0609526211763922	0.515233796089625	0.454281174913233	0	0	1	0.2	0.867252223284453	0.465268562012974	0.248316779856538	2.03174068256614	1.7834239027096	0	0	2	0.1	0.940249214773339	0.394218208777324	0.46036104194681	1.92373906651726	1.46337802457045	0	0	2	0.2	2.89613383676636	1.14362430993627	1.33641980213948	5.6207874577199	4.28436765558042	0	0	3	0.1	2.06999173966772	0.859122421054715	0.979802998610336	4.19160487443179	3.21180187582145	0	0	3	0.2	5.05983102073265	1.62698615664936	2.55196889598106	8.65983615763834	6.10786726165728
576	0	0	0	0.1	0.20674448224327	0.0879644871184092	0.0579890600793268	0.398506353617363	0.340517293538036	0	0	0	0.2	0.42430104523915	0.227078993660333	0.0154416599505287	0.915780770765056	0.900339110814527	0	0	1	0.1	0.211146510871164	0.198123628376808	-0.189623056448322	0.577136233877152	0.766759290325474	0	0	1	0.2	0.527140269608708	0.498036653741256	-0.422218285368069	1.51918842264199	1.94140670801006	0	0	2	0.1	0.446584298594242	0.311911717678087	-0.0912928902402869	1.10520302582845	1.19649591606874	0	0	2	0.2	0.984765703474588	0.614487013637865	-0.102501802294409	2.26394850052717	2.36645030282158	0	0	3	0.1	0.67901450703945	0.379617900551502	0.0365799856881406	1.52681879685038	1.49023881116224	0	0	3	0.2	1.33739906581131	0.694175270311303	0.0804031019519688	2.84637146884671	2.76596836689474
513	0	0	0	0.1	0.166253195630901	0.0818558937787886	0.0177940023521415	0.349190358409804	0.331396356057662	0	0	0	0.2	0.474197351719699	0.274225464122336	0.0182343814211703	1.14124523662986	1.12301085520869	0	0	1	0.1	0.302870455439159	0.273624708351762	-0.160826149632278	0.920031385980516	1.08085753561279	0	0	1	0.2	0.946575005144292	0.646567479786156	-0.0415889839522113	2.44873527683929	2.4903242607915	0	0	2	0.1	0.808789675016263	0.399983743394297	0.210989342931606	1.76526771543253	1.55427837250092	0	0	2	0.2	1.73313508312127	0.630921002073839	0.673861834238666	3.14173789192888	2.46787605769021	0	0	3	0.1	1.29641055436843	0.428327164717527	0.577979989475974	2.22237508626227	1.6443950967863	0	0	3	0.2	2.37453806217734	0.665587065848864	1.17256869476388	3.77462809876279	2.60205940399891
566	0	0	0	0.1	0.194650371297714	0.0887234481886488	0.0431933588160174	0.392884052538708	0.34969069372269	0	0	0	0.2	0.505866989686458	0.270147471750758	0.0848522580171096	1.17902013824375	1.09416788022664	0	0	1	0.1	0.213893409401009	0.20558188483865	-0.168642765500522	0.638441398286749	0.807084163787271	0	0	1	0.2	0.602974741328496	0.498346089615305	-0.344344965802617	1.5997973076073	1.94414227340992	0	0	2	0.1	0.530128618457409	0.293260998933014	0.00584011649826796	1.15207805273917	1.14623793624091	0	0	2	0.2	1.1928860842231	0.545725248181775	0.144608610779575	2.30727074252863	2.16266213174905	0	0	3	0.1	0.902232165500636	0.367767497984739	0.300439189984666	1.73995974169472	1.43952055171005	0	0	3	0.2	1.7261800222488	0.623597861229328	0.617875948600652	3.07732020563278	2.45944425703213
534	0	0	0	0.1	0.10848727677609	0.0486858582292306	0.0156954531509378	0.207028134399335	0.191332681248398	0	0	0	0.2	0.1336509307245	0.135597449171286	-0.128222071076561	0.403255060280733	0.531477131357294	0	0	1	0.1	0.00741505143497537	0.12272128519571	-0.23717713356171	0.2342482385708	0.47142537213251	0	0	1	0.2	0.0327521423078441	0.286298526276926	-0.498909423537678	0.629242717331277	1.12815214086896	0	0	2	0.1	0.225789034764131	0.183929713415667	-0.096789557726212	0.621095382770374	0.717884940496586	0	0	2	0.2	0.608772474692227	0.421986592484638	-0.0996888204487798	1.55401229787776	1.65370111832654	0	0	3	0.1	0.555649577312863	0.269421825951995	0.119321930615946	1.22833818404105	1.10901625342511	0	0	3	0.2	1.29554868138793	0.583751449275445	0.377217764520317	2.67438832654562	2.29717056202531
553	0	0	0	0.1	0.102787321875141	0.0898601549973085	-0.0845853819954294	0.27672316006931	0.361308542064739	0	0	0	0.2	0.0272289072342778	0.215238166319071	-0.417998656380094	0.420308309430432	0.838306965810526	0	0	1	0.1	-0.012416512572889	0.13903139077956	-0.308121841049608	0.226114611493604	0.534236452543212	0	0	1	0.2	0.00838862843691374	0.290195444288502	-0.644000535659175	0.539905571732469	1.18390610739164	0	0	2	0.1	0.270429622059056	0.16439555479743	-0.0337501146095677	0.616931815036771	0.650681929646339	0	0	2	0.2	0.700012890379999	0.367731539683192	0.0157842981681913	1.47848852524481	1.46270422707662	0	0	3	0.1	0.62865143922457	0.247676299648548	0.207572714949202	1.22184221116962	1.01426949622042	0	0	3	0.2	1.38774314452867	0.522580722083282	0.496650773044383	2.55668432775557	2.06003355471118
592	0	0	0	0.1	0.0972668960188543	0.0611506256036076	-0.027759951580656	0.213340484044045	0.241100435624701	0	0	0	0.2	0.231888324896718	0.161532468778604	-0.0688738749953881	0.574159653708378	0.643033528703766	0	0	1	0.1	0.349411349074124	0.148607853418979	0.0939220814793862	0.700952111337737	0.607030029858351	0	0	1	0.2	0.91426793473107	0.367878457722818	0.284890873455743	1.77696105418096	1.49207018072522	0	0	2	0.1	0.729035893634035	0.259509553200355	0.282374714226779	1.29776172865611	1.01538701442933	0	0	2	0.2	1.41364985116972	0.471757467050984	0.560374752028306	2.39249057748496	1.83211582545665	0	0	3	0.1	0.979031999920369	0.349101405279398	0.386314359769379	1.73535297357358	1.3490386138042	0	0	3	0.2	1.75460625215916	0.581537751492943	0.729940728618433	2.99068702167699	2.26074629305856
504	0	0	0	0.1	0.117828250834613	0.047498515594397	0.0321753557902644	0.222016818433721	0.189841462643457	0	0	0	0.2	0.306799390027277	0.151471046238994	0.0486647895365832	0.642063020146063	0.59339823060948	0	0	1	0.1	0.618935829136374	0.4529366977601	-0.00190304291105208	1.74679419465244	1.74869723756349	0	0	1	0.2	3.06868822744592	1.58809013906113	0.491806712920143	6.28712472280139	5.79531800988124	0	0	2	0.1	2.5193779677436	1.15785309444663	0.587453048022958	4.96647666951004	4.37902362148708	0	0	2	0.2	4.52423853630261	1.54086400001257	1.70366352580792	7.8652492446651	6.16158571885718	0	0	3	0.1	3.43405085741569	1.2265894805453	1.26011738292013	6.1022921594161	4.84217477649597	0	0	3	0.2	5.27433213828778	1.56932700262213	2.53160406576127	8.87108685388857	6.3394827881273
546	0	0	0	0.1	0.153240400521881	0.0622965355593867	0.0274556279201366	0.278839585547596	0.251383957627459	0	0	0	0.2	0.281217003472902	0.161439500199891	-0.0343299496340474	0.595726063020109	0.630056012654157	0	0	1	0.1	0.163698230334606	0.161404185941772	-0.160643502257301	0.45552281025484	0.616166312512141	0	0	1	0.2	0.431977845814005	0.393471631753891	-0.341572100622692	1.17898113544601	1.52055323606871	0	0	2	0.1	0.510469573330221	0.250436053819128	0.0661551653604257	1.00792120431393	0.941766038953506	0	0	2	0.2	1.09009904874676	0.475774092566157	0.252772742890819	2.07465003416818	1.82187729127736	0	0	3	0.1	0.841389153259595	0.317132158620062	0.296942020559121	1.54761837572479	1.25067635516566	0	0	3	0.2	1.58596097748048	0.548036270627906	0.612647635789247	2.91310875661589	2.30046112082665
523	0	0	0	0.1	0.0432963083055867	0.0860623732269909	-0.13131550497792	0.208277894258469	0.339593399236389	0	0	0	0.2	0.00708762846233785	0.278584171697777	-0.602474824357758	0.520186909991151	1.12266173434891	0	0	1	0.1	-0.0546717883167286	0.228652607130232	-0.553332224454426	0.351837136422996	0.905169360877422	0	0	1	0.2	0.159251620130385	0.56582771391862	-0.976773734475497	1.27732876647704	2.25410250095254	0	0	2	0.1	0.326645260481188	0.367997600010887	-0.357495621128475	1.08812345233764	1.44561907346611	0	0	2	0.2	0.717807702204022	0.69651066405767	-0.580427340917087	2.09287411131427	2.67330145223136	0	0	3	0.1	0.529152752583213	0.424555199197182	-0.219441704436529	1.36303807894035	1.58247978337688	0	0	3	0.2	0.910533843021965	0.782900938182844	-0.615272259116648	2.47183569324291	3.08710795235956
501	0	0	0	0.1	0.134890658775149	0.0816079841033494	-0.0175973338983515	0.316759076638942	0.334356410537294	0	0	0	0.2	0.378451497959262	0.288931961622499	-0.0686130527835573	1.03264490201705	1.10125795480061	0	0	1	0.1	0.585685933361481	0.41554730050431	-0.00738948484770155	1.60496926811727	1.61235875296497	0	0	1	0.2	1.64137473328969	0.813579865630376	0.28973505694054	3.32401121284412	3.03427615590358	0	0	2	0.1	1.52628960667851	0.674716238218156	0.485821927953	2.96231839888113	2.47649647092813	0	0	2	0.2	2.45267911430128	0.885570850954701	1.03247133322951	4.39610124190055	3.36362990867104	0	0	3	0.1	1.99233614864098	0.775797912627668	0.770983365166342	3.70882664658853	2.93784328142219	0	0	3	0.2	2.96156368377839	0.978554387879393	1.33985990030776	5.11432200801294	3.77446210770518
519	0	0	0	0.1	0.043248848758496	0.0687112417980671	-0.0877138763808346	0.184960453684211	0.272674330065046	0	0	0	0.2	0.106984305115178	0.164948208828089	-0.203457268853454	0.448997826431519	0.652455095284973	0	0	1	0.1	0.172805195696795	0.115750701148705	-0.0144576108142364	0.444077015679242	0.458534626493478	0	0	1	0.2	0.457738186381526	0.286907716369339	0.0283593762481417	1.11830968421607	1.08995030796793	0	0	2	0.1	0.415321672117655	0.186498878483811	0.131889316498401	0.845428584959655	0.713539268461254	0	0	2	0.2	0.836409545988606	0.355873027493064	0.253395218126821	1.64161352749034	1.38821830936352	0	0	3	0.1	0.585877250618645	0.23615419697802	0.186103956743238	1.10864286532299	0.922538908579756	0	0	3	0.2	1.089035526422	0.420275422518115	0.386376320283671	2.02206113682188	1.63568481653821
508	0	0	0	0.1	0.262683257473837	0.085745093992702	0.118433743130863	0.461245210153939	0.342811467023076	0	0	0	0.2	0.652995767987128	0.207287739053087	0.3081120996339	1.12420053274961	0.816088433115712	0	0	1	0.1	0.397604494287356	0.126534018713908	0.179909935370004	0.685977703594314	0.50606776822431	0	0	1	0.2	0.941379185606203	0.313975648460259	0.460991073269591	1.70277983863258	1.24178876536299	0	0	2	0.1	0.676588028079235	0.19918775555019	0.370698655984583	1.16959981170687	0.798901155722288	0	0	2	0.2	1.4434648867678	0.398190659533969	0.842302618684846	2.41950541958309	1.57720280089825	0	0	3	0.1	1.00014139985805	0.282423785375283	0.567135073051825	1.6785797451216	1.11144467206978	0	0	3	0.2	1.97270597281461	0.509831814536693	1.16844366261138	3.15682136998182	1.98837770737044
550	0	0	0	0.1	0.135618839251458	0.0588613032980918	0.0262904245789574	0.259448532104269	0.233158107525311	0	0	0	0.2	0.289245363667957	0.171805705570972	-0.0614306048821517	0.6573992945302	0.718829899412351	0	0	1	0.1	0.086183209442182	0.196305646771448	-0.36228707972189	0.38912589066575	0.75141297038764	0	0	1	0.2	0.319465680207703	0.514248320729247	-0.729739649735252	1.37958023912615	2.1093198888614	0	0	2	0.1	0.438479399505848	0.346305664655974	-0.131080857039052	1.24760178027865	1.3786826373177	0	0	2	0.2	1.15609650057471	0.71101446720556	-0.0655079415620094	2.75629600670655	2.82180394826856	0	0	3	0.1	0.937804337774786	0.500273032612628	0.164713665653842	2.11520427649937	1.95049061084552	0	0	3	0.2	1.82723051487801	0.867165576122569	0.40957184498797	3.81000754213608	3.40043569714811
531	0	0	0	0.1	0.179714100407054	0.0410005443733897	0.103632721192458	0.263248777625695	0.159616056433237	0	0	0	0.2	0.35874564043905	0.10438807956115	0.173023596763069	0.580189832053623	0.407166235290554	0	0	1	0.1	0.423953098929349	0.213498051356038	0.041000800080808	0.921454897438116	0.880454097357308	0	0	1	0.2	1.52002648111731	0.676735270741418	0.377148553191447	3.07728281780984	2.70013426461839	0	0	2	0.1	1.36926196704645	0.505778045627644	0.574836169141007	2.56503562868313	1.99019945954213	0	0	2	0.2	2.81242686157016	0.935446816613825	1.24862375894705	4.97326374780804	3.72463998886099	0	0	3	0.1	2.0962069441346	0.741153801825053	0.936066775208477	3.77704620984947	2.84097943464099	0	0	3	0.2	3.66022088259392	1.22002318465345	1.64443484919616	6.3857605190754	4.74132566987924
532	0	0	0	0.1	0.120527172727393	0.053529137824037	0.015820357223243	0.222514562107259	0.206694204884016	0	0	0	0.2	0.252947491079331	0.128834020302738	0.00691021438215103	0.520663468508442	0.513753254126291	0	0	1	0.1	0.302835054527381	0.112796567545529	0.0942372167221325	0.528580848426732	0.434343631704599	0	0	1	0.2	0.808759160278214	0.326632866681764	0.291499549122675	1.49183025232827	1.20033070320559	0	0	2	0.1	0.786158596631924	0.287971460490239	0.370375603429726	1.43433183025331	1.06395622682358	0	0	2	0.2	1.73270709088567	0.635731119807923	0.814868434006738	3.24340225344256	2.42853381943582	0	0	3	0.1	1.23647290586663	0.462042707694883	0.585847959618002	2.3534524204919	1.7676044608739	0	0	3	0.2	2.39427143960199	0.825881854246305	1.15973956144427	4.39818287673888	3.23844331529461
520	0	0	0	0.1	0.161736418865618	0.0677690486291303	0.0227990307973973	0.294266656008963	0.271467625211565	0	0	0	0.2	0.287359530233274	0.17546912696111	-0.0711115392564801	0.642887804466942	0.713999343723423	0	0	1	0.1	-0.0556902313917642	0.266133702418122	-0.645870993066045	0.345568849402209	0.991439842468254	0	0	1	0.2	0.00457508496621219	0.636349288835494	-1.24423784993309	1.14771971675712	2.39195756669021	0	0	2	0.1	0.230906142252012	0.49426331424601	-0.803305858161174	1.11658615427055	1.91989201243172	0	0	2	0.2	0.552386767470167	0.905777199639249	-1.21460495260991	2.39912769208007	3.61373264468999	0	0	3	0.1	0.5141873278941	0.592462683283499	-0.579585775700868	1.75327574361024	2.33286151931111	0	0	3	0.2	0.93654500502963	1.03247278214849	-0.919117976066534	3.12332639528261	4.04244437134914
522	0	0	0	0.1	0.0845216845754621	0.0855791479579613	-0.0819119309682008	0.255064812768254	0.336976743736455	0	0	0	0.2	0.294574572718932	0.278236475957057	-0.195226185865194	0.905338090534407	1.1005642763996	0	0	1	0.1	0.359576129574649	0.193017161398685	0.0315849703377584	0.817910506570543	0.786325536232785	0	0	1	0.2	1.06496436993751	0.438502942259174	0.339676798349648	2.06761993596201	1.72794313761236	0	0	2	0.1	0.880801920227892	0.276772480267461	0.432196743287106	1.52557747190423	1.09338072861712	0	0	2	0.2	1.77928081611811	0.495932017243716	0.931009078574188	2.90078664769101	1.96977756911682	0	0	3	0.1	1.21944084358692	0.344023169150557	0.646254907092939	1.99636377238994	1.350108865297	0	0	3	0.2	2.25346090108422	0.585190163412943	1.22126846244836	3.57927492605395	2.35800646360559
567	0	0	0	0.1	0.0173339509162249	0.0637052916906982	-0.102408648949838	0.146749317600063	0.249157966549901	0	0	0	0.2	0.0407689773460423	0.130160082121362	-0.195776019633646	0.328740430982422	0.524516450616068	0	0	1	0.1	0.0496718307464368	0.0758407346456547	-0.0861398685930462	0.213577403123593	0.299717271716639	0	0	1	0.2	0.213250578165409	0.201158899228426	-0.12904781490001	0.663995116784395	0.793042931684405	0	0	2	0.1	0.341137284158723	0.1687960989119	0.0749052477531505	0.738400226867564	0.663494979114413	0	0	2	0.2	0.847935672941043	0.383509789471645	0.23655865904859	1.75681065257878	1.52025199353018	0	0	3	0.1	0.642318074176404	0.266638678682437	0.230776754995042	1.25245129335719	1.02167453836215	0	0	3	0.2	1.27930333331724	0.481047936021169	0.493473474817413	2.31918983065576	1.82571635583835
492	0	0	0	0.1	0.0337819325570146	0.0799916827573451	-0.144160008860816	0.175039709123212	0.319199717984028	0	0	0	0.2	-0.00409595140055755	0.206051826061095	-0.457878227666991	0.35625962032272	0.814137847989712	0	0	1	0.1	0.000181494314158975	0.118621379503977	-0.237428316461436	0.233511723502371	0.470940039963808	0	0	1	0.2	0.168115670412393	0.283610306530478	-0.312472111158466	0.834823220150718	1.14729533130918	0	0	2	0.1	0.427151165772183	0.196085503631817	0.111317274054782	0.883462919888414	0.772145645833631	0	0	2	0.2	1.03229789832244	0.394343593580151	0.415128764194511	1.92580123534793	1.51067247115342	0	0	3	0.1	0.838172797972662	0.271800476943341	0.409242481414142	1.42906340195585	1.01982092054171	0	0	3	0.2	1.57377734749555	0.454288712662353	0.818012758765752	2.5549595127936	1.73694675402785
527	0	0	0	0.1	0.0637045644435328	0.0633576201419748	-0.0582527495456627	0.196422204253471	0.254674953799134	0	0	0	0.2	0.0860252075121191	0.138904730053647	-0.208083598026014	0.364956934124268	0.573040532150282	0	0	1	0.1	0.0865286867759103	0.095276816153397	-0.101861289467266	0.274943763560083	0.376805053027349	0	0	1	0.2	0.316046914472722	0.292441711955029	-0.221746182734934	0.988114306798079	1.20986048953301	0	0	2	0.1	0.596569841564395	0.276327544159044	0.136295275339172	1.25881226529517	1.122516989956	0	0	2	0.2	1.63005916143807	0.693738246395297	0.458999733840482	3.22451649794847	2.76551676410799	0	0	3	0.1	1.32417411807101	0.517241051004822	0.481138251213652	2.44750090116373	1.96636264995007	0	0	3	0.2	2.76664432233632	0.972351725853108	1.13594960224117	4.81039178849404	3.67444218625287
551	0	0	0	0.1	0.0671984573539599	0.09793255811416	-0.1055889189245	0.278136059153027	0.383724978077527	0	0	0	0.2	0.157331201031116	0.213226536801369	-0.223614446523821	0.589442753892629	0.81305720041645	0	0	1	0.1	0.210029205239271	0.161502440098737	-0.107323281518488	0.538294160956357	0.645617442474845	0	0	1	0.2	0.811425150209109	0.513933810019459	-0.0537908968884649	1.96251204430876	2.01630294119722	0	0	2	0.1	0.817652620077469	0.420143523962952	0.128205258456201	1.75129608163027	1.62309082317407	0	0	2	0.2	1.8185467538245	0.819273349501929	0.317954173676292	3.61171893468913	3.29376476101283	0	0	3	0.1	1.34319101903197	0.653644154621615	0.165076052340754	2.82401522074384	2.65893916840309	0	0	3	0.2	2.44384174775615	1.11842162968515	0.282446241424236	4.71591165276203	4.4334654113378
579	0	0	0	0.1	0.108639020017442	0.0524264545883524	0.00539472265354522	0.217750220309122	0.212355497655577	0	0	0	0.2	0.174512733269582	0.100946491489531	-0.0259811474641164	0.371524135159194	0.397505282623311	0	0	1	0.1	0.192775932212526	0.092337441648453	0.0279685798314043	0.402721391927036	0.374752812095632	0	0	1	0.2	0.542368540207916	0.276464156763198	0.10966853143412	1.19893995111799	1.08927141968387	0	0	2	0.1	0.7481514029145	0.285764921693384	0.288610583798603	1.4150196754043	1.1264090916057	0	0	2	0.2	1.80050245085622	0.614337748468974	0.731291167235921	3.0752263229147	2.34393515567878	0	0	3	0.1	1.4765565545664	0.524888347218227	0.62997635060834	2.5792525385486	1.94927618794026	0	0	3	0.2	2.95793729841012	0.894800601460147	1.40501103125964	4.77717942067098	3.37216838941134
528	0	0	0	0.1	0.195228697826322	0.0704610562236297	0.0817997457793664	0.358262469196704	0.276462723417338	0	0	0	0.2	0.700872304514142	0.3482237798551	0.202102719848721	1.57820782063408	1.37610510078536	0	0	1	0.1	0.790816065176655	0.407878111101439	0.129749396371084	1.67224340220261	1.54249400583152	0	0	1	0.2	2.3462842427217	0.825962475584796	0.803437391439928	4.00654901545601	3.20311162401608	0	0	2	0.1	1.78041814612975	0.644637553736538	0.598482836541701	3.13357673221851	2.53509389567681	0	0	2	0.2	3.50653835708753	0.99166543673131	1.62149881911067	5.64766925002225	4.02617043091158	0	0	3	0.1	2.5116211556866	0.805589893353685	1.09532550891363	4.28184406471168	3.18651855579805	0	0	3	0.2	4.4165368208094	1.18795757457702	2.34132789345324	7.08454064534014	4.7432127518869
563	0	0	0	0.1	0.208005712834511	0.0861503554896845	0.0578637323204691	0.401898781725688	0.344035049405219	0	0	0	0.2	0.472938860073329	0.201940229770885	0.134214469127737	0.935568860269963	0.801354391142226	0	0	1	0.1	0.318074662487961	0.13955240075506	0.0869778615318086	0.645805334819194	0.558827473287385	0	0	1	0.2	0.922669407339886	0.439901076033999	0.282353054896505	2.04260352035113	1.76025046545463	0	0	2	0.1	0.771240775463471	0.313147214054394	0.310717648688776	1.55683283675464	1.24611518806587	0	0	2	0.2	1.71559973349649	0.622968513961948	0.717257655071273	3.09734579425213	2.38008813918086	0	0	3	0.1	1.1628211542549	0.447294034040315	0.480625941825852	2.19679345204081	1.71616751021496	0	0	3	0.2	2.27090530501935	0.777542157693367	1.03336948968581	4.1029701975021	3.06960070781629
490	0	0	0	0.1	0.0586403916108074	0.0619639903878341	-0.0610961730044106	0.178043868603048	0.239140041607459	0	0	0	0.2	0.0710012096952642	0.198227457496521	-0.359519896633234	0.458679206554324	0.818199103187558	0	0	1	0.1	0.0494854177615108	0.222388472635157	-0.367485886130047	0.508418547537657	0.875904433667704	0	0	1	0.2	0.349635958155838	0.739615989514949	-0.925535875224048	1.94091333026959	2.86644920549364	0	0	2	0.1	0.555635112209885	0.592253388377363	-0.517736056664307	1.84926994835624	2.36700600502055	0	0	2	0.2	1.36748795722443	1.1696023678232	-0.911873160095567	3.58505613173414	4.49692929182971	0	0	3	0.1	1.11372462121207	0.836979749146417	-0.413658411347322	2.83604151826231	3.24969992960963	0	0	3	0.2	2.03695788590336	1.39912789023354	-0.558670005918504	4.76163260236729	5.32030260828579
580	0	0	0	0.1	-0.0206049031670671	0.0622173008123584	-0.15039506846354	0.090329662920541	0.240724731384081	0	0	0	0.2	-0.13769148060033	0.180963466048783	-0.57229355099457	0.164630466687521	0.736924017682091	0	0	1	0.1	0.00532108178659844	0.153493502465734	-0.315043698140959	0.288050955611539	0.603094653752498	0	0	1	0.2	0.573390833341923	0.539555415704682	-0.245367155895835	1.84016078394305	2.08552793983888	0	0	2	0.1	0.976308544813221	0.489851334643851	0.277679342818686	2.17474707541563	1.89706773259695	0	0	2	0.2	2.34441760903074	1.06038961547125	0.730702024267248	4.90290434170622	4.17220231743897	0	0	3	0.1	1.74925451613961	0.85791330520253	0.537235164629087	3.88688470295457	3.34964953832548	0	0	3	0.2	3.21143796795462	1.42507042796887	1.0118104973622	6.56604663069222	5.55423613333002
572	0	0	0	0.1	-0.139439959526607	0.120328802321672	-0.412365875684742	0.0635943084322205	0.475960184116963	0	0	0	0.2	-0.444908181468084	0.271114995552063	-1.00806147117661	0.0346297290481825	1.0426912002248	0	0	1	0.1	-0.228355903634844	0.157281050608464	-0.586858557668659	0.0339560609577029	0.620814618626362	0	0	1	0.2	-0.296043267904996	0.319298639218458	-0.965585039085285	0.297258680489264	1.26284371957455	0	0	2	0.1	0.151748541923845	0.195014934061581	-0.20069438080463	0.55993721742204	0.76063159822667	0	0	2	0.2	0.477256132617095	0.39477194996635	-0.204593435375745	1.33377104149012	1.53836447686586	0	0	3	0.1	0.483934133455925	0.259899769846913	0.0347756152126805	1.06369178303497	1.02891616782229	0	0	3	0.2	0.969135225968531	0.46410755277968	0.129178625930087	1.94578276218695	1.81660413625686
547	0	0	0	0.1	0.0880514200263878	0.0807507726846797	-0.0670469956361456	0.245203634221298	0.312250629857443	0	0	0	0.2	0.213816353051425	0.228670502596507	-0.265307552207974	0.633618797173379	0.898926349381353	0	0	1	0.1	0.174000712528747	0.234093152463496	-0.295646866291701	0.635160555032663	0.930807421324364	0	0	1	0.2	0.701190896496371	0.616864615696919	-0.368068734775405	2.01013063116189	2.37819936593729	0	0	2	0.1	0.680937051449669	0.368592841611373	-0.00689149486695883	1.48570275363721	1.49259424850417	0	0	2	0.2	1.43785136525647	0.652485263421537	0.151883902564561	2.72088498005719	2.56900107749263	0	0	3	0.1	1.07498437612868	0.457393867452674	0.244640193633726	2.03169124286661	1.78705104923289	0	0	3	0.2	1.84256224962715	0.742288547256052	0.468362065821297	3.30241394538689	2.8340518795656
541	0	0	0	0.1	0.124571758213093	0.0642755804625621	0.00867801959691578	0.263767038144249	0.255089018547333	0	0	0	0.2	0.270307549466359	0.179503552121952	-0.075620877071749	0.664734857695848	0.740355734767597	0	0	1	0.1	0.112151527548055	0.134651935593842	-0.140225090560238	0.402998861047426	0.543223951607664	0	0	1	0.2	0.289491274340491	0.310453054670315	-0.301200956806855	0.95271783111857	1.25391878792542	0	0	2	0.1	0.28265710771182	0.197089296571102	-0.10238559474566	0.703128897019075	0.805514491764735	0	0	2	0.2	0.579454049582925	0.38936887069666	-0.159543253687867	1.3733613414354	1.53290459512326	0	0	3	0.1	0.417550756942407	0.258883162251095	-0.0805634545707721	0.952838704166973	1.03340215873774	0	0	3	0.2	0.772071922761158	0.480778166173719	-0.154185992676007	1.72187119110268	1.87605718377868
483	0	0	0	0.1	0.212363952879987	0.0745287792088329	0.0718088817760001	0.359427128000075	0.287618246224075	0	0	0	0.2	0.438627255606067	0.161019812909702	0.150995185886716	0.781820552558522	0.630825366671805	0	0	1	0.1	0.337230777136518	0.102260344054305	0.146035077774507	0.555569097533001	0.409534019758495	0	0	1	0.2	0.737145850921493	0.244847521879199	0.290052736373756	1.27599675319879	0.985944016825038	0	0	2	0.1	0.598830538587184	0.212703722860264	0.200258305660632	1.03678739928093	0.836529093620299	0	0	2	0.2	1.23145172594368	0.463239500500379	0.370373389808719	2.20237891763158	1.83200552782286	0	0	3	0.1	0.866439442343568	0.356494374425956	0.207628922870483	1.60537194271441	1.39774301984392	0	0	3	0.2	1.69031768327109	0.706194069959955	0.379407671727156	3.16292858472387	2.78352091299671
533	0	0	0	0.1	0.217790761255993	0.0801635760893276	0.0764416574192619	0.384413414249643	0.307971756830381	0	0	0	0.2	0.531601182702859	0.222932284147523	0.161314137750329	1.03510427402435	0.873790136274024	0	0	1	0.1	0.453139897085782	0.192493054755172	0.144485257466553	0.903527968208998	0.759042710742445	0	0	1	0.2	1.20509065448416	0.538784768250058	0.404951102984374	2.37242419991113	1.96747309692676	0	0	2	0.1	0.993806992047091	0.384256273325331	0.406987493283403	1.87973004992311	1.47274255663971	0	0	2	0.2	2.1037785043622	0.719311667376996	0.942474767795554	3.6487231533367	2.70624838554115	0	0	3	0.1	1.45755686737254	0.537355546676123	0.645581954059908	2.62240371112847	1.97682175706856	0	0	3	0.2	2.77706461585862	0.884520012270513	1.33217341882762	4.6008541241096	3.26868070528198
583	0	0	0	0.1	-0.00495888018711786	0.102255799265584	-0.21276883776324	0.196790481350903	0.409559319114143	0	0	0	0.2	0.0146198463059049	0.236759352057345	-0.434034752445911	0.482679790634525	0.916714543080436	0	0	1	0.1	0.0599794331773358	0.173526804200411	-0.242279760455433	0.42203899525909	0.664318755714523	0	0	1	0.2	0.300258003139627	0.396623613961391	-0.339136875344373	1.15116995687171	1.49030683221609	0	0	2	0.1	0.290712145382605	0.228391397778698	-0.0710268526939197	0.799169312670593	0.870196165364513	0	0	2	0.2	0.656951955215568	0.458630673407976	-0.073604912924445	1.68031764036269	1.75392255328713	0	0	3	0.1	0.420880583071257	0.265024592076399	0.00352471015573012	1.05243983812343	1.0489151279677	0	0	3	0.2	0.849721456520422	0.508823105385214	0.01776426437796	1.99772712522048	1.97996286084252
510	0	0	0	0.1	0.196334428598222	0.0757240416987344	0.0580414585321374	0.351496651252044	0.293455192719907	0	0	0	0.2	0.378368507266328	0.172044902341198	0.0475237509557794	0.72822834131994	0.68070459036416	0	0	1	0.1	0.303241842423628	0.117606668671386	0.0583131729049094	0.54705895472828	0.488745781823371	0	0	1	0.2	0.719187621646548	0.276237364283044	0.19502926761181	1.34946867750767	1.15443940989586	0	0	2	0.1	0.703135684540965	0.209220471233037	0.364907537197283	1.17786576468638	0.812958227489098	0	0	2	0.2	1.43484359553014	0.409077289993739	0.744058606319209	2.29703495088073	1.55297634456153	0	0	3	0.1	1.05713965008949	0.310597140504621	0.524065879806544	1.74324563644975	1.21917975664321	0	0	3	0.2	1.97754257302149	0.556937422449735	0.992027840856288	3.13845466315133	2.14642682229505
569	0	0	0	0.1	0.206858463397533	0.0893711394905181	0.0446090104239451	0.403056356510173	0.358447346086228	0	0	0	0.2	0.529360394338671	0.235709769521608	0.125958279775081	1.0795179963182	0.953559716543119	0	0	1	0.1	0.401449009288263	0.208708817153098	0.0694501048491618	0.898439587035213	0.828989482186051	0	0	1	0.2	1.11022858013967	0.643858084128253	0.128552766395708	2.6596206855075	2.53106791911179	0	0	2	0.1	0.728593968957829	0.476776028233734	-0.0380280488199869	1.86156777440559	1.89959582322558	0	0	2	0.2	1.48163109630594	0.937899914223097	-0.156356608690563	3.51933932012591	3.67569592881647	0	0	3	0.1	0.879659515319661	0.615881188374589	-0.232950824946957	2.22495125856688	2.45790208351384	0	0	3	0.2	1.64163693551201	1.11914686028388	-0.537809195283983	3.96435768652425	4.50216688180823
480	0	0	0	0.1	0.163582449802315	0.0944631778448844	-0.0327870490336028	0.348592268796167	0.381379317829769	0	0	0	0.2	0.398631629111432	0.287025843046263	-0.168906069113695	0.973442086005097	1.14234815511879	0	0	1	0.1	0.288014138613855	0.21349531742713	-0.146366501674654	0.725956977922048	0.872323479596701	0	0	1	0.2	1.01194136930429	0.651175713938007	-0.216194366196218	2.38868194006193	2.60487630625815	0	0	2	0.1	0.821102071337221	0.392861375569992	0.158480648103827	1.72006681555958	1.56158616745575	0	0	2	0.2	1.80381567900893	0.728716554727548	0.494180283525235	3.37344285665987	2.87926257313464	0	0	3	0.1	1.32942235816883	0.52291942812676	0.403772156717649	2.53951791782712	2.13574576110947	0	0	3	0.2	2.29368813955568	0.825505242953611	0.76672879247262	4.06205826010474	3.29532946763212
491	0	0	0	0.1	0.141137886760265	0.101698236699561	-0.0499550164420636	0.343162971359398	0.393117987801462	0	0	0	0.2	0.513680582007692	0.326286436134447	-0.0291781813768867	1.27039576538913	1.29957394676602	0	0	1	0.1	0.497309188244285	0.254401621049492	0.103541976146185	1.11738161051782	1.01383963437164	0	0	1	0.2	1.1801068816571	0.530754591865951	0.264433474977229	2.38227008018784	2.11783660521061	0	0	2	0.1	0.839765159336059	0.339657216765089	0.27809809454914	1.60479724246604	1.3266991479169	0	0	2	0.2	1.46016758107185	0.551515689262296	0.513213259254401	2.68347233172541	2.17025907247101	0	0	3	0.1	0.9663462508743	0.384316808378654	0.334536267643131	1.76843159650342	1.43389532886029	0	0	3	0.2	1.60365673735622	0.602536453895771	0.554163295659887	2.8859461065427	2.33178281088281
588	0	0	0	0.1	0.15333416215872	0.0959090018144916	-0.0131661410203902	0.377898383431674	0.391064524452064	0	0	0	0.2	0.343621528402957	0.244725861578535	-0.128698027078199	0.926133234579925	1.05483126165812	0	0	1	0.1	0.285230428713693	0.197986885424419	-0.0996718041895542	0.699690007482299	0.799361811671853	0	0	1	0.2	0.892364288286843	0.554866781134706	-0.0849310434561236	2.07384410061786	2.15877514407399	0	0	2	0.1	0.821084434256022	0.398773421079318	0.148932604213969	1.72589947410798	1.57696686989401	0	0	2	0.2	1.83082021321645	0.80466466451376	0.439834140492173	3.56048261839587	3.12064847790369	0	0	3	0.1	1.25970505850866	0.54622222550161	0.367922655324327	2.55898514495644	2.19106248963212	0	0	3	0.2	2.3853297535791	0.955971947360836	0.762510437099702	4.63733509667469	3.87482465957499
545	0	0	0	0.1	0.0676189663310703	0.0899765266129033	-0.117795921397001	0.236947501777856	0.354743423174857	0	0	0	0.2	0.104119266728198	0.212124596309921	-0.326167361526455	0.522789201937819	0.848956563464274	0	0	1	0.1	0.0994774426204166	0.165041394921495	-0.172217959405914	0.469017282354606	0.64123524176052	0	0	1	0.2	0.224193631020845	0.434634161789452	-0.450743928101369	1.31979393607663	1.770537864178	0	0	2	0.1	0.261743754387888	0.263382368064372	-0.155418824245838	0.928204371315734	1.08362319556157	0	0	2	0.2	0.519291786356468	0.475673079168074	-0.268775974888008	1.66590770369047	1.93468367857848	0	0	3	0.1	0.42195224201383	0.29708943605631	-0.0662516625149961	1.14744486228567	1.21369652480067	0	0	3	0.2	0.751728232330275	0.496968531341681	-0.131997204560696	1.83675423924807	1.96875144380877
482	0	0	0	0.1	0.0973802903900238	0.0747642141716654	-0.0391460685822806	0.262917068820852	0.302063137403133	0	0	0	0.2	0.286949725854868	0.237042241510977	-0.0961568820668463	0.820456023018084	0.91661290508493	0	0	1	0.1	0.355272313456141	0.237524672367045	0.0220972526024094	0.912266939648693	0.890169687046284	0	0	1	0.2	1.13888204863496	0.664715422171622	0.170567539975073	2.46813843162541	2.29757089165034	0	0	2	0.1	0.971594569868132	0.465062256291813	0.320547975260385	1.9389299823191	1.61838200705872	0	0	2	0.2	1.91230409544469	0.778949864499068	0.694779973452772	3.4544195660113	2.75963959255853	0	0	3	0.1	1.30230341309804	0.53530921384139	0.535901250548454	2.40625112120705	1.8703498706586	0	0	3	0.2	2.3131253537956	0.841813930078135	1.03626696834139	4.12781544120097	3.09154847285958
587	0	0	0	0.1	0.144581963889652	0.10563334089265	-0.0567627534061814	0.365346890472999	0.42210964387918	0	0	0	0.2	0.170670881329042	0.28871833191464	-0.407820159567025	0.754478137951836	1.16229829751886	0	0	1	0.1	-0.0463291083177022	0.171806807090094	-0.407010819260444	0.259545728445366	0.66655654770581	0	0	1	0.2	0.153178484413716	0.378316147928836	-0.578460762193983	0.870880714342644	1.44934147653663	0	0	2	0.1	0.43566969290843	0.225579394061563	-0.0102677641078261	0.9337966351365	0.944064399244326	0	0	2	0.2	1.12931136517484	0.46022208717893	0.265859181575127	2.13081481077321	1.86495562919808	0	0	3	0.1	0.899104661242914	0.307776855505643	0.345785807013991	1.60521041474597	1.25942460773198	0	0	3	0.2	1.76889272300956	0.559972436041804	0.757351247321447	2.98979273251673	2.23244148519528
542	0	0	0	0.1	0.0120182761731908	0.0849386962777983	-0.169785945862513	0.171038790491964	0.340824736354476	0	0	0	0.2	-0.0297365191793596	0.206688244022331	-0.472224868204853	0.34021983749597	0.812444705700823	0	0	1	0.1	0.0236069139211615	0.131361410063846	-0.250999280100005	0.26882889136279	0.519828171462795	0	0	1	0.2	0.214419537349471	0.312169400737829	-0.361072830748593	0.854945692031922	1.21601852278052	0	0	2	0.1	0.485378210439914	0.268516407207253	0.0835745969749915	1.15415726208035	1.07058266510536	0	0	2	0.2	1.23249039983807	0.588870759637632	0.319769333301451	2.6154157325921	2.29564639929065	0	0	3	0.1	1.05533626703824	0.464702341754843	0.366466788006042	2.17440525829173	1.80793847028568	0	0	3	0.2	2.0054566637226	0.754743042178917	0.715695097282976	3.64238233197736	2.92668723469438
515	0	0	0	0.1	0.0538986906811358	0.100307393725196	-0.138390050829223	0.24708213084892	0.385472181678143	0	0	0	0.2	0.275108115261713	0.281228492589725	-0.243445108601821	0.876280831786767	1.11972594038859	0	0	1	0.1	0.402058128835459	0.231572483704889	-0.00187012101327782	0.918760970727873	0.920631091741151	0	0	1	0.2	0.978109491888524	0.493799698671357	0.091316100333014	1.97871956870058	1.88740346836756	0	0	2	0.1	0.753100557271559	0.368654085396979	0.0790778012394402	1.52061922022569	1.44154141898625	0	0	2	0.2	1.39096898473536	0.644862911814528	0.120324272304377	2.73999009149704	2.61966581919266	0	0	3	0.1	0.922868851393332	0.444876383589872	0.0874120258621637	1.8990387558125	1.81162672995034	0	0	3	0.2	1.64022399531831	0.754289271314346	0.159694669806804	3.16931119171899	3.00961652191219
554	0	0	0	0.1	0.0117731042142386	0.0860210685301003	-0.193705686823583	0.155853756592804	0.349559443416387	0	0	0	0.2	-0.0212935117356856	0.223475444238806	-0.574374159493562	0.356503421945029	0.930877581438591	0	0	1	0.1	0.0522351385023549	0.164934741692871	-0.303343269890293	0.354521665118923	0.657864935009216	0	0	1	0.2	0.517314490161711	0.565359162241475	-0.329016060442265	1.88931450697324	2.21833056741551	0	0	2	0.1	0.804130873291516	0.484146354516986	0.191925388893113	2.07066071045069	1.87873532155758	0	0	2	0.2	2.12279914251784	0.88209515341008	0.734133921113288	4.02143747024794	3.28730354913465	0	0	3	0.1	1.58654592637502	0.659953949289406	0.599666666482897	3.12225800079389	2.522591334311	0	0	3	0.2	3.11694239934456	0.970886210755853	1.38618470232524	5.13532652628903	3.7491418239638
585	0	0	0	0.1	0.0685747632817176	0.0656426179706051	-0.0651676665930881	0.195478833333397	0.260646499926485	0	0	0	0.2	0.125887681879254	0.13413661626219	-0.152529527640352	0.387793606706439	0.540323134346791	0	0	1	0.1	0.133995554814709	0.0924131394435205	-0.0356739007313829	0.332020295684753	0.367694196416136	0	0	1	0.2	0.318339233426152	0.215377292123082	-0.069806146723289	0.770188060788078	0.839994207511367	0	0	2	0.1	0.41568604314397	0.156726740053808	0.130359882318051	0.746636535029953	0.616276652711902	0	0	2	0.2	0.867446259975142	0.314801536508416	0.287864899487879	1.51516263315894	1.22729773367106	0	0	3	0.1	0.769932610286164	0.246325491068714	0.326365507392308	1.29452297542145	0.968157468029138	0	0	3	0.2	1.41459051569972	0.435371504050077	0.594446746053307	2.35112883937299	1.75668209331968
489	0	0	0	0.1	0.16867851508749	0.092213725478389	-0.00209877496900747	0.358228161170221	0.360326936139228	0	0	0	0.2	0.387158322430038	0.187147091431777	0.0419962868310579	0.773220818815911	0.731224531984853	0	0	1	0.1	0.262539589727255	0.134849544150332	0.011223997848001	0.551546935919294	0.540322938071293	0	0	1	0.2	0.786638459464629	0.443979398472468	0.0318723831309865	1.77435615404437	1.74248377091339	0	0	2	0.1	0.425615728570276	0.296048581506785	-0.098538310352978	1.08726695665139	1.18580526700437	0	0	2	0.2	1.15056064923349	0.784419790329927	-0.261057904803553	2.77527959555526	3.03633750035881	0	0	3	0.1	0.552870112068776	0.412091605858598	-0.209314950916687	1.39222776761495	1.60154271853164	0	0	3	0.2	1.34720019805113	0.985951717335598	-0.485934186737892	3.22200683490397	3.70794102164186
555	0	0	0	0.1	0.211000456902242	0.112304217639763	0.0148867633111293	0.465198665050619	0.45031190173949	0	0	0	0.2	0.87069680901178	0.462680737436288	0.166199602614479	2.03721682883262	1.87101722621814	0	0	1	0.1	0.884502798109429	0.421807124960458	0.282982341104432	1.92888841542279	1.64590607431836	0	0	1	0.2	2.46176551919011	0.775944113869847	1.04048714804949	4.10895079742692	3.06846364937743	0	0	2	0.1	1.85828982293605	0.549670819689045	0.863441370556415	2.95516547700332	2.09172410644691	0	0	2	0.2	3.15283487808729	0.785832583188625	1.66574725474188	4.76070980334465	3.09496254860277	0	0	3	0.1	2.36242736909133	0.635013858675972	1.22201732648989	3.6307767095324	2.40875938304251	0	0	3	0.2	3.5866962828482	0.887673517841693	1.99882069456045	5.40963665349739	3.41081595893694
529	0	0	0	0.1	0.205611247738061	0.0686723262968756	0.0831117441474407	0.352797558354917	0.269685814207476	0	0	0	0.2	0.451963695629844	0.168965436749724	0.180412976654443	0.814610828925039	0.634197852270597	0	0	1	0.1	0.404824184971098	0.203784231317474	0.112442055498507	0.882569357176095	0.770127301677587	0	0	1	0.2	1.061849089743	0.62109031026237	0.27386492882605	2.54085046529193	2.26698553646588	0	0	2	0.1	0.833762377607585	0.435640622863089	0.255143765099448	1.75901595697614	1.50387219187669	0	0	2	0.2	1.78734785235541	0.94540961349313	0.538432813075788	3.70685994727799	3.1684271342022	0	0	3	0.1	1.16360301587282	0.557894925112894	0.371048265662177	2.27264362293778	1.9015953572756	0	0	3	0.2	2.32755621554153	1.10581346083258	0.744582484615979	4.6034446298842	3.85886214526822
565	0	0	0	0.1	0.234555233091799	0.124005587823101	0.0137631615633146	0.488803900520262	0.475040738956948	0	0	0	0.2	0.472375459425291	0.380739353106472	-0.179604628390017	1.36520973640144	1.54481436479145	0	0	1	0.1	-0.0505455226807419	0.356825926775795	-0.783532531018599	0.654561500320173	1.43809403133877	0	0	1	0.2	0.0709278109217291	0.713737980381475	-1.25026549973467	1.58833962913941	2.83860512887408	0	0	2	0.1	0.180282984883893	0.37760662492024	-0.504280385414496	0.998925551807509	1.503205937222	0	0	2	0.2	0.634042520570817	0.678938896355859	-0.498407225111405	2.03120022091689	2.5296074460283	0	0	3	0.1	0.546150006265263	0.401227149665786	-0.178646203173287	1.38676773440153	1.56541393757481	0	0	3	0.2	1.2032154108768	0.726592500361987	-0.214961373966513	2.67932616634769	2.8942875403142
575	0	0	0	0.1	0.0469316601685167	0.0522621343610467	-0.0601736209319389	0.141854165902416	0.202027786834355	0	0	0	0.2	0.0537386796658802	0.117849829824822	-0.198640659815672	0.257960909528209	0.456601569343881	0	0	1	0.1	0.0563137116907523	0.139790710262816	-0.249550196618371	0.323370085224408	0.572920281842779	0	0	1	0.2	0.233385640442797	0.440501277718578	-0.592458867560215	1.12379311075907	1.71625197831929	0	0	2	0.1	0.456083891774313	0.353207820620996	-0.105830055289088	1.26583488828913	1.37166494357822	0	0	2	0.2	1.21882789793902	0.757913049276585	-0.046796300975178	2.80624543869334	2.85304173966852	0	0	3	0.1	0.969473265199787	0.522549609571661	0.155974607349802	2.11814508286637	1.96217047551657	0	0	3	0.2	1.91521887238904	0.91779093326951	0.395805482781137	3.82926386636817	3.43345838358703
564	0	0	0	0.1	0.226858394692646	0.060171103806024	0.119097810197259	0.35528738818836	0.236189577991101	0	0	0	0.2	0.447374523490035	0.146401957651714	0.187121918684452	0.74981507937759	0.562693160693137	0	0	1	0.1	0.30443095809954	0.158217026383294	0.0375846794160218	0.603152467090229	0.565567787674207	0	0	1	0.2	0.786826234483873	0.482083162827378	0.0306501265542654	1.75820822560766	1.72755809905339	0	0	2	0.1	0.684888250618065	0.33470689858155	0.198947840104369	1.39755272029443	1.19860488019006	0	0	2	0.2	1.61405208328501	0.8181198169176	0.469010646852938	3.42587032335236	2.95685967649942	0	0	3	0.1	1.16336836924965	0.496687882169801	0.403750661944625	2.23948530114824	1.83573463920362	0	0	3	0.2	2.37211227024076	1.04075621356743	0.844455900295965	4.67352707664776	3.82907117635179
593	0	0	0	0.1	0.154360043953083	0.0415700225904108	0.0802453696736838	0.239819878811989	0.159574509138305	0	0	0	0.2	0.291143668639969	0.0912642425841198	0.128894259065756	0.482072210112156	0.3531779510464	0	0	1	0.1	0.232100139943277	0.0910431922685748	0.0782659717652159	0.428787659915209	0.350521688149993	0	0	1	0.2	0.578129760323999	0.251622378389834	0.145004572157956	1.13002523910179	0.985020666943837	0	0	2	0.1	0.467549823353305	0.201311156912489	0.0879156865582397	0.896130247592053	0.808214561033814	0	0	2	0.2	1.00280373878267	0.466152650737144	0.0764816506097892	1.93303736059898	1.85655570998919	0	0	3	0.1	0.641974369328078	0.308468649982841	0.0224042632013883	1.22431039368786	1.20190613048647	0	0	3	0.2	1.25408333441783	0.642581662648991	-0.0475025229574214	2.4980194543017	2.54552197725912
556	0	0	0	0.1	0.123320670267187	0.0705930780472846	-0.0151247424134673	0.255286467525223	0.27041120993869	0	0	0	0.2	0.192201509064171	0.191593568011297	-0.189241338503984	0.55816631582357	0.747407654327554	0	0	1	0.1	0.062903834621906	0.174905699651462	-0.299694565710887	0.388123032174299	0.687817597885186	0	0	1	0.2	0.346894631452798	0.522680224311653	-0.583111087385807	1.56012233088646	2.14323341827227	0	0	2	0.1	0.492045900447423	0.364074386883483	-0.086767912810181	1.3105952774427	1.39736319025288	0	0	2	0.2	1.61448502593511	0.883495988464969	0.257054662789229	3.58494084302511	3.32788618023588	0	0	3	0.1	1.17766915667973	0.583810922393208	0.314626766553053	2.53443356438283	2.21980679782978	0	0	3	0.2	2.64356443469416	1.14176498746465	0.886584358359531	5.16444512037735	4.27786076201782
599	0	0	0	0.1	0.125700464691639	0.0878958852451731	-0.0531149029761835	0.286439051813	0.339553954789183	0	0	0	0.2	0.0255572923417093	0.182545802013268	-0.3510406308467	0.374068914820283	0.725109545666983	0	0	1	0.1	0.000554661959102736	0.159129840737693	-0.342069392496041	0.305496446824863	0.647565839320904	0	0	1	0.2	0.257568779811678	0.453666358242538	-0.61322211171004	1.10697538063753	1.72019749234757	0	0	2	0.1	0.479169188924485	0.289996200720116	-0.0626416409413509	1.08148362923591	1.14412527017726	0	0	2	0.2	1.27250058482657	0.632185488528239	0.0640323721100847	2.59395123419884	2.52991886208876	0	0	3	0.1	0.797809301721815	0.374512798075057	0.142744277503372	1.5730714090446	1.43032713154123	0	0	3	0.2	1.84212938436164	0.798141835616426	0.382510470458012	3.43294206001133	3.05043158955332
552	0	0	0	0.1	-0.0149161385109026	0.0782155863053897	-0.174775402843985	0.126682032308242	0.301457435152227	0	0	0	0.2	0.0417646003183394	0.187579332891008	-0.307570719263426	0.428404012730042	0.735974731993468	0	0	1	0.1	0.295576502447244	0.15346441648112	0.0253975192623225	0.626545454833762	0.601147935571439	0	0	1	0.2	0.967357278286733	0.417594907398284	0.23648670900224	1.87919916297341	1.64271245397117	0	0	2	0.1	0.857917376596759	0.296574948410791	0.35421639443003	1.48724090182312	1.13302450739309	0	0	2	0.2	1.82506195399	0.60018547031712	0.800178482036682	3.11339482992618	2.31321634788949	0	0	3	0.1	1.22316056737552	0.427167246857883	0.515571903288397	2.129594501836	1.61402259854761	0	0	3	0.2	2.36864448509951	0.773512191455406	1.02984163000643	4.12736745316758	3.09752582316115
560	0	0	0	0.1	0.0223957755778779	0.0489738626115427	-0.0805345288602827	0.114505954949464	0.195040483809747	0	0	0	0.2	0.0640123448562701	0.106243637896646	-0.142431583983464	0.265384956042166	0.40781654002563	0	0	1	0.1	0.308348546082815	0.14361656377622	0.073869528132153	0.640257264749515	0.566387736617362	0	0	1	0.2	1.14055986500405	0.526068410677712	0.340409752017759	2.27836015797996	1.9379504059622	0	0	2	0.1	1.22733160717847	0.4142097018293	0.578786882316868	2.12925833092969	1.55047144861282	0	0	2	0.2	2.68013009312241	0.671756390397368	1.5024884940993	4.11946144567398	2.61697295157468	0	0	3	0.1	1.96144574428237	0.513636250955407	1.0994333575429	3.09849479815402	1.99906144061112	0	0	3	0.2	3.49352758422454	0.74639081101517	2.22137750777342	5.05563062406657	2.83425311629316
571	0	0	0	0.1	0.137869886741349	0.0688863855856038	0.0100037922469155	0.275224362232725	0.265220569985809	0	0	0	0.2	0.242285750282184	0.14344906461682	-0.0325501930026201	0.536986033540514	0.569536226543134	0	0	1	0.1	0.175470931331348	0.0818515497620329	0.022471330360231	0.333980111379663	0.311508781019432	0	0	1	0.2	0.386891052285983	0.172411042180489	0.0573188347039758	0.745335957895322	0.688017123191346	0	0	2	0.1	0.396651417184368	0.119054911616839	0.174006209318896	0.638181507007233	0.464175297688337	0	0	2	0.2	0.832009174093265	0.252334208501709	0.349679495461867	1.36566854480388	1.01598904934202	0	0	3	0.1	0.627539912978682	0.177180756967719	0.312997302319857	1.02601215253463	0.71301485021477	0	0	3	0.2	1.27032641970654	0.367926572561897	0.618705194255285	2.05683954360404	1.43813434934876
559	0	0	0	0.1	0.0528436552931126	0.0600350654233606	-0.0633688655797724	0.164939012448099	0.228307878027872	0	0	0	0.2	0.0879797864983404	0.140303073470062	-0.18424292320559	0.360593872453511	0.544836795659102	0	0	1	0.1	0.153631999040228	0.156512062478894	-0.10458703975542	0.536766631404173	0.641353671159593	0	0	1	0.2	0.592922192871385	0.465207213270779	-0.118474769326036	1.62918454295477	1.74765931228081	0	0	2	0.1	0.72216851912887	0.401455246524337	0.161131932856469	1.74360983239633	1.58247789953986	0	0	2	0.2	1.76447147420012	0.866753221011331	0.50449671738224	3.91704361689579	3.41254689951355	0	0	3	0.1	1.3428706503816	0.645590780640787	0.414252883993963	2.98995655126621	2.57570366727225	0	0	3	0.2	2.67015251463068	1.14395654596097	0.82806165971636	5.42109811615542	4.59303645643906
626	0	0	0	0.1	0.0246036580462444	0.110260442663892	-0.211779166243129	0.229478036975334	0.441257203218464	0	0	0	0.2	0.0751439344037473	0.291816479406842	-0.493104558024937	0.70474987648737	1.19785443451231	0	0	1	0.1	0.164750314582089	0.150976385632294	-0.104248625023732	0.535360290407062	0.639608915430794	0	0	1	0.2	0.616953067924214	0.368188462873442	0.0253557378671826	1.54880883374159	1.52345309587441	0	0	2	0.1	0.656214092482279	0.248919679677604	0.275065221596083	1.22946297261648	0.9543977510204	0	0	2	0.2	1.34887807503073	0.453525606643862	0.636602407732305	2.3902325076568	1.7536300999245	0	0	3	0.1	0.985785090309788	0.352415663776705	0.444617640408769	1.78796080964493	1.34334316923616	0	0	3	0.2	1.78741049306577	0.57703944011774	0.826161635032976	3.07656737996994	2.25040574493697
544	0	0	0	0.1	-0.135917777371211	0.113635234492537	-0.408876775287538	0.0586513623248701	0.467528137612408	0	0	0	0.2	-0.383638315278405	0.269811900683838	-1.01190883703348	0.0428813503076735	1.05479018734115	0	0	1	0.1	-0.132200969642551	0.139618711341515	-0.48130527403501	0.0938614665922797	0.575166740627289	0	0	1	0.2	-0.298388984673807	0.330163786987926	-1.07811998090583	0.219704099518222	1.29782408042405	0	0	2	0.1	0.063586656309346	0.223201896512419	-0.401590394623672	0.480355419407065	0.881945814030738	0	0	2	0.2	0.177275844090703	0.496503575334494	-0.83981764027116	1.11579994628142	1.95561758655258	0	0	3	0.1	0.255879830930774	0.335555608958298	-0.407796690530841	0.904584278478095	1.31238096900894	0	0	3	0.2	0.464148565068983	0.690088118553497	-1.01071711988469	1.77926446076438	2.78998158064907
594	0	0	0	0.1	0.106465237250435	0.0841356482440152	-0.0577719394155143	0.278058590778992	0.335830530194506	0	0	0	0.2	0.144626194849166	0.198548739065441	-0.265663296698474	0.532461099813461	0.798124396511935	0	0	1	0.1	0.0571086484583392	0.124317972919675	-0.216542290739357	0.291554395281551	0.508096686020908	0	0	1	0.2	0.180098613251425	0.310521644641953	-0.394460629020173	0.802759823527566	1.19722045254774	0	0	2	0.1	0.334569292739004	0.237241881647113	-0.0895017649507906	0.871972580329285	0.961474345280076	0	0	2	0.2	0.829948227419067	0.526240547462388	-0.0782293604469895	1.95540337715484	2.03363273760183	0	0	3	0.1	0.616871439231241	0.347467664229096	0.080308430027338	1.38088713143649	1.30057870140915	0	0	3	0.2	1.23833400753436	0.652053094406447	0.120259218144117	2.61570102702268	2.49544180887856
595	0	0	0	0.1	0.214097859897531	0.106389767807986	-0.0156885647255329	0.409041111801866	0.424729676527398	0	0	0	0.2	0.151038675696947	0.22663998091422	-0.322288272095292	0.549516475182547	0.871804747277839	0	0	1	0.1	-0.169666780800348	0.172636559969626	-0.563298937694638	0.146891461439391	0.710190399134029	0	0	1	0.2	-0.384103589775255	0.422648530329385	-1.19112317181745	0.460109503175777	1.65123267499322	0	0	2	0.1	0.0324097576161071	0.257594753335883	-0.412282417341082	0.600965224724208	1.01324764206529	0	0	2	0.2	0.265068692523071	0.639044180395033	-0.833029164340489	1.78113481672307	2.61416398106356	0	0	3	0.1	0.431840403039888	0.384286729755043	-0.18966207959871	1.34044161337863	1.53010369297734	0	0	3	0.2	1.12533030019416	0.826863518490615	-0.270138957013346	2.98857289887158	3.25871185588493
574	0	0	0	0.1	0.198245698211341	0.12126310959862	-0.0107789991787463	0.469302408561061	0.480081407739808	0	0	0	0.2	0.603964951621522	0.338084070469927	0.0458561020457843	1.41329012501782	1.36743402297204	0	0	1	0.1	0.461751183502435	0.216750120913495	0.0940901460920408	0.961604782609054	0.867514636517013	0	0	1	0.2	1.23725003203626	0.521536477505712	0.338938260404232	2.41639777734754	2.07745951694331	0	0	2	0.1	0.905282433432855	0.343742881230522	0.318084662982067	1.69566812808072	1.37758346509866	0	0	2	0.2	1.75609590970157	0.60763174773259	0.7038468529867	3.12217751326826	2.41833066028156	0	0	3	0.1	1.22122145764697	0.444203782726437	0.50159697114222	2.2492031149409	1.74760614379868	0	0	3	0.2	2.13572977038825	0.7196559742733	0.882890778511972	3.76488801346259	2.88199723495062
535	0	0	0	0.1	0.174176948473117	0.0786271016719672	0.0189977600339911	0.327838697003488	0.308840936969497	0	0	0	0.2	0.346199660160925	0.166617559126594	0.0240079797109813	0.689953605629888	0.665945625918907	0	0	1	0.1	0.269721535648501	0.0929156372823251	0.0949528195126057	0.470386524707487	0.375433705194881	0	0	1	0.2	0.653794910841396	0.219200098999289	0.263180519005741	1.15443644655369	0.891255927547947	0	0	2	0.1	0.612525274353883	0.168403722103506	0.329448365844657	1.00681021566867	0.677361849824011	0	0	2	0.2	1.31601289610941	0.375690310594283	0.684299591761816	2.12617879086973	1.44187919910791	0	0	3	0.1	0.914173586116166	0.279157285560377	0.458557472329177	1.55198171426816	1.09342424193898	0	0	3	0.2	1.81656606234389	0.57886481808424	0.883540956170244	3.15282487429353	2.26928391812329
484	0	0	0	0.1	0.185261294546946	0.0772185251714149	0.0406001754443846	0.342255304369964	0.30165512892558	0	0	0	0.2	0.283557063935787	0.170564947442826	-0.0708159576497266	0.599358018989761	0.670173976639488	0	0	1	0.1	-0.0258690970557876	0.141862880263117	-0.327710358084937	0.226454910801564	0.554165268886501	0	0	1	0.2	-0.109849350429618	0.36215822426877	-0.854027070947175	0.561433135987417	1.41546020693459	0	0	2	0.1	0.0372914175251805	0.208912181394782	-0.349131415766487	0.44707147986514	0.796202895631626	0	0	2	0.2	0.176374641659595	0.553311638169415	-0.883059751091123	1.27111544832603	2.15417519941715	0	0	3	0.1	0.243596457123016	0.316885599312401	-0.302447058881918	0.907624546303145	1.21007160518506	0	0	3	0.2	0.667701576328038	0.776637943729945	-0.673456151310055	2.35128424189166	3.02474039320171
549	0	0	0	0.1	0.103704966880646	0.104163075167499	-0.08977200576954	0.317612466861018	0.407384472630558	0	0	0	0.2	0.282992452566656	0.267921370912369	-0.2043584337906	0.835418200816512	1.03977663460711	0	0	1	0.1	0.225817944344638	0.128057803417988	-0.00553854143697	0.492803806243395	0.498342347680365	0	0	1	0.2	0.602058827347302	0.26372459690185	0.134543556851046	1.15568059168144	1.02113703483039	0	0	2	0.1	0.53030607096298	0.166055746318191	0.235676676642762	0.880782827087356	0.645106150444594	0	0	2	0.2	1.03719598386183	0.307166566567156	0.473016803312004	1.66859008136129	1.19557327804929	0	0	3	0.1	0.72493697019433	0.21065099648725	0.353024133530286	1.18425827867325	0.831234145142968	0	0	3	0.2	1.32702529194453	0.371835902169913	0.650234777836187	2.11407238106808	1.46383760323189
539	0	0	0	0.1	0.149875700791417	0.0598680665396401	0.0242557803168623	0.261536899201594	0.237281118884731	0	0	0	0.2	0.250291992243298	0.12086185946339	-0.00218273694932288	0.491097110047147	0.49327984699647	0	0	1	0.1	0.244117201785411	0.0985811884950615	0.050676842528765	0.442295630872272	0.391618788343507	0	0	1	0.2	0.49225513040435	0.228735960934735	0.0758294851578265	0.989272960436579	0.913443475278752	0	0	2	0.1	0.498726841032062	0.206025637386135	0.165044330947702	0.967929440639436	0.802885109691734	0	0	2	0.2	1.00343122270229	0.418575672298931	0.336277690690757	1.910741583787	1.57446389309624	0	0	3	0.1	0.75797597243266	0.316701815581433	0.262287640966845	1.46175087967803	1.19946323871118	0	0	3	0.2	1.45158346836159	0.569901273317816	0.514096708091254	2.67910546064221	2.16500875255096
643	0	0	0	0.1	0.110925410692966	0.102541121822456	-0.102182673793812	0.294498635501544	0.396681309295356	0	0	0	0.2	0.146086112048759	0.31895742236798	-0.479434904511717	0.77759529905442	1.25703020356614	0	0	1	0.1	0.112043512496932	0.204397090744156	-0.292783661026274	0.508526085992307	0.801309747018581	0	0	1	0.2	0.438737706256919	0.397326143051311	-0.3169649374279	1.25009487873229	1.56705981616019	0	0	2	0.1	0.503715160658423	0.247217006065027	0.0570893403757734	1.05821395264539	1.00112461226962	0	0	2	0.2	0.980943336173835	0.427540497053753	0.209346109061857	1.86803350093981	1.65868739187795	0	0	3	0.1	0.72320439047496	0.287850743324034	0.219926138352497	1.3529389011357	1.1330127627832	0	0	3	0.2	1.32956603382852	0.492230111128329	0.423290264449538	2.38913424108639	1.96584397663686
620	0	0	0	0.1	0.0883997477799574	0.0812491310470025	-0.0666765503123274	0.258910436865356	0.325586987177683	0	0	0	0.2	0.238272444649135	0.188619456887454	-0.110588510474457	0.620899741744869	0.731488252219326	0	0	1	0.1	0.203450779465569	0.118371932195632	-0.0194676862230562	0.44880983161449	0.468277517837546	0	0	1	0.2	0.46935804489159	0.272534191412558	0.0117422015469793	1.06620594951482	1.05446374796784	0	0	2	0.1	0.349973667808238	0.187002399451383	0.0612366499813517	0.75203503230811	0.690798382326758	0	0	2	0.2	0.684242955375298	0.369937559563132	0.127760308556911	1.53498702391923	1.40722671536232	0	0	3	0.1	0.448919807825027	0.242230271102274	0.0902624902770095	0.988340757480112	0.898078267203103	0	0	3	0.2	0.844205629093662	0.448033491607749	0.17334744196943	1.81855215873319	1.64520471676376
525	0	0	0	0.1	0.0397272135117148	0.0465303182809467	-0.0437600584710787	0.127404201352698	0.171164259823777	0	0	0	0.2	0.148494898324827	0.122283175065807	-0.0522003166162922	0.417687689128472	0.469888005744764	0	0	1	0.1	0.338095138537046	0.202557689855827	0.0356050654114874	0.81745620313032	0.781851137718833	0	0	1	0.2	0.984445751397253	0.596909884173077	0.0667516749230784	2.2813225057198	2.21457083079672	0	0	2	0.1	0.679983097809301	0.40917248435353	-8.2719274833005e-05	1.63869769637458	1.63878041564941	0	0	2	0.2	1.32285632488963	0.772039740555901	-0.00967596267951545	3.19754019599771	3.20721615867723	0	0	3	0.1	0.798512121409428	0.505994422782927	-0.0452065293541067	2.09170557712049	2.1369121064746	0	0	3	0.2	1.41951871731795	0.880395551574312	-0.061395845428247	3.59356645368902	3.65496229911727
521	0	0	0	0.1	0.200452962147175	0.0977079908138865	0.0213509423568024	0.402180599159366	0.380829656802563	0	0	0	0.2	0.449680711095701	0.244825622433573	0.0205940740710929	0.990230757935508	0.969636683864415	0	0	1	0.1	0.342509480608767	0.183165795510019	0.0269594247635798	0.737561086477933	0.710601661714353	0	0	1	0.2	1.12857981742186	0.548683355974702	0.263594199467797	2.49578426949328	2.23219007002549	0	0	2	0.1	1.05097548094326	0.448250288698601	0.40913301219599	2.17295581008929	1.7638227978933	0	0	2	0.2	2.48125492188534	0.833034008541278	1.11446033571547	4.28440855935747	3.16994822364199	0	0	3	0.1	1.7971279005777	0.660648973306698	0.832838885488907	3.27003657321417	2.43719768772526	0	0	3	0.2	3.54804113083005	1.0270088251205	1.81444347503586	5.65457949198335	3.8401360169475
536	0	0	0	0.1	0.0103424520638329	0.0776756318362121	-0.144962798121625	0.15730382693103	0.302266625052654	0	0	0	0.2	0.0266437823753136	0.19576945394566	-0.340145111497874	0.429545637500121	0.769690748997995	0	0	1	0.1	0.283534279918315	0.192349479377828	-0.0276455488506253	0.716874391881186	0.744519940731811	0	0	1	0.2	1.01992987957852	0.557342557439407	0.141414447036213	2.27937582923535	2.13796138219913	0	0	2	0.1	0.950464765510512	0.427217789862423	0.313712831747895	1.95148398002561	1.63777114827772	0	0	2	0.2	2.01511937636144	0.754104458156592	0.758813589291912	3.63419873138161	2.87538514208969	0	0	3	0.1	1.39780200467332	0.557634685629892	0.529925996747039	2.59970230493328	2.06977630818624	0	0	3	0.2	2.64874552874957	0.884994545686984	1.15381168031385	4.54538385066407	3.39157217035022
558	0	0	0	0.1	0.239074470697781	0.0823184430034169	0.0957167029612688	0.413122874709321	0.317406171748052	0	0	0	0.2	0.664379289103556	0.324921924074662	0.242210187401464	1.61786132264188	1.37565113524041	0	0	1	0.1	0.488814333044841	0.283027792434227	0.137307143641335	1.28801821256124	1.1507110689199	0	0	1	0.2	1.29633228352681	0.669554162095516	0.359993875670909	2.92596429442892	2.56597041875801	0	0	2	0.1	0.917064915610105	0.405640111562632	0.322846952302034	1.88760586619196	1.56475891388993	0	0	2	0.2	1.6932145373449	0.624473187518418	0.656664227117925	2.99935752031224	2.34269329319432	0	0	3	0.1	1.21019198377834	0.474199702447509	0.458739425013029	2.28713102482469	1.82839159981166	0	0	3	0.2	2.03973887194954	0.695921537383458	0.807762131675563	3.55809831122909	2.75033617955353
603	0	0	0	0.1	0.228387244071145	0.0917113518902893	0.0660495992467558	0.419828034575664	0.353778435328908	0	0	0	0.2	0.568748707631248	0.242199433929393	0.121162249394798	1.07209428740885	0.950932038014048	0	0	1	0.1	0.316673380422929	0.174067098059593	-0.0037096164961568	0.700382982628578	0.704092599124734	0	0	1	0.2	0.733932972883001	0.340417199478923	0.168042394440207	1.44245654507642	1.27441415063622	0	0	2	0.1	0.563373158128856	0.193020370038975	0.245449540391929	1.00113133247671	0.755681792084783	0	0	2	0.2	1.03855074194767	0.327088309758266	0.495641970775826	1.76643953748588	1.27079756671005	0	0	3	0.1	0.683013311796967	0.218279450625647	0.313941292186222	1.1644628350091	0.850521542822878	0	0	3	0.2	1.20521473975119	0.364901188980655	0.568509132345683	2.0051929328733	1.43668380052762
538	0	0	0	0.1	-0.00201980888406757	0.0677256236248756	-0.144339860624706	0.125833370758696	0.270173231383402	0	0	0	0.2	0.017943409779307	0.144866288030011	-0.268159616884535	0.289676932273403	0.557836549157938	0	0	1	0.1	0.186903712216865	0.127584281602336	-0.0572274198406845	0.430845541690367	0.488072961531051	0	0	1	0.2	0.866478930808448	0.50813537839288	0.0596572153964678	1.95563382649634	1.89597661109987	0	0	2	0.1	1.2257140142471	0.478024919049221	0.460269259890836	2.28624128884329	1.82597202895245	0	0	2	0.2	2.61374155403561	0.744849897230596	1.27982394053881	4.15812806020061	2.8783041196618	0	0	3	0.1	2.26101385834646	0.655703370752973	1.14949604480867	3.67441147302104	2.52491542821237	0	0	3	0.2	3.71019555736255	0.872870149157188	2.16212768756796	5.53994548446025	3.37781779689229
516	0	0	0	0.1	0.228721855197473	0.111346668867396	0.0288473248703653	0.46628883615842	0.437441511288055	0	0	0	0.2	0.543264560701144	0.272564900741836	0.0629750768702193	1.14742382371563	1.08444874684541	0	0	1	0.1	0.343750032380199	0.136493741414239	0.092791107175902	0.642709710795299	0.549918603619397	0	0	1	0.2	0.779556841177714	0.287129781550768	0.244004864547927	1.40196921945315	1.15796435490522	0	0	2	0.1	0.590478132034874	0.161551449192019	0.307471519476584	0.94852093197991	0.641049412503326	0	0	2	0.2	1.23004932224874	0.319288986351287	0.660265752253865	1.93139709805563	1.27113134580176	0	0	3	0.1	0.857183886044302	0.211151067859437	0.484464084989681	1.32366887938207	0.839204794392385	0	0	3	0.2	1.67073553521759	0.39789634569248	0.96867015263973	2.56972911332273	1.601058960683
526	0	0	0	0.1	0.223523474486636	0.0842637358675115	0.0820747027419793	0.402386739264956	0.320312036522976	0	0	0	0.2	0.693509815394877	0.303074782053147	0.215128959993553	1.41352582073386	1.19839686074031	0	0	1	0.1	0.201813372986582	0.302646448444983	-0.388576395354252	0.813564971306357	1.20214136666061	0	0	1	0.2	0.420213261775686	0.572222787043443	-0.735588245928732	1.60701358683499	2.34260183276372	0	0	2	0.1	0.297558238392262	0.298065056016439	-0.272717656082747	0.951403367898415	1.22412102398116	0	0	2	0.2	0.595940674088886	0.48252962841688	-0.350315233993609	1.60373236630531	1.95404760029892	0	0	3	0.1	0.433755951261337	0.282445494784031	-0.0949681476763845	1.02488418934277	1.11985233701915	0	0	3	0.2	0.778704888945482	0.470978298232604	-0.15569082961906	1.78398982021242	1.93968064983148
537	0	0	0	0.1	0.0317058667331231	0.0582712772113031	-0.0914425013788723	0.14000660881948	0.231449110198352	0	0	0	0.2	0.0826183098052525	0.145305952718046	-0.216034449686026	0.382880539277128	0.598914988963154	0	0	1	0.1	0.274818237935275	0.181182369070664	-0.0370016788593848	0.67963839166054	0.716640070519925	0	0	1	0.2	0.886370459619276	0.512631668479615	0.00598935585592324	1.96082490004705	1.95483554419113	0	0	2	0.1	0.887404788708669	0.400526093442965	0.191611215548199	1.75076787100221	1.55915665545401	0	0	2	0.2	1.75571449651181	0.742741688455276	0.42194131057328	3.36047783688065	2.93853652630737	0	0	3	0.1	1.21199235990423	0.509611951104627	0.348930339588848	2.37070771731897	2.02177737773012	0	0	3	0.2	2.20483774097407	0.894684854290997	0.622682991570205	4.12037516178881	3.4976921702186
578	0	0	0	0.1	0.168921985357868	0.0631727237151042	0.046806528898141	0.293731806906214	0.246925278008073	0	0	0	0.2	0.296098286170042	0.167810731338108	-0.0324251841094849	0.630604023930281	0.663029208039766	0	0	1	0.1	0.155882838926979	0.163016830108688	-0.170772711728935	0.477281760245859	0.648054471974794	0	0	1	0.2	0.483398644493154	0.420855783215356	-0.268263061680454	1.44099877892269	1.70926184060315	0	0	2	0.1	0.588074416818149	0.324669066912754	0.112686989714187	1.37365194230422	1.26096495259003	0	0	2	0.2	1.24091958735407	0.617949233052231	0.301655830794914	2.59516035582322	2.29350452502831	0	0	3	0.1	0.914437875783744	0.441843225758768	0.282082505051741	1.92504828820407	1.64296578315233	0	0	3	0.2	1.66250249498956	0.739693299606906	0.537882930762866	3.31224004352661	2.77435711276374
540	0	0	0	0.1	0.034685280198083	0.124727070488656	-0.233714351923988	0.275313879707355	0.509028231631343	0	0	0	0.2	0.172094425218785	0.274252334055714	-0.345698464147865	0.739133824087523	1.08483228823539	0	0	1	0.1	0.229781116863185	0.156646174300178	-0.0358805241465111	0.621694727646384	0.657575251792895	0	0	1	0.2	0.684884638378767	0.351510355297089	0.131926089607768	1.50501646024572	1.37309037063795	0	0	2	0.1	0.615214488837458	0.219175589867125	0.272253585544884	1.15849131019302	0.886237724648138	0	0	2	0.2	1.29433746287131	0.419277156475171	0.611164605417066	2.23012603510317	1.61896142968611	0	0	3	0.1	0.872648843373053	0.274806028885808	0.44300321373996	1.50038625468576	1.0573830409458	0	0	3	0.2	1.68123564483224	0.500458711840956	0.8928761717791	2.84173239059709	1.94885621881799
524	0	0	0	0.1	-0.169516798741752	0.0901822969357241	-0.363310879189351	-0.0108333053968173	0.352477573792533	0	0	0	0.2	-0.323865305431137	0.182167850967797	-0.710758587249521	-0.00218412452326075	0.70857446272626	0	0	1	0.1	-0.0725712174839301	0.103722585789567	-0.283233852888564	0.116269259355432	0.399503112243995	0	0	1	0.2	-0.0750080054907243	0.254405241484097	-0.542042413928456	0.432077006328417	0.974119420256873	0	0	2	0.1	0.153767826796467	0.18697659404579	-0.163393427309945	0.549996464786577	0.713389892096523	0	0	2	0.2	0.459781080604647	0.474109342692465	-0.327796310682764	1.56495275593712	1.89274906661988	0	0	3	0.1	0.436702257832669	0.325546133007105	-0.0860621659856749	1.19347164484171	1.27953381082738	0	0	3	0.2	1.02040647972396	0.713554448228081	-0.134310605236072	2.61189241193532	2.7462030171714
600	0	0	0	0.1	0.029531454318421	0.0840050917686195	-0.145787149721531	0.191274238815419	0.33706138853695	0	0	0	0.2	0.00306292648151559	0.191940705255857	-0.395548232634188	0.367333336553934	0.762881569188123	0	0	1	0.1	-0.0276488264756366	0.122130120556755	-0.29225285500523	0.195632525873082	0.487885380878312	0	0	1	0.2	-0.0534313597935115	0.28334367958832	-0.652848661652806	0.502382125601762	1.15523078725457	0	0	2	0.1	0.0557886408966231	0.197280891682892	-0.33336746691775	0.469303049710107	0.802670516627857	0	0	2	0.2	0.162644731278998	0.434678458330203	-0.655435349624207	1.07019031976846	1.72562566939267	0	0	3	0.1	0.18983306115457	0.30044170835116	-0.362370359548746	0.842729275275547	1.20509963482429	0	0	3	0.2	0.438863523698284	0.634144353457941	-0.679509132261248	1.81745317832618	2.49696231058743
610	0	0	0	0.1	0.0594977756948492	0.0744339068084925	-0.0856108237594855	0.201808777580789	0.287419601340274	0	0	0	0.2	0.103886855497229	0.14925858844748	-0.195997389766833	0.390538512231783	0.586535901998615	0	0	1	0.1	0.186867384351423	0.107428217437394	-0.0325878387896939	0.392215235164952	0.424803073954646	0	0	1	0.2	0.608290652764808	0.335132798444877	-0.00149631837548197	1.31678202313839	1.31827834151387	0	0	2	0.1	0.85814401913307	0.346851459930133	0.307838103971304	1.64877804400724	1.34093994003593	0	0	2	0.2	2.31712920091098	0.862784672506792	0.839608338854779	4.18644434750373	3.34683600864895	0	0	3	0.1	1.77299283942623	0.654606752341707	0.733054370695424	3.30630480803282	2.5732504373374	0	0	3	0.2	3.71367539091713	1.19904379044676	1.79330660693242	6.42169132413472	4.6283847172023
557	0	0	0	0.1	0.0357210822740522	0.0806963929266417	-0.133268644832177	0.193979878461836	0.327248523294013	0	0	0	0.2	0.0386953030870071	0.205637856424543	-0.382128731778041	0.452818331518569	0.83494706329661	0	0	1	0.1	0.122375664782384	0.139476876442944	-0.135376928456512	0.436145696650868	0.57152262510738	0	0	1	0.2	0.473480261824962	0.35291717494125	-0.0928172590236158	1.25796736438091	1.35078462340453	0	0	2	0.1	0.548757861215261	0.253924663829911	0.132398101385959	1.10776333524685	0.975365233860894	0	0	2	0.2	1.27776321586634	0.532842528030165	0.385896890147104	2.42737749179971	2.0414806016526	0	0	3	0.1	0.933735666813214	0.389610524964422	0.318621604432635	1.83105617109999	1.51243456666735	0	0	3	0.2	1.92921481816586	0.770658097120746	0.607864674574897	3.51094907706938	2.90308440249448
617	0	0	0	0.1	0.229771497047652	0.0840916907657213	0.0670943284792387	0.418316559251421	0.351222230772182	0	0	0	0.2	0.47648215219879	0.222727429541847	0.0810082695139751	0.970616283429725	0.88960801391575	0	0	1	0.1	0.338719387561281	0.173941679881421	0.0507205026163719	0.717391465005737	0.666670962389366	0	0	1	0.2	0.939397837625097	0.491074672425618	0.186812832093204	2.12497853980331	1.9381657077101	0	0	2	0.1	0.842825777245748	0.375515647947577	0.271149777438054	1.725208661676	1.45405888423794	0	0	2	0.2	1.68327504743441	0.675873647105715	0.568284922067499	3.17625101740099	2.60796609533349	0	0	3	0.1	1.18377336999012	0.501088666754671	0.414132033572953	2.29758295995384	1.88345092638089	0	0	3	0.2	2.07860026002076	0.801606731701324	0.780513374971649	3.76522902009251	2.98471564512086
514	0	0	0	0.1	0.016098749682144	0.0828877941971758	-0.147296778836517	0.176524470656212	0.32382124949273	0	0	0	0.2	0.017903526910914	0.23307092105026	-0.447702138832822	0.478165606796422	0.925867745629244	0	0	1	0.1	0.31524775264157	0.343134951862499	-0.248984945552511	1.05391532076886	1.30290026632138	0	0	1	0.2	1.74727822755778	1.08612149381006	-0.201049493584409	3.70031531488481	3.90136480846922	0	0	2	0.1	2.04805761299975	0.880300058373769	0.372035138454824	3.63807823694517	3.26604309849034	0	0	2	0.2	3.7125012225848	1.13640180663281	1.26138720888456	5.83210466709359	4.57071745820902	0	0	3	0.1	3.27570137977816	0.970225635779947	1.17181591073983	5.02772658766316	3.85591067692334	0	0	3	0.2	4.98180230723194	1.15630383315466	2.52102412520413	7.15875897993096	4.63773485472683
618	0	0	0	0.1	0.0876967587885072	0.066302779328014	-0.0470757467542534	0.215595555913786	0.262671302668039	0	0	0	0.2	0.210790299296802	0.244598532605959	-0.268881865603993	0.69348170089688	0.962363566500873	0	0	1	0.1	0.288698397792719	0.218773493611315	-0.134273105143951	0.79801583030563	0.932288935449581	0	0	1	0.2	0.963104752799547	0.490520105117405	0.128845731240108	2.00910805864564	1.88026232740553	0	0	2	0.1	0.877449425888989	0.338101126263303	0.316261176457881	1.6198127323846	1.30355155592672	0	0	2	0.2	1.64503106665257	0.543565868507212	0.718876482095666	2.72998131141273	2.01110482931707	0	0	3	0.1	1.17107101052405	0.393069949933141	0.527187041245447	2.01658524517486	1.48939820392941	0	0	3	0.2	1.98565980674092	0.604043659623618	0.931492035202104	3.22407204115592	2.29258000595381
605	0	0	0	0.1	0.117798277553861	0.0938173801729421	-0.0762620935029546	0.295427852036383	0.371689945539338	0	0	0	0.2	0.260613765923195	0.27196350090379	-0.283112223363866	0.803619309844285	1.08673153320815	0	0	1	0.1	0.26612251620167	0.190388115746153	-0.0871595226588544	0.644317345326437	0.731476867985292	0	0	1	0.2	1.04739707286226	0.552356124679801	0.105352908834055	2.18167678310452	2.07632387427046	0	0	2	0.1	1.06436433764376	0.410856295723297	0.421901677019009	1.96249379805013	1.54059212103112	0	0	2	0.2	2.27039361801213	0.72955720787698	0.987654658710077	3.78199862205952	2.79434396334945	0	0	3	0.1	1.76967236294829	0.580412724285835	0.792773641659083	3.01979357481124	2.22701993315216	0	0	3	0.2	3.19051564508589	0.891131226070053	1.58719792096046	5.0600155454563	3.47281762449584
597	0	0	0	0.1	0.0767196137897665	0.0613075297418	-0.0439585399979367	0.197153395776325	0.241111935774262	0	0	0	0.2	0.117829698699433	0.196677525028472	-0.28234134227078	0.500547478219283	0.782888820490064	0	0	1	0.1	0.0900121090736739	0.187506931382158	-0.289050126512153	0.427468017859998	0.716518144372152	0	0	1	0.2	0.453524308844759	0.427624632871091	-0.273651908185353	1.45370030922376	1.72735221740911	0	0	2	0.1	0.546946618073879	0.288263460144991	0.0858303761860538	1.21783105397908	1.13200067779303	0	0	2	0.2	1.30617283373418	0.573553497097601	0.370139369310483	2.65425130535165	2.28411193604116	0	0	3	0.1	0.973907695420019	0.401126832578507	0.393936271261426	1.93975673630927	1.54582046504784	0	0	3	0.2	2.01916656152466	0.737770675741211	0.891293853446063	3.74320950262202	2.85191564917596
548	0	0	0	0.1	0.135275308280147	0.0643182424857528	0.0161858680050075	0.267569985242952	0.251384117237944	0	0	0	0.2	0.253735540917772	0.132435129826231	0.00480211652838019	0.519490727776498	0.514688611248118	0	0	1	0.1	0.255034912292296	0.0860600838548744	0.0981182259883899	0.436333095384507	0.338214869396117	0	0	1	0.2	0.609156338269099	0.198059748220164	0.258472944234978	1.00284223606587	0.74436929183089	0	0	2	0.1	0.678111193797718	0.180098381157947	0.378034620981962	1.07618731010841	0.698152689126451	0	0	2	0.2	1.54035106092594	0.412670354722799	0.859909523851036	2.46007423876384	1.6001647149128	0	0	3	0.1	1.30191009590233	0.371475043425209	0.72508222837221	2.17606632132239	1.45098409295018	0	0	3	0.2	2.66628326485862	0.716934346640181	1.50708728264257	4.31127794325555	2.80419066061298
625	0	0	0	0.1	0.318294351665606	0.0915188709890858	0.154101792543747	0.514553329583962	0.360451537040216	0	0	0	0.2	0.671151603275632	0.230976800707959	0.257505597756308	1.15880919265545	0.901303594899146	0	0	1	0.1	0.203646104341345	0.197116905471534	-0.203562146583467	0.572235706918529	0.775797853501996	0	0	1	0.2	0.556873212725823	0.43115307973572	-0.298538912815169	1.43458570503869	1.73312461785385	0	0	2	0.1	0.547153447626043	0.274571391160076	0.0688638442545544	1.12258984061671	1.05372599636215	0	0	2	0.2	1.18493291318186	0.519822240973014	0.277238037386138	2.3393232131806	2.06208517579446	0	0	3	0.1	0.887871673698196	0.366422929831215	0.303119112199975	1.72028891236793	1.41716980016796	0	0	3	0.2	1.69796446268396	0.648213264689099	0.627264706698243	3.13283239413257	2.50556768743433
616	0	0	0	0.1	0.169694722535772	0.0472943160372199	0.0761892182003519	0.261980795225971	0.185791577025619	0	0	0	0.2	0.256940227037373	0.0817275645672285	0.102068201579307	0.415213488323647	0.31314528674434	0	0	1	0.1	0.136959075609639	0.0694069485068076	-0.000825999492614917	0.281877970274284	0.282703969766899	0	0	1	0.2	0.305559345358372	0.184156859416644	-0.0184326514424132	0.715626545837215	0.734059197279629	0	0	2	0.1	0.433709976641304	0.222461169118643	0.0675761571771843	0.935176097476544	0.867599940299359	0	0	2	0.2	0.873425790808559	0.455171372908488	0.159361518640812	1.84728250944238	1.68792099080157	0	0	3	0.1	0.730735193380917	0.346582981166006	0.165075206828402	1.47166182070725	1.30658661387885	0	0	3	0.2	1.28489482076266	0.599575488614273	0.301995387498035	2.6013082989688	2.29931291147077
607	0	0	0	0.1	0.0286754680471329	0.0903872763723955	-0.168719073228005	0.189632524893322	0.358351598121327	0	0	0	0.2	0.0805643543629446	0.235807399278108	-0.397213586683076	0.538308973120138	0.935522559803214	0	0	1	0.1	0.111327884992123	0.191196640516083	-0.233178022670764	0.567692833666341	0.800870856337105	0	0	1	0.2	0.373014498727535	0.63599691305539	-0.744999061790734	1.89060684940023	2.63560591119097	0	0	2	0.1	0.279755982486232	0.381196433313034	-0.359466626200006	1.12786585069244	1.48733247689244	0	0	2	0.2	0.634962553314752	0.890224705895898	-0.939044614746143	2.65833813194329	3.59738274668943	0	0	3	0.1	0.400761353637222	0.536872495001568	-0.563089370645115	1.57076899518392	2.13385836582904	0	0	3	0.2	0.78031130922771	1.09810656907377	-1.26233932304739	3.09772915547387	4.36006847852126
589	0	0	0	0.1	0.0266521215206176	0.0657744583582885	-0.0955054540604	0.155994724863199	0.251500178923599	0	0	0	0.2	0.0820344497109488	0.153198749529659	-0.210714771252436	0.418426688851755	0.629141460104191	0	0	1	0.1	0.199337892959229	0.146927561423916	-0.0644031579335565	0.510467969788082	0.574871127721639	0	0	1	0.2	0.580797968463804	0.442378673273578	-0.156831408259457	1.62669249177779	1.78352390003725	0	0	2	0.1	0.564618657377323	0.371964812342306	-0.0223995658777055	1.40482254173411	1.42722210761181	0	0	2	0.2	1.22217773735865	0.701895059537821	-0.0128667127837936	2.74474884393759	2.75761555672139	0	0	3	0.1	0.89205795618807	0.508157192686878	0.0688815618450089	2.00043833935256	1.93155677750755	0	0	3	0.2	1.6190397540735	0.818015182740825	0.14468574219394	3.31917007907827	3.17448433688433
672	0	0	0	0.1	0.128381760643857	0.0836568822186089	-0.0344544438646968	0.30161332940656	0.336067773271257	0	0	0	0.2	0.240572381111685	0.199657848070206	-0.124165219853011	0.653471070098847	0.777636289951858	0	0	1	0.1	0.143308441151676	0.127239941321753	-0.106018389867747	0.406096447739597	0.512114837607344	0	0	1	0.2	0.372068274523282	0.296693994195614	-0.187957778356192	1.05065061695724	1.23860839531343	0	0	2	0.1	0.356316829918248	0.185304624112823	0.0232120002385059	0.7908093919399	0.767597391701394	0	0	2	0.2	0.743003699978621	0.353005835411103	0.092986393785158	1.57160071161395	1.47861431782879	0	0	3	0.1	0.505315715006671	0.234851152986506	0.0809513084307811	1.05885789244261	0.977906584011827	0	0	3	0.2	0.9599032471211	0.432905007645427	0.15286690967305	1.90956691150538	1.75670000183233
619	0	0	0	0.1	-0.0669169867087772	0.093440062382745	-0.276051455558021	0.10130690348475	0.377358359042771	0	0	0	0.2	-0.160728068190605	0.193471489914455	-0.566664781693672	0.206845066058445	0.773509847752117	0	0	1	0.1	0.0444543229294174	0.113740422458566	-0.173500242546528	0.268279557388692	0.44177979993522	0	0	1	0.2	0.307048736041514	0.297916553354474	-0.235895944176779	0.960098052558055	1.19599399673483	0	0	2	0.1	0.547230895596512	0.238723620098444	0.156880988285239	1.07878618076972	0.921905192484481	0	0	2	0.2	1.488064287088	0.58629869659101	0.535038397197178	2.7502767553803	2.21523835818313	0	0	3	0.1	1.24221730942929	0.459814394867175	0.561808756994465	2.28672535183271	1.72491659483824	0	0	3	0.2	2.63675411652182	0.817454625881859	1.21393961572714	4.42150557660116	3.20756596087402
637	0	0	0	0.1	0.0653599328250524	0.0922921214835219	-0.133638184770232	0.224015975700496	0.357654160470728	0	0	0	0.2	0.131695206958442	0.217576643616558	-0.302080402213441	0.543846582328734	0.845926984542176	0	0	1	0.1	0.156867608873487	0.158963131758698	-0.143142534033941	0.491033695657859	0.6341762296918	0	0	1	0.2	0.523167516803269	0.410552939137462	-0.194367276679325	1.40180677715308	1.59617405383241	0	0	2	0.1	0.406912716194387	0.276082294978569	-0.0247211919975336	1.09829951536974	1.12302070736728	0	0	2	0.2	0.907043890190961	0.564314146096042	-0.0187651130750609	2.27526528738361	2.29403040045867	0	0	3	0.1	0.533381626249608	0.348674664916766	-0.0092241478122909	1.40901700110092	1.41824114891321	0	0	3	0.2	1.06070726953198	0.681703677161766	-0.0461272896924053	2.71793965805747	2.76406694774987
591	0	0	0	0.1	0.0840637816771674	0.125501065402067	-0.187468778799788	0.310744221234791	0.49821300003458	0	0	0	0.2	0.0550613032555863	0.261451606281269	-0.490750098773873	0.550056606900033	1.04080670567391	0	0	1	0.1	0.0704331302647551	0.148642134918437	-0.237051140656987	0.362269702835412	0.599320843492399	0	0	1	0.2	0.251303143785471	0.29984310974726	-0.334576638429939	0.864782844362795	1.19935948279273	0	0	2	0.1	0.362126325687338	0.193963268251638	0.0176647211516163	0.813318851845925	0.795654130694308	0	0	2	0.2	0.771416554117549	0.39589179420655	0.101813258278718	1.66783000271969	1.56601674444097	0	0	3	0.1	0.570598761426455	0.263022106999276	0.125880440077649	1.1581647445077	1.03228430443005	0	0	3	0.2	1.11760426647037	0.519009079588915	0.251870164255362	2.28483814323803	2.03296797898267
590	0	0	0	0.1	0.137435288241567	0.0689434964618815	-5.93508410102466e-05	0.274535278783182	0.274594629624192	0	0	0	0.2	0.255707127987424	0.139389115441271	-0.0277850820010584	0.5271172559095	0.554902337910558	0	0	1	0.1	0.188612229893129	0.0904965820885582	0.00756284773038149	0.37657153889862	0.369008691168238	0	0	1	0.2	0.455650102482638	0.225516515707792	0.0410450401204922	0.98714027589018	0.946095235769688	0	0	2	0.1	0.471255099600593	0.191671924845229	0.183918555640134	0.941116081544172	0.757197525904038	0	0	2	0.2	1.1550406724541	0.490453304630126	0.45449938356464	2.39320364511343	1.93870426154879	0	0	3	0.1	0.931391559228789	0.393095665505169	0.393889801401996	1.92408657032976	1.53019676892776	0	0	3	0.2	2.03397792448266	0.801869151466394	0.849431840138151	3.98460356452191	3.13517172438375
624	0	0	0	0.1	0.0165880976710503	0.132374266627348	-0.268761294000842	0.250820165691576	0.519581459692417	0	0	0	0.2	0.0428564498644119	0.348459651899958	-0.670591367055363	0.71274369437319	1.38333506142855	0	0	1	0.1	0.153903544709802	0.201950570236422	-0.207857084176289	0.571737535111589	0.779594619287878	0	0	1	0.2	0.766699607064311	0.530671457306344	-0.110673598053349	1.94411250195382	2.05478610000716	0	0	2	0.1	0.79817568615398	0.339096726639573	0.290751629031036	1.60987306836101	1.31912143932997	0	0	2	0.2	1.68956307622376	0.570429874897404	0.777224064618627	2.95216948179998	2.17494541718136	0	0	3	0.1	1.26452734371901	0.42264126096918	0.615321939069053	2.27686912342061	1.66154718435156	0	0	3	0.2	2.22771969666644	0.640324868252794	1.15535727339159	3.70852231730189	2.55316504391031
598	0	0	0	0.1	0.0709205309771337	0.0784419243700158	-0.0819821642042361	0.227913109252156	0.309895273456392	0	0	0	0.2	0.126569021529747	0.146966334539978	-0.161494364821904	0.426657047843009	0.588151412664913	0	0	1	0.1	0.129058819463161	0.0741552784530922	-0.0185764851862186	0.270253411432496	0.288829896618714	0	0	1	0.2	0.309741707651121	0.153417390871437	0.0125391477159637	0.627862618761889	0.615323471045925	0	0	2	0.1	0.378232570057796	0.103184055178934	0.191142997455472	0.600989241703311	0.409846244247839	0	0	2	0.2	0.835234364529382	0.217820426728395	0.452474843549384	1.28328762800209	0.83081278445271	0	0	3	0.1	0.646753165194512	0.157530672257056	0.381055116482444	0.98899325591589	0.607938139433446	0	0	3	0.2	1.31187370074798	0.320528555453055	0.763583798011409	1.98254283800473	1.21895903999332
584	0	0	0	0.1	0.220025670489733	0.0681202570754474	0.10098648387253	0.363151279065538	0.262164795193008	0	0	0	0.2	0.464585419849377	0.150647290307791	0.21146432956904	0.788106398393874	0.576642068824834	0	0	1	0.1	0.418042879469124	0.161087812517202	0.132780090059777	0.759976273838402	0.627196183778625	0	0	1	0.2	1.40625556497985	0.625211452589325	0.500199647065456	2.88113032654503	2.38093067947957	0	0	2	0.1	1.44435725202023	0.540634359508638	0.612801895230232	2.64702908422317	2.03422718899294	0	0	2	0.2	3.14673461424681	0.874247590270442	1.58493413483728	4.93146497800324	3.34653084316596	0	0	3	0.1	2.39516542384673	0.738440518215922	1.13146330602459	3.98996026981843	2.85849696379383	0	0	3	0.2	4.08396029449538	1.01409697518573	2.15255345318594	6.13263121858747	3.98007776540153
644	0	0	0	0.1	-0.0104257711438193	0.118226395069861	-0.273087683264646	0.201368000317687	0.474455683582333	0	0	0	0.2	0.164117484688803	0.32087819709988	-0.42872912207092	0.86494462099604	1.29367374306696	0	0	1	0.1	0.395513537788074	0.241770221918176	-0.000849410958351487	0.995446291927005	0.996295702885356	0	0	1	0.2	1.09608264239985	0.48653932391958	0.264006572160516	2.13253478566608	1.86852821350557	0	0	2	0.1	0.85713076218881	0.332208065462701	0.326040418351468	1.60848441049177	1.2824439921403	0	0	2	0.2	1.53437752905095	0.530686775984129	0.589703845760525	2.69879226018369	2.10908841442317	0	0	3	0.1	0.97259748874409	0.362434494045573	0.327700359700245	1.79530403005198	1.46760367035174	0	0	3	0.2	1.65877690015108	0.598892304018158	0.563955991850199	2.93195757341515	2.36800158156496
568	0	0	0	0.1	0.201421443643981	0.0827039322051728	0.0581183206075761	0.379676583148598	0.321558262541022	0	0	0	0.2	0.480987167632213	0.19396457159802	0.126907243525357	0.891423706845343	0.764516463319986	0	0	1	0.1	0.178979046582677	0.115039738289927	-0.0449659024602558	0.408676727443014	0.45364262990327	0	0	1	0.2	0.443786712214572	0.260554366751533	-0.0215727813693285	0.953677656033171	0.975250437402499	0	0	2	0.1	0.331991605027258	0.152868677517677	0.0482965359563593	0.641602952669973	0.593306416713614	0	0	2	0.2	0.757755333498881	0.330439456965181	0.179309705470601	1.46039335917909	1.28108365370848	0	0	3	0.1	0.524080343557671	0.213939861332142	0.159805575267321	0.987960397625331	0.82815482235801	0	0	3	0.2	1.07569668714964	0.438247270211357	0.343582970710217	2.04867036876184	1.70508739805162
623	0	0	0	0.1	0.1154379152346	0.0790311125221732	-0.0336271082867006	0.280133893030434	0.313761001317134	0	0	0	0.2	0.258759733121871	0.212060376806044	-0.126001736131005	0.67277877721065	0.798780513341654	0	0	1	0.1	0.205897591051964	0.178351792913175	-0.104239748192839	0.598881353156888	0.703121101349727	0	0	1	0.2	0.672379471724501	0.481866121096664	-0.102300078625685	1.74806578016682	1.85036585879251	0	0	2	0.1	0.617930194958604	0.342574135634513	0.0804430285713429	1.45521300007661	1.37476997150527	0	0	2	0.2	1.32804747532393	0.654638611646256	0.249222954097199	2.77748718301775	2.52826422892055	0	0	3	0.1	0.951246664229832	0.459087713871452	0.228251686210352	2.01464467240912	1.78639298619877	0	0	3	0.2	1.73613430213725	0.776373026995195	0.440511894650877	3.4395699823525	2.99905808770162
602	0	0	0	0.1	0.0383374652243326	0.0605086188282415	-0.0921040538008832	0.157160450539466	0.249264504340349	0	0	0	0.2	0.111412503018942	0.17344498963825	-0.240978749298914	0.478120223709651	0.719098973008565	0	0	1	0.1	0.203858754553869	0.141680260335569	-0.0760972624781985	0.50266987286255	0.578767135340749	0	0	1	0.2	0.658936018780862	0.357359383971056	0.00935679365549741	1.44007473562192	1.43071794196642	0	0	2	0.1	0.60034265919384	0.250267712170298	0.153549450767144	1.16571799210043	1.01216854133328	0	0	2	0.2	1.25506773207492	0.48807305624988	0.371083483124001	2.32169900982031	1.95061552669631	0	0	3	0.1	0.881530809513085	0.341420485796829	0.307869894571998	1.64991649317773	1.34204659860573	0	0	3	0.2	1.62529805979871	0.585675655721799	0.617361130615828	2.86320425785275	2.24584312723692
648	0	0	0	0.1	0.0969463953302598	0.080471811988678	-0.0588865974847763	0.258949815790771	0.317836413275548	0	0	0	0.2	0.314167108124915	0.232683528885149	-0.102698972639515	0.793679312578279	0.896378285217794	0	0	1	0.1	0.54205507677689	0.240161137911404	0.163091643522546	1.13518513822012	0.972093494697571	0	0	1	0.2	1.47632372420438	0.571714596478783	0.488763056137942	2.69505327080889	2.20629021467095	0	0	2	0.1	1.19562480496462	0.451254784483255	0.453123772960781	2.13567571704492	1.68255194408414	0	0	2	0.2	2.18431436634187	0.701681096617714	0.918134275796396	3.54747938311459	2.6293451073182	0	0	3	0.1	1.52983301204046	0.548581107927242	0.61930880053902	2.68472610664526	2.06541730610624	0	0	3	0.2	2.5368631723972	0.798236853351401	1.10502053810802	4.25854229355422	3.1535217554462
606	0	0	0	0.1	0.080165121335328	0.0857292276893392	-0.090979174635258	0.244713730927203	0.335692905562461	0	0	0	0.2	0.165405976054426	0.232388069667076	-0.312188724655889	0.622245060343182	0.934433784999071	0	0	1	0.1	0.15321838855686	0.152641397163816	-0.171484589275514	0.446308806245298	0.617793395520813	0	0	1	0.2	0.470409095839465	0.372218626506516	-0.277617701247646	1.21515973917224	1.49277744041989	0	0	2	0.1	0.48351476140289	0.266298607093468	0.00160230746105197	1.03553007807026	1.03392777060921	0	0	2	0.2	0.981186834762683	0.506248854195289	0.0525190261041338	1.97542991124521	1.92291088514108	0	0	3	0.1	0.708209943108883	0.34304818635676	0.125667168971082	1.42551369546398	1.29984652649289	0	0	3	0.2	1.30553415364735	0.610459170915484	0.231928090043277	2.52457449034351	2.29264640030024
661	0	0	0	0.1	0.0834171432826478	0.0735184092476834	-0.0534524738506465	0.245733346706463	0.29918582055711	0	0	0	0.2	0.162000299232607	0.255304496804597	-0.303906974922938	0.6934011168184	0.997308091741338	0	0	1	0.1	0.027527653595013	0.233667325927295	-0.44774149447007	0.512558424298846	0.960299918768916	0	0	1	0.2	0.22258732841026	0.454255126817337	-0.636513998550492	1.16127052307083	1.79778452162132	0	0	2	0.1	0.330824555424377	0.249740123070043	-0.107064582978861	0.882873815298623	0.989938398277484	0	0	2	0.2	0.766563666112064	0.463654012497205	-0.0586153689516944	1.79919125856933	1.85780662752102	0	0	3	0.1	0.621898773998461	0.294262018141437	0.141360486074759	1.3209647180734	1.17960423199864	0	0	3	0.2	1.27335736700615	0.552366226421987	0.350207726965476	2.6209292019696	2.27072147500412
662	0	0	0	0.1	0.0086415693656812	0.0670945594058249	-0.137798654491187	0.137451993381784	0.275250647872971	0	0	0	0.2	-0.0131023147764278	0.155114243682969	-0.330203918236256	0.278717097238628	0.608921015474883	0	0	1	0.1	0.0679089793292993	0.118468133276506	-0.152811699001164	0.310381123671643	0.463192822672807	0	0	1	0.2	0.457803765144896	0.445897596057331	-0.174283826036754	1.53897501793915	1.7132588439759	0	0	2	0.1	0.704033576595548	0.364025032908884	0.183928183290482	1.60349817470864	1.41956999141816	0	0	2	0.2	1.73871836259829	0.719111145200709	0.601100995683988	3.30608484181414	2.70498384613015	0	0	3	0.1	1.25906235464786	0.496209413735858	0.527029637779852	2.37773681800358	1.85070718022373	0	0	3	0.2	2.41870301976576	0.819087967179873	1.15277858579417	4.17797089951037	3.0251923137162
586	0	0	0	0.1	0.0915451437020642	0.0634383865576999	-0.0353492311469047	0.206010092806686	0.24135932395359	0	0	0	0.2	0.180293977461817	0.12316117305478	-0.0851892001378684	0.403489931428934	0.488679131566802	0	0	1	0.1	0.159347529745326	0.0743205874370465	0.0223951303611673	0.300910753393011	0.278515623031843	0	0	1	0.2	0.298758357219321	0.161356586609487	-0.0273836476482115	0.599513315229438	0.626896962877649	0	0	2	0.1	0.255432686915992	0.108954576523058	0.061208945386813	0.479254821427095	0.418045876040282	0	0	2	0.2	0.550348944514965	0.233920310264738	0.141825492976611	1.0404602815914	0.898634788614792	0	0	3	0.1	0.460225642581619	0.179067715349564	0.170736292198331	0.856796018212704	0.686059726014372	0	0	3	0.2	0.951681937527157	0.347259557628304	0.371932507245941	1.65590091505536	1.28396840780942
582	0	0	0	0.1	0.00772233098728655	0.0622412838728663	-0.109887657455988	0.139606919603876	0.249494577059864	0	0	0	0.2	0.138671303165161	0.170583144830071	-0.154127793751516	0.517543352710684	0.6716711464622	0	0	1	0.1	0.41273445070127	0.186338067195427	0.124225333462301	0.832890496839757	0.708665163377456	0	0	1	0.2	1.67817460367946	0.701613743196636	0.689426230427461	3.45318332552111	2.76375709509365	0	0	2	0.1	1.32881768642004	0.447018710735191	0.632074405092213	2.42576861738677	1.79369421229456	0	0	2	0.2	3.04155337679242	0.80555194784237	1.62643574435589	4.76620348381892	3.13976773946303	0	0	3	0.1	2.0200216572767	0.569314883404246	1.06590608000207	3.29957852859982	2.23367244859776	0	0	3	0.2	3.72002143018713	0.897121960834955	2.1123803769495	5.52930749020086	3.41692711325136
647	0	0	0	0.1	0.271526901072983	0.121248387743072	0.0623421610751148	0.542985774798975	0.48064361372386	0	0	0	0.2	0.899664329725295	0.372518795472448	0.265043156877174	1.75487110108558	1.4898279442084	0	0	1	0.1	0.674800540932301	0.266614382702381	0.253329985572086	1.31625172380978	1.06292173823769	0	0	1	0.2	1.43235868078473	0.518758823563569	0.567053197442094	2.62397609188525	2.05692289444316	0	0	2	0.1	0.908477860255028	0.321756116525353	0.361421591195148	1.6842707541815	1.32284916298635	0	0	2	0.2	1.5247339037939	0.515666944103412	0.585487478554275	2.68142183078004	2.09593435222577	0	0	3	0.1	0.981778757092279	0.343411793169118	0.381141647422907	1.70627560173025	1.32513395430735	0	0	3	0.2	1.5954863968837	0.547037122748672	0.608547269806932	2.81784112616446	2.20929385635753
667	0	0	0	0.1	0.0423103077864709	0.0694897373877077	-0.0893406395285546	0.183777222880568	0.273117862409122	0	0	0	0.2	0.118268494698047	0.149661636204652	-0.187887241524627	0.43293515214866	0.620822393673287	0	0	1	0.1	0.294263723380617	0.146839246228148	0.0612663882324635	0.641205915387035	0.579939527154571	0	0	1	0.2	1.14611358824214	0.565102433350799	0.329289309665697	2.60123424981789	2.27194494015219	0	0	2	0.1	1.31223521039399	0.491582622744369	0.575576508059649	2.50078856859547	1.92521206053582	0	0	2	0.2	2.8865965415829	0.864754891596498	1.43299874448405	4.79266322031428	3.35966447583023	0	0	3	0.1	2.08421901840931	0.685291463200857	0.96285222850827	3.66142551327899	2.69857328477072	0	0	3	0.2	3.7013310556313	1.05310606937618	1.88021082359055	6.03042314489897	4.15021232130842
645	0	0	0	0.1	-0.0863973425632172	0.103301735015617	-0.29327104970303	0.105772402114306	0.399043451817336	0	0	0	0.2	-0.215338124027596	0.217055051490567	-0.644421816811782	0.207577081122523	0.851998897934305	0	0	1	0.1	-0.0715564539476726	0.123862835116416	-0.327184912158282	0.182441712870893	0.509626625029175	0	0	1	0.2	-0.0522589297940949	0.260408029437534	-0.521648978684455	0.538703875770806	1.06035285445526	0	0	2	0.1	0.168237095621007	0.159403794360838	-0.119344554129492	0.520339624367654	0.639684178497146	0	0	2	0.2	0.402975970525773	0.313153078207894	-0.17165324441692	1.06614865774463	1.23780190216156	0	0	3	0.1	0.378080460405854	0.211261019661229	-0.0161733275470983	0.81433996112007	0.830513288667168	0	0	3	0.2	0.75500052256882	0.396544313882661	0.0147968145205437	1.54351056005636	1.52871374553581
654	0	0	0	0.1	-0.0535871742424055	0.111048536263411	-0.294344196512014	0.141448343874256	0.435792540386269	0	0	0	0.2	-0.158962524709821	0.275904333270528	-0.71517312709665	0.399229809445607	1.11440293654226	0	0	1	0.1	-0.0279429379385768	0.178116052121179	-0.369270740208895	0.357605461296119	0.726876201505014	0	0	1	0.2	0.195514363381256	0.419017841418861	-0.517534854388295	1.15276665218536	1.67030150657365	0	0	2	0.1	0.351495345177607	0.241321718625244	-0.0521554509212405	0.907072985706921	0.959228436628162	0	0	2	0.2	0.926617965333642	0.508196160468068	0.0653641700005152	2.07540204266729	2.01003787266678	0	0	3	0.1	0.665551930993159	0.295586139410352	0.177202324457116	1.34728777203158	1.17008544757446	0	0	3	0.2	1.42880337073033	0.588065703629594	0.423859482346335	2.75496513457772	2.33110565223139
601	0	0	0	0.1	0.0665831702349657	0.0914801198686884	-0.125619564237611	0.236471055297932	0.362090619535543	0	0	0	0.2	0.182251199180213	0.183730075915053	-0.181560788604462	0.542745719430092	0.724306508034554	0	0	1	0.1	0.221088816250137	0.121976170069142	-0.00340363329053254	0.489356258209649	0.492759891500182	0	0	1	0.2	0.54527006403724	0.285275209961094	0.0880080279553108	1.28469256261834	1.19668453466303	0	0	2	0.1	0.534871066922776	0.212350923115376	0.223948943459764	1.02061903498609	0.796670091526327	0	0	2	0.2	1.15359440420803	0.440961365700797	0.486943696477196	2.22233615435784	1.73539245788065	0	0	3	0.1	0.838433459175512	0.324399369614927	0.343534579489274	1.5826860354253	1.23915145593602	0	0	3	0.2	1.67119339873418	0.651086086782815	0.645676296290224	3.17608557770244	2.53040928141222
676	0	0	0	0.1	0.187143568382353	0.0917141065195926	0.0275033326248836	0.399620539773474	0.37211720714859	0	0	0	0.2	0.374599334657913	0.178399042458915	0.0682034114686317	0.78582445303881	0.717621041570178	0	0	1	0.1	0.248245816751359	0.109849447829642	0.0637277731812969	0.475247231806636	0.41151945862534	0	0	1	0.2	0.692171977423445	0.318792679143348	0.248969348789493	1.41016903937513	1.16119969058564	0	0	2	0.1	0.609735075823761	0.253513044353142	0.285922017867692	1.23820366921169	0.952281651343999	0	0	2	0.2	1.62418827140047	0.664770484886976	0.746790961858386	3.36245665162503	2.61566568976665	0	0	3	0.1	1.08277900935246	0.493656571875126	0.514610960467943	2.45550545705164	1.9408944965837	0	0	3	0.2	2.61020173020689	1.01887763951559	1.25844789933278	5.27130265528688	4.0128547559541
609	0	0	0	0.1	0.211196734070255	0.0939844735690544	0.0256680128944844	0.389041028725897	0.363373015831413	0	0	0	0.2	0.431286408074778	0.215511869053042	0.0691036960190433	0.946475928275411	0.877372232256367	0	0	1	0.1	0.391596983305696	0.162344191364583	0.140326553476498	0.819994240796823	0.679667687320325	0	0	1	0.2	1.09416426286423	0.479495147888219	0.450115127176389	2.3123974853981	1.86228235822171	0	0	2	0.1	1.05826950056867	0.429483969864696	0.498113367714096	2.1386825339541	1.64056916624	0	0	2	0.2	2.51213759486791	0.861071958115808	1.21756701320498	4.51670421024669	3.29913719704171	0	0	3	0.1	1.88371255107576	0.742814200137644	0.848921327540832	3.57245755208758	2.72353622454675	0	0	3	0.2	3.82915030315642	1.21279815851059	1.89531695722583	6.60257890120492	4.70726194397909
649	0	0	0	0.1	0.209626780808662	0.134820579633599	-0.0441049836499273	0.487198917276454	0.531303900926381	0	0	0	0.2	0.505217401163531	0.352010987985304	-0.0528777286279792	1.326244797545	1.37912252617298	0	0	1	0.1	0.473779249001917	0.248273638214183	0.0917761109433662	1.09229006028398	1.00051394934061	0	0	1	0.2	1.34891007813464	0.531988974187571	0.511895383017621	2.57127314534636	2.05937776232874	0	0	2	0.1	1.30721843908074	0.511818194775844	0.536161750027313	2.4605527475364	1.92439099750908	0	0	2	0.2	2.47718168338636	0.813494100052027	1.11312109158432	4.14487146484643	3.03175037326211	0	0	3	0.1	1.92025768812817	0.835776293140828	0.667313666775079	3.74236859657164	3.07505492979656	0	0	3	0.2	3.4018223021614	1.28477113892005	1.24727452655927	6.15944126345785	4.91216673689858
614	0	0	0	0.1	0.00410396462553299	0.0934542396347453	-0.196386453923631	0.164936980167297	0.361323434090929	0	0	0	0.2	-0.0719971374805991	0.268350936176349	-0.655253973832333	0.415158692935451	1.07041266676778	0	0	1	0.1	0.0511419309485244	0.191070519134484	-0.329135721953373	0.404757898082864	0.733893620036237	0	0	1	0.2	0.331157873472744	0.466547878867033	-0.548463486081608	1.25029787308542	1.79876135916703	0	0	2	0.1	0.48971663343704	0.333994153405083	-0.177899875949823	1.16640584082001	1.34430571676983	0	0	2	0.2	1.02426025701933	0.6698097098173	-0.285174871141306	2.33239999561568	2.61757486675698	0	0	3	0.1	0.813778081361929	0.47040731910523	-0.0699562687574034	1.8363289654204	1.90628523417781	0	0	3	0.2	1.49682411324856	0.874651319112069	-0.189415684536691	3.27566386821293	3.46507955274962
663	0	0	0	0.1	-0.0080404098115105	0.10080186939287	-0.204829552043611	0.179983890020086	0.384813442063696	0	0	0	0.2	0.0705761863289166	0.232449000077357	-0.3252410042162	0.553268700473051	0.878509704689252	0	0	1	0.1	0.313667419374828	0.177736844623832	0.00852349833568638	0.701019231114641	0.692495732778955	0	0	1	0.2	0.844978911432731	0.403664917516812	0.201976663983087	1.78440198093428	1.58242531695119	0	0	2	0.1	0.706157906940264	0.294479124363461	0.261667137561343	1.39564225011778	1.13397511255643	0	0	2	0.2	1.51137790800121	0.592892774757011	0.591599432207609	2.88484151022831	2.2932420780207	0	0	3	0.1	1.0150066554645	0.420337568721203	0.410219649035505	2.04365555567294	1.63343590663743	0	0	3	0.2	2.03678362129959	0.778910296823558	0.843557489398344	3.78158320652159	2.93802571712324
669	0	0	0	0.1	-0.209785303867186	0.132276978874282	-0.487634885263359	0.0237368413542177	0.511371726617576	0	0	0	0.2	-0.331462382709129	0.234139962395057	-0.782068026090709	0.118503210644244	0.900571236734953	0	0	1	0.1	0.0932244381580887	0.156867839731188	-0.206186660307444	0.423103606981504	0.629290267288949	0	0	1	0.2	0.286291771070261	0.313872545936364	-0.339492115587208	0.901134220535737	1.24062633612295	0	0	2	0.1	0.225573888465207	0.175749552790118	-0.139350573192897	0.58661810319606	0.725968676388957	0	0	2	0.2	0.414922553684471	0.313241154680377	-0.263711513627282	1.04783043621597	1.31154194984325	0	0	3	0.1	0.181609426219008	0.153208410055188	-0.138373743115055	0.506781840772271	0.645155583887326	0	0	3	0.2	0.361200162870273	0.320911286502249	-0.26994698519129	1.06068272606369	1.33062971125498
655	0	0	0	0.1	0.0172434057525091	0.0738767710743291	-0.136909802542386	0.161580244425365	0.298490046967751	0	0	0	0.2	-0.00519580264957351	0.153218003981483	-0.34192605435472	0.29391315091245	0.63583920526717	0	0	1	0.1	0.10203645125422	0.0943178293713389	-0.0744355482951669	0.300811197676586	0.375246745971753	0	0	1	0.2	0.333682421309083	0.226802732808007	-0.0706145314748852	0.834267013929681	0.904881545404566	0	0	2	0.1	0.577127354610858	0.204404904649361	0.24950033140358	1.03472983065477	0.785229499251188	0	0	2	0.2	1.32839606806819	0.433309022573812	0.584626714400769	2.29450199343298	1.70987527903221	0	0	3	0.1	1.173005347278	0.378049153343978	0.548751687109454	2.06374707787104	1.51499539076159	0	0	3	0.2	2.26198443693581	0.629389759446671	1.14178298613184	3.60069268404473	2.45890969791289
612	0	0	0	0.1	0.0528145244466261	0.0823419425402223	-0.148632864314196	0.185150859914574	0.33378372422877	0	0	0	0.2	-0.0692572277890697	0.277075340456392	-0.716604682610659	0.355956420520462	1.07256110313112	0	0	1	0.1	0.0981937407342594	0.270214833709301	-0.426969461289345	0.649078200823338	1.07604766211268	0	0	1	0.2	0.682725473222832	0.518264508987112	-0.33347935131238	1.71908008976792	2.0525594410803	0	0	2	0.1	0.806824880165816	0.368728728495312	0.13535395437901	1.57178383287882	1.43642987849981	0	0	2	0.2	1.46298517625227	0.594079463737467	0.339887734577643	2.65042963889133	2.31054190431368	0	0	3	0.1	1.04229131205473	0.433127855521754	0.252156782204535	1.97820015219543	1.72604336999089	0	0	3	0.2	1.75115764484455	0.687307669600948	0.44552381209252	3.16147665650156	2.71595284440904
613	0	0	0	0.1	0.0236819229571116	0.0658121535828773	-0.120577272956977	0.148694013460651	0.269271286417628	0	0	0	0.2	-0.0305192324461026	0.161805791492789	-0.364359962288362	0.273021140353573	0.637381102641934	0	0	1	0.1	0.0113638620775225	0.171231408257117	-0.348954063762186	0.3283984425856	0.677352506347786	0	0	1	0.2	0.183280373563345	0.405607175267548	-0.655747356056942	1.02206199830498	1.67780935436192	0	0	2	0.1	0.38877908806157	0.29846089816984	-0.181048173419562	1.03920134277156	1.22024951619113	0	0	2	0.2	0.924694654299633	0.590248549615876	-0.214987541274709	2.24492086482751	2.45990840610222	0	0	3	0.1	0.747905633172199	0.412077862037149	0.0720723155726778	1.73578865136996	1.66371633579728	0	0	3	0.2	1.45275646413734	0.710713452665755	0.222912166530725	3.10793245361831	2.88502028708758
608	0	0	0	0.1	0.0101926461955246	0.0845726127511337	-0.159433091834578	0.167913941516094	0.327347033350672	0	0	0	0.2	0.0234572905538263	0.209143401558942	-0.365495476481577	0.447259762847472	0.81275523932905	0	0	1	0.1	0.184283368809652	0.163755420620702	-0.112978919929449	0.509703153658374	0.622682073587823	0	0	1	0.2	0.801387527811569	0.455815607680837	0.00297274301504738	1.7877334482761	1.78476070526105	0	0	2	0.1	0.811683196364285	0.373183578281374	0.211842849876345	1.62891755582312	1.41707470594677	0	0	2	0.2	1.89779845243018	0.767699619282458	0.610890673400257	3.54679731433175	2.9359066409315	0	0	3	0.1	1.31538006191237	0.581711802784842	0.418076228428539	2.63876130145923	2.22068507303069	0	0	3	0.2	2.66484088369553	1.02979556207929	0.994041708086351	5.00669428342803	4.01265257534168
692	0	0	0	0.1	0.103170140997443	0.0719008496555591	-0.0394393600930422	0.24538681736696	0.284826177460003	0	0	0	0.2	0.204281409310358	0.214522951389302	-0.204377171578439	0.633826621169989	0.838203792748428	0	0	1	0.1	0.0958900151981684	0.148985060933775	-0.210598837417638	0.379714149715432	0.590312987133069	0	0	1	0.2	0.346174294903723	0.340260382283844	-0.260220536404329	1.07824726762034	1.33846780402467	0	0	2	0.1	0.404071979194661	0.193947374446361	0.0741783074607573	0.839228066099298	0.765049758638541	0	0	2	0.2	0.9579709409915	0.383652735750553	0.28339746732601	1.80112806688185	1.51773059955584	0	0	3	0.1	0.718850006837897	0.246855224079089	0.296817856076341	1.28467768707796	0.987859831001614	0	0	3	0.2	1.39271890213147	0.438620128654754	0.624709129669431	2.34675631665606	1.72204718698663
673	0	0	0	0.1	0.108740774253534	0.0740969084845426	-0.0267485235823415	0.266508142880446	0.293256666462788	0	0	0	0.2	0.391264400470584	0.207822882203184	0.0405125490737238	0.864214588888104	0.82370203981438	0	0	1	0.1	0.723403936608185	0.278580497882644	0.299581891190728	1.36776193867511	1.06818004748438	0	0	1	0.2	1.99824884750086	0.6629883593676	0.888179692975762	3.4248129582143	2.53663326523854	0	0	2	0.1	1.48285926846072	0.440620612167916	0.760064640703671	2.50628695484303	1.74622231413936	0	0	2	0.2	2.82808890454251	0.682307986995665	1.62616818658001	4.32435638910013	2.69818820252012	0	0	3	0.1	1.99190834812642	0.537713215003939	1.03740147945135	3.15258779965375	2.11518632020239	0	0	3	0.2	3.3926401934218	0.784710507287946	1.97831374805247	5.02015488560437	3.0418411375519
615	0	0	0	0.1	0.125014351496769	0.123697135738462	-0.117934371756436	0.372306777310492	0.490241149066928	0	0	0	0.2	0.331664766343484	0.321483616922421	-0.285906565905269	1.01883855295855	1.30474511886382	0	0	1	0.1	0.287294377209391	0.253866577484858	-0.206187033235473	0.816697710110854	1.02288474334633	0	0	1	0.2	1.0968585304379	0.71057338298069	-0.142136818135462	2.65593051582431	2.79806733395977	0	0	2	0.1	1.07280607368215	0.526467292815398	0.189483144404089	2.22927506108061	2.03979191667652	0	0	2	0.2	2.25433242790658	0.910019785061327	0.600743281073486	4.2608907698284	3.66014748875492	0	0	3	0.1	1.78475586711048	0.724044305182723	0.558954577125238	3.38952887391781	2.83057429679257	0	0	3	0.2	3.12441894041722	1.09741014573557	1.10531705462024	5.38322380144783	4.2779067468276
604	0	0	0	0.1	0.085192485965969	0.0901796173278552	-0.0850633710648492	0.291473682942835	0.376537054007684	0	0	0	0.2	0.537402248152494	0.386881217982936	-0.0821857450896713	1.41194510582739	1.49413085091706	0	0	1	0.1	0.824919441486613	0.353989727991473	0.289859435610892	1.74408799651092	1.45422856090003	0	0	1	0.2	1.73405547254607	0.628671702354111	0.741265314165226	3.20157085283037	2.46030553866514	0	0	2	0.1	1.25025020420213	0.469673089409112	0.516705167261265	2.39820502721119	1.88149985994992	0	0	2	0.2	2.13347437258154	0.738363381039535	0.939676295862326	3.87330270446189	2.93362640859956	0	0	3	0.1	1.39341549931823	0.528524694128248	0.57361687210689	2.6863299092408	2.11271303713391	0	0	3	0.2	2.38490721871384	0.822267196227232	1.07625625617016	4.40585626978211	3.32960001361195
675	0	0	0	0.1	0.0957710567810421	0.0747117552984466	-0.053578103832849	0.249442335260632	0.303020439093481	0	0	0	0.2	0.206344130742782	0.173805491228827	-0.130765881608553	0.580422263929586	0.71118814553814	0	0	1	0.1	0.191642814015078	0.113676477960656	-0.0178997370710964	0.42155481346889	0.439454550539987	0	0	1	0.2	0.550845898952027	0.290413024361299	0.0367399387053072	1.17064836182824	1.13390842312293	0	0	2	0.1	0.583222541880161	0.215699691536692	0.2125072476645	1.0578775207157	0.845370273051198	0	0	2	0.2	1.2639616536441	0.419735958015736	0.532732502720263	2.16068284520015	1.62795034247988	0	0	3	0.1	0.986406357034404	0.325595238833404	0.455011590151305	1.69652308043774	1.24151149028644	0	0	3	0.2	1.83171243788575	0.528710947269463	0.92685294230569	2.97514257076992	2.04828962846423
570	0	0	0	0.1	0.00260993166139751	0.0949924789883025	-0.203369244495713	0.170814501418021	0.374183745913734	0	0	0	0.2	0.0216436020652037	0.276414501074299	-0.590008903002933	0.545420383517977	1.13542928652091	0	0	1	0.1	0.164596473161085	0.243366045279364	-0.233949762119343	0.670359174134817	0.90430893625416	0	0	1	0.2	0.96905832875581	0.672880693819487	-0.189921044417066	2.29467211810929	2.48459316252636	0	0	2	0.1	1.15205274542999	0.460228265865078	0.3545776628841	2.09742254412372	1.74284488123962	0	0	2	0.2	2.19310638674352	0.608234579493668	1.02828484063095	3.375777121606	2.34749228097505	0	0	3	0.1	1.82864992782217	0.505354182039865	0.944974617823636	2.84549689108981	1.90052227326617	0	0	3	0.2	2.85707075363949	0.628840189646484	1.67614013141828	4.1464171015635	2.47027697014521
631	0	0	0	0.1	0.102676990731856	0.0807820652873959	-0.0547715252097793	0.254640007642718	0.309411532852498	0	0	0	0.2	0.199285030553635	0.27031495560487	-0.349639559575165	0.782605686145331	1.1322452457205	0	0	1	0.1	0.109850799800607	0.243136126696555	-0.484724309603935	0.574382923159132	1.05910723276307	0	0	1	0.2	0.608907585949133	0.534125483509771	-0.400812179552162	1.79413272141161	2.19494490096377	0	0	2	0.1	0.649794727388568	0.361952416641405	0.0126585288273707	1.5458701007817	1.53321157195433	0	0	2	0.2	1.34945045285046	0.613734964606333	0.337913119273967	2.75240378992615	2.41449067065218	0	0	3	0.1	1.00381308667521	0.443881867355671	0.345055059649805	2.09457818179763	1.74952312214782	0	0	3	0.2	1.78058647158872	0.692794637765959	0.651365874902155	3.40325557614761	2.75188970124546
674	0	0	0	0.1	0.114702042338211	0.0669406115371276	-0.00688842985332215	0.261844694135131	0.268733123988453	0	0	0	0.2	0.444127340645564	0.225786203286013	0.0879130256829445	0.975529361905548	0.887616336222603	0	0	1	0.1	0.646421952215172	0.257889811151529	0.27980686420948	1.21993683045696	0.940129966247481	0	0	1	0.2	1.7813749742526	0.611832692735924	0.8152829478389	3.13423672568164	2.31895377784274	0	0	2	0.1	1.32908238927858	0.46330516860044	0.616281907507151	2.38501688923543	1.76873498172828	0	0	2	0.2	2.59146864636569	0.744651627614031	1.32447428943913	4.20289821079347	2.87842392135434	0	0	3	0.1	1.75835062360305	0.579798545229352	0.825452531446141	3.1136810050162	2.28822847357006	0	0	3	0.2	3.11458323697545	0.872064469230253	1.61894732124128	5.02715533674591	3.40820801550462
686	0	0	0	0.1	0.0389842458585431	0.0365373684338953	-0.0405859107144471	0.113460248491502	0.154046159205949	0	0	0	0.2	0.077101142902244	0.11233237636586	-0.184100047715388	0.289140700816964	0.473240748532352	0	0	1	0.1	0.135877132669336	0.142641986981564	-0.137081920557541	0.403864229475484	0.540946150033025	0	0	1	0.2	0.618351001090026	0.432192512021128	-0.07230135356563	1.69975604145998	1.77205739502561	0	0	2	0.1	0.712609902890531	0.271949171700683	0.293757002538211	1.38446700483067	1.09071000229246	0	0	2	0.2	1.6735641618339	0.514395682064166	0.804157235941774	2.86380990432834	2.05965266838657	0	0	3	0.1	1.1988644054316	0.351390289281857	0.602590174309191	2.06282191306145	1.46023173875225	0	0	3	0.2	2.23371770653238	0.573695195246746	1.22557235921554	3.50976385536411	2.28419149614857
689	0	0	0	0.1	0.137624909641634	0.0733655588527965	-0.00427075473399736	0.289489382490512	0.293760137224509	0	0	0	0.2	0.324120918947101	0.171673670435629	0.00735050212477965	0.669065654052316	0.661715151927536	0	0	1	0.1	0.231808382891224	0.102720731072817	0.0615858665146002	0.440551370710864	0.378965504196264	0	0	1	0.2	0.55521733711815	0.221058674946563	0.201642583652732	1.06482712837095	0.863184544718221	0	0	2	0.1	0.523395447823442	0.157717485422846	0.255865268350748	0.867193283976906	0.611328015626158	0	0	2	0.2	1.07135219992909	0.302534034990018	0.55613412209863	1.69802065856228	1.14188653646365	0	0	3	0.1	0.806412014612693	0.228400572075387	0.413926113016124	1.28440843483223	0.870482321816109	0	0	3	0.2	1.47898739113017	0.401857219778718	0.767139778552643	2.27456031620712	1.50742053765448
671	0	0	0	0.1	0.0847575813698451	0.0752687854627351	-0.0576202854004451	0.238666772433629	0.296287057834074	0	0	0	0.2	0.172441954742658	0.189703222165298	-0.192422517387536	0.569159979181343	0.761582496568879	0	0	1	0.1	0.258644944347295	0.161243991777635	-0.0340293993111131	0.610493806471088	0.644523205782201	0	0	1	0.2	0.704944134834891	0.412732608869493	-0.00468011622816142	1.60025748597368	1.60493760220184	0	0	2	0.1	0.772728212221398	0.317253854952464	0.261359883832326	1.52730150521606	1.26594162138374	0	0	2	0.2	1.64052487888682	0.587082423745641	0.65217408293407	2.90106268068113	2.24888859774706	0	0	3	0.1	1.3071183612375	0.459446536489674	0.548648316605557	2.32653042358136	1.7778821069758	0	0	3	0.2	2.34817211547726	0.746212479177491	1.06741179966638	4.03567349238219	2.96826169271581
629	0	0	0	0.1	-0.0389155669458884	0.0686735855686864	-0.182201645805516	0.0879391533519572	0.270140799157473	0	0	0	0.2	-0.0832652248086319	0.179111812643888	-0.450659477183367	0.275676568832105	0.726336046015471	0	0	1	0.1	0.154193661483867	0.155712887255905	-0.119438746810163	0.483801372854274	0.603240119664437	0	0	1	0.2	0.590667361951745	0.447982444548898	-0.17260426002737	1.56400140469489	1.73660566472226	0	0	2	0.1	0.538229001936814	0.312390755470903	0.0214793891417672	1.19992738567275	1.17844799653099	0	0	2	0.2	1.11429595386827	0.615686297546486	0.0182912146804951	2.37379601115271	2.35550479647222	0	0	3	0.1	0.730554916551864	0.400673073740983	0.0211807578604534	1.53456357521778	1.51338281735732	0	0	3	0.2	1.3370004569202	0.717854992712126	-0.00601089017382214	2.78708650991465	2.79309740008847
641	0	0	0	0.1	0.075169098271174	0.0426745720942017	-0.0145530768147855	0.158574122084398	0.173127198899184	0	0	0	0.2	0.108046971481481	0.0741090628315029	-0.0519540535800808	0.24248171885758	0.294435772437661	0	0	1	0.1	0.0505904895418442	0.0665851976744921	-0.0888006941684773	0.172985805411929	0.261786499580406	0	0	1	0.2	0.0487687917506044	0.153482076580477	-0.264785968140605	0.339591919710257	0.604377887850862	0	0	2	0.1	0.0599723950806508	0.101638177890736	-0.12550345006391	0.255233125373576	0.380736575437486	0	0	2	0.2	0.17432350687442	0.207256183128376	-0.220360513500342	0.579465864066971	0.799826377567313	0	0	3	0.1	0.21485851314657	0.144685093096081	-0.0519316529464553	0.499383461119798	0.551315114066254	0	0	3	0.2	0.519867483060732	0.279211246570005	0.0101249796648083	1.08165859637072	1.07153361670591
685	0	0	0	0.1	0.0870820263087076	0.0751924687514009	-0.0519581934901796	0.254127516253341	0.306085709743521	0	0	0	0.2	0.16231797126493	0.199809566888695	-0.194585778476872	0.583552726484168	0.778138504961041	0	0	1	0.1	0.119671968486029	0.132472870842421	-0.124423350947683	0.380748116482986	0.505171467430669	0	0	1	0.2	0.38269481368156	0.306639641800639	-0.137012106057689	1.05837288051197	1.19538498656966	0	0	2	0.1	0.400481215524028	0.200754809487225	0.0687453283109053	0.860490829619916	0.791745501309011	0	0	2	0.2	0.926990955388512	0.441151955429408	0.241835425578999	2.00343156228265	1.76159613670365	0	0	3	0.1	0.64258934181199	0.292820075661398	0.219466212037028	1.35375581697652	1.13428960493949	0	0	3	0.2	1.33471057109752	0.600066599834603	0.450525318863912	2.70654430061937	2.25601898175546
688	0	0	0	0.1	0.216407066600139	0.0642290680196377	0.0960717087575525	0.344975428723931	0.248903719966379	0	0	0	0.2	0.531437128530026	0.226958755378751	0.148852106486028	1.05556780534903	0.906715698863002	0	0	1	0.1	0.528217015711367	0.281835722784529	0.0840930669452963	1.18232453796845	1.09823147102315	0	0	1	0.2	2.31898995816636	0.824143582571135	0.809324316998873	3.97293729710079	3.16361298010191	0	0	2	0.1	2.22479452089818	0.636967487625552	1.10456731090463	3.50278125971725	2.39821394881262	0	0	2	0.2	4.0785347443225	0.795777910469909	2.58040106295163	5.74364861263007	3.16324754967844	0	0	3	0.1	3.4366539540812	0.781822745966983	2.0247673772652	5.04511018552678	3.02034280826158	0	0	3	0.2	5.34621006008197	1.01677390788075	3.52330368704433	7.47310753484523	3.9498038478009
622	0	0	0	0.1	0.182562113829079	0.101873536633039	-0.00173809314975239	0.392345756203487	0.39408384935324	0	0	0	0.2	0.407972591285548	0.251574281171723	-0.033596616290951	0.939361737483746	0.972958353774697	0	0	1	0.1	0.265245865125555	0.156391794673261	-0.0273723828185134	0.577591199107366	0.60496358192588	0	0	1	0.2	0.644995154696217	0.400283509837588	-0.118645918253573	1.50453581589765	1.62318173415123	0	0	2	0.1	0.510004818777282	0.267991158938837	-4.25653600929919e-05	1.06153239248012	1.06157495784021	0	0	2	0.2	1.1977189342214	0.671871597862575	0.0176053276274242	2.64536066746481	2.62775533983738	0	0	3	0.1	0.826543578548659	0.452678095773252	0.0660305605667867	1.89535800621142	1.82932744564463	0	0	3	0.2	1.76653088473105	1.00396399961512	0.118157290730351	4.30875594327274	4.19059865254239
695	0	0	0	0.1	0.0713544099028896	0.0921230129454059	-0.125929839275611	0.238697816655075	0.364627655930686	0	0	0	0.2	0.0738407617502299	0.187183616932135	-0.317129379801009	0.422610771284611	0.73974015108562	0	0	1	0.1	0.0772267089874617	0.109332317562038	-0.162565033398428	0.276876587916212	0.43944162131464	0	0	1	0.2	0.203528423861127	0.239771913820415	-0.342062863910332	0.642963047542501	0.985025911452833	0	0	2	0.1	0.28396508190475	0.164059921041533	-0.0702677958680274	0.575738458285418	0.646006254153445	0	0	2	0.2	0.647276641516816	0.360125091214261	-0.108901715395534	1.31778270025251	1.42668441564804	0	0	3	0.1	0.427118166395086	0.233499003172034	-0.0354952416370893	0.88581700014624	0.921312241783329	0	0	3	0.2	0.902248034813647	0.498274219570882	-0.0736179535255467	1.91336002391941	1.98697797744495
703	0	0	0	0.1	-0.115467541918639	0.0860387847768337	-0.308153505712766	0.0310718682808978	0.339225373993664	0	0	0	0.2	-0.290324141978201	0.194742047443105	-0.703855618966254	0.0561817852463926	0.760037404212646	0	0	1	0.1	-0.0874743677267592	0.154700997336462	-0.404646635042691	0.214752642614261	0.619399277656952	0	0	1	0.2	0.156454709825099	0.460109627293038	-0.606635977328276	1.2383720917041	1.84500806903237	0	0	2	0.1	0.485736319811809	0.408051059445053	-0.0424037719485198	1.55385751931492	1.59626129126344	0	0	2	0.2	1.47836799537161	0.991581959469481	0.152396592346658	3.90660695008162	3.75421035773496	0	0	3	0.1	1.11804700753353	0.73845298854864	0.255055231613734	3.02782547902226	2.77277024740853	0	0	3	0.2	2.40708374568884	1.31134422883862	0.66024541804979	5.74841363907335	5.08816822102356
697	0	0	0	0.1	0.129323655670014	0.0738696225047806	-0.0308735840359941	0.267883352979416	0.29875693701541	0	0	0	0.2	0.155610159572072	0.170003950469572	-0.194658921065298	0.496011844666195	0.690670765731493	0	0	1	0.1	0.103815757545494	0.169640773975797	-0.176385439724957	0.498876189735483	0.67526162946044	0	0	1	0.2	0.448673993840133	0.541510159873639	-0.418068297810459	1.77477742092435	2.19284571873481	0	0	2	0.1	0.468374232153868	0.429234893860277	-0.196416216834392	1.49365479464788	1.69007101148227	0	0	2	0.2	1.10876626994249	0.974632002245621	-0.310066845261557	3.47716676456281	3.78723360982436	0	0	3	0.1	0.703480082983737	0.624172673785506	-0.278298186084033	2.19846824962978	2.47676643571382	0	0	3	0.2	1.41719477225268	1.25727397289398	-0.509047298088481	4.42218574598291	4.93123304407139
653	0	0	0	0.1	0.0822426344756965	0.097982327326399	-0.0980275572871942	0.29954067336622	0.397568230653415	0	0	0	0.2	0.245235285000439	0.243078297838566	-0.191674952861169	0.788078687096512	0.979753639957682	0	0	1	0.1	0.206921519240636	0.157665465909032	-0.0688227950140306	0.557469986971231	0.626292781985261	0	0	1	0.2	0.566241242779277	0.344152663008608	-0.0249608384722197	1.33801242356244	1.36297326203466	0	0	2	0.1	0.480995051710958	0.2049244628526	0.147921529436283	0.936999271060697	0.789077741624414	0	0	2	0.2	1.04483444203359	0.393344567342105	0.373635069338524	1.88471298840866	1.51107791907014	0	0	3	0.1	0.735902671894552	0.25993310254504	0.279077228461827	1.3014289875166	1.02235175905478	0	0	3	0.2	1.44537645299057	0.480136007009483	0.561202140615086	2.43348656146539	1.87228442085031
627	0	0	0	0.1	0.0968071651507093	0.0915110205983307	-0.0673397761121596	0.289499718429312	0.356839494541471	0	0	0	0.2	0.144777887527434	0.249220368660208	-0.322184757880104	0.648950567899591	0.971135325779695	0	0	1	0.1	0.0935780495682863	0.139793849639215	-0.200430932125086	0.371714003550879	0.572144935675965	0	0	1	0.2	0.333115232047998	0.267867173034288	-0.195226623822269	0.855672335685471	1.05089895950774	0	0	2	0.1	0.392256580298575	0.148186019713181	0.100747072256621	0.710123088963314	0.609376016706693	0	0	2	0.2	0.831364570205215	0.272001764447502	0.277713118634179	1.4271820317211	1.14946891308692	0	0	3	0.1	0.595360484096514	0.169808962455948	0.264962436553727	0.954605903342916	0.68964346678919	0	0	3	0.2	1.14659730223051	0.315827990960999	0.535174251243328	1.82243280598099	1.28725855473766
698	0	0	0	0.1	0.0942903267858018	0.0675526103517081	-0.0292625931427304	0.230498574984898	0.259761168127629	0	0	0	0.2	0.205894590198082	0.174371497699931	-0.11584270269885	0.562952735352729	0.678795438051579	0	0	1	0.1	0.206397203307639	0.125379969241014	-0.020018538384976	0.483275404421032	0.503293942806008	0	0	1	0.2	0.5386994483394	0.306308098787001	0.0164880478099859	1.22610037251983	1.20961232470984	0	0	2	0.1	0.514525343699954	0.185254842682294	0.216548047746427	0.940812341241422	0.724264293494995	0	0	2	0.2	1.09481470539607	0.382582130931424	0.484065276891369	1.94591321011068	1.46184793321931	0	0	3	0.1	0.807908410482072	0.264163219930027	0.394417664449215	1.41934479888309	1.02492713443387	0	0	3	0.2	1.53941034013891	0.484824050928858	0.745930767832602	2.61966946874502	1.87373870091242
687	0	0	0	0.1	0.207906585068655	0.118617383582954	-0.00878019010651749	0.461162887733219	0.469943077839736	0	0	0	0.2	0.462562400918848	0.263011063607177	-0.00682066659518721	1.01371887145054	1.02053953804572	0	0	1	0.1	0.311437915156599	0.15560271270624	0.0450456201986284	0.641363862346174	0.596318242147546	0	0	1	0.2	0.903292588209303	0.430102187800085	0.264092506058495	1.85554492777986	1.59145242172136	0	0	2	0.1	0.788805915578872	0.300977977019755	0.340252322124801	1.43314413332958	1.09289181120478	0	0	2	0.2	1.86101249033168	0.609443945044475	0.888820882380464	3.19612006505079	2.30729918267032	0	0	3	0.1	1.28276785319455	0.432688287667613	0.624248058925772	2.26740110028792	1.64315304136215	0	0	3	0.2	2.59880207253152	0.74808306574266	1.3483078453103	4.32569589988435	2.97738805457405
704	0	0	0	0.1	0.0418751936354809	0.100525512579422	-0.152069330799616	0.243776563348549	0.395845894148165	0	0	0	0.2	0.0795734335314384	0.235849380634904	-0.39102274891739	0.545159032362884	0.936181781280274	0	0	1	0.1	0.173363484940689	0.12950731969827	-0.0666167810292719	0.455378365162269	0.521995146191541	0	0	1	0.2	0.550284613703628	0.295582297025105	0.0488304546245769	1.19739901075557	1.14856855613099	0	0	2	0.1	0.580606346209002	0.198381342458681	0.254346619702592	1.04770928152507	0.793362661822476	0	0	2	0.2	1.20476700800044	0.37619236988072	0.593115516857786	2.00795576237108	1.4148402455133	0	0	3	0.1	0.864878049505168	0.270887018432418	0.416297177418787	1.45418686618084	1.03788968876205	0	0	3	0.2	1.64183840998735	0.481141961929135	0.8249264688087	2.6943815637995	1.8694550949908
733	0	0	0	0.1	-0.0810026976627046	0.0989233409597977	-0.302624828407038	0.0885632624722222	0.391188090879261	0	0	0	0.2	-0.300930652871974	0.257230129343667	-0.868207333970751	0.142385248961105	1.01059258293186	0	0	1	0.1	-0.133015686097223	0.209046246977269	-0.570062216064293	0.242582433096215	0.812644649160507	0	0	1	0.2	0.176315048748653	0.64555678842564	-0.927825997271557	1.60081613065922	2.52864212793078	0	0	2	0.1	0.630938702110084	0.508853159210449	-0.17602812743277	1.81772455358665	1.99375268101942	0	0	2	0.2	1.69863511575362	1.05150926662281	-0.0494870514909922	4.06170895231581	4.11119600380681	0	0	3	0.1	1.35275557576146	0.736508683528576	0.196632104087379	2.98261704152167	2.7859849374343	0	0	3	0.2	2.6723240202835	1.28630811656665	0.621805974145248	5.57307562943649	4.95126965529124
713	0	0	0	0.1	0.157045705371756	0.101990370366433	-0.0144445739211195	0.38945550959458	0.403900083515699	0	0	0	0.2	0.434831498816187	0.284529313868026	0.027816843226489	1.13226802523502	1.10445118200853	0	0	1	0.1	0.370169970019613	0.195337201577015	0.0593626281375943	0.826158765329005	0.76679613719141	0	0	1	0.2	1.09942902996931	0.54972773736715	0.29626956717387	2.44915316031535	2.15288359314148	0	0	2	0.1	0.965631484792058	0.39837875793148	0.3709426792801	1.89285832102246	1.52191564174236	0	0	2	0.2	2.19894843925873	0.804925195800875	0.925342624566786	4.00876219207307	3.08341956750628	0	0	3	0.1	1.57264678016955	0.592543843543686	0.68399730138228	2.87491624844133	2.19091894705905	0	0	3	0.2	3.01702965029993	1.02084303083328	1.43108627489732	5.33193673761913	3.9008504627218
714	0	0	0	0.1	0.121301714717648	0.0566187973080249	0.00345812167784356	0.226163010927226	0.222704889249382	0	0	0	0.2	0.168200684249283	0.155317223808345	-0.163509735076771	0.468362129303067	0.631871864379838	0	0	1	0.1	0.0666410357090391	0.181847277879605	-0.279241568942358	0.403095988921335	0.682337557863692	0	0	1	0.2	0.256028107293224	0.476842054829296	-0.610201294556022	1.2815905553889	1.89179184994492	0	0	2	0.1	0.374297295647001	0.332909908147318	-0.206026070411567	1.07526707366221	1.28129314407378	0	0	2	0.2	1.02069915882767	0.776860860295413	-0.344875731439682	2.63722713005225	2.98210286149193	0	0	3	0.1	0.782671281723712	0.466935474763469	0.00458057863545107	1.75179882288149	1.74721824424604	0	0	3	0.2	1.6811317380322	0.893572335747642	0.232872495344431	3.57686279845868	3.34399030311425
699	0	0	0	0.1	0.20549403654559	0.11389156142517	0.0099517184727292	0.454739883992544	0.444788165519815	0	0	0	0.2	0.594628701657245	0.311724302260897	0.0797882637075151	1.29117030382751	1.21138204011999	0	0	1	0.1	0.427809923742609	0.202019832926893	0.0932453393553122	0.900505762247193	0.807260422891881	0	0	1	0.2	1.07232101022827	0.457410231015046	0.339951220297572	2.13822655552285	1.79827533522528	0	0	2	0.1	0.808217101052269	0.294866769975112	0.347723897717063	1.54028916429015	1.19256526657308	0	0	2	0.2	1.74424757607294	0.617514016153607	0.807988812505087	3.19407779954249	2.38608898703741	0	0	3	0.1	1.14857994862934	0.397278323962632	0.552890064336478	2.08033673155198	1.5274466672155	0	0	3	0.2	2.32194400456877	0.800229504760271	1.14326516582852	4.17420737939822	3.0309422135697
650	0	0	0	0.1	0.195650542736616	0.076950738814691	0.0535078964520272	0.364799053657053	0.311291157205026	0	0	0	0.2	0.389861329168262	0.188944953183664	0.0621024059395147	0.794668064903475	0.73256565896396	0	0	1	0.1	0.195241527723187	0.154273819909613	-0.107894080098358	0.495438032282028	0.603332112380386	0	0	1	0.2	0.478263142390872	0.389192616368265	-0.245469297997888	1.30258934548089	1.54805864347878	0	0	2	0.1	0.483024279836345	0.276154896772456	0.0250835814768924	1.13121345239501	1.10612987091811	0	0	2	0.2	1.03484140317608	0.553647046598063	0.11938474371862	2.37962652950639	2.26024178578777	0	0	3	0.1	0.796458324006705	0.405613598735548	0.177448519314039	1.80371951128509	1.62627099197105	0	0	3	0.2	1.52357691445457	0.737557856887506	0.327619844100203	3.29209874625569	2.96447890215549
630	0	0	0	0.1	0.14038768660263	0.0679872441983726	0.0122844216153254	0.281565553976205	0.26928113236088	0	0	0	0.2	0.3147737605522	0.180930311284108	-0.0134857012339021	0.736785887507667	0.750271588741569	0	0	1	0.1	0.299718952066774	0.165769697132738	0.0381473964247548	0.693512224849711	0.655364828424956	0	0	1	0.2	0.862560138741226	0.449439320834549	0.172220749616555	1.89373804549484	1.72151729587829	0	0	2	0.1	0.816058399455042	0.3482409233722	0.273398064568941	1.63882661815612	1.36542855358718	0	0	2	0.2	1.66698304685934	0.612143582353748	0.625650008384462	3.04553564336068	2.41988563497621	0	0	3	0.1	1.18945323641832	0.460316324098076	0.448040690161976	2.30753972942682	1.85949903926484	0	0	3	0.2	2.14912312447318	0.733845824221654	0.833975552555306	3.80128336912322	2.96730781656792
690	0	0	0	0.1	0.00627887792709724	0.0713301550700221	-0.140569217746954	0.139478790287212	0.280048008034167	0	0	0	0.2	-0.0703726028405502	0.178669242299675	-0.452548842164083	0.246022869414148	0.698571711578231	0	0	1	0.1	-0.082374929264452	0.113873952558627	-0.322132980593127	0.127986255716653	0.45011923630978	0	0	1	0.2	-0.137303949217408	0.235835026353949	-0.648330610488809	0.287209124182234	0.935539734671042	0	0	2	0.1	0.0695695810295222	0.135445785028106	-0.19485970662657	0.346978660103966	0.541838366730535	0	0	2	0.2	0.210932778473044	0.276930003857686	-0.321768815374002	0.769201500974322	1.09097031634832	0	0	3	0.1	0.226706675100874	0.169855990801565	-0.0948033662766486	0.577706206633356	0.672509572910004	0	0	3	0.2	0.469727623049065	0.333674069008857	-0.173434781074656	1.16642486981159	1.33985965088625
652	0	0	0	0.1	0.274867486792137	0.120042870946112	0.06332168377102	0.526278234543398	0.462956550772378	0	0	0	0.2	0.529426263933722	0.238853841033738	0.104502926460996	1.02656321909768	0.922060292636683	0	0	1	0.1	0.21447339246964	0.124881436747226	-0.0282024142154866	0.468367359653582	0.496569773869069	0	0	1	0.2	0.49132938944756	0.269092024428462	0.0208259495313028	1.07820041971235	1.05737447018105	0	0	2	0.1	0.375059752782082	0.163243717527971	0.0955325013287774	0.741026355534828	0.645493854206051	0	0	2	0.2	0.78168730453	0.328122877166802	0.212240647628181	1.52903684985416	1.31679620222598	0	0	3	0.1	0.535157729594295	0.216919036109988	0.163012546715127	1.02911945179654	0.866106905081417	0	0	3	0.2	1.03031133561197	0.402131284353594	0.321158226438622	1.90649256784043	1.58533434140181
710	0	0	0	0.1	-0.00337143283644176	0.116917352531309	-0.244951726181192	0.213668332960225	0.458620059141417	0	0	0	0.2	-0.00596120100864826	0.225325980506718	-0.454914965394129	0.428007064607597	0.882922030001727	0	0	1	0.1	0.0944646570279566	0.127170868412218	-0.139205027340168	0.357773922037026	0.496978949377194	0	0	1	0.2	0.346783850996184	0.282397950274883	-0.146749100270851	0.981433065091944	1.1281821653628	0	0	2	0.1	0.406135074637091	0.17867664591937	0.129617683675033	0.818513936498497	0.688896252823464	0	0	2	0.2	0.882172191468767	0.361470386723509	0.309771621956579	1.67743134088312	1.36765971892654	0	0	3	0.1	0.608244631697527	0.22874098752278	0.263809907485948	1.13068611380623	0.866876206320285	0	0	3	0.2	1.25387718023454	0.449485193447696	0.553234848231202	2.21261093756695	1.65937608933574
658	0	0	0	0.1	-0.0108396896764976	0.114207039563366	-0.262252940169136	0.194742453639721	0.456995393808857	0	0	0	0.2	-0.0427229869288896	0.285260014602687	-0.577601563844183	0.527147499147993	1.10474906299218	0	0	1	0.1	0.251562573575056	0.21206208436678	-0.113340238151441	0.723434060087833	0.836774298239274	0	0	1	0.2	0.788096989916826	0.44835092215781	0.00508462074835323	1.77915147116964	1.77406685042129	0	0	2	0.1	0.7798229981716	0.317271688122435	0.225567304296862	1.49258795583379	1.26702065153693	0	0	2	0.2	1.41938537920572	0.523276138340056	0.476951593470054	2.52261192112914	2.04566032765908	0	0	3	0.1	1.01056893728062	0.377740623054237	0.377583790081658	1.85215141016138	1.47456762007973	0	0	3	0.2	1.72530363640339	0.583116039349044	0.719986330813959	2.91922005299396	2.19923372218
726	0	0	0	0.1	0.210683764679046	0.125245982916064	-0.0184787664978657	0.46528966229602	0.483768428793886	0	0	0	0.2	0.45681903697171	0.282494245882639	-0.0750504585547925	1.00669455134343	1.08174500989822	0	0	1	0.1	0.184883173107773	0.159030307126403	-0.122803159061568	0.501169508413855	0.623972667475423	0	0	1	0.2	0.616938319442404	0.390994335853185	-0.0962519008031643	1.42143631889877	1.51768821970194	0	0	2	0.1	0.502537435706618	0.239960020370138	0.10003272900915	1.00746732820383	0.907434599194678	0	0	2	0.2	1.18171693593503	0.506906910145927	0.335284099505468	2.27092876655345	1.93564466704798	0	0	3	0.1	0.78234819021246	0.32419344266741	0.257815826204886	1.51635654706773	1.25854072086285	0	0	3	0.2	1.59025897644828	0.620078745838365	0.572045859625196	3.01191595474956	2.43987009512436
708	0	0	0	0.1	0.163928087357397	0.0576739753471448	0.0532839457204637	0.280655994988224	0.22737204926776	0	0	0	0.2	0.360259186319468	0.139610528808047	0.112418092344628	0.658081585171489	0.54566349282686	0	0	1	0.1	0.29253090407184	0.0881676524389484	0.126081457217061	0.477956709319595	0.351875252102534	0	0	1	0.2	0.585600323454625	0.197583969387997	0.229621801825767	1.02490510819721	0.795283306371445	0	0	2	0.1	0.428722990246998	0.140397382000819	0.173824765161622	0.731843721267715	0.558018956106093	0	0	2	0.2	0.813103715842611	0.289965925120924	0.275003879002368	1.42308983634855	1.14808595734618	0	0	3	0.1	0.582991064185445	0.205998495316049	0.192684813027531	1.02761907494643	0.834934261918898	0	0	3	0.2	1.08895442119629	0.399373052589748	0.320910943478624	1.89422380583141	1.57331286235279
668	0	0	0	0.1	0.0768086819989184	0.105187755351174	-0.145766256082149	0.261898322096738	0.407664578178887	0	0	0	0.2	0.0623411321684681	0.274078214570529	-0.488524345805282	0.569842067545764	1.05836641335105	0	0	1	0.1	0.0816262208241142	0.149289860378552	-0.211193381019488	0.379858956310615	0.591052337330103	0	0	1	0.2	0.380326719333401	0.303192498472471	-0.180364007215403	1.0257729242618	1.2061369314772	0	0	2	0.1	0.543894521689455	0.191306752029063	0.212057961641789	0.969052144533713	0.756994182891924	0	0	2	0.2	1.09775427519881	0.336382908223463	0.499965657924709	1.83060665186755	1.33064099394284	0	0	3	0.1	0.847737035810361	0.237432185119717	0.426923146097512	1.38084449474526	0.953921348647745	0	0	3	0.2	1.53194420185657	0.401007079528432	0.792753223981831	2.40969966396321	1.61694643998138
611	0	0	0	0.1	0.126006659835928	0.0756095744668908	-0.0256771218152656	0.269827376603596	0.295504498418862	0	0	0	0.2	0.198671876425101	0.146630456104694	-0.0959557668360996	0.493869171096398	0.589824937932498	0	0	1	0.1	0.0851639883357749	0.0895181990612726	-0.111628013604757	0.246866813708312	0.35849482731307	0	0	1	0.2	0.166681969199284	0.204724450698414	-0.301799920509742	0.520535954411914	0.822335874921655	0	0	2	0.1	0.15918594348449	0.137174837593017	-0.142878688581714	0.410022070475597	0.552900759057312	0	0	2	0.2	0.371783000691416	0.323159874769518	-0.30629693682716	0.996480388096346	1.30277732492351	0	0	3	0.1	0.30038445495941	0.216086241965856	-0.133842767837112	0.742313252747944	0.876156020585056	0	0	3	0.2	0.676680938968547	0.495981529624932	-0.317015544260961	1.72434961881223	2.04136516307319
666	0	0	0	0.1	-0.172339017000192	0.0917656632319612	-0.381160849935806	-0.0220131717825918	0.359147678153214	0	0	0	0.2	-0.368595759464051	0.187236336616368	-0.773040604856149	-0.0436334480718777	0.729407156784271	0	0	1	0.1	-0.0760254198963592	0.125587528824885	-0.331051032060023	0.17636767808377	0.507418710143793	0	0	1	0.2	-0.066209084963685	0.256215302617045	-0.555834286741087	0.453971717931991	1.00980600467308	0	0	2	0.1	0.137229066746926	0.145337731648508	-0.126477436735953	0.420819250738951	0.547296687474903	0	0	2	0.2	0.390851997102034	0.304147903245179	-0.153057585652872	1.0041997599857	1.15725734563857	0	0	3	0.1	0.33509103245493	0.178153498276534	0.0119934827590996	0.693698229194726	0.681704746435627	0	0	3	0.2	0.732743781085395	0.376728424056693	0.0672048631849183	1.48227270881325	1.41506784562833
651	0	0	0	0.1	0.0748576851036455	0.0482472469506541	-0.0226055253941278	0.169768907272352	0.192374432666479	0	0	0	0.2	0.161710959463773	0.103299326793091	-0.0438986980173675	0.374217827916102	0.418116525933469	0	0	1	0.1	0.187676910666788	0.120418506065423	-0.0158442523843901	0.464939585642742	0.480783838027132	0	0	1	0.2	0.614772357222023	0.440258151078632	-0.00674296214607319	1.70264375873172	1.7093867208778	0	0	2	0.1	0.576716227895733	0.369584138949407	0.0363575711305143	1.44560788337076	1.40925031224024	0	0	2	0.2	1.37259158463316	0.816077664553111	0.0877232828844079	3.1219254961633	3.03420221327889	0	0	3	0.1	0.880128105761526	0.535910652754173	0.0679380237961276	2.07254293765819	2.00460491386207	0	0	3	0.2	1.81364989332046	1.01948484354039	0.165421231042768	4.03453687868632	3.86911564764356
711	0	0	0	0.1	0.0986651832132733	0.0568147078714034	-0.0164973042513063	0.21033158922246	0.226828893473767	0	0	0	0.2	0.19711112949357	0.123029404084923	-0.0471113601171479	0.440416325189073	0.487527685306221	0	0	1	0.1	0.167433809555057	0.0953093547159851	-0.0201478887345647	0.366578330147992	0.386726218882557	0	0	1	0.2	0.418842169155568	0.243741226303455	-0.0253489124417332	0.948298428272966	0.973647340714699	0	0	2	0.1	0.419575904227789	0.185310751338164	0.104071892491911	0.838497746303832	0.734425853811921	0	0	2	0.2	0.961941479522569	0.41135180077829	0.247930155826417	1.84821881992023	1.60028866409381	0	0	3	0.1	0.717044710746464	0.314517281524578	0.202689488492332	1.43469112831126	1.23200163981893	0	0	3	0.2	1.44358567557717	0.603358160966528	0.424146716555398	2.78245889696446	2.35831218040906
657	0	0	0	0.1	0.114138751234808	0.0633556029621568	0.00601992440407274	0.246787323003716	0.240767398599643	0	0	0	0.2	0.278847327262666	0.137340056242909	0.0469442025303359	0.585361143245848	0.538416940715512	0	0	1	0.1	0.379620293867927	0.139338883780877	0.152028025534115	0.693386403228358	0.541358377694242	0	0	1	0.2	0.998848490447009	0.409617583112415	0.375605807593677	1.88352865300582	1.50792284541215	0	0	2	0.1	0.93955063739808	0.344819426212322	0.394093708598034	1.66691139242012	1.27281768382208	0	0	2	0.2	1.98866181870097	0.663097845103382	0.880001238498253	3.41652123124463	2.53651999274638	0	0	3	0.1	1.61111038623117	0.544045855744188	0.738907659257581	2.77576710368091	2.03685944442333	0	0	3	0.2	2.8885886114328	0.858994659094702	1.41326640836485	4.63567954971373	3.22241314134889
632	0	0	0	0.1	0.142342934842906	0.0759457735771834	0.0169244926417774	0.307016280212771	0.290091787570994	0	0	0	0.2	0.381989496507974	0.230866844344226	0.037893018168246	0.925892702835664	0.887999684667418	0	0	1	0.1	0.374589265125482	0.198565102481276	0.0793419055290215	0.850773185829714	0.771431280300693	0	0	1	0.2	1.17195307384589	0.623637705921047	0.293706415641236	2.72034342929685	2.42663701365561	0	0	2	0.1	0.946097971337116	0.413393119346819	0.35164976129003	2.0312022872009	1.67955252591087	0	0	2	0.2	2.16598918437149	0.803879811455446	0.88891935755618	4.0431996489396	3.15428029138342	0	0	3	0.1	1.3863769946303	0.539257490384725	0.576973295964335	2.68640888212588	2.10943558616155	0	0	3	0.2	2.77508928105779	0.933295793496593	1.20257812207941	4.89491625046082	3.69233812838141
696	0	0	0	0.1	0.139427250501746	0.0774154120839126	0.000752278814518743	0.31489703265187	0.314144753837352	0	0	0	0.2	0.331703022853794	0.192105741301821	-0.00212268863511837	0.769895637906253	0.772018326541371	0	0	1	0.1	0.235833860894721	0.121608401616381	0.0234320090233259	0.495992740495782	0.472560731472456	0	0	1	0.2	0.627906588150181	0.331774581885169	0.081349578096165	1.40175015797805	1.32040057988188	0	0	2	0.1	0.523486564106351	0.214878724144127	0.15789290806667	1.0275696803734	0.869676772306731	0	0	2	0.2	1.20245290389569	0.471588059065233	0.391775632750914	2.32005305524913	1.92827742249821	0	0	3	0.1	0.866664440838174	0.314747076388261	0.330089492261022	1.56651067911365	1.23642118685262	0	0	3	0.2	1.73255441356798	0.598622581257764	0.717968432223554	3.01717739770252	2.29920896547897
628	0	0	0	0.1	0.257819471809634	0.109966903495708	0.0610457197243626	0.494968695477039	0.433922975752676	0	0	0	0.2	0.856827080555707	0.378765389337769	0.250774336676166	1.69771226661322	1.44693792993705	0	0	1	0.1	0.729743227242755	0.304210460611727	0.257799040922514	1.44850935396816	1.19071031304565	0	0	1	0.2	1.93038786474812	0.7014048856647	0.709824276283544	3.32422329539112	2.61439901910757	0	0	2	0.1	1.41149138416659	0.51731498573596	0.532456974105755	2.46483689170442	1.93237991759866	0	0	2	0.2	2.67685213605975	0.893680165295163	1.10460642134515	4.49630401725134	3.39169759590619	0	0	3	0.1	1.8392117909146	0.644969416405365	0.719988469670319	3.16937774071194	2.44938927104162	0	0	3	0.2	3.21449698707077	1.0469390706303	1.38559470038734	5.52968697674506	4.14409227635772
709	0	0	0	0.1	0.14772048730746	0.0780711550156924	0.0113929863923229	0.312021551111273	0.30062856471895	0	0	0	0.2	0.617569785348993	0.348442766497245	0.131942875377904	1.49555023514026	1.36360735976236	0	0	1	0.1	0.842894723226167	0.361326685747369	0.310883473291937	1.67182871202772	1.36094523873578	0	0	1	0.2	1.94035143868118	0.63533936014509	0.856279389730711	3.21406974241427	2.35779035268356	0	0	2	0.1	1.314428304698	0.466382696698052	0.540370407633257	2.28373686568433	1.74336645805107	0	0	2	0.2	2.22109176323421	0.691746076804593	0.974767564956835	3.64674923976085	2.67198167480401	0	0	3	0.1	1.37416360086447	0.504597205695096	0.538830207734095	2.47428542441836	1.93545521668427	0	0	3	0.2	2.26532621501098	0.748010619729382	0.957654162120402	3.90333624156522	2.94568207944481
716	0	0	0	0.1	0.159192391071533	0.0838383770049562	0.0147481159234085	0.33514635308914	0.320398237165732	0	0	0	0.2	0.274001440967144	0.186924364958786	-0.0559501498375409	0.641314616234834	0.697264766072375	0	0	1	0.1	-0.00617813007261551	0.126038363820562	-0.273290005409932	0.218318654391195	0.491608659801127	0	0	1	0.2	0.00322238064526725	0.28159284258462	-0.601164750432695	0.480142420237686	1.08130717067038	0	0	2	0.1	0.11897154222334	0.158409255625627	-0.217659239662234	0.412556013895769	0.630215253558002	0	0	2	0.2	0.29355177401609	0.30960747176512	-0.349463433428307	0.912798258020489	1.2622616914488	0	0	3	0.1	0.302411015718699	0.190768441677012	-0.0677597232287506	0.708495653558503	0.776255376787253	0	0	3	0.2	0.59158610203391	0.35410005304549	-0.0894246329134018	1.33339037081747	1.42281500373087
712	0	0	0	0.1	0.0587178741652612	0.0836654682157625	-0.127897956800579	0.213187436321004	0.341085393121583	0	0	0	0.2	0.178455913685609	0.238625282765685	-0.31405466946134	0.657796117013459	0.971850786474799	0	0	1	0.1	0.41427483105479	0.239207869683634	0.0196273330570072	0.947743722424571	0.928116389367564	0	0	1	0.2	1.52759011682596	0.639386053879474	0.446966014542216	2.86962374176659	2.42265772722437	0	0	2	0.1	1.43306847853111	0.440611125481464	0.696986017581361	2.42553272534574	1.72854670776438	0	0	2	0.2	2.65849760976788	0.653538657947164	1.50721640167923	4.05840216318415	2.55118576150492	0	0	3	0.1	2.02126265621039	0.538620290141136	1.10331760918549	3.26364640842793	2.16032879924244	0	0	3	0.2	3.28992603906938	0.760308610218773	1.9650852511928	4.98220126118502	3.01711600999222
707	0	0	0	0.1	0.0221629953000126	0.0865261213435246	-0.163558026789313	0.187523214344401	0.351081241133714	0	0	0	0.2	0.0427508957327201	0.287137278717646	-0.502192882477363	0.66426254560023	1.16645542807759	0	0	1	0.1	0.280039098668995	0.228135269788853	-0.125940724332656	0.791616287500094	0.91755701183275	0	0	1	0.2	1.21322585160252	0.536636025925835	0.280950297769618	2.33504119239817	2.05409089462855	0	0	2	0.1	1.13863145486137	0.370403215635592	0.526956205995654	1.99867431504106	1.4717181090454	0	0	2	0.2	2.37768978856612	0.694183821175614	1.20311848996202	3.84033923220103	2.63722074223901	0	0	3	0.1	1.77753033371631	0.544002229282349	0.887327249290669	2.95202535114961	2.06469810185894	0	0	3	0.2	3.25466936659673	0.929320900422712	1.68538235987152	5.1777898218812	3.49240746200969
683	0	0	0	0.1	0.159722335590797	0.106444968702985	-0.0312995044273269	0.393645143182886	0.424944647610213	0	0	0	0.2	0.369257818562577	0.2550119776895	-0.0973701968294044	0.917580171649049	1.01495036847845	0	0	1	0.1	0.349862485300227	0.167893603545453	0.014032374171548	0.680881221142923	0.666848846971375	0	0	1	0.2	0.90649248465802	0.387753441003807	0.154730475235057	1.70254315376571	1.54781267853066	0	0	2	0.1	0.749538799940686	0.273661724220424	0.246336914829918	1.31892343437991	1.07258651955	0	0	2	0.2	1.4811133361848	0.495014676456656	0.524013117383878	2.46336225918499	1.93934914180111	0	0	3	0.1	0.966684598379168	0.345253866187743	0.360109771279554	1.71126203195566	1.35115226067611	0	0	3	0.2	1.74778048288482	0.579010755386909	0.683215245778711	2.9526504228446	2.26943517706589
694	0	0	0	0.1	-0.0156246389336018	0.112870083801241	-0.269382808506607	0.207053772379643	0.47643658088625	0	0	0	0.2	-0.0773743242619108	0.242228725421441	-0.535980795142475	0.440078882850002	0.976059677992477	0	0	1	0.1	0.107489502983729	0.156401810297051	-0.152555862897173	0.460812385812777	0.61336824870995	0	0	1	0.2	0.534621083198343	0.399756725274791	-0.048385212606487	1.54792045794867	1.59630567055515	0	0	2	0.1	0.65680914452328	0.303561106283146	0.229881865949315	1.41333081882909	1.18344895287977	0	0	2	0.2	1.32400781826358	0.522319244184889	0.528865333305645	2.5251026378143	1.99623730450865	0	0	3	0.1	0.951078744863894	0.398867112110462	0.387500098988131	1.90369753140259	1.51619743241446	0	0	3	0.2	1.74519166442616	0.641148015296191	0.793218180465034	3.19936706045351	2.40614887998848
656	0	0	0	0.1	0.129571270890067	0.0877789734199229	-0.0413538802593496	0.310382521799147	0.351736402058496	0	0	0	0.2	0.297445046145039	0.247997252790429	-0.176523874787451	0.812235464052619	0.988759338840071	0	0	1	0.1	0.281883460674868	0.218732478512682	-0.109700028914455	0.726310230659114	0.836010259573569	0	0	1	0.2	0.820082858748062	0.527618505858735	-0.0767252512890072	1.88154449095724	1.95826974224624	0	0	2	0.1	0.753019906430423	0.353945479729454	0.176900974786683	1.51471606524975	1.33781509046306	0	0	2	0.2	1.49967406908107	0.638009216245361	0.413879001228836	2.83108953476638	2.41721053353755	0	0	3	0.1	1.10392238080411	0.457220061044069	0.350275615544535	2.10319901138824	1.7529233958437	0	0	3	0.2	1.98960826357467	0.77089945058327	0.694977173982722	3.59305437254536	2.89807719856264
664	0	0	0	0.1	0.0835970649543767	0.0672458457391721	-0.0483804667796618	0.215533365877304	0.263913832656966	0	0	0	0.2	0.162156510034121	0.16658724803344	-0.149835489072165	0.492598601971236	0.642434091043402	0	0	1	0.1	0.0905682802627029	0.132550205177801	-0.197470972806208	0.356927259983097	0.554398232789305	0	0	1	0.2	0.334331454956359	0.369110326561204	-0.359068480788561	1.12171766991093	1.48078615069949	0	0	2	0.1	0.446265001472832	0.252120549875431	0.0260760986596763	1.00222458305663	0.976148484396952	0	0	2	0.2	0.963443298453257	0.437994290696483	0.204808748395763	1.92985015300252	1.72504140460676	0	0	3	0.1	0.769049993032792	0.311389787909932	0.252285339600352	1.46225040037331	1.20996506077296	0	0	3	0.2	1.33847420792123	0.486130405967456	0.487610502704777	2.37678592978043	1.88917542707565
723	0	0	0	0.1	-0.0632559479345888	0.128137382108353	-0.324035580255411	0.172280818117243	0.496316398372654	0	0	0	0.2	-0.125170639239637	0.253429449060249	-0.649209446344609	0.336046095634985	0.985255541979595	0	0	1	0.1	-0.0732052027960565	0.149053853181465	-0.39202495155976	0.19591272095534	0.5879376725151	0	0	1	0.2	-0.159793950506918	0.3264108229933	-0.8640576348883	0.433470701188385	1.29752833607668	0	0	2	0.1	-0.0856968056677742	0.175379923055176	-0.464825794736481	0.235146339945193	0.699972134681674	0	0	2	0.2	-0.191119304210384	0.392061393222406	-1.02688585633361	0.53574397872756	1.56262983506117	0	0	3	0.1	-0.0974943985264728	0.199946315125024	-0.52483285118006	0.272987952028331	0.797820803208391	0	0	3	0.2	-0.218954678433661	0.45003395148945	-1.16305339391003	0.619725965820671	1.7827793597307
621	0	0	0	0.1	0.170763734749542	0.0936368454168554	-0.00806627456887989	0.373641154598529	0.381707429167409	0	0	0	0.2	0.342905069281551	0.248721915883761	-0.120874253685467	0.892549882487045	1.01342413617251	0	0	1	0.1	0.242255560495841	0.162810443216412	-0.0750338927653665	0.582133974591905	0.657167867357272	0	0	1	0.2	0.633037484713206	0.405546126694465	-0.115613004363321	1.52521263339153	1.64082563775485	0	0	2	0.1	0.611255766904942	0.242282718058147	0.21296800622175	1.12884288621435	0.915874879992601	0	0	2	0.2	1.24433640662496	0.440853178457562	0.528792377357169	2.18091867681914	1.65212629946197	0	0	3	0.1	0.935828037804377	0.32142417866816	0.430449623509564	1.65613723641874	1.22568761290917	0	0	3	0.2	1.69889874801362	0.541084674374824	0.850107307316684	2.87377536561639	2.02366805829971
755	0	0	0	0.1	0.241442359201142	0.112464700077348	0.0388747266255715	0.477109030676288	0.438234304050717	0	0	0	0.2	0.59164978668057	0.294582155498833	0.110014802113743	1.25546838251575	1.14545358040201	0	0	1	0.1	0.377398419589568	0.275889614710348	-0.0197464641676486	1.03641147738028	1.05615794154793	0	0	1	0.2	1.13956853691515	0.745504520956617	0.165697831681055	2.92989511230255	2.76419728062149	0	0	2	0.1	0.927985241044576	0.484583726710625	0.334023469130827	2.15614601381682	1.82212254468599	0	0	2	0.2	1.8464417832677	0.740800571830608	0.752175882519227	3.60014177572443	2.84796589320521	0	0	3	0.1	1.27483207878128	0.521805918010141	0.550375762562413	2.54595732915309	1.99558156659068	0	0	3	0.2	2.31050716959828	0.782778257634226	1.05299690142314	4.13859897441452	3.08560207299137
636	0	0	0	0.1	0.151249682124453	0.0802961262059476	0.00316246072138164	0.308151707808661	0.304989247087279	0	0	0	0.2	0.364813400396717	0.19497199310351	0.0140774035908046	0.805599504494909	0.791522100904104	0	0	1	0.1	0.301725017368395	0.13695174732882	0.0446785436124983	0.587161155469475	0.542482611856977	0	0	1	0.2	0.832013916303962	0.388718727611812	0.123469816182957	1.69377580492422	1.57030598874126	0	0	2	0.1	0.730847739115473	0.311670194201053	0.164950058389551	1.40259200224698	1.23764194385743	0	0	2	0.2	1.61652601234136	0.654792082064135	0.412130281038718	2.95265285712284	2.54052257608412	0	0	3	0.1	1.18922675703388	0.503749567999608	0.359906367391012	2.29986216719628	1.93995579980527	0	0	3	0.2	2.35376948240309	0.899012396388458	0.804736932229003	4.31108410105285	3.50634716882384
670	0	0	0	0.1	0.0498012867221173	0.0680426226031821	-0.084591403702604	0.190512816566807	0.275104220269411	0	0	0	0.2	0.0774379329702429	0.136027791553947	-0.187286324659093	0.350009939408404	0.537296264067497	0	0	1	0.1	0.0821592111953875	0.108451742413673	-0.129116252648767	0.298019357890503	0.427135610539271	0	0	1	0.2	0.294599105240539	0.318047981154783	-0.207225545113989	1.00160971825151	1.20883526336549	0	0	2	0.1	0.402749684089358	0.293854887465329	0.0452905223961228	1.15561135921857	1.11032083682244	0	0	2	0.2	1.21966263485864	0.91835656173578	0.18115256398593	3.63958245184499	3.45842988785906	0	0	3	0.1	0.901943999045778	0.657954176948989	0.182192847823183	2.66324368801631	2.48105084019313	0	0	3	0.2	2.24937101270939	1.51290523296149	0.502754899891043	6.04299053878932	5.54023563889828
677	0	0	0	0.1	0.126166304023162	0.0791751795333701	-0.0180759786835795	0.29872311307703	0.316799091760609	0	0	0	0.2	0.339609270866852	0.203132850383683	0.0229387533504028	0.770351694092527	0.747412940742124	0	0	1	0.1	0.291780770399641	0.174601184264117	-0.00261223875013831	0.674903781692776	0.677516020442914	0	0	1	0.2	0.856182916423941	0.496532434027756	0.0820992357585951	1.99073694913995	1.90863771338136	0	0	2	0.1	0.536665530801149	0.31445004996258	0.0494682510840897	1.2554733888057	1.20600513772161	0	0	2	0.2	1.18359058747008	0.671282227092033	0.0921257246809454	2.62436640454935	2.53224067986841	0	0	3	0.1	0.567343779521865	0.347876855951082	-0.0215847279073899	1.30432845899357	1.32591318690096	0	0	3	0.2	1.08785802073117	0.659781175181735	-0.0957932523334627	2.43245394465517	2.52824719698863
724	0	0	0	0.1	0.0922097413231356	0.0679858314493046	-0.0421635960536143	0.226587737542872	0.268751333596486	0	0	0	0.2	0.225017861539619	0.164914348057496	-0.102239354355933	0.567622956151562	0.669862310507494	0	0	1	0.1	0.265878242431968	0.156741197762734	-0.0413143325132199	0.561035094837905	0.602349427351125	0	0	1	0.2	0.746012958789885	0.460206294619466	-0.0786562629292401	1.64315328890234	1.72180955183158	0	0	2	0.1	0.694770371888321	0.297781544355276	0.169222325845168	1.31887816648364	1.14965584063847	0	0	2	0.2	1.50042817883195	0.57154649230944	0.459822246840774	2.59924631996304	2.13942407312227	0	0	3	0.1	1.14213252935114	0.397529523442802	0.46634818134438	2.00461850126917	1.53827031992479	0	0	3	0.2	2.06493725380606	0.638978472706503	0.924858620284217	3.34438565344241	2.41952703315819
646	0	0	0	0.1	0.254616532367072	0.122832510752456	0.0218739669769522	0.519485310034713	0.497611343057761	0	0	0	0.2	0.561994162193548	0.291290840418743	0.0390721213978192	1.23768092511213	1.19860880371431	0	0	1	0.1	0.353554162583634	0.154050521480875	0.0973644127226864	0.727176767811152	0.629812355088465	0	0	1	0.2	0.899398139472949	0.320018170753446	0.391765303073427	1.64053552882466	1.24877022575123	0	0	2	0.1	0.768470639309245	0.195139997000535	0.470188256819209	1.21271680534284	0.742528548523635	0	0	2	0.2	1.67385862610779	0.385237582941428	1.03199463644945	2.51250312413685	1.4805084876874	0	0	3	0.1	1.1124445383626	0.262215598622391	0.696728863398758	1.70821668346682	1.01148782006806	0	0	3	0.2	2.24965034989919	0.486882322089115	1.41730936425291	3.32404587462636	1.90673651037344
725	0	0	0	0.1	-0.0257402859041449	0.0703184475763464	-0.16922392091299	0.111152857524818	0.280376778437808	0	0	0	0.2	-0.171169807002298	0.159486662508544	-0.522553240426778	0.100837269750274	0.623390510177052	0	0	1	0.1	-0.141537730479777	0.123547655795248	-0.434226695404995	0.0520168417096162	0.486243537114611	0	0	1	0.2	-0.364425466537168	0.315022063564151	-1.09672849633618	0.109253326803422	1.2059818231396	0	0	2	0.1	0.0225477534214041	0.175147532737457	-0.322168863284209	0.379664742928422	0.70183360621263	0	0	2	0.2	0.166961647386267	0.427385394414768	-0.594316479350048	1.11594816262997	1.71026464198002	0	0	3	0.1	0.378745211233319	0.310257063639959	-0.112227562382986	1.18630454731918	1.29853210970216	0	0	3	0.2	0.855475920461962	0.662221817969258	-0.18647959911847	2.44863947876492	2.63511907788339
749	0	0	0	0.1	0.148274891173804	0.0593971044563824	0.0403429499860254	0.268774813444473	0.228431863458448	0	0	0	0.2	0.292484184552134	0.123171281762769	0.0712510117430352	0.549653741176748	0.478402729433713	0	0	1	0.1	0.162677881713242	0.0905581331376736	-0.00087903447338981	0.353388416655545	0.354267451128935	0	0	1	0.2	0.312340187299426	0.237563519292003	-0.13393987248945	0.802688889927782	0.936628762417233	0	0	2	0.1	0.210013174052284	0.143362608553932	-0.0689523220115589	0.496683511003453	0.565635833015012	0	0	2	0.2	0.443373830686471	0.31512647764602	-0.203619275697046	1.06379581312252	1.26741508881956	0	0	3	0.1	0.341009535219533	0.17034816662071	-0.00503782484536541	0.662824946871803	0.667862771717168	0	0	3	0.2	0.701727320637405	0.327546367126867	0	1.31027416162715	1.31027416162715
717	0	0	0	0.1	0.0880905661755239	0.0517520775791436	-0.009305556641298	0.193241785485765	0.202547342127063	0	0	0	0.2	0.144042922661559	0.102630209598726	-0.0530599344216498	0.347055231178386	0.400115165600035	0	0	1	0.1	-8.47173396141572e-05	0.0935695509516517	-0.192197922883336	0.172638554567935	0.364836477451271	0	0	1	0.2	-0.120714513379877	0.2667381691872	-0.700252529755757	0.391492400278309	1.09174493003407	0	0	2	0.1	-0.0655490018917438	0.19921820910073	-0.515308942877771	0.338923154775523	0.854232097653293	0	0	2	0.2	-0.20283248038098	0.440879345536895	-1.1640931398399	0.671441280238745	1.83553442007864	0	0	3	0.1	-0.0517349813058715	0.272850940934588	-0.614929577996499	0.492745547207888	1.10767512520439	0	0	3	0.2	-0.159305800529196	0.54419822435216	-1.31343252902327	0.880682204798178	2.19411473382145
758	0	0	0	0.1	0.176816081286933	0.0462375240334355	0.0900113912410248	0.271780537908388	0.181769146667363	0	0	0	0.2	0.309821145824019	0.0820007557780944	0.15726507086173	0.482466043138271	0.325200972276541	0	0	1	0.1	0.189193918203355	0.0527082925235283	0.0913681012221086	0.298797731483856	0.207429630261748	0	0	1	0.2	0.379655694535771	0.112708763503046	0.173774846845431	0.612835623097057	0.439060776251627	0	0	2	0.1	0.301159580037114	0.0890525177889856	0.150395992629781	0.491912385995625	0.341516393365845	0	0	2	0.2	0.643932135684023	0.189805015214942	0.324587199114147	1.0319040496948	0.707316850580649	0	0	3	0.1	0.50597602553577	0.149058577403625	0.257417766262493	0.824937823362163	0.56752005709967	0	0	3	0.2	1.03081144195765	0.288049081553257	0.541353509225481	1.62298655112384	1.08163304189836
693	0	0	0	0.1	-0.0935066882338361	0.133253186327034	-0.410246441218179	0.100387164337783	0.510633605555962	0	0	0	0.2	-0.386049079695969	0.393251487700198	-1.36712746913179	0.183708177519396	1.55083564665119	0	0	1	0.1	-0.121607844827202	0.246000529486476	-0.757972244787389	0.304832974979483	1.06280521976687	0	0	1	0.2	0.202481537535587	0.598239170963148	-0.95905921966985	1.50957794168144	2.46863716135129	0	0	2	0.1	0.698722669126804	0.390351225370378	0.0733258608643243	1.55216657119511	1.47884071033079	0	0	2	0.2	1.76159325391799	0.723187319756639	0.571489921153011	3.33708662028489	2.76559669913188	0	0	3	0.1	1.49116989568512	0.518986158338031	0.655505542661733	2.62058962630967	1.96508408364794	0	0	3	0.2	2.64075329317293	0.824976888146183	1.28568199388957	4.53393607015591	3.24825407626634
691	0	0	0	0.1	0.0798925585054068	0.074450995171794	-0.0647067536793689	0.233523595058344	0.298230348737712	0	0	0	0.2	0.129288286105514	0.181486791484969	-0.204667962285943	0.493279303227155	0.697947265513097	0	0	1	0.1	0.182537728446201	0.135719960310397	-0.0876732493530916	0.473425870319869	0.561099119672961	0	0	1	0.2	0.557438462360052	0.34947477114997	-0.0528170261112411	1.29604789359153	1.34886491970278	0	0	2	0.1	0.603625217450963	0.260316658883112	0.198617933516717	1.16618732668153	0.967569393164814	0	0	2	0.2	1.43730144328316	0.599418080743812	0.531381668222039	2.74828933176385	2.21690766354181	0	0	3	0.1	1.02437856441131	0.427598890194755	0.429576883343524	2.03777622024969	1.60819933690616	0	0	3	0.2	2.13721968585143	0.81539293995757	0.896465708563633	3.90302262633342	3.00655691776978
727	0	0	0	0.1	0.153561652303374	0.122908598954095	-0.0584784171686961	0.425069491994697	0.483547909163393	0	0	0	0.2	0.771664012226309	0.430624220711008	0.148356114056975	1.83987960755849	1.69152349350152	0	0	1	0.1	0.892375494214053	0.380110446228986	0.347384641030432	1.84656844612276	1.49918380509233	0	0	1	0.2	2.42232857707398	0.800147433049973	0.9780068306914	4.08852545897775	3.11051862828635	0	0	2	0.1	1.12851098539897	0.406437038334369	0.361442052287274	1.90220656041104	1.54076450812377	0	0	2	0.2	2.09227488175942	0.882209679853848	0.252156833873612	3.64618772451097	3.39403089063735	0	0	3	0.1	0.800452225694535	0.465165578073959	-0.139460194520752	1.69270904582486	1.83216924034561	0	0	3	0.2	1.25329718265603	0.97423321280802	-0.789837544161516	3.17482144831133	3.96465899247284
718	0	0	0	0.1	0.135630572163909	0.0562500613739082	0.0312089214534957	0.25018497054136	0.218976049087864	0	0	0	0.2	0.384023619803891	0.161685308760956	0.0913322803902898	0.746876154409827	0.655543874019537	0	0	1	0.1	0.428423246518509	0.145273089403536	0.167020697348384	0.726916389168023	0.559895691819639	0	0	1	0.2	0.817042996455337	0.2440780446866	0.380359847611993	1.34509768959172	0.964737841979728	0	0	2	0.1	0.693394403355494	0.193753880572386	0.341780378101771	1.12393990463983	0.782159526538063	0	0	2	0.2	1.13896419473758	0.303059854558231	0.591961086558623	1.78091554602956	1.18895445947094	0	0	3	0.1	0.82007012279418	0.230058887386193	0.429932724334351	1.31720407596127	0.887271351626921	0	0	3	0.2	1.36253396283721	0.368437019064941	0.718628357319779	2.12607195396625	1.40744359664647
680	0	0	0	0.1	0.103399694610587	0.0684283265578904	-0.0239852985113172	0.258107022595146	0.282092321106463	0	0	0	0.2	0.256506372705176	0.192943582212628	-0.063712780834432	0.714374404727273	0.778087185561705	0	0	1	0.1	0.403690642268695	0.198919688701949	0.0965189945200114	0.862926281152629	0.766407286632618	0	0	1	0.2	1.19969372236153	0.491068031262698	0.385831456398797	2.26799399604231	1.88216253964351	0	0	2	0.1	1.0692024947124	0.398298894486037	0.41112573418904	1.9549230695271	1.54379733533806	0	0	2	0.2	1.98847923042903	0.623145740652208	0.88810861297926	3.35220114199514	2.46409252901588	0	0	3	0.1	1.44498607361983	0.496194112449506	0.609711684496092	2.55421796916875	1.94450628467266	0	0	3	0.2	2.49184773789977	0.749105405656754	1.11007040005935	4.02651556571802	2.91644516565866
635	0	0	0	0.1	0.18367852639631	0.0976420394040059	0.0273187966507019	0.416055307089661	0.38873651043896	0	0	0	0.2	0.375995489062221	0.202417854299598	0.0386753120071236	0.836663885406374	0.797988573399251	0	0	1	0.1	0.173925968060542	0.12328375902964	-0.0554798275016807	0.438132371974526	0.493612199476207	0	0	1	0.2	0.464150436464312	0.367334018632001	-0.199138871130055	1.29700587823237	1.49614474936242	0	0	2	0.1	0.321169008179601	0.23738554777802	-0.131550742074482	0.828021557096729	0.95957229917121	0	0	2	0.2	0.929231186276775	0.620021479073843	-0.165610062481035	2.22348670501568	2.38909676749671	0	0	3	0.1	0.651548049826196	0.382665365003633	-0.00483294049811289	1.47792730363689	1.482760244135	0	0	3	0.2	1.49072958210433	0.802481567504923	0.162570358730792	3.25396291279585	3.09139255406506
640	0	0	0	0.1	0.230868499065503	0.0951229855448517	0.0532484516090951	0.423036619026268	0.369788167417173	0	0	0	0.2	0.585832660291773	0.282081923154982	0.0828564332195277	1.20969178245927	1.12683534923974	0	0	1	0.1	0.398060504725316	0.165096790084666	0.11083916501339	0.781823163131576	0.670983998118186	0	0	1	0.2	1.06023082540552	0.408204104418776	0.34070770512113	2.02181046356432	1.68110275844319	0	0	2	0.1	0.884322883402133	0.267606193554577	0.43796514714872	1.5069730807213	1.06900793357258	0	0	2	0.2	1.71049216403023	0.475650328472029	0.911677466173006	2.7448187882686	1.83314132209559	0	0	3	0.1	1.19396602878812	0.354562493722979	0.642375180586791	2.0353294419999	1.39295426141311	0	0	3	0.2	2.08967776047643	0.577951646728229	1.19826715917316	3.39385891034308	2.19559175116991
642	0	0	0	0.1	-0.0374382437858314	0.106319129942949	-0.262796189764529	0.145787252241538	0.408583442006067	0	0	0	0.2	0.0404404507388139	0.259625429904894	-0.464067120211058	0.568932799795711	1.03299992000677	0	0	1	0.1	0.308283087953852	0.181028529414071	-0.0340267071078616	0.6864685165033	0.720495223611162	0	0	1	0.2	1.01950180634144	0.421084222778839	0.244541122466592	1.85047846579514	1.60593734332854	0	0	2	0.1	0.873223791852588	0.281173116701744	0.409269441007335	1.4730812312281	1.06381179022076	0	0	2	0.2	1.7090695624822	0.46130138867329	0.873763003674581	2.65360836230516	1.77984535863058	0	0	3	0.1	1.17616878332415	0.327443893725335	0.612868137979676	1.9186376425061	1.30576950452642	0	0	3	0.2	2.10107694084103	0.515045552075923	1.1581102565677	3.13737579301001	1.97926553644231
678	0	0	0	0.1	0.154913027508783	0.0794358549722286	0.0166111318262901	0.318130608377054	0.301519476550764	0	0	0	0.2	0.371568829179834	0.201887763150054	0.030708496761067	0.814559432260162	0.783850935499095	0	0	1	0.1	0.207813871441593	0.13591563319932	-0.0534929790891116	0.476119540661977	0.529612519751089	0	0	1	0.2	0.530422405462599	0.383669801274695	-0.144721300253178	1.32982621698105	1.47454751723422	0	0	2	0.1	0.41703207263053	0.25357045078001	-0.0443988981481053	0.973841677765532	1.01824057591364	0	0	2	0.2	0.953088852757746	0.600790506785026	-0.120213964043227	2.25982962502978	2.38004358907301	0	0	3	0.1	0.697045600526787	0.390899754665239	-5.81825781469558e-05	1.56118556403851	1.56124374661666	0	0	3	0.2	1.38596965748544	0.786882117414022	-0.02943101496422	3.05873820635072	3.08816922131494
748	0	0	0	0.1	0.0751504655604624	0.0659600510713476	-0.0541604794919767	0.197808265800316	0.251968745292293	0	0	0	0.2	0.131793938504655	0.179606462555961	-0.242694248453635	0.454509734360198	0.697203982813833	0	0	1	0.1	0.031635191387822	0.209701609207024	-0.430224627598688	0.413338389130376	0.843563016729065	0	0	1	0.2	0.296604805640456	0.589430289258912	-0.821797666668348	1.72859549613926	2.55039316280761	0	0	2	0.1	0.441462945252316	0.38589720325123	-0.254653773093246	1.39673503363538	1.65138880672862	0	0	2	0.2	1.1221324345241	0.758794915808895	-0.169764587570933	2.85474001013188	3.02450459770281	0	0	3	0.1	0.826965908457289	0.491046669316084	0.0329715084323223	1.97753885181047	1.94456734337815	0	0	3	0.2	1.6130926907503	0.851918321071245	0.134785140632796	3.51297537823018	3.37819023759738
770	0	0	0	0.1	0.211200065761707	0.101449538532948	0.030552938111026	0.421485942190953	0.390933004079927	0	0	0	0.2	0.665403040462931	0.385100177783374	0.0608106963572548	1.6896723887895	1.62886169243225	0	0	1	0.1	0.592141834357528	0.333804125446736	0.0824830566515814	1.38741635260993	1.30493329595835	0	0	1	0.2	1.59884090955855	0.672042749829012	0.445645129577618	3.02759695051129	2.58195182093368	0	0	2	0.1	1.18044462338301	0.457815136896604	0.457771452276778	2.19692499271698	1.7391535404402	0	0	2	0.2	2.14595521471169	0.719550567032528	0.941944387868307	3.64746276962038	2.70551838175207	0	0	3	0.1	1.40773770294129	0.514117712496049	0.572097769204776	2.61283557518639	2.04073780598161	0	0	3	0.2	2.40076804610011	0.79218276185289	1.0778925784313	4.06089046352631	2.98299788509501
684	0	0	0	0.1	0.045289374718508	0.0783289534292527	-0.121326693452279	0.198884803123553	0.320211496575832	0	0	0	0.2	-0.0226634028597023	0.190932611030917	-0.466721665398889	0.319243499357154	0.785965164756043	0	0	1	0.1	-0.0766620564095054	0.181518439971738	-0.494793091644256	0.203177474725862	0.697970566370118	0	0	1	0.2	-0.181353274599343	0.391178261845161	-1.04598059653744	0.492634303317877	1.53861489985532	0	0	2	0.1	0.0873997576001595	0.240296012315794	-0.389600759449229	0.602783100839185	0.992383860288413	0	0	2	0.2	0.250020651389212	0.483248270784132	-0.688096926108875	1.36281520675516	2.05091213286404	0	0	3	0.1	0.33501249374342	0.317256283453161	-0.212075505932076	1.17046693503219	1.38254244096427	0	0	3	0.2	0.677992214804786	0.577774172844645	-0.344623640311068	2.09087624837696	2.43549988868803
633	0	0	0	0.1	0.0470405872701872	0.0785921458143738	-0.0966655217041466	0.20076370576936	0.297429227473507	0	0	0	0.2	0.0972785573506083	0.147609526503741	-0.195869434848813	0.395375481374098	0.591244916222911	0	0	1	0.1	0.141624325864276	0.0876061188708088	-0.0284504828133783	0.316415886380867	0.344866369194246	0	0	1	0.2	0.327531823343942	0.189806087717916	-0.0471205236489409	0.719070865014127	0.766191388663068	0	0	2	0.1	0.33799723662446	0.131164436741168	0.0845084331521439	0.601725116921901	0.517216683769757	0	0	2	0.2	0.727333425133155	0.280316887140936	0.179524406247021	1.30676097780716	1.12723657156014	0	0	3	0.1	0.515325574646794	0.191759369259077	0.167506456855313	0.931072427110279	0.763565970254966	0	0	3	0.2	1.01397924304743	0.374081180925049	0.320800729571388	1.82585019959602	1.50504947002463
731	0	0	0	0.1	0.291351835340969	0.120311733805855	0.0859019134559011	0.568020727857231	0.48211881440133	0	0	0	0.2	0.552755921862673	0.259759337918615	0.132766315387907	1.11365604928108	0.980889733893168	0	0	1	0.1	0.155951793683604	0.168724801730442	-0.234538834855517	0.408332177627287	0.642871012482805	0	0	1	0.2	0.333659843177976	0.398745907677249	-0.575092043118893	0.957814845952481	1.53290688907137	0	0	2	0.1	0.30837107234128	0.261181708182624	-0.187896831332031	0.769788427338539	0.95768525867057	0	0	2	0.2	0.730124126292399	0.595369372518865	-0.375442861023835	1.79908502185256	2.17452788287639	0	0	3	0.1	0.489588593436696	0.335995278844058	-0.121885123799735	1.15078445889462	1.27266958269436	0	0	3	0.2	1.01191479605931	0.704859034920216	-0.318288909425153	2.41358955469473	2.73187846411988
638	0	0	0	0.1	0.147020970446608	0.0698591897391475	0.0105123480718561	0.287154680017016	0.27664233194516	0	0	0	0.2	0.285186083383978	0.134575895947931	0.0280674360238932	0.561994869798231	0.533927433774338	0	0	1	0.1	0.165910441829416	0.0936691178498943	-0.00336837459295062	0.362788910150705	0.366157284743656	0	0	1	0.2	0.339747864157494	0.231849123634653	-0.0530769929380526	0.855066939031612	0.908143931969665	0	0	2	0.1	0.262679036817727	0.178482884771686	-0.0218328346337266	0.71475708926556	0.736589923899286	0	0	2	0.2	0.530268686466232	0.366136128121693	-0.0619490490331697	1.45497196900638	1.51692101803955	0	0	3	0.1	0.387361266196787	0.232874853954239	0.008512500408071	0.95509614858495	0.946583648176879	0	0	3	0.2	0.757889464806845	0.424669522186808	0.0644288888404904	1.75498111919515	1.69055223035466
660	0	0	0	0.1	0.0675865009206184	0.0877465093696151	-0.105133162866055	0.24259952573777	0.347732688603825	0	0	0	0.2	0.0317151541829753	0.195492717606418	-0.362121925737697	0.398644480790389	0.760766406528085	0	0	1	0.1	-0.00785368329746681	0.116147068091817	-0.245620378416464	0.197783725823847	0.443404104240311	0	0	1	0.2	0.105751814087531	0.255198028191904	-0.405722164598452	0.620221442147366	1.02594360674582	0	0	2	0.1	0.321370818375061	0.155001178391176	0.0479319811121994	0.655690784034729	0.60775880292253	0	0	2	0.2	0.97980439683558	0.38725855982701	0.330893145031537	1.80791910451881	1.47702595948727	0	0	3	0.1	0.777251600252414	0.254233895306533	0.32643477764832	1.33009627480477	1.00366149715645	0	0	3	0.2	1.80689285057782	0.552760243411219	0.79294976448554	2.95725869942711	2.16430893494157
721	0	0	0	0.1	0.175420085598546	0.0639572447838703	0.056834626384331	0.307510527364792	0.250675900980461	0	0	0	0.2	0.42977846864576	0.174135728957162	0.165283244524086	0.83275718892646	0.667473944402373	0	0	1	0.1	0.361889637718613	0.144472560401612	0.141926718543844	0.7010868874216	0.559160168877756	0	0	1	0.2	0.926572807641348	0.415890818097827	0.362961207539887	1.98044663784006	1.61748543030017	0	0	2	0.1	0.704370487741736	0.268080434752645	0.330160659658818	1.41852726758032	1.0883666079215	0	0	2	0.2	1.5712678804085	0.591803877307307	0.725917907461212	3.03191068345566	2.30599277599445	0	0	3	0.1	1.00915097351684	0.379204483564179	0.449817410817028	1.93524603287191	1.48542862205489	0	0	3	0.2	2.02684209128453	0.718723404966431	0.908570523737207	3.72757637769392	2.81900585395671
634	0	0	0	0.1	0.14005913451664	0.0768257399689571	-0.00282127945839582	0.299830938277376	0.302652217735772	0	0	0	0.2	0.412310760402919	0.231655216007812	-0.0216804387833176	0.893023136833076	0.914703575616394	0	0	1	0.1	0.331009884216631	0.213302179836264	-0.071794893946246	0.798538462878637	0.870333356824883	0	0	1	0.2	0.682429432550728	0.519058056276391	-0.314269160326074	1.72021337503377	2.03448253535985	0	0	2	0.1	0.494499728753144	0.429384623820426	-0.209751699267725	1.43162393670225	1.64137563596997	0	0	2	0.2	0.949719746915366	0.865539341721147	-0.480876615727516	2.76254385109925	3.24342046682677	0	0	3	0.1	0.663721073351204	0.613932483426127	-0.220463655665923	2.10000912168557	2.32047277735149	0	0	3	0.2	1.32168951201584	1.128510590607	-0.411045158401124	3.94441728481995	4.35546244322107
681	0	0	0	0.1	0.15773256109064	0.0960512763229833	-0.0242789505392813	0.351996198030603	0.376275148569885	0	0	0	0.2	0.378014823805362	0.240641070976519	-0.0793553092640201	0.887034475186778	0.966389784450798	0	0	1	0.1	0.224679095404457	0.150438590997326	-0.0785129049736806	0.527906257407175	0.606419162380856	0	0	1	0.2	0.495009439811212	0.318456917198491	-0.16220145149397	1.14817723890001	1.31037869039398	0	0	2	0.1	0.377291923148387	0.206479352496912	-0.0140165536852662	0.815145124238631	0.829161677923897	0	0	2	0.2	0.765989188606864	0.407316429703857	-0.00106017262589274	1.57793854325019	1.57899871587609	0	0	3	0.1	0.53579288419901	0.267043311773867	0.0287370086061183	1.06327261526862	1.0345356066625	0	0	3	0.2	1.03622660353474	0.50526438761099	0.0667602076655766	2.08380763952189	2.01704743185631
756	0	0	0	0.1	0.161486448248038	0.090957067081297	-0.0120191749618938	0.350020771766223	0.362039946728117	0	0	0	0.2	0.397139819691542	0.223864940050592	-0.0116834655768226	0.858430750059221	0.870114215636044	0	0	1	0.1	0.304336498616181	0.188969580108523	-0.0169919682978729	0.700345764346429	0.717337732644302	0	0	1	0.2	0.628609051586827	0.395451523921365	-0.0829470999560728	1.47350814084213	1.5564552407982	0	0	2	0.1	0.396169555381294	0.26927981657099	-0.0998383197993748	0.939818716838097	1.03965703663747	0	0	2	0.2	0.767818417906594	0.518380005059352	-0.240261642868844	1.71108833970277	1.95134998257162	0	0	3	0.1	0.510169672399945	0.366214538928174	-0.140990480339521	1.19492974536504	1.33592022570456	0	0	3	0.2	0.958831452765376	0.676795381959304	-0.294320882853503	2.18616093533696	2.48048181819046
679	0	0	0	0.1	0.222482208176309	0.0923849960698423	0.0490134601821726	0.409066552268926	0.360053092086754	0	0	0	0.2	0.381720381417278	0.174304187148996	0.0501936409328281	0.750526293097739	0.700332652164911	0	0	1	0.1	0.189108733339709	0.100265593918393	-0.00239836765371404	0.398490337216882	0.400888704870596	0	0	1	0.2	0.446793867136919	0.218473142106133	0.0266741736620404	0.888183101973255	0.861508928311215	0	0	2	0.1	0.46086267107198	0.153332286692411	0.189057052818175	0.783321096169079	0.594264043350904	0	0	2	0.2	0.969967644848886	0.294181437755421	0.442304745318868	1.57274773896888	1.13044299365001	0	0	3	0.1	0.681906151239922	0.197074786559669	0.349762974088311	1.10888114368356	0.759118169595251	0	0	3	0.2	1.33631268922366	0.350164335326758	0.726309985862589	2.0878843327301	1.36157434686751
639	0	0	0	0.1	0.132354564601243	0.132668780860792	-0.127220384562515	0.398553847013341	0.525774231575855	0	0	0	0.2	0.231887507925483	0.250554068656438	-0.248399028783343	0.732227547518289	0.980626576301632	0	0	1	0.1	0.172016526503584	0.139161050057274	-0.0938914957298586	0.465289250559299	0.559180746289158	0	0	1	0.2	0.465531453860646	0.265316353962694	-0.027232051811403	1.03432296754212	1.06155501935352	0	0	2	0.1	0.475396086029839	0.164936270954945	0.203276468385271	0.839363643485734	0.636087175100463	0	0	2	0.2	0.965426604547826	0.308519269560954	0.436324329070342	1.61235009633152	1.17602576726118	0	0	3	0.1	0.682593981314248	0.206762836817789	0.348439563346842	1.15702983877682	0.808590275429977	0	0	3	0.2	1.30570493226589	0.3767714156405	0.684781780892228	2.15294834056796	1.46816655967573
700	0	0	0	0.1	0.0831560940864336	0.0773508472160213	-0.062095665460512	0.23652309213691	0.298618757597422	0	0	0	0.2	0.289055743055479	0.213395978875604	-0.0857174817209823	0.756455102757287	0.842172584478269	0	0	1	0.1	0.426010282875158	0.165961163794516	0.139597116322203	0.786673874036504	0.647076757714301	0	0	1	0.2	1.21120614038572	0.454051145503197	0.438582122500531	2.13116178699199	1.69257966449146	0	0	2	0.1	0.964161414108599	0.351698324046762	0.352038052121604	1.70877213855299	1.35673408643138	0	0	2	0.2	1.91966431909034	0.690130925730097	0.686592898994704	3.41956685074122	2.73297395174652	0	0	3	0.1	1.26956372005896	0.504604386524964	0.359103132145562	2.33877676996101	1.97967363781545	0	0	3	0.2	2.31738801843264	0.874150377233278	0.742809901154415	4.14207774234411	3.3992678411897
682	0	0	0	0.1	0.0030492328751424	0.0615073308525164	-0.127407794882381	0.114349170813156	0.241756965695537	0	0	0	0.2	-8.54090992922997e-05	0.135413687941862	-0.27175591780963	0.243948143221911	0.51570406103154	0	0	1	0.1	0.073974250456413	0.096267122149356	-0.106790127616272	0.265935288638849	0.372725416255122	0	0	1	0.2	0.246250398885288	0.246597265552374	-0.188359199637105	0.805884302871915	0.99424350250902	0	0	2	0.1	0.351194143971215	0.176568945164892	0.0742109516322168	0.757846573027466	0.683635621395249	0	0	2	0.2	0.851832340780296	0.40159776877227	0.221523082166226	1.83687813691618	1.61535505474996	0	0	3	0.1	0.643669209245673	0.263815942816394	0.214737737547416	1.29615229471952	1.08141455717211	0	0	3	0.2	1.34575973522731	0.523728901713197	0.488181708807439	2.61485832828945	2.12667661948201
757	0	0	0	0.1	0.0218574209668686	0.0813886895945489	-0.136396381419501	0.192143665345487	0.328540046764988	0	0	0	0.2	0.100661093769428	0.207105996420841	-0.2836243348863	0.569655084509158	0.853279419395458	0	0	1	0.1	0.244170330225365	0.210490088556116	-0.0747507490349145	0.807235012203812	0.881985761238726	0	0	1	0.2	0.785297303320624	0.601081536274293	-0.0707591485302001	2.30022779062404	2.37098693915424	0	0	2	0.1	0.750771133345197	0.411616220963525	0.202945765984828	1.77994706140298	1.57700129541815	0	0	2	0.2	1.5801867114745	0.742278122657179	0.501224371799527	3.31327806813037	2.81205369633085	0	0	3	0.1	1.13869359938743	0.534999925789419	0.365542948008032	2.45019823352133	2.0846552855133	0	0	3	0.2	2.05230631568038	0.867332186616087	0.694695351354202	4.21371795382356	3.51902260246936
728	0	0	0	0.1	0.0977481469605019	0.081213141600052	-0.059433730736576	0.264586066869284	0.32401979760586	0	0	0	0.2	0.247042072217636	0.198160620051282	-0.133031648544687	0.664241620511267	0.797273269055954	0	0	1	0.1	0.293273565907777	0.161469368005218	0.0134878454927134	0.645175307170311	0.631687461677597	0	0	1	0.2	0.721346815414811	0.408575048464602	0.0569792062575021	1.64622996075196	1.58925075449445	0	0	2	0.1	0.608885026921869	0.252067086572526	0.193378606321746	1.17331020348658	0.979931597164836	0	0	2	0.2	1.31307394191991	0.528997351493878	0.438042256937533	2.50729106187548	2.06924880493795	0	0	3	0.1	0.9146141135241	0.338306515571439	0.359412442048368	1.68376976512109	1.32435732307272	0	0	3	0.2	1.793536881373	0.64864078731346	0.710898102845872	3.23722139512629	2.52632329228042
720	0	0	0	0.1	-0.0363047262257224	0.152663957748675	-0.385453208450754	0.224291986216984	0.609745194667738	0	0	0	0.2	-0.169217301223031	0.359902489723302	-0.915981522857763	0.469193369867631	1.38517489272539	0	0	1	0.1	-0.114818520464834	0.212694874004786	-0.561855321412046	0.258962160594603	0.820817482006648	0	0	1	0.2	0.203322452714884	0.467595553656216	-0.719456975199128	1.18165684078905	1.90111381598818	0	0	2	0.1	0.431813585093248	0.280097694743222	-0.08488273636874	1.00415021453031	1.08903295089905	0	0	2	0.2	1.16239837964559	0.547161010273469	0.139024592070476	2.23257088989508	2.0935462978246	0	0	3	0.1	0.911284677807774	0.373660997593755	0.247445186386068	1.69160961546326	1.44416442907719	0	0	3	0.2	1.73581799302469	0.620332438894651	0.584988066100736	2.93070511967445	2.34571705357372
719	0	0	0	0.1	0.204052956028102	0.0919803965125521	0.0402819231723182	0.416006089136524	0.375724165964206	0	0	0	0.2	0.299441766612458	0.202842239870506	-0.0691994773855367	0.755522705594532	0.824722182980069	0	0	1	0.1	0.0884446220891326	0.134757198808308	-0.194364164192982	0.347954803679305	0.542318967872287	0	0	1	0.2	0.202809761872837	0.299571589351122	-0.384617468075227	0.805285176615878	1.1899026446911	0	0	2	0.1	0.323159960480403	0.226839506960687	-0.0624564011120335	0.835653122735896	0.89810952384793	0	0	2	0.2	0.692547856678999	0.481537274548525	-0.131812884521396	1.79681233524702	1.92862521976841	0	0	3	0.1	0.553617123059117	0.373851969480137	-0.0106575321719272	1.45488805146175	1.46554558363368	0	0	3	0.2	1.05415247431175	0.73274926992148	-0.10685513502952	2.69919629097005	2.80605142599957
732	0	0	0	0.1	0.101577119854298	0.110286353782451	-0.120192214919126	0.318112822007117	0.438305036926243	0	0	0	0.2	0.19511231356394	0.302171476403887	-0.38123573131607	0.802179435516275	1.18341516683235	0	0	1	0.1	0.181490449562506	0.163461230701992	-0.127528679373906	0.503871630858843	0.63140031023275	0	0	1	0.2	0.494649991774102	0.295433190103091	-0.078653074490429	1.06292681999671	1.14157989448714	0	0	2	0.1	0.495727360452644	0.188745190469371	0.148289374267067	0.898337580573348	0.750048206306281	0	0	2	0.2	0.875768994474075	0.316471675548697	0.253168789118088	1.50316882284232	1.25000003372423	0	0	3	0.1	0.610828310351921	0.226946254762659	0.190514303330656	1.10181427696591	0.911299973635254	0	0	3	0.2	1.06021587171	0.388827707530718	0.344100798423227	1.87987661992568	1.53577582150245
659	0	0	0	0.1	0.142190193443477	0.08243102906473	-0.00372786404681882	0.310140858759971	0.31386872280679	0	0	0	0.2	0.381744400584344	0.224419289985834	-0.0153682559498707	0.896917649669313	0.912285905619184	0	0	1	0.1	0.40617939941956	0.184226366155395	0.0919510732524081	0.834251056134966	0.742299982882558	0	0	1	0.2	1.12417566085851	0.4831628914131	0.334853677570285	2.15831530515307	1.82346162758278	0	0	2	0.1	0.962152736842423	0.365256604943902	0.374221759159698	1.81570078970338	1.44147903054368	0	0	2	0.2	2.05795373743076	0.693145898576407	0.815290934043299	3.5193385795476	2.7040476455043	0	0	3	0.1	1.48558790233211	0.538869935793028	0.573685362518229	2.69251992057549	2.11883455805726	0	0	3	0.2	2.78668862775946	0.902295833654982	1.18907668550908	4.63298237723183	3.44390569172275
715	0	0	0	0.1	0.0251252991464673	0.0701407260875616	-0.119468960859927	0.154422090397102	0.273891051257029	0	0	0	0.2	0.037504685130208	0.132562612397915	-0.242050899934967	0.27935926190823	0.521410161843197	0	0	1	0.1	0.00210292671593228	0.0822654742917408	-0.164245630515041	0.163200397867619	0.32744602838266	0	0	1	0.2	-0.0430327583130323	0.216609901501835	-0.4845897153088	0.34252349665987	0.82711321196867	0	0	2	0.1	0.0633067966720942	0.166337880908111	-0.244482212198183	0.42284151318175	0.667323725379933	0	0	2	0.2	0.131140537215818	0.345842586740458	-0.523112262063768	0.835340037573318	1.35845229963709	0	0	3	0.1	0.182126530069271	0.279888766794182	-0.303208819763829	0.763635236181482	1.06684405594531	0	0	3	0.2	0.307387157312613	0.529256636123445	-0.642499541642022	1.37960667546715	2.02210621710917
737	0	0	0	0.1	0.0173162102827656	0.0839380348005963	-0.153480379541094	0.179032600290132	0.332512979831226	0	0	0	0.2	0.0982384320745501	0.205160886430172	-0.3060821061416	0.528753166079649	0.83483527222125	0	0	1	0.1	0.242160830113376	0.14449911048879	-0.00771304625859094	0.57691663206597	0.58462967832456	0	0	1	0.2	0.840961305989342	0.408141464601082	0.210004935412649	1.73434415041045	1.5243392149978	0	0	2	0.1	0.784401085747226	0.297992678431238	0.335253420495573	1.40269415212533	1.06744073162975	0	0	2	0.2	1.6167542035655	0.554998031761534	0.713923994226966	2.81983566199594	2.10591166776898	0	0	3	0.1	1.07152615996109	0.386035837748122	0.466887797078104	1.91058397210557	1.44369617502746	0	0	3	0.2	1.99170164542469	0.672005253016744	0.930543387978831	3.45916833266657	2.52862494468774
736	0	0	0	0.1	0.146308130181961	0.0588314212087014	0.0433952917011883	0.274228926159485	0.230833634458296	0	0	0	0.2	0.423425508775246	0.155278121756165	0.180786745848026	0.793017980181967	0.612231234333941	0	0	1	0.1	0.55128591286267	0.162248192996865	0.285877414658642	0.905040348134212	0.61916293347557	0	0	1	0.2	1.17926003274379	0.332909426956714	0.583727434847612	1.89003176547645	1.30630433062884	0	0	2	0.1	0.623800628560385	0.243164197294425	0.202392998603226	1.16372535043206	0.961332351828833	0	0	2	0.2	1.20417015288322	0.483718133250765	0.331784176758473	2.26832081437096	1.93653663761249	0	0	3	0.1	0.651224836386581	0.342925888111653	0.0754840506636661	1.41389613559649	1.33841208493282	0	0	3	0.2	1.2451922753462	0.654394427450699	0.0910535638200043	2.71678562170921	2.62573205788921
701	0	0	0	0.1	0.217310624955034	0.0689916922751427	0.104033711837069	0.373452309134146	0.269418597297077	0	0	0	0.2	0.657592400851997	0.267322095148984	0.275135194060575	1.29360188275622	1.01846668869564	0	0	1	0.1	0.514683707058336	0.218359904126577	0.168503022467325	1.01711340639058	0.84861038392325	0	0	1	0.2	1.11365744767384	0.52994332550875	0.269272118103523	2.39945486114903	2.1301827430455	0	0	2	0.1	0.701643292210401	0.357793777693735	0.189123783344391	1.58826846204905	1.39914467870466	0	0	2	0.2	1.24404996337998	0.621358109242892	0.309687784919172	2.7101614882523	2.40047370333313	0	0	3	0.1	0.825848212409511	0.410202219169214	0.219524807971556	1.82684095148971	1.60731614351815	0	0	3	0.2	1.40197488508543	0.656042931683887	0.387779541324911	3.06644430744587	2.67866476612096
702	0	0	0	0.1	0.1325981723374	0.129063927605451	-0.124967078691999	0.390070433850671	0.51503751254267	0	0	0	0.2	0.389934796139637	0.39071185793754	-0.290133288378844	1.33740297553376	1.6275362639126	0	0	1	0.1	0.288899340552932	0.21952256492762	-0.0611324331873624	0.846193024523965	0.907325457711328	0	0	1	0.2	0.779371893289145	0.487526884032552	0.00683952145325664	1.98956903364274	1.98272951218949	0	0	2	0.1	0.64686666307123	0.33058911958728	0.174882317541566	1.48157564805473	1.30669333051317	0	0	2	0.2	1.22314327955837	0.563175983332456	0.346492850173733	2.54138982063166	2.19489697045792	0	0	3	0.1	0.876115973395362	0.445070981867266	0.224267721361754	1.97028948495145	1.74602176358969	0	0	3	0.2	1.53233511762822	0.698976149979865	0.42352649749067	3.1709079493179	2.74738145182723
771	0	0	0	0.1	0.0815215875353797	0.0715195091333085	-0.042143115803854	0.245811807936415	0.287954923740269	0	0	0	0.2	0.392035111237218	0.240690008131419	-0.000663189325897431	0.930362647488203	0.931025836814101	0	0	1	0.1	0.656120909430487	0.342335850535314	0.196586870661592	1.48640228704202	1.28981541638043	0	0	1	0.2	2.03715081279381	0.939526469926741	0.578849999455435	4.00039154982189	3.42154155036646	0	0	2	0.1	1.27702285804978	0.718579223066537	0.199830889918188	2.92466611242166	2.72483522250347	0	0	2	0.2	2.4503621883614	1.24141848499106	0.411885760014493	5.12381954617053	4.71193378615603	0	0	3	0.1	1.54107451531764	0.888415485513278	0.168072618963927	3.49946131138336	3.33138869241943	0	0	3	0.2	2.61170948578723	1.44005083354818	0.113805303358164	5.8647632176997	5.75095791434154
759	0	0	0	0.1	0.291251153132631	0.104284632887479	0.112829095857222	0.514979050204012	0.40214995434679	0	0	0	0.2	0.629192759464108	0.291138300173336	0.141626397162541	1.25026850092394	1.1086421037614	0	0	1	0.1	0.0925561884680752	0.201341299320755	-0.282051088213751	0.529235634536691	0.811286722750442	0	0	1	0.2	0.388580674315084	0.387905329153397	-0.265873098209861	1.22714676494791	1.49301986315777	0	0	2	0.1	0.401850749754491	0.213170167375753	0.037137773520157	0.884264651168783	0.847126877648626	0	0	2	0.2	0.842124530261236	0.377940105876769	0.17175550957031	1.70317458205047	1.53141907248016	0	0	3	0.1	0.564643389028869	0.223040834259924	0.18850556014356	1.08946814346989	0.900962583326333	0	0	3	0.2	1.06088927290814	0.392550692371269	0.384961173555675	1.95314186358794	1.56818069003226
730	0	0	0	0.1	0.160526679189417	0.0597495399378405	0.0300481686376672	0.272961771466005	0.242913602828338	0	0	0	0.2	0.331732912323794	0.1693856837177	0.00665825776947829	0.678761736636255	0.672103478866776	0	0	1	0.1	0.13836964394513	0.135955753884293	-0.122479854272215	0.407920193692722	0.530400047964937	0	0	1	0.2	0.299760318483103	0.294201634091145	-0.281620522978817	0.865243443944231	1.14686396692305	0	0	2	0.1	0.264305657217455	0.194952168222339	-0.0832686759741523	0.667359231904168	0.75062790787832	0	0	2	0.2	0.49786048332778	0.348448930729963	-0.176045736003568	1.18892151703739	1.36496725304096	0	0	3	0.1	0.366970249263518	0.224166334528714	-0.0664114540390245	0.816645792186525	0.88305724622555	0	0	3	0.2	0.67433782472638	0.411819585540645	-0.111789157913728	1.49571392141406	1.60750307932779
781	0	0	0	0.1	0.000564578855694875	0.0870917762536899	-0.182408142077867	0.164732310366283	0.34714045244415	0	0	0	0.2	-0.00799415603535918	0.199135234839265	-0.453387984196544	0.365689596846172	0.819077581042716	0	0	1	0.1	0.0541110704446832	0.145241239028604	-0.227716683362103	0.346024260257635	0.573740943619738	0	0	1	0.2	0.30406360747199	0.457579616074701	-0.482607837911846	1.36461999033202	1.84722782824387	0	0	2	0.1	0.550811975270818	0.367644114590456	0.0292815593034849	1.52690886212233	1.49762730281885	0	0	2	0.2	1.50081247365514	0.789533449498083	0.259467279255552	3.27428345880342	3.01481617954787	0	0	3	0.1	1.14266260097191	0.562950770362212	0.299755561456882	2.42707398704563	2.12731842558875	0	0	3	0.2	2.2628148850388	0.937550872417111	0.690942144846766	4.31255912250911	3.62161697766234
722	0	0	0	0.1	0.224816789936393	0.063884577572545	0.115272930704138	0.368592600366146	0.253319669662008	0	0	0	0.2	0.482891694120718	0.150040692252941	0.23638206451022	0.82157736008518	0.58519529557496	0	0	1	0.1	0.240474565309626	0.0991608724095733	0.0681935001935004	0.443363135692888	0.375169635499388	0	0	1	0.2	0.577675388067	0.240894834988835	0.162392411453635	1.08993783233652	0.927545420882882	0	0	2	0.1	0.605694514606557	0.198009836537728	0.25344238443536	1.02933345380233	0.775891069366972	0	0	2	0.2	1.28205666494972	0.373003181998223	0.613503902361472	2.06960084597678	1.45609694361531	0	0	3	0.1	1.05516638700776	0.303120993015476	0.531905729131021	1.6866920068732	1.15478627774218	0	0	3	0.2	1.93238233846536	0.502950557177573	1.07288484659146	3.02778414760793	1.95489930101647
768	0	0	0	0.1	0.143129918315775	0.0781571395891426	-0.000709533987918312	0.308362760324007	0.309072294311925	0	0	0	0.2	0.357167924139359	0.188088379707486	0.0223216231356966	0.75251667728116	0.730195054145464	0	0	1	0.1	0.364933692862753	0.149692149633167	0.137092933659064	0.707132942987786	0.570040009328722	0	0	1	0.2	1.15020093246609	0.453424070089381	0.493455267235575	2.26020533313969	1.76675006590412	0	0	2	0.1	1.10484154993842	0.360782172909628	0.595413914153903	2.01222955002019	1.41681563586629	0	0	2	0.2	2.70660644910866	0.665932437039802	1.62847894454067	4.20783189352412	2.57935294898345	0	0	3	0.1	1.96120899094655	0.546937757640497	1.13776849012008	3.24905587489357	2.11128738477349	0	0	3	0.2	3.95549632102008	0.836915906726757	2.56228850758426	5.83847789378642	3.27618938620217
760	0	0	0	0.1	0.00169815264394599	0.087567086314968	-0.171601811722265	0.16575514190494	0.337356953627204	0	0	0	0.2	0.0439703290215738	0.189095560991436	-0.342461061991417	0.406115523520462	0.748576585511879	0	0	1	0.1	0.189317299135509	0.115364277904239	-0.0218359207904017	0.435391955104117	0.457227875894518	0	0	1	0.2	0.683590219395789	0.314937958195207	0.142066823185163	1.37963546669791	1.23756864351274	0	0	2	0.1	0.751532067417425	0.255163815253956	0.325671661776503	1.31768674330056	0.992015081524061	0	0	2	0.2	1.73444443412921	0.535210059412512	0.801875378258629	2.85152953268171	2.04965415442309	0	0	3	0.1	1.28050892480424	0.428133024117719	0.596784156199813	2.2301828049329	1.63339864873309	0	0	3	0.2	2.53808786091065	0.755203197432234	1.25145105745179	4.08386723202613	2.83241617457434
764	0	0	0	0.1	0.0975080045330368	0.103073285202473	-0.105889730384489	0.293729194128246	0.399618924512736	0	0	0	0.2	0.171947743249751	0.266662604452441	-0.34204495278018	0.663631983670919	1.0056769364511	0	0	1	0.1	0.155025446189226	0.150349059795728	-0.1451897723586	0.442594790103751	0.587784562462351	0	0	1	0.2	0.458171572310485	0.32831028108836	-0.146770378413151	1.13272341885081	1.27949379726396	0	0	2	0.1	0.515828710544471	0.222844066017671	0.155178307242463	1.01620980148289	0.861031494240424	0	0	2	0.2	1.107081339469	0.432718871217608	0.399893041205419	2.09740171946389	1.69750867825847	0	0	3	0.1	0.865392834023424	0.334353348054889	0.372929073101279	1.63221783628764	1.25928876318636	0	0	3	0.2	1.68657504392413	0.59607158610098	0.751690858446991	3.04623600843122	2.29454514998423
706	0	0	0	0.1	0.0995296402483213	0.0627438251324409	-0.0164249437880447	0.225053324998182	0.241478268786227	0	0	0	0.2	0.18146266821139	0.125448339946626	-0.0597586372506403	0.454000488885192	0.513759126135833	0	0	1	0.1	0.190033593810221	0.117092945645505	-0.0203967780153037	0.418811528980788	0.439208306996091	0	0	1	0.2	0.540005435009701	0.349472731919771	-0.00319990371028845	1.26660089662572	1.26980080033601	0	0	2	0.1	0.606724899375858	0.295534513271646	0.18338974852737	1.31666522903936	1.13327548051199	0	0	2	0.2	1.67486244447048	0.784139444002012	0.529726772524686	3.50623980968228	2.9765130371576	0	0	3	0.1	1.25673135014594	0.53367889157121	0.516998300870901	2.52239634128602	2.00539804041512	0	0	3	0.2	2.8972347418972	1.06225326954762	1.24275409993108	5.26591359719121	4.02315949726012
765	0	0	0	0.1	0.130154234875353	0.0486430598885992	0.0404688834963479	0.229564981350025	0.189096097853677	0	0	0	0.2	0.275021451782156	0.116077288354651	0.0764041715141905	0.55308624225606	0.47668207074187	0	0	1	0.1	0.361458711650227	0.159751435760473	0.127660869333105	0.739820393092656	0.61215952375955	0	0	1	0.2	1.06291415241467	0.53665339091027	0.320088792803895	2.35136545480535	2.03127666200145	0	0	2	0.1	0.977262554904215	0.420157513526458	0.368628525975929	1.93250467018091	1.56387614420498	0	0	2	0.2	2.071256411954	0.752855826864872	0.821402234183044	3.63271709693757	2.81131486275452	0	0	3	0.1	1.50112514881483	0.569233340632724	0.614104084086909	2.70891101516569	2.09480693107879	0	0	3	0.2	2.7693277880362	0.908353775324373	1.24358080030979	4.68246765847118	3.4388868581614
787	0	0	0	0.1	0.0233270501173157	0.0802424553934772	-0.136927732859949	0.180420717117003	0.317348449976952	0	0	0	0.2	0.0879233607803199	0.162403415043699	-0.239369490560692	0.413915388448163	0.653284879008855	0	0	1	0.1	0.170396227875314	0.0900425173218343	0.00302780487330404	0.353813159352724	0.35078535447942	0	0	1	0.2	0.534608887396809	0.237652387048933	0.131608169289641	1.04053077646874	0.908922607179097	0	0	2	0.1	0.572706956025529	0.190982124944882	0.289643338088125	1.02794711167398	0.738303773585858	0	0	2	0.2	1.32878024446065	0.442364530741486	0.680243478533531	2.431380429592	1.75113695105847	0	0	3	0.1	0.911678326757118	0.323642083348259	0.464216762204516	1.74747451169483	1.28325774949031	0	0	3	0.2	1.84315962118423	0.601065428425952	0.951542404709507	3.31814501792193	2.36660261321243
729	0	0	0	0.1	0.105145665301148	0.0602541869612143	-0.00931572577333576	0.220138294928586	0.229454020701921	0	0	0	0.2	0.180406326730222	0.13135562391256	-0.0864980304141799	0.442477860498917	0.528975890913097	0	0	1	0.1	0.133666154365159	0.104715562262813	-0.0823802146589472	0.336242930929809	0.418623145588756	0	0	1	0.2	0.288489432985955	0.244816295025158	-0.201594631901539	0.763097693404718	0.964692325306257	0	0	2	0.1	0.334811049618299	0.167930922793351	0.0150817958890769	0.708377177284624	0.693295381395547	0	0	2	0.2	0.748870776374274	0.357089821856701	0.0692631113244764	1.5356609880639	1.46639787673942	0	0	3	0.1	0.579663862392141	0.243816931134135	0.1607530704904	1.15147189977733	0.990718829286933	0	0	3	0.2	1.19070600945279	0.48234905122092	0.360417640990602	2.33638292925644	1.97596528826584
746	0	0	0	0.1	0.0582757614092305	0.0648145374799391	-0.069910146833954	0.181127720081187	0.251037866915141	0	0	0	0.2	0.0865816048621975	0.150111767612315	-0.213522841042333	0.370453089870745	0.583975930913079	0	0	1	0.1	0.0285840766382054	0.150165726683162	-0.300855531271108	0.328010999404105	0.628866530675213	0	0	1	0.2	0.13894390162367	0.442234635119976	-0.700253735341279	1.13446723452924	1.83472096987052	0	0	2	0.1	0.302329267425561	0.321380980664889	-0.218895726748754	1.04969695495026	1.26859268169902	0	0	2	0.2	0.835266958664324	0.704571205139746	-0.350385619930604	2.34760084291986	2.69798646285047	0	0	3	0.1	0.689863561098605	0.466285124875028	-0.041662413034279	1.76360141509411	1.80526382812839	0	0	3	0.2	1.42866399126806	0.84072646632978	-0.0211982913725431	3.23616235709784	3.25736064847038
833	0	0	0	0.1	0.0158077393327301	0.073407488624096	-0.133638610362476	0.160755217723556	0.294393828086032	0	0	0	0.2	0.00883856832572605	0.153646263591574	-0.304664010781296	0.311069811578382	0.615733822359678	0	0	1	0.1	0.0839802077351604	0.108783648676709	-0.154485683693238	0.289219702270416	0.443705385963654	0	0	1	0.2	0.307491798051484	0.345434317647225	-0.405091125525868	1.04546522040214	1.45055634592801	0	0	2	0.1	0.586834352271044	0.313240130787094	0.0726629354067952	1.29466043250563	1.22199749709883	0	0	2	0.2	1.61189687931713	0.736044263420846	0.437718458273714	3.22938769035237	2.79166923207866	0	0	3	0.1	1.27730132085535	0.526286088988148	0.473539637018696	2.4656464278199	1.9921067908012	0	0	3	0.2	2.54317599947657	0.891722206047399	1.00402990097828	4.4085748307091	3.40454492973082
705	0	0	0	0.1	-0.166332859036035	0.0995732832361946	-0.369139020759251	0.0159733499234147	0.385112370682665	0	0	0	0.2	-0.275696133118456	0.205011720477174	-0.692283590182515	0.130721088660235	0.82300467884275	0	0	1	0.1	0.0390557014708223	0.162716343301978	-0.292183508186562	0.358591094380701	0.650774602567262	0	0	1	0.2	0.329995073235404	0.46474793263267	-0.532813439510093	1.33860475113387	1.87141819064396	0	0	2	0.1	0.339502363226058	0.266267514303933	-0.0936263403518108	0.91984119114221	1.01346753149402	0	0	2	0.2	1.16952777426724	0.780526797916179	-0.0508227360051369	2.91954786534269	2.97037060134782	0	0	3	0.1	0.728073350740469	0.41707514051205	0.0970852193016079	1.75866765733571	1.66158243803411	0	0	3	0.2	2.09767158614618	1.10805287215795	0.389125636659369	4.92169970439806	4.53257406773869
783	0	0	0	0.1	0.300851095108773	0.0926201823253671	0.144057116429303	0.494924300600284	0.350867184170981	0	0	0	0.2	0.657731430235932	0.240667332537106	0.269768633997497	1.20314487065507	0.933376236657572	0	0	1	0.1	0.429777008074011	0.148107619222229	0.168094396555016	0.751749997946834	0.583655601391818	0	0	1	0.2	1.05289734334355	0.385837141444005	0.388013502967085	1.91553520260081	1.52752169963373	0	0	2	0.1	0.855782097041316	0.278152209043294	0.382483751879405	1.46660741274948	1.08412366087007	0	0	2	0.2	1.63267951639927	0.481038096900558	0.797685049465085	2.60437968154824	1.80669463208316	0	0	3	0.1	1.15894367344237	0.371894231988893	0.549069465404888	2.0188452695204	1.46977580411551	0	0	3	0.2	2.02182213079057	0.59180868863685	0.999434814810457	3.25063638850809	2.25120157369763
778	0	0	0	0.1	0.112299282241539	0.075250570581752	-0.043133633844038	0.257942571151601	0.301076204995639	0	0	0	0.2	0.179030385120759	0.1562570989904	-0.13981660319594	0.48150552068976	0.621322123885701	0	0	1	0.1	0.19459151378905	0.0971983000070677	0.00698103219136794	0.378130872843471	0.371149840652103	0	0	1	0.2	0.487847359328347	0.227104960119844	0.0640859566147743	0.95412992244897	0.890043965834196	0	0	2	0.1	0.655214179916179	0.205175681891561	0.306903804746231	1.11646865689072	0.809564852144494	0	0	2	0.2	1.48398561529086	0.476408717747165	0.734781258934479	2.60461906829853	1.86983780936405	0	0	3	0.1	1.21311484509678	0.390149247795834	0.611641813609266	2.13145078451376	1.5198089709045	0	0	3	0.2	2.44538330009832	0.75585828429546	1.23942945471746	4.27421570637842	3.03478625166096
769	0	0	0	0.1	0.209849218617835	0.11848950078963	0.0364611072670195	0.49732371909022	0.460862611823201	0	0	0	0.2	0.665350502805013	0.36391470920606	0.100229840640126	1.55704848490215	1.45681864426202	0	0	1	0.1	0.506679586732365	0.271179200952411	0.0845505173342228	1.14464550770716	1.06009499037293	0	0	1	0.2	1.08823496166886	0.472417284218398	0.28503664395868	2.16889558558979	1.88385894163111	0	0	2	0.1	0.768492769048445	0.325629335703694	0.218893970144778	1.51496453444889	1.29607056430412	0	0	2	0.2	1.31281903893488	0.512001928505168	0.40362479888082	2.4183393259856	2.01471452710478	0	0	3	0.1	0.875165230987367	0.361434579462989	0.26214009548737	1.69624811268301	1.43410801719564	0	0	3	0.2	1.46381804381247	0.563879776494032	0.461940566312696	2.71030010329971	2.24835953698701
794	0	0	0	0.1	0.159998254925447	0.0893153024423566	-0.0116428576911911	0.341431527716581	0.353074385407772	0	0	0	0.2	0.323265908172432	0.182427615846962	-0.0118435000556437	0.711572084272384	0.723415584328028	0	0	1	0.1	0.194020661423099	0.0969641409782801	0.0179418967636318	0.398818835171532	0.3808769384079	0	0	1	0.2	0.4836401033041	0.217828204207134	0.122071905605747	0.929736591332491	0.807664685726745	0	0	2	0.1	0.397094852515664	0.131653408423192	0.180376592413906	0.680452841944215	0.500076249530309	0	0	2	0.2	0.911902095232941	0.297170968169671	0.418057369885585	1.55721757454935	1.13916020466377	0	0	3	0.1	0.598770412949242	0.18081062325239	0.292114830502619	0.999701525529677	0.707586695027057	0	0	3	0.2	1.31537530536881	0.422612819645489	0.631039555452964	2.28918669826785	1.65814714281488
789	0	0	0	0.1	0.215357739025855	0.0706490944801419	0.0800399745923088	0.360317099419159	0.28027712482685	0	0	0	0.2	0.457770779288613	0.180637354847308	0.147449037042138	0.867788971124241	0.720339934082103	0	0	1	0.1	0.319235378613012	0.12835849695818	0.0970022098824224	0.594439975052657	0.497437765170235	0	0	1	0.2	0.897402724227127	0.40612215050287	0.276151583675877	1.87436968130621	1.59821809763033	0	0	2	0.1	0.874988004976154	0.349491804422734	0.340258407619036	1.71850339261011	1.37824498499107	0	0	2	0.2	2.12358663196158	0.78699077894725	0.915403324182238	3.7956799331587	2.88027660897647	0	0	3	0.1	1.55510577981771	0.631099066133764	0.666998731124524	3.10275015289823	2.4357514217737	0	0	3	0.2	3.14436450146838	1.04217593556066	1.483319497281	5.30118006844338	3.81786057116239
752	0	0	0	0.1	0.186888595616949	0.10602095750721	0.0209483995879222	0.433839036014856	0.412890636426934	0	0	0	0.2	0.671989285016913	0.381694701673261	0.0158106259589804	1.51454916172775	1.49873853576877	0	0	1	0.1	0.462498311874312	0.223053624031716	0.0211261174616574	0.946946435024046	0.925820317562388	0	0	1	0.2	1.06669724392853	0.366525131960214	0.373482732761245	1.81147598295346	1.43799325019221	0	0	2	0.1	0.82372872283845	0.230913023963222	0.384900182982466	1.30198928144523	0.917089098462763	0	0	2	0.2	1.49147618148756	0.383056629603176	0.744012971106215	2.35110612429518	1.60709315318897	0	0	3	0.1	1.00868732018301	0.262755906852304	0.531111894413783	1.60289602323254	1.07178412881876	0	0	3	0.2	1.76637278667719	0.444129506844372	0.953771669982083	2.74375329127021	1.78998162128812
793	0	0	0	0.1	0.187015053816128	0.112779942366603	-0.0296087620763713	0.422781433206138	0.452390195282509	0	0	0	0.2	0.228157098429424	0.229299001733745	-0.216275192210762	0.688177802388387	0.904452994599149	0	0	1	0.1	0.0185879326948321	0.123116802283818	-0.235070575798404	0.257341162462627	0.492411738261031	0	0	1	0.2	0.0663229747861026	0.261078183684522	-0.446472073979546	0.582986138376757	1.0294582123563	0	0	2	0.1	0.165367908853863	0.147699383807334	-0.127779413653433	0.47437382424913	0.602153237902563	0	0	2	0.2	0.425771761081915	0.306741881945555	-0.142344442282154	1.0559905005496	1.19833494283175	0	0	3	0.1	0.346927792575437	0.174973776823882	0.0282435075609228	0.720782498248768	0.692538990687845	0	0	3	0.2	0.762093918709899	0.357303575342164	0.122484046459702	1.56269784318373	1.44021379672402
772	0	0	0	0.1	0.323874831133729	0.117912751995408	0.120276299832677	0.573325894494571	0.453049594661894	0	0	0	0.2	0.822645555903331	0.270154471894104	0.35899768753527	1.39193880246062	1.03294111492535	0	0	1	0.1	0.457855872766079	0.132731866909308	0.227259476694585	0.726610503942201	0.499351027247616	0	0	1	0.2	1.05051076010757	0.288334835112194	0.541728636108027	1.65336656869522	1.11163793258719	0	0	2	0.1	0.75465084596213	0.183932967507438	0.438917460943999	1.15305485907047	0.714137398126474	0	0	2	0.2	1.58233749251085	0.375495832837104	0.932235028825426	2.44451325774863	1.51227822892321	0	0	3	0.1	1.05777253425049	0.259416687162029	0.644900840357702	1.64595954373526	1.00105870337756	0	0	3	0.2	2.08154658106655	0.481944685478662	1.28211986993292	3.18544247817575	1.90332260824283
782	0	0	0	0.1	0.0354259934592443	0.0967063019024686	-0.157621047452005	0.22462212272066	0.382243170172665	0	0	0	0.2	0.147982037929349	0.214762502968961	-0.268607836063028	0.5856109641645	0.854218800227527	0	0	1	0.1	0.230777242464284	0.213340358340869	-0.0731799287289849	0.751761941258329	0.824941869987314	0	0	1	0.2	0.69141042873672	0.64561104486673	-0.106181941240335	2.42116559073261	2.52734753197294	0	0	2	0.1	0.564277736133755	0.454671638177242	0.0253092832069545	1.72728465638119	1.70197537317424	0	0	2	0.2	1.25277015604051	0.90255561207975	0.0497906026043347	3.50149605565125	3.45170545304692	0	0	3	0.1	0.776302986779398	0.543787299663814	0.0686990852490788	2.13184495746956	2.06314587222048	0	0	3	0.2	1.57563158566205	0.959316773033056	0.132215421277983	3.89579922777886	3.76358380650087
780	0	0	0	0.1	-0.0700451660617598	0.0808549984720695	-0.241173080665465	0.0718249431158086	0.312998023781274	0	0	0	0.2	-0.133099992133771	0.16432240845301	-0.46894955795684	0.172219638485465	0.641169196442305	0	0	1	0.1	0.14070079897059	0.156260148367633	-0.110132906301386	0.491708736415279	0.601841642716665	0	0	1	0.2	0.630879123973379	0.490708750055358	-0.0785488740850389	1.89391511174072	1.97246398582576	0	0	2	0.1	0.794960068024264	0.391786336344925	0.258481706585762	1.8282033959235	1.56972168933774	0	0	2	0.2	1.87144371209684	0.765180493921166	0.658059774775128	3.6519973721233	2.99393759734817	0	0	3	0.1	1.41560122079567	0.584906260435874	0.527609807992067	2.77718617933584	2.24957637134377	0	0	3	0.2	2.79012958343094	0.975281988880428	1.19168915812044	4.89424287149832	3.70255371337788
795	0	0	0	0.1	0.153615273909817	0.0515148165994273	0.0549406595197771	0.263162043791035	0.208221384271258	0	0	0	0.2	0.312402036901316	0.107017049218697	0.122588720447527	0.543807681176213	0.421218960728687	0	0	1	0.1	0.343662351907278	0.103685945698151	0.165691530772144	0.570306854232793	0.404615323460649	0	0	1	0.2	0.793798071908957	0.261192135489531	0.366995469299444	1.43658367453047	1.06958820523103	0	0	2	0.1	0.710014026201548	0.2121916947118	0.380626253132817	1.23192583115347	0.851299578020655	0	0	2	0.2	1.63475810953499	0.496525409143084	0.835063106295714	2.76373296011957	1.92866985382386	0	0	3	0.1	1.09375290008029	0.358786097924706	0.514002861138747	1.93880459239091	1.42480173125217	0	0	3	0.2	2.32550244589712	0.758752420993033	1.04846157980101	3.87706817870939	2.82860659890838
779	0	0	0	0.1	0.0258857275677995	0.0755742964858157	-0.122542306857852	0.179052080310556	0.301594387168408	0	0	0	0.2	0.0860153376378948	0.196067491713395	-0.274613526665679	0.499842084938319	0.774455611603998	0	0	1	0.1	0.249551387626335	0.179839427254079	-0.0617423005045945	0.6415312469176	0.703273547422195	0	0	1	0.2	1.1145900594342	0.572579607800875	0.158429202900442	2.3320392298292	2.17361002692875	0	0	2	0.1	1.16590724886585	0.395983172053167	0.527400911498311	2.03483438990466	1.50743347840635	0	0	2	0.2	2.24483878335982	0.589194717564546	1.1762586892104	3.40460946184372	2.22835077263332	0	0	3	0.1	1.63612229645117	0.459025898137842	0.810602804830814	2.58660927746675	1.77600647263594	0	0	3	0.2	2.68534603651723	0.659706070329583	1.50517757726686	4.07473305667151	2.56955547940465
734	0	0	0	0.1	0.00941314864395676	0.0767779865834311	-0.143779219489469	0.150392342156141	0.29417156164561	0	0	0	0.2	-0.00777285056635026	0.194002065264479	-0.40904137034558	0.345780071690877	0.754821442036457	0	0	1	0.1	0.0802642574266241	0.124529597506631	-0.159476276151035	0.330219372991387	0.489695649142422	0	0	1	0.2	0.41789305149308	0.352093337447297	-0.164588506619256	1.19108143953225	1.3556699461515	0	0	2	0.1	0.573978194054929	0.271840425607964	0.146964163066074	1.23961482385619	1.09265066079012	0	0	2	0.2	1.37612460438063	0.594912882866155	0.42901805128707	2.82036496500208	2.39134691371501	0	0	3	0.1	1.02663186841877	0.433162681825986	0.354351587544381	2.07609212560332	1.72174053805894	0	0	3	0.2	1.98165926919929	0.761931838916635	0.720930700546207	3.79557003055248	3.07463933000628
766	0	0	0	0.1	0.0298288059823763	0.0594356602425642	-0.0997585573549737	0.14053857376407	0.240297131119043	0	0	0	0.2	0.061681498355542	0.138562644044261	-0.231132477338163	0.327828772865828	0.558961250203991	0	0	1	0.1	0.198696951309247	0.123932086248572	-0.0257409493073605	0.46213982752414	0.487880776831501	0	0	1	0.2	0.64771447507741	0.367833358182305	0.066839954223724	1.49291187574497	1.42607192152125	0	0	2	0.1	0.734474579141494	0.285599090013314	0.261841477887852	1.385192113498	1.12335063561015	0	0	2	0.2	1.56762430698602	0.570511629299985	0.616900841005798	2.85679141215849	2.23989057115269	0	0	3	0.1	1.09438401435498	0.404826634051848	0.439640551076273	2.01191245008961	1.57227189901333	0	0	3	0.2	1.9690075123604	0.694811563458699	0.807108274657457	3.45189775933323	2.64478948467577
763	0	0	0	0.1	0.0359633392111928	0.102236199543419	-0.158798779244919	0.239701339517762	0.398500118762681	0	0	0	0.2	0.168738942495178	0.245043852450753	-0.26060497208058	0.693727631904399	0.954332603984979	0	0	1	0.1	0.239377226481347	0.197729253597082	-0.0887685028580434	0.681444326201318	0.770212829059362	0	0	1	0.2	0.638683608146567	0.515584056901312	-0.249474035862008	1.75867875418997	2.00815279005198	0	0	2	0.1	0.361806250203129	0.26808091354703	-0.105982139403497	0.931675637956711	1.03765777736021	0	0	2	0.2	0.836598736279179	0.631270117909851	-0.361078630094107	2.16745267496976	2.52853130506387	0	0	3	0.1	0.454017954358684	0.337697912381201	-0.196247929368631	1.1234552508423	1.31970318021093	0	0	3	0.2	0.996910530943484	0.770426835314559	-0.495381835377834	2.52523658010677	3.0206184154846
742	0	0	0	0.1	0.00112062668490126	0.0763303020011076	-0.156627842316674	0.132888606075569	0.289516448392243	0	0	0	0.2	-0.052988607995286	0.155965841034204	-0.367848980823303	0.198562888698294	0.566411869521597	0	0	1	0.1	0.0649069619456618	0.106321456113974	-0.149410195723626	0.252646972083104	0.40205716780673	0	0	1	0.2	0.246645788766136	0.265897068375935	-0.264241125921704	0.786041057177156	1.05028218309886	0	0	2	0.1	0.460954559827285	0.232190493468895	0.0964751787482951	0.960113986197652	0.863638807449357	0	0	2	0.2	1.17453440295847	0.527769825666388	0.332396981621338	2.32548504529588	1.99308806367454	0	0	3	0.1	0.957713693210306	0.394469337219913	0.362578358001994	1.85839123512837	1.49581287712637	0	0	3	0.2	2.05542671934142	0.734975096292015	0.861623221316513	3.69492667675393	2.83330345543742
835	0	0	0	0.1	0.0758235381289349	0.063208423794403	-0.0590119875059392	0.188813677553857	0.247825665059796	0	0	0	0.2	0.167682948438912	0.148974773335738	-0.134953052996414	0.456616393001903	0.591569445998317	0	0	1	0.1	0.216804924679323	0.122676497043936	0.00814628044009171	0.47570274874514	0.467556468305049	0	0	1	0.2	0.861076718505195	0.503885751431855	0.187057074058239	2.33488034241102	2.14782326835278	0	0	2	0.1	0.993004601807127	0.430474937169418	0.391973293714686	2.14882121264422	1.75684791892953	0	0	2	0.2	2.90315290763041	0.991571166997036	1.16187062494478	5.12762279009437	3.96575216514959	0	0	3	0.1	2.084308169839	0.766021206977106	0.873585721750195	3.90180064416439	3.02821492241419	0	0	3	0.2	4.2680662528481	1.24460861034571	2.09909579493051	7.06693166532908	4.96783587039857
811	0	0	0	0.1	0.210290082909956	0.098743677813128	0.0525621056266473	0.440972644570969	0.388410538944321	0	0	0	0.2	0.525384068179144	0.28840167327835	0.0726060298822477	1.21202109077858	1.13941506089633	0	0	1	0.1	0.386677477027434	0.241460310860737	0.031913088494325	0.954647850437776	0.922734761943451	0	0	1	0.2	1.16846666414474	0.663701859626246	0.230235952422132	2.9284180992908	2.69818214686867	0	0	2	0.1	0.937728891227135	0.471107769669923	0.321399034305999	2.12784626615146	1.80644723184546	0	0	2	0.2	1.94794731000974	0.827151112334567	0.701655820031672	3.83869536379783	3.13703954376616	0	0	3	0.1	1.31910976705113	0.601668441840881	0.489720227593929	2.78167929189768	2.29195906430375	0	0	3	0.2	2.45680622672383	0.974914025701806	0.963920261578025	4.6846638540047	3.72074359242667
777	0	0	0	0.1	0.141057522496411	0.0899264950071711	-0.028408825674819	0.340039800597537	0.368448626272356	0	0	0	0.2	0.449654985362542	0.283264300830549	-0.0191181926457961	1.12081144124863	1.13992963389443	0	0	1	0.1	0.522234803819872	0.315439726111538	0.0946380842038477	1.28894232119934	1.1943042369955	0	0	1	0.2	1.57667139726418	0.845906223117252	0.469689582956582	3.70246144968366	3.23277186672708	0	0	2	0.1	1.29205519858041	0.636995661015554	0.493403860614289	2.98875903304471	2.49535517243042	0	0	2	0.2	2.77442343146934	1.15145930435132	1.13776622728721	5.69832268614447	4.56055645885726	0	0	3	0.1	1.93881455681719	0.8473648581533	0.83596230165631	3.99829716893971	3.1623348672834	0	0	3	0.2	3.67457744823736	1.42805473603331	1.64561325959044	7.133523015642	5.48790975605156
762	0	0	0	0.1	0.206393889032085	0.0916097192704799	0.0454554923343151	0.405645298352962	0.360189806018647	0	0	0	0.2	0.561797677846	0.310513534482638	0.0190778258911984	1.22248152697959	1.20340370108839	0	0	1	0.1	0.452280266408204	0.237694200200434	0.0101353065949346	0.978482856893412	0.968347550298478	0	0	1	0.2	1.25601195536581	0.522018815518456	0.267044487126039	2.36615312108334	2.0991086339573	0	0	2	0.1	0.975985764794388	0.360233845489429	0.354990463578482	1.77598932539884	1.42099886182035	0	0	2	0.2	1.84161416169899	0.598237995581701	0.749068654506922	3.17426196079048	2.42519330628356	0	0	3	0.1	1.24768740253414	0.430520179466407	0.493686090621494	2.22063846458931	1.72695237396781	0	0	3	0.2	2.17492751247016	0.686329388154626	0.915464106418572	3.73720918861942	2.82174508220085
836	0	0	0	0.1	0.183618028400504	0.0715832809698187	0.0511266389193251	0.332667769197663	0.281541130278337	0	0	0	0.2	0.403005159561583	0.177122319700209	0.108540067672917	0.782743561531251	0.674203493858335	0	0	1	0.1	0.413068767990056	0.139030391583451	0.18083334725694	0.71389410402301	0.53306075676607	0	0	1	0.2	1.13122828204214	0.393082702144028	0.511240708015523	1.98452679092796	1.47328608291243	0	0	2	0.1	1.02211834579868	0.304215142657657	0.544432388051424	1.70504728226711	1.16061489421569	0	0	2	0.2	2.17236285560485	0.620176095244166	1.15343226372384	3.57627399656382	2.42284173283998	0	0	3	0.1	1.46835133026994	0.462200067461767	0.725237985663252	2.50515134134568	1.77991335568243	0	0	3	0.2	2.7826428639354	0.824435337932831	1.41741470636499	4.64377208956833	3.22635738320334
810	0	0	0	0.1	0.0419204003937477	0.070705285336817	-0.0957383746092539	0.188571780662349	0.284310155271603	0	0	0	0.2	0.0361076023058682	0.190715135533489	-0.34375881171919	0.426136863815638	0.769895675534828	0	0	1	0.1	-0.0407541201487347	0.222404459615766	-0.503275641611753	0.450133161084543	0.953408802696295	0	0	1	0.2	0.0662694457524917	0.721235156326809	-1.20743840556915	1.88804916517588	3.09548757074503	0	0	2	0.1	0.274426029237572	0.481014323419487	-0.464674104958924	1.56947518486688	2.0341492898258	0	0	2	0.2	0.926582662317981	1.04797191136839	-0.707229651105236	3.40104815859005	4.10827780969529	0	0	3	0.1	0.72961265672102	0.642541993450141	-0.308578236949999	2.32909862097004	2.63767685792004	0	0	3	0.2	1.6682471964935	1.34467424600666	-0.502235471116497	5.06900257099183	5.57123804210833
809	0	0	0	0.1	-0.0553187952495017	0.103596190914147	-0.296434927156952	0.127473547556278	0.42390847471323	0	0	0	0.2	-0.175176164141943	0.269933942395317	-0.760329950082894	0.30105817452925	1.06138812461214	0	0	1	0.1	-0.0214517874028344	0.208340427388064	-0.43203041124673	0.385595598560168	0.817626009806898	0	0	1	0.2	0.0567818100806272	0.503956178435567	-0.831671303536572	1.11763605018336	1.94930735371994	0	0	2	0.1	0.185311017584202	0.324134288488652	-0.409409810834383	0.844120579545307	1.25353039037969	0	0	2	0.2	0.40593107076119	0.610524977349292	-0.842316336759937	1.60383710568413	2.44615344244407	0	0	3	0.1	0.322113772863229	0.394475125571647	-0.476011235485149	1.11062751745109	1.58663875293624	0	0	3	0.2	0.595822878246884	0.699631028084073	-0.842262040495484	2.00485331249462	2.8471153529901
665	0	0	0	0.1	0.00401664161019993	0.0854626925045254	-0.184104341095958	0.157101673396898	0.341206014492856	0	0	0	0.2	-0.0368931698527342	0.207326106389527	-0.473651647517	0.319900005024798	0.793551652541798	0	0	1	0.1	0.0385759341110909	0.131162930249646	-0.209428648064381	0.30616360109494	0.515592249159321	0	0	1	0.2	0.31203740377303	0.3471857562406	-0.284378931275597	1.08269741207871	1.3670763433543	0	0	2	0.1	0.556818532752003	0.237224515128297	0.191008681593799	1.11687769313013	0.92586901153633	0	0	2	0.2	1.28787419548446	0.438378848917761	0.544791693610157	2.27908988033688	1.73429818672672	0	0	3	0.1	0.997110363878902	0.322104757199594	0.475372321597962	1.71226073826735	1.23688841666939	0	0	3	0.2	1.84862157608264	0.52700707098293	0.90435880597593	3.00347926609739	2.09912046012146
792	0	0	0	0.1	0.0818450527488774	0.0634170015737193	-0.0417479393480134	0.212047858851382	0.253795798199395	0	0	0	0.2	0.137866544305228	0.170122133437349	-0.194909324713545	0.491241935971736	0.686151260685282	0	0	1	0.1	0.141652839040831	0.179480669248032	-0.177313595462037	0.534799904221645	0.712113499683682	0	0	1	0.2	0.779726948210097	0.717627522162684	-0.338046247021621	2.47247522941729	2.81052147643891	0	0	2	0.1	1.14291040671975	0.615507454408069	0.247409264296785	2.51850088371382	2.27109161941703	0	0	2	0.2	2.65035293499062	0.951444627498467	0.935641559227608	4.57655157220778	3.64091001298018	0	0	3	0.1	2.27229789012545	0.786029754563349	0.897681513633213	3.90575190215051	3.0080703885173	0	0	3	0.2	3.91611963811557	1.02531883049275	1.95165123545388	6.11347551448592	4.16182427903204
837	0	0	0	0.1	0.00822609841725215	0.093891837849099	-0.194573874080216	0.181657246492843	0.376231120573059	0	0	0	0.2	-0.00866931376023295	0.192798863912945	-0.417131590747754	0.363207211780393	0.780338802528147	0	0	1	0.1	0.0921319333193847	0.103776876556694	-0.116372019158516	0.304368633748186	0.420740652906703	0	0	1	0.2	0.330757800287044	0.237970187157065	-0.1119877806939	0.85063527776565	0.962623058459549	0	0	2	0.1	0.475718384702143	0.163595474457204	0.205337318095507	0.831011027819516	0.625673709724008	0	0	2	0.2	1.11340326646467	0.367151049317099	0.501841684204512	1.9850369249968	1.48319524079229	0	0	3	0.1	0.815475967068315	0.259725546420499	0.414528305496812	1.41163454450334	0.997106239006531	0	0	3	0.2	1.68124514168323	0.512608129920397	0.878994461862671	2.84400018170999	1.96500571984732
754	0	0	0	0.1	0.0767864832433029	0.0855544603248903	-0.103806904057015	0.249921705692521	0.353728609749535	0	0	0	0.2	0.0776711743131847	0.208149353401446	-0.321360110725733	0.521358440249898	0.842718550975631	0	0	1	0.1	0.088645367654786	0.133402829042982	-0.159606417472339	0.376074765503597	0.535681182975936	0	0	1	0.2	0.279295682594098	0.323228770607487	-0.303513487456447	0.934318604494649	1.2378320919511	0	0	2	0.1	0.476543066543741	0.233780756262209	0.0763410267675179	0.968835942779393	0.892494916011875	0	0	2	0.2	1.00318563197894	0.455890893865263	0.202909755392848	1.92005252127407	1.71714276588122	0	0	3	0.1	0.847500353367305	0.350320828849165	0.262388462135814	1.64167296688479	1.37928450474897	0	0	3	0.2	1.55101912815572	0.596095800625287	0.505727597857333	2.8262016979855	2.32047410012816
808	0	0	0	0.1	0.147629702010742	0.0736938323080506	0.0109033373294599	0.303633747364998	0.292730410035539	0	0	0	0.2	0.332330810286358	0.185422130894024	-0.00320651408330912	0.728347333132849	0.731553847216158	0	0	1	0.1	0.225306805103401	0.126980677500523	-0.00264943152838702	0.501567068925594	0.504216500453981	0	0	1	0.2	0.547540947585946	0.348597417535941	-0.0371574495522266	1.31721677651475	1.35437422606698	0	0	2	0.1	0.390592557301444	0.241359683135009	-0.00754668367868071	0.946366077512459	0.95391276119114	0	0	2	0.2	0.817799078196885	0.535273553178453	-0.0508008775681479	2.02312839560116	2.07392927316931	0	0	3	0.1	0.535983111785369	0.352548295656763	-0.0248781414606244	1.31410947761041	1.33898761907103	0	0	3	0.2	1.02950076792119	0.679938576065232	-0.0798300467843788	2.58271420403155	2.66254425081592
745	0	0	0	0.1	0.041516076312379	0.0899837395810202	-0.134668915151473	0.234140654391405	0.368809569542878	0	0	0	0.2	0.0946943239863136	0.301223616797712	-0.473819772518346	0.766184717202986	1.24000448972133	0	0	1	0.1	0.18622705915169	0.228862578245717	-0.23015303833204	0.707272303720966	0.937425342053007	0	0	1	0.2	0.855847460648801	0.592144121645253	-0.173859536107762	2.11125092625593	2.28511046236369	0	0	2	0.1	0.796216783094017	0.44088213766113	0.0459136644992792	1.74348510740114	1.69757144290186	0	0	2	0.2	1.63004279707467	0.78658887535544	0.241047072783271	3.25188061262108	3.0108335398378	0	0	3	0.1	1.11159761396639	0.542259088421516	0.176945835723553	2.26321532341635	2.0862694876928	0	0	3	0.2	2.00337598760342	0.908300964196484	0.35777361984263	3.8033631087309	3.44558948888827
788	0	0	0	0.1	0.0934087512221127	0.0520225183303694	-0.0144646629642152	0.194399266872316	0.208863929836531	0	0	0	0.2	0.16448874464439	0.139148619288197	-0.128001312358019	0.443538761006983	0.571540073365001	0	0	1	0.1	0.191017014134107	0.225994630731176	-0.212744899419595	0.66480392011223	0.877548819531825	0	0	1	0.2	1.18201643119721	0.731658513001428	-0.0592421800247912	2.70959158787978	2.76883376790457	0	0	2	0.1	1.31597812062793	0.529243102465119	0.401213076890968	2.43555296298615	2.03433988609518	0	0	2	0.2	2.39335193546569	0.746260816851298	0.951062449906246	3.88401207456469	2.93294962465844	0	0	3	0.1	1.75552096910157	0.574640090176193	0.709461631288445	2.96939881733936	2.25993718605092	0	0	3	0.2	2.81518478398773	0.809061109309033	1.26277674154241	4.40937204720488	3.14659530566246
751	0	0	0	0.1	0.0486725160147245	0.106820997870536	-0.139792975205047	0.263414357795388	0.403207333000436	0	0	0	0.2	0.0552470054059556	0.198538399871057	-0.317454701537556	0.446605029847177	0.764059731384732	0	0	1	0.1	0.092971753431416	0.164044892353978	-0.169673510278725	0.474314010369044	0.643987520647769	0	0	1	0.2	0.239133862522953	0.380884022890751	-0.357380166678159	1.14409893128129	1.50147909795945	0	0	2	0.1	0.278008980486207	0.229090985198198	-0.0666773247225674	0.800355767447514	0.867033092170082	0	0	2	0.2	0.614038817453299	0.480168245597698	-0.126655158149725	1.73365852978623	1.86031368793596	0	0	3	0.1	0.444838115156598	0.284795801820445	0.010158961321288	1.13499168540831	1.12483272408702	0	0	3	0.2	0.930640016936976	0.574717464213724	0.0401579865218115	2.29481574951301	2.25465776299119
828	0	0	0	0.1	-0.00475786784762875	0.0712431977694421	-0.165774555105634	0.11953155624304	0.285306111348675	0	0	0	0.2	-0.0891505436649162	0.229297884020993	-0.609628282352094	0.296305703863553	0.905933986215647	0	0	1	0.1	0.022450832584555	0.223111179904303	-0.409351644633267	0.475049115995263	0.88440076062853	0	0	1	0.2	0.975410677018373	0.751548431989873	-0.308024806722847	2.4952839862108	2.80330879293365	0	0	2	0.1	1.32128990309423	0.569541032089365	0.338494617190048	2.47486809085389	2.13637347366385	0	0	2	0.2	2.67973296551779	0.808589518040627	1.12094109216631	4.31652212736764	3.19558103520133	0	0	3	0.1	2.23363408958042	0.692860895886909	0.918185687461539	3.59980894942866	2.68162326196712	0	0	3	0.2	3.56909468898404	0.954110791802867	1.77966360544003	5.64789282987059	3.86822922443056
791	0	0	0	0.1	0.0701541484953525	0.0660279261199285	-0.0556783203803396	0.206849725244467	0.262528045624807	0	0	0	0.2	0.2385845520151	0.185201433030173	-0.0770754043091194	0.642094164725986	0.719169569035105	0	0	1	0.1	0.415101199351365	0.209070827395398	0.106815996342707	0.931592050537419	0.824776054194712	0	0	1	0.2	1.40754761581128	0.651088153055724	0.419575065405074	2.8790697775106	2.45949471210553	0	0	2	0.1	1.09365995444335	0.447938155493114	0.428304184991039	2.08181547592501	1.65351129093397	0	0	2	0.2	2.36343284891671	0.848022350853135	1.00567156996771	4.16049017656042	3.15481860659271	0	0	3	0.1	1.54112677557801	0.598093206906208	0.600616886650806	2.88288661893819	2.28226973228738	0	0	3	0.2	2.84887143200917	1.00460222744396	1.1601287112188	5.05658799440723	3.89645928318842
774	0	0	0	0.1	0.0586740609505318	0.0955622192639369	-0.114764889273225	0.266803468315917	0.381568357589142	0	0	0	0.2	0.232912656183469	0.242050371919218	-0.168457364478082	0.758773585614588	0.92723095009267	0	0	1	0.1	0.316868729699693	0.224070812131183	-0.0349826410227108	0.802761912064957	0.837744553087668	0	0	1	0.2	0.780371310505499	0.454315135491981	-2.63127023507544e-05	1.69053560165562	1.69056191435797	0	0	2	0.1	0.595788016503688	0.2416113683885	0.140168135759905	1.08679344613259	0.946625310372684	0	0	2	0.2	1.23126093030345	0.445866887303979	0.364426152541849	2.10955655240545	1.7451303998636	0	0	3	0.1	0.778492839598614	0.277371432028056	0.277747230629193	1.34362534404065	1.06587811341145	0	0	3	0.2	1.51866061530813	0.519325167943015	0.593183292565783	2.64220073975094	2.04901744718516
807	0	0	0	0.1	0.00294873442938742	0.0778201091392431	-0.162509740890098	0.155846672641291	0.318356413531389	0	0	0	0.2	-0.082468269671872	0.19539051851759	-0.5139791071431	0.293985676017148	0.807964783160248	0	0	1	0.1	-0.0667369713841311	0.119723502687179	-0.324703089085743	0.149604086388665	0.474307175474408	0	0	1	0.2	-0.0254745202543381	0.283095749245703	-0.611724321937964	0.518208564679824	1.12993288661779	0	0	2	0.1	0.278551253435208	0.193927566130606	-0.0563884823981661	0.716110295203509	0.772498777601675	0	0	2	0.2	0.816659521727835	0.425590755060362	0.130152983602182	1.72524605558437	1.59509307198219	0	0	3	0.1	0.73539305207282	0.294945419700998	0.299090355526974	1.4162393891053	1.11714903357832	0	0	3	0.2	1.54360068795178	0.553087151457506	0.657144734546188	2.72932023908377	2.07217550453758
753	0	0	0	0.1	0.252214219253716	0.0610244321665373	0.137374774780913	0.375853991902917	0.238479217122004	0	0	0	0.2	0.448338508847731	0.118764749226046	0.227652711071713	0.687993300966937	0.460340589895224	0	0	1	0.1	0.202286663889059	0.087554860124171	0.0316202455742751	0.373098412220905	0.341478166646629	0	0	1	0.2	0.477133827547282	0.21415607160587	0.0716079561624186	0.917907232946571	0.846299276784153	0	0	2	0.1	0.436705569252725	0.16571732086824	0.1579695433525	0.809805604736299	0.651836061383799	0	0	2	0.2	1.03142268894008	0.347137140957811	0.4344013602678	1.79119209198465	1.35679073171685	0	0	3	0.1	0.788817151067132	0.269201730865403	0.326943947594334	1.37392247197638	1.04697852438205	0	0	3	0.2	1.58222301754111	0.472832672184501	0.713450670411121	2.6070832363359	1.89363256592478
796	0	0	0	0.1	-0.00120762934895547	0.109954267607249	-0.214779098177197	0.210460536260625	0.425239634437822	0	0	0	0.2	0.0351665159638613	0.258074136696267	-0.436111092322947	0.587555615759006	1.02366670808195	0	0	1	0.1	0.122130393074374	0.171913672762998	-0.160614845625387	0.551736821976387	0.712351667601774	0	0	1	0.2	0.650413451749329	0.49800276062654	-0.0793046503075835	1.89272293443511	1.97202758474269	0	0	2	0.1	0.792957307153403	0.342920557571872	0.313958786704957	1.61472523963578	1.30076645293082	0	0	2	0.2	1.90428613106912	0.675412665116437	0.873552877103172	3.55596289552071	2.68241001841754	0	0	3	0.1	1.40205357536809	0.523193003170964	0.653632247741728	2.64484737231086	1.99121512456914	0	0	3	0.2	2.65494181205499	0.822239383098931	1.39714553609419	4.47005437500051	3.07290883890632
812	0	0	0	0.1	0.00200807771998412	0.0547042412971286	-0.105197076485036	0.103749071981853	0.208946148466889	0	0	0	0.2	-0.00884191771530259	0.111394293322309	-0.24335539368573	0.207856519606323	0.451211913292053	0	0	1	0.1	0.0218314141996321	0.0865878193136344	-0.159808107128338	0.192673895065253	0.352482002193591	0	0	1	0.2	0.0580871340794063	0.263521892113537	-0.505210943846299	0.593846545491919	1.09905748933822	0	0	2	0.1	0.233556754876379	0.276965243972062	-0.199750938506247	0.916652745710588	1.11640368421684	0	0	2	0.2	0.800213229694166	0.842897284179816	-0.362086033781174	2.94029995567941	3.30238598946058	0	0	3	0.1	0.808701059848156	0.617308599476502	-0.0478757726748136	2.39045096002145	2.43832673269626	0	0	3	0.2	1.8560384726981	1.21484776531215	-0.0403896618504409	4.82984583412673	4.87023549597717
785	0	0	0	0.1	0.222003474954875	0.11194103471328	0.0147216960489814	0.468114705778885	0.453393009729903	0	0	0	0.2	0.694429559179502	0.384165509013922	0.100873765637832	1.60185864552962	1.50098487989179	0	0	1	0.1	0.584758730743844	0.329591150680104	0.107964006897203	1.38479937994327	1.27683537304606	0	0	1	0.2	1.52218295206426	0.675082130657131	0.389405913460398	2.96079048028504	2.57138456682464	0	0	2	0.1	1.14711177759546	0.48150709010148	0.39856404576898	2.32128155228785	1.92271750651887	0	0	2	0.2	2.16566262628371	0.790642777077733	0.835620591788319	3.86817334873596	3.03255275694764	0	0	3	0.1	1.48032819061285	0.572725636908399	0.561623447289542	2.82190670926926	2.26028326197972	0	0	3	0.2	2.59499045881674	0.968092519356167	1.02206121310685	4.74133792629376	3.71927671318691
773	0	0	0	0.1	0.0954561812831663	0.0734566575719092	-0.0364394963473429	0.248802110819371	0.285241607166714	0	0	0	0.2	0.228723265184206	0.224784046370422	-0.177434616763031	0.698779807181907	0.876214423944939	0	0	1	0.1	0.165321076713885	0.174194148776431	-0.150142612352809	0.510280990713084	0.660423603065893	0	0	1	0.2	0.666468860817518	0.418821204752746	-0.0859769038105717	1.59849335851503	1.6844702623256	0	0	2	0.1	0.651121290730332	0.273190749570173	0.188017826266682	1.30189751579499	1.1138796895283	0	0	2	0.2	1.37580703511882	0.475891100733932	0.516272275308349	2.45354043155815	1.9372681562498	0	0	3	0.1	1.04223555499062	0.362031721375796	0.43616213825251	1.86201094564356	1.42584880739105	0	0	3	0.2	1.87169777260273	0.581903343588446	0.821039729284447	3.11093159509703	2.28989186581259
818	0	0	0	0.1	0.11856047852595	0.0646223428067333	-0.0125431957070912	0.253698847537977	0.266242043245068	0	0	0	0.2	0.238908481799568	0.157465901603511	-0.0758971588807251	0.564431950191516	0.640329109072241	0	0	1	0.1	0.307981021166078	0.166542190420867	-0.014247494301514	0.6386582183006	0.652905712602114	0	0	1	0.2	1.2559977334754	0.67588814169738	0.119566313115704	2.77148904102211	2.65192272790641	0	0	2	0.1	1.42609868343778	0.602148334423886	0.49656027953846	2.81946928303744	2.32290900349898	0	0	2	0.2	3.30287217813054	1.11819914430336	1.43752050067455	5.87556514241737	4.43804464174281	0	0	3	0.1	2.60402746657466	0.94358843312	1.0972101480144	4.69298994213959	3.59577979412519	0	0	3	0.2	4.74744689502514	1.45992749632441	2.37031429744245	8.16310075112362	5.79278645368117
776	0	0	0	0.1	-0.080255445920536	0.153182572477737	-0.434072379461944	0.172941654845839	0.607014034307784	0	0	0	0.2	-0.12191364612678	0.282000526680586	-0.700097564835064	0.376086830270326	1.07618439510539	0	0	1	0.1	0.0658535801599766	0.146996710489433	-0.231677953963906	0.347511148066311	0.579189102030216	0	0	1	0.2	0.327930385609773	0.34203968673898	-0.261900272299475	1.0609996563859	1.32289992868538	0	0	2	0.1	0.416021737922655	0.237955726987603	0.0743649056217336	0.980606241289369	0.906241335667635	0	0	2	0.2	0.935329935686269	0.486981664935702	0.242966297462385	2.11207835146154	1.86911205399915	0	0	3	0.1	0.644897325395117	0.323395312128759	0.209578650743641	1.48158275470314	1.2720041039595	0	0	3	0.2	1.29321319946241	0.603187378999065	0.434385723929375	2.79690673405844	2.36252101012907
798	0	0	0	0.1	0.0602860946389531	0.0821508404462794	-0.107266936647958	0.209111567303449	0.316378503951407	0	0	0	0.2	0.155325341139902	0.275697064511004	-0.379820405990929	0.717648474310295	1.09746888030122	0	0	1	0.1	0.3551064696669	0.298156653865344	-0.13837883267722	1.05396009460133	1.19233892727855	0	0	1	0.2	1.44379392203571	0.711111499273926	0.20101181078874	2.87763312852188	2.67662131773314	0	0	2	0.1	1.32731234944653	0.500133622223165	0.480375384063813	2.34791948245388	1.86754409839007	0	0	2	0.2	2.46666855590602	0.730425833342318	1.05987361344504	4.00094440177722	2.94107078833218	0	0	3	0.1	1.8493182092991	0.570459512649427	0.808214002130552	3.07565547529962	2.26744147316907	0	0	3	0.2	3.04357030479063	0.818305066678261	1.48330300411645	4.7752444444678	3.29194144035135
784	0	0	0	0.1	0.0777557228224514	0.0811421471031552	-0.0918545372135349	0.229845746978252	0.321700284191787	0	0	0	0.2	0.066891237775879	0.198428771928216	-0.376213982063592	0.422494504697482	0.798708486761073	0	0	1	0.1	0.133431459978362	0.148571365317486	-0.185028687383289	0.423137662036305	0.608166349419594	0	0	1	0.2	0.531992264146096	0.347151556340789	-0.129255589902396	1.19339656581598	1.32265215571838	0	0	2	0.1	0.755303789289888	0.281424870475074	0.291489931052076	1.37871818659655	1.08722825554447	0	0	2	0.2	1.55369601924281	0.472726140055867	0.727298132065815	2.47715061785406	1.74985248578825	0	0	3	0.1	1.1917854369444	0.374791379570992	0.529456139433039	1.98462971947863	1.45517358004559	0	0	3	0.2	2.16624246442032	0.59265926875305	1.02280850662787	3.32216321538849	2.29935470876062
790	0	0	0	0.1	-0.0386157408091425	0.112459255956503	-0.255846714440665	0.162148403505032	0.417995117945697	0	0	0	0.2	0.0237799822645179	0.299869992491474	-0.525644345232702	0.617206031915733	1.14285037714844	0	0	1	0.1	0.213022125244658	0.232082342475959	-0.155151779576166	0.813724105691578	0.968875885267743	0	0	1	0.2	0.885969862852728	0.625589133571076	0.0220146179022621	2.63106177550608	2.60904715760382	0	0	2	0.1	0.899215355994774	0.455301084181148	0.26641268767438	2.05206725824931	1.78565457057493	0	0	2	0.2	1.85885863993098	0.703593842889222	0.694356552677964	3.38181589622342	2.68745934354546	0	0	3	0.1	1.46073856034247	0.568528034500899	0.569047405738195	2.70957054089668	2.14052313515849	0	0	3	0.2	2.48683737019576	0.786516740073819	1.14653533930006	4.09289738514572	2.94636204584567
830	0	0	0	0.1	0.164578312844474	0.0832446223725223	0.0148509133433542	0.331262552728633	0.316411639385279	0	0	0	0.2	0.295181487023352	0.159533323653654	0.00910016706015048	0.623129039470762	0.614028872410611	0	0	1	0.1	0.170521594450155	0.115914143330218	-0.0372573382027188	0.418830438213878	0.456087776416597	0	0	1	0.2	0.436383690957622	0.371067990583601	-0.139414288753101	1.35390525628615	1.49331954503925	0	0	2	0.1	0.43566418722109	0.302442634356967	0.0103095657660578	1.18940750024478	1.17909793447873	0	0	2	0.2	1.32314152388318	0.877660474854026	0.110878736879888	3.55607864495937	3.44519990807948	0	0	3	0.1	0.998774235882902	0.586627924830678	0.226619427871053	2.53519588187781	2.30857645400676	0	0	3	0.2	2.50194168288309	1.24663046348083	0.672142788398839	5.44676496480817	4.77462217640933
815	0	0	0	0.1	0.0687611271128111	0.0878885395535288	-0.104725710200599	0.247334213627688	0.352059923828287	0	0	0	0.2	0.160620702195787	0.21556498405023	-0.250581567772229	0.608235484621427	0.858817052393656	0	0	1	0.1	0.108223985656811	0.108200667516588	-0.089239191893754	0.327606001555226	0.416845193448979	0	0	1	0.2	0.271890661427889	0.223246776475823	-0.1278898648522	0.713369256241075	0.841259121093275	0	0	2	0.1	0.28408487238097	0.141221025383366	0.0341180661752373	0.584463209043429	0.550345142868192	0	0	2	0.2	0.537002794036918	0.260775304556853	0.0551671911444329	1.06298913587929	1.00782194473486	0	0	3	0.1	0.41564432203982	0.184548257744611	0.0888516555692132	0.801346260026358	0.712494604457145	0	0	3	0.2	0.730369232838049	0.319166334100843	0.158097058731019	1.38167246318814	1.22357540445712
744	0	0	0	0.1	0.172013273274833	0.0935118503549265	-0.00668885290171511	0.37208245908498	0.378771311986695	0	0	0	0.2	0.259243541426022	0.178931036679471	-0.112245260010972	0.608815222518055	0.721060482529027	0	0	1	0.1	0.0502167397594102	0.0879016439134286	-0.133922633653694	0.20197301876598	0.335895652419674	0	0	1	0.2	0.154734046124806	0.180068448753141	-0.228952992570692	0.481798041389767	0.710751033960459	0	0	2	0.1	0.224826784216144	0.109105432547596	0.00131841100108874	0.441291697212367	0.439973286211278	0	0	2	0.2	0.55116333524773	0.243929477627119	0.0842117308110416	1.07408934372183	0.989877612910792	0	0	3	0.1	0.439643270088841	0.160332033596297	0.155368577885019	0.788896681656967	0.633528103771948	0	0	3	0.2	0.97574666740008	0.358716639026018	0.358378978787719	1.75646343194469	1.39808445315697
767	0	0	0	0.1	0.0490622167072987	0.084889389381969	-0.112382972704708	0.227376209801897	0.339759182506605	0	0	0	0.2	0.121300526825756	0.190999439787241	-0.212632521935667	0.535300590615282	0.747933112550949	0	0	1	0.1	0.11122001069684	0.113030569255123	-0.0927298949953387	0.376811759544592	0.469541654539931	0	0	1	0.2	0.327878309267138	0.261511303931084	-0.127145706102266	0.919355498451895	1.04650120455416	0	0	2	0.1	0.319672891487836	0.166978077865904	0.033883672720959	0.70319636383133	0.669312691110371	0	0	2	0.2	0.747798367523102	0.362672064956299	0.103467034597807	1.5412378080357	1.4377707734379	0	0	3	0.1	0.514564464194801	0.227278242506747	0.0789566051646077	0.980807318740785	0.901850713576178	0	0	3	0.2	1.06302174924509	0.452076786237755	0.171822739915544	2.02570499141507	1.85388225149953
823	0	0	0	0.1	-0.128096422019987	0.109199699719358	-0.351872102352319	0.0771016204692172	0.428973722821537	0	0	0	0.2	-0.225478952074339	0.201859050259571	-0.646222151912736	0.167187917115678	0.813410069028415	0	0	1	0.1	0.13688401590801	0.135870312493758	-0.128983969077467	0.39726085850652	0.526244827583987	0	0	1	0.2	0.66334450533483	0.479966017123916	-0.120260824907856	1.76175182703988	1.88201265194773	0	0	2	0.1	0.777668769748658	0.460613930285125	0.164045968678171	1.92962522560367	1.7655792569255	0	0	2	0.2	2.01845502005889	1.08882758481619	0.517795337287739	4.57600482853829	4.05820949125055	0	0	3	0.1	1.29682099224913	0.685651706734839	0.393627316361765	2.96381035662382	2.57018304026206	0	0	3	0.2	2.89177519822482	1.26768528187401	0.95879157980714	5.71246018924586	4.75366860943872
743	0	0	0	0.1	0.0781962401500417	0.0489881712108439	-0.0127155093029476	0.179107342067339	0.191822851370286	0	0	0	0.2	0.188446274697809	0.131289835177153	-0.0320949310822044	0.443620571653464	0.475715502735669	0	0	1	0.1	0.648359077072105	0.420460999098269	0.0424221905706535	1.6750738874098	1.63265169683915	0	0	1	0.2	2.15084651457687	0.953330892038141	0.555895381181141	4.20433903942179	3.64844365824065	0	0	2	0.1	1.76719120182936	0.731226352647979	0.582727725218728	3.40354244587996	2.82081472066123	0	0	2	0.2	3.13215211241548	1.14643551551972	1.28455801304409	5.79428808521808	4.50973007217399	0	0	3	0.1	2.24960270910908	0.879783127895861	0.821822680217763	4.27404414094026	3.45222146072249	0	0	3	0.2	3.66085179958007	1.3571988767158	1.46115042117062	6.84827875298826	5.38712833181764
817	0	0	0	0.1	0.311595657854274	0.0971780017933006	0.139040208511323	0.519415707889917	0.380375499378594	0	0	0	0.2	0.98411310443522	0.343763402528163	0.438496841401452	1.81919234499698	1.38069550359553	0	0	1	0.1	0.971310210572158	0.294374512967973	0.499886883038355	1.61885236868236	1.118965485644	0	0	1	0.2	2.53219269111599	0.712560840319135	1.31411573039793	4.00209455379782	2.68797882339989	0	0	2	0.1	2.0147691933586	0.584716123138012	1.05832032655323	3.28979114073121	2.23147081417799	0	0	2	0.2	3.8237356097907	0.87946840857216	2.25828681844663	5.74462742633339	3.48634060788676	0	0	3	0.1	2.79882276014095	0.768772147418742	1.47301228793267	4.43284049327863	2.95982820534596	0	0	3	0.2	4.73893286534908	1.05270013296592	2.91040009932559	7.04956698318653	4.13916688386094
834	0	0	0	0.1	0.179064926534893	0.0537568261874788	0.0767606288024048	0.292465804195431	0.215705175393026	0	0	0	0.2	0.396483896634982	0.133272262611047	0.162389714033846	0.686686880533594	0.524297166499748	0	0	1	0.1	0.384919919955452	0.139527936631903	0.162432552614223	0.709222086319688	0.546789533705464	0	0	1	0.2	1.22205717730013	0.454312083871843	0.520591347797437	2.25316975458635	1.73257840678891	0	0	2	0.1	1.12612761570756	0.330743918112697	0.572173048285952	1.89845104008812	1.32627799180217	0	0	2	0.2	2.19214063774637	0.539042631293091	1.21744856479502	3.30208527597026	2.08463671117524	0	0	3	0.1	1.63855928715565	0.453779575111219	0.865006046290823	2.67427756810742	1.8092715218166	0	0	3	0.2	2.75207727819577	0.668018792321388	1.55785709653999	4.15153906978965	2.59368197324966
740	0	0	0	0.1	0.0695923931322703	0.0613875314325992	-0.0500923353609073	0.189250856017386	0.239343191378293	0	0	0	0.2	0.14152552263294	0.17758295496533	-0.202274876923847	0.490545439925833	0.692820316849679	0	0	1	0.1	0.239312759569291	0.219380180695566	-0.14547479139027	0.737570767727622	0.883045559117893	0	0	1	0.2	1.12817782236806	0.620204303305843	-0.0206863375308432	2.38640912930591	2.40709546683675	0	0	2	0.1	1.19408793454913	0.445939092821545	0.44748049306155	2.1515095023476	1.70402900928605	0	0	2	0.2	2.28545073807818	0.675270948846939	1.08791065442952	3.6461999238452	2.55828926941568	0	0	3	0.1	1.72711614880197	0.528969770809324	0.815471648645003	2.85006417061045	2.03459252196544	0	0	3	0.2	2.89964288228496	0.785526563124121	1.48799239062674	4.52793056539096	3.03993817476422
816	0	0	0	0.1	0.0751894583104016	0.0769065910637967	-0.0846493025278347	0.213268661779895	0.29791796430773	0	0	0	0.2	0.185611063306401	0.219072120597592	-0.246256910205198	0.650008308596337	0.896265218801535	0	0	1	0.1	0.270061048699885	0.192755024175044	-0.0607382996357039	0.682809459782645	0.743547759418349	0	0	1	0.2	1.11516909866871	0.54960686068145	0.193852271592713	2.3125921102404	2.11873983864768	0	0	2	0.1	1.12339391648463	0.412398557110506	0.421134297752328	2.02070569056974	1.59957139281741	0	0	2	0.2	2.27483758764404	0.702033865926715	0.978429189278655	3.71648906364033	2.73805987436168	0	0	3	0.1	1.74612343328242	0.590234455155796	0.735032694501268	3.09348191012751	2.35844921562624	0	0	3	0.2	2.999968135318	0.915133001915076	1.3842930637777	4.95364431846732	3.56935125468962
821	0	0	0	0.1	-0.0621730027755805	0.0781009443539812	-0.245637567647754	0.0715359661715298	0.317173533819284	0	0	0	0.2	-0.216037615149858	0.194548882462098	-0.659575138880012	0.120990852501054	0.780565991381067	0	0	1	0.1	-0.0446781756667514	0.152837919320167	-0.371476380557661	0.267438374114836	0.638914754672497	0	0	1	0.2	0.0980755253427087	0.415730212710551	-0.650692790799332	1.10414667552108	1.75483946632041	0	0	2	0.1	0.388714346641443	0.3301987901499	-0.141465086778824	1.19068965110994	1.33215473788877	0	0	2	0.2	0.857460381067479	0.676133118290485	-0.395838594191654	2.27330666729242	2.66914526148408	0	0	3	0.1	0.659652417184154	0.463839121803863	-0.177580235358737	1.63075667951958	1.80833691487831	0	0	3	0.2	1.20856951244919	0.886614373326019	-0.494127382410735	2.97874831259167	3.47287569500241
864	0	0	0	0.1	0.16036696791417	0.0795872955326573	0.0134756643456306	0.322546803500898	0.309071139155268	0	0	0	0.2	0.386653740813166	0.237756941495182	-0.0272084588527767	0.889258985592409	0.916467444445186	0	0	1	0.1	0.249826763833681	0.280213667329792	-0.216242114818945	0.888573776681482	1.10481589150043	0	0	1	0.2	0.62181892918355	0.658675228961808	-0.43112038638097	2.14185021389314	2.57297060027411	0	0	2	0.1	0.465479885629283	0.448242727572622	-0.170724538685592	1.53597748209396	1.70670202077956	0	0	2	0.2	0.877077185964852	0.773290096587162	-0.323559716906895	2.77687412215596	3.10043383906286	0	0	3	0.1	0.57986597355814	0.480603168816179	-0.131616406195703	1.75611518981082	1.88773159600652	0	0	3	0.2	1.04652386291681	0.802148621289289	-0.224899069686665	3.0066671352215	3.23156620490816
802	0	0	0	0.1	0.0367183641531687	0.0695359533080217	-0.125183172707838	0.155489892991647	0.280673065699485	0	0	0	0.2	-0.0256997286904542	0.213288231937538	-0.49444754636901	0.308154611966864	0.802602158335875	0	0	1	0.1	0.000357532690250257	0.171354307819207	-0.364250951467888	0.309619565677556	0.673870517145443	0	0	1	0.2	0.1855025086503	0.451940763601792	-0.752594689539371	1.15597527591365	1.90856996545302	0	0	2	0.1	0.427291593001664	0.331487757385695	-0.140352936870646	1.19810365429838	1.33845659116902	0	0	2	0.2	0.906378448406488	0.661483976631375	-0.24724657815803	2.3402732644916	2.58751984264963	0	0	3	0.1	0.756000827758338	0.480060256490519	-0.0302056018662788	1.85075998422668	1.88096558609296	0	0	3	0.2	1.39878359155767	0.857257940191193	-0.0613484712610527	3.37200762968918	3.43335610095023
735	0	0	0	0.1	0.270771853352864	0.0863624170312856	0.109357179990273	0.446990061368564	0.337632881378292	0	0	0	0.2	0.581776868899991	0.179106165056947	0.246083270560813	0.938980690698707	0.692897420137895	0	0	1	0.1	0.311886184299701	0.103480812579254	0.11548318981435	0.519014331557193	0.403531141742844	0	0	1	0.2	0.823191419543047	0.311933345051077	0.314577963252645	1.4945217790749	1.17994381582226	0	0	2	0.1	0.607336943402319	0.215994542433682	0.277921216092569	1.10353289164495	0.825611675552376	0	0	2	0.2	1.24505848413979	0.412890318099517	0.615517775400101	2.14454663225598	1.52902885685588	0	0	3	0.1	0.846364831289814	0.295376938987148	0.39965996997857	1.50360382951442	1.10394385953585	0	0	3	0.2	1.44451078814996	0.459612405850594	0.713288704487802	2.50237391028953	1.78908520580173
865	0	0	0	0.1	0.126556834648322	0.0653796029646158	0.00105382901304216	0.257187022744519	0.256133193731476	0	0	0	0.2	0.299020814632274	0.158226055404584	0.0165130864616367	0.636749250439682	0.620236163978045	0	0	1	0.1	0.376779473898348	0.164737832900123	0.0754613829682265	0.748179483890174	0.672718100921947	0	0	1	0.2	1.07891650266686	0.4878250866006	0.239822064149407	2.24629818684485	2.00647612269545	0	0	2	0.1	1.01244820138197	0.399406759412688	0.357949468737315	1.91347586409281	1.5555263953555	0	0	2	0.2	2.18139373877856	0.727589829728877	0.915260094722648	3.72860629780325	2.8133462030806	0	0	3	0.1	1.66653734752023	0.566965608439006	0.730407955593316	2.90790918032215	2.17750122472883	0	0	3	0.2	2.95236080767969	0.847837451155083	1.46560954527715	4.77876627464902	3.31315672937187
814	0	0	0	0.1	0.0590360169797297	0.0966269364620788	-0.143769269822069	0.239548292117516	0.383317561939585	0	0	0	0.2	0.121365477920883	0.236306073944968	-0.343743070469761	0.588498746715177	0.932241817184938	0	0	1	0.1	0.215086037114444	0.17302668335216	-0.0751875690342584	0.592884220968613	0.668071790002872	0	0	1	0.2	0.729880115475768	0.419812165943978	0.0656522889021557	1.67519925206828	1.60954696316612	0	0	2	0.1	0.726207718257482	0.297865601492034	0.257881152241896	1.39929587854182	1.14141472629992	0	0	2	0.2	1.42581349636888	0.51837968473773	0.562168477780112	2.55851666929098	1.99634819151087	0	0	3	0.1	1.05240168952156	0.387286607418839	0.425308847746789	1.88371373992492	1.45840489217813	0	0	3	0.2	1.87513897571281	0.631169967010399	0.819525576073964	3.21939542952139	2.39986985344743
903	0	0	0	0.1	0.0771190846514781	0.064056610887817	-0.0546153878968747	0.206323941607318	0.260939329504192	0	0	0	0.2	0.105298255513339	0.196282625342056	-0.309157537812896	0.49054871577438	0.799706253587276	0	0	1	0.1	-0.0693049307515745	0.211285906195252	-0.499299683368893	0.344450835225822	0.843750518594715	0	0	1	0.2	-0.0864697403694189	0.487077424982676	-1.07453312372111	0.904471505473679	1.97900462919479	0	0	2	0.1	0.16969187106547	0.273102671302246	-0.347024448746391	0.758478516825362	1.10550296557175	0	0	2	0.2	0.467896277848516	0.512746500685138	-0.46770113639196	1.51016687382104	1.977868010213	0	0	3	0.1	0.449407420442638	0.325238090552399	-0.112605543019887	1.14639299261967	1.25899853563956	0	0	3	0.2	0.860514475481973	0.561082542246012	-0.144164616981447	1.96624944685389	2.11041406383534
832	0	0	0	0.1	0.151455807534442	0.121715959454466	-0.0678832571496258	0.409415321738689	0.477298578888315	0	0	0	0.2	0.860111564220932	0.530175186846544	0.0308802329916113	2.12761521029844	2.09673497730683	0	0	1	0.1	0.985757735528244	0.434721843349262	0.328056669875286	1.98723879953402	1.65918212965873	0	0	1	0.2	2.40249355650711	0.856681844821234	0.929531655132282	4.1589907408251	3.22945908569282	0	0	2	0.1	1.65738691387906	0.557463023089939	0.737961721850716	2.86244402295695	2.12448230110624	0	0	2	0.2	2.93889506975337	0.859036319223475	1.44102681548359	4.75082761753863	3.30980080205503	0	0	3	0.1	2.05288352363959	0.642514329838075	0.997527340185758	3.46795094637218	2.47042360618642	0	0	3	0.2	3.32792971778995	0.926318404186014	1.75724816903626	5.23942057288173	3.48217240384546
845	0	0	0	0.1	0.153271361778253	0.066722778097901	0.0326360683155607	0.285291436794134	0.252655368478573	0	0	0	0.2	0.316354103799496	0.14347129027614	0.0628434270436972	0.625593585800785	0.562750158757088	0	0	1	0.1	0.299521251748962	0.124403929075826	0.0744170535297681	0.555212695588415	0.480795642058647	0	0	1	0.2	0.899790791897839	0.384864564899296	0.265907110863407	1.73600895726471	1.4701018464013	0	0	2	0.1	0.885163220285931	0.35707833502665	0.313750276310584	1.69392297723189	1.3801727009213	0	0	2	0.2	1.80500321616667	0.665541038582597	0.684144101146883	3.20281821390232	2.51867411275544	0	0	3	0.1	1.37941321806377	0.563735557928591	0.474095776162786	2.69713976854216	2.22304399237938	0	0	3	0.2	2.50904265380829	0.929408686337874	0.922833252347985	4.57865723745828	3.65582398511029
741	0	0	0	0.1	0.0382179355370614	0.129194387106867	-0.199822363846592	0.310902865496892	0.510725229343483	0	0	0	0.2	0.258646154584877	0.337527597835036	-0.303995137468735	1.0122815116479	1.31627664911664	0	0	1	0.1	0.339999933432968	0.224828061218305	0.0051379762445095	0.86540992170171	0.860271945457201	0	0	1	0.2	1.23466037549888	0.616847126788724	0.302920795739464	2.67933016291336	2.37640936717389	0	0	2	0.1	1.12749903810931	0.455289620035313	0.474453732837309	2.25456545519026	1.78011172235295	0	0	2	0.2	2.41268792699054	0.772379081650191	1.18093403657521	4.12919040890723	2.94825637233202	0	0	3	0.1	1.73627238251665	0.586073971211619	0.826505368331832	3.08887489067621	2.26236952234438	0	0	3	0.2	3.13674096866709	0.910180308114599	1.65559698820316	5.14065997286879	3.48506298466563
822	0	0	0	0.1	-0.014305679497982	0.106454306723143	-0.246100120626837	0.163956432310618	0.410056552937455	0	0	0	0.2	-0.169712920503122	0.223700297083639	-0.663702542270724	0.212864813395634	0.876567355666358	0	0	1	0.1	-0.0890006366056076	0.119431763882866	-0.361145402117863	0.122471077481287	0.48361647959915	0	0	1	0.2	-0.084218589558662	0.249295481562588	-0.616751690006277	0.372156644426241	0.988908334432518	0	0	2	0.1	0.268139262553543	0.152296044893722	-0.0328300852865076	0.582908334556594	0.615738419843101	0	0	2	0.2	0.780031781120259	0.351870499504759	0.133109336717444	1.4892003095628	1.35609097284536	0	0	3	0.1	0.728817499292592	0.247458093455877	0.320820464104954	1.26445672421267	0.943636260107712	0	0	3	0.2	1.62262534832433	0.49458988612083	0.792274352335308	2.72165290879259	1.92937855645729
775	0	0	0	0.1	-0.0139810093635103	0.0680867684813882	-0.155704767429719	0.105989809560377	0.261694576990096	0	0	0	0.2	0.0150198633622029	0.185145350715498	-0.360406774019906	0.396425789033978	0.756832563053884	0	0	1	0.1	0.324326752170805	0.213309632782714	-0.0138768297895664	0.832773255586506	0.846650085376072	0	0	1	0.2	1.16047684985244	0.523924414452175	0.256949221498731	2.33418068546694	2.07723146396821	0	0	2	0.1	1.12516791477242	0.369153626329402	0.516630548157653	1.94144891743046	1.42481836927281	0	0	2	0.2	2.18839485573307	0.582942551686154	1.16791568223685	3.40622889855086	2.23831321631401	0	0	3	0.1	1.53182811470791	0.42637396058665	0.814277009016684	2.46659869002868	1.652321681012	0	0	3	0.2	2.68434353482918	0.699483307576921	1.44190893932864	4.16273890321149	2.72082996388285
747	0	0	0	0.1	0.169022867160045	0.0641817017806736	0.0453795120084009	0.293284729665382	0.247905217656981	0	0	0	0.2	0.321937771226545	0.143283617593903	0.0513712183926141	0.616307805427427	0.564936587034813	0	0	1	0.1	0.250098100625199	0.127332088636206	0.0109764731455393	0.505711474524617	0.494735001379078	0	0	1	0.2	0.653719708642339	0.398350658084559	-0.0516750495116854	1.527664564643	1.57933961415468	0	0	2	0.1	0.567865440795046	0.30006666467097	0.0476341035650796	1.23955284271723	1.19191873915215	0	0	2	0.2	1.19343590315625	0.583562367990445	0.0583500128191622	2.39083299908176	2.3324829862626	0	0	3	0.1	0.853166898506322	0.41643280360956	0.0730534405285048	1.7568827315108	1.68382929098229	0	0	3	0.2	1.51139054938203	0.699636532810285	0.122131424586341	2.92470042723724	2.8025690026509
819	0	0	0	0.1	0.121789862341477	0.083131231352171	-0.0314148355367706	0.298198202282904	0.329613037819675	0	0	0	0.2	0.324391670060466	0.232866122427583	-0.0904804045073542	0.853541212665301	0.944021617172655	0	0	1	0.1	0.298327502182859	0.200184969643078	-0.0741625737250249	0.729968992216158	0.804131565941183	0	0	1	0.2	0.709359379664467	0.453973961592149	-0.142326158716651	1.6638602767296	1.80618643544625	0	0	2	0.1	0.491272117343063	0.257959288734247	-3.72369126472517e-05	1.03052660545957	1.03056384237222	0	0	2	0.2	0.939973185215226	0.495797167685136	-0.0695763383717242	1.92660642270315	1.99618276107488	0	0	3	0.1	0.569283828246412	0.343513202793893	-0.137128700717304	1.1954245015047	1.332553202222	0	0	3	0.2	1.00887196557404	0.732016145414225	-0.715482098824512	2.26449003821532	2.97997213703983
750	0	0	0	0.1	0.105756265987659	0.0470677861667519	0.0131723716347878	0.199568406886588	0.1863960352518	0	0	0	0.2	0.203099330023488	0.0932431869662741	0.0244337916012523	0.392210865292717	0.367777073691465	0	0	1	0.1	0.143560020346048	0.0619366730631408	0.0342375608943488	0.275516836935352	0.241279276041003	0	0	1	0.2	0.337446197335016	0.163672183788089	0.0655744153057813	0.676636465897305	0.611062050591524	0	0	2	0.1	0.329378676988193	0.14738666491865	0.0819903846294374	0.645218745440756	0.563228360811319	0	0	2	0.2	0.714972909939694	0.326866137701146	0.178063485724648	1.42687817259695	1.2488146868723	0	0	3	0.1	0.498042092852863	0.20003868731932	0.13484003428624	0.942449050047363	0.807609015761123	0	0	3	0.2	0.942735599495247	0.381257728418773	0.262960683179586	1.73729968311536	1.47433899993577
901	0	0	0	0.1	0.0282252024257829	0.115095730998255	-0.211722909922806	0.237447890550124	0.44917080047293	0	0	0	0.2	0.0828786609361662	0.230039316072653	-0.373567134612346	0.520289835476374	0.89385697008872	0	0	1	0.1	0.144761667222439	0.129353613726049	-0.0979481895145698	0.421937497527118	0.519885687041688	0	0	1	0.2	0.445934044561555	0.311953686078651	-0.014864918740212	1.23088731981817	1.24575223855838	0	0	2	0.1	0.439053715683174	0.23483816772792	0.12857525511061	1.035073621373	0.906498366262387	0	0	2	0.2	0.901188129150439	0.434035204968691	0.280113805619833	1.99428405445534	1.71417024883551	0	0	3	0.1	0.613521954454459	0.292835450505321	0.216057063977047	1.37857991154477	1.16252284756773	0	0	3	0.2	1.18118598528778	0.501428032740487	0.441609789968953	2.42943084801394	1.98782105804499
922	0	0	0	0.1	0.112223089088555	0.0919420201324778	-0.0710624301735367	0.288638949368729	0.359701379542265	0	0	0	0.2	0.220872717315216	0.268218078073443	-0.315018646074953	0.755451912399223	1.07047055847418	0	0	1	0.1	0.290074628208735	0.211915227843774	-0.0799683056000508	0.722484280838978	0.802452586439028	0	0	1	0.2	1.12406870849063	0.62427160106224	0.129325861749667	2.55638948405753	2.42706362230787	0	0	2	0.1	1.10424220683756	0.424150160929895	0.402414211983885	2.02370878630563	1.62129457432175	0	0	2	0.2	2.10360695303689	0.685826243117303	0.869970517875306	3.56560660032022	2.69563608244492	0	0	3	0.1	1.45391011075512	0.503269144526979	0.606741331436218	2.53718473427929	1.93044340284307	0	0	3	0.2	2.45450031283753	0.761533049903763	1.10197764067245	4.05883125195354	2.9568536112811
846	0	0	0	0.1	0.136000071333996	0.103592276196688	-0.0608987120264924	0.337346441604523	0.398245153631016	0	0	0	0.2	0.238224152393136	0.237409694849785	-0.239498281132289	0.697503966772791	0.937002247905081	0	0	1	0.1	0.205580553615574	0.137955537860127	-0.0954604053205428	0.478358282927181	0.573818688247724	0	0	1	0.2	0.495519748575644	0.308772925018803	-0.147224686521447	1.1142267154964	1.26145140201784	0	0	2	0.1	0.506799096582179	0.206217986387422	0.138115105312962	0.959220466374245	0.821105361061283	0	0	2	0.2	1.08204866627823	0.444919382662302	0.31577842819606	2.00199000173364	1.68621157353758	0	0	3	0.1	0.760762366383651	0.291368526318881	0.255098870488679	1.38824765577001	1.13314878528134	0	0	3	0.2	1.52454419155904	0.579597611666125	0.508674431302835	2.71689974696812	2.20822531566529
923	0	0	0	0.1	0.0385825618517772	0.0842056004816979	-0.125358064255811	0.210303615313452	0.335661679569262	0	0	0	0.2	0.0820612667087476	0.279659260906836	-0.47267150223293	0.661050086135096	1.13372158836803	0	0	1	0.1	0.134434252131465	0.280455905345832	-0.363443023880557	0.781831520373349	1.14527454425391	0	0	1	0.2	0.683858338446599	0.637096298677111	-0.396092002956632	2.08346275708467	2.4795547600413	0	0	2	0.1	0.649064114496307	0.403203111681287	-0.00315067426033631	1.57870313172174	1.58185380598208	0	0	2	0.2	1.24165589431515	0.619646054191407	0.163773167020853	2.57683059868161	2.41305743166076	0	0	3	0.1	0.802058022049561	0.388768931054932	0.168626338590258	1.71862380639061	1.54999746780035	0	0	3	0.2	1.37822495509097	0.608204477802075	0.324223027342133	2.70713896005139	2.38291593270925
896	0	0	0	0.1	0.0927920262787148	0.0811628259617056	-0.0629385838388671	0.260550600028286	0.323489183867153	0	0	0	0.2	0.219466611137666	0.23207888578915	-0.28621680255281	0.705169142205168	0.991385944757978	0	0	1	0.1	0.049827013593059	0.202065904485833	-0.4038351975183	0.374165047172542	0.778000244690842	0	0	1	0.2	0.267648449734275	0.479195932558893	-0.704968762293652	1.23322047132349	1.93818923361714	0	0	2	0.1	0.36900966502579	0.272040543070969	-0.140952093188622	0.983213494297868	1.12416558748649	0	0	2	0.2	1.09050928812758	0.627146126859389	0.0350515326500887	2.5669583736566	2.53190684100651	0	0	3	0.1	0.860387222424867	0.400756199514836	0.260492362910278	1.85866028629307	1.5981679233828	0	0	3	0.2	1.83134263602322	0.753718220679624	0.630446251482865	3.60291227889181	2.97246602740895
829	0	0	0	0.1	0.1184515429817	0.0937094316937101	-0.0761066354183227	0.306357816726324	0.382464452144647	0	0	0	0.2	0.264921062839411	0.269424873106757	-0.279383384171963	0.814420611604843	1.09380399577681	0	0	1	0.1	0.142889878903618	0.26080511801761	-0.355971397202083	0.727157375371823	1.08312877257391	0	0	1	0.2	0.528201383105186	0.635909639084664	-0.523826973791882	2.01149142042179	2.53531839421367	0	0	2	0.1	0.499573582920298	0.390243445702956	-0.0977087053110748	1.49747583518084	1.59518454049191	0	0	2	0.2	1.10304906054873	0.685615366872073	-0.00847717026422604	2.71798971434346	2.72646688460769	0	0	3	0.1	0.79643728456475	0.436270820540394	0.132624141216925	1.83728038704818	1.70465624583125	0	0	3	0.2	1.53489456648751	0.714236624784167	0.352169584284264	3.11155854040874	2.75938895612448
831	0	0	0	0.1	-0.0437951613441923	0.0834375641254579	-0.226592187020536	0.100329877095711	0.326922064116248	0	0	0	0.2	-0.135715724902968	0.204820789622784	-0.630980392040321	0.219206549076504	0.850186941116825	0	0	1	0.1	0.00987839982406131	0.135137121958974	-0.27820194222246	0.267318019854885	0.545519962077345	0	0	1	0.2	0.355005401017205	0.496444271742427	-0.412038695647402	1.59844910899306	2.01048780464046	0	0	2	0.1	0.732540485986565	0.389175782997448	0.135490703806469	1.67219952900855	1.53670882520208	0	0	2	0.2	1.89981967649934	0.745680340700133	0.59733699143774	3.5231999849365	2.92586299349876	0	0	3	0.1	1.46082362011118	0.539931258565552	0.571023199923915	2.62978023987502	2.0587570399511	0	0	3	0.2	2.69839341561045	0.844169417843605	1.24532578384742	4.52156662407243	3.27624084022501
843	0	0	0	0.1	0.0599568690886629	0.0808788872229194	-0.108683879005422	0.214512933829136	0.323196812834557	0	0	0	0.2	0.0941503252329918	0.177315796041444	-0.2654254837503	0.433401852361876	0.698827336112176	0	0	1	0.1	0.147573115892883	0.105799265745873	-0.0809515481167195	0.354670375947844	0.435621924064563	0	0	1	0.2	0.467547382380324	0.252869336721928	-0.0267779689014106	1.01857012444158	1.04534809334299	0	0	2	0.1	0.554759107032241	0.176887628005869	0.236259419082828	0.935756724515626	0.699497305432798	0	0	2	0.2	1.37062330502461	0.427658356630957	0.662825992319313	2.38339609345456	1.72057010113525	0	0	3	0.1	0.982214122128035	0.30086909455784	0.502369270870214	1.72165120667945	1.21928193580923	0	0	3	0.2	2.12104584477437	0.633083971290095	1.09670783913227	3.62084173505653	2.52413389592425
902	0	0	0	0.1	0.216471273091705	0.100120704466183	0.0154878679278913	0.411784013932101	0.39629614600421	0	0	0	0.2	0.399102728107313	0.262815227818391	-0.0321893180457119	1.02273681270277	1.05492613074848	0	0	1	0.1	0.301721844183204	0.260618021290774	-0.0682752601600669	1.02105070177021	1.08932596193028	0	0	1	0.2	0.793975825475496	0.641800334360767	-0.0755980337577081	2.43204119036479	2.5076392241225	0	0	2	0.1	0.763896692126424	0.46309451073015	0.143296282014018	1.97041339502164	1.82711711300762	0	0	2	0.2	1.55274299471508	0.832925528019304	0.315798658902142	3.53567273992718	3.21987408102503	0	0	3	0.1	1.12579116743314	0.617248677660154	0.291754401913464	2.69483502721234	2.40308062529887	0	0	3	0.2	2.13647304017279	1.03360463627832	0.613795947033093	4.60832172882713	3.99452578179404
848	0	0	0	0.1	0.129768031868648	0.0638672292331438	0.0138257418439746	0.258842624465802	0.245016882621827	0	0	0	0.2	0.391536519008666	0.179829081319036	0.109535196086524	0.808151635985966	0.698616439899441	0	0	1	0.1	0.694114684455665	0.274344277245623	0.299070126383961	1.37370600728358	1.07463588089962	0	0	1	0.2	2.12004866506375	0.746262598489804	0.897531551941126	3.68488566248574	2.78735411054461	0	0	2	0.1	1.81375784927665	0.661423676845672	0.707926421116587	3.24374828406438	2.53582186294779	0	0	2	0.2	3.27273416899542	1.03788218687819	1.35495877423253	5.38825991993619	4.03330114570366	0	0	3	0.1	2.34401187131317	0.863368697281495	0.79514978297098	4.16169942250368	3.3665496395327	0	0	3	0.2	3.78233915493336	1.35731325018869	1.24939433324557	6.59234924406375	5.34295491081818
892	0	0	0	0.1	0.0881731694829839	0.078955730798912	-0.0609951045994133	0.259681731691408	0.320676836290821	0	0	0	0.2	0.156368966939158	0.180013676359819	-0.195850499303332	0.532593906855437	0.728444406158769	0	0	1	0.1	0.0592773036008112	0.11990600129316	-0.187976950429177	0.290255351065443	0.47823230149462	0	0	1	0.2	0.108200047759876	0.277317113059361	-0.437928386832316	0.60988984623077	1.04781823306309	0	0	2	0.1	0.107491796042843	0.173773428024146	-0.25196225421192	0.416297789964185	0.668260044176105	0	0	2	0.2	0.211606763041384	0.371755770346561	-0.635624356387277	0.857491302739056	1.49311565912633	0	0	3	0.1	0.157733628772062	0.225387730723166	-0.377332465530176	0.547109271020377	0.924441736550553	0	0	3	0.2	0.269739210368049	0.466687719826616	-0.955367781270183	1.0632164918665	2.01858427313669
895	0	0	0	0.1	0.163327579277508	0.131783705648353	-0.0789993080159286	0.442135024249338	0.521134332265267	0	0	0	0.2	0.274349877316411	0.341034483638808	-0.398988299546122	1.03202656328353	1.43101486282965	0	0	1	0.1	0.314375058128346	0.290851776540274	-0.155490232133637	1.04865572322751	1.20414595536115	0	0	1	0.2	0.991204371964277	0.609819259653568	0.082807753252565	2.29654394966854	2.21373619641597	0	0	2	0.1	0.899085510204059	0.435647281978196	0.316557115623363	1.92971713189161	1.61316001626825	0	0	2	0.2	1.63742345084966	0.65017934576799	0.675184662203901	3.03862689735397	2.36344223515007	0	0	3	0.1	1.12409524861533	0.460271488076137	0.475432996448835	2.14638918338735	1.67095618693852	0	0	3	0.2	1.94996143697614	0.682048923750611	0.884905113642206	3.36642825957821	2.481523145936
827	0	0	0	0.1	0.210252035250022	0.0867487591657414	0.0611751601268161	0.40623700277684	0.345061842650024	0	0	0	0.2	0.466151478101479	0.206524620132727	0.124585035782255	0.939628141128496	0.815043105346242	0	0	1	0.1	0.35196888854105	0.132284297106321	0.127156817700512	0.647381744159211	0.520224926458699	0	0	1	0.2	0.87760577904286	0.370270061608367	0.30773495332068	1.73449792465579	1.42676297133511	0	0	2	0.1	0.668521667536891	0.283371642321849	0.211057691586356	1.34450037376276	1.1334426821764	0	0	2	0.2	1.43204743950384	0.626520396020765	0.400017765980794	2.82472261182511	2.42470484584432	0	0	3	0.1	0.912287806375143	0.430075712142333	0.227651564107655	1.88045340279436	1.6528018386867	0	0	3	0.2	1.83811291674199	0.842164979699083	0.440549834377334	3.59181718290953	3.15126734853219
805	0	0	0	0.1	0.286306331297814	0.091218263527277	0.101916417757922	0.473257760958185	0.371341343200263	0	0	0	0.2	0.546224338551033	0.206561419575406	0.149525054035332	0.997341768250518	0.847816714215186	0	0	1	0.1	0.346636178654303	0.114894625306613	0.134891255363704	0.588615143662139	0.453723888298435	0	0	1	0.2	0.789398765087412	0.273601610525275	0.329716677942053	1.40152761939237	1.07181094145032	0	0	2	0.1	0.704197194224109	0.204465457891483	0.382081491379488	1.16062535609671	0.778543864717222	0	0	2	0.2	1.49792291859979	0.443400839563832	0.799940167291669	2.49577744293846	1.6958372756468	0	0	3	0.1	1.08448466322593	0.332607720779555	0.585827352879148	1.8732574989167	1.28743014603755	0	0	3	0.2	2.19540817639285	0.666105733834988	1.17035217548055	3.7643166132063	2.59396443772575
801	0	0	0	0.1	0.0750864407989907	0.0898024697216972	-0.0903768018500471	0.260879127084652	0.351255928934699	0	0	0	0.2	0.22179791165042	0.220670479962175	-0.145591287739403	0.690002879915348	0.835594167654751	0	0	1	0.1	0.255620835050189	0.165582622298711	-0.00840101297076463	0.639100957447629	0.647501970418393	0	0	1	0.2	0.799118525120383	0.462701233875907	0.111573669766116	1.95145831119919	1.83988464143308	0	0	2	0.1	0.736844561265978	0.328487920181409	0.261017700091207	1.55678957289517	1.29577187280397	0	0	2	0.2	1.60103922090101	0.625033562521753	0.664021216572126	3.10010320369732	2.43608198712519	0	0	3	0.1	1.14621394677649	0.45400165116945	0.463627071952565	2.27069391832697	1.80706684637441	0	0	3	0.2	2.14991837442413	0.771952850482688	0.893534284743906	3.94733621344899	3.05380192870508
797	0	0	0	0.1	0.133542104110474	0.0807017823793029	-0.0267638578336779	0.299000329956213	0.32576418778989	0	0	0	0.2	0.313971979902825	0.173873956353763	-0.00476231908035536	0.682091828738887	0.686854147819243	0	0	1	0.1	0.253215330001157	0.106460294404416	0.0717247732883091	0.489411408845115	0.417686635556806	0	0	1	0.2	0.717281112331544	0.319490404102107	0.24030315168259	1.44322464476752	1.20292149308493	0	0	2	0.1	0.682819887525436	0.287674979422036	0.280971890454267	1.39641619557878	1.11544430512451	0	0	2	0.2	1.77898524967666	0.740496888026902	0.680913983516236	3.5475745755492	2.86666059203297	0	0	3	0.1	1.33193995280771	0.579311402140154	0.5353379629157	2.78434774217948	2.24900977926378	0	0	3	0.2	2.9912957066335	1.11111055820751	1.24942081191453	5.61413280971133	4.3647119977968
847	0	0	0	0.1	0.102974207894787	0.0606812733741403	-0.0125593611259326	0.233536901073707	0.24609626219964	0	0	0	0.2	0.231864207164394	0.138848107909709	-0.00830782549818041	0.531731842590267	0.540039668088448	0	0	1	0.1	0.325146329402201	0.135909985243421	0.0927920014312661	0.614273400382176	0.52148139895091	0	0	1	0.2	1.08460780643333	0.489316094376446	0.396053758831687	2.22563243573475	1.82957867690307	0	0	2	0.1	1.00898253538852	0.412147721812224	0.367117497792968	1.97431326167329	1.60719576388032	0	0	2	0.2	2.33567661047455	0.869153395057775	0.887775459080574	4.42044214510593	3.53266668602535	0	0	3	0.1	1.47380181326333	0.574551032594358	0.559048474128469	2.92435156495938	2.36530309083091	0	0	3	0.2	3.05616289264929	1.10998860331075	1.26582214564383	5.58256955903918	4.31674741339535
844	0	0	0	0.1	0.149108111178052	0.0781772410727044	0.00504963440879469	0.321719572314611	0.316669937905816	0	0	0	0.2	0.340166865236689	0.199654339958679	0.014821766423531	0.757976361345414	0.743154594921883	0	0	1	0.1	0.39508210340494	0.20035704480381	0.0959834661325485	0.880703278036451	0.784719811903903	0	0	1	0.2	1.23571163317257	0.703140841737051	0.308777807754962	3.02243060568277	2.71365279792781	0	0	2	0.1	1.18196723561197	0.547376713121647	0.436085475200335	2.57433983351146	2.13825435831112	0	0	2	0.2	2.64037627708484	1.00636619598641	1.11288387608121	4.95199642170314	3.83911254562193	0	0	3	0.1	1.88133214430231	0.727974010231274	0.844577441091487	3.59713940624787	2.75256196515638	0	0	3	0.2	3.63366861429928	1.24845515179933	1.6572787630695	6.56197142355374	4.90469266048424
925	0	0	0	0.1	0.266819666818067	0.121958257400792	0.0434140773155257	0.532861900545606	0.489447823230081	0	0	0	0.2	0.780960748735948	0.390614596390867	0.195180823200651	1.83379789837039	1.63861707516974	0	0	1	0.1	0.618718855442205	0.297922612919573	0.234725792129442	1.45655733763643	1.22183154550699	0	0	1	0.2	1.55194830914833	0.59511224512217	0.707746833175993	2.95793185020824	2.25018501703225	0	0	2	0.1	1.08714816364432	0.408161434718179	0.525374838789036	2.07860499960693	1.5532301608179	0	0	2	0.2	1.96036255889769	0.614634129882181	1.00444659109062	3.36831715814382	2.3638705670532	0	0	3	0.1	1.20409185750258	0.413670252615535	0.559064322535941	2.20371553751048	1.64465121497454	0	0	3	0.2	2.10048881434298	0.641145829853535	1.00857910564667	3.51551915867042	2.50694005302375
860	0	0	0	0.1	0.104203553846535	0.0874095074706022	-0.0661924761293632	0.277781526724032	0.343974002853396	0	0	0	0.2	0.197523272595896	0.245819459686796	-0.302723324503554	0.67643617834167	0.979159502845225	0	0	1	0.1	0.117381955862399	0.189437530675813	-0.296371705424275	0.488043066442594	0.784414771866869	0	0	1	0.2	0.685888713663154	0.54271894899904	-0.233602139513327	1.86537266867747	2.0989748081908	0	0	2	0.1	0.808390248787911	0.403373642619991	0.160684122147096	1.75252343670836	1.59183931456127	0	0	2	0.2	1.8451179346505	0.771866203535772	0.537747043019703	3.54644673404711	3.00869969102741	0	0	3	0.1	1.39593890989686	0.575225740708562	0.487845626316272	2.70131888956495	2.21347326324868	0	0	3	0.2	2.56261320722577	0.928744118565684	0.979223703497171	4.48633175224873	3.50710804875156
842	0	0	0	0.1	0.183603337481828	0.0839344304807676	0.0240382455645252	0.36224498615158	0.338206740587055	0	0	0	0.2	0.555337702479984	0.267337142664063	0.129069409312648	1.21916991659615	1.0901005072835	0	0	1	0.1	0.638336897253046	0.221553515763373	0.290261333168333	1.14139142652269	0.851130093354358	0	0	1	0.2	1.87001227006706	0.507885526086905	0.992783759291632	2.95091122435863	1.958127465067	0	0	2	0.1	1.63644675697666	0.452807405336628	0.899677569623482	2.65120209130692	1.75152452168344	0	0	2	0.2	3.18756917261239	0.685454166003182	1.98778707065142	4.68830428194612	2.70051721129471	0	0	3	0.1	2.39335136678661	0.647258805971951	1.33256212943258	3.85180709847304	2.51924496904046	0	0	3	0.2	4.25174639163849	0.957774317549012	2.65841680519887	6.58766133276299	3.92924452756413
931	0	0	0	0.1	0.167238178816552	0.0692168106833692	0.041849533525929	0.308799117638188	0.266949584112259	0	0	0	0.2	0.359641341062614	0.160339999420162	0.0840190593363113	0.702832145493952	0.618813086157641	0	0	1	0.1	0.317739317323234	0.112654631682881	0.109371413142902	0.553856972076761	0.444485558933859	0	0	1	0.2	0.866185807661714	0.284356882793544	0.358832595544692	1.5351299522082	1.17629735666351	0	0	2	0.1	0.855546645075426	0.237747203950615	0.460141213184326	1.42759604329247	0.967454830108144	0	0	2	0.2	1.77111287352797	0.464953126704515	0.960761211353778	2.78026474261805	1.81950353126427	0	0	3	0.1	1.3760055844034	0.402068836872928	0.716029535156163	2.29110743314921	1.57507789799305	0	0	3	0.2	2.61274600130161	0.705760526518434	1.40275089803315	4.1293385345056	2.72658763647244
917	0	0	0	0.1	0.26216567583016	0.101460568282389	0.0888147169729593	0.503041171877339	0.414226454904379	0	0	0	0.2	0.543548657306117	0.21316766638592	0.183463935465147	1.03185676143148	0.848392825966333	0	0	1	0.1	0.444152334674634	0.12935895562265	0.227810468651789	0.720039069221266	0.492228600569477	0	0	1	0.2	1.072995149726	0.345009631616004	0.538407677767104	1.91910897472093	1.38070129695383	0	0	2	0.1	1.00695004244135	0.302474936889925	0.565187808276505	1.75834022509794	1.19315241682144	0	0	2	0.2	2.0374054741863	0.580245212516207	1.19900446988562	3.43099224882172	2.2319877789361	0	0	3	0.1	1.42730651848569	0.452784024610766	0.816402208670997	2.59266881120547	1.77626660253447	0	0	3	0.2	2.6417134771851	0.7610955424587	1.57303841269458	4.58775593548654	3.01471752279196
900	0	0	0	0.1	0.0994501948062454	0.0909984097524507	-0.0746368537782992	0.291659465455475	0.366296319233774	0	0	0	0.2	0.281996593624386	0.263096361452442	-0.181208954676796	0.859351189869764	1.04056014454656	0	0	1	0.1	0.368247878176488	0.214572279361623	0.0382118315367081	0.871425489165789	0.833213657629081	0	0	1	0.2	1.07905061356157	0.528120457456878	0.244526472460967	2.33987082503552	2.09534435257455	0	0	2	0.1	0.856195458286673	0.363157790373528	0.290258199970536	1.71044777316903	1.42018957319849	0	0	2	0.2	1.70417319332436	0.707517775465329	0.512959480955022	3.47612351802854	2.96316403707351	0	0	3	0.1	1.06373584096813	0.462220388333856	0.315360207675294	2.17912357699373	1.86376336931843	0	0	3	0.2	1.9734293221883	0.859197971955736	0.54524746024976	4.13644464294098	3.59119718269122
786	0	0	0	0.1	-0.105250961292425	0.0656546053702472	-0.249697697176095	0.00922577028227803	0.258923467458373	0	0	0	0.2	-0.191618823513958	0.131789803746604	-0.47895705788289	0.0455825550551496	0.524539612938039	0	0	1	0.1	0.129147724006068	0.102771760572717	-0.0725464854156745	0.334904030153541	0.407450515569215	0	0	1	0.2	0.655440262080958	0.383464274912834	0.0581438920273068	1.59921843808027	1.54107454605297	0	0	2	0.1	0.994777433559378	0.400851679365237	0.428028472986833	1.92762851649237	1.49960004350554	0	0	2	0.2	2.88627254354995	0.977511157879653	1.32998138090052	4.96709357980553	3.63711219890501	0	0	3	0.1	2.07055243769138	0.765092144836774	0.953432524348329	3.82891327690032	2.87548075255199	0	0	3	0.2	4.43849479243914	1.22768595708364	2.27018608268874	7.24506446029354	4.9748783776048
863	0	0	0	0.1	0.158086078924455	0.0782563902026712	0.0133998784057928	0.322039196911072	0.308639318505279	0	0	0	0.2	0.358678755413724	0.177443345169917	0.0263033240487536	0.729543489484794	0.70324016543604	0	0	1	0.1	0.300734108325067	0.147323152739735	0.0597498721457882	0.650974770465891	0.591224898320103	0	0	1	0.2	0.776524958629713	0.461702318636555	0.0769563545274666	1.941701167109	1.86474481258153	0	0	2	0.1	0.62052807317806	0.292721202391973	0.145723471105132	1.32033426496336	1.17461079385822	0	0	2	0.2	1.26999283067697	0.507188679219949	0.406656925993845	2.43643702172829	2.02978009573444	0	0	3	0.1	0.887287812904776	0.336933758024498	0.333713496553446	1.6808049825128	1.34709148595935	0	0	3	0.2	1.54761373516708	0.527175820033503	0.646718986399303	2.73271885251951	2.0859998661202
924	0	0	0	0.1	-0.0134330916317403	0.122499471392483	-0.282645064366622	0.213009931240903	0.495654995607524	0	0	0	0.2	-0.184803022166656	0.237439426512672	-0.682738618569169	0.259954947173407	0.942693565742576	0	0	1	0.1	-0.160120529707586	0.147963631831164	-0.486699691639987	0.101241752591712	0.587941444231699	0	0	1	0.2	-0.201318889402485	0.304759252548568	-0.862581032327626	0.348796989764062	1.21137802209169	0	0	2	0.1	0.117492617739014	0.165826403904553	-0.209879079092078	0.425555239855501	0.635434318947579	0	0	2	0.2	0.365545006125716	0.358988237591271	-0.346334952217601	1.08032485767706	1.42665980989466	0	0	3	0.1	0.375724934369933	0.203717563817357	-0.00658764926894205	0.782930988795738	0.78951863806468	0	0	3	0.2	0.873514350324248	0.439839550173118	0.0515660193136753	1.7757396114161	1.72417359210243
859	0	0	0	0.1	0.18051934847205	0.129877575481157	-0.061345067783619	0.450881543908134	0.512226611691753	0	0	0	0.2	0.542313356159661	0.367840207457203	-0.116002913944805	1.36836677417202	1.48436968811682	0	0	1	0.1	0.456849600366622	0.226288782419704	0.0850239560659157	0.95903242886295	0.874008472797034	0	0	1	0.2	1.21311770551825	0.469540978939822	0.436367644940616	2.2456208135915	1.80925316865089	0	0	2	0.1	0.941600152434978	0.309241063496739	0.449762774546057	1.66144212302714	1.21167934848109	0	0	2	0.2	1.79614890387982	0.520320747865815	0.940896715032127	2.94947635171095	2.00857963667883	0	0	3	0.1	1.16739216392622	0.352579275000524	0.590662784487391	1.98826653386542	1.39760374937803	0	0	3	0.2	2.10682315164051	0.580556584592398	1.12889329223061	3.40167786980843	2.27278457757781
820	0	0	0	0.1	0.174204455314332	0.0692546008240536	0.040306647674628	0.314751371513764	0.274444723839136	0	0	0	0.2	0.311226123453811	0.177949366323273	-0.0518399603071119	0.675681182838109	0.727521143145221	0	0	1	0.1	0.174883087519419	0.141766022787832	-0.0886639102544335	0.466366209596197	0.555030119850631	0	0	1	0.2	0.51515261888037	0.362524162723509	-0.100063623376065	1.36187336091356	1.46193698428963	0	0	2	0.1	0.528478824947956	0.244804742452023	0.140148006058428	1.08956594146967	0.949417935411243	0	0	2	0.2	1.22174017400859	0.490782574060114	0.416781377149249	2.23463374076296	1.81785236361371	0	0	3	0.1	0.849905928964345	0.321665859565638	0.358730287806185	1.55828148828633	1.19955120048015	0	0	3	0.2	1.76718447241599	0.599022103009056	0.790212784262292	3.03612316484129	2.245910380579
861	0	0	0	0.1	0.0875970948448036	0.073826268248356	-0.0581125225864568	0.231090960883164	0.289203483469621	0	0	0	0.2	0.15567170913106	0.164044246856039	-0.183082864901579	0.478261400686227	0.661344265587806	0	0	1	0.1	0.186742207380878	0.116453852654247	-0.0291544849367812	0.422013727998759	0.45116821293554	0	0	1	0.2	0.433878516694851	0.273666731793132	-0.114712528757851	0.964239842514756	1.07895237127261	0	0	2	0.1	0.447507992497087	0.189641636425692	0.108851496119325	0.838832890599254	0.729981394479929	0	0	2	0.2	0.92436727000091	0.402042063678746	0.259552915731579	1.77083110230974	1.51127818657816	0	0	3	0.1	0.678922087550586	0.274380237204138	0.240876735730704	1.30163602121761	1.0607592854869	0	0	3	0.2	1.29692469181982	0.531863237648798	0.446690243868296	2.50493018671577	2.05823994284747
850	0	0	0	0.1	0.153099943167192	0.0927242365463059	-0.0152943938796011	0.356557968425667	0.371852362305268	0	0	0	0.2	0.406165466736268	0.253793236775227	-0.049167616708878	0.970783986624691	1.01995160333357	0	0	1	0.1	0.227308970205585	0.161571228016566	-0.0418864664989849	0.580369718585055	0.62225618508404	0	0	1	0.2	0.686091362125193	0.407647302998387	0.0431977774160049	1.61225614313713	1.56905836572113	0	0	2	0.1	0.56986870653095	0.258998309301304	0.167365455363245	1.1792818121724	1.01191635680915	0	0	2	0.2	1.21014237595266	0.502960791020244	0.373906790561298	2.31765446183267	1.94374767127137	0	0	3	0.1	0.875810366729781	0.349596019589385	0.317280712977532	1.69530744261322	1.37802672963568	0	0	3	0.2	1.63061366292911	0.60748043304119	0.625800381643983	2.99769599456777	2.37189561292379
899	0	0	0	0.1	0.102205368781796	0.0848689136466315	-0.0734110824650111	0.257011708597667	0.330422791062678	0	0	0	0.2	0.238723552146506	0.198886876477954	-0.146741793684053	0.636825704768963	0.783567498453016	0	0	1	0.1	0.238878074795184	0.132256155955978	0.00391207303981704	0.512139137103006	0.508227064063189	0	0	1	0.2	0.65381162757836	0.331762005588416	0.0976752301822993	1.33728460135	1.2396093711677	0	0	2	0.1	0.626282633465277	0.226830654098101	0.268978688723836	1.14149508965903	0.872516400935197	0	0	2	0.2	1.40176625137789	0.466515202099457	0.645632082453828	2.47409323338198	1.82846115092815	0	0	3	0.1	0.981652699449153	0.319256542202833	0.483459106147605	1.75854271813418	1.27508361198658	0	0	3	0.2	1.96832389309415	0.584010455270534	1.00266675024583	3.31041269530623	2.3077459450604
890	0	0	0	0.1	0.0540870432851379	0.0623001172572582	-0.0679537836590559	0.183671802286203	0.251625585945259	0	0	0	0.2	0.139967676357723	0.154661370780246	-0.142136858600399	0.443412582163789	0.585549440764188	0	0	1	0.1	0.243678343096576	0.19683296640096	-0.0762384312498701	0.680485888158021	0.756724319407891	0	0	1	0.2	1.04407236036766	0.696602097258461	-0.0400004461175222	2.69751011642348	2.73751056254101	0	0	2	0.1	0.913556808272391	0.49877788659907	0.073759598403723	2.0185436802377	1.94478408183397	0	0	2	0.2	2.11781982876462	1.05341519879564	0.215476561801175	4.25547070291451	4.03999414111334	0	0	3	0.1	1.36962994548747	0.655366598544236	0.166846269749123	2.73166106577141	2.56481479602228	0	0	3	0.2	2.77282278947028	1.25445195904787	0.328978769367828	5.15520933455922	4.82623056519139
891	0	0	0	0.1	0.113102928193612	0.100734931268566	-0.0770977483526541	0.322857685763097	0.399955434115751	0	0	0	0.2	0.20820711230825	0.27445005095729	-0.307434034438614	0.799956549747285	1.1073905841859	0	0	1	0.1	0.115954283296569	0.158111157285184	-0.199203619609903	0.432212439329892	0.631416058939795	0	0	1	0.2	0.386656774583176	0.348547599446889	-0.229563634085933	1.15924159495415	1.38880522904009	0	0	2	0.1	0.412790382900849	0.214681442372043	0.0779249358527679	0.93351088118282	0.855585945330052	0	0	2	0.2	0.847462342154174	0.384299314710362	0.228257344023903	1.72970970999675	1.50145236597285	0	0	3	0.1	0.605189149618715	0.256603588082806	0.218538186406261	1.19639268620673	0.97785449980047	0	0	3	0.2	1.10556674928282	0.426016485458665	0.423929722984111	2.00813753770451	1.5842078147204
868	0	0	0	0.1	0.069907259955354	0.0466497555248482	-0.0356828869065786	0.156236277321497	0.191919164228076	0	0	0	0.2	0.140170898701943	0.13350905806653	-0.162357077789208	0.365225089434737	0.527582167223945	0	0	1	0.1	0.12696531387801	0.177468075334184	-0.266459434372172	0.465720957075382	0.732180391447554	0	0	1	0.2	0.662305025082801	0.579201120216729	-0.377565463494061	1.97632077534388	2.35388623883794	0	0	2	0.1	0.724708586343108	0.405896858481028	0.0396471905173156	1.6107135754494	1.57106638493208	0	0	2	0.2	1.6845148548408	0.739344866604945	0.266010553822657	3.15234291287353	2.88633235905087	0	0	3	0.1	1.26192555561182	0.531350850717753	0.354408600535442	2.36433735507321	2.00992875453777	0	0	3	0.2	2.29986388741484	0.866699809256307	0.668117666341806	4.04726785222495	3.37915018588315
873	0	0	0	0.1	0.109845594461107	0.0871510400452761	-0.0577175012917546	0.288664838740674	0.346382340032428	0	0	0	0.2	0.300048284956824	0.200890540145309	-0.0568958518454741	0.756487179336203	0.813383031181677	0	0	1	0.1	0.409570833461296	0.163184420489268	0.149527401461045	0.787456972689095	0.63792957122805	0	0	1	0.2	1.21425116012605	0.50774974367077	0.456134475596379	2.37892146108692	1.92278698549054	0	0	2	0.1	0.912290508732295	0.370129200694965	0.343194253922359	1.80603639764093	1.46284214371857	0	0	2	0.2	2.07939624895429	0.838660640321502	0.818436327603061	3.97083001839075	3.15239369078769	0	0	3	0.1	1.22663231211396	0.539662506669587	0.414341815404003	2.47019297992169	2.05585116451768	0	0	3	0.2	2.58014641762623	1.0968090226931	0.841151124969876	5.07383083786449	4.23267971289462
880	0	0	0	0.1	0.0688615986394854	0.0823543179859556	-0.104054346761681	0.216145091644424	0.320199438406106	0	0	0	0.2	0.122941980115674	0.213579047752224	-0.309458774117494	0.565535722433964	0.874994496551458	0	0	1	0.1	0.209353395465648	0.205081413808868	-0.0999054117837834	0.740286414714171	0.840191826497954	0	0	1	0.2	0.739980901857019	0.567622746988103	-0.0572258945728472	2.18065090413451	2.23787679870736	0	0	2	0.1	0.796804717886722	0.375105021211761	0.233063216756984	1.74002232999494	1.50695911323795	0	0	2	0.2	1.73221274883719	0.686116767220457	0.61106357779027	3.2112576409625	2.60019406317223	0	0	3	0.1	1.25628292710471	0.461528371546709	0.521274527061876	2.25438566503854	1.73311113797666	0	0	3	0.2	2.37371521497266	0.776857099481263	1.05771692623788	3.97518023451689	2.91746330827902
898	0	0	0	0.1	0.226711737450147	0.0949371661615669	0.0658912872678551	0.44600398813035	0.380112700862495	0	0	0	0.2	0.743898368309312	0.397617141303605	0.117990361180232	1.68921266585218	1.57122230467195	0	0	1	0.1	0.518796919638554	0.260222173848473	0.0838546286246172	1.09316994357161	1.00931531494699	0	0	1	0.2	1.12900289040975	0.452515313319408	0.305726636898547	2.05685718393824	1.75113054703969	0	0	2	0.1	0.744682742081064	0.283306049230536	0.234689056537573	1.34972265059716	1.11503359405959	0	0	2	0.2	1.29050748796471	0.465542841206617	0.430386352464381	2.29466377329593	1.86427742083155	0	0	3	0.1	0.772854584452516	0.300822692017732	0.231144076696611	1.44502007313141	1.2138759964348	0	0	3	0.2	1.31470916905894	0.492150991385644	0.408009073769445	2.3744177389329	1.96640866516345
800	0	0	0	0.1	0.0973585888778545	0.0718471019006039	-0.0281796490166428	0.244763984772465	0.272943633789107	0	0	0	0.2	0.375286607446903	0.235482081976871	0.0240715921431637	0.983754388629044	0.95968279648588	0	0	1	0.1	0.616710879761568	0.336837582009287	0.182062227024815	1.44773978509426	1.26567755806945	0	0	1	0.2	1.97653852703801	0.81895076188741	0.742910846241348	3.71163719845689	2.96872635221554	0	0	2	0.1	1.54942165576884	0.542441344675977	0.698109939377628	2.73267910556046	2.03456916618283	0	0	2	0.2	2.96665072335839	0.732365701343387	1.6829890083036	4.43677619274359	2.75378718443999	0	0	3	0.1	2.17438904849763	0.58165431373332	1.17566476268521	3.33207779038358	2.15641302769837	0	0	3	0.2	3.55167246094243	0.731190053047397	2.3210601008095	5.00467491439922	2.68361481358972
851	0	0	0	0.1	0.0166576147244288	0.0662142055936496	-0.121861250663296	0.150898210330702	0.272759460993998	0	0	0	0.2	0.0701280846746607	0.148480877312183	-0.215600054070822	0.396417952002597	0.612018006073418	0	0	1	0.1	0.271549920929811	0.142929758840965	0.0291718904024706	0.570577903307802	0.541406012905332	0	0	1	0.2	0.845979238091611	0.441900176307475	0.169053609057925	1.89755434381697	1.72850073475905	0	0	2	0.1	0.821152428407326	0.365433865414414	0.291337198393771	1.64647196360693	1.35513476521316	0	0	2	0.2	1.80938104691966	0.775632412812648	0.627719325505757	3.63959244598275	3.011873120477	0	0	3	0.1	1.23841112622448	0.555716549138859	0.415877223810653	2.64060851931782	2.22473129550716	0	0	3	0.2	2.45412558282121	1.03969414709207	0.874900861451819	5.07623783027751	4.20133696882569
813	0	0	0	0.1	0.147410311443243	0.0863350907563555	-0.0108416693039238	0.322669122941659	0.333510792245583	0	0	0	0.2	0.680220665679212	0.477163645759968	0.0462932979769048	1.93555914862987	1.88926585065296	0	0	1	0.1	1.12691368334989	0.507379777619781	0.377351685310416	2.28980142602668	1.91244974071626	0	0	1	0.2	2.45017680177916	0.715156648414531	1.1857912505105	3.96430213661762	2.77851088610712	0	0	2	0.1	1.7864955401047	0.537355534340252	0.935617871192062	3.01896982989497	2.08335195870291	0	0	2	0.2	2.91348783901927	0.754968330847031	1.6823709051631	4.61761986766738	2.93524896250428	0	0	3	0.1	1.99096052690399	0.6098956719105	1.04355478343002	3.45827356451006	2.41471878108004	0	0	3	0.2	3.18386132239136	0.874879058204863	1.78783735892226	5.17792208283683	3.39008472391457
825	0	0	0	0.1	0.203786167323379	0.0867207466893167	0.0513547895349503	0.37828679643451	0.326932006899559	0	0	0	0.2	0.494926664415217	0.23096028369191	0.13839042003522	1.02675022777713	0.88835980774191	0	0	1	0.1	0.557699493491573	0.295050584435206	0.172428055898702	1.31236572940787	1.13993767350917	0	0	1	0.2	1.63773436618751	0.642506267244983	0.507304393237755	3.01433908219567	2.50703468895791	0	0	2	0.1	1.14580834180474	0.43395567955872	0.379129723599674	2.03866172544214	1.65953200184246	0	0	2	0.2	2.78526764734153	0.978870960842532	1.07013205177381	4.8320482748456	3.76191622307179	0	0	3	0.1	1.46949315107703	0.574974782987665	0.459209904234326	2.76555698688586	2.30634708265153	0	0	3	0.2	3.42390469030504	1.31252239264661	1.12731932261593	6.37674239322951	5.24942307061359
853	0	0	0	0.1	0.226808865275548	0.088524770493228	0.0673428003192449	0.411582171593165	0.34423937127392	0	0	0	0.2	0.576890372601585	0.234608801640664	0.181719239196835	1.07758806519578	0.895868825998943	0	0	1	0.1	0.406945760034597	0.160069486254317	0.108525745636423	0.749827383556664	0.641301637920241	0	0	1	0.2	1.0743585576828	0.403650396286325	0.389568288962532	1.97383591162203	1.5842676226595	0	0	2	0.1	0.855350404683036	0.284836546026139	0.372951608133264	1.5566760322276	1.18372442409434	0	0	2	0.2	1.87059978534709	0.568226991087364	0.876159459563583	3.1584401306638	2.28228067110022	0	0	3	0.1	1.29023392825813	0.413339306995328	0.607898958375079	2.24826457222542	1.64036561385034	0	0	3	0.2	2.53787317756253	0.73646305862356	1.25088982431455	4.19606286183176	2.94517303751721
897	0	0	0	0.1	0.0789835063615538	0.0598463604363262	-0.0395363172238076	0.194879296922396	0.234415614146204	0	0	0	0.2	0.193063904870545	0.153289372106752	-0.0996757378734414	0.513918980157782	0.613594718031224	0	0	1	0.1	0.171846999157715	0.137929579041987	-0.0845397897993581	0.46370741019577	0.548247199995128	0	0	1	0.2	0.366164004458796	0.35720798424326	-0.297954809313829	1.11676035244519	1.41471516175902	0	0	2	0.1	0.198883966428847	0.277378939986607	-0.340835985470679	0.781185356619309	1.12202134208999	0	0	2	0.2	0.372709576820107	0.609845770119018	-0.84665944161498	1.65350847530338	2.50016791691836	0	0	3	0.1	0.196878365024721	0.401931837413378	-0.587456526958569	1.06199894754011	1.64945547449868	0	0	3	0.2	0.359312172185113	0.814563245049028	-1.24238459544921	2.02338096801088	3.26576556346009
799	0	0	0	0.1	0.0971074903779712	0.101687203736319	-0.0962081948304891	0.301619358083655	0.397827552914145	0	0	0	0.2	0.414309732303534	0.406830692993908	-0.227854124040442	1.28435881936698	1.51221294340742	0	0	1	0.1	0.519844181730002	0.343607998010333	-0.0227045465576115	1.29767665855798	1.3203812051156	0	0	1	0.2	1.60889006096016	0.734525777594874	0.288516748090024	3.13098495291048	2.84246820482046	0	0	2	0.1	1.23350527006415	0.49603770997268	0.371744256537027	2.35895075040421	1.98720649386718	0	0	2	0.2	2.22338847703569	0.778989612055778	0.861285375405281	3.96926326131304	3.10797788590776	0	0	3	0.1	1.47971855644668	0.568400666536503	0.565337835001408	2.85520037922578	2.28986254422437	0	0	3	0.2	2.48558477695418	0.870406856782967	1.07487993680576	4.49010595470779	3.41522601790203
874	0	0	0	0.1	0.0633767745541587	0.0679522248798962	-0.060582097440754	0.20713712059361	0.267719218034364	0	0	0	0.2	0.272541163132037	0.190782704863161	-0.0419527296059118	0.71083297867944	0.752785708285351	0	0	1	0.1	0.509845942414805	0.200264521900596	0.189530229252089	0.966886645075135	0.777356415823046	0	0	1	0.2	1.61033253398313	0.564275407658959	0.632645180896906	2.77608579256245	2.14344061166555	0	0	2	0.1	1.40729546621738	0.450211446490215	0.691159738363456	2.40667807877205	1.7155183404086	0	0	2	0.2	2.70846016182198	0.708137994520633	1.49234323248007	4.24674195382403	2.75439872134396	0	0	3	0.1	1.94124000427945	0.563961455665733	0.99194930756497	3.26439615642907	2.2724468488641	0	0	3	0.2	3.29186605180946	0.8508715227893	1.79984167940781	5.28010580635862	3.48026412695082
871	0	0	0	0.1	0.0901663439197519	0.0904149892561047	-0.101326679412459	0.257926288362534	0.359252967774993	0	0	0	0.2	0.229771037805076	0.213255447420232	-0.206935907646979	0.660404077261642	0.867339984908621	0	0	1	0.1	0.278707075519592	0.141146554714017	-0.00492351671748681	0.563516943248134	0.568440459965621	0	0	1	0.2	0.718761081458413	0.316097670549062	0.135813266645022	1.37635688103418	1.24054361438916	0	0	2	0.1	0.688819035661149	0.208035934815448	0.354177876608911	1.15057948831677	0.79640161170786	0	0	2	0.2	1.26641015459348	0.337287517226002	0.708197674672314	2.01965594300611	1.3114582683338	0	0	3	0.1	0.955143349688175	0.27019770007183	0.515844756930615	1.58928746617133	1.07344270924072	0	0	3	0.2	1.62727765353075	0.410895016974509	0.93800426505884	2.62759216689921	1.68958790184037
739	0	0	0	0.1	0.112389709451674	0.0742828460466109	-0.0409623351302233	0.248776404688429	0.289738739818652	0	0	0	0.2	0.14759512035362	0.168933737053028	-0.220380042418034	0.459096206424153	0.679476248842187	0	0	1	0.1	0.0239782653891499	0.126797092706401	-0.243321281681212	0.258538444409089	0.501859726090302	0	0	1	0.2	0.0579552661378387	0.290088231784298	-0.522045199614815	0.612525452173381	1.1345706517882	0	0	2	0.1	0.228788315448159	0.203693433306592	-0.170659817524996	0.659901719312153	0.830561536837149	0	0	2	0.2	0.531248039681749	0.392720780895311	-0.224942593364671	1.39696168039046	1.62190427375514	0	0	3	0.1	0.500596655703034	0.273356918370284	0.0592685090241704	1.13771679233524	1.07844828331107	0	0	3	0.2	0.960368430888694	0.474361602623144	0.151205373876562	1.99555300367023	1.84434762979367
839	0	0	0	0.1	-0.109791366062504	0.104827024105288	-0.330549059399584	0.0590086385687592	0.389557697968344	0	0	0	0.2	-0.342668461002976	0.246242147613498	-0.867044036655408	0.0889848977708216	0.95602893442623	0	0	1	0.1	-0.146151250735841	0.19230582307577	-0.544217098803981	0.21510760392195	0.759324702725931	0	0	1	0.2	-0.0649534983268942	0.497983126496427	-0.934975154200207	1.08795245896041	2.02292761316061	0	0	2	0.1	0.330771946432426	0.320065355092806	-0.188841487564944	1.12923005499272	1.31807154255766	0	0	2	0.2	1.12035587010229	0.736098691075698	-0.068831816463632	2.83757944635381	2.90641126281745	0	0	3	0.1	0.880061679358312	0.446309017578303	0.199190316657146	1.97613107019599	1.77694075353885	0	0	3	0.2	2.07348345958487	0.863118370168891	0.629143487333856	4.06425748246873	3.43511399513487
887	0	0	0	0.1	0.0506122003877098	0.0807900435739788	-0.116208754151086	0.20245603568071	0.318664789831796	0	0	0	0.2	0.0190558933161002	0.20520047385954	-0.445719798440361	0.40590215802826	0.851621956468621	0	0	1	0.1	-0.00618792667096056	0.157939838307543	-0.355479448855268	0.263983258439419	0.619462707294688	0	0	1	0.2	0.137088024461892	0.354039688286349	-0.578379617876048	0.827414963538464	1.40579458141451	0	0	2	0.1	0.387210065190515	0.228693287586873	-0.0274175670473242	0.874210873813027	0.901628440860351	0	0	2	0.2	1.04914663822297	0.505124094057482	0.154433349507927	2.19155265820676	2.03711930869883	0	0	3	0.1	0.835610400269284	0.325739660855827	0.308618465179891	1.61290726523018	1.30428880005029	0	0	3	0.2	1.70532581988217	0.603492721625924	0.644285591471981	3.09144718532522	2.44716159385324
919	0	0	0	0.1	0.110418701091106	0.0558075707267431	-0.00092410388964718	0.2216216969299	0.222545800819547	0	0	0	0.2	0.225713826620803	0.142149838466634	-0.042242372134353	0.512383722824961	0.554626094959314	0	0	1	0.1	0.231993410572249	0.131714564775908	-4.23714753860636e-05	0.51958589959206	0.519628271067446	0	0	1	0.2	0.550345737295356	0.315143610609992	-0.0143789698778779	1.25560812914073	1.26998709901861	0	0	2	0.1	0.45551028800816	0.219125750416897	0.070032050927334	0.954642191189573	0.884610140262239	0	0	2	0.2	0.870452530445011	0.418542316956682	0.105741022841203	1.81546059808782	1.70971957524662	0	0	3	0.1	0.58687363653681	0.289250856456131	0.0811623554568262	1.25640388529195	1.17524152983512	0	0	3	0.2	1.05813502059787	0.521283699534595	0.128192571373985	2.21137976912056	2.08318719774657
914	0	0	0	0.1	0.108411153163922	0.0600200356373506	-0.00179899687870212	0.236809120326174	0.238608117204876	0	0	0	0.2	0.229111894873969	0.152837105634574	-0.0569362366221253	0.573205079092644	0.630141315714769	0	0	1	0.1	0.177815290561523	0.126845315734135	-0.0467475928986093	0.433596385707351	0.48034397860596	0	0	1	0.2	0.518900039759891	0.37441350294963	-0.126462731076272	1.39491345878715	1.52137618986343	0	0	2	0.1	0.50342519361428	0.246993103835021	0.0561860341868745	1.05965336945457	1.0034673352677	0	0	2	0.2	0.967080284796858	0.447724490321835	0.137388363689693	1.96471196086895	1.82732359717926	0	0	3	0.1	0.677311841066337	0.316069182242005	0.135579466662524	1.38798893663292	1.2524094699704	0	0	3	0.2	1.14620758854357	0.516315123768009	0.23159583532067	2.28378080495027	2.0521849696296
738	0	0	0	0.1	0.23424515982597	0.0997641181645856	0.0662224084414604	0.450793720424021	0.384571311982561	0	0	0	0.2	0.592217564799823	0.301283139092773	0.167429981772554	1.37768406511755	1.21025408334499	0	0	1	0.1	0.466491894715826	0.183194629112543	0.193178696858719	0.945987511345396	0.752808814486677	0	0	1	0.2	1.32445840106821	0.517880588866555	0.552344960998402	2.61927590476468	2.06693094376628	0	0	2	0.1	1.1556090274913	0.356645977643247	0.590364077397852	1.95562370150144	1.36525962410359	0	0	2	0.2	2.58843881256782	0.664094069831218	1.38966275653675	3.89382703324473	2.50416427670798	0	0	3	0.1	1.9059969460411	0.519515938913588	1.01122743396872	3.00300351848533	1.99177608451661	0	0	3	0.2	3.61649972038895	0.847787483409083	2.0933796707941	5.43598919503317	3.34260952423907
841	0	0	0	0.1	-0.016087797065292	0.10059320401858	-0.226392321120748	0.178498367335563	0.404890688456311	0	0	0	0.2	-0.0967732115682089	0.214322278285194	-0.531638632683521	0.346948951122408	0.878587583805928	0	0	1	0.1	0.0724558895764863	0.112211090255578	-0.148459190505251	0.303046431379036	0.451505621884287	0	0	1	0.2	0.317417914665098	0.242155001841896	-0.13498055261263	0.848415258757562	0.983395811370192	0	0	2	0.1	0.55097474489897	0.162266177750137	0.28297044872425	0.929900675019758	0.646930226295507	0	0	2	0.2	1.24541421059603	0.335561656486745	0.67488628111796	1.99941033028997	1.32452404917201	0	0	3	0.1	0.898319022691824	0.224453256810818	0.517274265145865	1.4043864394725	0.887112174326632	0	0	3	0.2	1.76172450684972	0.419735741523432	0.99764163900947	2.6576435119658	1.66000187295633
806	0	0	0	0.1	0.201707954426836	0.169286241320607	-0.10974333170811	0.587242272963163	0.696985604671273	0	0	0	0.2	0.842027148190885	0.442294564977319	0.056380799064437	1.8320323650883	1.77565156602386	0	0	1	0.1	0.742444831881826	0.367294007826999	0.188988890282378	1.62952418013923	1.44053528985686	0	0	1	0.2	1.49678835729985	0.631618191948644	0.422213897484818	2.91937473675661	2.49716083927179	0	0	2	0.1	1.01374698484138	0.401375124141685	0.358519162411866	1.89788601232266	1.53936684991079	0	0	2	0.2	1.76230929560897	0.637827995886995	0.630836901105444	3.06690677660424	2.4360698754988	0	0	3	0.1	1.06939879199214	0.398360958270636	0.347054817949191	1.89724155102604	1.55018673307685	0	0	3	0.2	1.8573609360636	0.654243215607306	0.573763678905689	3.21082169581456	2.63705801690887
804	0	0	0	0.1	0.0715481823464558	0.0713743101873308	-0.0660808070364242	0.20474276042169	0.270823567458115	0	0	0	0.2	0.195075088070977	0.180975632908916	-0.11857504574687	0.58811309452803	0.706688140274901	0	0	1	0.1	0.398981569054226	0.208128495672475	0.0976557709174149	0.868408445836231	0.770752674918816	0	0	1	0.2	1.20960034441786	0.612690097612589	0.29778276888239	2.61559715100553	2.31781438212314	0	0	2	0.1	1.09774496177787	0.439511906389431	0.404520547642392	2.07425120020638	1.66973065256399	0	0	2	0.2	2.43307772820436	0.891150696184128	0.950261644773428	4.35948120588119	3.40921956110776	0	0	3	0.1	1.60178185078884	0.56921009687186	0.683084352243303	2.90748850181302	2.22440414956971	0	0	3	0.2	3.14585342482401	1.03670727592295	1.38323986270978	5.46597501162511	4.08273514891533
858	0	0	0	0.1	0.0887767580194226	0.0835557752027245	-0.066778903199547	0.236088383025794	0.302867286225341	0	0	0	0.2	0.266999042491739	0.223024056919154	-0.142101499549088	0.731443333174254	0.873544832723342	0	0	1	0.1	0.321119610954032	0.162071203436146	0.0358075356138554	0.662952358326822	0.627144822712967	0	0	1	0.2	0.751333788799286	0.358696788049676	0.136515211500184	1.51113921614883	1.37462400464864	0	0	2	0.1	0.557980778229967	0.239289027627809	0.161355867057666	1.09504190977402	0.933686042716354	0	0	2	0.2	1.02669509651603	0.457065305621841	0.179102039540035	1.99933806366178	1.82023602412175	0	0	3	0.1	0.685256207689934	0.340544519499752	0.0616560526331326	1.42299193005513	1.361335877422	0	0	3	0.2	1.19864625565324	0.696026542787328	-0.113938065939571	2.4917672569966	2.60570532293617
761	0	0	0	0.1	-0.075697647276976	0.159667553392886	-0.42819878858532	0.198518236326133	0.626717024911454	0	0	0	0.2	-0.308155501242488	0.328535605061124	-0.976406768088317	0.322213682635747	1.29862045072406	0	0	1	0.1	-0.165750442853617	0.226421487005469	-0.648722097768719	0.305599724844212	0.954321822612932	0	0	1	0.2	0.0994750801793016	0.591097257582626	-0.861703710043366	1.61009994244077	2.47180365248413	0	0	2	0.1	0.411410920360692	0.377961591919121	-0.188311393670066	1.37226011298997	1.56057150666004	0	0	2	0.2	1.18556219034903	0.769378113426006	-5.58283058191579e-05	3.05773611091664	3.05779193922246	0	0	3	0.1	0.882877643121225	0.481948586905712	0.196231095366178	2.07112845178015	1.87489735641397	0	0	3	0.2	1.88206754219304	0.867486018730555	0.518929918506241	3.94365975005373	3.42472983154749
826	0	0	0	0.1	0.125416475156554	0.0929450200266569	-0.055132428545643	0.300238521222971	0.355370949768614	0	0	0	0.2	0.174255450256332	0.225084306575763	-0.316857898975682	0.585418697751901	0.902276596727582	0	0	1	0.1	0.0760140251703537	0.171346541208105	-0.304484154058041	0.375240210472736	0.679724364530777	0	0	1	0.2	0.20839729750222	0.393956378315704	-0.659493787014551	0.887589141922928	1.54708292893748	0	0	2	0.1	0.319919210234493	0.234202037421565	-0.167732699556137	0.764181353051193	0.93191405260733	0	0	2	0.2	0.750088367418719	0.468020889231927	-0.170566115926324	1.6888076796189	1.85937379554523	0	0	3	0.1	0.616206454610674	0.307718248727468	0.0305173789009246	1.28610503364986	1.25558765474894	0	0	3	0.2	1.21252708056134	0.56622743173923	0.131166743064374	2.39252760335522	2.26136086029085
867	0	0	0	0.1	-0.0393173180156513	0.0757415412228578	-0.202577930343962	0.107373770956313	0.309951701300275	0	0	0	0.2	-0.0952208812573214	0.15374283670866	-0.435028537303412	0.180555701251362	0.615584238554774	0	0	1	0.1	-0.00147673139615239	0.0934981654222792	-0.195676026709511	0.162102749337876	0.357778776047388	0	0	1	0.2	-0.0541081323299407	0.234114340784207	-0.497584166813984	0.341296726526955	0.838880893340939	0	0	2	0.1	-0.0125056304402183	0.185405172462221	-0.377074780879731	0.33447334122786	0.71154812210759	0	0	2	0.2	-0.105033550576993	0.491116022660714	-1.11031801575465	0.764655475003027	1.87497349075767	0	0	3	0.1	-0.0636407394206677	0.334570273696171	-0.739485068465969	0.526243668156072	1.26572873662204	0	0	3	0.2	-0.235268501880318	0.842141684623603	-1.93310549417319	1.24805026551955	3.18115575969274
921	0	0	0	0.1	0.0939393756700571	0.0722643463055592	-0.0393330352934538	0.242253280879471	0.281586316172925	0	0	0	0.2	0.337455184707734	0.318381174583051	-0.200964172522546	1.08639309804397	1.28735727056652	0	0	1	0.1	0.550535314618419	0.279338347934512	0.0575248971150735	1.15631223843293	1.09878734131785	0	0	1	0.2	1.23127865522126	0.433341715426804	0.413147878822452	2.08390515510886	1.67075727628641	0	0	2	0.1	0.908361399793428	0.290418007157053	0.380391824424898	1.52018548072219	1.13979365629729	0	0	2	0.2	1.50538265530972	0.445193246295131	0.699707221229069	2.40686145392888	1.70715423269981	0	0	3	0.1	1.00679220762778	0.327276322744781	0.411967807887233	1.72429852252845	1.31233071464121	0	0	3	0.2	1.65944564398329	0.51400397953036	0.73875229669063	2.74370550958539	2.00495321289476
824	0	0	0	0.1	0.31782720418507	0.120218867415722	0.101795157871173	0.570791874460349	0.468996716589176	0	0	0	0.2	0.713570941342779	0.254400259595352	0.263558524905123	1.25699964744455	0.993441122539423	0	0	1	0.1	0.394364276710008	0.159213846694957	0.108451026897497	0.742841651764415	0.634390624866917	0	0	1	0.2	0.896149416396736	0.365309005376479	0.26892594661802	1.70763501180679	1.43870906518877	0	0	2	0.1	0.570602832056902	0.226931770834343	0.171915965693616	1.08615107794967	0.914235112256058	0	0	2	0.2	1.19181867815066	0.460201943258517	0.375811377437093	2.1499561377421	1.77414476030501	0	0	3	0.1	0.754815602285683	0.308582271292559	0.245111233331019	1.40237843438446	1.15726720105344	0	0	3	0.2	1.49759492512228	0.590011335837527	0.498408336771927	2.74900422626164	2.25059588948971
920	0	0	0	0.1	0.217475822711565	0.114887616336724	-0.00417722333655954	0.458034244558705	0.462211467895265	0	0	0	0.2	0.373372627777301	0.288023745586338	-0.179461754327932	0.994027981313599	1.17348973564153	0	0	1	0.1	0.13241098369149	0.183701080842535	-0.240337356595033	0.508572900425904	0.748910257020937	0	0	1	0.2	0.399428277784877	0.403449109615709	-0.37721722594139	1.31071053911251	1.6879277650539	0	0	2	0.1	0.45217362344108	0.244288206122656	0.0293454300084223	1.03342643820118	1.00408100819275	0	0	2	0.2	1.0676056704253	0.486442200791862	0.199065191557385	2.16746625696012	1.96840106540274	0	0	3	0.1	0.820217462357368	0.328504824450617	0.261084548969027	1.51825218751426	1.25716763854523	0	0	3	0.2	1.65800605705347	0.618676859398637	0.564527265203299	2.96024714911062	2.39571988390732
930	0	0	0	0.1	-0.0226778560361586	0.0807459761286472	-0.195638613111286	0.127265321703685	0.322903934814971	0	0	0	0.2	-0.010507132289763	0.163739420738311	-0.359046259520214	0.295999054512056	0.65504531403227	0	0	1	0.1	0.153295573074898	0.0997500286674835	-0.0322698140551742	0.37462573515689	0.406895549212064	0	0	1	0.2	0.455376113274536	0.238164723386737	0.0515967709532503	1.01514814422019	0.963551373266943	0	0	2	0.1	0.529257037962561	0.198863684976364	0.212148270107566	1.0268124657059	0.814664195598333	0	0	2	0.2	1.13367100177849	0.436566986052595	0.439584490640961	2.17074158159045	1.73115709094948	0	0	3	0.1	0.894668249297418	0.342830589042623	0.362313218704689	1.72857788413711	1.36626466543242	0	0	3	0.2	1.7934727673359	0.750074758802526	0.702271608826109	3.77817091274848	3.07589930392237
838	0	0	0	0.1	0.20768102868272	0.0755064314277003	0.0813980917387209	0.390972527909451	0.30957443617073	0	0	0	0.2	0.512634638954827	0.22427934676977	0.158083287029997	1.03873636497531	0.880653077945308	0	0	1	0.1	0.496863870887431	0.191808704392167	0.185357571243883	0.948349941210364	0.762992369966481	0	0	1	0.2	1.27886335420678	0.436107729190308	0.546894793761379	2.20613023616667	1.65923544240529	0	0	2	0.1	1.02104169175647	0.299449092137216	0.516058040632697	1.66231492933958	1.14625688870688	0	0	2	0.2	1.93909568166481	0.502539258968265	1.05037938958419	3.01792323334069	1.9675438437565	0	0	3	0.1	1.45573740045718	0.420662021712025	0.738145779540584	2.36082000832815	1.62267422878757	0	0	3	0.2	2.61868080539572	0.670007590631171	1.3981330659513	4.09741884919036	2.69928578323907
840	0	0	0	0.1	0.204697470381638	0.117551484875785	0.000884433803458265	0.462126652312172	0.461242218508714	0	0	0	0.2	0.700918188084134	0.369685894029386	0.127893486817885	1.57771010110192	1.44981661428404	0	0	1	0.1	0.626840213505389	0.230029078658377	0.270143835023978	1.14197689936968	0.871833064345699	0	0	1	0.2	1.82261212247458	0.601299045871895	0.892431528848724	3.22565065739384	2.33321912854512	0	0	2	0.1	1.44460954370206	0.431453312678727	0.79223344602921	2.5142778837118	1.72204443768259	0	0	2	0.2	2.74264533576101	0.685669981393831	1.61525775009455	4.27038326571134	2.6551255156168	0	0	3	0.1	1.93209254140094	0.551546415975321	1.04685337935298	3.20561508556785	2.15876170621487	0	0	3	0.2	3.26692122559998	0.817784599522583	1.89843284594928	5.12062788582618	3.2221950398769
889	0	0	0	0.1	0.00981179017335941	0.118084013255612	-0.227539239649772	0.232083917593643	0.459623157243414	0	0	0	0.2	-0.0248109766742608	0.269826478944181	-0.521334105334182	0.525001991250728	1.04633609658491	0	0	1	0.1	0.060823170916636	0.141217962280267	-0.217708885854604	0.348849486361785	0.566558372216389	0	0	1	0.2	0.280118812784265	0.301137787169331	-0.283146498506954	0.905719637204749	1.1888661357117	0	0	2	0.1	0.40633501329059	0.184112307456851	0.0730906868821422	0.806240572288651	0.733149885406509	0	0	2	0.2	0.905412056377494	0.358190308811195	0.276942108745572	1.68326044015362	1.40631833140805	0	0	3	0.1	0.710619827723545	0.250592889060354	0.318363494628578	1.25429229719851	0.935928802569931	0	0	3	0.2	1.39233198611653	0.444985794630302	0.666457451372924	2.33983555508916	1.67337810371624
913	0	0	0	0.1	-0.00456078393342545	0.100635958531319	-0.212709813020374	0.181887644722178	0.394597457742551	0	0	0	0.2	-0.0188964589942654	0.209641448198248	-0.426051552199749	0.377199206774791	0.80325075897454	0	0	1	0.1	0.158310131301724	0.122478247036015	-0.0630713886816483	0.418257390970657	0.481328779652305	0	0	1	0.2	0.555554231870334	0.299496000020993	0.0378748254064127	1.22306499660465	1.18519017119823	0	0	2	0.1	0.686817430655274	0.239185826782965	0.31576142847872	1.23427364581461	0.918512217335893	0	0	2	0.2	1.43494555243086	0.432257145596055	0.719739690452555	2.38506411324664	1.66532442279408	0	0	3	0.1	1.11175084685157	0.35641369363412	0.56020301733173	1.94648708887285	1.38628407154112	0	0	3	0.2	2.08978101044264	0.568757433295893	1.12286992450871	3.39988527099734	2.27701534648863
857	0	0	0	0.1	0.183187815996809	0.0775081643208351	0.0484682835519601	0.352386371031466	0.303918087479506	0	0	0	0.2	0.521957615926091	0.302142001600177	0.0970161427551667	1.32350277885038	1.22648663609521	0	0	1	0.1	0.543147334691607	0.307299165193003	0.108219210205504	1.2959791806798	1.18775997047429	0	0	1	0.2	1.67206840448877	0.707220359506943	0.52841222993002	3.17237768809317	2.64396545816315	0	0	2	0.1	1.37660473920481	0.482128777513664	0.58483698786007	2.41248909694101	1.82765210908094	0	0	2	0.2	2.43251207083648	0.684946510163256	1.21794569755241	3.84634332090508	2.62839762335267	0	0	3	0.1	1.80608655277663	0.535181323758573	0.867697323399542	2.92065133341979	2.05295401002024	0	0	3	0.2	2.89286108203599	0.731910285973988	1.58478348100497	4.39399545041356	2.80921196940858
854	0	0	0	0.1	-0.0180304934191365	0.0993130921274562	-0.229412913059986	0.157975632981287	0.387388546041273	0	0	0	0.2	-0.0044393919377632	0.226191570341047	-0.426085916483334	0.442536622217984	0.868622538701317	0	0	1	0.1	0.238004458941954	0.190137368601083	-0.0489281844958327	0.696409909812561	0.745338094308393	0	0	1	0.2	0.848426319077867	0.463609041463155	0.126392473839756	1.93889830501922	1.81250583117947	0	0	2	0.1	0.897988215668261	0.352025022437192	0.370722527794889	1.70676430302896	1.33604177523407	0	0	2	0.2	1.74864678620032	0.5611260973966	0.790550977515693	2.89295258409737	2.10240160658168	0	0	3	0.1	1.35278676763654	0.439785341820461	0.630604528983453	2.31765789155041	1.68705336256696	0	0	3	0.2	2.35595655468842	0.654209177669782	1.21553640081261	3.79410153828501	2.5785651374724
849	0	0	0	0.1	0.00449802659370669	0.0808591918421447	-0.153291156322763	0.160247483108552	0.313538639431314	0	0	0	0.2	-0.0537388394517593	0.192374761504451	-0.4440300666425	0.318044105290041	0.762074171932541	0	0	1	0.1	0.0585295302572901	0.138451760673172	-0.203796740981693	0.344897353002384	0.548694093984077	0	0	1	0.2	0.268392991829478	0.379622272203023	-0.33309064336359	1.2104752932231	1.54356593658669	0	0	2	0.1	0.453765562537241	0.279936151364093	0.053648020059408	1.18228836744808	1.12864034738867	0	0	2	0.2	1.15292349829302	0.60848604822406	0.292923661894327	2.58273647927055	2.28981281737623	0	0	3	0.1	0.885815673188598	0.415607447884835	0.325308166660459	1.95196536386437	1.62665719720392	0	0	3	0.2	1.85529444715577	0.76534474283598	0.744238737174803	3.76971751942315	3.02547878224835
938	0	0	0	0.1	0.154047703278647	0.0725771710269027	0.0338959231036618	0.3207839857021	0.286888062598438	0	0	0	0.2	0.820008450288842	0.511342271826964	0.144280468986629	2.21453969615647	2.07025922716984	0	0	1	0.1	1.28039396954247	0.543618086936128	0.346207011813967	2.48139648022064	2.13518946840668	0	0	1	0.2	2.65434349446497	0.732904169452416	1.32188990644436	4.14325588413104	2.82136597768668	0	0	2	0.1	1.96585586463868	0.584028824542278	0.917451591029185	3.20725008720315	2.28979849617397	0	0	2	0.2	3.0856523565577	0.824255296310882	1.54756032423122	4.80631467098083	3.25875434674961	0	0	3	0.1	2.18726079255592	0.678774771503555	0.97865564391978	3.61711764395478	2.638462000035	0	0	3	0.2	3.34422911592278	0.949184459585486	1.59663759455853	5.34629724414167	3.74965964958314
912	0	0	0	0.1	0.0903918803974706	0.0670538443623988	-0.032798725869921	0.225776065719324	0.258574791589245	0	0	0	0.2	0.25663450968914	0.160770079718771	-0.0467963187773041	0.600747058945483	0.647543377722787	0	0	1	0.1	0.358328376489367	0.169890441115093	0.0434488809218119	0.716949654868939	0.673500773947127	0	0	1	0.2	1.08584271351756	0.503362152901467	0.227128619429426	2.14498568375224	1.91785706432282	0	0	2	0.1	0.896295555904144	0.364315827172211	0.306174673269857	1.69987771194561	1.39370303867575	0	0	2	0.2	1.91143820550555	0.678770465480198	0.729296978307904	3.36298841657203	2.63369143826413	0	0	3	0.1	1.27074426523399	0.480693671553569	0.513753095706417	2.35270854150647	1.83895544580005	0	0	3	0.2	2.36393164324839	0.796086178944605	1.00215368243814	4.0993493533258	3.09719567088766
886	0	0	0	0.1	0.151047637474997	0.0530742874824647	0.0541602407479834	0.255429635996086	0.201269395248102	0	0	0	0.2	0.353552930727296	0.143786403309781	0.107847065531579	0.688307167609776	0.580460102078198	0	0	1	0.1	0.283694514387178	0.152684643386185	0.0377245196625873	0.631916783231089	0.594192263568501	0	0	1	0.2	0.874853217709386	0.491717748485407	0.159432697298251	2.19383120328999	2.03439850599174	0	0	2	0.1	0.754954862000145	0.392635454557932	0.163241421587257	1.75050750855661	1.58726608696935	0	0	2	0.2	1.52044410928679	0.735164798829863	0.28621211150115	3.15192628141462	2.86571416991347	0	0	3	0.1	1.08083231445602	0.571879058480827	0.159922049597255	2.36324782848465	2.20332577888739	0	0	3	0.2	1.92670088323457	0.990641480005531	0.263191822112327	4.14352901853112	3.88033719641879
976	0	0	0	0.1	0.259724082214957	0.099538979146257	0.0874195172630953	0.464260740709278	0.376841223446183	0	0	0	0.2	0.636101765892305	0.290207712791657	0.213570285989428	1.36034785104532	1.14677756505589	0	0	1	0.1	0.405410468378023	0.199363420200349	0.121846176552575	0.890475919867521	0.768629743314946	0	0	1	0.2	0.985667808595125	0.452004303959629	0.321822162874462	2.04961203767404	1.72778987479957	0	0	2	0.1	0.704213492351482	0.299777038709578	0.253678631856104	1.41413363343341	1.16045500157731	0	0	2	0.2	1.35905133383922	0.52639747914844	0.516550147937274	2.55232065055795	2.03577050262068	0	0	3	0.1	0.871958162057209	0.354072052524181	0.332476940111443	1.67902133426523	1.34654439415379	0	0	3	0.2	1.61810519972979	0.592045158174678	0.655935334998121	2.9539558762415	2.29802054124338
862	0	0	0	0.1	0.00903084490410076	0.0769370515019002	-0.153792828658403	0.161083939064902	0.314876767723305	0	0	0	0.2	0.0863495061830244	0.195125345654501	-0.251185506541066	0.5444351688711	0.795620675412166	0	0	1	0.1	0.185420777333345	0.253855426725156	-0.125125347269378	0.878554855469167	1.00368020273855	0	0	1	0.2	0.668347445125944	0.83987219423908	-0.276133193150475	3.02544759444411	3.30158078759458	0	0	2	0.1	0.599596376734727	0.662237816280309	-0.132187721757978	2.33091149756579	2.46309921932377	0	0	2	0.2	1.41408207127328	1.29854347659083	-0.216288565344513	4.54754801656301	4.76383658190752	0	0	3	0.1	0.979653506186865	0.887259045944297	-0.0809923785374013	3.06228413297981	3.14327651151721	0	0	3	0.2	2.01585730665843	1.51401881646306	-0.0914960033686554	5.26450119208511	5.35599719545376
879	0	0	0	0.1	0.05831993866007	0.0762125368611028	-0.0998495002662422	0.198783686238094	0.298633186504336	0	0	0	0.2	0.105847233698895	0.192178446151952	-0.28926482600107	0.486923120975926	0.776187946976996	0	0	1	0.1	0.153983109675302	0.146478212278237	-0.113779408139883	0.462697272739855	0.576476680879738	0	0	1	0.2	0.497943366408953	0.382396336244918	-0.185239660519422	1.32482543067191	1.51006509119133	0	0	2	0.1	0.596174305086666	0.275717723084766	0.130739220220383	1.20259623469765	1.07185701447727	0	0	2	0.2	1.30575942708762	0.512551634108301	0.385804373772257	2.40101474688642	2.01521037311416	0	0	3	0.1	1.06074194098172	0.384057503578196	0.401172634541959	1.93200045148599	1.53082781694403	0	0	3	0.2	1.95193865356677	0.601122184647728	0.866534206346601	3.24110557135884	2.37457136501224
872	0	0	0	0.1	0.0245751569268904	0.112540709432628	-0.206720325496225	0.240374486895002	0.447094812391226	0	0	0	0.2	-0.21658315769782	0.2683527539157	-0.770269612097806	0.292751846803923	1.06302145890173	0	0	1	0.1	-0.191855777842482	0.252348983642343	-0.747061927360521	0.246018125211174	0.993080052571695	0	0	1	0.2	0.121208434501034	0.813521356646299	-1.44888385923936	1.74253536545231	3.19141922469167	0	0	2	0.1	0.671597148695988	0.526726292729829	-0.28860369962018	1.75021234006559	2.03881603968577	0	0	2	0.2	1.82768676476424	1.00485319700437	-0.188704021266729	3.81921591432291	4.00791993558964	0	0	3	0.1	1.29512232903403	0.596256808768673	0.21915960908574	2.5817483158848	2.36258870679906	0	0	3	0.2	2.65783259248208	1.06620525461334	0.705883522273188	4.87422271356701	4.16833919129382
803	0	0	0	0.1	0.0218960617393368	0.0493899006698879	-0.0699043096202199	0.121113477697888	0.191017787318108	0	0	0	0.2	0.0600374200249272	0.0994443996155257	-0.122998586444503	0.262731446398794	0.385730032843297	0	0	1	0.1	0.176767906574351	0.0817174484966875	0.0247382606181657	0.359872645850658	0.335134385232493	0	0	1	0.2	0.549889127024251	0.26684712516883	0.137941790358634	1.16628843830467	1.02834664794604	0	0	2	0.1	0.74735951492798	0.300230911228129	0.31152225312298	1.52587440050689	1.21435214738391	0	0	2	0.2	2.128490513676	0.774167607339979	0.878210625045259	3.85329875230936	2.9750881272641	0	0	3	0.1	1.80828177682273	0.627576990176954	0.823544274716066	3.1980597454722	2.37451547075613	0	0	3	0.2	3.76087044413091	1.00643206217154	1.985401207188	5.84644888491606	3.86104767772806
882	0	0	0	0.1	-0.0527208895804133	0.0790640870098512	-0.222915358315323	0.0797753981758794	0.302690756491202	0	0	0	0.2	-0.167478352006556	0.199653230371314	-0.58554222878381	0.180089335641248	0.765631564425058	0	0	1	0.1	-0.0165535297056644	0.149617555451777	-0.297955071023472	0.290065414291273	0.588020485314745	0	0	1	0.2	0.244623842732169	0.407463364309941	-0.380916169360646	1.17421904883066	1.55513521819131	0	0	2	0.1	0.43376612135695	0.267848612984098	0.069800556747249	1.07898992836265	1.0091893716154	0	0	2	0.2	1.17991065512893	0.57927051616404	0.335176542629212	2.52811393290255	2.19293739027334	0	0	3	0.1	0.820134635891571	0.359095916116355	0.325055759736636	1.70371579966896	1.37866003993232	0	0	3	0.2	1.77059313015172	0.685799058871749	0.72827670623219	3.42502414752365	2.69674744129146
869	0	0	0	0.1	0.108559091560214	0.0577881414745177	0.000652313847378384	0.232961081063157	0.232308767215778	0	0	0	0.2	0.249643243500386	0.147253930841141	-0.0356818971407242	0.561499899103587	0.597181796244311	0	0	1	0.1	0.0679575956830796	0.173243424585667	-0.32227067438669	0.354781694220818	0.677052368607508	0	0	1	0.2	0.368735898409734	0.539945882498301	-0.655627984914091	1.50525381282831	2.1608817977424	0	0	2	0.1	0.481941125450935	0.353670864392301	-0.122580970644709	1.27625905064402	1.39884002128873	0	0	2	0.2	1.25963133175407	0.646270851096791	0.0623257935885518	2.61218376981841	2.54985797622986	0	0	3	0.1	1.0479450211014	0.44715629827719	0.261524922736237	2.03582626791184	1.77430134517561	0	0	3	0.2	1.86903216968744	0.713905933122655	0.518461450083102	3.382483681953	2.8640222318699
883	0	0	0	0.1	-0.0159529417035537	0.0971183383172381	-0.216865861333873	0.157807511629946	0.374673372963819	0	0	0	0.2	-0.158087475061753	0.263899173302221	-0.704163168600359	0.326474190863782	1.03063735946414	0	0	1	0.1	-0.0510149280652054	0.189193423162021	-0.422945597459241	0.313830316640451	0.736775914099692	0	0	1	0.2	0.24588352298865	0.453325866354909	-0.576968345010852	1.28757106536857	1.86453941037942	0	0	2	0.1	0.480859156048063	0.277726429682051	0.0269339988863879	1.1721309941264	1.14519699524001	0	0	2	0.2	1.1497523200408	0.495058661011627	0.277047923537903	2.28992189795736	2.01287397441946	0	0	3	0.1	0.824841383120974	0.318980323405076	0.284279862958679	1.57364836684359	1.28936850388491	0	0	3	0.2	1.5691359349272	0.545844626095874	0.616644038255223	2.77240917513284	2.15576513687761
876	0	0	0	0.1	0.32654359077266	0.110674346365672	0.129693104127674	0.556969993543763	0.427276889416089	0	0	0	0.2	0.563898807244561	0.218704906408891	0.174420394494387	1.01267588254546	0.838255488051068	0	0	1	0.1	0.250863794360409	0.128421122934113	0.0128576701519006	0.510693126830734	0.497835456678834	0	0	1	0.2	0.577320116638571	0.344245629116006	0.00335032205651108	1.32583158147816	1.32248125942165	0	0	2	0.1	0.442983100217328	0.259549031497078	0.045350657152642	1.03255159284863	0.987200935695993	0	0	2	0.2	0.963721976533036	0.617339034411464	0.0684925228628049	2.40774070117256	2.33924817830976	0	0	3	0.1	0.645710911162444	0.402031084583698	0.0512064643136147	1.54854360683331	1.4973371425197	0	0	3	0.2	1.24421344691443	0.805736646399667	0.0408712329728039	2.99955279148292	2.95868155851012
856	0	0	0	0.1	0.104742423538316	0.0622442881090229	-0.0157116060417394	0.230075618699951	0.245787224741691	0	0	0	0.2	0.149283880357684	0.150588987214617	-0.149759947877894	0.45163724454642	0.601397192424314	0	0	1	0.1	0.0889219199844722	0.102229385229181	-0.120767907899182	0.291589938880766	0.412357846779949	0	0	1	0.2	0.0988251982345176	0.219547659056695	-0.345949805629901	0.521359878172073	0.867309683801973	0	0	2	0.1	0.132902323685781	0.141316002324361	-0.137548477153318	0.397600500264653	0.535148977417971	0	0	2	0.2	0.214557345103429	0.285331918824483	-0.345235758075997	0.751808835174035	1.09704459325003	0	0	3	0.1	0.18116351196464	0.193493133581867	-0.190242046046866	0.551927652523348	0.742169698570214	0	0	3	0.2	0.313082897161803	0.366992497657044	-0.416374598435124	1.01533991003516	1.43171450847029
877	0	0	0	0.1	0.0199086967868806	0.0820050036507112	-0.152442829422864	0.173141261089668	0.325584090512532	0	0	0	0.2	-0.0458696975335373	0.186862806602664	-0.440392639283024	0.302008806880665	0.742401446163689	0	0	1	0.1	-0.00638150493718812	0.117148320319498	-0.236581757782458	0.214199220782327	0.450780978564785	0	0	1	0.2	0.124068843316591	0.289188501980603	-0.425514062200886	0.722174803490279	1.14768886569117	0	0	2	0.1	0.369827073035811	0.222796473223431	-0.0216475784692512	0.84235067874254	0.863998257211791	0	0	2	0.2	0.931448982525849	0.507433398944246	0.0370664046309313	1.95735247668152	1.92028607205059	0	0	3	0.1	0.77247431501505	0.3656369567087	0.146867530098916	1.53831229462714	1.39144476452822	0	0	3	0.2	1.55832960938233	0.689746784135389	0.311224847706212	3.00478273379979	2.69355788609358
929	0	0	0	0.1	-0.0292793855597221	0.0750954113134141	-0.191264593554797	0.107461378748798	0.298725972303594	0	0	0	0.2	-0.0216644136431262	0.179080460160611	-0.381994802373463	0.302139456835272	0.684134259208735	0	0	1	0.1	0.172880648593496	0.153992706712865	-0.092503486520748	0.536682422179328	0.629185908700076	0	0	1	0.2	0.930255556257933	0.596592380470527	0.0492677706508844	2.34367676561294	2.29440899496206	0	0	2	0.1	1.05225792059498	0.477070282233411	0.351401286246415	2.11134508915865	1.75994380291223	0	0	2	0.2	2.35316160121742	0.889827971248534	0.910110250432717	4.24803722349215	3.33792697305943	0	0	3	0.1	1.66287785791105	0.660412608386648	0.638501892144886	3.21816183191872	2.57965993977383	0	0	3	0.2	3.02603315970513	1.07199628432495	1.29467538840282	5.34861433668843	4.05393894828561
870	0	0	0	0.1	-0.0162511780569346	0.0839512713025632	-0.19390350001989	0.139866302051104	0.333769802070993	0	0	0	0.2	-0.0961021726912342	0.181224345121159	-0.470665898118646	0.233195001554106	0.703860899672751	0	0	1	0.1	-0.0130865211303739	0.110783490443469	-0.243683776472384	0.178880065520446	0.42256384199283	0	0	1	0.2	0.0132141862398955	0.241324449959294	-0.480984887814182	0.466040996219379	0.947025884033561	0	0	2	0.1	0.190918324985592	0.150491663749764	-0.0665317804562339	0.523304947663893	0.589836728120127	0	0	2	0.2	0.486178065373745	0.346300159222251	-0.112561252010548	1.25365476448341	1.36621601649396	0	0	3	0.1	0.447080036909298	0.238195648709828	0.0424482338257057	1.00002755503306	0.957579321207352	0	0	3	0.2	0.989126980573989	0.512975968773578	0.13924412192875	2.19518467033129	2.05594054840254
939	0	0	0	0.1	0.0897981143078247	0.0936643444408016	-0.0866742132861798	0.278708888484799	0.365383101770978	0	0	0	0.2	0.173445664560203	0.196709628088433	-0.18479552853159	0.580534967951391	0.765330496482981	0	0	1	0.1	0.113959960419432	0.0929757516043531	-0.0624057659836228	0.304553775644778	0.366959541628401	0	0	1	0.2	0.310359850927406	0.211482109735648	-0.0770546659779645	0.763807260570157	0.840861926548121	0	0	2	0.1	0.322587127712329	0.131207490560203	0.0932902031654429	0.597881735350192	0.504591532184749	0	0	2	0.2	0.737552445220858	0.292944443886406	0.225437870800875	1.40457629745711	1.17913842665624	0	0	3	0.1	0.515676337131735	0.189760339185737	0.179693911402981	0.94423597232335	0.764542060920369	0	0	3	0.2	1.05611024255998	0.383781162435246	0.374349178736809	1.91125703286915	1.53690785413234
884	0	0	0	0.1	0.143462622828296	0.084016013234026	-0.00975853096210876	0.31237570070333	0.322134231665438	0	0	0	0.2	0.412418663553342	0.217196267476303	0.0388791576291758	0.870018065300966	0.83113890767179	0	0	1	0.1	0.413573747104589	0.140402038154009	0.170185085954878	0.709325268912525	0.539140182957647	0	0	1	0.2	1.18013223238292	0.384833243424549	0.533655883325755	2.00379565688305	1.47013977355729	0	0	2	0.1	1.02822822599089	0.279533062413606	0.592095460150152	1.65676236477325	1.0646669046231	0	0	2	0.2	2.20797788102367	0.558028824680769	1.26389169191348	3.42040901435997	2.1565173224465	0	0	3	0.1	1.60001384869694	0.432563538218924	0.910318659787986	2.61132135077945	1.70100269099147	0	0	3	0.2	3.04974989573443	0.738553057986448	1.80593317478903	4.72213233081192	2.9161991560229
885	0	0	0	0.1	0.150547364669445	0.125211466260217	-0.0888687607107269	0.395875676145061	0.484744436855788	0	0	0	0.2	0.315795567555233	0.266893131042863	-0.225480586938377	0.823802550711018	1.0492831376494	0	0	1	0.1	0.214909326979084	0.142382146722261	-0.0889914933821109	0.496098407072256	0.585089900454367	0	0	1	0.2	0.601587989171373	0.331629589934049	-0.0686743835843543	1.26767635022041	1.33635073380476	0	0	2	0.1	0.611906767643664	0.232691310975494	0.21081796069805	1.10110065984902	0.890282699150971	0	0	2	0.2	1.51585713512085	0.543993227583682	0.602913477563861	2.7482034549305	2.14528997736664	0	0	3	0.1	1.190141815062	0.427324764695077	0.487271642149943	2.17408470393322	1.68681306178328	0	0	3	0.2	2.52142138983006	0.829986696721763	1.0399901699046	4.43810947905266	3.39811930914806
932	0	0	0	0.1	0.0910435112664337	0.0588256241487246	-0.0345662688791128	0.205373240103884	0.239939508982997	0	0	0	0.2	0.115830535007829	0.158584932542094	-0.212246849919216	0.42364498873062	0.635891838649836	0	0	1	0.1	-0.0168223738358114	0.143878273724945	-0.343327100316124	0.230302737171151	0.573629837487275	0	0	1	0.2	-0.0945167179184185	0.361484987461381	-0.859763076720456	0.561017649474682	1.42078072619514	0	0	2	0.1	0.133596976524148	0.210358539501938	-0.312985306626254	0.539721816272643	0.852707122898897	0	0	2	0.2	0.397275270524104	0.443831812531741	-0.466148994283545	1.31627281370633	1.78242180798987	0	0	3	0.1	0.427697751293042	0.276688561677603	-0.0776560801534068	0.991718082101073	1.06937416225448	0	0	3	0.2	0.865206749088453	0.524308954183985	-0.0934070337698855	2.02634125944	2.11974829320988
866	0	0	0	0.1	0.206940385399934	0.0868622313371032	0.0501926199646475	0.38035787788059	0.330165257915943	0	0	0	0.2	0.431620175092996	0.212237495959669	0.0391428226529246	0.879207100826255	0.840064278173331	0	0	1	0.1	0.267230670214783	0.130124515258976	0.0303007799301855	0.538915770878517	0.508614990948332	0	0	1	0.2	0.641908548380859	0.309460983798742	0.120575755390843	1.32879419412749	1.20821843873664	0	0	2	0.1	0.554076714076882	0.224146476144761	0.211482493000491	1.08956187076836	0.878079377767873	0	0	2	0.2	1.16097033156342	0.447595352632834	0.457552682289349	2.19206121198204	1.73450852969269	0	0	3	0.1	0.808092640835449	0.314913479534044	0.364301865776976	1.54166488255464	1.17736301677766	0	0	3	0.2	1.57737714555098	0.5596876278321	0.729572825092428	2.90054338043913	2.1709705553467
941	0	0	0	0.1	0.115057469988056	0.072268218454217	-0.0222577377893128	0.258752113521102	0.281009851310415	0	0	0	0.2	0.260845198732167	0.183261610956312	-0.07364659165315	0.667739473828185	0.741386065481335	0	0	1	0.1	0.248784731194061	0.131895368505813	0.0304957963200774	0.551934715056647	0.52143891873657	0	0	1	0.2	0.926407904566737	0.481620008899037	0.217364574304261	2.05336524402689	1.83600066972263	0	0	2	0.1	1.04993682476471	0.38907830707819	0.458273340637555	1.92947305812481	1.47119971748725	0	0	2	0.2	2.54765722802835	0.760305594173742	1.23470032661331	4.21583547846043	2.98113515184712	0	0	3	0.1	1.89374430193636	0.585222166259208	0.938471278292146	3.19032063446433	2.25184935617219	0	0	3	0.2	3.56867511736501	0.958266754410431	1.93371277004875	5.65684619860696	3.72313342855822
910	0	0	0	0.1	-0.0149094730421159	0.0665076216045429	-0.147125111229544	0.123343689990803	0.270468801220347	0	0	0	0.2	0.100215003626138	0.174823058457964	-0.200404395185977	0.478673458469978	0.679077853655955	0	0	1	0.1	0.35924734966686	0.160928365541334	0.0787180322755741	0.693192241618759	0.614474209343185	0	0	1	0.2	0.659830905891973	0.312564992367637	0.115771674025515	1.28220032728036	1.16642865325485	0	0	2	0.1	0.209772147796123	0.183230927758587	-0.100320503826399	0.600397230761828	0.700717734588227	0	0	2	0.2	0.376796753123275	0.378756951931208	-0.316851614336414	1.17311803770873	1.48996965204514	0	0	3	0.1	0.142849661336736	0.195063857877395	-0.208378563971565	0.550470207741474	0.75884877171304	0	0	3	0.2	0.286170746181483	0.416640162076414	-0.500692731345547	1.13173579927348	1.63242853061902
908	0	0	0	0.1	0.234234198034091	0.096764779673198	0.0676336985310274	0.460779469822276	0.393145771291249	0	0	0	0.2	0.711962284326453	0.302213672106252	0.223408930071257	1.40840281448861	1.18499388441735	0	0	1	0.1	0.527659927408376	0.189192309009209	0.245302522338574	0.991901096285499	0.746598573946925	0	0	1	0.2	1.5482421228575	0.480513346286512	0.798816846407964	2.65045486915495	1.85163802274698	0	0	2	0.1	1.2708485593968	0.36506588481508	0.696637478806584	2.06906105707957	1.37242357827299	0	0	2	0.2	2.26998307601247	0.513275537738307	1.35340219440174	3.3345415249032	1.98113933050145	0	0	3	0.1	1.71866445563496	0.460142989811109	0.92951301743222	2.66459063346051	1.73507761602829	0	0	3	0.2	2.76771788614566	0.611065362783096	1.67605541014708	4.02819498672384	2.35213957657676
936	0	0	0	0.1	0.0321290658288202	0.11446995156814	-0.200069305509605	0.264120726378189	0.464190031887794	0	0	0	0.2	0.210177594035365	0.336052645504542	-0.416381325307393	0.955704340173729	1.37208566548112	0	0	1	0.1	0.32028859045407	0.261523181246724	-0.103320113535027	0.956147475056334	1.05946758859136	0	0	1	0.2	0.870592572058591	0.534857516811712	-0.0567909141019967	2.16884345163801	2.22563436574	0	0	2	0.1	0.675492767644039	0.374868098843587	0.0575818180826634	1.56581577201448	1.50823395393182	0	0	2	0.2	1.2391226604253	0.628563202798772	0.14039477078698	2.63621891193005	2.49582414114307	0	0	3	0.1	0.831110224915467	0.437192935413917	0.0966474645783163	1.77374753986322	1.6771000752849	0	0	3	0.2	1.45053383571954	0.726341180709493	0.178897037725507	2.94689835424836	2.76800131652285
855	0	0	0	0.1	-0.0820251296066707	0.0959417128375476	-0.284688236506722	0.0969306840718254	0.381618920578548	0	0	0	0.2	-0.218425178998481	0.192995180443832	-0.639480801363394	0.143751723781028	0.783232525144422	0	0	1	0.1	-0.025303554863306	0.0951541346754218	-0.231994110524605	0.148996723297067	0.380990833821672	0	0	1	0.2	0.0242539607883554	0.201456735292763	-0.405944319733531	0.433182102492959	0.839126422226489	0	0	2	0.1	0.241933915593491	0.11777902970529	0.0182538383702139	0.500499268574164	0.48224543020395	0	0	2	0.2	0.626884231643258	0.272723624556049	0.1261273443275	1.21233898963771	1.08621164531021	0	0	3	0.1	0.502710470423733	0.174112006073661	0.210259756793313	0.89708481291944	0.686825056126127	0	0	3	0.2	1.14114815068387	0.399811604945106	0.480090280646569	2.04479771436646	1.5647074337199
948	0	0	0	0.1	0.0593065811829263	0.0940731317511546	-0.123581066802505	0.24005073491115	0.363631801713655	0	0	0	0.2	0.239432470373627	0.277811538223566	-0.251352995964257	0.85731621753028	1.10866921349454	0	0	1	0.1	0.406437687000821	0.206915025787089	0.10500721073477	0.891135600803934	0.786128390069164	0	0	1	0.2	1.23569164893327	0.476406810099051	0.465517153615742	2.2598012683833	1.79428411476756	0	0	2	0.1	1.05918919732969	0.324225988092312	0.550365217900843	1.80077172386836	1.25040650596752	0	0	2	0.2	1.92431023595448	0.480199814551637	1.1098324133702	2.89029699647144	1.78046458310124	0	0	3	0.1	1.40676979770431	0.385136900141996	0.771258431407187	2.21541985375876	1.44416142235158	0	0	3	0.2	2.34045679599743	0.546846720640818	1.38990946901704	3.453180512914	2.06327104389696
933	0	0	0	0.1	0.0691253994002298	0.0667775833437328	-0.0711930545301479	0.196344685140875	0.267537739671023	0	0	0	0.2	0.170018473321762	0.142293585664046	-0.114133896276924	0.469183120850162	0.583317017127086	0	0	1	0.1	0.227108605558525	0.111062525766972	0.0336520667192413	0.45777625020311	0.424124183483869	0	0	1	0.2	0.735223450874724	0.368728336115253	0.170692567926402	1.55140571384208	1.38071314591568	0	0	2	0.1	0.833398595614476	0.348717797065072	0.337817184172562	1.60352123836146	1.2657040541889	0	0	2	0.2	1.94744324129791	0.72097124236719	0.839205463719684	3.53287199733045	2.69366653361076	0	0	3	0.1	1.5562112799057	0.600612402113764	0.652385683715334	2.86725827259107	2.21487258887574	0	0	3	0.2	2.89998862222925	0.941678061914329	1.29894644051871	4.99007784377872	3.69113140326001
888	0	0	0	0.1	0.11424920428547	0.0827936076467966	-0.0415647191200744	0.282974343045438	0.324539062165513	0	0	0	0.2	0.284973724232589	0.188288444999941	-0.0312258699289611	0.67265990320874	0.703885773137701	0	0	1	0.1	0.294536745068992	0.112338564919425	0.0947440258469695	0.530192937999854	0.435448912152885	0	0	1	0.2	0.77778605644177	0.283917525150057	0.278719851607575	1.42416725620821	1.14544740460064	0	0	2	0.1	0.731377872182245	0.242130203682742	0.330822250766695	1.28739627391384	0.956574023147144	0	0	2	0.2	1.71673625894093	0.53985399719162	0.756162045332864	2.79031479386776	2.03415274853489	0	0	3	0.1	1.2045547138771	0.412587438395792	0.482425560984911	2.06410151135363	1.58167595036872	0	0	3	0.2	2.5177020529666	0.786968601633611	1.04039453044705	4.13627460520715	3.09588007476009
852	0	0	0	0.1	0.0475067538099022	0.101363919543328	-0.157826495846638	0.24245337268801	0.400279868534648	0	0	0	0.2	0.114777645301904	0.218563391343367	-0.31399083109142	0.531885443912283	0.845876275003703	0	0	1	0.1	0.144473285508498	0.133603716243184	-0.0921643379737608	0.419137920458876	0.511302258432637	0	0	1	0.2	0.499719444439623	0.39455076428858	-0.103457059890619	1.40834660123967	1.51180366113029	0	0	2	0.1	0.512786298954131	0.299626361090341	0.0932915664892698	1.2352659540827	1.14197438759343	0	0	2	0.2	1.2586563464616	0.719112884064445	0.254064430800198	3.11527894205565	2.86121451125546	0	0	3	0.1	0.866296901426635	0.477186707613647	0.220338953463267	2.13215826806248	1.91181931459921	0	0	3	0.2	1.84093043304887	0.947326354341216	0.515124441227915	4.26105870228034	3.74593426105242
881	0	0	0	0.1	0.139457159607402	0.0855310513582538	-0.039774994158998	0.301233842175823	0.341008836334821	0	0	0	0.2	0.250275034685261	0.163486701186459	-0.101095784099761	0.57769758673301	0.678793370832771	0	0	1	0.1	0.178886040883378	0.0994128021918627	-0.00506985494623485	0.380554217180732	0.385624072126967	0	0	1	0.2	0.466575819172918	0.244778161723114	0.0198034128562966	0.997208706364511	0.977405293508215	0	0	2	0.1	0.459111995615708	0.196376710587983	0.106973516676777	0.861314877934926	0.754341361258149	0	0	2	0.2	1.0061733311885	0.448715967246298	0.187044611031108	1.90276967091584	1.71572505988473	0	0	3	0.1	0.683551064269155	0.281338760741821	0.15505852179739	1.23455185530998	1.07949333351259	0	0	3	0.2	1.3444735331981	0.573103792050696	0.244610691766095	2.46760526229034	2.22299457052425
916	0	0	0	0.1	0.049473960563967	0.0942799895860899	-0.12820551969851	0.23619900234959	0.3644045220481	0	0	0	0.2	0.131383372093014	0.228960620717778	-0.294079093994752	0.613466830375931	0.907545924370683	0	0	1	0.1	0.138720910099771	0.136434740287008	-0.114003892224249	0.426076867222553	0.540080759446802	0	0	1	0.2	0.437485972409556	0.334163131211298	-0.171141761010892	1.15242048727899	1.32356224828989	0	0	2	0.1	0.466822670227681	0.205344579599718	0.118380599171441	0.944575210778941	0.8261946116075	0	0	2	0.2	0.972959563544664	0.392781099368078	0.299127278438427	1.85752189445658	1.55839461601815	0	0	3	0.1	0.706119928369754	0.268877716605831	0.263935433107712	1.29457826680695	1.03064283369924	0	0	3	0.2	1.28670286018178	0.473232475058688	0.490969009166221	2.37144762194489	1.88047861277867
988	0	0	0	0.1	0.18500360319542	0.0787890619751902	0.0312944281483687	0.343352770335248	0.312058342186879	0	0	0	0.2	0.44651437489367	0.155047075554341	0.151215714224488	0.788885818912774	0.637670104688286	0	0	1	0.1	0.350153039720376	0.157394499226569	0.0375785332963634	0.656538810378752	0.618960277082388	0	0	1	0.2	0.871026043795986	0.449749499857644	-0.0303391481078652	1.75551138047613	1.785850528584	0	0	2	0.1	0.412577858519648	0.283931232575724	-0.119300150242346	0.998129927342913	1.11743007758526	0	0	2	0.2	0.819640812190312	0.685917766722614	-0.452073281099233	2.22743672221851	2.67951000331774	0	0	3	0.1	0.311051061353946	0.372773656145504	-0.36044281339041	1.13594676733251	1.49638958072292	0	0	3	0.2	0.499551874264234	0.837969547034922	-1.07391231678466	2.17971529599194	3.2536276127766
911	0	0	0	0.1	0.0987751792138661	0.0778103227535172	-0.0471710234521002	0.255434972306275	0.302605995758375	0	0	0	0.2	0.287566092925236	0.252471730261026	-0.152569133645512	0.829908946128977	0.982478079774489	0	0	1	0.1	0.29236149060959	0.227007160986925	-0.0856365475791344	0.788651234459587	0.874287782038721	0	0	1	0.2	0.942360852730266	0.634035433530539	-0.0388418812323386	2.30273012479154	2.34157200602388	0	0	2	0.1	0.718696817794551	0.405092119363095	0.0996260283931621	1.6627436877163	1.56311765932314	0	0	2	0.2	1.52280436504412	0.770324105435666	0.272052953502147	3.18703432630977	2.91498137280762	0	0	3	0.1	1.00277201354889	0.499529772349662	0.216987177721817	2.13309783671557	1.91611065899376	0	0	3	0.2	1.8754408342588	0.864946336417516	0.43193110404641	3.65960402807287	3.22767292402646
979	0	0	0	0.1	0.0295213170747268	0.0843556989288772	-0.126792934452724	0.209760756515557	0.336553690968281	0	0	0	0.2	0.0659763796730165	0.161252258851372	-0.236381949887858	0.389390252678716	0.625772202566574	0	0	1	0.1	0.183095267845456	0.0896887241504384	0.00944705019687139	0.3714903295563	0.362043279359428	0	0	1	0.2	0.488271436368096	0.199967925700415	0.124095203943425	0.913018711887855	0.788923507944431	0	0	2	0.1	0.564836759904315	0.153287617809363	0.318428575014047	0.891684428554587	0.57325585354054	0	0	2	0.2	1.27465058115644	0.340869888598219	0.708071633376012	2.00464377142544	1.29657213804943	0	0	3	0.1	0.98505617603709	0.264532060830797	0.555280095396518	1.56987570469044	1.01459560929392	0	0	3	0.2	2.03907119107232	0.550125741531214	1.11818873605745	3.27860584694186	2.16041711088441
928	0	0	0	0.1	-0.101389893500821	0.085329133078067	-0.287945145328859	0.0357869747836373	0.323732120112496	0	0	0	0.2	-0.328414923827915	0.223008745517568	-0.844663977641607	0.0204657493217376	0.865129726963345	0	0	1	0.1	-0.12228479156999	0.150229881602947	-0.446647814481426	0.149028359396132	0.595676173877558	0	0	1	0.2	-0.0383123256328975	0.336784915420778	-0.654052673211599	0.631047818585221	1.28510049179682	0	0	2	0.1	0.425403641908056	0.2373985805317	0.0202697170644605	0.948619923040641	0.928350205976181	0	0	2	0.2	1.05081102160807	0.467975976223639	0.202452029262002	2.0734087901531	1.8709567608911	0	0	3	0.1	0.902222909860249	0.340059031184144	0.324321965122599	1.68808278464733	1.36376081952473	0	0	3	0.2	1.6962322301607	0.582395277102599	0.646770332987525	2.9667896888093	2.32001935582178
946	0	0	0	0.1	0.0651545247550992	0.077300034189091	-0.107687072501564	0.218271989188806	0.32595906169037	0	0	0	0.2	0.098020245762412	0.240896577824211	-0.435032248430864	0.557419049452184	0.992451297883048	0	0	1	0.1	0.0799691156350683	0.209248819652097	-0.359956283564229	0.493494401193817	0.853450684758046	0	0	1	0.2	0.644338747847922	0.617119532682585	-0.38636630854493	2.00741458052854	2.39378088907347	0	0	2	0.1	0.915163054841045	0.485390778149084	0.148406700793319	2.03858144027687	1.89017473948355	0	0	2	0.2	2.16119334936025	0.873444329152157	0.58267368852838	4.01199705097874	3.42932336245036	0	0	3	0.1	1.799193853723	0.709218994853136	0.622050393248485	3.35535238560414	2.73330199235566	0	0	3	0.2	3.20139430816516	1.06608453746635	1.33671193653145	5.42404461219211	4.08733267566065
977	0	0	0	0.1	0.063131130681252	0.115411398199081	-0.171703102131083	0.285317381227731	0.457020483358814	0	0	0	0.2	0.0870721569414105	0.231559006808386	-0.341188363475074	0.612171771440985	0.95336013491606	0	0	1	0.1	0.0563472656628135	0.1343618748744	-0.210272243961973	0.334308495699173	0.544580739661146	0	0	1	0.2	0.191474230567042	0.29267410484643	-0.417276011464966	0.804148003998929	1.2214240154639	0	0	2	0.1	0.324843625315315	0.187310627555942	-0.0412743197810883	0.721720290492686	0.762994610273774	0	0	2	0.2	0.828268329760857	0.417338526318271	0.011119527681779	1.6930370322205	1.68191750453872	0	0	3	0.1	0.716702876143578	0.290286410495179	0.185463782101649	1.32338107124375	1.1379172891421	0	0	3	0.2	1.6018569405891	0.627423222056861	0.42875474354758	2.92406644614465	2.49531170259707
909	0	0	0	0.1	0.245395014662246	0.115025538309283	0.0344191721132027	0.470114970186018	0.435695798072815	0	0	0	0.2	0.563153615779874	0.290657349891144	0.0323889302450039	1.23807480636215	1.20568587611715	0	0	1	0.1	0.38307240986369	0.213334113955753	-0.0293897974904562	0.823511932638491	0.852901730128947	0	0	1	0.2	0.801455000497804	0.470148602913845	-0.0879208698650151	1.75947182107387	1.84739269093888	0	0	2	0.1	0.551187521173145	0.302791423044225	0.0330987439868388	1.22018012849111	1.18708138450427	0	0	2	0.2	1.06395463834553	0.562849234847388	0.0794001001152138	2.26279446473256	2.18339436461734	0	0	3	0.1	0.733871438615225	0.391652883321858	0.0871124838062313	1.61472187267806	1.52760938887183	0	0	3	0.2	1.31990962321775	0.67159175896244	0.169282134313198	2.83643718441713	2.66715505010393
986	0	0	0	0.1	0.233243608999677	0.123792129368603	-0.00208991151199333	0.494943561224479	0.497033472736472	0	0	0	0.2	0.462609610591953	0.287166734643356	-0.0740132830582128	1.05150459614131	1.12551787919953	0	0	1	0.1	0.227002815537118	0.163367022799116	-0.0974107279108005	0.558659253866672	0.656069981777472	0	0	1	0.2	0.49338144903104	0.366152383433725	-0.227783045781546	1.21949266228735	1.4472757080689	0	0	2	0.1	0.415754628130348	0.239180629987984	0.00147545210564741	0.908213215084469	0.906737762978822	0	0	2	0.2	0.898151615193398	0.50948100576538	-0.00920604798933139	1.95264510285043	1.96185115083976	0	0	3	0.1	0.67093142762661	0.345737957295821	0.15239305272662	1.45087969010635	1.29848663737973	0	0	3	0.2	1.42390337023589	0.691888544699047	0.329269895061728	3.05283810831607	2.72356821325434
978	0	0	0	0.1	0.141536861702649	0.0639559204116606	0.0224599303796536	0.270068286541011	0.247608356161358	0	0	0	0.2	0.318142609193168	0.167142971428391	-0.000658240623696696	0.655036364373232	0.655694604996928	0	0	1	0.1	0.290915516266237	0.128618602666073	0.0562745016533515	0.553060557029759	0.496786055376408	0	0	1	0.2	0.887240043304203	0.406485677247951	0.249600490615275	1.83970283845137	1.5901023478361	0	0	2	0.1	0.892592262619016	0.337877967061913	0.391570894757157	1.71404280482869	1.32247191007154	0	0	2	0.2	1.94953577672526	0.652254146110571	0.916567004303604	3.47282893321361	2.55626192891	0	0	3	0.1	1.47733632345986	0.525588620274608	0.690189968041076	2.71108590611574	2.02089593807467	0	0	3	0.2	2.70144043953892	0.842720169109645	1.35506235769076	4.7454790562794	3.39041669858864
894	0	0	0	0.1	0.118210645132414	0.0673139961094826	-0.00358605686714741	0.257549745821552	0.261135802688699	0	0	0	0.2	0.264050852059053	0.165749051090615	-0.0334050641533914	0.650286148763916	0.683691212917307	0	0	1	0.1	0.212642737467239	0.129195223668219	-0.00992594939423342	0.496794215737526	0.50672016513176	0	0	1	0.2	0.57827910062708	0.343637837701569	0.0300674268646188	1.38844038176336	1.35837295489874	0	0	2	0.1	0.466687110695091	0.230104225266639	0.0907190057769829	1.00972201947519	0.91900301369821	0	0	2	0.2	0.956415605041416	0.452620399726206	0.171917556135298	1.91815926520885	1.74624170907356	0	0	3	0.1	0.625753831473411	0.296075033443675	0.111756771553191	1.2848186526186	1.17306188106541	0	0	3	0.2	1.16829607780325	0.529048819419272	0.216026564330983	2.28365827103994	2.06763170670896
942	0	0	0	0.1	0.113831754370335	0.0453480987314795	0.0214289387219645	0.208767607716819	0.187338668994855	0	0	0	0.2	0.23038756446017	0.104111805879428	0.0297300324595056	0.45958904089952	0.429859008440015	0	0	1	0.1	0.235302705111569	0.125520811286018	-0.00317362959868607	0.494494657182656	0.497668286781342	0	0	1	0.2	0.710052010291149	0.447715125045661	-0.0623175245036174	1.71141385491513	1.77373137941874	0	0	2	0.1	0.623485181010514	0.332495811350838	0.0720249818725037	1.37469789318481	1.3026729113123	0	0	2	0.2	1.39502847690259	0.698944291191088	0.201177284462641	2.9126824047529	2.71150512029026	0	0	3	0.1	1.00214558691415	0.493585087840807	0.168895313160243	2.06878766418354	1.8998923510233	0	0	3	0.2	1.87167488505558	0.875974035002158	0.326589840419185	3.85261137325455	3.52602153283536
906	0	0	0	0.1	0.0990087277933593	0.0580854615756876	-0.00896888283638166	0.220044662251781	0.229013545088162	0	0	0	0.2	0.15404340295915	0.103176775589431	-0.0487542402568127	0.359863637177027	0.40861787743384	0	0	1	0.1	0.0883421122564914	0.059351116555499	-0.0271595276609918	0.210117518353813	0.237277046014805	0	0	1	0.2	0.171689124311388	0.122079629501822	-0.0749835812367802	0.413118651212412	0.488102232449192	0	0	2	0.1	0.146253226902502	0.08080071978076	-0.00946271814180261	0.309812908111757	0.319275626253559	0	0	2	0.2	0.314241166089173	0.173719363537701	-0.0175385698026237	0.670663134912429	0.688201704715053	0	0	3	0.1	0.23089716293538	0.114945753213728	0.00617552830762308	0.471210247964991	0.465034719657368	0	0	3	0.2	0.503459181202848	0.247711364122044	0.027209225660197	1.01265009908515	0.985440873424956
949	0	0	0	0.1	-0.0702929250421315	0.154698697286438	-0.375198432928181	0.212909022075223	0.588107455003404	0	0	0	0.2	0.149635298530681	0.39015392870634	-0.588402697004842	1.00546979882195	1.59387249582679	0	0	1	0.1	0.45367559377818	0.304830636951534	-0.104939041791	1.15645901754246	1.26139805933346	0	0	1	0.2	1.31720375962031	0.596549978687513	0.295663583093728	2.58492001127042	2.28925642817669	0	0	2	0.1	1.10992455419731	0.426938997571929	0.434890087811974	2.03980991704384	1.60491982923186	0	0	2	0.2	1.98230772811143	0.644484899610392	0.920191433330416	3.37625313834901	2.45606170501859	0	0	3	0.1	1.47864845432035	0.51244501613892	0.703198923890137	2.59995627688431	1.89675735299417	0	0	3	0.2	2.41785858452732	0.722097197572	1.23976423563106	3.95143382457678	2.71166958894573
875	0	0	0	0.1	0.0755587236743029	0.0652711693631394	-0.0572129199309789	0.204584790125396	0.261797710056375	0	0	0	0.2	0.188033216597196	0.134421593148714	-0.0680893280456138	0.468895136262499	0.536984464308113	0	0	1	0.1	0.334869547611958	0.140630112038082	0.110408343910164	0.636425098077501	0.526016754167337	0	0	1	0.2	1.24158364036759	0.526858470613437	0.457677273880509	2.38619624479768	1.92851897091717	0	0	2	0.1	1.50804723923868	0.484802996563079	0.700231589635253	2.55933906425327	1.85910747461802	0	0	2	0.2	3.0997746128305	0.75758849651797	1.7410068157798	4.65051119532033	2.90950437954053	0	0	3	0.1	2.48091875835333	0.68858340963843	1.30852072687061	3.87018506062367	2.56166433375306	0	0	3	0.2	4.09570305326122	0.963108592808417	2.38491001572196	6.04051081252128	3.65560079679932
878	0	0	0	0.1	0.0758432701122209	0.0586891464791242	-0.0441052993562942	0.188606862165173	0.232712161521467	0	0	0	0.2	0.20472328985192	0.189481056669166	-0.156750167550239	0.615824132540196	0.772574300090435	0	0	1	0.1	0.31370733211382	0.224670604548539	-0.0505195507958726	0.841737546155162	0.892257096951034	0	0	1	0.2	1.11938406505447	0.604406001056991	0.141158540979929	2.4990089696266	2.35785042864667	0	0	2	0.1	0.996891644432786	0.408585941359114	0.357929750650022	1.91387814662988	1.55594839597986	0	0	2	0.2	2.01080359724257	0.666098520523271	0.837226769586164	3.38278986467932	2.54556309509315	0	0	3	0.1	1.39391720610866	0.489628152732543	0.576076541136008	2.47803483134645	1.90195829021044	0	0	3	0.2	2.42874438413661	0.762971588454641	1.11426448886703	4.01764897734132	2.90338448847429
904	0	0	0	0.1	0.0753730140247594	0.101652743084021	-0.120595796415571	0.271368281156969	0.39196407757254	0	0	0	0.2	0.305349523959813	0.311415035024877	-0.183666452461235	1.03900604276915	1.22267249523039	0	0	1	0.1	0.421804002011793	0.279393255079	0.0538755800867563	1.15459077369886	1.1007151936121	0	0	1	0.2	1.08074887317394	0.56159359987241	0.266184127207566	2.35451246421573	2.08832833700816	0	0	2	0.1	0.824834964808483	0.379210886692191	0.336878724339565	1.72922874268267	1.3923500183431	0	0	2	0.2	1.61387622157932	0.634485236101249	0.709166725070099	3.09115232630416	2.38198560123406	0	0	3	0.1	0.976472851383959	0.433067227446335	0.420079421678862	2.02033439072834	1.60025496904948	0	0	3	0.2	1.82932838133915	0.7208374511834	0.867605561896005	3.48135444969569	2.61374888779969
945	0	0	0	0.1	-0.0218680349886371	0.0967016226827071	-0.220465175752894	0.152723256566781	0.373188432319675	0	0	0	0.2	-0.00939715591158197	0.215832133146012	-0.448200047187801	0.412462792973003	0.860662840160804	0	0	1	0.1	0.226793784007597	0.183492008170952	-0.0941331708301703	0.630041445939422	0.724174616769592	0	0	1	0.2	0.917619129205196	0.533058937173431	0.0557797298088003	2.20482476141019	2.14904503160139	0	0	2	0.1	1.15180292160648	0.462221952731851	0.430655210764684	2.24202431200048	1.8113691012358	0	0	2	0.2	2.59783193918139	0.765062989423215	1.23041743532508	4.23240154870421	3.00198411337913	0	0	3	0.1	2.11585074452864	0.671663716573264	1.00415803913695	3.56797840838214	2.56382036924519	0	0	3	0.2	3.71254283017864	0.954012458383575	2.00936846745987	5.63339155020264	3.62402308274277
927	0	0	0	0.1	-0.0796861646699881	0.0856574814695863	-0.270058569870049	0.0653836136143816	0.335442183484431	0	0	0	0.2	-0.262696051623905	0.182038840384709	-0.683333962547964	0.0631495297856285	0.746483492333593	0	0	1	0.1	-0.0899479793724014	0.10438943793516	-0.317521755682762	0.10607856679684	0.423600322479602	0	0	1	0.2	-0.0353365594001886	0.224233849769933	-0.46932394942208	0.424837215835677	0.894161165257757	0	0	2	0.1	0.301686795708862	0.147630518895804	0.0487459628500702	0.619710917159062	0.570964954308992	0	0	2	0.2	0.85402966664999	0.360659089200328	0.251603972095828	1.64575838340891	1.39415441131308	0	0	3	0.1	0.746092730235941	0.255662863907917	0.343892634400056	1.31852914489735	0.974636510497292	0	0	3	0.2	1.69191118901353	0.544716467862907	0.818532736832566	2.82127398892593	2.00274125209336
940	0	0	0	0.1	0.0231895935380205	0.0749475737957053	-0.133436333527379	0.159845827324828	0.293282160852207	0	0	0	0.2	0.0389055910279729	0.187944326529093	-0.343390686497227	0.407608024926525	0.750998711423752	0	0	1	0.1	0.0295752709055883	0.133119470868018	-0.239351573113382	0.278527271659593	0.517878844772975	0	0	1	0.2	0.111679199081936	0.282139469270731	-0.459222530637343	0.676059070234676	1.13528160087202	0	0	2	0.1	0.203066839766277	0.159400179959361	-0.0948508212658734	0.528712597451856	0.623563418717729	0	0	2	0.2	0.48703277795699	0.328874460952065	-0.132184375645609	1.1611429396386	1.29332731528421	0	0	3	0.1	0.400616351494947	0.200395235870252	0.0230809497647809	0.788379499759355	0.765298549994575	0	0	3	0.2	0.848474338495843	0.418648894282623	0.0827681258136667	1.72265039751247	1.63988227169881
987	0	0	0	0.1	0.0774713689981428	0.0670414315590608	-0.0553160623522833	0.200305953307442	0.255622015659726	0	0	0	0.2	0.124002293457278	0.188601894404203	-0.24789251620742	0.492513013078002	0.740405529285421	0	0	1	0.1	0.22571172210924	0.164311112754096	-0.0561770599408962	0.598343887676297	0.654520947617193	0	0	1	0.2	1.03492354477583	0.516607969988519	0.190183663549223	2.24091112476315	2.05072746121393	0	0	2	0.1	1.23065783044885	0.397819375467612	0.58250904611905	2.10400041343268	1.52149136731363	0	0	2	0.2	2.45203324378915	0.609781123822043	1.3652615852069	3.74959057829395	2.38432899308705	0	0	3	0.1	1.87204749585096	0.496872173299883	1.01995287262139	2.93996957087564	1.92001669825425	0	0	3	0.2	3.18446805546737	0.739884017242524	1.91622947165778	4.77194402104533	2.85571454938755
935	0	0	0	0.1	0.145096424836723	0.083513966697327	-0.0104444687988399	0.321283246549576	0.331727715348416	0	0	0	0.2	0.569054618985183	0.30395550152905	0.0813487300862844	1.25066396914863	1.16931523906234	0	0	1	0.1	0.577537415976005	0.248543383548246	0.1839778449843	1.16414419890695	0.980166353922653	0	0	1	0.2	1.59785933103113	0.585040089419205	0.601311445331954	2.84206220394071	2.24075075860875	0	0	2	0.1	1.19518985311227	0.412922956470808	0.514547009234928	2.12177800663179	1.60723099739686	0	0	2	0.2	2.29109213127794	0.668713030824396	1.11609973037059	3.6464144000705	2.53031466969991	0	0	3	0.1	1.56992670426987	0.505269512233328	0.746408069165728	2.64142827657258	1.89502020740685	0	0	3	0.2	2.73407962256136	0.762343012479949	1.4285507489285	4.29562990383176	2.86707915490326
937	0	0	0	0.1	-0.0172523776908682	0.0766539774743127	-0.177496463931885	0.127923100313488	0.305419564245374	0	0	0	0.2	-0.0657941284802291	0.15877456945851	-0.391100368171327	0.241417362776779	0.632517730948107	0	0	1	0.1	-0.0213730617460335	0.101070814441281	-0.228653959717681	0.174413321079872	0.403067280797553	0	0	1	0.2	-0.0241365977583003	0.227386435452023	-0.487099668966595	0.420328333259888	0.907428002226483	0	0	2	0.1	0.0476290269956017	0.139499184103308	-0.223511049021591	0.331156315594886	0.554667364616477	0	0	2	0.2	0.133784078335136	0.307783466933755	-0.444228393102556	0.766056603538995	1.21028499664155	0	0	3	0.1	0.121443852197862	0.181383649230305	-0.213513019827418	0.488723742562613	0.702236762390031	0	0	3	0.2	0.285575317062185	0.396133022201464	-0.424476024640176	1.14801062450721	1.57248664914739
944	0	0	0	0.1	0.134227866795791	0.0787715295173918	-0.0213494825349384	0.290332389711819	0.311681872246757	0	0	0	0.2	0.289403422749395	0.152782338551787	-0.0040464453852407	0.608986004365872	0.613032449751113	0	0	1	0.1	0.230723316665505	0.0875964260639081	0.0667199795847643	0.412582778916916	0.345862799332152	0	0	1	0.2	0.529808482334021	0.19075635912661	0.199848115461537	0.955994644068901	0.756146528607365	0	0	2	0.1	0.493284314278578	0.157455734750445	0.239337177406563	0.837431049081942	0.598093871675379	0	0	2	0.2	1.04595886150067	0.351606720029188	0.494254153694548	1.84906229124153	1.35480813754699	0	0	3	0.1	0.809207377878701	0.287297296868972	0.36581825928732	1.45855666975887	1.09273841047155	0	0	3	0.2	1.64248621685584	0.57478578301495	0.742800260213045	2.94567740056047	2.20287714034742
973	0	0	0	0.1	0.098384562455103	0.0869919800387404	-0.0671674373535783	0.273606495403674	0.340773932757252	0	0	0	0.2	0.210790647989675	0.223880331849678	-0.190173894375076	0.722443664427732	0.912617558802807	0	0	1	0.1	0.221012844684127	0.165560246266271	-0.0716027194691296	0.580844397428731	0.652447116897861	0	0	1	0.2	0.555738069885159	0.413632062823993	-0.166561037581673	1.54008591173371	1.70664694931538	0	0	2	0.1	0.532557205862852	0.289970402628334	0.0576705642630544	1.22845845166229	1.17078788739924	0	0	2	0.2	1.12679084029654	0.574551327329025	0.162603948292348	2.43482969596974	2.27222574767739	0	0	3	0.1	0.862836529722881	0.407170172445723	0.211192174982843	1.83520741675359	1.62401524177075	0	0	3	0.2	1.66446232859382	0.715923735756221	0.453134243158296	3.24819055703694	2.79505631387864
943	0	0	0	0.1	0.00688965451487764	0.124146159752059	-0.250162141144759	0.244151758326074	0.494313899470833	0	0	0	0.2	-0.108058575160835	0.334855717823306	-0.762233352220997	0.501318461202434	1.26355181342343	0	0	1	0.1	-0.0585376154453898	0.19746815048032	-0.449691543089823	0.28176718388765	0.731458726977473	0	0	1	0.2	-0.000873042184380826	0.392157084890746	-0.721908240400876	0.737939380181948	1.45984762058282	0	0	2	0.1	0.185155633602464	0.245156768622005	-0.298805738578387	0.660397398390366	0.959203136968753	0	0	2	0.2	0.402837628530777	0.474334853407592	-0.496884252784377	1.38651433299693	1.88339858578131	0	0	3	0.1	0.364372471576541	0.326166681780278	-0.248695300655885	1.04147136383515	1.29016666449103	0	0	3	0.2	0.663575714798668	0.59803151083313	-0.42522550996185	1.94575814765052	2.37098365761237
947	0	0	0	0.1	0.123304027481256	0.121012675242695	-0.123112167104709	0.368566614745943	0.491678781850652	0	0	0	0.2	0.210736918515161	0.255579307444547	-0.296179608527063	0.721374006345615	1.01755361487268	0	0	1	0.1	0.123001628903906	0.121843796840607	-0.114559969634165	0.381049282883207	0.495609252517372	0	0	1	0.2	0.365286751172657	0.247269295896083	-0.110113014392507	0.870143018770285	0.980256033162792	0	0	2	0.1	0.413581898289878	0.157137063016279	0.121740735960932	0.734390209972507	0.612649474011575	0	0	2	0.2	0.882126705829912	0.312829624049203	0.31854274512073	1.51331688590098	1.19477414078025	0	0	3	0.1	0.65472591503773	0.211158490436112	0.262530300802883	1.09862391054638	0.836093609743501	0	0	3	0.2	1.2585724574582	0.407182110262797	0.510520661957043	2.12471418207418	1.61419352011714
951	0	0	0	0.1	0.117514797186477	0.0558322998370174	0.000324253404687737	0.234198923352553	0.233874669947865	0	0	0	0.2	0.265429690409579	0.147699508334147	0	0.594549975238095	0.594549975238095	0	0	1	0.1	0.285988038497143	0.178800590185789	-0.0102974315044017	0.718092766391211	0.728390197895613	0	0	1	0.2	0.944014127572989	0.620306082578221	0.0333930475577921	2.39486408875863	2.36147104120084	0	0	2	0.1	0.822442846447789	0.447228949246577	0.16001158394159	1.95668234302088	1.79667075907929	0	0	2	0.2	1.84868889370911	0.803960770682663	0.496354372141804	3.67504242536995	3.17868805322815	0	0	3	0.1	1.32279050149548	0.588742813087083	0.395178058214758	2.69115437151569	2.29597631330093	0	0	3	0.2	2.49627293807956	1.01710520523463	0.759139878528801	4.73567416795651	3.9765342894277
907	0	0	0	0.1	0.087340187127602	0.063247927831416	-0.0475512796340741	0.207501266296363	0.255052545930437	0	0	0	0.2	0.126717007653975	0.15873300442203	-0.197856878734548	0.427897876765798	0.625754755500345	0	0	1	0.1	0.0861031803460577	0.13665384884993	-0.187912627688993	0.354258069120905	0.542170696809898	0	0	1	0.2	0.434799201601328	0.359083516192591	-0.218149040722559	1.21482366595671	1.43297270667927	0	0	2	0.1	0.67008282725367	0.285148419979779	0.199203091104654	1.33096057475855	1.1317574836539	0	0	2	0.2	1.59219893391508	0.552101306352303	0.575098360734709	2.79372004662736	2.21862168589265	0	0	3	0.1	1.2985086377927	0.465099475988569	0.523843805862454	2.36675519403011	1.84291138816765	0	0	3	0.2	2.45360527770341	0.728772510933959	1.15050239801569	4.04221330135024	2.89171090333455
961	0	0	0	0.1	-0.0450145740113749	0.118017252355358	-0.284732368451412	0.172273289862217	0.457005658313629	0	0	0	0.2	-0.0419254569676846	0.214279187083389	-0.464593429262448	0.359611672817188	0.824205102079636	0	0	1	0.1	-0.0101756911354343	0.103317369284837	-0.217544468327731	0.190010726906795	0.407555195234525	0	0	1	0.2	0.0553868204563465	0.204722586634331	-0.349356946894794	0.454168840411641	0.803525787306434	0	0	2	0.1	0.140234438373824	0.120047482075592	-0.0814059692686794	0.382440169913466	0.463846139182146	0	0	2	0.2	0.35023719510663	0.245970485055901	-0.0985996099634924	0.861056498210545	0.959656108174038	0	0	3	0.1	0.277339104038014	0.154576133653006	0.0113258787159257	0.588325040277418	0.576999161561492	0	0	3	0.2	0.576798130626525	0.310354135247237	0.049673376068865	1.22790684923747	1.17823347316861
918	0	0	0	0.1	0.164073487560502	0.080919305175592	0.0155079024712883	0.343257010220157	0.327749107748868	0	0	0	0.2	0.257773481487357	0.163909657720077	-0.0446154674158947	0.577995207923096	0.622610675338991	0	0	1	0.1	0.0525806400677644	0.119358684583897	-0.192449712327165	0.273476187694145	0.46592590002131	0	0	1	0.2	0.199149549617312	0.310334340779963	-0.390241680609972	0.850025953467299	1.24026763407727	0	0	2	0.1	0.517200477426695	0.262185598126896	0.111766613032648	1.12931567801358	1.01754906498093	0	0	2	0.2	1.41840069526973	0.522599728262701	0.523813131854835	2.49709294245576	1.97327981060092	0	0	3	0.1	1.34042238770679	0.422340873694543	0.640903948065715	2.25043182989788	1.60952788183216	0	0	3	0.2	2.46679886729551	0.598990732047809	1.42774026278252	3.72970051698402	2.3019602542015
971	0	0	0	0.1	0.0625086305347668	0.0617650171295063	-0.061032009395305	0.185403811725563	0.246435821120868	0	0	0	0.2	0.141765630797558	0.134613375765875	-0.10212109371678	0.411226158736453	0.513347252453233	0	0	1	0.1	0.175884483130379	0.0994354685993784	-0.00540280206674173	0.403552372415374	0.408955174482116	0	0	1	0.2	0.436987048686311	0.273949454000713	-0.0385877972488426	1.14253972660469	1.18112752385353	0	0	2	0.1	0.342225661251604	0.189017053084798	0.0118264034391991	0.771822112868452	0.759995709429253	0	0	2	0.2	0.752981399923526	0.43288016376905	0.0074211053398786	1.7263127073132	1.71889160197333	0	0	3	0.1	0.499980933167918	0.263943772672839	0.0678504712626675	1.09664676250851	1.02879629124585	0	0	3	0.2	0.988473757757122	0.517275600203665	0.126400391870608	2.08953289854836	1.96313250667775
926	0	0	0	0.1	0.0742709061407589	0.0479940768598534	-0.0163066142878052	0.171733895407996	0.188040509695801	0	0	0	0.2	0.10171045418147	0.136783281061536	-0.182944863849173	0.362824214575257	0.54576907842443	0	0	1	0.1	0.326418264065339	0.335788923670611	-0.206613589862378	1.17075135891089	1.37736494877326	0	0	1	0.2	1.75319424123226	0.755703613103564	0.399521972375072	3.25186861678982	2.85234664441475	0	0	2	0.1	1.90897084191978	0.570223506989644	0.913441508514047	3.12012414320067	2.20668263468663	0	0	2	0.2	3.08178385997748	0.755666403098305	1.77526448315857	4.70601406498835	2.93074958182977	0	0	3	0.1	2.51356479376609	0.660703568728764	1.37420899505818	3.86071548899578	2.4865064939376	0	0	3	0.2	3.71253416981775	0.889129588071189	2.18913158588585	5.54986974409686	3.36073815821101
893	0	0	0	0.1	0.302687271886478	0.158689708471772	0.0525770877678022	0.649371742919937	0.596794655152135	0	0	0	0.2	0.940200889369162	0.522732377442212	0.194533560957577	2.33063055677827	2.13609699582069	0	0	1	0.1	0.752998484163258	0.482043800192673	0.0982503765941053	1.88649638616732	1.78824600957321	0	0	1	0.2	1.8240128625806	0.875643033742438	0.35817306807125	3.54647430943143	3.18830124136018	0	0	2	0.1	1.32167704749979	0.617830878326818	0.336744817671403	2.54394773504178	2.20720291737038	0	0	2	0.2	2.33243774977444	0.843825896907049	0.765887467228055	3.94020122491869	3.17431375769064	0	0	3	0.1	1.5846488767486	0.681267616646939	0.406164518306204	2.90670507083022	2.50054055252401	0	0	3	0.2	2.64386660095436	0.946193105328648	0.820847444866705	4.40158095506631	3.5807335101996
984	0	0	0	0.1	0.224287403847406	0.066878126344367	0.104625782769149	0.362659328818041	0.258033546048891	0	0	0	0.2	0.464002829474465	0.138402114083239	0.231708600443361	0.764436274916997	0.532727674473635	0	0	1	0.1	0.359984952120667	0.104609699590623	0.184899205299599	0.593646635197366	0.408747429897767	0	0	1	0.2	0.792447686905483	0.258189835349007	0.357472132934624	1.39463005819334	1.03715792525871	0	0	2	0.1	0.593221769088151	0.206416833161095	0.250257512849215	1.03784779032722	0.787590277478003	0	0	2	0.2	1.14743245815566	0.399515863192359	0.446888609092294	2.01277346616381	1.56588485707151	0	0	3	0.1	0.782827670887123	0.298484370664037	0.268509749047285	1.4592843902434	1.19077464119612	0	0	3	0.2	1.43730886166717	0.523419918203672	0.4860517596663	2.52501013858826	2.03895837892196
915	0	0	0	0.1	-0.189320297820826	0.180272895158856	-0.593566191883336	0.115547360987147	0.709113552870482	0	0	0	0.2	-0.466969682677812	0.373067200079088	-1.19079833958908	0.288601731271662	1.47940007086074	0	0	1	0.1	-0.091089900638938	0.223826691158675	-0.533901232692716	0.377256586852992	0.911157819545708	0	0	1	0.2	0.215828160318942	0.471133153382476	-0.598360028217935	1.22518623145714	1.82354625967507	0	0	2	0.1	0.509713741620169	0.288465680305991	0.0687145605644272	1.15598788507591	1.08727332451148	0	0	2	0.2	1.1254340905983	0.480385565811307	0.310261007284423	2.15726006635536	1.84699905907094	0	0	3	0.1	0.894724662343716	0.337561729971043	0.353310519430257	1.66536280644169	1.31205228701143	0	0	3	0.2	1.65553266039974	0.538457136546687	0.68452075848219	2.7561719485621	2.07165119007991
905	0	0	0	0.1	0.0363854410007288	0.0811072609467397	-0.129853716186541	0.191679586879522	0.321533303066063	0	0	0	0.2	0.0707727418870744	0.208857342224359	-0.359863077597981	0.492721493337681	0.852584570935661	0	0	1	0.1	0.152144948247403	0.168609006339479	-0.157353078350586	0.526391513562949	0.683744591913535	0	0	1	0.2	0.635166277805938	0.488024860052373	-0.166457236108892	1.72840827515365	1.89486551126255	0	0	2	0.1	0.751814364998332	0.385011739730206	0.0945753162762903	1.67130767726858	1.57673236099229	0	0	2	0.2	1.72492344888522	0.739770512925496	0.401174609323725	3.33930704833266	2.93813243900894	0	0	3	0.1	1.30804224660197	0.568273309472984	0.344171703615887	2.67249412758358	2.3283224239677	0	0	3	0.2	2.55071633922847	0.976708053000492	0.930534482988385	4.73038904836409	3.79985456537571
972	0	0	0	0.1	0.0219779734327903	0.0956460665413058	-0.176464336452771	0.205538760562176	0.382003097014947	0	0	0	0.2	0.0383845932978024	0.183044295280003	-0.315553024429132	0.38690313594898	0.702456160378112	0	0	1	0.1	0.0907478009927108	0.108723297171755	-0.109776881317222	0.31004841951549	0.419825300832712	0	0	1	0.2	0.266046257074108	0.255073835893476	-0.21228768790887	0.777334845805699	0.989622533714569	0	0	2	0.1	0.334998911193754	0.182146579862718	0.0294273685846282	0.759541486316466	0.730114117731838	0	0	2	0.2	0.789775477522345	0.416021595340446	0.120799329929793	1.79867171991299	1.67787238998319	0	0	3	0.1	0.579767927028828	0.279984060233112	0.172782285451581	1.25108905136925	1.07830676591767	0	0	3	0.2	1.24447548095384	0.585530847783221	0.376122400666404	2.63427765068226	2.25815525001585
934	0	0	0	0.1	0.0692467781077791	0.0586741911275849	-0.0424619560462648	0.194901972775984	0.237363928822249	0	0	0	0.2	0.139761894551987	0.118016103699251	-0.0914723759869123	0.391977048122812	0.483449424109724	0	0	1	0.1	0.202387220760053	0.0897603158730471	0.0384298770634072	0.388390225446415	0.349960348383008	0	0	1	0.2	0.59431939557117	0.260150139335812	0.15095643622975	1.17818762698863	1.02723119075888	0	0	2	0.1	0.727294508309631	0.264207636234355	0.295409945883955	1.32137546670864	1.02596552082469	0	0	2	0.2	1.91369449497238	0.744164341054285	0.77608187866524	3.64916341100735	2.87308153234211	0	0	3	0.1	1.42184584568049	0.58171736374269	0.566056321966266	2.72301164314206	2.15695532117579	0	0	3	0.2	3.16915279320763	1.25787740198956	1.22662963981646	6.09240769885789	4.86577805904143
982	0	0	0	0.1	0.153122540017481	0.0506468384997198	0.0600365765618465	0.256846405068855	0.196809828507009	0	0	0	0.2	0.312627428251171	0.11994874249093	0.0899210419545507	0.575223254300475	0.485302212345925	0	0	1	0.1	0.231134898247379	0.114162166017031	-0.0118976692808354	0.449574345550109	0.461472014830945	0	0	1	0.2	0.530312765718723	0.300814260545981	-0.0639724436311841	1.11247768156839	1.17645012519957	0	0	2	0.1	0.483623917862762	0.213651509094979	0.0851848999787246	0.928018744402482	0.842833844423757	0	0	2	0.2	0.971447340052376	0.417824271474681	0.228308451772261	1.91428257210806	1.6859741203358	0	0	3	0.1	0.757439245955871	0.305871293691308	0.247157417359853	1.46005027085242	1.21289285349257	0	0	3	0.2	1.35072815280037	0.522533917788566	0.435988633941541	2.54214989917473	2.10616126523319
975	0	0	0	0.1	0.151297453675458	0.0894516264971008	-0.00250625431954441	0.341179920560832	0.343686174880377	0	0	0	0.2	0.33016171695526	0.229537053388816	-0.0432291818386988	0.840592333890568	0.883821515729267	0	0	1	0.1	0.309588991375034	0.174617968359512	0.0259358879834426	0.695861086341497	0.669925198358054	0	0	1	0.2	0.878439729187605	0.468687786096774	0.170183177611904	1.95318356352898	1.78300038591707	0	0	2	0.1	0.78676249851081	0.34397197511556	0.281675892214917	1.58436298057842	1.30268708836351	0	0	2	0.2	1.73978035543615	0.664019362468811	0.681338094299306	3.17612936760295	2.49479127330364	0	0	3	0.1	1.24742428835138	0.494603678002046	0.500636707833752	2.41274072289394	1.91210401506019	0	0	3	0.2	2.47506399559482	0.840021357888193	1.09492419823426	4.30369517163067	3.20877097339641
992	0	0	0	0.1	0.0954642105182381	0.0584810289580049	-0.00888093725326373	0.2139296474205	0.222810584673763	0	0	0	0.2	0.347273342692182	0.228524353274582	0.013319016966502	0.898112722658045	0.884793705691543	0	0	1	0.1	0.611476715539669	0.333121579840207	0.162705548292721	1.40396014321403	1.24125459492131	0	0	1	0.2	2.0903864618977	0.818945130350253	0.739041295382724	3.82334710709269	3.08430581170997	0	0	2	0.1	1.65336101302994	0.565783586605442	0.73898221831473	2.93215978763121	2.19317756931648	0	0	2	0.2	3.18927904609113	0.867712207689397	1.66071872504224	4.91038107620095	3.24966235115871	0	0	3	0.1	2.2586774848692	0.657217634536505	1.13464392409943	3.59297839289057	2.45833446879114	0	0	3	0.2	3.73529082626771	0.981165817059446	1.99952944221015	5.6930850284995	3.69355558628935
994	0	0	0	0.1	0.0399395548020763	0.0730417662485387	-0.103953961051015	0.182245405564201	0.286199366615216	0	0	0	0.2	0.0893040109203333	0.156253686274707	-0.224933201338091	0.396452759440769	0.621385960778861	0	0	1	0.1	0.115382775418025	0.101500813775237	-0.0789966456921138	0.322952540889613	0.401949186581727	0	0	1	0.2	0.416196936093749	0.302497009700333	-0.056755337715417	1.09745020692321	1.15420554463863	0	0	2	0.1	0.526359889163698	0.238339487496375	0.174988300163815	1.11020192870882	0.935213628545007	0	0	2	0.2	1.15151125632883	0.449832740443791	0.430116523826728	2.13259501057421	1.70247848674748	0	0	3	0.1	0.858102981810364	0.331616915561388	0.353863574533564	1.66290718055163	1.30904360601806	0	0	3	0.2	1.56876100918328	0.542501314657209	0.6848958199315	2.81505260005846	2.13015678012696
991	0	0	0	0.1	0.11725786062945	0.113537078146181	-0.100018886505335	0.323167030121415	0.42318591662675	0	0	0	0.2	0.332015683649321	0.341094892195353	-0.284256254198091	1.07501447406094	1.35927072825903	0	0	1	0.1	0.357978834358994	0.261387421638594	-0.0717661229398964	0.966822472492395	1.03858859543229	0	0	1	0.2	1.01117721557175	0.536571395662982	0.10819388984464	2.25101774560339	2.14282385575875	0	0	2	0.1	0.857388298881469	0.346716609674667	0.34124020372725	1.67577295384544	1.33453275011819	0	0	2	0.2	1.65315282669592	0.581865233248599	0.727233855797124	3.09491893677302	2.3676850809759	0	0	3	0.1	1.12146066843333	0.406245241448902	0.519868180297241	2.10885904499924	1.588990864702	0	0	3	0.2	2.01974840722364	0.662825838643335	1.01165229554587	3.61852312052397	2.6068708249781
980	0	0	0	0.1	0.208592013665073	0.0753123604796935	0.0750651887983055	0.361791416979442	0.286726228181136	0	0	0	0.2	0.497478632293177	0.21862511849986	0.147200075387385	0.984849094531855	0.83764901914447	0	0	1	0.1	0.440767763744534	0.173767075096913	0.152241817824396	0.807294204109892	0.655052386285496	0	0	1	0.2	1.14772105443687	0.453015944442704	0.425269832321745	2.16054477155046	1.73527493922872	0	0	2	0.1	0.86400738222373	0.315534273350485	0.353770116789772	1.56633261869514	1.21256250190537	0	0	2	0.2	1.63042577258665	0.55416933396402	0.674464231165609	2.78088006926879	2.10641583810318	0	0	3	0.1	1.12970111191265	0.423047945856909	0.414394066487935	2.04585798896721	1.63146392247928	0	0	3	0.2	1.94806756393405	0.683807803565118	0.730264188297218	3.3697984032986	2.63953421500138
964	0	0	0	0.1	0.0800700291109901	0.079338627885098	-0.0700779042590261	0.250934923569741	0.321012827828767	0	0	0	0.2	0.146793481015089	0.199250053600302	-0.226938258558252	0.572156166104938	0.79909442466319	0	0	1	0.1	0.13997107440565	0.135059663102404	-0.129626335849886	0.401720245307667	0.531346581157553	0	0	1	0.2	0.379281765943848	0.330561018926054	-0.24887607416971	1.02186929481709	1.2707453689868	0	0	2	0.1	0.392042516746009	0.259719028127913	-0.0628102098397054	0.921440579947859	0.984250789787564	0	0	2	0.2	0.81616148328143	0.536007654046172	-0.135816642921479	1.88511189838188	2.02092854130336	0	0	3	0.1	0.56472841148331	0.36466588704108	-0.0665970990455329	1.3528361011477	1.41943320019324	0	0	3	0.2	1.08584418586189	0.69745715185601	-0.148626284590538	2.55622476386648	2.70485104845702
955	0	0	0	0.1	0.184338352011314	0.0769672299862402	0.0507817507519451	0.337287162678367	0.286505411926421	0	0	0	0.2	0.453831572507316	0.235668130888285	0.0807179850209395	0.992342065181902	0.911624080160962	0	0	1	0.1	0.322535935033289	0.184638576693686	0.047240259901542	0.768142413092021	0.720902153190479	0	0	1	0.2	0.930811704567658	0.461560250781445	0.198738520475902	1.87843007320772	1.67969155273182	0	0	2	0.1	0.747196525998146	0.28150781275365	0.285126959175449	1.34464044323785	1.0595134840624	0	0	2	0.2	1.39935551419973	0.485714317395914	0.567662091358936	2.44518652041257	1.87752442905363	0	0	3	0.1	0.930823028553118	0.344225230558557	0.365906520082548	1.75471886458746	1.38881234450491	0	0	3	0.2	1.60227074090255	0.572536597781534	0.663367966033437	2.96372881664617	2.30036085061273
953	0	0	0	0.1	-0.0718559096651886	0.113755801108356	-0.307284163080448	0.130015730828299	0.437299893908746	0	0	0	0.2	0.0077186381266764	0.241845434724632	-0.444681109948977	0.478174171091345	0.922855281040322	0	0	1	0.1	0.199638874246227	0.17744501970337	-0.132660319047198	0.539765708067415	0.672426027114614	0	0	1	0.2	0.601595036063652	0.46154717510125	-0.203713396284489	1.56213491566611	1.76584831195059	0	0	2	0.1	0.394189784216679	0.263700518386109	-0.02798717321904	0.957463766993762	0.985450940212802	0	0	2	0.2	0.935698334394332	0.599824325755216	-0.090547309955609	2.1994180328383	2.28996534279391	0	0	3	0.1	0.491304798096912	0.342684688382816	-0.054294807164102	1.24672174113155	1.30101654829565	0	0	3	0.2	1.08610273189614	0.75387413426298	-0.179990614972248	2.6917134139516	2.87170402892385
968	0	0	0	0.1	0.0841041635316005	0.070648154122217	-0.0523032708865847	0.222718246946248	0.275021517832832	0	0	0	0.2	0.216316772557949	0.173719242758845	-0.0768568578163888	0.595798803533757	0.672655661350146	0	0	1	0.1	0.253816619122202	0.133444870675983	0.0498622412249589	0.580589869378402	0.530727628153443	0	0	1	0.2	0.678228215013746	0.338052492731227	0.152131537561814	1.48412655171693	1.33199501415512	0	0	2	0.1	0.659246834802103	0.26983453965574	0.242719292049716	1.31021939622484	1.06750010417512	0	0	2	0.2	1.4237520778554	0.538744283360573	0.548008806604255	2.69165151047571	2.14364270387145	0	0	3	0.1	1.08278566726398	0.414147246093705	0.424494351532849	2.03416747574244	1.60967312420959	0	0	3	0.2	2.09828758502337	0.737086603363487	0.870076018921967	3.74410657664682	2.87403055772485
974	0	0	0	0.1	0.106815914741072	0.0704867391158804	-0.0290419456384803	0.244128683566749	0.273170629205229	0	0	0	0.2	0.209284245635068	0.159818029305488	-0.115240429605543	0.521446547261588	0.636686976867131	0	0	1	0.1	0.192437514625637	0.122522452416842	-0.0451052376803345	0.438318686334356	0.483423924014691	0	0	1	0.2	0.544279011435535	0.326438494106033	-0.0370092843319755	1.25671244514552	1.29372172947749	0	0	2	0.1	0.550124454294053	0.245234235203143	0.11761776462154	1.07855837225383	0.960940607632294	0	0	2	0.2	1.24866430608388	0.554944154312077	0.312184951082748	2.48009451823329	2.16790956715055	0	0	3	0.1	0.889188032828106	0.380362333754562	0.242583899348817	1.69228651859941	1.4497026192506	0	0	3	0.2	1.77738010499473	0.759234858468711	0.485358423453316	3.40511872005888	2.91976029660556
958	0	0	0	0.1	0.0825259077762447	0.0619909597190954	-0.0413873111432304	0.203083575990686	0.244470887133916	0	0	0	0.2	0.147598009483454	0.14063655351426	-0.121905005622508	0.439802682519657	0.561707688142165	0	0	1	0.1	0.184863359447712	0.142146376622081	-0.0587795478200516	0.507511703668954	0.566291251489006	0	0	1	0.2	0.615873608065065	0.46056206227392	-0.0780743127095066	1.72228683373026	1.80036114643977	0	0	2	0.1	0.617709151648552	0.382474143502528	0.0580542819938778	1.51063538187405	1.45258109988017	0	0	2	0.2	1.26889144640107	0.773841416364757	0.0202620425841466	3.16540071071685	3.1451386681327	0	0	3	0.1	0.801602394380438	0.560761795932546	-0.156196475594449	2.1900408686036	2.34623734419805	0	0	3	0.2	1.40949405990443	1.17330631431967	-0.810930252535649	3.9455632481875	4.75649350072315
962	0	0	0	0.1	0.117920096307244	0.0795396166331729	-0.0472035092714427	0.269391267689599	0.316594776961042	0	0	0	0.2	0.141731220981842	0.17396404925478	-0.207938084476575	0.481538458125105	0.68947654260168	0	0	1	0.1	0.061332410650134	0.106839023804975	-0.176562970308041	0.25866657782138	0.435229548129421	0	0	1	0.2	0.188813634485722	0.216360840885524	-0.280827870738946	0.581860933988145	0.862688804727091	0	0	2	0.1	0.284061273806851	0.118866413218771	0.037788539728004	0.520545519607028	0.482756979879024	0	0	2	0.2	0.65699146272236	0.244272916205597	0.164953923501151	1.1304894986267	0.965535575125549	0	0	3	0.1	0.475019874483811	0.144608991222374	0.204870373464943	0.760832497235213	0.555962123770269	0	0	3	0.2	1.018703344116	0.300741631418851	0.462224768230404	1.61808667362027	1.15586190538987
963	0	0	0	0.1	0.0342063049386715	0.118830155595007	-0.189392737855723	0.272766868762592	0.462159606618316	0	0	0	0.2	0.048476231701367	0.288916712901504	-0.473929735714644	0.612521620198719	1.08645135591336	0	0	1	0.1	0.0749720375282679	0.203580824934758	-0.308287883334968	0.498445128034585	0.806733011369553	0	0	1	0.2	0.539358129135659	0.486087935166269	-0.278589273801449	1.69416985743749	1.97275913123894	0	0	2	0.1	0.74570822994056	0.367781026539117	0.193160569166721	1.62140632603273	1.42824575686601	0	0	2	0.2	1.76782904156408	0.667507235048702	0.660212845977435	3.2840485002829	2.62383565430546	0	0	3	0.1	1.44833996002713	0.538169734142126	0.619242248473227	2.71719096658579	2.09794871811257	0	0	3	0.2	2.73401591126584	0.832014792965115	1.30742397847129	4.46878347822677	3.16135949975548
981	0	0	0	0.1	0.105672207606561	0.0779532133100034	-0.0476595233201079	0.251018629235739	0.298678152555846	0	0	0	0.2	0.251327302735487	0.169707520839207	-0.0811217228555144	0.58439241455976	0.665514137415275	0	0	1	0.1	0.244467571671146	0.104375366538776	0.0625742132559872	0.455280331847262	0.392706118591275	0	0	1	0.2	0.630402816641509	0.246871805155588	0.211215743074451	1.16318723115695	0.951971488082498	0	0	2	0.1	0.575495218550286	0.173746302288742	0.284021529832691	0.969411459854232	0.685389930021541	0	0	2	0.2	1.2504472342794	0.356663555368657	0.629156389825014	2.04960829864176	1.42045190881675	0	0	3	0.1	0.848392410617293	0.24680484115524	0.44320655130649	1.39285349640166	0.949646945095168	0	0	3	0.2	1.69110204431379	0.471783490277391	0.888879239435855	2.69717081730769	1.80829157787184
993	0	0	0	0.1	0.123567020610674	0.0821265865669107	-0.0218743338341693	0.292970500000699	0.314844833834868	0	0	0	0.2	0.332591449832131	0.24962789069339	-0.117664049079091	0.882543652313807	1.0002077013929	0	0	1	0.1	0.288178284356187	0.227046064485778	-0.0875680611123543	0.783043417562005	0.870611478674359	0	0	1	0.2	0.96901699580116	0.575578089421973	0.0133443496345621	2.22758199692231	2.21423764728775	0	0	2	0.1	0.843060259833871	0.376659114956371	0.23174567318015	1.65017974148483	1.41843406830468	0	0	2	0.2	1.64183671914806	0.640280317161111	0.552443253145442	2.93586069703017	2.38341744388472	0	0	3	0.1	1.22180933267587	0.485776625180867	0.463759999505411	2.26885593609632	1.80509593659091	0	0	3	0.2	2.12457915800593	0.735947295090428	0.880838695379479	3.63778270169275	2.75694400631327
956	0	0	0	0.1	0.38199904810752	0.111738737014228	0.179914867738092	0.62729750880207	0.447382641063978	0	0	0	0.2	0.575838572068178	0.246318617884163	0.0954877516110617	1.09144272698719	0.995954975376127	0	0	1	0.1	-0.102768412365619	0.263601646129049	-0.708092177749593	0.296123324960491	1.00421550271008	0	0	1	0.2	-0.636988181130161	0.738284567781694	-2.45373714257276	0.410517001505104	2.86425414407787	0	0	2	0.1	-0.479605135164923	0.343424839523753	-1.25808005246667	0.0790052678473525	1.33708532031402	0	0	2	0.2	-1.29949790641741	0.830516569978765	-3.13122573972756	0.0632078477689463	3.19443358749651	0	0	3	0.1	-0.542705081793338	0.354101909240218	-1.31594647157109	0.0621226384335892	1.37806911000468	0	0	3	0.2	-1.23848080747157	0.826320911214805	-3.04790618864366	0.145865946819368	3.19377213546303
1000	0	0	0	0.1	0.0656058482549727	0.0712448844045553	-0.0735648936131912	0.21274477677215	0.286309670385341	0	0	0	0.2	0.171850019885714	0.246782807275743	-0.262689104632654	0.739883444544375	1.00257254917703	0	0	1	0.1	0.281545803473654	0.289030444882325	-0.145078809160868	0.949745115455376	1.09482392461624	0	0	1	0.2	1.19134005064976	0.751064955122463	-0.0632672456664718	2.79017574998419	2.85344299565066	0	0	2	0.1	1.05650331826135	0.501047500200972	0.261859772390411	2.2122513704335	1.95039159804309	0	0	2	0.2	2.07702023163827	0.805266297293286	0.693189557770354	3.78076404536191	3.08757448759156	0	0	3	0.1	1.29393357863217	0.533892247476148	0.449717946283102	2.47660144726422	2.02688350098112	0	0	3	0.2	2.29892424428052	0.86809777909162	0.847497023571285	4.13112346356468	3.2836264399934
966	0	0	0	0.1	0.256736035836607	0.09932111001664	0.085836477007676	0.48259670634067	0.396760229332994	0	0	0	0.2	0.773671155240484	0.365403069279731	0.219685294801327	1.71249006477524	1.49280476997391	0	0	1	0.1	0.705555914855012	0.278899697324267	0.275087136027174	1.38434276418537	1.1092556281582	0	0	1	0.2	2.04341605205068	0.61678031195571	1.03155354112057	3.44895954616299	2.41740600504242	0	0	2	0.1	1.71589966453071	0.486572987810396	0.902497200715251	2.8239349516519	1.92143775093665	0	0	2	0.2	3.09340878741999	0.725920629758848	1.81205193084339	4.67368888147364	2.86163695063025	0	0	3	0.1	2.41503631861162	0.640417229201947	1.306290510601	3.79871944464948	2.49242893404848	0	0	3	0.2	3.90884931210791	0.911645461687921	2.29721536268004	5.86131690692447	3.56410154424443
954	0	0	0	0.1	-0.139799454449612	0.107491867497706	-0.379528736745778	0.0313852223236734	0.410913959069451	0	0	0	0.2	-0.446504085973578	0.260687463123259	-1.01434237673782	0.00141846308691474	1.01576083982474	0	0	1	0.1	-0.0911666677411975	0.167236393951514	-0.449580278329121	0.207960249536037	0.657540527865158	0	0	1	0.2	0.0912900588120695	0.355468315453562	-0.608364452349995	0.791322876532066	1.39968732888206	0	0	2	0.1	0.341641730946998	0.227030969645823	-0.108339294762944	0.797143158888819	0.905482453651763	0	0	2	0.2	0.741685212075329	0.419334774479367	-0.0957174429627633	1.55840632669416	1.65412376965692	0	0	3	0.1	0.537968812383429	0.261063771984778	0.0424859233062879	1.06330604909687	1.02082012579058	0	0	3	0.2	1.01784894576516	0.467332579027766	0.120709901564226	1.95633318137747	1.83562327981325
998	0	0	0	0.1	0.0330815237551811	0.10794734029408	-0.17005327669358	0.24627011763364	0.41632339432722	0	0	0	0.2	0.00456207183533446	0.218359656004429	-0.44225073394865	0.41897453536017	0.86122526930882	0	0	1	0.1	0.0459077088022189	0.128637460488219	-0.20028310068957	0.298859195533613	0.499142296223182	0	0	1	0.2	0.165261712878401	0.293053689223992	-0.3945784835048	0.764426496319241	1.15900497982404	0	0	2	0.1	0.310535751826767	0.201807861268588	-0.0335962283573928	0.734156535715416	0.767752764072809	0	0	2	0.2	0.779662820332795	0.489716197664896	0.00550016376690203	1.95272374034167	1.94722357657477	0	0	3	0.1	0.633809247342932	0.329578739872607	0.150834189806432	1.40202938240503	1.25119519259859	0	0	3	0.2	1.36592545605847	0.674462711963719	0.371020359026591	2.97441276660912	2.60339240758253
950	0	0	0	0.1	0.11953150181979	0.0801277807393841	-0.0270111902356025	0.277577354020155	0.304588544255757	0	0	0	0.2	0.246912602232516	0.161310814528052	-0.0605357247125766	0.563346768766381	0.623882493478958	0	0	1	0.1	0.243027133696114	0.103065238259001	0.0406448047813709	0.450098826600051	0.40945402181868	0	0	1	0.2	0.469446079550491	0.221898813678564	0.0123479963824813	0.904440340832603	0.892092344450122	0	0	2	0.1	0.394077713173793	0.159719205333567	0.0968908501391173	0.725125258967898	0.628234408828781	0	0	2	0.2	0.771764226994923	0.332227146215375	0.144238145040328	1.45560401218595	1.31136586714562	0	0	3	0.1	0.537406035039298	0.221613369658717	0.13649724288498	1.00348436739726	0.866987124512279	0	0	3	0.2	1.03732615454192	0.438720772755621	0.252967315571632	1.95250003097312	1.69953271540149
967	0	0	0	0.1	0.0195415235524144	0.0830166292149351	-0.151888305891881	0.173101215985967	0.324989521877848	0	0	0	0.2	0.0890216780433644	0.151876244393878	-0.224034150727655	0.385035753512448	0.609069904240103	0	0	1	0.1	0.233931886089503	0.129437990365575	0.00381479746058486	0.516856486029432	0.513041688568847	0	0	1	0.2	0.694544492767191	0.340938669847251	0.123657127810936	1.45135621589235	1.32769908808141	0	0	2	0.1	0.645995700494702	0.275692423683728	0.215892138473165	1.27522447956357	1.05933234109041	0	0	2	0.2	1.46193200203657	0.537497379323241	0.548665428565136	2.59990903406557	2.05124360550044	0	0	3	0.1	1.00406809249348	0.422018770178671	0.337477421353062	1.9788867618947	1.64140934054164	0	0	3	0.2	1.96703225337628	0.679217969845453	0.780164665819621	3.4353551659979	2.65519050017828
999	0	0	0	0.1	0.145765404542193	0.08388028333702	-0.0152896553694686	0.315517441233161	0.33080709660263	0	0	0	0.2	0.472257868824179	0.226406477478649	0.0906188289469609	0.985886921015231	0.89526809206827	0	0	1	0.1	0.515435594833699	0.188505732826615	0.223306365303661	0.934960061020891	0.71165369571723	0	0	1	0.2	1.42190976201569	0.579447595592636	0.597306326545089	2.73336393455027	2.13605760800519	0	0	2	0.1	1.03564699208522	0.417066710120764	0.44095845441341	2.03030215954539	1.58934370513198	0	0	2	0.2	2.36441132672809	0.981476912353605	0.967957921459605	4.72780218153713	3.75984426007752	0	0	3	0.1	1.5256259775452	0.692887214575839	0.580353688450986	3.17211942384384	2.59176573539286	0	0	3	0.2	3.12843641572467	1.43930163283523	1.1548546261066	6.5166146997953	5.3617600736887
959	0	0	0	0.1	-0.00395202735950835	0.101875308037345	-0.217977281490899	0.186536316012118	0.404513597503016	0	0	0	0.2	-0.0542121972929385	0.231196485185014	-0.512577016448871	0.412632279057298	0.925209295506168	0	0	1	0.1	0.0504456715049453	0.144606084647636	-0.214478018065646	0.360948416008632	0.575426434074278	0	0	1	0.2	0.347664607018881	0.358995724819297	-0.235786425035681	1.15226804795254	1.38805447298822	0	0	2	0.1	0.51819733633575	0.258204182847886	0.14431932058113	1.122750501788	0.978431181206868	0	0	2	0.2	1.20824249154373	0.529102412079497	0.426533609339756	2.50815882351673	2.08162521417698	0	0	3	0.1	0.950767295531849	0.395370271846954	0.415664146533476	1.94737973288103	1.53171558634756	0	0	3	0.2	1.86251708962878	0.687931467953859	0.825301268134468	3.46733126360389	2.64202999546943
995	0	0	0	0.1	0.0940755160767315	0.0570684132602932	-0.0170855239521188	0.201031017606881	0.218116541559	0	0	0	0.2	0.317309991791711	0.190303898654731	-0.0176743529557007	0.743378577774369	0.76105293073007	0	0	1	0.1	0.474729936487442	0.189281744113592	0.154723270418288	0.895697650186823	0.740974379768535	0	0	1	0.2	1.31463188210225	0.441453591592073	0.554456967621604	2.26814124513569	1.71368427751408	0	0	2	0.1	0.953998347350631	0.283226541644394	0.486680317543692	1.58142125038876	1.09474093284506	0	0	2	0.2	1.8957423016952	0.518168029506691	0.997635318890223	3.06377650508438	2.06614118619415	0	0	3	0.1	1.16252186784618	0.352523611316228	0.569084139862637	1.96114816249631	1.39206402263367	0	0	3	0.2	2.14677872967717	0.604445907864169	1.12866321086613	3.55575090202091	2.42708769115478
957	0	0	0	0.1	0.0839684777839858	0.0593707295883174	-0.0280273001113927	0.200659116959267	0.22868641707066	0	0	0	0.2	0.192921981185415	0.128263403624777	-0.0431413034171624	0.461027163880816	0.504168467297978	0	0	1	0.1	0.21666347573916	0.0960935222089107	0.0470766658902024	0.420864148528282	0.37378748263808	0	0	1	0.2	0.558490603645177	0.259078163138836	0.115611777365634	1.15126767272031	1.03565589535468	0	0	2	0.1	0.487758298874845	0.206397726856934	0.158612352930133	0.96668816630942	0.808075813379287	0	0	2	0.2	1.15441830708936	0.503220679444408	0.341611691986631	2.25664875864904	1.91503706666241	0	0	3	0.1	0.759934266088528	0.345707854545596	0.204500060632323	1.54051421976814	1.33601415913582	0	0	3	0.2	1.65380191835605	0.735856755812828	0.444634166494507	3.19658413420337	2.75194996770886
996	0	0	0	0.1	0.0750611366192335	0.0600547780352483	-0.0407679471830317	0.194954416187501	0.235722363370532	0	0	0	0.2	0.0694977822178559	0.172140982126436	-0.313088548545904	0.404012466665259	0.717101015211163	0	0	1	0.1	-0.0412767593903512	0.175522413275995	-0.474563206448623	0.234364204033092	0.708927410481715	0	0	1	0.2	-0.155602671306567	0.441172613128644	-1.10069786070464	0.624878283661101	1.72557614436574	0	0	2	0.1	0.130409282047616	0.247592723422331	-0.377063736729014	0.621980904805903	0.999044641534917	0	0	2	0.2	0.449002714820852	0.517164339172719	-0.490634505966854	1.5464845927855	2.03711909875235	0	0	3	0.1	0.450077874862694	0.331316373537405	-0.154600746281713	1.17531882340219	1.3299195696839	0	0	3	0.2	0.923327458410245	0.620237987648341	-0.230800920945438	2.26795047198045	2.49875139292589
969	0	0	0	0.1	0.0250515742497237	0.0678512574368207	-0.123708228071365	0.147079290255258	0.270787518326623	0	0	0	0.2	0.0375158880022036	0.164827317667773	-0.288972681163708	0.364568942788189	0.653541623951898	0	0	1	0.1	0.10824569327555	0.13087152492207	-0.147687566686202	0.376717624262653	0.524405190948855	0	0	1	0.2	0.351278895489819	0.35150876162395	-0.267737509253687	1.13074416756255	1.39848167681624	0	0	2	0.1	0.383258382118135	0.225064820431904	0.0155210367271069	0.935739667034746	0.920218630307639	0	0	2	0.2	0.892612201529591	0.488726658754633	0.100952758323215	2.07661393973931	1.9756611814161	0	0	3	0.1	0.609727934350358	0.304211466435597	0.120758816883254	1.34098908608941	1.22023026920616	0	0	3	0.2	1.23553673663424	0.59506254669053	0.275065529863405	2.66678712834586	2.39172159848246
960	0	0	0	0.1	0.0215796825278089	0.0723049021557965	-0.123783931187862	0.15545928457085	0.279243215758712	0	0	0	0.2	0.0275820688448134	0.171106373462044	-0.303083565065841	0.358541494867211	0.661625059933052	0	0	1	0.1	0.11172250660313	0.148552541733743	-0.193548887138912	0.401536207550844	0.595085094689756	0	0	1	0.2	0.654454012435449	0.411111659782537	-0.069748135664184	1.51606370224645	1.58581183791064	0	0	2	0.1	0.916848719742199	0.352353254431432	0.340663103497132	1.75213353804721	1.41147043455008	0	0	2	0.2	2.30045654403481	0.698166631434821	0.992298026300746	3.76535428350314	2.7730562572024	0	0	3	0.1	1.80634260919083	0.572683099961914	0.790208280590904	3.07442680463539	2.28421852404449	0	0	3	0.2	3.46990019968854	0.920442694744185	1.65251782377584	5.42678762262858	3.77426979885274
990	0	0	0	0.1	0.186935366506827	0.142379384705156	-0.0907124759538926	0.480832612823123	0.571545088777016	0	0	0	0.2	0.353887416420379	0.277555084865945	-0.176295360674693	0.932584942137684	1.10888030281238	0	0	1	0.1	0.242832830052945	0.15553302542032	-0.0615716299665372	0.542498905461214	0.604070535427752	0	0	1	0.2	0.609865282759991	0.319389249152746	0.0036736272962457	1.24679087028895	1.24311724299271	0	0	2	0.1	0.572982879932916	0.199465667586698	0.212538566599798	0.978328790537625	0.765790223937827	0	0	2	0.2	1.2391856803379	0.413557591684972	0.518925405421859	2.03227390922937	1.51334850380751	0	0	3	0.1	0.862527223936977	0.278962829736979	0.387705278998345	1.47622654108989	1.08852126209155	0	0	3	0.2	1.72293218810676	0.563857936841694	0.749422580443738	2.91743485542151	2.16801227497777
952	0	0	0	0.1	-0.0278680415335358	0.111887256825485	-0.258987862556579	0.188880072631847	0.447867935188426	0	0	0	0.2	0.108111786602248	0.296526389602379	-0.446971380577564	0.744511720936196	1.19148310151376	0	0	1	0.1	0.313152293969536	0.259675303335381	-0.101061577398229	0.906265154386347	1.00732673178458	0	0	1	0.2	1.01857151298888	0.62994595885039	-0.00362164485929174	2.54174214013757	2.54536378499686	0	0	2	0.1	0.751895907448098	0.416392397804189	0.108403923744244	1.73254374462635	1.62413982088211	0	0	2	0.2	1.51343016670837	0.747442188886006	0.29461374555249	3.2073233529112	2.91270960735871	0	0	3	0.1	0.904222254632326	0.484561357335974	0.162848481426031	1.97272319339728	1.80987471197125	0	0	3	0.2	1.70400953457283	0.826941813212686	0.33712480982543	3.66299655323287	3.32587174340744
983	0	0	0	0.1	0.117987917342319	0.066515063171255	-0.0152157084711636	0.251826625109901	0.267042333581064	0	0	0	0.2	0.319665861047269	0.201723792412185	-0.0355117043982777	0.738650066827705	0.774161771225982	0	0	1	0.1	0.385431447394579	0.284454783952121	-0.109876397247964	1.00949993175598	1.11937632900395	0	0	1	0.2	1.28513403027562	0.834266708127943	-0.0913617604220577	2.94974424523165	3.04110600565371	0	0	2	0.1	1.0469006404598	0.610836233499502	0.0837359691237475	2.38900603645457	2.30527006733082	0	0	2	0.2	2.01324327505157	1.0246364049821	0.232975552096281	4.14052192504982	3.90754637295354	0	0	3	0.1	1.39582401386453	0.708932588751813	0.266588353872174	2.97041605552224	2.70382770165006	0	0	3	0.2	2.35288279515115	1.07239608214701	0.567307335459668	4.61302028046178	4.04571294500211
985	0	0	0	0.1	0.0518381126095758	0.10419570634822	-0.155735873289106	0.234843592619802	0.390579465908908	0	0	0	0.2	0.152765516554835	0.293812193373942	-0.423754779244896	0.704608329650126	1.12836310889502	0	0	1	0.1	0.261747557336356	0.200780089459496	-0.109808385190449	0.673255204837329	0.783063590027778	0	0	1	0.2	0.828158476868141	0.505714988830833	-0.064252048505467	1.86727623226604	1.93152828077151	0	0	2	0.1	0.859639287699861	0.356987019708831	0.262890092757993	1.60529580986935	1.34240571711135	0	0	2	0.2	1.7144243961127	0.614233953433645	0.597387643945236	2.97138384452897	2.37399620058373	0	0	3	0.1	1.36537471156616	0.460934376787902	0.537504608444048	2.34461223765646	1.80710762921241	0	0	3	0.2	2.33748498648078	0.70199545027821	1.01368731877654	3.85334317081066	2.83965585203413
997	0	0	0	0.1	0.163049063098558	0.084087307209223	0.00571700405959556	0.329726285253047	0.324009281193451	0	0	0	0.2	0.375810279803448	0.213254256329013	-0.0458299750071182	0.815867821045071	0.861697796052189	0	0	1	0.1	0.19425358219857	0.144595568464951	-0.124947527622437	0.456501678948279	0.581449206570716	0	0	1	0.2	0.578781475477639	0.374883797542661	-0.177674120753687	1.27552802430126	1.45320214505495	0	0	2	0.1	0.621683054643074	0.233769727653446	0.174426723649386	1.08655842441701	0.912131700767628	0	0	2	0.2	1.36383195460969	0.457663143681469	0.4768885619172	2.25299138381028	1.77610282189308	0	0	3	0.1	1.1876500392815	0.351287425604339	0.563441723748265	1.90564234348581	1.34220061973754	0	0	3	0.2	2.02289763096468	0.549981494631781	0.999852511421803	3.10908780661878	2.10923529519698
989	0	0	0	0.1	0.0214049667579815	0.0817933960593733	-0.140081706200199	0.18655927042784	0.326640976628038	0	0	0	0.2	-0.00559213911053691	0.165122293781094	-0.334181225132957	0.315876652066067	0.650057877199024	0	0	1	0.1	0.00161599585894774	0.0983866238671786	-0.201823200067854	0.191658753828721	0.393481953896575	0	0	1	0.2	0.0344324002754335	0.223670764231042	-0.402639438422357	0.461845959531744	0.864485397954101	0	0	2	0.1	0.151765327385972	0.142495278714234	-0.101295846269314	0.456237045692762	0.557532891962076	0	0	2	0.2	0.421066716938861	0.341683527957122	-0.134062141075187	1.27400119435971	1.40806333543489	0	0	3	0.1	0.356547844672438	0.212292450189539	0.034662234789804	0.910211007088856	0.875548772299052	0	0	3	0.2	0.886639655917443	0.526782833296887	0.116824931669571	2.36106809379896	2.24424316212939
970	0	0	0	0.1	0.0300496445779661	0.0660917006292129	-0.101773028464533	0.15151244233742	0.253285470801953	0	0	0	0.2	0.0287113666223299	0.134181496230999	-0.246352319258672	0.282676223681897	0.529028542940569	0	0	1	0.1	0.0645445096221448	0.0759957600822392	-0.0854339601201662	0.213475870473737	0.298909830593903	0	0	1	0.2	0.201148271128985	0.175556340727681	-0.127950483941338	0.571256525635935	0.699207009577273	0	0	2	0.1	0.369936524535058	0.143573885480061	0.123182087129521	0.686381409488398	0.563199322358877	0	0	2	0.2	0.896067704594635	0.339415360247259	0.33477326495628	1.66014254246419	1.32536927750791	0	0	3	0.1	0.737705633236088	0.261062949221138	0.325388208511488	1.33379319726166	1.00840498875017	0	0	3	0.2	1.50495532449336	0.496458516983831	0.65813571407403	2.59883928118143	1.9407035671074
965	0	0	0	0.1	-5.70857021328158e-05	0.0742986680571873	-0.141627797908728	0.146103716229634	0.287731514138361	0	0	0	0.2	-0.0120217662061459	0.147971870567434	-0.301911671444367	0.267431078052748	0.569342749497115	0	0	1	0.1	0.025686731139308	0.082138022702012	-0.134564939537205	0.191675547757821	0.326240487295026	0	0	1	0.2	0.0658122545373144	0.186503473025282	-0.278144261760614	0.446204816764039	0.724349078524653	0	0	2	0.1	0.12336719566859	0.143434022038374	-0.143281528812366	0.412007912274169	0.555289441086535	0	0	2	0.2	0.267919532709242	0.317630741676791	-0.316283827310645	0.917280126697072	1.23356395400772	0	0	3	0.1	0.216571093357844	0.21890930618391	-0.181583168042472	0.636602518093424	0.818185686135896	0	0	3	0.2	0.432108794801872	0.459797668333146	-0.425592630584141	1.33868390561178	1.76427653619592
